,blockID,trialNumber,triggerName,timestamp_sys,timestamp_psyc,triggerSent_Serial00
0,pract,-1,StartPractice,1765548712.5491254,607.2669744491577,False
1,pract,0,startFixDisplay,1765548712.5607147,607.2785682678223,False
2,pract,0,startFixPeriod,1765548712.7548232,607.4726738929749,False
3,pract,0,TargetPresentation,1765548714.2326758,608.950525522232,False
4,pract,0,TargetRemoval,1765548714.3436852,609.0615365505219,True
5,pract,0,TargetReappeared,1765548714.5935628,609.3114125728607,False
6,pract,0,LeftResponse,1765548715.0034325,609.7212836742401,False
7,pract,0,FeedbackPeriodStarted,1765548715.0167377,609.7345869541168,False
8,pract,1,startFixDisplay,1765548715.5232844,610.2411367893219,False
9,pract,1,startFixPeriod,1765548715.898157,610.616005897522,False
10,pract,1,TargetPresentation,1765548716.8072493,611.5251035690308,False
11,pract,1,TargetDisplacement,1765548716.918214,611.6360657215118,True
12,pract,1,FeedbackPeriodStarted,1765548718.9234824,613.641331911087,False
13,pract,2,startFixDisplay,1765548719.4299886,614.1478400230408,False
14,pract,2,startFixPeriod,1765548719.7983606,614.5162110328674,False
15,pract,2,TargetPresentation,1765548720.908172,615.6260235309601,False
16,pract,2,TargetRemoval,1765548721.0191345,615.7369859218597,True
17,pract,2,TargetReappeared,1765548721.2689774,615.9868292808533,False
18,pract,2,LeftResponse,1765548721.8867579,616.604608297348,False
19,pract,2,FeedbackPeriodStarted,1765548721.8933957,616.6112463474274,False
20,pract,3,startFixDisplay,1765548722.3999145,617.1177670955658,False
21,pract,3,startFixPeriod,1765548722.7678952,617.4857473373413,False
22,pract,3,TargetPresentation,1765548723.3297622,618.0476138591766,False
23,pract,3,TargetDisplacement,1765548723.461594,618.1794428825378,True
24,pract,3,RightResponse,1765548724.4057057,619.1235554218292,False
25,pract,3,FeedbackPeriodStarted,1765548724.412304,619.1301529407501,False
26,pract,4,startFixDisplay,1765548724.9186528,619.636501789093,False
27,pract,4,startFixPeriod,1765548725.2589605,619.9768123626709,False
28,pract,4,TargetPresentation,1765548725.7862017,620.5040531158447,False
29,pract,4,TargetDisplacement,1765548725.8902462,620.6080975532532,True
30,pract,4,FeedbackPeriodStarted,1765548727.9025245,622.6203737258911,False
31,pract,5,startFixDisplay,1765548728.409104,623.1269557476044,False
32,pract,5,startFixPeriod,1765548728.6313136,623.3491654396057,False
33,pract,5,TargetPresentation,1765548729.7415159,624.4593651294708,False
34,pract,5,TargetDisplacement,1765548729.8595026,624.5773541927338,True
35,pract,5,RightResponse,1765548730.720307,625.4381585121155,False
36,pract,5,FeedbackPeriodStarted,1765548730.7336476,625.4514970779419,False
37,pract,6,startFixDisplay,1765548731.2402573,625.9581084251404,False
38,pract,6,startFixPeriod,1765548731.2471893,625.9650404453278,False
39,pract,6,TargetPresentation,1765548732.2118654,626.929714679718,False
40,pract,6,TargetRemoval,1765548732.2465343,626.9643836021423,True
41,pract,6,TargetReappeared,1765548732.4964123,627.214263677597,False
42,pract,6,LeftResponse,1765548733.010011,627.7278609275818,False
43,pract,6,FeedbackPeriodStarted,1765548733.0168056,627.7346575260162,False
44,pract,7,startFixDisplay,1765548733.523197,628.2410490512848,False
45,pract,7,startFixPeriod,1765548733.7800875,628.497939825058,False
46,pract,7,TargetPresentation,1765548734.9666286,629.6844780445099,False
47,pract,7,TargetDisplacement,1765548735.0705118,629.7883605957031,True
48,pract,7,LeftResponse,1765548735.99399,630.7118411064148,False
49,pract,7,FeedbackPeriodStarted,1765548736.0005648,630.7184138298035,False
50,pract,8,startFixDisplay,1765548736.5068872,631.2247364521027,False
51,pract,8,startFixPeriod,1765548736.7431579,631.461008310318,False
52,pract,8,TargetPresentation,1765548738.1586645,632.8765149116516,False
53,pract,8,TargetRemoval,1765548738.276481,632.9943299293518,True
54,pract,8,TargetReappeared,1765548738.526374,633.2442259788513,False
55,pract,8,RightResponse,1765548739.1305223,633.848372220993,False
56,pract,8,FeedbackPeriodStarted,1765548739.1368918,633.8547434806824,False
57,pract,9,startFixDisplay,1765548739.6434114,634.3612632751465,False
58,pract,9,startFixPeriod,1765548739.8795161,634.5973675251007,False
59,pract,9,TargetPresentation,1765548741.246404,635.9642550945282,False
60,pract,9,TargetDisplacement,1765548741.3644614,636.0823128223419,True
61,pract,9,RightResponse,1765548742.1766446,636.8944952487946,False
62,pract,9,FeedbackPeriodStarted,1765548742.1831331,636.9009847640991,False
63,pract,10,startFixDisplay,1765548742.6895578,637.4074070453644,False
64,pract,10,startFixPeriod,1765548742.6965785,637.414427280426,False
65,pract,10,TargetPresentation,1765548743.2242525,637.942104101181,False
66,pract,10,TargetRemoval,1765548743.3419595,638.0598106384277,True
67,pract,10,TargetReappeared,1765548743.591924,638.3097743988037,False
68,pract,10,LeftResponse,1765548744.1473906,638.8652415275574,False
69,pract,10,FeedbackPeriodStarted,1765548744.1609178,638.8787696361542,False
70,pract,11,startFixDisplay,1765548744.6672776,639.3851289749146,False
71,pract,11,startFixPeriod,1765548744.8617182,639.5795702934265,False
72,pract,11,TargetPresentation,1765548745.5348525,640.2527043819427,False
73,pract,11,TargetRemoval,1765548745.6458166,640.3636679649353,True
74,pract,11,TargetReappeared,1765548745.8956113,640.6134614944458,False
75,pract,11,RightResponse,1765548746.340162,641.0580134391785,False
76,pract,11,FeedbackPeriodStarted,1765548746.3605263,641.078375339508,False
77,pract,12,startFixDisplay,1765548746.866956,641.5848078727722,False
78,pract,12,startFixPeriod,1765548747.054489,641.7723398208618,False
79,pract,12,TargetPresentation,1765548748.4076262,643.125476360321,False
80,pract,12,TargetRemoval,1765548748.5185902,643.2364418506622,True
81,pract,12,TargetReappeared,1765548748.7684684,643.4863188266754,False
82,pract,12,LeftResponse,1765548749.2195523,643.9374012947083,False
83,pract,12,FeedbackPeriodStarted,1765548749.2332647,643.9511270523071,False
84,pract,13,startFixDisplay,1765548749.7396944,644.4575436115265,False
85,pract,13,startFixPeriod,1765548749.9828022,644.7006540298462,False
86,pract,13,TargetPresentation,1765548750.5934193,645.3112709522247,False
87,pract,13,TargetDisplacement,1765548750.711193,645.4290418624878,True
88,pract,13,RightResponse,1765548751.5582383,646.2760879993439,False
89,pract,13,FeedbackPeriodStarted,1765548751.5649362,646.2827880382538,False
90,pract,14,startFixDisplay,1765548752.071284,646.7891359329224,False
91,pract,14,startFixPeriod,1765548752.2379825,646.9558343887329,False
92,pract,14,TargetPresentation,1765548753.4801605,648.1980135440826,False
93,pract,14,TargetDisplacement,1765548753.6048107,648.3226618766785,True
94,pract,14,RightResponse,1765548754.2504437,648.9682927131653,False
95,pract,14,FeedbackPeriodStarted,1765548754.2640803,648.9819321632385,False
96,pract,15,startFixDisplay,1765548754.7705405,649.4883897304535,False
97,pract,15,startFixPeriod,1765548755.0066662,649.7245166301727,False
98,pract,15,TargetPresentation,1765548755.756107,650.4739594459534,False
99,pract,15,TargetRemoval,1765548755.7630265,650.4808778762817,True
100,pract,15,TargetReappeared,1765548756.012826,650.7306778430939,False
101,pract,15,LeftResponse,1765548756.5611608,651.2790100574493,False
102,pract,15,FeedbackPeriodStarted,1765548756.5747786,651.2926309108734,False
103,pract,-1,EndPractice,1765548757.0686128,651.7864620685577,False
104,0,0,startFixDisplay,1765548767.3509586,662.0688073635101,False
105,0,0,startFixPeriod,1765548767.5664036,662.2842555046082,False
106,0,0,TargetPresentation,1765548768.8154066,663.533257484436,False
107,0,0,TargetDisplacement,1765548768.82234,663.5401918888092,True
108,0,0,RightResponse,1765548769.599741,664.3175919055939,False
109,0,1,FeedbackPeriodStarted,1765548769.6132987,664.3311479091644,False
110,0,1,startFixDisplay,1765548769.613367,664.3312156200409,False
111,0,1,startFixPeriod,1765548769.7522402,664.4701051712036,False
112,0,1,TargetPresentation,1765548770.7445421,665.4623939990997,False
113,0,1,TargetDisplacement,1765548770.8622515,665.5801031589508,True
114,0,1,LeftResponse,1765548771.7856355,666.5034873485565,False
115,0,2,FeedbackPeriodStarted,1765548771.8060303,666.5238823890686,False
116,0,2,startFixDisplay,1765548771.8062294,666.5240797996521,False
117,0,2,startFixPeriod,1765548771.9518936,666.6697452068329,False
118,0,2,TargetPresentation,1765548773.1732333,667.8910853862762,False
119,0,2,TargetDisplacement,1765548773.2840366,668.0018885135651,True
120,0,2,LeftResponse,1765548774.1936102,668.9114623069763,False
121,0,3,FeedbackPeriodStarted,1765548774.206804,668.9246535301208,False
122,0,3,startFixDisplay,1765548774.2069361,668.9247858524323,False
123,0,3,startFixPeriod,1765548774.345893,669.06374335289,False
124,0,3,TargetPresentation,1765548774.9843152,669.7021670341492,False
125,0,3,TargetDisplacement,1765548775.102039,669.8198907375336,True
126,0,3,RightResponse,1765548776.1430678,670.8609178066254,False
127,0,4,FeedbackPeriodStarted,1765548776.156683,670.8745322227478,False
128,0,4,startFixDisplay,1765548776.1567473,670.8745958805084,False
129,0,4,startFixPeriod,1765548776.2955976,671.0134468078613,False
130,0,4,TargetPresentation,1765548777.627928,672.3457782268524,False
131,0,4,TargetRemoval,1765548777.745793,672.4636442661285,True
132,0,4,TargetReappeared,1765548777.995766,672.7136158943176,False
133,0,4,RightResponse,1765548778.5235872,673.2414391040802,False
134,0,5,FeedbackPeriodStarted,1765548778.536801,673.2546501159668,False
135,0,5,startFixDisplay,1765548778.5368657,673.2547142505646,False
136,0,5,startFixPeriod,1765548778.67589,673.3937418460846,False
137,0,5,TargetPresentation,1765548779.223982,673.9418334960938,False
138,0,5,TargetDisplacement,1765548779.2307274,673.9485764503479,True
139,0,5,LeftResponse,1765548780.3206398,675.0384907722473,False
140,0,6,FeedbackPeriodStarted,1765548780.3410702,675.058923959732,False
141,0,6,startFixDisplay,1765548780.3412292,675.0590798854828,False
142,0,6,startFixPeriod,1765548780.486898,675.2047500610352,False
143,0,6,TargetPresentation,1765548781.0212655,675.7391197681427,False
144,0,6,TargetRemoval,1765548781.1320744,675.849925994873,True
145,0,6,TargetReappeared,1765548781.38203,676.0998821258545,False
146,0,6,RightResponse,1765548781.8679855,676.585836648941,False
147,0,6,FeedbackPeriodStarted,1765548781.8816054,676.5994572639465,False
148,0,7,startFixDisplay,1765548783.8869698,678.604822397232,False
149,0,7,startFixPeriod,1765548784.3657472,679.0835990905762,False
150,0,7,TargetPresentation,1765548785.13597,679.8538196086884,False
151,0,7,TargetRemoval,1765548785.253858,679.9717094898224,True
152,0,7,TargetReappeared,1765548785.5038207,680.2216711044312,False
153,0,7,LeftResponse,1765548785.9689806,680.6868305206299,False
154,0,8,FeedbackPeriodStarted,1765548785.9895551,680.7074043750763,False
155,0,8,startFixDisplay,1765548785.989623,680.7074716091156,False
156,0,8,startFixPeriod,1765548786.1143615,680.8322131633759,False
157,0,8,TargetPresentation,1765548787.1900337,681.9078855514526,False
158,0,8,TargetDisplacement,1765548787.293938,682.011789560318,True
159,0,8,LeftResponse,1765548788.2657335,682.9835824966431,False
160,0,9,FeedbackPeriodStarted,1765548788.2794142,682.997266292572,False
161,0,9,startFixDisplay,1765548788.2795606,682.997410774231,False
162,0,9,startFixPeriod,1765548788.4043643,683.1222162246704,False
163,0,9,TargetPresentation,1765548789.604801,684.3226504325867,False
164,0,9,TargetRemoval,1765548789.7295434,684.4473948478699,True
165,0,9,TargetReappeared,1765548789.97952,684.6973721981049,False
166,0,9,RightResponse,1765548790.4169607,685.1348116397858,False
167,0,10,FeedbackPeriodStarted,1765548790.4373896,685.1552386283875,False
168,0,10,startFixDisplay,1765548790.4374535,685.1553020477295,False
169,0,10,startFixPeriod,1765548790.5693536,685.2872054576874,False
170,0,10,TargetPresentation,1765548791.7351308,686.4529829025269,False
171,0,10,TargetDisplacement,1765548791.8528073,686.5706560611725,True
172,0,10,RightResponse,1765548792.6580715,687.3759217262268,False
173,0,11,FeedbackPeriodStarted,1765548792.6787431,687.3965926170349,False
174,0,11,startFixDisplay,1765548792.6788673,687.3967163562775,False
175,0,11,startFixPeriod,1765548792.8175862,687.5354363918304,False
176,0,11,TargetPresentation,1765548794.1497781,688.867627620697,False
177,0,11,TargetDisplacement,1765548794.274578,688.9924268722534,True
178,0,11,LeftResponse,1765548795.267184,689.9850332736969,False
179,0,12,FeedbackPeriodStarted,1765548795.2808669,689.9987187385559,False
180,0,12,startFixDisplay,1765548795.2810156,689.9988663196564,False
181,0,12,startFixPeriod,1765548795.4266324,690.1444823741913,False
182,0,12,TargetPresentation,1765548796.2316155,690.9494647979736,False
183,0,12,TargetDisplacement,1765548796.3494334,691.067284822464,True
184,0,12,RightResponse,1765548797.5782166,692.2960705757141,False
185,0,12,FeedbackPeriodStarted,1765548797.5916739,692.3095259666443,False
186,0,13,startFixDisplay,1765548799.5968978,694.3147468566895,False
187,0,13,startFixPeriod,1765548799.8815048,694.5993566513062,False
188,0,13,TargetPresentation,1765548800.4435518,695.1614017486572,False
189,0,13,TargetRemoval,1765548800.5615332,695.2793848514557,True
190,0,13,TargetReappeared,1765548800.8112757,695.5291273593903,False
191,0,13,LeftResponse,1765548801.2348497,695.9526996612549,False
192,0,14,FeedbackPeriodStarted,1765548801.2484283,695.9662799835205,False
193,0,14,startFixDisplay,1765548801.2485754,695.9664261341095,False
194,0,14,startFixPeriod,1765548801.3736072,696.0914599895477,False
195,0,14,TargetPresentation,1765548802.6433148,697.3611669540405,False
196,0,14,TargetRemoval,1765548802.7612085,697.4790601730347,True
197,0,14,TargetReappeared,1765548803.0110912,697.7289440631866,False
198,0,14,LeftResponse,1765548803.434534,698.1523833274841,False
199,0,15,FeedbackPeriodStarted,1765548803.4481492,698.1660008430481,False
200,0,15,startFixDisplay,1765548803.448295,698.1661458015442,False
201,0,15,startFixPeriod,1765548803.5869493,698.3047988414764,False
202,0,15,TargetPresentation,1765548804.350291,699.0681428909302,False
203,0,15,TargetRemoval,1765548804.4682157,699.1860678195953,True
204,0,15,TargetReappeared,1765548804.718084,699.435934305191,False
205,0,15,RightResponse,1765548805.2665937,699.9844448566437,False
206,0,16,FeedbackPeriodStarted,1765548805.2799122,699.9977614879608,False
207,0,16,startFixDisplay,1765548805.279976,699.9978244304657,False
208,0,16,startFixPeriod,1765548805.4119422,700.1297924518585,False
209,0,16,TargetPresentation,1765548806.5429304,701.2607820034027,False
210,0,16,TargetDisplacement,1765548806.653812,701.3716609477997,True
211,0,16,LeftResponse,1765548807.6811433,702.3989925384521,False
212,0,17,FeedbackPeriodStarted,1765548807.6946962,702.4125452041626,False
213,0,17,startFixDisplay,1765548807.6947606,702.4126091003418,False
214,0,17,startFixPeriod,1765548807.8406477,702.5584998130798,False
215,0,17,TargetPresentation,1765548808.347194,703.0650451183319,False
216,0,17,TargetDisplacement,1765548808.4649994,703.1828510761261,True
217,0,17,RightResponse,1765548809.4298902,704.1477391719818,False
218,0,18,FeedbackPeriodStarted,1765548809.443454,704.1613054275513,False
219,0,18,startFixDisplay,1765548809.4435916,704.1614420413971,False
220,0,18,startFixPeriod,1765548809.5823479,704.3001999855042,False
221,0,18,TargetPresentation,1765548810.8382072,705.5560593605042,False
222,0,18,TargetRemoval,1765548810.8451445,705.5629963874817,True
223,0,18,TargetReappeared,1765548811.095093,705.8129456043243,False
224,0,18,RightResponse,1765548811.705754,706.4236035346985,False
225,0,18,FeedbackPeriodStarted,1765548811.7126348,706.4304842948914,False
226,0,19,startFixDisplay,1765548813.717875,708.4357240200043,False
227,0,19,startFixPeriod,1765548813.9053957,708.6232478618622,False
228,0,19,TargetPresentation,1765548815.3001266,710.0179789066315,False
229,0,19,TargetRemoval,1765548815.3346953,710.0525443553925,True
230,0,19,TargetReappeared,1765548815.5847232,710.3025755882263,False
231,0,19,LeftResponse,1765548816.1606169,710.878466129303,False
232,0,20,FeedbackPeriodStarted,1765548816.1812475,710.899099111557,False
233,0,20,startFixDisplay,1765548816.181394,710.8992447853088,False
234,0,20,startFixPeriod,1765548816.285463,711.0033149719238,False
235,0,20,TargetPresentation,1765548817.340321,712.0581722259521,False
236,0,20,TargetRemoval,1765548817.451125,712.1689765453339,True
237,0,20,TargetReappeared,1765548817.7010388,712.4188907146454,False
238,0,20,RightResponse,1765548818.138546,712.8563973903656,False
239,0,21,FeedbackPeriodStarted,1765548818.158765,712.8766140937805,False
240,0,21,startFixDisplay,1765548818.1588285,712.8766770362854,False
241,0,21,startFixPeriod,1765548818.3047428,713.0225946903229,False
242,0,21,TargetPresentation,1765548819.0958185,713.8136706352234,False
243,0,21,TargetDisplacement,1765548819.2067313,713.9245827198029,True
244,0,21,RightResponse,1765548820.0259063,714.7437553405762,False
245,0,22,FeedbackPeriodStarted,1765548820.0394254,714.7572774887085,False
246,0,22,startFixDisplay,1765548820.0395217,714.7573704719543,False
247,0,22,startFixPeriod,1765548820.1852493,714.9031012058258,False
248,0,22,TargetPresentation,1765548821.191403,715.909255027771,False
249,0,22,TargetDisplacement,1765548821.2190049,715.9368562698364,True
250,0,22,RightResponse,1765548822.052091,716.7699415683746,False
251,0,23,FeedbackPeriodStarted,1765548822.0725095,716.790361404419,False
252,0,23,startFixDisplay,1765548822.0726519,716.7905025482178,False
253,0,23,startFixPeriod,1765548822.1975658,716.9154181480408,False
254,0,23,TargetPresentation,1765548823.1688955,717.8867449760437,False
255,0,23,TargetDisplacement,1765548823.2799861,717.9978394508362,True
256,0,23,RightResponse,1765548824.1060233,718.823873758316,False
257,0,24,FeedbackPeriodStarted,1765548824.1264732,718.8443250656128,False
258,0,24,startFixDisplay,1765548824.1265795,718.8444278240204,False
259,0,24,startFixPeriod,1765548824.473559,719.1914083957672,False
260,0,24,TargetPresentation,1765548825.7434087,720.4612605571747,False
261,0,24,TargetDisplacement,1765548825.7503445,720.4681966304779,True
262,0,24,LeftResponse,1765548826.9997015,721.7175531387329,False
263,0,24,FeedbackPeriodStarted,1765548827.0063286,721.7241806983948,False
264,0,25,startFixDisplay,1765548829.0115101,723.7293591499329,False
265,0,25,startFixPeriod,1765548829.233749,723.9516007900238,False
266,0,25,TargetPresentation,1765548830.7186594,725.4365122318268,False
267,0,25,TargetDisplacement,1765548830.8366203,725.5544691085815,True
268,0,25,RightResponse,1765548831.5795019,726.2973532676697,False
269,0,26,FeedbackPeriodStarted,1765548831.5998409,726.3176925182343,False
270,0,26,startFixDisplay,1765548831.5999918,726.3178422451019,False
271,0,26,startFixPeriod,1765548831.7248878,726.4427399635315,False
272,0,26,TargetPresentation,1765548833.119537,727.8373873233795,False
273,0,26,TargetRemoval,1765548833.2305393,727.9483911991119,True
274,0,26,TargetReappeared,1765548833.4804516,728.1983034610748,False
275,0,26,LeftResponse,1765548833.9942484,728.7121000289917,False
276,0,27,FeedbackPeriodStarted,1765548834.0146778,728.7325270175934,False
277,0,27,startFixDisplay,1765548834.0147433,728.7325918674469,False
278,0,27,startFixPeriod,1765548834.1466012,728.8644518852234,False
279,0,27,TargetPresentation,1765548835.0556211,729.7734727859497,False
280,0,27,TargetDisplacement,1765548835.1665194,729.8843681812286,True
281,0,27,RightResponse,1765548835.8262043,730.5440557003021,False
282,0,28,FeedbackPeriodStarted,1765548835.8465378,730.5643894672394,False
283,0,28,startFixDisplay,1765548835.8466632,730.5645117759705,False
284,0,28,startFixPeriod,1765548835.9715722,730.6894245147705,False
285,0,28,TargetPresentation,1765548836.790396,731.5082478523254,False
286,0,28,TargetRemoval,1765548836.7973607,731.515214920044,True
287,0,28,TargetReappeared,1765548837.0471487,731.7650005817413,False
288,0,28,LeftResponse,1765548837.990803,732.7086520195007,False
289,0,29,FeedbackPeriodStarted,1765548838.0045867,732.7224390506744,False
290,0,29,startFixDisplay,1765548838.0047345,732.7225852012634,False
291,0,29,startFixPeriod,1765548838.136571,732.8544220924377,False
292,0,29,TargetPresentation,1765548838.93455,733.6523997783661,False
293,0,29,TargetRemoval,1765548839.0385752,733.7564239501953,True
294,0,29,TargetReappeared,1765548839.2884378,734.0062897205353,False
295,0,29,LeftResponse,1765548839.7743037,734.4921536445618,False
296,0,30,FeedbackPeriodStarted,1765548839.7879703,734.5058331489563,False
297,0,30,startFixDisplay,1765548839.7880511,734.5058996677399,False
298,0,30,startFixPeriod,1765548839.926758,734.6446075439453,False
299,0,30,TargetPresentation,1765548840.9052699,735.6231217384338,False
300,0,30,TargetDisplacement,1765548840.9122102,735.6300621032715,True
301,0,30,RightResponse,1765548841.5578926,736.2757427692413,False
302,0,30,FeedbackPeriodStarted,1765548841.5714064,736.2892587184906,False
303,0,31,startFixDisplay,1765548843.576633,738.2944858074188,False
304,0,31,startFixPeriod,1765548843.8543549,738.5722072124481,False
305,0,31,TargetPresentation,1765548844.5759063,739.2937562465668,False
306,0,31,TargetRemoval,1765548844.7077813,739.4256331920624,True
307,0,31,TargetReappeared,1765548844.957647,739.6754977703094,False
308,0,31,LeftResponse,1765548845.5477908,740.2656426429749,False
309,0,32,FeedbackPeriodStarted,1765548845.56112,740.2789692878723,False
310,0,32,startFixDisplay,1765548845.5611887,740.2790369987488,False
311,0,32,startFixPeriod,1765548845.6862917,740.4041438102722,False
312,0,32,TargetPresentation,1765548847.011602,741.7294516563416,False
313,0,32,TargetDisplacement,1765548847.0947187,741.8125703334808,True
314,0,32,RightResponse,1765548848.0319552,742.7498061656952,False
315,0,33,FeedbackPeriodStarted,1765548848.0453238,742.7631728649139,False
316,0,33,startFixDisplay,1765548848.0453913,742.7632398605347,False
317,0,33,startFixPeriod,1765548848.177462,742.8953149318695,False
318,0,33,TargetPresentation,1765548848.9962099,743.7140619754791,False
319,0,33,TargetDisplacement,1765548849.0031486,743.7210006713867,True
320,0,33,LeftResponse,1765548850.1553473,744.8731987476349,False
321,0,34,FeedbackPeriodStarted,1765548850.1757047,744.8935568332672,False
322,0,34,startFixDisplay,1765548850.1758444,744.8936951160431,False
323,0,34,startFixPeriod,1765548850.314604,745.0324561595917,False
324,0,34,TargetPresentation,1765548851.605311,746.3231630325317,False
325,0,34,TargetDisplacement,1765548851.709133,746.4269816875458,True
326,0,34,RightResponse,1765548852.465955,747.1838057041168,False
327,0,35,FeedbackPeriodStarted,1765548852.479371,747.19722032547,False
328,0,35,startFixDisplay,1765548852.4794426,747.1972918510437,False
329,0,35,startFixPeriod,1765548852.6253543,747.3432064056396,False
330,0,35,TargetPresentation,1765548853.9160008,748.6338531970978,False
331,0,35,TargetDisplacement,1765548853.92292,748.6407694816589,True
332,0,35,RightResponse,1765548854.7073617,749.4252135753632,False
333,0,36,FeedbackPeriodStarted,1765548854.7208064,749.4386584758759,False
334,0,36,startFixDisplay,1765548854.720945,749.4387955665588,False
335,0,36,startFixPeriod,1765548854.9013288,749.6191811561584,False
336,0,36,TargetPresentation,1765548855.5813398,750.2991919517517,False
337,0,36,TargetDisplacement,1765548855.6992142,750.4170663356781,True
338,0,36,LeftResponse,1765548856.3934927,751.1113443374634,False
339,0,36,FeedbackPeriodStarted,1765548856.4069314,751.1247818470001,False
340,0,37,startFixDisplay,1765548858.4121614,753.1300103664398,False
341,0,37,startFixPeriod,1765548858.6068664,753.3247184753418,False
342,0,37,TargetPresentation,1765548859.9390886,754.6569404602051,False
343,0,37,TargetDisplacement,1765548860.0568795,754.7747285366058,True
344,0,37,RightResponse,1765548861.0981631,755.8160138130188,False
345,0,38,FeedbackPeriodStarted,1765548861.1116285,755.8294804096222,False
346,0,38,startFixDisplay,1765548861.1117783,755.8296287059784,False
347,0,38,startFixPeriod,1765548861.2505531,755.9684054851532,False
348,0,38,TargetPresentation,1765548862.4441555,757.162008523941,False
349,0,38,TargetDisplacement,1765548862.5688114,757.2866630554199,True
350,0,38,LeftResponse,1765548863.3463724,758.0642230510712,False
351,0,39,FeedbackPeriodStarted,1765548863.366809,758.0846605300903,False
352,0,39,startFixDisplay,1765548863.3669624,758.0848109722137,False
353,0,39,startFixPeriod,1765548863.4849298,758.2027816772461,False
354,0,39,TargetPresentation,1765548864.7339642,759.4518146514893,False
355,0,39,TargetDisplacement,1765548864.8518543,759.5697059631348,True
356,0,39,RightResponse,1765548865.379631,760.0974822044373,False
357,0,40,FeedbackPeriodStarted,1765548865.3929949,760.1108446121216,False
358,0,40,startFixDisplay,1765548865.3931463,760.1109955310822,False
359,0,40,startFixPeriod,1765548865.5250225,760.2428741455078,False
360,0,40,TargetPresentation,1765548866.8365018,761.5543539524078,False
361,0,40,TargetRemoval,1765548866.9542487,761.6721000671387,True
362,0,40,TargetReappeared,1765548867.2042844,761.9221365451813,False
363,0,40,LeftResponse,1765548867.7456715,762.4635229110718,False
364,0,41,FeedbackPeriodStarted,1765548867.7592113,762.4770605564117,False
365,0,41,startFixDisplay,1765548867.7592883,762.4771378040314,False
366,0,41,startFixPeriod,1765548867.8841558,762.6020047664642,False
367,0,41,TargetPresentation,1765548868.814083,763.5319356918335,False
368,0,41,TargetDisplacement,1765548868.925063,763.6429121494293,True
369,0,41,LeftResponse,1765548869.570793,764.2886443138123,False
370,0,42,FeedbackPeriodStarted,1765548869.5910726,764.308922290802,False
371,0,42,startFixDisplay,1765548869.5911505,764.3089990615845,False
372,0,42,startFixPeriod,1765548869.7230134,764.4408643245697,False
373,0,42,TargetPresentation,1765548870.8402689,765.5581207275391,False
374,0,42,TargetDisplacement,1765548870.951208,765.6690595149994,True
375,0,42,RightResponse,1765548871.7912052,766.50905585289,False
376,0,42,FeedbackPeriodStarted,1765548871.7978218,766.5156738758087,False
377,0,43,startFixDisplay,1765548873.8031425,768.5209949016571,False
378,0,43,startFixPeriod,1765548874.2403092,768.9581587314606,False
379,0,43,TargetPresentation,1765548874.8581123,769.5759615898132,False
380,0,43,TargetDisplacement,1765548874.9757957,769.6936445236206,True
381,0,43,RightResponse,1765548875.5661747,770.2840256690979,False
382,0,44,FeedbackPeriodStarted,1765548875.5795436,770.2973957061768,False
383,0,44,startFixDisplay,1765548875.5796852,770.2975354194641,False
384,0,44,startFixPeriod,1765548875.6906037,770.408453464508,False
385,0,44,TargetPresentation,1765548877.120037,771.8378884792328,False
386,0,44,TargetRemoval,1765548877.237916,771.9557647705078,True
387,0,44,TargetReappeared,1765548877.4879382,772.2057902812958,False
388,0,44,LeftResponse,1765548878.0571835,772.7750325202942,False
389,0,45,FeedbackPeriodStarted,1765548878.070752,772.7886049747467,False
390,0,45,startFixDisplay,1765548878.0708792,772.7887279987335,False
391,0,45,startFixPeriod,1765548878.209605,772.9274570941925,False
392,0,45,TargetPresentation,1765548878.854909,773.5727608203888,False
393,0,45,TargetDisplacement,1765548878.931145,773.6489968299866,True
394,0,45,LeftResponse,1765548879.7712212,774.4890716075897,False
395,0,46,FeedbackPeriodStarted,1765548879.7915776,774.509429693222,False
396,0,46,startFixDisplay,1765548879.7917244,774.5095753669739,False
397,0,46,startFixPeriod,1765548879.9096744,774.6275267601013,False
398,0,46,TargetPresentation,1765548880.9851959,775.7030580043793,False
399,0,46,TargetRemoval,1765548880.992173,775.7100234031677,True
400,0,46,TargetReappeared,1765548881.2419684,775.9598205089569,False
401,0,46,LeftResponse,1765548881.852881,776.5707311630249,False
402,0,47,FeedbackPeriodStarted,1765548881.8732984,776.591150522232,False
403,0,47,startFixDisplay,1765548881.8734443,776.591295003891,False
404,0,47,startFixPeriod,1765548882.0052693,776.7231206893921,False
405,0,47,TargetPresentation,1765548882.5534542,777.2713062763214,False
406,0,47,TargetRemoval,1765548882.560176,777.2780251502991,True
407,0,47,TargetReappeared,1765548882.810223,777.5280752182007,False
408,0,47,RightResponse,1765548883.379358,778.0972077846527,False
409,0,48,FeedbackPeriodStarted,1765548883.3928564,778.1107058525085,False
410,0,48,startFixDisplay,1765548883.3929248,778.1107733249664,False
411,0,48,startFixPeriod,1765548883.5249572,778.2428090572357,False
412,0,48,TargetPresentation,1765548884.8155832,779.533435344696,False
413,0,48,TargetDisplacement,1765548884.9263973,779.6442489624023,True
414,0,48,RightResponse,1765548885.5236928,780.2415444850922,False
415,0,48,FeedbackPeriodStarted,1765548885.5303223,780.2481744289398,False
416,0,49,startFixDisplay,1765548887.5354176,782.2532670497894,False
417,0,49,startFixPeriod,1765548887.7785609,782.4964115619659,False
418,0,49,TargetPresentation,1765548888.3822384,783.1000881195068,False
419,0,49,TargetDisplacement,1765548888.486231,783.204080581665,True
420,0,49,RightResponse,1765548889.0972037,783.8150541782379,False
421,0,50,FeedbackPeriodStarted,1765548889.1176472,783.835499048233,False
422,0,50,startFixDisplay,1765548889.1177897,783.8356404304504,False
423,0,50,startFixPeriod,1765548889.4509072,784.1687591075897,False
424,0,50,TargetPresentation,1765548890.3251097,785.0429589748383,False
425,0,50,TargetDisplacement,1765548890.4361494,785.1539981365204,True
426,0,50,RightResponse,1765548891.0541072,785.7719576358795,False
427,0,51,FeedbackPeriodStarted,1765548891.0677705,785.7856209278107,False
428,0,51,startFixDisplay,1765548891.0678816,785.7857310771942,False
429,0,51,startFixPeriod,1765548891.497858,786.2157106399536,False
430,0,51,TargetPresentation,1765548892.6706948,787.3885474205017,False
431,0,51,TargetDisplacement,1765548892.677567,787.39541888237,True
432,0,51,LeftResponse,1765548893.5799792,788.2978291511536,False
433,0,52,FeedbackPeriodStarted,1765548893.5933375,788.3111901283264,False
434,0,52,startFixDisplay,1765548893.593493,788.3113431930542,False
435,0,52,startFixPeriod,1765548893.7114885,788.4293406009674,False
436,0,52,TargetPresentation,1765548894.6482532,789.366105556488,False
437,0,52,TargetDisplacement,1765548894.6551895,789.3730416297913,True
438,0,52,RightResponse,1765548895.342215,790.0600655078888,False
439,0,53,FeedbackPeriodStarted,1765548895.3627818,790.0806334018707,False
440,0,53,startFixDisplay,1765548895.3629916,790.0808429718018,False
441,0,53,startFixPeriod,1765548895.4878473,790.2056999206543,False
442,0,53,TargetPresentation,1765548896.577282,791.2951323986053,False
443,0,53,TargetDisplacement,1765548896.5841389,791.3019878864288,True
444,0,53,RightResponse,1765548897.3755,792.09335064888,False
445,0,54,FeedbackPeriodStarted,1765548897.3960032,792.1138525009155,False
446,0,54,startFixDisplay,1765548897.3960783,792.1139268875122,False
447,0,54,startFixPeriod,1765548898.1594453,792.8772974014282,False
448,0,54,TargetPresentation,1765548899.5263784,794.2442307472229,False
449,0,54,TargetDisplacement,1765548899.5332541,794.2511036396027,True
450,0,54,RightResponse,1765548900.4842577,795.2021083831787,False
451,0,54,FeedbackPeriodStarted,1765548900.4978504,795.2157027721405,False
452,0,55,startFixDisplay,1765548902.503049,797.2209007740021,False
453,0,55,startFixPeriod,1765548902.6975226,797.415374994278,False
454,0,55,TargetPresentation,1765548903.6341095,798.3519587516785,False
455,0,55,TargetDisplacement,1765548903.717507,798.4353585243225,True
456,0,55,LeftResponse,1765548904.5852923,799.3031430244446,False
457,0,56,FeedbackPeriodStarted,1765548904.5988586,799.3167111873627,False
458,0,56,startFixDisplay,1765548904.599042,799.31689286232,False
459,0,56,startFixPeriod,1765548904.7237318,799.4415836334229,False
460,0,56,TargetPresentation,1765548905.9867013,800.7045540809631,False
461,0,56,TargetDisplacement,1765548905.993578,800.711430311203,True
462,0,56,RightResponse,1765548906.722393,801.4402446746826,False
463,0,57,FeedbackPeriodStarted,1765548906.7428572,801.4607093334198,False
464,0,57,startFixDisplay,1765548906.7429655,801.460813999176,False
465,0,57,startFixPeriod,1765548906.8887744,801.6066253185272,False
466,0,57,TargetPresentation,1765548908.3043103,803.022162437439,False
467,0,57,TargetDisplacement,1765548908.4290166,803.1468679904938,True
468,0,57,LeftResponse,1765548909.2272651,803.9451143741608,False
469,0,58,FeedbackPeriodStarted,1765548909.2478402,803.9656898975372,False
470,0,58,startFixDisplay,1765548909.2479184,803.9657669067383,False
471,0,58,startFixPeriod,1765548909.3937879,804.1116409301758,False
472,0,58,TargetPresentation,1765548910.5664096,805.2842614650726,False
473,0,58,TargetDisplacement,1765548910.5733511,805.2912034988403,True
474,0,58,RightResponse,1765548911.3646042,806.0824544429779,False
475,0,59,FeedbackPeriodStarted,1765548911.3780377,806.0958869457245,False
476,0,59,startFixDisplay,1765548911.3781185,806.0959672927856,False
477,0,59,startFixPeriod,1765548911.5100853,806.2279353141785,False
478,0,59,TargetPresentation,1765548912.0583339,806.7761859893799,False
479,0,59,TargetRemoval,1765548912.0652788,806.7831304073334,True
480,0,59,TargetReappeared,1765548912.3149478,807.0327973365784,False
481,0,59,LeftResponse,1765548913.6269763,808.3448286056519,False
482,0,60,FeedbackPeriodStarted,1765548913.6401858,808.3580350875854,False
483,0,60,startFixDisplay,1765548913.6402528,808.358101606369,False
484,0,60,startFixPeriod,1765548913.779205,808.4970703125,False
485,0,60,TargetPresentation,1765548914.8477724,809.5656218528748,False
486,0,60,TargetDisplacement,1765548914.95867,809.676521062851,True
487,0,60,RightResponse,1765548915.8195198,810.5373687744141,False
488,0,60,FeedbackPeriodStarted,1765548915.8262465,810.5440981388092,False
489,0,61,startFixDisplay,1765548917.831475,812.5493276119232,False
490,0,61,startFixPeriod,1765548918.0536587,812.7715106010437,False
491,0,61,TargetPresentation,1765548918.851708,813.5695607662201,False
492,0,61,TargetRemoval,1765548918.93471,813.6525614261627,True
493,0,61,TargetReappeared,1765548919.1847222,813.902574300766,False
494,0,61,LeftResponse,1765548919.8303065,814.5481572151184,False
495,0,62,FeedbackPeriodStarted,1765548919.8437927,814.5616445541382,False
496,0,62,startFixDisplay,1765548919.8439195,814.5617680549622,False
497,0,62,startFixPeriod,1765548919.9827151,814.7005658149719,False
498,0,62,TargetPresentation,1765548920.5586667,815.2765188217163,False
499,0,62,TargetDisplacement,1765548920.565605,815.2834570407867,True
500,0,62,RightResponse,1765548921.3707592,816.0886096954346,False
501,0,63,FeedbackPeriodStarted,1765548921.391245,816.1090972423553,False
502,0,63,startFixDisplay,1765548921.3913958,816.1092462539673,False
503,0,63,startFixPeriod,1765548921.5023022,816.2201540470123,False
504,0,63,TargetPresentation,1765548922.93884,817.6566896438599,False
505,0,63,TargetRemoval,1765548923.0566657,817.7745172977448,True
506,0,63,TargetReappeared,1765548923.3065221,818.0243740081787,False
507,0,63,LeftResponse,1765548924.278324,818.9961748123169,False
508,0,64,FeedbackPeriodStarted,1765548924.2986882,819.0165400505066,False
509,0,64,startFixDisplay,1765548924.298831,819.0166819095612,False
510,0,64,startFixPeriod,1765548924.437528,819.1553785800934,False
511,0,64,TargetPresentation,1765548925.6242113,820.3420610427856,False
512,0,64,TargetRemoval,1765548925.6310713,820.3489210605621,True
513,0,64,TargetReappeared,1765548925.8809154,820.5987675189972,False
514,0,64,RightResponse,1765548926.415363,821.1332130432129,False
515,0,65,FeedbackPeriodStarted,1765548926.436027,821.153879404068,False
516,0,65,startFixDisplay,1765548926.4361892,821.1540398597717,False
517,0,65,startFixPeriod,1765548926.6025717,821.3204238414764,False
518,0,65,TargetPresentation,1765548927.331135,822.0489854812622,False
519,0,65,TargetDisplacement,1765548927.3449154,822.0627672672272,True
520,0,65,RightResponse,1765548928.136423,822.8542737960815,False
521,0,65,FeedbackPeriodStarted,1765548928.1707776,822.8886270523071,False
522,1,66,startFixDisplay,1765549250.93385,1145.6517045497894,False
523,1,66,startFixPeriod,1765549251.1143265,1145.8321771621704,False
524,1,66,TargetPresentation,1765549252.300927,1147.0187768936157,False
525,1,66,TargetDisplacement,1765549252.4118698,1147.129718542099,True
526,1,66,LeftResponse,1765549252.995183,1147.7130336761475,False
527,1,67,FeedbackPeriodStarted,1765549253.0155637,1147.7334158420563,False
528,1,67,startFixDisplay,1765549253.015711,1147.733561515808,False
529,1,67,startFixPeriod,1765549253.1475403,1147.8653926849365,False
530,1,67,TargetPresentation,1765549254.0079796,1148.7258315086365,False
531,1,67,TargetDisplacement,1765549254.1188018,1148.83665060997,True
532,1,67,LeftResponse,1765549254.8132818,1149.5311331748962,False
533,1,68,FeedbackPeriodStarted,1765549254.8266582,1149.544507265091,False
534,1,68,startFixDisplay,1765549254.8267267,1149.5445754528046,False
535,1,68,startFixPeriod,1765549254.951704,1149.6695561408997,False
536,1,68,TargetPresentation,1765549255.4929488,1150.2108006477356,False
537,1,68,TargetDisplacement,1765549255.6107347,1150.3285858631134,True
538,1,68,RightResponse,1765549256.2981973,1151.016048669815,False
539,1,69,FeedbackPeriodStarted,1765549256.3115134,1151.0293624401093,False
540,1,69,startFixDisplay,1765549256.311581,1151.02942943573,False
541,1,69,startFixPeriod,1765549256.443587,1151.1614379882812,False
542,1,69,TargetPresentation,1765549257.8938773,1152.6117317676544,False
543,1,69,TargetDisplacement,1765549258.0046732,1152.722524881363,True
544,1,69,LeftResponse,1765549258.6713738,1153.389223575592,False
545,1,70,FeedbackPeriodStarted,1765549258.6917117,1153.409563779831,False
546,1,70,startFixDisplay,1765549258.6918821,1153.4097335338593,False
547,1,70,startFixPeriod,1765549258.823662,1153.5415139198303,False
548,1,70,TargetPresentation,1765549259.913152,1154.6310040950775,False
549,1,70,TargetDisplacement,1765549260.0170414,1154.7348940372467,True
550,1,70,LeftResponse,1765549260.6695402,1155.3873889446259,False
551,1,71,FeedbackPeriodStarted,1765549260.6830955,1155.4009447097778,False
552,1,71,startFixDisplay,1765549260.6832147,1155.4010634422302,False
553,1,71,startFixPeriod,1765549260.8221514,1155.540002822876,False
554,1,71,TargetPresentation,1765549261.7103395,1156.4281914234161,False
555,1,71,TargetDisplacement,1765549261.821104,1156.5389530658722,True
556,1,71,RightResponse,1765549262.4113557,1157.1292052268982,False
557,1,72,FeedbackPeriodStarted,1765549262.4318252,1157.1496765613556,False
558,1,72,startFixDisplay,1765549262.4319725,1157.1498229503632,False
559,1,72,startFixPeriod,1765549262.647117,1157.3649685382843,False
560,1,72,TargetPresentation,1765549263.8684042,1158.586256980896,False
561,1,72,TargetRemoval,1765549263.9793453,1158.6971971988678,True
562,1,72,TargetReappeared,1765549264.2292244,1158.9470751285553,False
563,1,72,RightResponse,1765549264.9995856,1159.717435836792,False
564,1,72,FeedbackPeriodStarted,1765549265.0063093,1159.7241582870483,False
565,1,73,startFixDisplay,1765549267.0115843,1161.7294363975525,False
566,1,73,startFixPeriod,1765549267.2615335,1161.9793853759766,False
567,1,73,TargetPresentation,1765549268.5104904,1163.2283396720886,False
568,1,73,TargetRemoval,1765549268.621443,1163.3392918109894,True
569,1,73,TargetReappeared,1765549268.871412,1163.5892639160156,False
570,1,73,RightResponse,1765549269.4474885,1164.165337562561,False
571,1,74,FeedbackPeriodStarted,1765549269.4680464,1164.185898065567,False
572,1,74,startFixDisplay,1765549269.468212,1164.1860625743866,False
573,1,74,startFixPeriod,1765549269.6001608,1164.318012714386,False
574,1,74,TargetPresentation,1765549271.0294967,1165.7473487854004,False
575,1,74,TargetRemoval,1765549271.1474028,1165.8652544021606,True
576,1,74,TargetReappeared,1765549271.3972824,1166.1151342391968,False
577,1,74,RightResponse,1765549272.0635648,1166.7814147472382,False
578,1,75,FeedbackPeriodStarted,1765549272.0841143,1166.8019671440125,False
579,1,75,startFixDisplay,1765549272.0842657,1166.8021166324615,False
580,1,75,startFixPeriod,1765549272.209034,1166.9268834590912,False
581,1,75,TargetPresentation,1765549272.9029915,1167.6208410263062,False
582,1,75,TargetDisplacement,1765549273.0209582,1167.7388095855713,True
583,1,75,LeftResponse,1765549273.7569497,1168.474802494049,False
584,1,76,FeedbackPeriodStarted,1765549273.7702332,1168.4880845546722,False
585,1,76,startFixDisplay,1765549273.770366,1168.488216638565,False
586,1,76,startFixPeriod,1765549273.9023647,1168.620216369629,False
587,1,76,TargetPresentation,1765549274.7695007,1169.4873504638672,False
588,1,76,TargetDisplacement,1765549274.8944318,1169.6122806072235,True
589,1,76,LeftResponse,1765549275.581703,1170.299552679062,False
590,1,77,FeedbackPeriodStarted,1765549275.5951312,1170.312980413437,False
591,1,77,startFixDisplay,1765549275.5951948,1170.3130433559418,False
592,1,77,startFixPeriod,1765549275.7341983,1170.452049255371,False
593,1,77,TargetPresentation,1765549277.1843932,1171.9022433757782,False
594,1,77,TargetDisplacement,1765549277.302231,1172.0200824737549,True
595,1,77,LeftResponse,1765549278.0659935,1172.783844947815,False
596,1,78,FeedbackPeriodStarted,1765549278.0863438,1172.804193019867,False
597,1,78,startFixDisplay,1765549278.0864081,1172.8042566776276,False
598,1,78,startFixPeriod,1765549278.2184088,1172.9362607002258,False
599,1,78,TargetPresentation,1765549278.8082604,1173.526112318039,False
600,1,78,TargetRemoval,1765549278.9330082,1173.6508598327637,True
601,1,78,TargetReappeared,1765549279.1828678,1173.900717496872,False
602,1,78,LeftResponse,1765549279.689472,1174.4073214530945,False
603,1,78,FeedbackPeriodStarted,1765549279.6964173,1174.4142665863037,False
604,1,79,startFixDisplay,1765549281.7016335,1176.419486284256,False
605,1,79,startFixPeriod,1765549281.9027507,1176.6205999851227,False
606,1,79,TargetPresentation,1765549282.777222,1177.4950714111328,False
607,1,79,TargetRemoval,1765549282.8881803,1177.6060292720795,True
608,1,79,TargetReappeared,1765549283.138178,1177.8560299873352,False
609,1,79,LeftResponse,1765549283.5685744,1178.2864248752594,False
610,1,80,FeedbackPeriodStarted,1765549283.5890634,1178.3069128990173,False
611,1,80,startFixDisplay,1765549283.5891302,1178.3069789409637,False
612,1,80,startFixPeriod,1765549283.7210157,1178.4388678073883,False
613,1,80,TargetPresentation,1765549284.6785152,1179.3963644504547,False
614,1,80,TargetRemoval,1765549284.7895188,1179.50737118721,True
615,1,80,TargetReappeared,1765549285.0394907,1179.7573430538177,False
616,1,80,LeftResponse,1765549285.9694352,1180.6872851848602,False
617,1,81,FeedbackPeriodStarted,1765549285.9899676,1180.7078189849854,False
618,1,81,startFixDisplay,1765549285.990135,1180.7079856395721,False
619,1,81,startFixPeriod,1765549286.1288693,1180.84672164917,False
620,1,81,TargetPresentation,1765549287.5722024,1182.290052652359,False
621,1,81,TargetDisplacement,1765549287.6761277,1182.3939764499664,True
622,1,81,LeftResponse,1765549288.4604402,1183.1782891750336,False
623,1,82,FeedbackPeriodStarted,1765549288.4740114,1183.1918609142303,False
624,1,82,startFixDisplay,1765549288.474113,1183.1919617652893,False
625,1,82,startFixPeriod,1765549288.613079,1183.3309316635132,False
626,1,82,TargetPresentation,1765549289.2167532,1183.9346051216125,False
627,1,82,TargetRemoval,1765549289.3276026,1184.0454540252686,True
628,1,82,TargetReappeared,1765549289.5774932,1184.2953424453735,False
629,1,82,LeftResponse,1765549290.2648568,1184.9827082157135,False
630,1,83,FeedbackPeriodStarted,1765549290.2781577,1184.9960069656372,False
631,1,83,startFixDisplay,1765549290.2782254,1184.996073961258,False
632,1,83,startFixPeriod,1765549290.4032345,1185.1210839748383,False
633,1,83,TargetPresentation,1765549290.9792058,1185.6970553398132,False
634,1,83,TargetRemoval,1765549291.0970948,1185.8149485588074,True
635,1,83,TargetReappeared,1765549291.3470352,1186.064887046814,False
636,1,83,LeftResponse,1765549292.0965161,1186.814365386963,False
637,1,84,FeedbackPeriodStarted,1765549292.1171386,1186.8349907398224,False
638,1,84,startFixDisplay,1765549292.117232,1186.8350806236267,False
639,1,84,startFixPeriod,1765549292.2421746,1186.960024356842,False
640,1,84,TargetPresentation,1765549293.2899501,1188.0078015327454,False
641,1,84,TargetDisplacement,1765549293.4007902,1188.118641614914,True
642,1,84,RightResponse,1765549294.0812423,1188.7990918159485,False
643,1,84,FeedbackPeriodStarted,1765549294.0879655,1188.8058149814606,False
644,1,85,startFixDisplay,1765549296.093192,1190.8110415935516,False
645,1,85,startFixPeriod,1765549296.3432002,1191.0610523223877,False
646,1,85,TargetPresentation,1765549297.3007567,1192.0186088085175,False
647,1,85,TargetRemoval,1765549297.4116032,1192.1294543743134,True
648,1,85,TargetReappeared,1765549297.6615877,1192.3794395923615,False
649,1,85,RightResponse,1765549298.3003182,1193.0181696414948,False
650,1,86,FeedbackPeriodStarted,1765549298.3135924,1193.0314416885376,False
651,1,86,startFixDisplay,1765549298.3136466,1193.0314948558807,False
652,1,86,startFixPeriod,1765549298.4318185,1193.1496696472168,False
653,1,86,TargetPresentation,1765549299.4865267,1194.2043771743774,False
654,1,86,TargetRemoval,1765549299.5904455,1194.3082945346832,True
655,1,86,TargetReappeared,1765549299.8405066,1194.5583572387695,False
656,1,86,RightResponse,1765549300.4165187,1195.1343684196472,False
657,1,87,FeedbackPeriodStarted,1765549300.437045,1195.154897928238,False
658,1,87,startFixDisplay,1765549300.4372122,1195.1550607681274,False
659,1,87,startFixPeriod,1765549300.5690467,1195.286898612976,False
660,1,87,TargetPresentation,1765549301.339303,1196.0571546554565,False
661,1,87,TargetDisplacement,1765549301.4570847,1196.1749365329742,True
662,1,87,RightResponse,1765549302.130632,1196.8484828472137,False
663,1,88,FeedbackPeriodStarted,1765549302.1509829,1196.8688325881958,False
664,1,88,startFixDisplay,1765549302.1510472,1196.8688957691193,False
665,1,88,startFixPeriod,1765549302.2899897,1197.0078418254852,False
666,1,88,TargetPresentation,1765549303.2822409,1198.0000927448273,False
667,1,88,TargetDisplacement,1765549303.2891533,1198.0070028305054,True
668,1,88,LeftResponse,1765549304.0317724,1198.7496223449707,False
669,1,89,FeedbackPeriodStarted,1765549304.0452437,1198.76309299469,False
670,1,89,startFixDisplay,1765549304.0453072,1198.7631556987762,False
671,1,89,startFixPeriod,1765549304.1704438,1198.888293504715,False
672,1,89,TargetPresentation,1765549304.7672698,1199.485122203827,False
673,1,89,TargetDisplacement,1765549304.8850305,1199.6028816699982,True
674,1,89,RightResponse,1765549305.8499792,1200.5678305625916,False
675,1,90,FeedbackPeriodStarted,1765549305.8634245,1200.5812737941742,False
676,1,90,startFixDisplay,1765549305.8634915,1200.5813400745392,False
677,1,90,startFixPeriod,1765549305.9954038,1200.7132558822632,False
678,1,90,TargetPresentation,1765549306.8905058,1201.6083552837372,False
679,1,90,TargetRemoval,1765549307.0084846,1201.7263362407684,True
680,1,90,TargetReappeared,1765549307.2583888,1201.9762406349182,False
681,1,90,LeftResponse,1765549307.772103,1202.4899535179138,False
682,1,90,FeedbackPeriodStarted,1765549307.7854862,1202.503335237503,False
683,1,91,startFixDisplay,1765549309.7907803,1204.5086297988892,False
684,1,91,startFixPeriod,1765549310.0339634,1204.7518157958984,False
685,1,91,TargetPresentation,1765549310.7347589,1205.4526109695435,False
686,1,91,TargetRemoval,1765549310.8456361,1205.5634887218475,True
687,1,91,TargetReappeared,1765549311.0955648,1205.8134150505066,False
688,1,91,LeftResponse,1765549311.5885327,1206.306382894516,False
689,1,92,FeedbackPeriodStarted,1765549311.6089704,1206.326822757721,False
690,1,92,startFixDisplay,1765549311.6090746,1206.3269231319427,False
691,1,92,startFixPeriod,1765549311.740923,1206.458774805069,False
692,1,92,TargetPresentation,1765549312.3932157,1207.1110680103302,False
693,1,92,TargetRemoval,1765549312.5179207,1207.2357721328735,True
694,1,92,TargetReappeared,1765549312.7679784,1207.485830783844,False
695,1,92,LeftResponse,1765549313.3094552,1208.0273044109344,False
696,1,93,FeedbackPeriodStarted,1765549313.3302734,1208.048128604889,False
697,1,93,startFixDisplay,1765549313.3304424,1208.048293352127,False
698,1,93,startFixPeriod,1765549313.4618037,1208.1796555519104,False
699,1,93,TargetPresentation,1765549314.676169,1209.3940207958221,False
700,1,93,TargetDisplacement,1765549314.7939346,1209.5117859840393,True
701,1,93,LeftResponse,1765549315.488286,1210.206137418747,False
702,1,94,FeedbackPeriodStarted,1765549315.5086644,1210.226516008377,False
703,1,94,startFixDisplay,1765549315.5088072,1210.2266578674316,False
704,1,94,startFixPeriod,1765549315.6406868,1210.3585374355316,False
705,1,94,TargetPresentation,1765549316.1680381,1210.8859241008759,False
706,1,94,TargetDisplacement,1765549316.2927692,1211.0106208324432,True
707,1,94,RightResponse,1765549317.0842817,1211.8021321296692,False
708,1,95,FeedbackPeriodStarted,1765549317.104689,1211.8225405216217,False
709,1,95,startFixDisplay,1765549317.1048312,1211.822681427002,False
710,1,95,startFixPeriod,1765549317.236651,1211.9545028209686,False
711,1,95,TargetPresentation,1765549318.5273302,1213.245181798935,False
712,1,95,TargetDisplacement,1765549318.6451209,1213.3629722595215,True
713,1,95,LeftResponse,1765549319.235471,1213.953322649002,False
714,1,96,FeedbackPeriodStarted,1765549319.2558374,1213.9736890792847,False
715,1,96,startFixDisplay,1765549319.2559834,1213.9738340377808,False
716,1,96,startFixPeriod,1765549319.3946288,1214.1124782562256,False
717,1,96,TargetPresentation,1765549320.3105764,1215.028425693512,False
718,1,96,TargetDisplacement,1765549320.4284468,1215.146295785904,True
719,1,96,LeftResponse,1765549321.213043,1215.9308948516846,False
720,1,96,FeedbackPeriodStarted,1765549321.2266176,1215.9444696903229,False
721,1,97,startFixDisplay,1765549323.2317297,1217.9495792388916,False
722,1,97,startFixPeriod,1765549323.419344,1218.1371958255768,False
723,1,97,TargetPresentation,1765549324.6961162,1219.4139652252197,False
724,1,97,TargetDisplacement,1765549324.8139231,1219.531774520874,True
725,1,97,RightResponse,1765549325.5845945,1220.3024456501007,False
726,1,98,FeedbackPeriodStarted,1765549325.6050732,1220.3229267597198,False
727,1,98,startFixDisplay,1765549325.605224,1220.323074579239,False
728,1,98,startFixPeriod,1765549325.7369661,1220.4548180103302,False
729,1,98,TargetPresentation,1765549326.2852037,1221.0030558109283,False
730,1,98,TargetDisplacement,1765549326.3959918,1221.1138434410095,True
731,1,98,LeftResponse,1765549327.069444,1221.787293434143,False
732,1,99,FeedbackPeriodStarted,1765549327.0899572,1221.8078088760376,False
733,1,99,startFixDisplay,1765549327.0901146,1221.807965040207,False
734,1,99,startFixPeriod,1765549327.194161,1221.9120116233826,False
735,1,99,TargetPresentation,1765549327.8810916,1222.59894156456,False
736,1,99,TargetRemoval,1765549327.9850848,1222.702936410904,True
737,1,99,TargetReappeared,1765549328.2350876,1222.9529385566711,False
738,1,99,RightResponse,1765549328.9915571,1223.709406375885,False
739,1,100,FeedbackPeriodStarted,1765549329.0121212,1223.7299733161926,False
740,1,100,startFixDisplay,1765549329.0122645,1223.7301151752472,False
741,1,100,startFixPeriod,1765549329.1440923,1223.8619449138641,False
742,1,100,TargetPresentation,1765549330.0322955,1224.7501463890076,False
743,1,100,TargetDisplacement,1765549330.1500242,1224.8678760528564,True
744,1,100,LeftResponse,1765549330.8652425,1225.5830926895142,False
745,1,101,FeedbackPeriodStarted,1765549330.8855958,1225.6034452915192,False
746,1,101,startFixDisplay,1765549330.8856628,1225.6035113334656,False
747,1,101,startFixPeriod,1765549331.0175457,1225.7353961467743,False
748,1,101,TargetPresentation,1765549331.77395,1226.491800069809,False
749,1,101,TargetDisplacement,1765549331.8917663,1226.6096177101135,True
750,1,101,LeftResponse,1765549332.5375998,1227.255449771881,False
751,1,102,FeedbackPeriodStarted,1765549332.5579815,1227.2758333683014,False
752,1,102,startFixDisplay,1765549332.558143,1227.2759935855865,False
753,1,102,startFixPeriod,1765549332.6274667,1227.3453183174133,False
754,1,102,TargetPresentation,1765549333.3144326,1228.0322823524475,False
755,1,102,TargetDisplacement,1765549333.432152,1228.1500010490417,True
756,1,102,RightResponse,1765549334.31373,1229.0315790176392,False
757,1,102,FeedbackPeriodStarted,1765549334.3206022,1229.0384542942047,False
758,1,103,startFixDisplay,1765549336.3257065,1231.0435557365417,False
759,1,103,startFixPeriod,1765549336.5549793,1231.2728316783905,False
760,1,103,TargetPresentation,1765549337.4917014,1232.209550857544,False
761,1,103,TargetDisplacement,1765549337.6096451,1232.327496767044,True
762,1,103,LeftResponse,1765549338.3872366,1233.1050879955292,False
763,1,104,FeedbackPeriodStarted,1765549338.407577,1233.1254291534424,False
764,1,104,startFixDisplay,1765549338.407715,1233.1255657672882,False
765,1,104,startFixPeriod,1765549338.5463965,1233.2642483711243,False
766,1,104,TargetPresentation,1765549339.1433208,1233.861172914505,False
767,1,104,TargetDisplacement,1765549339.2540863,1233.9719381332397,True
768,1,104,LeftResponse,1765549339.920661,1234.6385111808777,False
769,1,105,FeedbackPeriodStarted,1765549339.941125,1234.6589765548706,False
770,1,105,startFixDisplay,1765549339.941263,1234.659113407135,False
771,1,105,startFixPeriod,1765549340.0662434,1234.7841064929962,False
772,1,105,TargetPresentation,1765549340.8433278,1235.561179637909,False
773,1,105,TargetDisplacement,1765549340.954188,1235.6720399856567,True
774,1,105,LeftResponse,1765549341.599725,1236.3175749778748,False
775,1,106,FeedbackPeriodStarted,1765549341.6203434,1236.338195323944,False
776,1,106,startFixDisplay,1765549341.6204846,1236.3383350372314,False
777,1,106,startFixPeriod,1765549341.7454445,1236.4632966518402,False
778,1,106,TargetPresentation,1765549343.1401653,1237.858017206192,False
779,1,106,TargetRemoval,1765549343.2509909,1237.96884226799,True
780,1,106,TargetReappeared,1765549343.5009692,1238.2188212871552,False
781,1,106,LeftResponse,1765549344.0842068,1238.8020582199097,False
782,1,107,FeedbackPeriodStarted,1765549344.104509,1238.822372674942,False
783,1,107,startFixDisplay,1765549344.1045876,1238.822436094284,False
784,1,107,startFixPeriod,1765549344.2365084,1238.954360485077,False
785,1,107,TargetPresentation,1765549344.7500043,1239.467856168747,False
786,1,107,TargetDisplacement,1765549344.874736,1239.5925884246826,True
787,1,107,LeftResponse,1765549345.6730328,1240.390882730484,False
788,1,108,FeedbackPeriodStarted,1765549345.6935263,1240.4113755226135,False
789,1,108,startFixDisplay,1765549345.693591,1240.4114394187927,False
790,1,108,startFixPeriod,1765549345.8186188,1240.5364711284637,False
791,1,108,TargetPresentation,1765549346.4638462,1241.1816954612732,False
792,1,108,TargetDisplacement,1765549346.5817738,1241.2996258735657,True
793,1,108,LeftResponse,1765549347.4007528,1242.1186020374298,False
794,1,108,FeedbackPeriodStarted,1765549347.4076629,1242.1255147457123,False
795,1,109,startFixDisplay,1765549349.4128509,1244.1307032108307,False
796,1,109,startFixPeriod,1765549349.5239472,1244.241798877716,False
797,1,109,TargetPresentation,1765549350.9604392,1245.6782884597778,False
798,1,109,TargetDisplacement,1765549350.9673514,1245.6852014064789,True
799,1,109,LeftResponse,1765549352.348618,1247.066469669342,False
800,1,110,FeedbackPeriodStarted,1765549352.368946,1247.0867981910706,False
801,1,110,startFixDisplay,1765549352.3691049,1247.0869557857513,False
802,1,110,startFixPeriod,1765549352.500935,1247.218787431717,False
803,1,110,TargetPresentation,1765549353.7776535,1248.4955027103424,False
804,1,110,TargetRemoval,1765549353.888676,1248.6065275669098,True
805,1,110,TargetReappeared,1765549354.1384313,1248.8562805652618,False
806,1,110,RightResponse,1765549354.853585,1249.571434020996,False
807,1,111,FeedbackPeriodStarted,1765549354.873946,1249.5917978286743,False
808,1,111,startFixDisplay,1765549354.874104,1249.591954946518,False
809,1,111,startFixPeriod,1765549355.0823364,1249.800188779831,False
810,1,111,TargetPresentation,1765549356.4215682,1251.1394205093384,False
811,1,111,TargetDisplacement,1765549356.5323503,1251.2501990795135,True
812,1,111,LeftResponse,1765549357.2958446,1252.013694524765,False
813,1,112,FeedbackPeriodStarted,1765549357.3164997,1252.0343489646912,False
814,1,112,startFixDisplay,1765549357.3165665,1252.0344150066376,False
815,1,112,startFixPeriod,1765549357.4484296,1252.1662800312042,False
816,1,112,TargetPresentation,1765549358.0034823,1252.7213315963745,False
817,1,112,TargetDisplacement,1765549358.1213882,1252.8392395973206,True
818,1,112,RightResponse,1765549359.0169358,1253.7347869873047,False
819,1,113,FeedbackPeriodStarted,1765549359.037237,1253.7550864219666,False
820,1,113,startFixDisplay,1765549359.0373013,1253.75514960289,False
821,1,113,startFixPeriod,1765549359.176321,1253.8941729068756,False
822,1,113,TargetPresentation,1765549360.0575101,1254.7753596305847,False
823,1,113,TargetDisplacement,1765549360.1684172,1254.8862688541412,True
824,1,113,LeftResponse,1765549360.9391701,1255.6570212841034,False
825,1,114,FeedbackPeriodStarted,1765549360.959464,1255.6773161888123,False
826,1,114,startFixDisplay,1765549360.9596105,1255.6774606704712,False
827,1,114,startFixPeriod,1765549361.0498424,1255.7676944732666,False
828,1,114,TargetPresentation,1765549362.111521,1256.8293731212616,False
829,1,114,TargetDisplacement,1765549362.2293172,1256.947165966034,True
830,1,114,LeftResponse,1765549362.9861858,1257.7040367126465,False
831,1,114,FeedbackPeriodStarted,1765549362.992598,1257.7104496955872,False
832,1,115,startFixDisplay,1765549364.9979074,1259.715756893158,False
833,1,115,startFixPeriod,1765549365.2548816,1259.9727308750153,False
834,1,115,TargetPresentation,1765549366.3304698,1261.048321723938,False
835,1,115,TargetDisplacement,1765549366.4411826,1261.1590316295624,True
836,1,115,LeftResponse,1765549367.4894798,1262.2073295116425,False
837,1,116,FeedbackPeriodStarted,1765549367.5099347,1262.227786540985,False
838,1,116,startFixDisplay,1765549367.5101154,1262.227966785431,False
839,1,116,startFixPeriod,1765549367.641997,1262.3598489761353,False
840,1,116,TargetPresentation,1765549369.0436304,1263.761482477188,False
841,1,116,TargetDisplacement,1765549369.1684906,1263.8863425254822,True
842,1,116,LeftResponse,1765549369.8905606,1264.608410835266,False
843,1,117,FeedbackPeriodStarted,1765549369.910875,1264.6287269592285,False
844,1,117,startFixDisplay,1765549369.9110205,1264.6288712024689,False
845,1,117,startFixPeriod,1765549370.056608,1264.7744596004486,False
846,1,117,TargetPresentation,1765549370.799247,1265.5171082019806,False
847,1,117,TargetDisplacement,1765549370.9170136,1265.634865283966,True
848,1,117,RightResponse,1765549371.84026,1266.5581097602844,False
849,1,118,FeedbackPeriodStarted,1765549371.860683,1266.578532218933,False
850,1,118,startFixDisplay,1765549371.8607473,1266.5785958766937,False
851,1,118,startFixPeriod,1765549372.0690866,1266.786938905716,False
852,1,118,TargetPresentation,1765549373.248623,1267.9664723873138,False
853,1,118,TargetDisplacement,1765549373.366543,1268.0843918323517,True
854,1,118,RightResponse,1765549374.7477653,1269.4656159877777,False
855,1,119,FeedbackPeriodStarted,1765549374.7681956,1269.4860467910767,False
856,1,119,startFixDisplay,1765549374.768339,1269.4861891269684,False
857,1,119,startFixPeriod,1765549374.893337,1269.611189365387,False
858,1,119,TargetPresentation,1765549376.10752,1270.8253700733185,False
859,1,119,TargetDisplacement,1765549376.1144702,1270.8323202133179,True
860,1,119,RightResponse,1765549376.843474,1271.5613255500793,False
861,1,120,FeedbackPeriodStarted,1765549376.8638103,1271.5816621780396,False
862,1,120,startFixDisplay,1765549376.863956,1271.58180642128,False
863,1,120,startFixPeriod,1765549376.9888015,1271.7066521644592,False
864,1,120,TargetPresentation,1765549377.8977542,1272.6156039237976,False
865,1,120,TargetDisplacement,1765549378.0017018,1272.7195508480072,True
866,1,120,LeftResponse,1765549378.8140829,1273.5319347381592,False
867,1,120,FeedbackPeriodStarted,1765549378.8205714,1273.5384209156036,False
868,1,121,startFixDisplay,1765549380.8259661,1275.5438182353973,False
869,1,121,startFixPeriod,1765549380.832952,1275.550803899765,False
870,1,121,TargetPresentation,1765549382.200108,1276.9179604053497,False
871,1,121,TargetDisplacement,1765549382.3178697,1277.0357213020325,True
872,1,121,LeftResponse,1765549383.0119758,1277.7298245429993,False
873,1,122,FeedbackPeriodStarted,1765549383.0257113,1277.7435631752014,False
874,1,122,startFixDisplay,1765549383.0258522,1277.7437028884888,False
875,1,122,startFixPeriod,1765549383.164614,1277.8824660778046,False
876,1,122,TargetPresentation,1765549383.8446372,1278.562489271164,False
877,1,122,TargetDisplacement,1765549383.962428,1278.6802797317505,True
878,1,122,LeftResponse,1765549384.6360278,1279.3538792133331,False
879,1,123,FeedbackPeriodStarted,1765549384.6563969,1279.3742485046387,False
880,1,123,startFixDisplay,1765549384.6565545,1279.3744053840637,False
881,1,123,startFixPeriod,1765549384.7883928,1279.506243944168,False
882,1,123,TargetPresentation,1765549385.32959,1280.047441959381,False
883,1,123,TargetRemoval,1765549385.440408,1280.1582567691803,True
884,1,123,TargetReappeared,1765549385.6905017,1280.408353805542,False
885,1,123,RightResponse,1765549386.5649905,1281.2828419208527,False
886,1,124,FeedbackPeriodStarted,1765549386.5853748,1281.303223848343,False
887,1,124,startFixDisplay,1765549386.585442,1281.303290605545,False
888,1,124,startFixPeriod,1765549386.7104025,1281.4282546043396,False
889,1,124,TargetPresentation,1765549387.9386272,1282.6564772129059,False
890,1,124,TargetRemoval,1765549388.0496118,1282.7674632072449,True
891,1,124,TargetReappeared,1765549388.2994285,1283.0172803401947,False
892,1,124,LeftResponse,1765549388.9659293,1283.6837804317474,False
893,1,125,FeedbackPeriodStarted,1765549388.9862547,1283.7041039466858,False
894,1,125,startFixDisplay,1765549388.986325,1283.704173564911,False
895,1,125,startFixPeriod,1765549389.1252377,1283.8430898189545,False
896,1,125,TargetPresentation,1765549390.4714327,1285.1892845630646,False
897,1,125,TargetDisplacement,1765549390.4783401,1285.196189403534,True
898,1,125,RightResponse,1765549391.5958,1286.3136489391327,False
899,1,126,FeedbackPeriodStarted,1765549391.6162074,1286.334056854248,False
900,1,126,startFixDisplay,1765549391.6162739,1286.3341224193573,False
901,1,126,startFixPeriod,1765549391.7551794,1286.473031759262,False
902,1,126,TargetPresentation,1765549392.3172426,1287.0350947380066,False
903,1,126,TargetRemoval,1765549392.4351373,1287.152988910675,True
904,1,126,TargetReappeared,1765549392.6849544,1287.4028055667877,False
905,1,126,LeftResponse,1765549393.1778693,1287.8957192897797,False
906,1,126,FeedbackPeriodStarted,1765549393.1844966,1287.9023458957672,False
907,1,127,startFixDisplay,1765549395.189805,1289.9076573848724,False
908,1,127,startFixPeriod,1765549395.405036,1290.1228866577148,False
909,1,127,TargetPresentation,1765549396.2099226,1290.927771806717,False
910,1,127,TargetDisplacement,1765549396.334762,1291.0526134967804,True
911,1,127,RightResponse,1765549397.1609113,1291.8787622451782,False
912,1,128,FeedbackPeriodStarted,1765549397.1813667,1291.8992185592651,False
913,1,128,startFixDisplay,1765549397.1814902,1291.899338722229,False
914,1,128,startFixPeriod,1765549397.3133414,1292.0311925411224,False
915,1,128,TargetPresentation,1765549398.6733806,1293.391230583191,False
916,1,128,TargetRemoval,1765549398.7912734,1293.5091252326965,True
917,1,128,TargetReappeared,1765549399.0411847,1293.7590367794037,False
918,1,128,LeftResponse,1765549399.4856453,1294.2034964561462,False
919,1,129,FeedbackPeriodStarted,1765549399.512852,1294.230703830719,False
920,1,129,startFixDisplay,1765549399.5129824,1294.2308328151703,False
921,1,129,startFixPeriod,1765549399.6587389,1294.3765888214111,False
922,1,129,TargetPresentation,1765549400.3942778,1295.1121273040771,False
923,1,129,TargetRemoval,1765549400.5120795,1295.2299311161041,True
924,1,129,TargetReappeared,1765549400.7620473,1295.4798991680145,False
925,1,129,RightResponse,1765549401.5256746,1296.2435264587402,False
926,1,130,FeedbackPeriodStarted,1765549401.546027,1296.263878583908,False
927,1,130,startFixDisplay,1765549401.5461874,1296.2640380859375,False
928,1,130,startFixPeriod,1765549401.6502752,1296.3681275844574,False
929,1,130,TargetPresentation,1765549402.5869768,1297.304829120636,False
930,1,130,TargetRemoval,1765549402.5939066,1297.3117566108704,True
931,1,130,TargetReappeared,1765549402.8437707,1297.5616216659546,False
932,1,130,LeftResponse,1765549403.7250786,1298.4429278373718,False
933,1,131,FeedbackPeriodStarted,1765549403.7388957,1298.456744670868,False
934,1,131,startFixDisplay,1765549403.7389596,1298.45680809021,False
935,1,131,startFixPeriod,1765549403.8776853,1298.595537185669,False
936,1,131,TargetPresentation,1765549405.0851042,1299.8029565811157,False
937,1,131,TargetDisplacement,1765549405.202873,1299.9207246303558,True
938,1,131,LeftResponse,1765549406.4384801,1301.156329870224,False
939,1,131,FeedbackPeriodStarted,1765549406.472651,1301.1905000209808,False
940,2,132,startFixDisplay,1765549417.748563,1312.4664120674133,False
941,2,132,startFixPeriod,1765549417.755697,1312.4735486507416,False
942,2,132,TargetPresentation,1765549418.2901268,1313.0079793930054,False
943,2,132,TargetRemoval,1765549418.4079993,1313.1258511543274,True
944,2,132,TargetReappeared,1765549418.65788,1313.3757314682007,False
945,2,132,LeftResponse,1765549419.0813901,1313.7992405891418,False
946,2,133,FeedbackPeriodStarted,1765549419.1019645,1313.819816827774,False
947,2,133,startFixDisplay,1765549419.1021464,1313.8199970722198,False
948,2,133,startFixPeriod,1765549419.2477105,1313.9655606746674,False
949,2,133,TargetPresentation,1765549420.593783,1315.3116331100464,False
950,2,133,TargetDisplacement,1765549420.7187655,1315.4366176128387,True
951,2,133,RightResponse,1765549421.4753788,1316.1932299137115,False
952,2,134,FeedbackPeriodStarted,1765549421.4958239,1316.2136754989624,False
953,2,134,startFixDisplay,1765549421.4959657,1316.2138164043427,False
954,2,134,startFixPeriod,1765549421.627793,1316.3456437587738,False
955,2,134,TargetPresentation,1765549422.3146722,1317.0325224399567,False
956,2,134,TargetDisplacement,1765549422.4325376,1317.1503863334656,True
957,2,134,RightResponse,1765549423.2865443,1318.00439453125,False
958,2,135,FeedbackPeriodStarted,1765549423.3068733,1318.0247225761414,False
959,2,135,startFixDisplay,1765549423.3069375,1318.0247857570648,False
960,2,135,startFixPeriod,1765549423.4320204,1318.1498725414276,False
961,2,135,TargetPresentation,1765549424.188311,1318.9061632156372,False
962,2,135,TargetDisplacement,1765549424.3129835,1319.0308349132538,True
963,2,135,LeftResponse,1765549425.3405194,1320.0583708286285,False
964,2,136,FeedbackPeriodStarted,1765549425.3609207,1320.0787725448608,False
965,2,136,startFixDisplay,1765549425.3610914,1320.0789420604706,False
966,2,136,startFixPeriod,1765549425.506715,1320.2245671749115,False
967,2,136,TargetPresentation,1765549426.630846,1321.3486981391907,False
968,2,136,TargetDisplacement,1765549426.7416666,1321.4595153331757,True
969,2,136,LeftResponse,1765549427.6511805,1322.3690311908722,False
970,2,137,FeedbackPeriodStarted,1765549427.6716325,1322.3894846439362,False
971,2,137,startFixDisplay,1765549427.6717854,1322.3896362781525,False
972,2,137,startFixPeriod,1765549427.7896738,1322.5075242519379,False
973,2,137,TargetPresentation,1765549428.2891884,1323.0070402622223,False
974,2,137,TargetDisplacement,1765549428.4001687,1323.1180202960968,True
975,2,137,RightResponse,1765549429.27471,1323.9925599098206,False
976,2,138,FeedbackPeriodStarted,1765549429.295305,1324.0131568908691,False
977,2,138,startFixDisplay,1765549429.2954528,1324.0133032798767,False
978,2,138,startFixPeriod,1765549429.4065318,1324.1243815422058,False
979,2,138,TargetPresentation,1765549429.9824977,1324.7003500461578,False
980,2,138,TargetDisplacement,1765549430.1002347,1324.818086385727,True
981,2,138,RightResponse,1765549430.836254,1325.5541052818298,False
982,2,138,FeedbackPeriodStarted,1765549430.8428462,1325.5606985092163,False
983,2,139,startFixDisplay,1765549432.8479714,1327.5658204555511,False
984,2,139,startFixPeriod,1765549433.1258025,1327.8436539173126,False
985,2,139,TargetPresentation,1765549433.6462252,1328.3640775680542,False
986,2,139,TargetDisplacement,1765549433.7709632,1328.4888122081757,True
987,2,139,LeftResponse,1765549434.6247704,1329.3426208496094,False
988,2,140,FeedbackPeriodStarted,1765549434.645202,1329.3630511760712,False
989,2,140,startFixDisplay,1765549434.6452672,1329.363115787506,False
990,2,140,startFixPeriod,1765549434.7703218,1329.4881739616394,False
991,2,140,TargetPresentation,1765549436.1789122,1330.8967616558075,False
992,2,140,TargetDisplacement,1765549436.296788,1331.014639377594,True
993,2,140,RightResponse,1765549437.2202258,1331.93807721138,False
994,2,141,FeedbackPeriodStarted,1765549437.240575,1331.9584267139435,False
995,2,141,startFixDisplay,1765549437.2407217,1331.9585723876953,False
996,2,141,startFixPeriod,1765549437.3655696,1332.083421945572,False
997,2,141,TargetPresentation,1765549438.1635609,1332.881412744522,False
998,2,141,TargetDisplacement,1765549438.2814586,1332.9993104934692,True
999,2,141,LeftResponse,1765549439.0589335,1333.7767844200134,False
1000,2,142,FeedbackPeriodStarted,1765549439.0794003,1333.7972519397736,False
1001,2,142,startFixDisplay,1765549439.0795465,1333.797396659851,False
1002,2,142,startFixPeriod,1765549439.2182426,1333.9360930919647,False
1003,2,142,TargetPresentation,1765549440.002291,1334.7201402187347,False
1004,2,142,TargetDisplacement,1765549440.1272123,1334.8450639247894,True
1005,2,142,LeftResponse,1765549440.883901,1335.6017513275146,False
1006,2,143,FeedbackPeriodStarted,1765549440.904401,1335.6222531795502,False
1007,2,143,startFixDisplay,1765549440.9045396,1335.6223902702332,False
1008,2,143,startFixPeriod,1765549441.0363271,1335.754179239273,False
1009,2,143,TargetPresentation,1765549441.6747253,1336.3925774097443,False
1010,2,143,TargetDisplacement,1765549441.785554,1336.503402709961,True
1011,2,143,LeftResponse,1765549442.4729528,1337.190803527832,False
1012,2,144,FeedbackPeriodStarted,1765549442.493359,1337.2112090587616,False
1013,2,144,startFixDisplay,1765549442.4934502,1337.2112991809845,False
1014,2,144,startFixPeriod,1765549442.6322951,1337.3501472473145,False
1015,2,144,TargetPresentation,1765549443.1319182,1337.8497700691223,False
1016,2,144,TargetDisplacement,1765549443.2427669,1337.9606156349182,True
1017,2,144,LeftResponse,1765549444.2494628,1338.9673128128052,False
1018,2,144,FeedbackPeriodStarted,1765549444.2559435,1338.9737927913666,False
1019,2,145,startFixDisplay,1765549446.2681556,1340.9860050678253,False
1020,2,145,startFixPeriod,1765549446.4834836,1341.2013347148895,False
1021,2,145,TargetPresentation,1765549447.3716753,1342.0895273685455,False
1022,2,145,TargetDisplacement,1765549447.4826374,1342.2004890441895,True
1023,2,145,LeftResponse,1765549448.1489544,1342.8668036460876,False
1024,2,146,FeedbackPeriodStarted,1765549448.169573,1342.8874220848083,False
1025,2,146,startFixDisplay,1765549448.1696372,1342.8874852657318,False
1026,2,146,startFixPeriod,1765549448.3015018,1343.0193531513214,False
1027,2,146,TargetPresentation,1765549448.8774407,1343.5952923297882,False
1028,2,146,TargetDisplacement,1765549448.953725,1343.6715769767761,True
1029,2,146,RightResponse,1765549449.7657824,1344.483631849289,False
1030,2,147,FeedbackPeriodStarted,1765549449.7863789,1344.5042300224304,False
1031,2,147,startFixDisplay,1765549449.7865212,1344.5043711662292,False
1032,2,147,startFixPeriod,1765549449.9182105,1344.6360602378845,False
1033,2,147,TargetPresentation,1765549450.924387,1345.642238855362,False
1034,2,147,TargetRemoval,1765549451.0562673,1345.774118423462,True
1035,2,147,TargetReappeared,1765549451.3060443,1346.0238959789276,False
1036,2,147,RightResponse,1765549452.2432404,1346.9610919952393,False
1037,2,148,FeedbackPeriodStarted,1765549452.2635744,1346.981426000595,False
1038,2,148,startFixDisplay,1765549452.2637088,1346.9815592765808,False
1039,2,148,startFixPeriod,1765549452.402466,1347.1203162670135,False
1040,2,148,TargetPresentation,1765549453.5404928,1348.2583446502686,False
1041,2,148,TargetDisplacement,1765549453.616667,1348.3345184326172,True
1042,2,148,LeftResponse,1765549454.4428225,1349.1606721878052,False
1043,2,149,FeedbackPeriodStarted,1765549454.4632998,1349.1811513900757,False
1044,2,149,startFixDisplay,1765549454.4634466,1349.181296825409,False
1045,2,149,startFixPeriod,1765549454.602153,1349.320003271103,False
1046,2,149,TargetPresentation,1765549455.3515146,1350.0693664550781,False
1047,2,149,TargetDisplacement,1765549455.4624517,1350.1803030967712,True
1048,2,149,LeftResponse,1765549456.198433,1350.9162838459015,False
1049,2,150,FeedbackPeriodStarted,1765549456.218805,1350.9366540908813,False
1050,2,150,startFixDisplay,1765549456.2188728,1350.936721086502,False
1051,2,150,startFixPeriod,1765549456.3438153,1351.0616669654846,False
1052,2,150,TargetPresentation,1765549457.4194396,1352.1372916698456,False
1053,2,150,TargetDisplacement,1765549457.537243,1352.255094051361,True
1054,2,150,RightResponse,1765549458.3841865,1353.102037191391,False
1055,2,150,FeedbackPeriodStarted,1765549458.3907645,1353.1086161136627,False
1056,2,151,startFixDisplay,1765549460.3959951,1355.1138439178467,False
1057,2,151,startFixPeriod,1765549460.562794,1355.280643939972,False
1058,2,151,TargetPresentation,1765549462.013012,1356.7308609485626,False
1059,2,151,TargetRemoval,1765549462.1379166,1356.8557679653168,True
1060,2,151,TargetReappeared,1765549462.3877904,1357.105642080307,False
1061,2,151,RightResponse,1765549463.7200484,1358.4378974437714,False
1062,2,152,FeedbackPeriodStarted,1765549463.7407422,1358.458591222763,False
1063,2,152,startFixDisplay,1765549463.7408056,1358.458654165268,False
1064,2,152,startFixPeriod,1765549463.872747,1358.59059715271,False
1065,2,152,TargetPresentation,1765549465.1772103,1359.8950593471527,False
1066,2,152,TargetRemoval,1765549465.2952285,1360.0130801200867,True
1067,2,152,TargetReappeared,1765549465.5451076,1360.2629597187042,False
1068,2,152,LeftResponse,1765549466.620809,1361.3386585712433,False
1069,2,153,FeedbackPeriodStarted,1765549466.641303,1361.3591544628143,False
1070,2,153,startFixDisplay,1765549466.6414506,1361.359300851822,False
1071,2,153,startFixPeriod,1765549466.766398,1361.484249830246,False
1072,2,153,TargetPresentation,1765549467.432485,1362.1503369808197,False
1073,2,153,TargetRemoval,1765549467.5641594,1362.2820105552673,True
1074,2,153,TargetReappeared,1765549467.8140266,1362.5318756103516,False
1075,2,153,LeftResponse,1765549468.626225,1363.3440749645233,False
1076,2,154,FeedbackPeriodStarted,1765549468.6465416,1363.3643908500671,False
1077,2,154,startFixDisplay,1765549468.6466055,1363.3644540309906,False
1078,2,154,startFixPeriod,1765549468.7786772,1363.4965279102325,False
1079,2,154,TargetPresentation,1765549470.0206835,1364.738533258438,False
1080,2,154,TargetRemoval,1765549470.1455905,1364.863439321518,True
1081,2,154,TargetReappeared,1765549470.3954647,1365.1133165359497,False
1082,2,154,RightResponse,1765549471.0410452,1365.7588956356049,False
1083,2,155,FeedbackPeriodStarted,1765549471.0613337,1365.7791829109192,False
1084,2,155,startFixDisplay,1765549471.0613978,1365.7792460918427,False
1085,2,155,startFixPeriod,1765549471.2073426,1365.9251945018768,False
1086,2,155,TargetPresentation,1765549472.2759352,1366.9937872886658,False
1087,2,155,TargetDisplacement,1765549472.4005811,1367.1184298992157,True
1088,2,155,LeftResponse,1765549473.233659,1367.9515089988708,False
1089,2,156,FeedbackPeriodStarted,1765549473.254311,1367.9721629619598,False
1090,2,156,startFixDisplay,1765549473.254459,1367.9723093509674,False
1091,2,156,startFixPeriod,1765549473.4000497,1368.1178994178772,False
1092,2,156,TargetPresentation,1765549474.1772788,1368.8951303958893,False
1093,2,156,TargetRemoval,1765549474.2949831,1369.0128319263458,True
1094,2,156,TargetReappeared,1765549474.544999,1369.2628481388092,False
1095,2,156,LeftResponse,1765549475.1142714,1369.83212184906,False
1096,2,156,FeedbackPeriodStarted,1765549475.1279283,1369.845779657364,False
1097,2,157,startFixDisplay,1765549477.1400943,1371.8579459190369,False
1098,2,157,startFixPeriod,1765549477.3621929,1372.0800423622131,False
1099,2,157,TargetPresentation,1765549478.6113167,1373.3291685581207,False
1100,2,157,TargetRemoval,1765549478.750003,1373.467852115631,True
1101,2,157,TargetReappeared,1765549478.9998684,1373.7177186012268,False
1102,2,157,RightResponse,1765549479.7565908,1374.4744420051575,False
1103,2,158,FeedbackPeriodStarted,1765549479.7769814,1374.4948327541351,False
1104,2,158,startFixDisplay,1765549479.777309,1374.4951615333557,False
1105,2,158,startFixPeriod,1765549479.9089408,1374.6267926692963,False
1106,2,158,TargetPresentation,1765549481.1162999,1375.8341512680054,False
1107,2,158,TargetDisplacement,1765549481.2341475,1375.9519987106323,True
1108,2,158,LeftResponse,1765549482.0464795,1376.764330625534,False
1109,2,159,FeedbackPeriodStarted,1765549482.0666995,1376.7845487594604,False
1110,2,159,startFixDisplay,1765549482.0667608,1376.784609079361,False
1111,2,159,startFixPeriod,1765549482.2126787,1376.9305303096771,False
1112,2,159,TargetPresentation,1765549483.3576016,1378.075451850891,False
1113,2,159,TargetDisplacement,1765549483.4684725,1378.1863236427307,True
1114,2,159,RightResponse,1765549484.3363159,1379.0541670322418,False
1115,2,160,FeedbackPeriodStarted,1765549484.3636458,1379.081494808197,False
1116,2,160,startFixDisplay,1765549484.3637116,1379.0815598964691,False
1117,2,160,startFixPeriod,1765549484.4955826,1379.2134339809418,False
1118,2,160,TargetPresentation,1765549485.7098832,1380.4277324676514,False
1119,2,160,TargetRemoval,1765549485.8348143,1380.5526654720306,True
1120,2,160,TargetReappeared,1765549486.084557,1380.802408695221,False
1121,2,160,LeftResponse,1765549486.8204916,1381.5383429527283,False
1122,2,161,FeedbackPeriodStarted,1765549486.8478627,1381.5657141208649,False
1123,2,161,startFixDisplay,1765549486.8480043,1381.5658543109894,False
1124,2,161,startFixPeriod,1765549486.97282,1381.6906712055206,False
1125,2,161,TargetPresentation,1765549488.0829551,1382.8008043766022,False
1126,2,161,TargetDisplacement,1765549488.2009826,1382.9188334941864,True
1127,2,161,LeftResponse,1765549489.026958,1383.7448074817657,False
1128,2,162,FeedbackPeriodStarted,1765549489.0475438,1383.7653951644897,False
1129,2,162,startFixDisplay,1765549489.0476878,1383.7655382156372,False
1130,2,162,startFixPeriod,1765549489.1794703,1383.897322177887,False
1131,2,162,TargetPresentation,1765549490.1440074,1384.8618569374084,False
1132,2,162,TargetDisplacement,1765549490.2548575,1384.972708940506,True
1133,2,162,RightResponse,1765549491.0047746,1385.7226257324219,False
1134,2,162,FeedbackPeriodStarted,1765549491.011218,1385.7290697097778,False
1135,2,163,startFixDisplay,1765549493.0166078,1387.7344591617584,False
1136,2,163,startFixPeriod,1765549493.0860076,1387.8038585186005,False
1137,2,163,TargetPresentation,1765549493.6204848,1388.3383362293243,False
1138,2,163,TargetDisplacement,1765549493.738275,1388.4561264514923,True
1139,2,163,RightResponse,1765549494.710153,1389.4280042648315,False
1140,2,164,FeedbackPeriodStarted,1765549494.7305727,1389.4484243392944,False
1141,2,164,startFixDisplay,1765549494.7307076,1389.4485578536987,False
1142,2,164,startFixPeriod,1765549494.8625662,1389.5804178714752,False
1143,2,164,TargetPresentation,1765549496.1046474,1390.8224992752075,False
1144,2,164,TargetDisplacement,1765549496.222449,1390.9403002262115,True
1145,2,164,RightResponse,1765549497.09716,1391.8150107860565,False
1146,2,165,FeedbackPeriodStarted,1765549497.1245813,1391.842432975769,False
1147,2,165,startFixDisplay,1765549497.1246998,1391.8425483703613,False
1148,2,165,startFixPeriod,1765549497.2565722,1391.9744238853455,False
1149,2,165,TargetPresentation,1765549498.2348976,1392.9527492523193,False
1150,2,165,TargetDisplacement,1765549498.3527293,1393.0705780982971,True
1151,2,165,LeftResponse,1765549499.1580408,1393.875890493393,False
1152,2,166,FeedbackPeriodStarted,1765549499.1784947,1393.8963463306427,False
1153,2,166,startFixDisplay,1765549499.178636,1393.8964862823486,False
1154,2,166,startFixPeriod,1765549499.2966177,1394.0144684314728,False
1155,2,166,TargetPresentation,1765549499.817049,1394.5349006652832,False
1156,2,166,TargetDisplacement,1765549499.9418895,1394.6597409248352,True
1157,2,166,LeftResponse,1765549500.754171,1395.4720215797424,False
1158,2,167,FeedbackPeriodStarted,1765549500.774512,1395.4923634529114,False
1159,2,167,startFixDisplay,1765549500.7746522,1395.492502450943,False
1160,2,167,startFixPeriod,1765549500.913379,1395.6312310695648,False
1161,2,167,TargetPresentation,1765549501.5309258,1396.2487757205963,False
1162,2,167,TargetRemoval,1765549501.6419141,1396.3597629070282,True
1163,2,167,TargetReappeared,1765549501.8918214,1396.6096732616425,False
1164,2,167,RightResponse,1765549502.5374265,1397.2552773952484,False
1165,2,168,FeedbackPeriodStarted,1765549502.5578923,1397.2757415771484,False
1166,2,168,startFixDisplay,1765549502.557957,1397.275805234909,False
1167,2,168,startFixPeriod,1765549502.7592022,1397.4770526885986,False
1168,2,168,TargetPresentation,1765549503.7792182,1398.4970700740814,False
1169,2,168,TargetDisplacement,1765549503.8901637,1398.6080145835876,True
1170,2,168,LeftResponse,1765549504.626134,1399.3439848423004,False
1171,2,168,FeedbackPeriodStarted,1765549504.6325755,1399.3504271507263,False
1172,2,169,startFixDisplay,1765549506.6378965,1401.355746269226,False
1173,2,169,startFixPeriod,1765549506.644885,1401.3627338409424,False
1174,2,169,TargetPresentation,1765549507.3874474,1402.1052968502045,False
1175,2,169,TargetRemoval,1765549507.519232,1402.2370829582214,True
1176,2,169,TargetReappeared,1765549507.7691987,1402.4870483875275,False
1177,2,169,LeftResponse,1765549508.4426181,1403.160469532013,False
1178,2,170,FeedbackPeriodStarted,1765549508.4630167,1403.1808683872223,False
1179,2,170,startFixDisplay,1765549508.46319,1403.1810405254364,False
1180,2,170,startFixPeriod,1765549508.588012,1403.3058614730835,False
1181,2,170,TargetPresentation,1765549509.4137518,1404.1316034793854,False
1182,2,170,TargetDisplacement,1765549509.5246146,1404.2424657344818,True
1183,2,170,LeftResponse,1765549510.2258732,1404.9437222480774,False
1184,2,171,FeedbackPeriodStarted,1765549510.246308,1404.9641597270966,False
1185,2,171,startFixDisplay,1765549510.246451,1404.9643013477325,False
1186,2,171,startFixPeriod,1765549510.3990378,1405.1168882846832,False
1187,2,171,TargetPresentation,1765549510.8987062,1405.6165554523468,False
1188,2,171,TargetDisplacement,1765549511.016513,1405.7343640327454,True
1189,2,171,LeftResponse,1765549511.7802997,1406.4981501102448,False
1190,2,172,FeedbackPeriodStarted,1765549511.8076296,1406.5254814624786,False
1191,2,172,startFixDisplay,1765549511.8077679,1406.525618314743,False
1192,2,172,startFixPeriod,1765549511.9256637,1406.6435153484344,False
1193,2,172,TargetPresentation,1765549512.702838,1407.4206895828247,False
1194,2,172,TargetDisplacement,1765549512.8137581,1407.5316095352173,True
1195,2,172,LeftResponse,1765549513.4664605,1408.184310913086,False
1196,2,173,FeedbackPeriodStarted,1765549513.486898,1408.204749584198,False
1197,2,173,startFixDisplay,1765549513.4870417,1408.2048919200897,False
1198,2,173,startFixPeriod,1765549513.62578,1408.343632221222,False
1199,2,173,TargetPresentation,1765549514.8262005,1409.5440511703491,False
1200,2,173,TargetRemoval,1765549514.937016,1409.6548645496368,True
1201,2,173,TargetReappeared,1765549515.187085,1409.9049367904663,False
1202,2,173,LeftResponse,1765549515.7424679,1410.4603185653687,False
1203,2,174,FeedbackPeriodStarted,1765549515.7628534,1410.4807047843933,False
1204,2,174,startFixDisplay,1765549515.7629955,1410.4808456897736,False
1205,2,174,startFixPeriod,1765549515.9017754,1410.61962723732,False
1206,2,174,TargetPresentation,1765549517.1438656,1411.861717224121,False
1207,2,174,TargetDisplacement,1765549517.2616692,1411.979520559311,True
1208,2,174,RightResponse,1765549518.2334502,1412.9513001441956,False
1209,2,174,FeedbackPeriodStarted,1765549518.2402053,1412.9580574035645,False
1210,2,175,startFixDisplay,1765549520.2524679,1414.9703195095062,False
1211,2,175,startFixPeriod,1765549520.391427,1415.1092789173126,False
1212,2,175,TargetPresentation,1765549521.7166994,1416.4345512390137,False
1213,2,175,TargetDisplacement,1765549521.8345025,1416.5523533821106,True
1214,2,175,LeftResponse,1765549522.5219398,1417.2397909164429,False
1215,2,176,FeedbackPeriodStarted,1765549522.5423577,1417.2602093219757,False
1216,2,176,startFixDisplay,1765549522.5425,1417.260350227356,False
1217,2,176,startFixPeriod,1765549522.68816,1417.4060118198395,False
1218,2,176,TargetPresentation,1765549523.6873996,1418.4052512645721,False
1219,2,176,TargetDisplacement,1765549523.8120441,1418.5298929214478,True
1220,2,176,RightResponse,1765549524.4791982,1419.1970481872559,False
1221,2,177,FeedbackPeriodStarted,1765549524.499132,1419.216980934143,False
1222,2,177,startFixDisplay,1765549524.4991956,1419.217043876648,False
1223,2,177,startFixPeriod,1765549524.6311347,1419.3489849567413,False
1224,2,177,TargetPresentation,1765549525.630257,1420.3481059074402,False
1225,2,177,TargetDisplacement,1765549525.7551033,1420.4729521274567,True
1226,2,177,LeftResponse,1765549526.4910955,1421.2089459896088,False
1227,2,178,FeedbackPeriodStarted,1765549526.5114436,1421.229295015335,False
1228,2,178,startFixDisplay,1765549526.5115838,1421.2294337749481,False
1229,2,178,startFixPeriod,1765549526.6364923,1421.3543441295624,False
1230,2,178,TargetPresentation,1765549527.2263262,1421.9441781044006,False
1231,2,178,TargetDisplacement,1765549527.351015,1422.068864107132,True
1232,2,178,LeftResponse,1765549528.281211,1422.9990611076355,False
1233,2,179,FeedbackPeriodStarted,1765549528.3017228,1423.0195744037628,False
1234,2,179,startFixDisplay,1765549528.301865,1423.019715309143,False
1235,2,179,startFixPeriod,1765549528.4406168,1423.1584677696228,False
1236,2,179,TargetPresentation,1765549528.9402382,1423.6580884456635,False
1237,2,179,TargetRemoval,1765549529.0649836,1423.7828345298767,True
1238,2,179,TargetReappeared,1765549529.31502,1424.032871723175,False
1239,2,179,RightResponse,1765549530.0508122,1424.7686636447906,False
1240,2,180,FeedbackPeriodStarted,1765549530.0712483,1424.7891011238098,False
1241,2,180,startFixDisplay,1765549530.0714164,1424.7892670631409,False
1242,2,180,startFixPeriod,1765549530.2031896,1424.9210395812988,False
1243,2,180,TargetPresentation,1765549531.6603706,1426.3782227039337,False
1244,2,180,TargetRemoval,1765549531.778212,1426.4960634708405,True
1245,2,180,TargetReappeared,1765549532.0281136,1426.745965719223,False
1246,2,180,LeftResponse,1765549532.590574,1427.3084251880646,False
1247,2,180,FeedbackPeriodStarted,1765549532.5969641,1427.3148155212402,False
1248,2,181,startFixDisplay,1765549534.6026864,1429.3205354213715,False
1249,2,181,startFixPeriod,1765549534.8384025,1429.556253194809,False
1250,2,181,TargetPresentation,1765549536.2817287,1430.9995803833008,False
1251,2,181,TargetRemoval,1765549536.3996897,1431.1175413131714,True
1252,2,181,TargetReappeared,1765549536.6494715,1431.36732172966,False
1253,2,181,LeftResponse,1765549537.2119281,1431.9297795295715,False
1254,2,182,FeedbackPeriodStarted,1765549537.2322705,1431.9501197338104,False
1255,2,182,startFixDisplay,1765549537.2323334,1431.950181722641,False
1256,2,182,startFixPeriod,1765549537.3712323,1432.089082956314,False
1257,2,182,TargetPresentation,1765549538.044191,1432.7620422840118,False
1258,2,182,TargetDisplacement,1765549538.162105,1432.879956960678,True
1259,2,182,LeftResponse,1765549539.002229,1433.7200803756714,False
1260,2,183,FeedbackPeriodStarted,1765549539.0226855,1433.7405371665955,False
1261,2,183,startFixDisplay,1765549539.0228326,1433.7406830787659,False
1262,2,183,startFixPeriod,1765549539.1337192,1433.8515708446503,False
1263,2,183,TargetPresentation,1765549539.7860088,1434.50386095047,False
1264,2,183,TargetDisplacement,1765549539.9038131,1434.621661901474,True
1265,2,183,LeftResponse,1765549540.6882792,1435.4061295986176,False
1266,2,184,FeedbackPeriodStarted,1765549540.708804,1435.426655292511,False
1267,2,184,startFixDisplay,1765549540.7089481,1435.4267966747284,False
1268,2,184,startFixPeriod,1765549540.8475556,1435.5654067993164,False
1269,2,184,TargetPresentation,1765549542.034279,1436.7521307468414,False
1270,2,184,TargetDisplacement,1765549542.159111,1436.8769626617432,True
1271,2,184,LeftResponse,1765549542.832375,1437.5502235889435,False
1272,2,185,FeedbackPeriodStarted,1765549542.852927,1437.5707759857178,False
1273,2,185,startFixDisplay,1765549542.8529894,1437.5708377361298,False
1274,2,185,startFixPeriod,1765549542.950096,1437.6679472923279,False
1275,2,185,TargetPresentation,1765549543.5122967,1438.2301483154297,False
1276,2,185,TargetDisplacement,1765549543.6300313,1438.3478825092316,True
1277,2,185,LeftResponse,1765549544.3868115,1439.1046605110168,False
1278,2,186,FeedbackPeriodStarted,1765549544.4072442,1439.125093460083,False
1279,2,186,startFixDisplay,1765549544.4073071,1439.1251556873322,False
1280,2,186,startFixPeriod,1765549544.553162,1439.2710137367249,False
1281,2,186,TargetPresentation,1765549545.087437,1439.8052887916565,False
1282,2,186,TargetDisplacement,1765549545.191322,1439.909173488617,True
1283,2,186,RightResponse,1765549546.073036,1440.7908864021301,False
1284,2,186,FeedbackPeriodStarted,1765549546.0795522,1440.7974038124084,False
1285,2,187,startFixDisplay,1765549548.0919206,1442.809770822525,False
1286,2,187,startFixPeriod,1765549548.0989616,1442.8168132305145,False
1287,2,187,TargetPresentation,1765549549.1259408,1443.8437922000885,False
1288,2,187,TargetDisplacement,1765549549.2577133,1443.9755647182465,True
1289,2,187,LeftResponse,1765549549.97979,1444.6976413726807,False
1290,2,188,FeedbackPeriodStarted,1765549550.000213,1444.718064069748,False
1291,2,188,startFixDisplay,1765549550.000357,1444.7182068824768,False
1292,2,188,startFixPeriod,1765549550.1389873,1444.856837272644,False
1293,2,188,TargetPresentation,1765549550.8954253,1445.6132769584656,False
1294,2,188,TargetDisplacement,1765549551.0062203,1445.7240691184998,True
1295,2,188,LeftResponse,1765549551.742167,1446.4600162506104,False
1296,2,189,FeedbackPeriodStarted,1765549551.7627761,1446.4806277751923,False
1297,2,189,startFixDisplay,1765549551.7629116,1446.4807617664337,False
1298,2,189,startFixPeriod,1765549551.9015903,1446.619441986084,False
1299,2,189,TargetPresentation,1765549553.3587868,1448.0766382217407,False
1300,2,189,TargetDisplacement,1765549553.4836254,1448.2014772891998,True
1301,2,189,RightResponse,1765549554.1085603,1448.8264112472534,False
1302,2,190,FeedbackPeriodStarted,1765549554.1288805,1448.8467321395874,False
1303,2,190,startFixDisplay,1765549554.1290152,1448.8468658924103,False
1304,2,190,startFixPeriod,1765549554.2677786,1448.985630273819,False
1305,2,190,TargetPresentation,1765549554.829904,1449.5477554798126,False
1306,2,190,TargetDisplacement,1765549554.9546373,1449.6724886894226,True
1307,2,190,LeftResponse,1765549555.9890084,1450.706859588623,False
1308,2,191,FeedbackPeriodStarted,1765549556.0094144,1450.7272655963898,False
1309,2,191,startFixDisplay,1765549556.0095553,1450.7274057865143,False
1310,2,191,startFixPeriod,1765549556.141359,1450.8592109680176,False
1311,2,191,TargetPresentation,1765549556.779758,1451.4976072311401,False
1312,2,191,TargetRemoval,1765549556.8975518,1451.615403175354,True
1313,2,191,TargetReappeared,1765549557.1475194,1451.8653709888458,False
1314,2,191,LeftResponse,1765549558.0150878,1452.7329378128052,False
1315,2,192,FeedbackPeriodStarted,1765549558.035559,1452.753410100937,False
1316,2,192,startFixDisplay,1765549558.0357018,1452.7535517215729,False
1317,2,192,startFixPeriod,1765549558.167562,1452.885413646698,False
1318,2,192,TargetPresentation,1765549559.4511812,1454.1690328121185,False
1319,2,192,TargetRemoval,1765549559.568997,1454.2868456840515,True
1320,2,192,TargetReappeared,1765549559.818933,1454.5367844104767,False
1321,2,192,LeftResponse,1765549560.4369397,1455.154791355133,False
1322,2,192,FeedbackPeriodStarted,1765549560.4504957,1455.1683478355408,False
1323,2,193,startFixDisplay,1765549562.4555974,1457.1734461784363,False
1324,2,193,startFixPeriod,1765549562.6985083,1457.416357755661,False
1325,2,193,TargetPresentation,1765549564.1003053,1458.8181545734406,False
1326,2,193,TargetDisplacement,1765549564.218212,1458.9360604286194,True
1327,2,193,RightResponse,1765549565.419113,1460.1369626522064,False
1328,2,194,FeedbackPeriodStarted,1765549565.4395878,1460.1574392318726,False
1329,2,194,startFixDisplay,1765549565.4397316,1460.1575815677643,False
1330,2,194,startFixPeriod,1765549565.5714014,1460.2892503738403,False
1331,2,194,TargetPresentation,1765549566.9523973,1461.670248746872,False
1332,2,194,TargetDisplacement,1765549567.0770535,1461.7949068546295,True
1333,2,194,LeftResponse,1765549567.681153,1462.3990020751953,False
1334,2,195,FeedbackPeriodStarted,1765549567.7016764,1462.4195275306702,False
1335,2,195,startFixDisplay,1765549567.701817,1462.4196672439575,False
1336,2,195,startFixPeriod,1765549567.8405292,1462.558379650116,False
1337,2,195,TargetPresentation,1765549568.6663394,1463.384191274643,False
1338,2,195,TargetDisplacement,1765549568.7910893,1463.5089406967163,True
1339,2,195,RightResponse,1765549569.9086387,1464.626488685608,False
1340,2,196,FeedbackPeriodStarted,1765549569.9291837,1464.6470329761505,False
1341,2,196,startFixDisplay,1765549569.9292462,1464.647094488144,False
1342,2,196,startFixPeriod,1765549570.047256,1464.7651054859161,False
1343,2,196,TargetPresentation,1765549570.6578515,1465.3757033348083,False
1344,2,196,TargetDisplacement,1765549570.7826748,1465.5005259513855,True
1345,2,196,LeftResponse,1765549571.7058454,1466.4236962795258,False
1346,2,197,FeedbackPeriodStarted,1765549571.7263546,1466.4442059993744,False
1347,2,197,startFixDisplay,1765549571.7264931,1466.444343328476,False
1348,2,197,startFixPeriod,1765549571.8651648,1466.5830144882202,False
1349,2,197,TargetPresentation,1765549573.0171008,1467.73495221138,False
1350,2,197,TargetRemoval,1765549573.1419134,1467.8597621917725,True
1351,2,197,TargetReappeared,1765549573.3918085,1468.1096601486206,False
1352,2,197,RightResponse,1765549574.2454922,1468.9633419513702,False
1353,2,197,FeedbackPeriodStarted,1765549574.2869325,1469.0047838687897,False
1354,3,198,startFixDisplay,1765549578.6306367,1473.3484880924225,False
1355,3,198,startFixPeriod,1765549578.651551,1473.3694024085999,False
1356,3,198,TargetPresentation,1765549580.150447,1474.86829829216,False
1357,3,198,TargetRemoval,1765549580.2751904,1474.9930391311646,True
1358,3,198,TargetReappeared,1765549580.5251813,1475.2430324554443,False
1359,3,198,LeftResponse,1765549581.2609081,1475.9787590503693,False
1360,3,199,FeedbackPeriodStarted,1765549581.281415,1475.9992661476135,False
1361,3,199,startFixDisplay,1765549581.28155,1475.999400138855,False
1362,3,199,startFixPeriod,1765549581.413474,1476.1313259601593,False
1363,3,199,TargetPresentation,1765549582.3292916,1477.0471415519714,False
1364,3,199,TargetRemoval,1765549582.4471445,1477.1649932861328,True
1365,3,199,TargetReappeared,1765549582.6971028,1477.4149549007416,False
1366,3,199,RightResponse,1765549583.2943075,1478.012158870697,False
1367,3,200,FeedbackPeriodStarted,1765549583.3214703,1478.0393216609955,False
1368,3,200,startFixDisplay,1765549583.3216124,1478.0394628047943,False
1369,3,200,startFixPeriod,1765549583.4609234,1478.178776025772,False
1370,3,200,TargetPresentation,1765549584.8759606,1479.5938124656677,False
1371,3,200,TargetRemoval,1765549585.000842,1479.7186934947968,True
1372,3,200,TargetReappeared,1765549585.2507913,1479.9686431884766,False
1373,3,200,RightResponse,1765549585.8129299,1480.530779838562,False
1374,3,201,FeedbackPeriodStarted,1765549585.8333125,1480.5511617660522,False
1375,3,201,startFixDisplay,1765549585.8333797,1480.5512282848358,False
1376,3,201,startFixPeriod,1765549585.9792068,1480.6970584392548,False
1377,3,201,TargetPresentation,1765549586.652307,1481.3701560497284,False
1378,3,201,TargetDisplacement,1765549586.7979026,1481.5157539844513,True
1379,3,201,LeftResponse,1765549587.3951478,1482.1129989624023,False
1380,3,202,FeedbackPeriodStarted,1765549587.4154162,1482.1332654953003,False
1381,3,202,startFixDisplay,1765549587.4154844,1482.1333329677582,False
1382,3,202,startFixPeriod,1765549587.547454,1482.2653036117554,False
1383,3,202,TargetPresentation,1765549588.5813448,1483.2991943359375,False
1384,3,202,TargetDisplacement,1765549588.6922913,1483.4101424217224,True
1385,3,202,RightResponse,1765549589.4838345,1484.2016859054565,False
1386,3,203,FeedbackPeriodStarted,1765549589.5042045,1484.222056388855,False
1387,3,203,startFixDisplay,1765549589.5043304,1484.2221794128418,False
1388,3,203,startFixPeriod,1765549589.684757,1484.40260887146,False
1389,3,203,TargetPresentation,1765549590.3786166,1485.096468448639,False
1390,3,203,TargetDisplacement,1765549590.4965286,1485.214379787445,True
1391,3,203,RightResponse,1765549591.2462401,1485.96409034729,False
1392,3,204,FeedbackPeriodStarted,1765549591.2665782,1485.9844272136688,False
1393,3,204,startFixDisplay,1765549591.266641,1485.9844896793365,False
1394,3,204,startFixPeriod,1765549591.4125457,1486.1303963661194,False
1395,3,204,TargetPresentation,1765549592.5158718,1487.2337234020233,False
1396,3,204,TargetDisplacement,1765549592.6337745,1487.3516261577606,True
1397,3,204,LeftResponse,1765549593.4804823,1488.1983315944672,False
1398,3,204,FeedbackPeriodStarted,1765549593.487272,1488.2051210403442,False
1399,3,205,startFixDisplay,1765549595.4994972,1490.2173488140106,False
1400,3,205,startFixPeriod,1765549595.756395,1490.4742467403412,False
1401,3,205,TargetPresentation,1765549596.845897,1491.5637488365173,False
1402,3,205,TargetDisplacement,1765549596.9636428,1491.6814939975739,True
1403,3,205,RightResponse,1765549598.032641,1492.75049161911,False
1404,3,206,FeedbackPeriodStarted,1765549598.0532162,1492.771068096161,False
1405,3,206,startFixDisplay,1765549598.0533712,1492.7712194919586,False
1406,3,206,startFixPeriod,1765549598.1920218,1492.9098734855652,False
1407,3,206,TargetPresentation,1765549599.323093,1494.0409433841705,False
1408,3,206,TargetRemoval,1765549599.4409838,1494.1588351726532,True
1409,3,206,TargetReappeared,1765549599.6908615,1494.4087135791779,False
1410,3,206,RightResponse,1765549600.843088,1495.5609393119812,False
1411,3,207,FeedbackPeriodStarted,1765549600.863308,1495.5811569690704,False
1412,3,207,startFixDisplay,1765549600.8633695,1495.5812180042267,False
1413,3,207,startFixPeriod,1765549601.009268,1495.7271184921265,False
1414,3,207,TargetPresentation,1765549602.2999349,1497.0177869796753,False
1415,3,207,TargetRemoval,1765549602.4177408,1497.1355919837952,True
1416,3,207,TargetReappeared,1765549602.6677048,1497.3855566978455,False
1417,3,207,RightResponse,1765549603.2301579,1497.9480090141296,False
1418,3,208,FeedbackPeriodStarted,1765549603.2504551,1497.9683065414429,False
1419,3,208,startFixDisplay,1765549603.2506032,1497.9684534072876,False
1420,3,208,startFixPeriod,1765549603.3894627,1498.1073145866394,False
1421,3,208,TargetPresentation,1765549604.4579928,1499.1758422851562,False
1422,3,208,TargetDisplacement,1765549604.5757868,1499.2936379909515,True
1423,3,208,LeftResponse,1765549605.3531802,1500.071029663086,False
1424,3,209,FeedbackPeriodStarted,1765549605.3738918,1500.0917434692383,False
1425,3,209,startFixDisplay,1765549605.3740242,1500.0918745994568,False
1426,3,209,startFixPeriod,1765549605.5127575,1500.230609178543,False
1427,3,209,TargetPresentation,1765549606.8381414,1501.5559933185577,False
1428,3,209,TargetDisplacement,1765549606.9560788,1501.6739313602448,True
1429,3,209,LeftResponse,1765549607.6364143,1502.3542652130127,False
1430,3,210,FeedbackPeriodStarted,1765549607.6567569,1502.3746085166931,False
1431,3,210,startFixDisplay,1765549607.6569102,1502.3747606277466,False
1432,3,210,startFixPeriod,1765549607.7817557,1502.4996073246002,False
1433,3,210,TargetPresentation,1765549608.4409688,1503.1588201522827,False
1434,3,210,TargetRemoval,1765549608.55188,1503.2697312831879,True
1435,3,210,TargetReappeared,1765549608.8018396,1503.5196912288666,False
1436,3,210,RightResponse,1765549609.2808666,1503.998717546463,False
1437,3,210,FeedbackPeriodStarted,1765549609.2873735,1504.005223274231,False
1438,3,211,startFixDisplay,1765549611.292899,1506.0107505321503,False
1439,3,211,startFixPeriod,1765549611.299784,1506.017635345459,False
1440,3,211,TargetPresentation,1765549612.729258,1507.4471077919006,False
1441,3,211,TargetRemoval,1765549612.8402743,1507.5581257343292,True
1442,3,211,TargetReappeared,1765549613.0901706,1507.8080220222473,False
1443,3,211,LeftResponse,1765549613.5966988,1508.3145480155945,False
1444,3,212,FeedbackPeriodStarted,1765549613.617386,1508.3352377414703,False
1445,3,212,startFixDisplay,1765549613.6175275,1508.3353776931763,False
1446,3,212,startFixPeriod,1765549613.7424517,1508.460303068161,False
1447,3,212,TargetPresentation,1765549614.6028457,1509.3206973075867,False
1448,3,212,TargetRemoval,1765549614.7137885,1509.4316396713257,True
1449,3,212,TargetReappeared,1765549614.96368,1509.6815316677094,False
1450,3,212,RightResponse,1765549615.4494505,1510.1672995090485,False
1451,3,213,FeedbackPeriodStarted,1765549615.4701583,1510.1880099773407,False
1452,3,213,startFixDisplay,1765549615.4702828,1510.1881310939789,False
1453,3,213,startFixPeriod,1765549615.609017,1510.3268690109253,False
1454,3,213,TargetPresentation,1765549616.8788655,1511.5967168807983,False
1455,3,213,TargetDisplacement,1765549617.0036323,1511.721483707428,True
1456,3,213,RightResponse,1765549617.7255318,1512.4433813095093,False
1457,3,214,FeedbackPeriodStarted,1765549617.746453,1512.4643020629883,False
1458,3,214,startFixDisplay,1765549617.7465155,1512.4643638134003,False
1459,3,214,startFixPeriod,1765549617.8850951,1512.6029472351074,False
1460,3,214,TargetPresentation,1765549618.5651128,1513.2829649448395,False
1461,3,214,TargetRemoval,1765549618.6691213,1513.3869700431824,True
1462,3,214,TargetReappeared,1765549618.9190357,1513.6368851661682,False
1463,3,214,RightResponse,1765549619.4952142,1514.2130644321442,False
1464,3,215,FeedbackPeriodStarted,1765549619.5156093,1514.2334611415863,False
1465,3,215,startFixDisplay,1765549619.5157528,1514.2336030006409,False
1466,3,215,startFixPeriod,1765549619.6892343,1514.4070858955383,False
1467,3,215,TargetPresentation,1765549620.9590833,1515.6769354343414,False
1468,3,215,TargetRemoval,1765549621.0561206,1515.7739717960358,True
1469,3,215,TargetReappeared,1765549621.3060067,1516.0238583087921,False
1470,3,215,RightResponse,1765549621.8618414,1516.5796918869019,False
1471,3,216,FeedbackPeriodStarted,1765549621.8816793,1516.5995285511017,False
1472,3,216,startFixDisplay,1765549621.881762,1516.5996115207672,False
1473,3,216,startFixPeriod,1765549621.9929395,1516.7107908725739,False
1474,3,216,TargetPresentation,1765549622.7562535,1517.4741051197052,False
1475,3,216,TargetDisplacement,1765549622.8880215,1517.605872631073,True
1476,3,216,LeftResponse,1765549624.0332742,1518.7511246204376,False
1477,3,216,FeedbackPeriodStarted,1765549624.046913,1518.764764547348,False
1478,3,217,startFixDisplay,1765549626.059028,1520.7768769264221,False
1479,3,217,startFixPeriod,1765549626.295218,1521.0130686759949,False
1480,3,217,TargetPresentation,1765549627.4470925,1522.1649420261383,False
1481,3,217,TargetDisplacement,1765549627.571875,1522.2897262573242,True
1482,3,217,RightResponse,1765549628.3492982,1523.0671472549438,False
1483,3,218,FeedbackPeriodStarted,1765549628.369895,1523.0877466201782,False
1484,3,218,startFixDisplay,1765549628.3700466,1523.0878961086273,False
1485,3,218,startFixPeriod,1765549628.508791,1523.2266426086426,False
1486,3,218,TargetPresentation,1765549629.5079386,1524.2257902622223,False
1487,3,218,TargetRemoval,1765549629.6189067,1524.336757659912,True
1488,3,218,TargetReappeared,1765549629.8687665,1524.586618423462,False
1489,3,218,LeftResponse,1765549630.549137,1525.2669887542725,False
1490,3,219,FeedbackPeriodStarted,1765549630.5693944,1525.2872433662415,False
1491,3,219,startFixDisplay,1765549630.5694623,1525.2873106002808,False
1492,3,219,startFixPeriod,1765549630.722165,1525.440015077591,False
1493,3,219,TargetPresentation,1765549631.9018931,1526.619745016098,False
1494,3,219,TargetDisplacement,1765549632.0058713,1526.7237224578857,True
1495,3,219,RightResponse,1765549632.87367,1527.591521024704,False
1496,3,220,FeedbackPeriodStarted,1765549632.8943048,1527.6121563911438,False
1497,3,220,startFixDisplay,1765549632.894451,1527.61230134964,False
1498,3,220,startFixPeriod,1765549633.1648366,1527.8826882839203,False
1499,3,220,TargetPresentation,1765549634.4485786,1529.166430234909,False
1500,3,220,TargetDisplacement,1765549634.4555116,1529.1733634471893,True
1501,3,220,LeftResponse,1765549635.4342182,1530.1520681381226,False
1502,3,221,FeedbackPeriodStarted,1765549635.4546034,1530.172455072403,False
1503,3,221,startFixDisplay,1765549635.454748,1530.172598361969,False
1504,3,221,startFixPeriod,1765549635.5865695,1530.3044199943542,False
1505,3,221,TargetPresentation,1765549636.7870197,1531.504869222641,False
1506,3,221,TargetDisplacement,1765549636.9048362,1531.6226875782013,True
1507,3,221,LeftResponse,1765549637.6338756,1532.3517265319824,False
1508,3,222,FeedbackPeriodStarted,1765549637.6543179,1532.3721690177917,False
1509,3,222,startFixDisplay,1765549637.6544585,1532.372308731079,False
1510,3,222,startFixPeriod,1765549637.765507,1532.483357667923,False
1511,3,222,TargetPresentation,1765549639.243485,1533.9613354206085,False
1512,3,222,TargetDisplacement,1765549639.3543265,1534.0721776485443,True
1513,3,222,LeftResponse,1765549640.4442647,1535.1621158123016,False
1514,3,222,FeedbackPeriodStarted,1765549640.4508584,1535.1687099933624,False
1515,3,223,startFixDisplay,1765549642.4631922,1537.181044101715,False
1516,3,223,startFixPeriod,1765549642.6574824,1537.375334262848,False
1517,3,223,TargetPresentation,1765549643.6567013,1538.3745532035828,False
1518,3,223,TargetDisplacement,1765549643.7744238,1538.4922723770142,True
1519,3,223,RightResponse,1765549644.8922212,1539.6100723743439,False
1520,3,224,FeedbackPeriodStarted,1765549644.9126048,1539.6304564476013,False
1521,3,224,startFixDisplay,1765549644.9127464,1539.6305966377258,False
1522,3,224,startFixPeriod,1765549645.1208513,1539.8387033939362,False
1523,3,224,TargetPresentation,1765549645.9256551,1540.6435050964355,False
1524,3,224,TargetDisplacement,1765549645.960378,1540.6782269477844,True
1525,3,224,LeftResponse,1765549647.18202,1541.8998708724976,False
1526,3,225,FeedbackPeriodStarted,1765549647.2094066,1541.9272558689117,False
1527,3,225,startFixDisplay,1765549647.2094743,1541.927322626114,False
1528,3,225,startFixPeriod,1765549647.3342857,1542.052137374878,False
1529,3,225,TargetPresentation,1765549647.9519804,1542.6698322296143,False
1530,3,225,TargetDisplacement,1765549648.0628479,1542.7806990146637,True
1531,3,225,LeftResponse,1765549649.062632,1543.7804820537567,False
1532,3,226,FeedbackPeriodStarted,1765549649.0828166,1543.8006656169891,False
1533,3,226,startFixDisplay,1765549649.0828807,1543.8007290363312,False
1534,3,226,startFixPeriod,1765549649.2287588,1543.9466109275818,False
1535,3,226,TargetPresentation,1765549650.0197864,1544.7376375198364,False
1536,3,226,TargetDisplacement,1765549650.1446264,1544.8624775409698,True
1537,3,226,LeftResponse,1765549651.5395749,1546.257423877716,False
1538,3,227,FeedbackPeriodStarted,1765549651.5601742,1546.2780261039734,False
1539,3,227,startFixDisplay,1765549651.5603197,1546.2781705856323,False
1540,3,227,startFixPeriod,1765549651.706004,1546.4238555431366,False
1541,3,227,TargetPresentation,1765549653.073,1547.790851354599,False
1542,3,227,TargetRemoval,1765549653.1908,1547.9086508750916,True
1543,3,227,TargetReappeared,1765549653.4406998,1548.1585507392883,False
1544,3,227,RightResponse,1765549654.1624708,1548.8803205490112,False
1545,3,228,FeedbackPeriodStarted,1765549654.1829956,1548.900844335556,False
1546,3,228,startFixDisplay,1765549654.1830773,1548.90092587471,False
1547,3,228,startFixPeriod,1765549654.2109337,1548.9287853240967,False
1548,3,228,TargetPresentation,1765549655.0713305,1549.7891819477081,False
1549,3,228,TargetDisplacement,1765549655.1962082,1549.91405916214,True
1550,3,228,RightResponse,1765549656.1541612,1550.8720123767853,False
1551,3,228,FeedbackPeriodStarted,1765549656.1607606,1550.8786096572876,False
1552,3,229,startFixDisplay,1765549658.1662319,1552.884088754654,False
1553,3,229,startFixPeriod,1765549658.3674562,1553.0853078365326,False
1554,3,229,TargetPresentation,1765549659.08221,1553.8000614643097,False
1555,3,229,TargetDisplacement,1765549659.213969,1553.9318199157715,True
1556,3,229,LeftResponse,1765549660.0467637,1554.7646129131317,False
1557,3,230,FeedbackPeriodStarted,1765549660.0674238,1554.7852728366852,False
1558,3,230,startFixDisplay,1765549660.0674872,1554.78533577919,False
1559,3,230,startFixPeriod,1765549660.206326,1554.9241774082184,False
1560,3,230,TargetPresentation,1765549660.934914,1555.652765750885,False
1561,3,230,TargetDisplacement,1765549661.0458808,1555.7637321949005,True
1562,3,230,RightResponse,1765549662.0453074,1556.7631576061249,False
1563,3,231,FeedbackPeriodStarted,1765549662.0658581,1556.7837100028992,False
1564,3,231,startFixDisplay,1765549662.0659966,1556.7838468551636,False
1565,3,231,startFixPeriod,1765549662.211669,1556.9295182228088,False
1566,3,231,TargetPresentation,1765549663.5716836,1558.289532661438,False
1567,3,231,TargetDisplacement,1765549663.6895852,1558.4074363708496,True
1568,3,231,RightResponse,1765549664.7169034,1559.4347548484802,False
1569,3,232,FeedbackPeriodStarted,1765549664.737274,1559.45512342453,False
1570,3,232,startFixDisplay,1765549664.7373483,1559.4551973342896,False
1571,3,232,startFixPeriod,1765549664.8763258,1559.594176530838,False
1572,3,232,TargetPresentation,1765549665.9656868,1560.6835379600525,False
1573,3,232,TargetRemoval,1765549666.0766025,1560.7944512367249,True
1574,3,232,TargetReappeared,1765549666.3265417,1561.04439163208,False
1575,3,232,LeftResponse,1765549667.055439,1561.7732903957367,False
1576,3,233,FeedbackPeriodStarted,1765549667.0759504,1561.7938022613525,False
1577,3,233,startFixDisplay,1765549667.0761287,1561.7939791679382,False
1578,3,233,startFixPeriod,1765549667.2980897,1562.0159420967102,False
1579,3,233,TargetPresentation,1765549668.3042474,1563.0220980644226,False
1580,3,233,TargetDisplacement,1765549668.4289594,1563.1468105316162,True
1581,3,233,LeftResponse,1765549669.3939755,1564.1118268966675,False
1582,3,234,FeedbackPeriodStarted,1765549669.4213078,1564.1391594409943,False
1583,3,234,startFixDisplay,1765549669.4214568,1564.1393070220947,False
1584,3,234,startFixPeriod,1765549669.5601747,1564.2780261039734,False
1585,3,234,TargetPresentation,1765549670.4414194,1565.1592683792114,False
1586,3,234,TargetDisplacement,1765549670.5592515,1565.2771027088165,True
1587,3,234,RightResponse,1765549671.3993516,1566.117202758789,False
1588,3,234,FeedbackPeriodStarted,1765549671.405855,1566.123706817627,False
1589,3,235,startFixDisplay,1765549673.4110756,1568.1289246082306,False
1590,3,235,startFixPeriod,1765549673.4181633,1568.1360142230988,False
1591,3,235,TargetPresentation,1765549674.0289972,1568.7468490600586,False
1592,3,235,TargetRemoval,1765549674.15372,1568.8715708255768,True
1593,3,235,TargetReappeared,1765549674.4035826,1569.1214318275452,False
1594,3,235,RightResponse,1765549675.229451,1569.9472999572754,False
1595,3,236,FeedbackPeriodStarted,1765549675.2500477,1569.9678993225098,False
1596,3,236,startFixDisplay,1765549675.250204,1569.9680542945862,False
1597,3,236,startFixPeriod,1765549675.3751495,1570.0929999351501,False
1598,3,236,TargetPresentation,1765549676.082897,1570.8007488250732,False
1599,3,236,TargetDisplacement,1765549676.1937616,1570.9116127490997,True
1600,3,236,RightResponse,1765549677.248772,1571.966621875763,False
1601,3,237,FeedbackPeriodStarted,1765549677.2693532,1571.9872047901154,False
1602,3,237,startFixDisplay,1765549677.2694862,1571.987336397171,False
1603,3,237,startFixPeriod,1765549677.436033,1572.1538848876953,False
1604,3,237,TargetPresentation,1765549678.9279177,1573.6457698345184,False
1605,3,237,TargetRemoval,1765549679.045619,1573.7634677886963,True
1606,3,237,TargetReappeared,1765549679.2956505,1574.013501405716,False
1607,3,237,LeftResponse,1765549679.962022,1574.6798722743988,False
1608,3,238,FeedbackPeriodStarted,1765549679.9825394,1574.7003910541534,False
1609,3,238,startFixDisplay,1765549679.9826765,1574.7005269527435,False
1610,3,238,startFixPeriod,1765549680.1768212,1574.8946731090546,False
1611,3,238,TargetPresentation,1765549681.314951,1576.0328030586243,False
1612,3,238,TargetDisplacement,1765549681.432753,1576.1506044864655,True
1613,3,238,LeftResponse,1765549682.3075123,1577.025362253189,False
1614,3,239,FeedbackPeriodStarted,1765549682.3281267,1577.0459787845612,False
1615,3,239,startFixDisplay,1765549682.3283384,1577.046198606491,False
1616,3,239,startFixPeriod,1765549682.494592,1577.2124438285828,False
1617,3,239,TargetPresentation,1765549683.799165,1578.5170166492462,False
1618,3,239,TargetDisplacement,1765549683.923864,1578.6417150497437,True
1619,3,239,RightResponse,1765549684.7708755,1579.48872590065,False
1620,3,240,FeedbackPeriodStarted,1765549684.798288,1579.5161395072937,False
1621,3,240,startFixDisplay,1765549684.7984304,1579.5162806510925,False
1622,3,240,startFixPeriod,1765549684.9302225,1579.6480729579926,False
1623,3,240,TargetPresentation,1765549685.4506454,1580.1684970855713,False
1624,3,240,TargetRemoval,1765549685.6171148,1580.3349664211273,True
1625,3,240,TargetReappeared,1765549685.8668787,1580.5847284793854,False
1626,3,240,LeftResponse,1765549686.630537,1581.3483881950378,False
1627,3,240,FeedbackPeriodStarted,1765549686.6440833,1581.361935377121,False
1628,3,241,startFixDisplay,1765549688.6563215,1583.3741731643677,False
1629,3,241,startFixPeriod,1765549688.8993225,1583.6171729564667,False
1630,3,241,TargetPresentation,1765549689.4544177,1584.1722679138184,False
1631,3,241,TargetDisplacement,1765549689.5930774,1584.310929775238,True
1632,3,241,LeftResponse,1765549690.3707206,1585.088570356369,False
1633,3,242,FeedbackPeriodStarted,1765549690.3981066,1585.1159586906433,False
1634,3,242,startFixDisplay,1765549690.398249,1585.1160991191864,False
1635,3,242,startFixPeriod,1765549690.523138,1585.24098944664,False
1636,3,242,TargetPresentation,1765549691.7026067,1586.4204561710358,False
1637,3,242,TargetDisplacement,1765549691.820435,1586.538283586502,True
1638,3,242,LeftResponse,1765549692.681376,1587.3992261886597,False
1639,3,243,FeedbackPeriodStarted,1765549692.7018328,1587.4196844100952,False
1640,3,243,startFixDisplay,1765549692.7019753,1587.419825553894,False
1641,3,243,startFixPeriod,1765549692.8406858,1587.5585360527039,False
1642,3,243,TargetPresentation,1765549693.6178937,1588.3357450962067,False
1643,3,243,TargetRemoval,1765549693.7288585,1588.4467098712921,True
1644,3,243,TargetReappeared,1765549693.9787395,1588.6965909004211,False
1645,3,243,RightResponse,1765549694.5687115,1589.286560535431,False
1646,3,244,FeedbackPeriodStarted,1765549694.5892348,1589.3070862293243,False
1647,3,244,startFixDisplay,1765549694.5893788,1589.3072290420532,False
1648,3,244,startFixPeriod,1765549694.714175,1589.4320266246796,False
1649,3,244,TargetPresentation,1765549696.1228936,1590.8407454490662,False
1650,3,244,TargetDisplacement,1765549696.2476134,1590.9654622077942,True
1651,3,244,LeftResponse,1765549697.0527654,1591.7706143856049,False
1652,3,245,FeedbackPeriodStarted,1765549697.0734165,1591.7912681102753,False
1653,3,245,startFixDisplay,1765549697.0735044,1591.7913529872894,False
1654,3,245,startFixPeriod,1765549697.233183,1591.951034784317,False
1655,3,245,TargetPresentation,1765549698.329484,1593.0473356246948,False
1656,3,245,TargetDisplacement,1765549698.4612691,1593.1791207790375,True
1657,3,245,RightResponse,1765549699.301277,1594.019127368927,False
1658,3,246,FeedbackPeriodStarted,1765549699.3285384,1594.0463874340057,False
1659,3,246,startFixDisplay,1765549699.3286018,1594.0464503765106,False
1660,3,246,startFixPeriod,1765549699.4605672,1594.1784172058105,False
1661,3,246,TargetPresentation,1765549700.2098818,1594.9277312755585,False
1662,3,246,TargetDisplacement,1765549700.334835,1595.0526864528656,True
1663,3,246,LeftResponse,1765549701.0429597,1595.7608108520508,False
1664,3,246,FeedbackPeriodStarted,1765549701.0564795,1595.77432847023,False
1665,3,247,startFixDisplay,1765549703.068605,1597.7864537239075,False
1666,3,247,startFixPeriod,1765549703.4227805,1598.1406321525574,False
1667,3,247,TargetPresentation,1765549704.1791008,1598.8969504833221,False
1668,3,247,TargetDisplacement,1765549704.29,1599.0078511238098,True
1669,3,247,LeftResponse,1765549705.2272341,1599.9450855255127,False
1670,3,248,FeedbackPeriodStarted,1765549705.2544496,1599.97229886055,False
1671,3,248,startFixDisplay,1765549705.2545164,1599.972365140915,False
1672,3,248,startFixPeriod,1765549705.3865428,1600.1043937206268,False
1673,3,248,TargetPresentation,1765549706.3302655,1601.0481173992157,False
1674,3,248,TargetDisplacement,1765549706.46886,1601.1867108345032,True
1675,3,248,RightResponse,1765549707.3295255,1602.0473754405975,False
1676,3,249,FeedbackPeriodStarted,1765549707.3500478,1602.0678968429565,False
1677,3,249,startFixDisplay,1765549707.3501232,1602.0679717063904,False
1678,3,249,startFixPeriod,1765549707.4821513,1602.200002670288,False
1679,3,249,TargetPresentation,1765549708.3772204,1603.0950720310211,False
1680,3,249,TargetDisplacement,1765549708.4951305,1603.2129819393158,True
1681,3,249,LeftResponse,1765549709.217096,1603.9349477291107,False
1682,3,250,FeedbackPeriodStarted,1765549709.237632,1603.955482006073,False
1683,3,250,startFixDisplay,1765549709.2377307,1603.9555797576904,False
1684,3,250,startFixPeriod,1765549709.3694713,1604.0873227119446,False
1685,3,250,TargetPresentation,1765549710.6878903,1605.4057393074036,False
1686,3,250,TargetDisplacement,1765549710.7988248,1605.5166759490967,True
1687,3,250,LeftResponse,1765549712.006555,1606.724404335022,False
1688,3,251,FeedbackPeriodStarted,1765549712.0271046,1606.7449567317963,False
1689,3,251,startFixDisplay,1765549712.027251,1606.7451014518738,False
1690,3,251,startFixPeriod,1765549712.165955,1606.8838064670563,False
1691,3,251,TargetPresentation,1765549713.6370373,1608.3548884391785,False
1692,3,251,TargetDisplacement,1765549713.754839,1608.4726877212524,True
1693,3,251,RightResponse,1765549714.7336469,1609.4514977931976,False
1694,3,252,FeedbackPeriodStarted,1765549714.7541192,1609.4719705581665,False
1695,3,252,startFixDisplay,1765549714.754264,1609.4721140861511,False
1696,3,252,startFixPeriod,1765549714.8860798,1609.603931903839,False
1697,3,252,TargetPresentation,1765549716.3015466,1611.0193979740143,False
1698,3,252,TargetRemoval,1765549716.4194465,1611.1372952461243,True
1699,3,252,TargetReappeared,1765549716.6693504,1611.3872003555298,False
1700,3,252,LeftResponse,1765549717.2870817,1612.0049314498901,False
1701,3,252,FeedbackPeriodStarted,1765549717.2939122,1612.0117635726929,False
1702,3,253,startFixDisplay,1765549719.3061018,1614.0239531993866,False
1703,3,253,startFixPeriod,1765549719.5559886,1614.2738399505615,False
1704,3,253,TargetPresentation,1765549720.888391,1615.6062428951263,False
1705,3,253,TargetDisplacement,1765549721.0061865,1615.7240376472473,True
1706,3,253,RightResponse,1765549721.700589,1616.4184403419495,False
1707,3,254,FeedbackPeriodStarted,1765549721.7209032,1616.4387545585632,False
1708,3,254,startFixDisplay,1765549721.7210455,1616.4388959407806,False
1709,3,254,startFixPeriod,1765549721.8598516,1616.5777032375336,False
1710,3,254,TargetPresentation,1765549722.7203135,1617.4381651878357,False
1711,3,254,TargetDisplacement,1765549722.8311718,1617.5490231513977,True
1712,3,254,RightResponse,1765549723.7753828,1618.4932341575623,False
1713,3,255,FeedbackPeriodStarted,1765549723.7957234,1618.5135750770569,False
1714,3,255,startFixDisplay,1765549723.7958574,1618.5137078762054,False
1715,3,255,startFixPeriod,1765549723.934491,1618.6523401737213,False
1716,3,255,TargetPresentation,1765549724.6146579,1619.332509279251,False
1717,3,255,TargetDisplacement,1765549724.7254884,1619.4433398246765,True
1718,3,255,RightResponse,1765549725.4197097,1620.1375586986542,False
1719,3,256,FeedbackPeriodStarted,1765549725.4403133,1620.1581649780273,False
1720,3,256,startFixDisplay,1765549725.4404547,1620.1583049297333,False
1721,3,256,startFixPeriod,1765549725.5792036,1620.2970552444458,False
1722,3,256,TargetPresentation,1765549726.966986,1621.6848375797272,False
1723,3,256,TargetRemoval,1765549727.0777717,1621.7956204414368,True
1724,3,256,TargetReappeared,1765549727.3277688,1622.0456340312958,False
1725,3,256,RightResponse,1765549727.9664447,1622.6842942237854,False
1726,3,257,FeedbackPeriodStarted,1765549727.986965,1622.7048165798187,False
1727,3,257,startFixDisplay,1765549727.9871373,1622.7049872875214,False
1728,3,257,startFixPeriod,1765549728.1327412,1622.850592136383,False
1729,3,257,TargetPresentation,1765549728.895946,1623.6137957572937,False
1730,3,257,TargetDisplacement,1765549729.013837,1623.7316880226135,True
1731,3,257,LeftResponse,1765549729.6386886,1624.3565382957458,False
1732,3,258,FeedbackPeriodStarted,1765549729.6592722,1624.3771238327026,False
1733,3,258,startFixDisplay,1765549729.6594136,1624.3772637844086,False
1734,3,258,startFixPeriod,1765549729.8190212,1624.536873102188,False
1735,3,258,TargetPresentation,1765549730.8111289,1625.5289778709412,False
1736,3,258,TargetRemoval,1765549730.935954,1625.65380525589,True
1737,3,258,TargetReappeared,1765549731.1859393,1625.9037911891937,False
1738,3,258,RightResponse,1765549731.8037605,1626.521610736847,False
1739,3,258,FeedbackPeriodStarted,1765549731.8173852,1626.535234451294,False
1740,3,259,startFixDisplay,1765549733.8295782,1628.5474298000336,False
1741,3,259,startFixPeriod,1765549733.8712819,1628.5891335010529,False
1742,3,259,TargetPresentation,1765549734.5305529,1629.2484045028687,False
1743,3,259,TargetRemoval,1765549734.6623423,1629.3801939487457,True
1744,3,259,TargetReappeared,1765549734.9122267,1629.6300780773163,False
1745,3,259,RightResponse,1765549735.4745972,1630.192447900772,False
1746,3,260,FeedbackPeriodStarted,1765549735.4950907,1630.2129471302032,False
1747,3,260,startFixDisplay,1765549735.4952078,1630.2130563259125,False
1748,3,260,startFixPeriod,1765549735.6268892,1630.3447387218475,False
1749,3,260,TargetPresentation,1765549736.9106526,1631.6285042762756,False
1750,3,260,TargetRemoval,1765549737.02855,1631.7464015483856,True
1751,3,260,TargetReappeared,1765549737.2784219,1631.9962735176086,False
1752,3,260,LeftResponse,1765549737.7575533,1632.4754045009613,False
1753,3,261,FeedbackPeriodStarted,1765549737.7778988,1632.495750427246,False
1754,3,261,startFixDisplay,1765549737.778041,1632.4958910942078,False
1755,3,261,startFixPeriod,1765549737.9168391,1632.6346907615662,False
1756,3,261,TargetPresentation,1765549738.548228,1633.2660779953003,False
1757,3,261,TargetDisplacement,1765549738.6452236,1633.3630747795105,True
1758,3,261,RightResponse,1765549739.5269191,1634.2447700500488,False
1759,3,262,FeedbackPeriodStarted,1765549739.554197,1634.2720460891724,False
1760,3,262,startFixDisplay,1765549739.5542629,1634.2721111774445,False
1761,3,262,startFixPeriod,1765549739.6862528,1634.4041047096252,False
1762,3,262,TargetPresentation,1765549740.2552993,1634.9731516838074,False
1763,3,262,TargetDisplacement,1765549740.3730843,1635.0909361839294,True
1764,3,262,LeftResponse,1765549741.2548249,1635.9726758003235,False
1765,3,263,FeedbackPeriodStarted,1765549741.2821367,1635.9999878406525,False
1766,3,263,startFixDisplay,1765549741.282278,1636.0001282691956,False
1767,3,263,startFixPeriod,1765549741.5182128,1636.23606467247,False
1768,3,263,TargetPresentation,1765549742.7325191,1637.4503710269928,False
1769,3,263,TargetRemoval,1765549742.8572912,1637.5751423835754,True
1770,3,263,TargetReappeared,1765549743.1072545,1637.8251061439514,False
1771,3,263,LeftResponse,1765549743.960883,1638.6787326335907,False
1772,3,263,FeedbackPeriodStarted,1765549744.002265,1638.7201163768768,False
1773,4,264,startFixDisplay,1765549748.9982424,1643.7160909175873,False
1774,4,264,startFixPeriod,1765549749.0051384,1643.7229871749878,False
1775,4,264,TargetPresentation,1765549750.414051,1645.1319272518158,False
1776,4,264,TargetDisplacement,1765549750.5318556,1645.2497067451477,True
1777,4,264,RightResponse,1765549752.0518,1646.7696497440338,False
1778,4,265,FeedbackPeriodStarted,1765549752.0724032,1646.7902545928955,False
1779,4,265,startFixDisplay,1765549752.0725458,1646.7903943061829,False
1780,4,265,startFixPeriod,1765549752.2043273,1646.9221794605255,False
1781,4,265,TargetPresentation,1765549753.4672596,1648.185111284256,False
1782,4,265,TargetRemoval,1765549753.494716,1648.212564945221,True
1783,4,265,TargetReappeared,1765549753.7447495,1648.4625990390778,False
1784,4,265,RightResponse,1765549754.5152109,1649.2330617904663,False
1785,4,266,FeedbackPeriodStarted,1765549754.5357118,1649.2535631656647,False
1786,4,266,startFixDisplay,1765549754.535858,1649.2537081241608,False
1787,4,266,startFixPeriod,1765549754.6537147,1649.3715641498566,False
1788,4,266,TargetPresentation,1765549755.7571418,1650.474993467331,False
1789,4,266,TargetDisplacement,1765549755.7639456,1650.4817972183228,True
1790,4,266,RightResponse,1765549757.0132363,1651.731086730957,False
1791,4,267,FeedbackPeriodStarted,1765549757.0337088,1651.7515578269958,False
1792,4,267,startFixDisplay,1765549757.0337765,1651.7516252994537,False
1793,4,267,startFixPeriod,1765549757.1657677,1651.8836188316345,False
1794,4,267,TargetPresentation,1765549757.8596313,1652.5774819850922,False
1795,4,267,TargetDisplacement,1765549757.9843516,1652.7022025585175,True
1796,4,267,LeftResponse,1765549758.7967532,1653.5146045684814,False
1797,4,268,FeedbackPeriodStarted,1765549758.8171434,1653.5349955558777,False
1798,4,268,startFixDisplay,1765549758.81729,1653.5351405143738,False
1799,4,268,startFixPeriod,1765549758.9352334,1653.653085231781,False
1800,4,268,TargetPresentation,1765549759.5944273,1654.3122789859772,False
1801,4,268,TargetDisplacement,1765549759.7052946,1654.4231460094452,True
1802,4,268,RightResponse,1765549760.475999,1655.19384932518,False
1803,4,269,FeedbackPeriodStarted,1765549760.4964077,1655.2142593860626,False
1804,4,269,startFixDisplay,1765549760.4965498,1655.2144002914429,False
1805,4,269,startFixPeriod,1765549760.5311048,1655.248954296112,False
1806,4,269,TargetPresentation,1765549761.467969,1656.1858208179474,False
1807,4,269,TargetRemoval,1765549761.5858092,1656.3036580085754,True
1808,4,269,TargetReappeared,1765549761.835737,1656.5535888671875,False
1809,4,269,RightResponse,1765549762.5854156,1657.3032667636871,False
1810,4,270,FeedbackPeriodStarted,1765549762.6057758,1657.3236248493195,False
1811,4,270,startFixDisplay,1765549762.6058402,1657.32368850708,False
1812,4,270,startFixPeriod,1765549762.751607,1657.4694564342499,False
1813,4,270,TargetPresentation,1765549763.7924094,1658.5102589130402,False
1814,4,270,TargetDisplacement,1765549763.9103563,1658.6282076835632,True
1815,4,270,LeftResponse,1765549764.993184,1659.7110345363617,False
1816,4,270,FeedbackPeriodStarted,1765549765.0068314,1659.7246804237366,False
1817,4,271,startFixDisplay,1765549767.0191147,1661.7369661331177,False
1818,4,271,startFixPeriod,1765549767.0260065,1661.743855714798,False
1819,4,271,TargetPresentation,1765549767.567395,1662.28524684906,False
1820,4,271,TargetRemoval,1765549767.6921399,1662.4099912643433,True
1821,4,271,TargetReappeared,1765549767.9420733,1662.6599233150482,False
1822,4,271,RightResponse,1765549768.9829948,1663.7008435726166,False
1823,4,272,FeedbackPeriodStarted,1765549769.0035934,1663.7214426994324,False
1824,4,272,startFixDisplay,1765549769.0036569,1663.7215054035187,False
1825,4,272,startFixPeriod,1765549769.1494977,1663.8673491477966,False
1826,4,272,TargetPresentation,1765549769.9335637,1664.6514134407043,False
1827,4,272,TargetDisplacement,1765549769.9889247,1664.7067759037018,True
1828,4,272,RightResponse,1765549771.5021691,1666.2200198173523,False
1829,4,273,FeedbackPeriodStarted,1765549771.52252,1666.2403717041016,False
1830,4,273,startFixDisplay,1765549771.5226634,1666.2405138015747,False
1831,4,273,startFixPeriod,1765549771.6614406,1666.3792924880981,False
1832,4,273,TargetPresentation,1765549772.757822,1667.4756734371185,False
1833,4,273,TargetRemoval,1765549772.882541,1667.6003923416138,True
1834,4,273,TargetReappeared,1765549773.1324384,1667.8502886295319,False
1835,4,273,RightResponse,1765549773.673961,1668.3918116092682,False
1836,4,274,FeedbackPeriodStarted,1765549773.6944711,1668.412320137024,False
1837,4,274,startFixDisplay,1765549773.694535,1668.4123833179474,False
1838,4,274,startFixPeriod,1765549773.82639,1668.5442419052124,False
1839,4,274,TargetPresentation,1765549774.3606343,1669.0784838199615,False
1840,4,274,TargetRemoval,1765549774.4924402,1669.2102916240692,True
1841,4,274,TargetReappeared,1765549774.7423458,1669.460197210312,False
1842,4,274,LeftResponse,1765549775.2837968,1670.0016467571259,False
1843,4,275,FeedbackPeriodStarted,1765549775.3112426,1670.0290942192078,False
1844,4,275,startFixDisplay,1765549775.311383,1670.0292332172394,False
1845,4,275,startFixPeriod,1765549775.4500782,1670.1679282188416,False
1846,4,275,TargetPresentation,1765549776.3314211,1671.04927277565,False
1847,4,275,TargetDisplacement,1765549776.4562778,1671.1741292476654,True
1848,4,275,LeftResponse,1765549777.1575031,1671.8753542900085,False
1849,4,276,FeedbackPeriodStarted,1765549777.1848445,1671.9026937484741,False
1850,4,276,startFixDisplay,1765549777.1849074,1671.9027559757233,False
1851,4,276,startFixPeriod,1765549777.3098328,1672.0276846885681,False
1852,4,276,TargetPresentation,1765549778.14251,1672.8603615760803,False
1853,4,276,TargetRemoval,1765549778.2672393,1672.9850904941559,True
1854,4,276,TargetReappeared,1765549778.5172546,1673.2351059913635,False
1855,4,276,LeftResponse,1765549779.037935,1673.7557854652405,False
1856,4,276,FeedbackPeriodStarted,1765549779.0515258,1673.769377708435,False
1857,4,277,startFixDisplay,1765549781.0636241,1675.78147315979,False
1858,4,277,startFixPeriod,1765549781.2789688,1675.9968206882477,False
1859,4,277,TargetPresentation,1765549782.6042964,1677.322148323059,False
1860,4,277,TargetDisplacement,1765549782.722138,1677.4399888515472,True
1861,4,277,RightResponse,1765549783.638596,1678.3564472198486,False
1862,4,278,FeedbackPeriodStarted,1765549783.658859,1678.3767080307007,False
1863,4,278,startFixDisplay,1765549783.6589222,1678.376770734787,False
1864,4,278,startFixPeriod,1765549783.7839644,1678.5018162727356,False
1865,4,278,TargetPresentation,1765549785.03993,1679.7577815055847,False
1866,4,278,TargetRemoval,1765549785.1646657,1679.882516860962,True
1867,4,278,TargetReappeared,1765549785.4146407,1680.1324923038483,False
1868,4,278,RightResponse,1765549785.9423723,1680.6602237224579,False
1869,4,279,FeedbackPeriodStarted,1765549785.9626296,1680.6804785728455,False
1870,4,279,startFixDisplay,1765549785.9626932,1680.6805415153503,False
1871,4,279,startFixPeriod,1765549786.1016228,1680.819474697113,False
1872,4,279,TargetPresentation,1765549786.8926644,1681.610514163971,False
1873,4,279,TargetDisplacement,1765549786.899596,1681.6174478530884,True
1874,4,279,LeftResponse,1765549787.9892592,1682.7071089744568,False
1875,4,280,FeedbackPeriodStarted,1765549788.0166364,1682.7344880104065,False
1876,4,280,startFixDisplay,1765549788.016776,1682.7346267700195,False
1877,4,280,startFixPeriod,1765549788.1347528,1682.8526043891907,False
1878,4,280,TargetPresentation,1765549789.2380393,1683.955888748169,False
1879,4,280,TargetRemoval,1765549789.3629005,1684.0807518959045,True
1880,4,280,TargetReappeared,1765549789.6127675,1684.3306193351746,False
1881,4,280,LeftResponse,1765549790.0849605,1684.8028111457825,False
1882,4,281,FeedbackPeriodStarted,1765549790.1053154,1684.823166847229,False
1883,4,281,startFixDisplay,1765549790.10545,1684.8233006000519,False
1884,4,281,startFixPeriod,1765549790.237972,1684.955824136734,False
1885,4,281,TargetPresentation,1765549791.153265,1685.8711166381836,False
1886,4,281,TargetDisplacement,1765549791.2987955,1686.01664686203,True
1887,4,281,LeftResponse,1765549792.1247995,1686.8426485061646,False
1888,4,282,FeedbackPeriodStarted,1765549792.1453726,1686.8632245063782,False
1889,4,282,startFixDisplay,1765549792.1455178,1686.8633680343628,False
1890,4,282,startFixPeriod,1765549792.2843251,1687.0021770000458,False
1891,4,282,TargetPresentation,1765549793.2488313,1687.9666829109192,False
1892,4,282,TargetDisplacement,1765549793.3180788,1688.0359303951263,True
1893,4,282,LeftResponse,1765549794.1719642,1688.8898146152496,False
1894,4,282,FeedbackPeriodStarted,1765549794.178729,1688.896580696106,False
1895,4,283,startFixDisplay,1765549796.1907914,1690.9086401462555,False
1896,4,283,startFixPeriod,1765549796.274238,1690.9920897483826,False
1897,4,283,TargetPresentation,1765549797.4885972,1692.2064490318298,False
1898,4,283,TargetDisplacement,1765549797.6134572,1692.3313088417053,True
1899,4,283,RightResponse,1765549798.3563027,1693.0741534233093,False
1900,4,284,FeedbackPeriodStarted,1765549798.3766172,1693.0944685935974,False
1901,4,284,startFixDisplay,1765549798.3767571,1693.0946073532104,False
1902,4,284,startFixPeriod,1765549798.5155792,1693.2334306240082,False
1903,4,284,TargetPresentation,1765549799.507876,1694.225727558136,False
1904,4,284,TargetDisplacement,1765549799.625759,1694.3436102867126,True
1905,4,284,RightResponse,1765549800.5973856,1695.3152351379395,False
1906,4,285,FeedbackPeriodStarted,1765549800.6179457,1695.335797071457,False
1907,4,285,startFixDisplay,1765549800.6181,1695.3359506130219,False
1908,4,285,startFixPeriod,1765549800.743021,1695.4608726501465,False
1909,4,285,TargetPresentation,1765549801.887961,1696.6058127880096,False
1910,4,285,TargetDisplacement,1765549802.0126872,1696.730538368225,True
1911,4,285,LeftResponse,1765549802.6654103,1697.3832612037659,False
1912,4,286,FeedbackPeriodStarted,1765549802.692665,1697.4105141162872,False
1913,4,286,startFixDisplay,1765549802.6927276,1697.4105758666992,False
1914,4,286,startFixPeriod,1765549802.8316698,1697.549521446228,False
1915,4,286,TargetPresentation,1765549803.5255854,1698.2434368133545,False
1916,4,286,TargetDisplacement,1765549803.6502092,1698.3680579662323,True
1917,4,286,RightResponse,1765549804.4069922,1699.124841451645,False
1918,4,287,FeedbackPeriodStarted,1765549804.427493,1699.1453444957733,False
1919,4,287,startFixDisplay,1765549804.4276147,1699.1454629898071,False
1920,4,287,startFixPeriod,1765549804.573373,1699.2912249565125,False
1921,4,287,TargetPresentation,1765549805.3990796,1700.1169300079346,False
1922,4,287,TargetRemoval,1765549805.4060755,1700.1239259243011,True
1923,4,287,TargetReappeared,1765549805.6558678,1700.3737196922302,False
1924,4,287,LeftResponse,1765549806.558125,1701.2759745121002,False
1925,4,288,FeedbackPeriodStarted,1765549806.5784924,1701.29634141922,False
1926,4,288,startFixDisplay,1765549806.5785556,1701.2964041233063,False
1927,4,288,startFixPeriod,1765549806.696696,1701.4145472049713,False
1928,4,288,TargetPresentation,1765549807.460005,1702.1778557300568,False
1929,4,288,TargetRemoval,1765549807.5846567,1702.3025052547455,True
1930,4,288,TargetReappeared,1765549807.8347218,1702.5525720119476,False
1931,4,288,LeftResponse,1765549808.334673,1703.0525240898132,False
1932,4,288,FeedbackPeriodStarted,1765549808.3411639,1703.0590150356293,False
1933,4,289,startFixDisplay,1765549810.3534198,1705.0712711811066,False
1934,4,289,startFixPeriod,1765549810.3813138,1705.0991654396057,False
1935,4,289,TargetPresentation,1765549811.755247,1706.4730973243713,False
1936,4,289,TargetDisplacement,1765549811.87307,1706.5909190177917,True
1937,4,289,RightResponse,1765549812.7616773,1707.479528427124,False
1938,4,290,FeedbackPeriodStarted,1765549812.788981,1707.506830215454,False
1939,4,290,startFixDisplay,1765549812.789045,1707.5068933963776,False
1940,4,290,startFixPeriod,1765549813.0115778,1707.729428768158,False
1941,4,290,TargetPresentation,1765549813.8716848,1708.5895364284515,False
1942,4,290,TargetDisplacement,1765549813.989478,1708.707326889038,True
1943,4,290,RightResponse,1765549814.711433,1709.429282426834,False
1944,4,291,FeedbackPeriodStarted,1765549814.7388136,1709.4566626548767,False
1945,4,291,startFixDisplay,1765549814.7388778,1709.4567260742188,False
1946,4,291,startFixPeriod,1765549814.884692,1709.6025438308716,False
1947,4,291,TargetPresentation,1765549815.6203399,1710.3381915092468,False
1948,4,291,TargetDisplacement,1765549815.7450767,1710.4629294872284,True
1949,4,291,LeftResponse,1765549816.3699634,1711.087813615799,False
1950,4,292,FeedbackPeriodStarted,1765549816.3973913,1711.1152427196503,False
1951,4,292,startFixDisplay,1765549816.3975399,1711.1153903007507,False
1952,4,292,startFixPeriod,1765549816.5016146,1711.2194666862488,False
1953,4,292,TargetPresentation,1765549817.1330779,1711.850929260254,False
1954,4,292,TargetRemoval,1765549817.2508461,1711.9686949253082,True
1955,4,292,TargetReappeared,1765549817.50081,1712.21865940094,False
1956,4,292,LeftResponse,1765549818.0908296,1712.8086805343628,False
1957,4,293,FeedbackPeriodStarted,1765549818.1183248,1712.8361766338348,False
1958,4,293,startFixDisplay,1765549818.1184685,1712.8363189697266,False
1959,4,293,startFixPeriod,1765549818.24324,1712.9610900878906,False
1960,4,293,TargetPresentation,1765549819.0342505,1713.7521002292633,False
1961,4,293,TargetRemoval,1765549819.0619652,1713.7798144817352,True
1962,4,293,TargetReappeared,1765549819.3119235,1714.0297751426697,False
1963,4,293,RightResponse,1765549819.9642713,1714.6821208000183,False
1964,4,294,FeedbackPeriodStarted,1765549819.9848866,1714.7027380466461,False
1965,4,294,startFixDisplay,1765549819.9850223,1714.7028725147247,False
1966,4,294,startFixPeriod,1765549820.116851,1714.834703207016,False
1967,4,294,TargetPresentation,1765549821.1992497,1715.9171011447906,False
1968,4,294,TargetDisplacement,1765549821.324012,1716.041860818863,True
1969,4,294,RightResponse,1765549822.226643,1716.9444947242737,False
1970,4,294,FeedbackPeriodStarted,1765549822.2332852,1716.9511368274689,False
1971,4,295,startFixDisplay,1765549824.2454536,1718.963304758072,False
1972,4,295,startFixPeriod,1765549824.2662532,1718.9841046333313,False
1973,4,295,TargetPresentation,1765549824.953284,1719.671133518219,False
1974,4,295,TargetRemoval,1765549825.078106,1719.7959547042847,True
1975,4,295,TargetReappeared,1765549825.328133,1720.0459849834442,False
1976,4,295,RightResponse,1765549825.9736488,1720.6915001869202,False
1977,4,296,FeedbackPeriodStarted,1765549826.0011063,1720.718957901001,False
1978,4,296,startFixDisplay,1765549826.0012517,1720.7191019058228,False
1979,4,296,startFixPeriod,1765549826.133011,1720.850862979889,False
1980,4,296,TargetPresentation,1765549827.5207407,1722.2385926246643,False
1981,4,296,TargetRemoval,1765549827.6525264,1722.3703775405884,True
1982,4,296,TargetReappeared,1765549827.902397,1722.620248556137,False
1983,4,296,LeftResponse,1765549828.3675556,1723.0854053497314,False
1984,4,297,FeedbackPeriodStarted,1765549828.3949976,1723.112848997116,False
1985,4,297,startFixDisplay,1765549828.3951755,1723.1130261421204,False
1986,4,297,startFixPeriod,1765549828.5408554,1723.2587056159973,False
1987,4,297,TargetPresentation,1765549830.0258296,1724.7436804771423,False
1988,4,297,TargetDisplacement,1765549830.1437557,1724.8616070747375,True
1989,4,297,RightResponse,1765549831.0460021,1725.7638511657715,False
1990,4,298,FeedbackPeriodStarted,1765549831.0664237,1725.7842726707458,False
1991,4,298,startFixDisplay,1765549831.0664873,1725.7843358516693,False
1992,4,298,startFixPeriod,1765549831.19151,1725.9093613624573,False
1993,4,298,TargetPresentation,1765549831.9339416,1726.6517922878265,False
1994,4,298,TargetDisplacement,1765549832.0448256,1726.7626745700836,True
1995,4,298,LeftResponse,1765549832.6837075,1727.4015581607819,False
1996,4,299,FeedbackPeriodStarted,1765549832.7111332,1727.428982257843,False
1997,4,299,startFixDisplay,1765549832.7111998,1727.4290480613708,False
1998,4,299,startFixPeriod,1765549832.8568625,1727.574713230133,False
1999,4,299,TargetPresentation,1765549834.1475563,1728.8654072284698,False
2000,4,299,TargetDisplacement,1765549834.15453,1728.8723819255829,True
2001,4,299,LeftResponse,1765549834.8973494,1729.6152005195618,False
2002,4,300,FeedbackPeriodStarted,1765549834.93156,1729.649411201477,False
2003,4,300,startFixDisplay,1765549834.931701,1729.649551153183,False
2004,4,300,startFixPeriod,1765549835.021814,1729.7396638393402,False
2005,4,300,TargetPresentation,1765549835.910164,1730.6280133724213,False
2006,4,300,TargetDisplacement,1765549836.0418568,1730.7597053050995,True
2007,4,300,LeftResponse,1765549836.6250327,1731.3428823947906,False
2008,4,300,FeedbackPeriodStarted,1765549836.6387174,1731.3565666675568,False
2009,4,301,startFixDisplay,1765549838.6508837,1733.3687324523926,False
2010,4,301,startFixPeriod,1765549838.713471,1733.4313225746155,False
2011,4,301,TargetPresentation,1765549839.2964048,1734.014256477356,False
2012,4,301,TargetDisplacement,1765549839.4211483,1734.1389994621277,True
2013,4,301,LeftResponse,1765549840.0461142,1734.7639646530151,False
2014,4,302,FeedbackPeriodStarted,1765549840.0734599,1734.791311264038,False
2015,4,302,startFixDisplay,1765549840.0735989,1734.7914490699768,False
2016,4,302,startFixPeriod,1765549840.198372,1734.9162213802338,False
2017,4,302,TargetPresentation,1765549841.2114737,1735.9293234348297,False
2018,4,302,TargetDisplacement,1765549841.3293824,1736.047233581543,True
2019,4,302,LeftResponse,1765549842.0512612,1736.7691102027893,False
2020,4,303,FeedbackPeriodStarted,1765549842.0717406,1736.7895896434784,False
2021,4,303,startFixDisplay,1765549842.0717976,1736.7896461486816,False
2022,4,303,startFixPeriod,1765549842.2106838,1736.9285356998444,False
2023,4,303,TargetPresentation,1765549843.1892018,1737.9070537090302,False
2024,4,303,TargetDisplacement,1765549843.2375846,1737.9554362297058,True
2025,4,303,LeftResponse,1765549843.9249785,1738.6428287029266,False
2026,4,304,FeedbackPeriodStarted,1765549843.9454305,1738.6632821559906,False
2027,4,304,startFixDisplay,1765549843.945578,1738.6634283065796,False
2028,4,304,startFixPeriod,1765549843.9733224,1738.691174030304,False
2029,4,304,TargetPresentation,1765549844.854464,1739.5723156929016,False
2030,4,304,TargetDisplacement,1765549844.9723828,1739.6902339458466,True
2031,4,304,RightResponse,1765549845.5417478,1740.2595975399017,False
2032,4,305,FeedbackPeriodStarted,1765549845.5621629,1740.2800118923187,False
2033,4,305,startFixDisplay,1765549845.5622258,1740.2800743579865,False
2034,4,305,startFixPeriod,1765549845.7011745,1740.4190261363983,False
2035,4,305,TargetPresentation,1765549846.8738434,1741.5916953086853,False
2036,4,305,TargetDisplacement,1765549846.9848106,1741.7026619911194,True
2037,4,305,LeftResponse,1765549847.5888534,1742.3067030906677,False
2038,4,306,FeedbackPeriodStarted,1765549847.6162257,1742.3340771198273,False
2039,4,306,startFixDisplay,1765549847.6163669,1742.3342173099518,False
2040,4,306,startFixPeriod,1765549847.7550416,1742.4728908538818,False
2041,4,306,TargetPresentation,1765549848.9623554,1743.6802060604095,False
2042,4,306,TargetDisplacement,1765549849.080301,1743.7981522083282,True
2043,4,306,RightResponse,1765549849.64973,1744.3675813674927,False
2044,4,306,FeedbackPeriodStarted,1765549849.6632967,1744.3811483383179,False
2045,4,307,startFixDisplay,1765549851.6754801,1746.39333152771,False
2046,4,307,startFixPeriod,1765549851.973983,1746.6918337345123,False
2047,4,307,TargetPresentation,1765549852.5291688,1747.2470202445984,False
2048,4,307,TargetRemoval,1765549852.6608994,1747.3787491321564,True
2049,4,307,TargetReappeared,1765549852.9107904,1747.62863945961,False
2050,4,307,LeftResponse,1765549853.6674037,1748.3852548599243,False
2051,4,308,FeedbackPeriodStarted,1765549853.6878521,1748.4057033061981,False
2052,4,308,startFixDisplay,1765549853.6879947,1748.405844926834,False
2053,4,308,startFixPeriod,1765549853.9655404,1748.6833918094635,False
2054,4,308,TargetPresentation,1765549855.2562757,1749.9741270542145,False
2055,4,308,TargetDisplacement,1765549855.2769225,1749.9947714805603,True
2056,4,308,LeftResponse,1765549855.8949091,1750.6127607822418,False
2057,4,309,FeedbackPeriodStarted,1765549855.9222493,1750.6401007175446,False
2058,4,309,startFixDisplay,1765549855.9223924,1750.6402425765991,False
2059,4,309,startFixPeriod,1765549856.0403204,1750.7581725120544,False
2060,4,309,TargetPresentation,1765549857.0741773,1751.792026758194,False
2061,4,309,TargetRemoval,1765549857.185123,1751.9029741287231,True
2062,4,309,TargetReappeared,1765549857.4351156,1752.1529657840729,False
2063,4,309,RightResponse,1765549858.427645,1753.1454963684082,False
2064,4,310,FeedbackPeriodStarted,1765549858.454963,1753.1728129386902,False
2065,4,310,startFixDisplay,1765549858.4550493,1753.172898054123,False
2066,4,310,startFixPeriod,1765549858.5731175,1753.2909693717957,False
2067,4,310,TargetPresentation,1765549859.495909,1754.2137587070465,False
2068,4,310,TargetDisplacement,1765549859.6137784,1754.3316295146942,True
2069,4,310,LeftResponse,1765549860.4260125,1755.1438612937927,False
2070,4,311,FeedbackPeriodStarted,1765549860.4534767,1755.1713283061981,False
2071,4,311,startFixDisplay,1765549860.453617,1755.1714675426483,False
2072,4,311,startFixPeriod,1765549860.5922208,1755.310070991516,False
2073,4,311,TargetPresentation,1765549861.3694184,1756.08726978302,False
2074,4,311,TargetDisplacement,1765549861.487343,1756.2051939964294,True
2075,4,311,LeftResponse,1765549862.4172347,1757.135083436966,False
2076,4,312,FeedbackPeriodStarted,1765549862.4378877,1757.1557369232178,False
2077,4,312,startFixDisplay,1765549862.437947,1757.1557955741882,False
2078,4,312,startFixPeriod,1765549862.569804,1757.287653207779,False
2079,4,312,TargetPresentation,1765549864.0341053,1758.75195479393,False
2080,4,312,TargetDisplacement,1765549864.1588943,1758.8767457008362,True
2081,4,312,LeftResponse,1765549864.8046925,1759.5225439071655,False
2082,4,312,FeedbackPeriodStarted,1765549864.8181667,1759.5360186100006,False
2083,4,313,startFixDisplay,1765549866.8305178,1761.5483694076538,False
2084,4,313,startFixPeriod,1765549867.024869,1761.7427208423615,False
2085,4,313,TargetPresentation,1765549868.294592,1763.012443780899,False
2086,4,313,TargetRemoval,1765549868.4194984,1763.1373498439789,True
2087,4,313,TargetReappeared,1765549868.6693845,1763.3872361183167,False
2088,4,313,LeftResponse,1765549869.3079875,1764.0258386135101,False
2089,4,314,FeedbackPeriodStarted,1765549869.3285153,1764.0463690757751,False
2090,4,314,startFixDisplay,1765549869.3287065,1764.0465569496155,False
2091,4,314,startFixPeriod,1765549869.4673493,1764.1852006912231,False
2092,4,314,TargetPresentation,1765549870.5152264,1765.2330780029297,False
2093,4,314,TargetRemoval,1765549870.5221732,1765.240024805069,True
2094,4,314,TargetReappeared,1765549870.7718766,1765.4897260665894,False
2095,4,314,LeftResponse,1765549871.8478284,1766.565680027008,False
2096,4,315,FeedbackPeriodStarted,1765549871.8682077,1766.586059331894,False
2097,4,315,startFixDisplay,1765549871.8683434,1766.586193561554,False
2098,4,315,startFixPeriod,1765549872.0140357,1766.7318875789642,False
2099,4,315,TargetPresentation,1765549873.3463335,1768.0641849040985,False
2100,4,315,TargetDisplacement,1765549873.4780424,1768.1958911418915,True
2101,4,315,RightResponse,1765549874.331717,1769.0495669841766,False
2102,4,316,FeedbackPeriodStarted,1765549874.359281,1769.0771324634552,False
2103,4,316,startFixDisplay,1765549874.3594193,1769.0772697925568,False
2104,4,316,startFixPeriod,1765549874.4911816,1769.2090330123901,False
2105,4,316,TargetPresentation,1765549875.316914,1770.0347635746002,False
2106,4,316,TargetDisplacement,1765549875.4556704,1770.1735215187073,True
2107,4,316,RightResponse,1765549876.6079187,1771.3257701396942,False
2108,4,317,FeedbackPeriodStarted,1765549876.6282735,1771.346122264862,False
2109,4,317,startFixDisplay,1765549876.6283395,1771.34618806839,False
2110,4,317,startFixPeriod,1765549876.7811563,1771.499008178711,False
2111,4,317,TargetPresentation,1765549878.071796,1772.7896475791931,False
2112,4,317,TargetRemoval,1765549878.189701,1772.907552242279,True
2113,4,317,TargetReappeared,1765549878.4396324,1773.1574840545654,False
2114,4,317,LeftResponse,1765549879.0226583,1773.7405092716217,False
2115,4,318,FeedbackPeriodStarted,1765549879.043039,1773.7608880996704,False
2116,4,318,startFixDisplay,1765549879.0431125,1773.7609610557556,False
2117,4,318,startFixPeriod,1765549879.1821148,1773.8999664783478,False
2118,4,318,TargetPresentation,1765549879.9176166,1774.6354684829712,False
2119,4,318,TargetRemoval,1765549880.0423484,1774.7601997852325,True
2120,4,318,TargetReappeared,1765549880.29225,1775.0101001262665,False
2121,4,318,LeftResponse,1765549880.9518588,1775.6697096824646,False
2122,4,318,FeedbackPeriodStarted,1765549880.9584718,1775.6763231754303,False
2123,4,319,startFixDisplay,1765549882.9706082,1777.6884593963623,False
2124,4,319,startFixPeriod,1765549882.9774992,1777.6953477859497,False
2125,4,319,TargetPresentation,1765549884.0324912,1778.7503430843353,False
2126,4,319,TargetDisplacement,1765549884.1641648,1778.88201379776,True
2127,4,319,LeftResponse,1765549885.1915767,1779.9094274044037,False
2128,4,320,FeedbackPeriodStarted,1765549885.2188873,1779.9367389678955,False
2129,4,320,startFixDisplay,1765549885.2190254,1779.93687582016,False
2130,4,320,startFixPeriod,1765549885.3577821,1780.0756323337555,False
2131,4,320,TargetPresentation,1765549886.7595255,1781.4773774147034,False
2132,4,320,TargetDisplacement,1765549886.8842137,1781.6020624637604,True
2133,4,320,RightResponse,1765549887.6341343,1782.3519854545593,False
2134,4,321,FeedbackPeriodStarted,1765549887.6615107,1782.3793621063232,False
2135,4,321,startFixDisplay,1765549887.6616566,1782.3795070648193,False
2136,4,321,startFixPeriod,1765549887.8072674,1782.5251178741455,False
2137,4,321,TargetPresentation,1765549888.5706193,1783.2884712219238,False
2138,4,321,TargetRemoval,1765549888.695348,1783.413199186325,True
2139,4,321,TargetReappeared,1765549888.9452364,1783.6630856990814,False
2140,4,321,LeftResponse,1765549889.3828971,1784.100748538971,False
2141,4,322,FeedbackPeriodStarted,1765549889.4031918,1784.1210432052612,False
2142,4,322,startFixDisplay,1765549889.4033282,1784.1211786270142,False
2143,4,322,startFixPeriod,1765549889.5351782,1784.2530295848846,False
2144,4,322,TargetPresentation,1765549890.5483098,1785.26616024971,False
2145,4,322,TargetDisplacement,1765549890.666046,1785.383897304535,True
2146,4,322,LeftResponse,1765549891.7559671,1786.4738183021545,False
2147,4,323,FeedbackPeriodStarted,1765549891.7762177,1786.4940667152405,False
2148,4,323,startFixDisplay,1765549891.776281,1786.4941294193268,False
2149,4,323,startFixPeriod,1765549891.9360888,1786.65393948555,False
2150,4,323,TargetPresentation,1765549892.6715949,1787.3894464969635,False
2151,4,323,TargetRemoval,1765549892.782566,1787.5004177093506,True
2152,4,323,TargetReappeared,1765549893.0324392,1787.750291109085,False
2153,4,323,LeftResponse,1765549893.4766884,1788.194538116455,False
2154,4,324,FeedbackPeriodStarted,1765549893.4971998,1788.2150511741638,False
2155,4,324,startFixDisplay,1765549893.49734,1788.2151901721954,False
2156,4,324,startFixPeriod,1765549893.6292243,1788.34707570076,False
2157,4,324,TargetPresentation,1765549894.982286,1789.700135231018,False
2158,4,324,TargetRemoval,1765549894.9892373,1789.7070863246918,True
2159,4,324,TargetReappeared,1765549895.23905,1789.9569308757782,False
2160,4,324,RightResponse,1765549895.933316,1790.6511664390564,False
2161,4,324,FeedbackPeriodStarted,1765549895.9468305,1790.6646823883057,False
2162,4,325,startFixDisplay,1765549897.9590275,1792.6768789291382,False
2163,4,325,startFixPeriod,1765549898.1604187,1792.878268480301,False
2164,4,325,TargetPresentation,1765549898.701543,1793.4193925857544,False
2165,4,325,TargetRemoval,1765549898.8264036,1793.5442521572113,True
2166,4,325,TargetReappeared,1765549899.0762985,1793.7941498756409,False
2167,4,325,LeftResponse,1765549899.5419676,1794.2598192691803,False
2168,4,326,FeedbackPeriodStarted,1765549899.5618417,1794.2796912193298,False
2169,4,326,startFixDisplay,1765549899.561917,1794.279765844345,False
2170,4,326,startFixPeriod,1765549899.7008266,1794.4186782836914,False
2171,4,326,TargetPresentation,1765549900.4502254,1795.1680753231049,False
2172,4,326,TargetRemoval,1765549900.5681663,1795.2860174179077,True
2173,4,326,TargetReappeared,1765549900.8180165,1795.5358679294586,False
2174,4,326,LeftResponse,1765549901.463684,1796.181535243988,False
2175,4,327,FeedbackPeriodStarted,1765549901.491028,1796.2088792324066,False
2176,4,327,startFixDisplay,1765549901.491195,1796.2090454101562,False
2177,4,327,startFixPeriod,1765549901.6437998,1796.3616516590118,False
2178,4,327,TargetPresentation,1765549902.8442404,1797.5620923042297,False
2179,4,327,TargetDisplacement,1765549902.9689496,1797.686800479889,True
2180,4,327,LeftResponse,1765549903.587035,1798.3048861026764,False
2181,4,328,FeedbackPeriodStarted,1765549903.614364,1798.332215309143,False
2182,4,328,startFixDisplay,1765549903.6144955,1798.3323457241058,False
2183,4,328,startFixPeriod,1765549903.767175,1798.485026359558,False
2184,4,328,TargetPresentation,1765549904.3014178,1799.019267320633,False
2185,4,328,TargetDisplacement,1765549904.3083415,1799.02619099617,True
2186,4,328,RightResponse,1765549905.5506983,1800.2685496807098,False
2187,4,329,FeedbackPeriodStarted,1765549905.5710847,1800.2889339923859,False
2188,4,329,startFixDisplay,1765549905.5711474,1800.2889959812164,False
2189,4,329,startFixPeriod,1765549905.7447417,1800.4625935554504,False
2190,4,329,TargetPresentation,1765549906.4871755,1801.2050259113312,False
2191,4,329,TargetDisplacement,1765549906.5981522,1801.3160009384155,True
2192,4,329,LeftResponse,1765549907.618661,1802.336511850357,False
2193,4,329,FeedbackPeriodStarted,1765549907.6598344,1802.377685546875,False
2194,5,330,startFixDisplay,1765549910.372986,1805.0908358097076,False
2195,5,330,startFixPeriod,1765549910.379968,1805.0978174209595,False
2196,5,330,TargetPresentation,1765549911.4209294,1806.1387791633606,False
2197,5,330,TargetDisplacement,1765549911.5317814,1806.249632358551,True
2198,5,330,LeftResponse,1765549912.8366811,1807.554531097412,False
2199,5,331,FeedbackPeriodStarted,1765549912.8641274,1807.5819792747498,False
2200,5,331,startFixDisplay,1765549912.8642757,1807.5821261405945,False
2201,5,331,startFixPeriod,1765549913.0029972,1807.7208490371704,False
2202,5,331,TargetPresentation,1765549914.2451499,1808.9630017280579,False
2203,5,331,TargetRemoval,1765549914.3699558,1809.0878071784973,True
2204,5,331,TargetReappeared,1765549914.6198251,1809.3376770019531,False
2205,5,331,LeftResponse,1765549915.501239,1810.2190880775452,False
2206,5,332,FeedbackPeriodStarted,1765549915.521637,1810.2394859790802,False
2207,5,332,startFixDisplay,1765549915.5217004,1810.2395486831665,False
2208,5,332,startFixPeriod,1765549915.646812,1810.3646636009216,False
2209,5,332,TargetPresentation,1765549916.3337681,1811.0516202449799,False
2210,5,332,TargetDisplacement,1765549916.3407092,1811.0585606098175,True
2211,5,332,LeftResponse,1765549917.1251678,1811.8430190086365,False
2212,5,333,FeedbackPeriodStarted,1765549917.1454182,1811.8632678985596,False
2213,5,333,startFixDisplay,1765549917.1455083,1811.8633570671082,False
2214,5,333,startFixPeriod,1765549917.2705648,1811.9884152412415,False
2215,5,333,TargetPresentation,1765549917.7770305,1812.494882106781,False
2216,5,333,TargetDisplacement,1765549917.8811233,1812.5989751815796,True
2217,5,333,LeftResponse,1765549918.873544,1813.5913934707642,False
2218,5,334,FeedbackPeriodStarted,1765549918.901126,1813.6189777851105,False
2219,5,334,startFixDisplay,1765549918.9012675,1813.6191174983978,False
2220,5,334,startFixPeriod,1765549919.040019,1813.7578701972961,False
2221,5,334,TargetPresentation,1765549919.893515,1814.6113669872284,False
2222,5,334,TargetDisplacement,1765549920.0043473,1814.7221961021423,True
2223,5,334,RightResponse,1765549920.7403522,1815.458202123642,False
2224,5,335,FeedbackPeriodStarted,1765549920.76782,1815.4856712818146,False
2225,5,335,startFixDisplay,1765549920.7679665,1815.4858167171478,False
2226,5,335,startFixPeriod,1765549920.9135547,1815.6314058303833,False
2227,5,335,TargetPresentation,1765549922.0931833,1816.8110320568085,False
2228,5,335,TargetDisplacement,1765549922.106932,1816.824783563614,True
2229,5,335,RightResponse,1765549923.0856838,1817.8035333156586,False
2230,5,336,FeedbackPeriodStarted,1765549923.1131756,1817.831024646759,False
2231,5,336,startFixDisplay,1765549923.1132393,1817.831087589264,False
2232,5,336,startFixPeriod,1765549923.2313006,1817.949152469635,False
2233,5,336,TargetPresentation,1765549923.883359,1818.6012082099915,False
2234,5,336,TargetDisplacement,1765549923.890338,1818.608187675476,True
2235,5,336,LeftResponse,1765549924.7167232,1819.434573173523,False
2236,5,336,FeedbackPeriodStarted,1765549924.7300332,1819.44788479805,False
2237,5,337,startFixDisplay,1765549926.7420943,1821.4599432945251,False
2238,5,337,startFixPeriod,1765549926.7491426,1821.4669938087463,False
2239,5,337,TargetPresentation,1765549927.6999457,1822.4177975654602,False
2240,5,337,TargetRemoval,1765549927.8247893,1822.5426406860352,True
2241,5,337,TargetReappeared,1765549928.0746067,1822.7924563884735,False
2242,5,337,LeftResponse,1765549928.6368637,1823.35471367836,False
2243,5,338,FeedbackPeriodStarted,1765549928.6643827,1823.3822343349457,False
2244,5,338,startFixDisplay,1765549928.6645188,1823.3823690414429,False
2245,5,338,startFixPeriod,1765549928.7963786,1823.5142300128937,False
2246,5,338,TargetPresentation,1765549930.2049437,1824.9227952957153,False
2247,5,338,TargetDisplacement,1765549930.3296816,1825.0475330352783,True
2248,5,338,RightResponse,1765549931.239226,1825.9570775032043,False
2249,5,339,FeedbackPeriodStarted,1765549931.2594182,1825.9772675037384,False
2250,5,339,startFixDisplay,1765549931.2594821,1825.9773304462433,False
2251,5,339,startFixPeriod,1765549931.4123607,1826.1302108764648,False
2252,5,339,TargetPresentation,1765549932.6266742,1827.3445262908936,False
2253,5,339,TargetDisplacement,1765549932.7445145,1827.4623634815216,True
2254,5,339,LeftResponse,1765549933.5082355,1828.226086616516,False
2255,5,340,FeedbackPeriodStarted,1765549933.5286849,1828.246533870697,False
2256,5,340,startFixDisplay,1765549933.5287519,1828.2466003894806,False
2257,5,340,startFixPeriod,1765549933.6536164,1828.3714680671692,False
2258,5,340,TargetPresentation,1765549934.4931433,1829.2109925746918,False
2259,5,340,TargetDisplacement,1765549934.62503,1829.342881679535,True
2260,5,340,LeftResponse,1765549935.4092956,1830.1271448135376,False
2261,5,341,FeedbackPeriodStarted,1765549935.4297998,1830.1476488113403,False
2262,5,341,startFixDisplay,1765549935.4298677,1830.1477160453796,False
2263,5,341,startFixPeriod,1765549935.5618699,1830.279721736908,False
2264,5,341,TargetPresentation,1765549936.6652489,1831.3831007480621,False
2265,5,341,TargetDisplacement,1765549936.7761102,1831.493961572647,True
2266,5,341,RightResponse,1765549937.6715586,1832.3894078731537,False
2267,5,342,FeedbackPeriodStarted,1765549937.6920898,1832.4099416732788,False
2268,5,342,startFixDisplay,1765549937.6922278,1832.4100782871246,False
2269,5,342,startFixPeriod,1765549937.831002,1832.548853635788,False
2270,5,342,TargetPresentation,1765549938.6567063,1833.374558210373,False
2271,5,342,TargetRemoval,1765549938.7745018,1833.492352962494,True
2272,5,342,TargetReappeared,1765549939.0243638,1833.7422153949738,False
2273,5,342,RightResponse,1765549939.5587902,1834.2766394615173,False
2274,5,342,FeedbackPeriodStarted,1765549939.5655127,1834.2833626270294,False
2275,5,343,startFixDisplay,1765549941.577865,1836.2957162857056,False
2276,5,343,startFixPeriod,1765549941.8070982,1836.52494764328,False
2277,5,343,TargetPresentation,1765549942.4107366,1837.128587961197,False
2278,5,343,TargetDisplacement,1765549942.5354521,1837.2533009052277,True
2279,5,343,RightResponse,1765549943.5837684,1838.3016200065613,False
2280,5,344,FeedbackPeriodStarted,1765549943.617978,1838.3358299732208,False
2281,5,344,startFixDisplay,1765549943.6181502,1838.3360006809235,False
2282,5,344,startFixPeriod,1765549943.75684,1838.4746918678284,False
2283,5,344,TargetPresentation,1765549944.5756574,1839.293508052826,False
2284,5,344,TargetDisplacement,1765549944.6934814,1839.4113328456879,True
2285,5,344,LeftResponse,1765549945.5684044,1840.2862555980682,False
2286,5,345,FeedbackPeriodStarted,1765549945.5957146,1840.3135662078857,False
2287,5,345,startFixDisplay,1765549945.5958593,1840.3137092590332,False
2288,5,345,startFixPeriod,1765549945.8872426,1840.605093240738,False
2289,5,345,TargetPresentation,1765549946.6712382,1841.389088153839,False
2290,5,345,TargetRemoval,1765549946.789236,1841.5070872306824,True
2291,5,345,TargetReappeared,1765549947.0391123,1841.7569642066956,False
2292,5,345,RightResponse,1765549947.6638873,1842.3817384243011,False
2293,5,346,FeedbackPeriodStarted,1765549947.6912212,1842.4090702533722,False
2294,5,346,startFixDisplay,1765549947.6912901,1842.4091386795044,False
2295,5,346,startFixPeriod,1765549947.8231902,1842.5410418510437,False
2296,5,346,TargetPresentation,1765549949.1693392,1843.8871884346008,False
2297,5,346,TargetDisplacement,1765549949.176263,1843.8941123485565,True
2298,5,346,RightResponse,1765549949.8426173,1844.5604662895203,False
2299,5,347,FeedbackPeriodStarted,1765549949.8631213,1844.580970287323,False
2300,5,347,startFixDisplay,1765549949.8631876,1844.5810358524323,False
2301,5,347,startFixPeriod,1765549950.00209,1844.7199420928955,False
2302,5,347,TargetPresentation,1765549951.3967652,1846.1146168708801,False
2303,5,347,TargetRemoval,1765549951.5147147,1846.2325658798218,True
2304,5,347,TargetReappeared,1765549951.7645452,1846.4823944568634,False
2305,5,347,LeftResponse,1765549952.2852206,1847.0030705928802,False
2306,5,348,FeedbackPeriodStarted,1765549952.3126678,1847.030519247055,False
2307,5,348,startFixDisplay,1765549952.3128107,1847.030660867691,False
2308,5,348,startFixPeriod,1765549952.4653616,1847.183213710785,False
2309,5,348,TargetPresentation,1765549953.700535,1848.4183843135834,False
2310,5,348,TargetDisplacement,1765549953.8183951,1848.5362441539764,True
2311,5,348,RightResponse,1765549954.5543008,1849.2721514701843,False
2312,5,348,FeedbackPeriodStarted,1765549954.5609028,1849.2787547111511,False
2313,5,349,startFixDisplay,1765549956.573215,1851.2910664081573,False
2314,5,349,startFixPeriod,1765549956.8023736,1851.5202231407166,False
2315,5,349,TargetPresentation,1765549957.5585873,1852.2764365673065,False
2316,5,349,TargetDisplacement,1765549957.6832943,1852.401142835617,True
2317,5,349,LeftResponse,1765549958.3083024,1853.0261521339417,False
2318,5,350,FeedbackPeriodStarted,1765549958.3357909,1853.0536420345306,False
2319,5,350,startFixDisplay,1765549958.3359334,1853.0537836551666,False
2320,5,350,startFixPeriod,1765549958.474648,1853.1924993991852,False
2321,5,350,TargetPresentation,1765549959.7098024,1854.4276542663574,False
2322,5,350,TargetRemoval,1765549959.8275778,1854.5454263687134,True
2323,5,350,TargetReappeared,1765549960.0774903,1854.7953398227692,False
2324,5,350,LeftResponse,1765549961.1600788,1855.8779277801514,False
2325,5,351,FeedbackPeriodStarted,1765549961.1807003,1855.8985517024994,False
2326,5,351,startFixDisplay,1765549961.1808348,1855.898684978485,False
2327,5,351,startFixPeriod,1765549961.3265047,1856.0443539619446,False
2328,5,351,TargetPresentation,1765549962.485423,1857.2032749652863,False
2329,5,351,TargetDisplacement,1765549962.5338433,1857.2516922950745,True
2330,5,351,LeftResponse,1765549963.1518738,1857.869724035263,False
2331,5,352,FeedbackPeriodStarted,1765549963.172187,1857.8900361061096,False
2332,5,352,startFixDisplay,1765549963.1722505,1857.8900990486145,False
2333,5,352,startFixPeriod,1765549963.3110762,1858.0289256572723,False
2334,5,352,TargetPresentation,1765549964.3657973,1859.083646774292,False
2335,5,352,TargetDisplacement,1765549964.4837086,1859.2015597820282,True
2336,5,352,LeftResponse,1765549965.420993,1860.1388442516327,False
2337,5,353,FeedbackPeriodStarted,1765549965.4482481,1860.1660995483398,False
2338,5,353,startFixDisplay,1765549965.448361,1860.1662094593048,False
2339,5,353,startFixPeriod,1765549965.5733044,1860.291155576706,False
2340,5,353,TargetPresentation,1765549966.8708744,1861.5887260437012,False
2341,5,353,TargetDisplacement,1765549966.9887774,1861.7066287994385,True
2342,5,353,LeftResponse,1765549967.627439,1862.3452894687653,False
2343,5,354,FeedbackPeriodStarted,1765549967.6481452,1862.3659942150116,False
2344,5,354,startFixDisplay,1765549967.6482117,1862.366060256958,False
2345,5,354,startFixPeriod,1765549967.7798865,1862.4977378845215,False
2346,5,354,TargetPresentation,1765549968.5778923,1863.2957441806793,False
2347,5,354,TargetRemoval,1765549968.695778,1863.4136290550232,True
2348,5,354,TargetReappeared,1765549968.945646,1863.6634979248047,False
2349,5,354,RightResponse,1765549969.4736257,1864.1914765834808,False
2350,5,354,FeedbackPeriodStarted,1765549969.4868193,1864.204670906067,False
2351,5,355,startFixDisplay,1765549971.4991379,1866.2169890403748,False
2352,5,355,startFixPeriod,1765549971.5061252,1866.22398853302,False
2353,5,355,TargetPresentation,1765549972.1167972,1866.83464884758,False
2354,5,355,TargetDisplacement,1765549972.241577,1866.9594285488129,True
2355,5,355,LeftResponse,1765549973.0053248,1867.7231757640839,False
2356,5,356,FeedbackPeriodStarted,1765549973.025718,1867.7435693740845,False
2357,5,356,startFixDisplay,1765549973.0258605,1867.7437105178833,False
2358,5,356,startFixPeriod,1765549973.2062476,1867.9240992069244,False
2359,5,356,TargetPresentation,1765549974.5871606,1869.3050122261047,False
2360,5,356,TargetRemoval,1765549974.7049239,1869.422775030136,True
2361,5,356,TargetReappeared,1765549974.9548962,1869.6727476119995,False
2362,5,356,RightResponse,1765549975.8016982,1870.5195481777191,False
2363,5,357,FeedbackPeriodStarted,1765549975.829148,1870.5469994544983,False
2364,5,357,startFixDisplay,1765549975.8292701,1870.5471186637878,False
2365,5,357,startFixPeriod,1765549975.954599,1870.6724512577057,False
2366,5,357,TargetPresentation,1765549976.8214812,1871.5393328666687,False
2367,5,357,TargetDisplacement,1765549976.9463296,1871.6641809940338,True
2368,5,357,LeftResponse,1765549977.7724168,1872.490267753601,False
2369,5,358,FeedbackPeriodStarted,1765549977.7998512,1872.5177028179169,False
2370,5,358,startFixDisplay,1765549977.7999914,1872.5178413391113,False
2371,5,358,startFixPeriod,1765549977.9457092,1872.663560628891,False
2372,5,358,TargetPresentation,1765549978.5909264,1873.3087780475616,False
2373,5,358,TargetDisplacement,1765549978.7156868,1873.433538198471,True
2374,5,358,RightResponse,1765549979.8679092,1874.5857586860657,False
2375,5,359,FeedbackPeriodStarted,1765549979.8953793,1874.6132309436798,False
2376,5,359,startFixDisplay,1765549979.8955195,1874.6133699417114,False
2377,5,359,startFixPeriod,1765549980.0343122,1874.752163887024,False
2378,5,359,TargetPresentation,1765549980.908566,1875.6264181137085,False
2379,5,359,TargetDisplacement,1765549981.019425,1875.7372760772705,True
2380,5,359,LeftResponse,1765549981.7277339,1876.4455835819244,False
2381,5,360,FeedbackPeriodStarted,1765549981.7551386,1876.472990512848,False
2382,5,360,startFixDisplay,1765549981.7552633,1876.473111629486,False
2383,5,360,startFixPeriod,1765549981.8868976,1876.6047494411469,False
2384,5,360,TargetPresentation,1765549982.435167,1877.1530163288116,False
2385,5,360,TargetRemoval,1765549982.5669265,1877.284777879715,True
2386,5,360,TargetReappeared,1765549982.8168151,1877.534666776657,False
2387,5,360,LeftResponse,1765549983.3096492,1878.0274984836578,False
2388,5,360,FeedbackPeriodStarted,1765549983.3163261,1878.034175157547,False
2389,5,361,startFixDisplay,1765549985.3286812,1880.0465331077576,False
2390,5,361,startFixPeriod,1765549985.5647218,1880.2825739383698,False
2391,5,361,TargetPresentation,1765549986.8137472,1881.5315990447998,False
2392,5,361,TargetRemoval,1765549986.931534,1881.6493854522705,True
2393,5,361,TargetReappeared,1765549987.1815174,1881.8993690013885,False
2394,5,361,LeftResponse,1765549988.2712142,1882.9890656471252,False
2395,5,362,FeedbackPeriodStarted,1765549988.2985027,1883.016351699829,False
2396,5,362,startFixDisplay,1765549988.2985632,1883.016411781311,False
2397,5,362,startFixPeriod,1765549988.4444299,1883.1622817516327,False
2398,5,362,TargetPresentation,1765549989.901544,1884.619395494461,False
2399,5,362,TargetDisplacement,1765549990.0263813,1884.7442300319672,True
2400,5,362,RightResponse,1765549990.8736224,1885.591474056244,False
2401,5,363,FeedbackPeriodStarted,1765549990.907722,1885.6255736351013,False
2402,5,363,startFixDisplay,1765549990.907867,1885.625717163086,False
2403,5,363,startFixPeriod,1765549991.2339804,1885.9518327713013,False
2404,5,363,TargetPresentation,1765549992.2401123,1886.9579644203186,False
2405,5,363,TargetDisplacement,1765549992.3232076,1887.0410587787628,True
2406,5,363,RightResponse,1765549993.1077235,1887.8255722522736,False
2407,5,364,FeedbackPeriodStarted,1765549993.1281729,1887.846024274826,False
2408,5,364,startFixDisplay,1765549993.1283095,1887.8461599349976,False
2409,5,364,startFixPeriod,1765549993.2600956,1887.977947473526,False
2410,5,364,TargetPresentation,1765549993.829015,1888.5468666553497,False
2411,5,364,TargetDisplacement,1765549993.953905,1888.6717565059662,True
2412,5,364,LeftResponse,1765549994.5995727,1889.3174240589142,False
2413,5,365,FeedbackPeriodStarted,1765549994.626875,1889.3447239398956,False
2414,5,365,startFixDisplay,1765549994.6269405,1889.3447890281677,False
2415,5,365,startFixPeriod,1765549994.7518663,1889.4697182178497,False
2416,5,365,TargetPresentation,1765549995.369534,1890.0873854160309,False
2417,5,365,TargetDisplacement,1765549995.48746,1890.205308675766,True
2418,5,365,LeftResponse,1765549996.3344295,1891.052280664444,False
2419,5,366,FeedbackPeriodStarted,1765549996.3551068,1891.0729558467865,False
2420,5,366,startFixDisplay,1765549996.3551755,1891.0730237960815,False
2421,5,366,startFixPeriod,1765549996.479811,1891.1976628303528,False
2422,5,366,TargetPresentation,1765549997.5276513,1892.2455031871796,False
2423,5,366,TargetRemoval,1765549997.6524127,1892.3702614307404,True
2424,5,366,TargetReappeared,1765549997.9023542,1892.62020611763,False
2425,5,366,RightResponse,1765549998.4507864,1893.1686372756958,False
2426,5,366,FeedbackPeriodStarted,1765549998.4573872,1893.1752388477325,False
2427,5,367,startFixDisplay,1765550000.4696376,1895.1874887943268,False
2428,5,367,startFixPeriod,1765550000.7056634,1895.423514842987,False
2429,5,367,TargetPresentation,1765550001.5245275,1896.2423768043518,False
2430,5,367,TargetRemoval,1765550001.642341,1896.360191822052,True
2431,5,367,TargetReappeared,1765550001.892242,1896.610093832016,False
2432,5,367,LeftResponse,1765550002.6695926,1897.3874428272247,False
2433,5,368,FeedbackPeriodStarted,1765550002.6971369,1897.4149882793427,False
2434,5,368,startFixDisplay,1765550002.6972857,1897.4151358604431,False
2435,5,368,startFixPeriod,1765550002.8914325,1897.6092839241028,False
2436,5,368,TargetPresentation,1765550003.8144352,1898.532287120819,False
2437,5,368,TargetRemoval,1765550003.8837757,1898.6016273498535,True
2438,5,368,TargetReappeared,1765550004.1336265,1898.8514783382416,False
2439,5,368,LeftResponse,1765550004.7859945,1899.5038452148438,False
2440,5,369,FeedbackPeriodStarted,1765550004.8066306,1899.5244798660278,False
2441,5,369,startFixDisplay,1765550004.8066947,1899.5245432853699,False
2442,5,369,startFixPeriod,1765550004.938524,1899.6563742160797,False
2443,5,369,TargetPresentation,1765550006.2986102,1901.016461610794,False
2444,5,369,TargetRemoval,1765550006.4026375,1901.1204888820648,True
2445,5,369,TargetReappeared,1765550006.6524556,1901.3703050613403,False
2446,5,369,RightResponse,1765550007.1246586,1901.8425092697144,False
2447,5,370,FeedbackPeriodStarted,1765550007.1521206,1901.869972705841,False
2448,5,370,startFixDisplay,1765550007.1522708,1901.8701212406158,False
2449,5,370,startFixPeriod,1765550007.3048606,1902.022712469101,False
2450,5,370,TargetPresentation,1765550008.7411015,1903.4589536190033,False
2451,5,370,TargetDisplacement,1765550008.8243568,1903.5422058105469,True
2452,5,370,RightResponse,1765550009.6296241,1904.3474729061127,False
2453,5,371,FeedbackPeriodStarted,1765550009.6499276,1904.3677768707275,False
2454,5,371,startFixDisplay,1765550009.649995,1904.3678436279297,False
2455,5,371,startFixPeriod,1765550009.7819,1904.499751329422,False
2456,5,371,TargetPresentation,1765550010.7465205,1905.4643721580505,False
2457,5,371,TargetDisplacement,1765550010.8643818,1905.5822305679321,True
2458,5,371,LeftResponse,1765550011.4265845,1906.1444334983826,False
2459,5,372,FeedbackPeriodStarted,1765550011.447144,1906.1649930477142,False
2460,5,372,startFixDisplay,1765550011.4472108,1906.1650593280792,False
2461,5,372,startFixPeriod,1765550011.5792148,1906.297066450119,False
2462,5,372,TargetPresentation,1765550012.2105985,1906.9284479618073,False
2463,5,372,TargetDisplacement,1765550012.2176113,1906.935460805893,True
2464,5,372,RightResponse,1765550013.0989816,1907.8168313503265,False
2465,5,372,FeedbackPeriodStarted,1765550013.1056979,1907.8235471248627,False
2466,5,373,startFixDisplay,1765550015.1179574,1909.8358087539673,False
2467,5,373,startFixPeriod,1765550015.1527343,1909.8705847263336,False
2468,5,373,TargetPresentation,1765550015.7634869,1910.4813387393951,False
2469,5,373,TargetDisplacement,1765550015.8953044,1910.6131558418274,True
2470,5,373,RightResponse,1765550017.345801,1912.0636520385742,False
2471,5,374,FeedbackPeriodStarted,1765550017.3662689,1912.0841205120087,False
2472,5,374,startFixDisplay,1765550017.3665423,1912.0843946933746,False
2473,5,374,startFixPeriod,1765550017.5052376,1912.2230894565582,False
2474,5,374,TargetPresentation,1765550018.136565,1912.8544161319733,False
2475,5,374,TargetDisplacement,1765550018.2544827,1912.9723315238953,True
2476,5,374,LeftResponse,1765550019.1362112,1913.8540625572205,False
2477,5,375,FeedbackPeriodStarted,1765550019.1564136,1913.8742623329163,False
2478,5,375,startFixDisplay,1765550019.1564777,1913.8743262290955,False
2479,5,375,startFixPeriod,1765550019.2677233,1913.98557472229,False
2480,5,375,TargetPresentation,1765550020.5722702,1915.2901220321655,False
2481,5,375,TargetDisplacement,1765550020.6901667,1915.4080181121826,True
2482,5,375,RightResponse,1765550021.529918,1916.2477679252625,False
2483,5,376,FeedbackPeriodStarted,1765550021.5503988,1916.2682478427887,False
2484,5,376,startFixDisplay,1765550021.550466,1916.2683145999908,False
2485,5,376,startFixPeriod,1765550021.6894016,1916.4072530269623,False
2486,5,376,TargetPresentation,1765550023.1050005,1917.8228523731232,False
2487,5,376,TargetDisplacement,1765550023.2228024,1917.9406538009644,True
2488,5,376,LeftResponse,1765550024.118409,1918.836259841919,False
2489,5,377,FeedbackPeriodStarted,1765550024.1391792,1918.8570284843445,False
2490,5,377,startFixDisplay,1765550024.139249,1918.8570973873138,False
2491,5,377,startFixPeriod,1765550024.2846062,1919.0024571418762,False
2492,5,377,TargetPresentation,1765550025.3601665,1920.078016281128,False
2493,5,377,TargetDisplacement,1765550025.47103,1920.1888811588287,True
2494,5,377,LeftResponse,1765550026.1653361,1920.883187532425,False
2495,5,378,FeedbackPeriodStarted,1765550026.1926408,1920.9104897975922,False
2496,5,378,startFixDisplay,1765550026.1927054,1920.9105536937714,False
2497,5,378,startFixPeriod,1765550026.3455102,1921.0633616447449,False
2498,5,378,TargetPresentation,1765550027.4418585,1922.1597101688385,False
2499,5,378,TargetDisplacement,1765550027.5597599,1922.2776107788086,True
2500,5,378,LeftResponse,1765550028.2402408,1922.9580917358398,False
2501,5,378,FeedbackPeriodStarted,1765550028.2467396,1922.964588880539,False
2502,5,379,startFixDisplay,1765550030.258866,1924.976714849472,False
2503,5,379,startFixPeriod,1765550030.265948,1924.98379945755,False
2504,5,379,TargetPresentation,1765550031.5913801,1926.3092293739319,False
2505,5,379,TargetDisplacement,1765550031.7092667,1926.4271175861359,True
2506,5,379,LeftResponse,1765550032.4244878,1927.1423389911652,False
2507,5,380,FeedbackPeriodStarted,1765550032.4447882,1927.1626374721527,False
2508,5,380,startFixDisplay,1765550032.4448516,1927.162700176239,False
2509,5,380,startFixPeriod,1765550032.590653,1927.3085043430328,False
2510,5,380,TargetPresentation,1765550033.2637632,1927.9816138744354,False
2511,5,380,TargetDisplacement,1765550033.3885136,1928.1063647270203,True
2512,5,380,LeftResponse,1765550034.277226,1928.9950771331787,False
2513,5,381,FeedbackPeriodStarted,1765550034.2975597,1929.0154116153717,False
2514,5,381,startFixDisplay,1765550034.2976937,1929.015543937683,False
2515,5,381,startFixPeriod,1765550034.4226,1929.1404519081116,False
2516,5,381,TargetPresentation,1765550035.2968674,1930.014717578888,False
2517,5,381,TargetDisplacement,1765550035.407782,1930.1256310939789,True
2518,5,381,LeftResponse,1765550036.04657,1930.7644193172455,False
2519,5,382,FeedbackPeriodStarted,1765550036.066893,1930.784742116928,False
2520,5,382,startFixDisplay,1765550036.0669565,1930.7848048210144,False
2521,5,382,startFixPeriod,1765550036.198963,1930.9168136119843,False
2522,5,382,TargetPresentation,1765550036.8928492,1931.6107006072998,False
2523,5,382,TargetDisplacement,1765550037.0107315,1931.7285823822021,True
2524,5,382,RightResponse,1765550037.7744074,1932.492258310318,False
2525,5,383,FeedbackPeriodStarted,1765550037.801831,1932.519680261612,False
2526,5,383,startFixDisplay,1765550037.8019135,1932.5197622776031,False
2527,5,383,startFixPeriod,1765550037.940721,1932.658572435379,False
2528,5,383,TargetPresentation,1765550038.9884312,1933.7062811851501,False
2529,5,383,TargetDisplacement,1765550039.1063666,1933.8242182731628,True
2530,5,383,LeftResponse,1765550039.9324222,1934.6502726078033,False
2531,5,384,FeedbackPeriodStarted,1765550039.959826,1934.6776776313782,False
2532,5,384,startFixDisplay,1765550039.9599583,1934.6778087615967,False
2533,5,384,startFixPeriod,1765550040.0917885,1934.8096387386322,False
2534,5,384,TargetPresentation,1765550040.861933,1935.5797822475433,False
2535,5,384,TargetDisplacement,1765550040.9867635,1935.7046122550964,True
2536,5,384,LeftResponse,1765550041.882347,1936.600198507309,False
2537,5,384,FeedbackPeriodStarted,1765550041.8888469,1936.606698513031,False
2538,5,385,startFixDisplay,1765550043.9011803,1938.6190314292908,False
2539,5,385,startFixPeriod,1765550044.1025562,1938.8204073905945,False
2540,5,385,TargetPresentation,1765550045.2058883,1939.9237399101257,False
2541,5,385,TargetDisplacement,1765550045.3305876,1940.0484364032745,True
2542,5,385,LeftResponse,1765550046.0389233,1940.7567737102509,False
2543,5,386,FeedbackPeriodStarted,1765550046.066197,1940.784048318863,False
2544,5,386,startFixDisplay,1765550046.0663373,1940.784187555313,False
2545,5,386,startFixPeriod,1765550046.198141,1940.915991306305,False
2546,5,386,TargetPresentation,1765550047.4887497,1942.206598997116,False
2547,5,386,TargetDisplacement,1765550047.613649,1942.3315002918243,True
2548,5,386,LeftResponse,1765550048.1413238,1942.8591747283936,False
2549,5,387,FeedbackPeriodStarted,1765550048.1687562,1942.8866076469421,False
2550,5,387,startFixDisplay,1765550048.1688974,1942.8867473602295,False
2551,5,387,startFixPeriod,1765550048.3006258,1943.018476486206,False
2552,5,387,TargetPresentation,1765550049.0986235,1943.8164746761322,False
2553,5,387,TargetRemoval,1765550049.2165735,1943.9344244003296,True
2554,5,387,TargetReappeared,1765550049.4664342,1944.1842858791351,False
2555,5,387,LeftResponse,1765550050.5075302,1945.2253816127777,False
2556,5,388,FeedbackPeriodStarted,1765550050.534924,1945.2527730464935,False
2557,5,388,startFixDisplay,1765550050.534989,1945.25283741951,False
2558,5,388,startFixPeriod,1765550050.6738224,1945.3916728496552,False
2559,5,388,TargetPresentation,1765550051.7147422,1946.4325935840607,False
2560,5,388,TargetDisplacement,1765550051.7910047,1946.5088562965393,True
2561,5,388,LeftResponse,1765550052.505802,1947.223650932312,False
2562,5,389,FeedbackPeriodStarted,1765550052.5263562,1947.244205236435,False
2563,5,389,startFixDisplay,1765550052.5264199,1947.2442684173584,False
2564,5,389,startFixPeriod,1765550052.6653898,1947.3832416534424,False
2565,5,389,TargetPresentation,1765550053.9837751,1948.7016243934631,False
2566,5,389,TargetDisplacement,1765550054.1016934,1948.8195452690125,True
2567,5,389,LeftResponse,1765550054.9277468,1949.6455965042114,False
2568,5,390,FeedbackPeriodStarted,1765550054.955223,1949.67307472229,False
2569,5,390,startFixDisplay,1765550054.955367,1949.6732172966003,False
2570,5,390,startFixPeriod,1765550055.2119431,1949.929792881012,False
2571,5,390,TargetPresentation,1765550056.4124653,1951.130316734314,False
2572,5,390,TargetDisplacement,1765550056.5372198,1951.2550711631775,True
2573,5,390,RightResponse,1765550057.4605849,1952.1784362792969,False
2574,5,390,FeedbackPeriodStarted,1765550057.4741805,1952.1920318603516,False
2575,5,391,startFixDisplay,1765550059.486307,1954.2041583061218,False
2576,5,391,startFixPeriod,1765550059.6668782,1954.3847274780273,False
2577,5,391,TargetPresentation,1765550060.4508564,1955.1687064170837,False
2578,5,391,TargetDisplacement,1765550060.5756705,1955.2935192584991,True
2579,5,391,LeftResponse,1765550061.2353275,1955.9531786441803,False
2580,5,392,FeedbackPeriodStarted,1765550061.2627473,1955.9805989265442,False
2581,5,392,startFixDisplay,1765550061.2628858,1955.9807360172272,False
2582,5,392,startFixPeriod,1765550061.4085898,1956.126440525055,False
2583,5,392,TargetPresentation,1765550062.5811803,1957.2990295886993,False
2584,5,392,TargetRemoval,1765550062.7059922,1957.4238409996033,True
2585,5,392,TargetReappeared,1765550062.9559839,1957.6738357543945,False
2586,5,392,RightResponse,1765550063.9067724,1958.624621629715,False
2587,5,393,FeedbackPeriodStarted,1765550063.9272153,1958.6450643539429,False
2588,5,393,startFixDisplay,1765550063.9272802,1958.6451284885406,False
2589,5,393,startFixPeriod,1765550064.0592897,1958.7771413326263,False
2590,5,393,TargetPresentation,1765550064.9474585,1959.6653094291687,False
2591,5,393,TargetRemoval,1765550065.0583463,1959.7761974334717,True
2592,5,393,TargetReappeared,1765550065.3083296,1960.0261812210083,False
2593,5,393,LeftResponse,1765550065.8358889,1960.5537388324738,False
2594,5,394,FeedbackPeriodStarted,1765550065.8633533,1960.5812048912048,False
2595,5,394,startFixDisplay,1765550065.8634934,1960.5813434123993,False
2596,5,394,startFixPeriod,1765550066.0022557,1960.7201073169708,False
2597,5,394,TargetPresentation,1765550067.3900423,1962.1078941822052,False
2598,5,394,TargetDisplacement,1765550067.5077965,1962.2256474494934,True
2599,5,394,LeftResponse,1765550068.1743095,1962.8921592235565,False
2600,5,395,FeedbackPeriodStarted,1765550068.2017949,1962.919646024704,False
2601,5,395,startFixDisplay,1765550068.2019346,1962.919784784317,False
2602,5,395,startFixPeriod,1765550068.6043174,1963.3221695423126,False
2603,5,395,TargetPresentation,1765550070.0129032,1964.7307524681091,False
2604,5,395,TargetRemoval,1765550070.1308339,1964.8486850261688,True
2605,5,395,TargetReappeared,1765550070.380755,1965.0986065864563,False
2606,5,395,LeftResponse,1765550071.109553,1965.8274021148682,False
2607,5,395,FeedbackPeriodStarted,1765550071.1579254,1965.8757767677307,False
2608,6,396,startFixDisplay,1765550074.190184,1968.908035516739,False
2609,6,396,startFixPeriod,1765550074.4399986,1969.1578505039215,False
2610,6,396,TargetPresentation,1765550075.0229707,1969.740822315216,False
2611,6,396,TargetDisplacement,1765550075.0367627,1969.7546119689941,True
2612,6,396,RightResponse,1765550075.7657259,1970.48357629776,False
2613,6,397,FeedbackPeriodStarted,1765550075.793155,1970.5110068321228,False
2614,6,397,startFixDisplay,1765550075.793296,1970.5111465454102,False
2615,6,397,startFixPeriod,1765550075.9458113,1970.6636612415314,False
2616,6,397,TargetPresentation,1765550076.681351,1971.3992025852203,False
2617,6,397,TargetDisplacement,1765550076.799275,1971.5171265602112,True
2618,6,397,RightResponse,1765550077.5141408,1972.2319903373718,False
2619,6,398,FeedbackPeriodStarted,1765550077.5416148,1972.2594637870789,False
2620,6,398,startFixDisplay,1765550077.54168,1972.2595283985138,False
2621,6,398,startFixPeriod,1765550077.6666808,1972.3845298290253,False
2622,6,398,TargetPresentation,1765550078.999117,1973.716966867447,False
2623,6,398,TargetRemoval,1765550079.1168666,1973.8347153663635,True
2624,6,398,TargetReappeared,1765550079.3668041,1974.0846536159515,False
2625,6,398,RightResponse,1765550080.1859658,1974.903815984726,False
2626,6,399,FeedbackPeriodStarted,1765550080.2133296,1974.9311809539795,False
2627,6,399,startFixDisplay,1765550080.2134702,1974.9313204288483,False
2628,6,399,startFixPeriod,1765550080.4006946,1975.1185443401337,False
2629,6,399,TargetPresentation,1765550081.490221,1976.2080726623535,False
2630,6,399,TargetDisplacement,1765550081.594133,1976.3119840621948,True
2631,6,399,LeftResponse,1765550082.4202,1977.1380498409271,False
2632,6,400,FeedbackPeriodStarted,1765550082.447687,1977.1655385494232,False
2633,6,400,startFixDisplay,1765550082.447775,1977.1656234264374,False
2634,6,400,startFixPeriod,1765550082.5865672,1977.3044188022614,False
2635,6,400,TargetPresentation,1765550083.904978,1978.622828245163,False
2636,6,400,TargetDisplacement,1765550084.0227835,1978.7406344413757,True
2637,6,400,LeftResponse,1765550084.6059399,1979.3237888813019,False
2638,6,401,FeedbackPeriodStarted,1765550084.6335204,1979.3513717651367,False
2639,6,401,startFixDisplay,1765550084.6336687,1979.3515188694,False
2640,6,401,startFixPeriod,1765550084.7376144,1979.455463886261,False
2641,6,401,TargetPresentation,1765550085.5356445,1980.2534959316254,False
2642,6,401,TargetDisplacement,1765550085.6604798,1980.3783309459686,True
2643,6,401,LeftResponse,1765550086.3268385,1981.0446872711182,False
2644,6,402,FeedbackPeriodStarted,1765550086.3473785,1981.0652298927307,False
2645,6,402,startFixDisplay,1765550086.3475192,1981.0653698444366,False
2646,6,402,startFixPeriod,1765550086.5348854,1981.2527358531952,False
2647,6,402,TargetPresentation,1765550087.6173983,1982.3352499008179,False
2648,6,402,TargetDisplacement,1765550087.7351933,1982.4530446529388,True
2649,6,402,LeftResponse,1765550088.3324392,1983.0503034591675,False
2650,6,402,FeedbackPeriodStarted,1765550088.3388224,1983.0566725730896,False
2651,6,403,startFixDisplay,1765550090.3512185,1985.0690698623657,False
2652,6,403,startFixPeriod,1765550090.55259,1985.2704389095306,False
2653,6,403,TargetPresentation,1765550091.1215718,1985.839423418045,False
2654,6,403,TargetRemoval,1765550091.2463427,1985.9641938209534,True
2655,6,403,TargetReappeared,1765550091.4963195,1986.2141711711884,False
2656,6,403,LeftResponse,1765550092.0447245,1986.7625744342804,False
2657,6,404,FeedbackPeriodStarted,1765550092.072144,1986.7899956703186,False
2658,6,404,startFixDisplay,1765550092.0722837,1986.7901339530945,False
2659,6,404,startFixPeriod,1765550092.2040212,1986.92187166214,False
2660,6,404,TargetPresentation,1765550093.244959,1987.9628112316132,False
2661,6,404,TargetDisplacement,1765550093.3696594,1988.0875079631805,True
2662,6,404,LeftResponse,1765550094.188911,1988.906760931015,False
2663,6,405,FeedbackPeriodStarted,1765550094.2164392,1988.9342908859253,False
2664,6,405,startFixDisplay,1765550094.2165818,1988.9344322681427,False
2665,6,405,startFixPeriod,1765550094.3552444,1989.073096036911,False
2666,6,405,TargetPresentation,1765550094.9727504,1989.6906020641327,False
2667,6,405,TargetRemoval,1765550095.090658,1989.808509349823,True
2668,6,405,TargetReappeared,1765550095.3405192,1990.0583708286285,False
2669,6,405,RightResponse,1765550096.1042502,1990.8221015930176,False
2670,6,406,FeedbackPeriodStarted,1765550096.1314611,1990.8493127822876,False
2671,6,406,startFixDisplay,1765550096.131603,1990.8494532108307,False
2672,6,406,startFixPeriod,1765550096.1523895,1990.8702411651611,False
2673,6,406,TargetPresentation,1765550096.7075467,1991.425398349762,False
2674,6,406,TargetRemoval,1765550096.8254802,1991.5433313846588,True
2675,6,406,TargetReappeared,1765550097.0752513,1991.7931025028229,False
2676,6,406,LeftResponse,1765550097.5821512,1992.3000016212463,False
2677,6,407,FeedbackPeriodStarted,1765550097.609597,1992.3274488449097,False
2678,6,407,startFixDisplay,1765550097.6097436,1992.3275938034058,False
2679,6,407,startFixPeriod,1765550097.7413502,1992.4592018127441,False
2680,6,407,TargetPresentation,1765550098.2688122,1992.9866614341736,False
2681,6,407,TargetRemoval,1765550098.379701,1993.0975522994995,True
2682,6,407,TargetReappeared,1765550098.6296735,1993.3475253582,False
2683,6,407,LeftResponse,1765550099.1781123,1993.8959629535675,False
2684,6,408,FeedbackPeriodStarted,1765550099.2055976,1993.9234492778778,False
2685,6,408,startFixDisplay,1765550099.2057438,1993.9235939979553,False
2686,6,408,startFixPeriod,1765550099.2125182,1993.9303698539734,False
2687,6,408,TargetPresentation,1765550100.3366277,1995.0544776916504,False
2688,6,408,TargetDisplacement,1765550100.4614449,1995.1792962551117,True
2689,6,408,RightResponse,1765550101.6762207,1996.3940708637238,False
2690,6,408,FeedbackPeriodStarted,1765550101.6896946,1996.4075441360474,False
2691,6,409,startFixDisplay,1765550103.7018723,1998.419721364975,False
2692,6,409,startFixPeriod,1765550103.9658082,1998.683660030365,False
2693,6,409,TargetPresentation,1765550104.6665726,1999.3844242095947,False
2694,6,409,TargetRemoval,1765550104.7914522,1999.5093035697937,True
2695,6,409,TargetReappeared,1765550105.041335,1999.7591865062714,False
2696,6,409,RightResponse,1765550105.7007685,2000.418619632721,False
2697,6,410,FeedbackPeriodStarted,1765550105.7281854,2000.4460365772247,False
2698,6,410,startFixDisplay,1765550105.7283266,2000.4461767673492,False
2699,6,410,startFixPeriod,1765550105.860183,2000.5780351161957,False
2700,6,410,TargetPresentation,1765550107.3312602,2002.0491116046906,False
2701,6,410,TargetRemoval,1765550107.449073,2002.1669247150421,True
2702,6,410,TargetReappeared,1765550107.698967,2002.4168186187744,False
2703,6,410,LeftResponse,1765550108.268113,2002.985962152481,False
2704,6,411,FeedbackPeriodStarted,1765550108.2957017,2003.0135531425476,False
2705,6,411,startFixDisplay,1765550108.2958472,2003.0136976242065,False
2706,6,411,startFixPeriod,1765550108.9965816,2003.7144331932068,False
2707,6,411,TargetPresentation,1765550110.3705175,2005.0883688926697,False
2708,6,411,TargetDisplacement,1765550110.3774498,2005.0953013896942,True
2709,6,411,RightResponse,1765550111.1202447,2005.8380954265594,False
2710,6,412,FeedbackPeriodStarted,1765550111.1475708,2005.865422964096,False
2711,6,412,startFixDisplay,1765550111.1477056,2005.8655562400818,False
2712,6,412,startFixPeriod,1765550111.2935102,2006.0113620758057,False
2713,6,412,TargetPresentation,1765550112.7506468,2007.4684963226318,False
2714,6,412,TargetDisplacement,1765550112.8684413,2007.5862925052643,True
2715,6,412,LeftResponse,1765550113.4932082,2008.2110576629639,False
2716,6,413,FeedbackPeriodStarted,1765550113.5207193,2008.238570690155,False
2717,6,413,startFixDisplay,1765550113.5208583,2008.2387065887451,False
2718,6,413,startFixPeriod,1765550113.666575,2008.3844249248505,False
2719,6,413,TargetPresentation,1765550115.123765,2009.8416168689728,False
2720,6,413,TargetDisplacement,1765550115.2416697,2009.959520816803,True
2721,6,413,LeftResponse,1765550116.1025178,2010.8203694820404,False
2722,6,414,FeedbackPeriodStarted,1765550116.1299143,2010.8477663993835,False
2723,6,414,startFixDisplay,1765550116.1300898,2010.8479402065277,False
2724,6,414,startFixPeriod,1765550116.254811,2010.9726612567902,False
2725,6,414,TargetPresentation,1765550117.1985872,2011.9164385795593,False
2726,6,414,TargetDisplacement,1765550117.3302484,2012.0480995178223,True
2727,6,414,LeftResponse,1765550118.8157034,2013.5335531234741,False
2728,6,414,FeedbackPeriodStarted,1765550118.8221502,2013.540001153946,False
2729,6,415,startFixDisplay,1765550120.8344483,2015.5522973537445,False
2730,6,415,startFixPeriod,1765550121.1260967,2015.8439481258392,False
2731,6,415,TargetPresentation,1765550122.0212033,2016.7390534877777,False
2732,6,415,TargetDisplacement,1765550122.1460755,2016.8639273643494,True
2733,6,415,RightResponse,1765550122.902792,2017.6206562519073,False
2734,6,416,FeedbackPeriodStarted,1765550122.9301,2017.647952079773,False
2735,6,416,startFixDisplay,1765550122.9302435,2017.6480939388275,False
2736,6,416,startFixPeriod,1765550123.0967493,2017.814600944519,False
2737,6,416,TargetPresentation,1765550124.123725,2018.841576576233,False
2738,6,416,TargetDisplacement,1765550124.1792092,2018.8970606327057,True
2739,6,416,RightResponse,1765550124.8942919,2019.612143278122,False
2740,6,417,FeedbackPeriodStarted,1765550124.9216626,2019.639511346817,False
2741,6,417,startFixDisplay,1765550124.9217262,2019.639574766159,False
2742,6,417,startFixPeriod,1765550125.074361,2019.7922127246857,False
2743,6,417,TargetPresentation,1765550125.851539,2020.5693905353546,False
2744,6,417,TargetDisplacement,1765550125.969446,2020.6872968673706,True
2745,6,417,LeftResponse,1765550127.0661423,2021.7839913368225,False
2746,6,418,FeedbackPeriodStarted,1765550127.0936444,2021.8114960193634,False
2747,6,418,startFixDisplay,1765550127.0937922,2021.8116428852081,False
2748,6,418,startFixPeriod,1765550127.2949088,2022.0127589702606,False
2749,6,418,TargetPresentation,1765550127.9262562,2022.6441059112549,False
2750,6,418,TargetDisplacement,1765550127.9333062,2022.6511578559875,True
2751,6,418,LeftResponse,1765550128.793892,2023.5117411613464,False
2752,6,419,FeedbackPeriodStarted,1765550128.821472,2023.5393238067627,False
2753,6,419,startFixDisplay,1765550128.821617,2023.5394673347473,False
2754,6,419,startFixPeriod,1765550128.8422444,2023.560094833374,False
2755,6,419,TargetPresentation,1765550129.5500424,2024.26789188385,False
2756,6,419,TargetRemoval,1765550129.6678965,2024.3857474327087,True
2757,6,419,TargetReappeared,1765550129.9178672,2024.6357188224792,False
2758,6,419,LeftResponse,1765550130.466246,2025.1840960979462,False
2759,6,420,FeedbackPeriodStarted,1765550130.4937959,2025.2116475105286,False
2760,6,420,startFixDisplay,1765550130.4939425,2025.2117929458618,False
2761,6,420,startFixPeriod,1765550130.5770788,2025.2949304580688,False
2762,6,420,TargetPresentation,1765550131.6109319,2026.3287816047668,False
2763,6,420,TargetDisplacement,1765550131.7704911,2026.4883422851562,True
2764,6,420,LeftResponse,1765550132.728527,2027.4463784694672,False
2765,6,420,FeedbackPeriodStarted,1765550132.7349274,2027.4527764320374,False
2766,6,421,startFixDisplay,1765550134.7473612,2029.4652125835419,False
2767,6,421,startFixPeriod,1765550134.9693508,2029.6872026920319,False
2768,6,421,TargetPresentation,1765550136.0103621,2030.7282137870789,False
2769,6,421,TargetDisplacement,1765550136.1558712,2030.8737199306488,True
2770,6,421,RightResponse,1765550136.8987868,2031.6166379451752,False
2771,6,422,FeedbackPeriodStarted,1765550136.9261005,2031.643949508667,False
2772,6,422,startFixDisplay,1765550136.9261625,2031.6440110206604,False
2773,6,422,startFixPeriod,1765550137.0581756,2031.7760272026062,False
2774,6,422,TargetPresentation,1765550138.1682925,2032.8861417770386,False
2775,6,422,TargetDisplacement,1765550138.2862043,2033.004055261612,True
2776,6,422,LeftResponse,1765550139.0843759,2033.8022246360779,False
2777,6,423,FeedbackPeriodStarted,1765550139.1049442,2033.8227932453156,False
2778,6,423,startFixDisplay,1765550139.1050067,2033.8228549957275,False
2779,6,423,startFixPeriod,1765550139.250898,2033.968747138977,False
2780,6,423,TargetPresentation,1765550140.0488822,2034.7667338848114,False
2781,6,423,TargetRemoval,1765550140.1875947,2034.9054462909698,True
2782,6,423,TargetReappeared,1765550140.4374647,2035.1553170681,False
2783,6,423,RightResponse,1765550141.1247437,2035.8425948619843,False
2784,6,424,FeedbackPeriodStarted,1765550141.1521924,2035.8700413703918,False
2785,6,424,startFixDisplay,1765550141.1522548,2035.8701031208038,False
2786,6,424,startFixPeriod,1765550141.2563248,2035.974176645279,False
2787,6,424,TargetPresentation,1765550142.2971108,2037.0149626731873,False
2788,6,424,TargetDisplacement,1765550142.3040001,2037.0218496322632,True
2789,6,424,RightResponse,1765550143.011974,2037.7298245429993,False
2790,6,425,FeedbackPeriodStarted,1765550143.0394468,2037.7572982311249,False
2791,6,425,startFixDisplay,1765550143.0395877,2037.7574379444122,False
2792,6,425,startFixPeriod,1765550143.1783693,2037.896220445633,False
2793,6,425,TargetPresentation,1765550144.017934,2038.735784292221,False
2794,6,425,TargetDisplacement,1765550144.0248837,2038.7427334785461,True
2795,6,425,LeftResponse,1765550144.8787403,2039.5965912342072,False
2796,6,426,FeedbackPeriodStarted,1765550144.906116,2039.6239681243896,False
2797,6,426,startFixDisplay,1765550144.906265,2039.6241154670715,False
2798,6,426,startFixPeriod,1765550145.0381246,2039.7559762001038,False
2799,6,426,TargetPresentation,1765550145.5999818,2040.3178310394287,False
2800,6,426,TargetRemoval,1765550145.6763954,2040.3942472934723,True
2801,6,426,TargetReappeared,1765550145.926237,2040.6440868377686,False
2802,6,426,LeftResponse,1765550146.4399745,2041.157824754715,False
2803,6,426,FeedbackPeriodStarted,1765550146.4535959,2041.1714475154877,False
2804,6,427,startFixDisplay,1765550148.4657555,2043.1836068630219,False
2805,6,427,startFixPeriod,1765550148.7434723,2043.4613227844238,False
2806,6,427,TargetPresentation,1765550149.777442,2044.4952938556671,False
2807,6,427,TargetRemoval,1765550149.9022672,2044.6201186180115,True
2808,6,427,TargetReappeared,1765550150.1521306,2044.8699805736542,False
2809,6,427,LeftResponse,1765550151.0195556,2045.7374045848846,False
2810,6,428,FeedbackPeriodStarted,1765550151.0472746,2045.765124320984,False
2811,6,428,startFixDisplay,1765550151.0473628,2045.7652118206024,False
2812,6,428,startFixPeriod,1765550151.186023,2045.9038746356964,False
2813,6,428,TargetPresentation,1765550152.4628484,2047.180700302124,False
2814,6,428,TargetDisplacement,1765550152.6154532,2047.3333041667938,True
2815,6,428,LeftResponse,1765550153.226282,2047.9441318511963,False
2816,6,429,FeedbackPeriodStarted,1765550153.2537751,2047.9716267585754,False
2817,6,429,startFixDisplay,1765550153.2538698,2047.9717183113098,False
2818,6,429,startFixPeriod,1765550153.3996181,2048.1174700260162,False
2819,6,429,TargetPresentation,1765550154.0865784,2048.8044300079346,False
2820,6,429,TargetDisplacement,1765550154.197399,2048.9152500629425,True
2821,6,429,LeftResponse,1765550155.0167365,2049.734587430954,False
2822,6,430,FeedbackPeriodStarted,1765550155.0439937,2049.7618429660797,False
2823,6,430,startFixDisplay,1765550155.0440624,2049.7619109153748,False
2824,6,430,startFixPeriod,1765550155.1898012,2049.9076528549194,False
2825,6,430,TargetPresentation,1765550156.4111905,2051.1290423870087,False
2826,6,430,TargetRemoval,1765550156.535901,2051.253752231598,True
2827,6,430,TargetReappeared,1765550156.78582,2051.503669500351,False
2828,6,430,LeftResponse,1765550157.4106462,2052.1284976005554,False
2829,6,431,FeedbackPeriodStarted,1765550157.4380314,2052.155880212784,False
2830,6,431,startFixDisplay,1765550157.438103,2052.155951499939,False
2831,6,431,startFixPeriod,1765550157.583872,2052.301723718643,False
2832,6,431,TargetPresentation,1765550158.2153084,2052.9331607818604,False
2833,6,431,TargetDisplacement,1765550158.3539412,2053.0717923641205,True
2834,6,431,LeftResponse,1765550159.013517,2053.7313680648804,False
2835,6,432,FeedbackPeriodStarted,1765550159.0409992,2053.7588510513306,False
2836,6,432,startFixDisplay,1765550159.0411775,2053.759028196335,False
2837,6,432,startFixPeriod,1765550159.1866765,2053.9045281410217,False
2838,6,432,TargetPresentation,1765550159.7557926,2054.473644256592,False
2839,6,432,TargetRemoval,1765550159.8874671,2054.605318069458,True
2840,6,432,TargetReappeared,1765550160.1374424,2054.8552942276,False
2841,6,432,LeftResponse,1765550160.5886037,2055.3064534664154,False
2842,6,432,FeedbackPeriodStarted,1765550160.595427,2055.3132791519165,False
2843,6,433,startFixDisplay,1765550162.607652,2057.325503349304,False
2844,6,433,startFixPeriod,1765550162.7534175,2057.471268415451,False
2845,6,433,TargetPresentation,1765550164.2314634,2058.9493153095245,False
2846,6,433,TargetRemoval,1765550164.342277,2059.0601258277893,True
2847,6,433,TargetReappeared,1765550164.5921779,2059.3100287914276,False
2848,6,433,LeftResponse,1765550165.6750867,2060.392936229706,False
2849,6,434,FeedbackPeriodStarted,1765550165.7024925,2060.420343875885,False
2850,6,434,startFixDisplay,1765550165.7026315,2060.4204819202423,False
2851,6,434,startFixPeriod,1765550165.841373,2060.559224843979,False
2852,6,434,TargetPresentation,1765550167.0486252,2061.7664766311646,False
2853,6,434,TargetRemoval,1765550167.173549,2061.8914003372192,True
2854,6,434,TargetReappeared,1765550167.4234128,2062.1412642002106,False
2855,6,434,LeftResponse,1765550167.9302828,2062.648134946823,False
2856,6,435,FeedbackPeriodStarted,1765550167.9646032,2062.682454586029,False
2857,6,435,startFixDisplay,1765550167.9647543,2062.682604789734,False
2858,6,435,startFixPeriod,1765550168.0895636,2062.8074152469635,False
2859,6,435,TargetPresentation,1765550168.6099172,2063.3277666568756,False
2860,6,435,TargetRemoval,1765550168.734832,2063.4526834487915,True
2861,6,435,TargetReappeared,1765550168.9847007,2063.7025520801544,False
2862,6,435,LeftResponse,1765550169.4151468,2064.132996082306,False
2863,6,436,FeedbackPeriodStarted,1765550169.442615,2064.1604664325714,False
2864,6,436,startFixDisplay,1765550169.4427576,2064.1606080532074,False
2865,6,436,startFixPeriod,1765550169.5814545,2064.299306154251,False
2866,6,436,TargetPresentation,1765550170.7263253,2065.4441747665405,False
2867,6,436,TargetRemoval,1765550170.8581026,2065.5759513378143,True
2868,6,436,TargetReappeared,1765550171.1080954,2065.8259477615356,False
2869,6,436,LeftResponse,1765550171.5591836,2066.277032852173,False
2870,6,437,FeedbackPeriodStarted,1765550171.586896,2066.3047473430634,False
2871,6,437,startFixDisplay,1765550171.5870004,2066.3048486709595,False
2872,6,437,startFixPeriod,1765550171.6631904,2066.3810420036316,False
2873,6,437,TargetPresentation,1765550172.690193,2067.4080443382263,False
2874,6,437,TargetDisplacement,1765550172.8149228,2067.532773733139,True
2875,6,437,RightResponse,1765550173.5370245,2068.2548756599426,False
2876,6,438,FeedbackPeriodStarted,1765550173.564368,2068.28221988678,False
2877,6,438,startFixDisplay,1765550173.5645094,2068.2823598384857,False
2878,6,438,startFixPeriod,1765550173.703328,2068.421180009842,False
2879,6,438,TargetPresentation,1765550175.1535547,2069.8714067935944,False
2880,6,438,TargetDisplacement,1765550175.2714713,2069.9893226623535,True
2881,6,438,LeftResponse,1765550176.194425,2070.9122745990753,False
2882,6,438,FeedbackPeriodStarted,1765550176.2012331,2070.91908454895,False
2883,6,439,startFixDisplay,1765550178.2133942,2072.93124294281,False
2884,6,439,startFixPeriod,1765550178.317829,2073.035680770874,False
2885,6,439,TargetPresentation,1765550179.4626918,2074.1805436611176,False
2886,6,439,TargetRemoval,1765550179.5805857,2074.2984368801117,True
2887,6,439,TargetReappeared,1765550179.830441,2074.54829287529,False
2888,6,439,LeftResponse,1765550180.2746615,2074.9925117492676,False
2889,6,440,FeedbackPeriodStarted,1765550180.302294,2075.020145893097,False
2890,6,440,startFixDisplay,1765550180.3024397,2075.0202901363373,False
2891,6,440,startFixPeriod,1765550180.434197,2075.152048587799,False
2892,6,440,TargetPresentation,1765550181.2807493,2075.998600959778,False
2893,6,440,TargetDisplacement,1765550181.4055746,2076.1234261989594,True
2894,6,440,LeftResponse,1765550182.6480527,2077.3659234046936,False
2895,6,441,FeedbackPeriodStarted,1765550182.6754243,2077.393275976181,False
2896,6,441,startFixDisplay,1765550182.67557,2077.3934202194214,False
2897,6,441,startFixPeriod,1765550182.8281484,2077.545998811722,False
2898,6,441,TargetPresentation,1765550183.9105322,2078.6283814907074,False
2899,6,441,TargetDisplacement,1765550184.0284188,2078.74626994133,True
2900,6,441,LeftResponse,1765550184.826842,2079.5446932315826,False
2901,6,442,FeedbackPeriodStarted,1765550184.8543046,2079.572156190872,False
2902,6,442,startFixDisplay,1765550184.854449,2079.5722992420197,False
2903,6,442,startFixPeriod,1765550185.0208926,2079.738744497299,False
2904,6,442,TargetPresentation,1765550185.929905,2080.6477568149567,False
2905,6,442,TargetRemoval,1765550186.0408678,2080.7587192058563,True
2906,6,442,TargetReappeared,1765550186.2907352,2081.008587360382,False
2907,6,442,RightResponse,1765550186.9571667,2081.6750156879425,False
2908,6,443,FeedbackPeriodStarted,1765550186.9846284,2081.702480316162,False
2909,6,443,startFixDisplay,1765550186.984775,2081.702625513077,False
2910,6,443,startFixPeriod,1765550187.116447,2081.8342983722687,False
2911,6,443,TargetPresentation,1765550188.4349036,2083.1527552604675,False
2912,6,443,TargetRemoval,1765550188.441857,2083.1597089767456,True
2913,6,443,TargetReappeared,1765550188.6916556,2083.409507036209,False
2914,6,443,LeftResponse,1765550189.5729992,2084.2908482551575,False
2915,6,444,FeedbackPeriodStarted,1765550189.600641,2084.3184928894043,False
2916,6,444,startFixDisplay,1765550189.6007867,2084.3186371326447,False
2917,6,444,startFixPeriod,1765550189.7394443,2084.4572961330414,False
2918,6,444,TargetPresentation,1765550190.43335,2085.1512019634247,False
2919,6,444,TargetRemoval,1765550190.565022,2085.2828731536865,True
2920,6,444,TargetReappeared,1765550190.814951,2085.532801389694,False
2921,6,444,LeftResponse,1765550191.4121032,2086.129954814911,False
2922,6,444,FeedbackPeriodStarted,1765550191.4186232,2086.136472463608,False
2923,6,445,startFixDisplay,1765550193.4308083,2088.148657798767,False
2924,6,445,startFixPeriod,1765550193.4379,2088.1557490825653,False
2925,6,445,TargetPresentation,1765550193.9860873,2088.703937768936,False
2926,6,445,TargetDisplacement,1765550194.1039019,2088.821753025055,True
2927,6,445,RightResponse,1765550195.0758917,2089.793743133545,False
2928,6,446,FeedbackPeriodStarted,1765550195.1032326,2089.821081638336,False
2929,6,446,startFixDisplay,1765550195.1032977,2089.8211464881897,False
2930,6,446,startFixPeriod,1765550195.2421415,2089.9599916934967,False
2931,6,446,TargetPresentation,1765550196.2760432,2090.9938933849335,False
2932,6,446,TargetDisplacement,1765550196.3938313,2091.111682653427,True
2933,6,446,LeftResponse,1765550197.1226647,2091.8405146598816,False
2934,6,447,FeedbackPeriodStarted,1765550197.1502388,2091.8680906295776,False
2935,6,447,startFixDisplay,1765550197.1503713,2091.8682215213776,False
2936,6,447,startFixPeriod,1765550197.3308508,2092.0487027168274,False
2937,6,447,TargetPresentation,1765550198.4479196,2093.165769100189,False
2938,6,447,TargetDisplacement,1765550198.5796337,2093.2974846363068,True
2939,6,447,LeftResponse,1765550199.1838164,2093.901667356491,False
2940,6,448,FeedbackPeriodStarted,1765550199.2112036,2093.929055213928,False
2941,6,448,startFixDisplay,1765550199.2113495,2093.9291999340057,False
2942,6,448,startFixPeriod,1765550199.3569715,2094.0748233795166,False
2943,6,448,TargetPresentation,1765550200.252013,2094.9698622226715,False
2944,6,448,TargetDisplacement,1765550200.3837833,2095.101634502411,True
2945,6,448,RightResponse,1765550201.3278625,2096.045711517334,False
2946,6,449,FeedbackPeriodStarted,1765550201.355347,2096.0731983184814,False
2947,6,449,startFixDisplay,1765550201.3554952,2096.0733454227448,False
2948,6,449,startFixPeriod,1765550201.528901,2096.246752977371,False
2949,6,449,TargetPresentation,1765550202.6599665,2097.377818107605,False
2950,6,449,TargetDisplacement,1765550202.6669042,2097.384756088257,True
2951,6,449,LeftResponse,1765550203.3541527,2098.072002887726,False
2952,6,450,FeedbackPeriodStarted,1765550203.3815722,2098.099424123764,False
2953,6,450,startFixDisplay,1765550203.38172,2098.09957075119,False
2954,6,450,startFixPeriod,1765550203.4787872,2098.1966388225555,False
2955,6,450,TargetPresentation,1765550204.214329,2098.9321808815002,False
2956,6,450,TargetDisplacement,1765550204.331975,2099.0498235225677,True
2957,6,450,RightResponse,1765550205.109538,2099.8273870944977,False
2958,6,450,FeedbackPeriodStarted,1765550205.116295,2099.8341443538666,False
2959,6,451,startFixDisplay,1765550207.1355658,2101.853417158127,False
2960,6,451,startFixPeriod,1765550207.3229685,2102.0408198833466,False
2961,6,451,TargetPresentation,1765550208.1418407,2102.859692335129,False
2962,6,451,TargetRemoval,1765550208.2596083,2102.977459669113,True
2963,6,451,TargetReappeared,1765550208.5094762,2103.227327823639,False
2964,6,451,RightResponse,1765550209.0510175,2103.76886844635,False
2965,6,452,FeedbackPeriodStarted,1765550209.078396,2103.796245098114,False
2966,6,452,startFixDisplay,1765550209.0784602,2103.796308517456,False
2967,6,452,startFixPeriod,1765550209.2242925,2103.942144393921,False
2968,6,452,TargetPresentation,1765550210.1818671,2104.8997185230255,False
2969,6,452,TargetDisplacement,1765550210.3136508,2105.0315022468567,True
2970,6,452,LeftResponse,1765550210.9662056,2105.684054374695,False
2971,6,453,FeedbackPeriodStarted,1765550210.993602,2105.711451768875,False
2972,6,453,startFixDisplay,1765550210.993689,2105.7115380764008,False
2973,6,453,startFixPeriod,1765550211.132587,2105.850438594818,False
2974,6,453,TargetPresentation,1765550211.9374015,2106.655252933502,False
2975,6,453,TargetDisplacement,1765550212.0622883,2106.7801394462585,True
2976,6,453,LeftResponse,1765550212.92301,2107.6408610343933,False
2977,6,454,FeedbackPeriodStarted,1765550212.9504147,2107.6682636737823,False
2978,6,454,startFixDisplay,1765550212.950479,2107.6683275699615,False
2979,6,454,startFixPeriod,1765550213.0754452,2107.7932965755463,False
2980,6,454,TargetPresentation,1765550214.373116,2109.090964794159,False
2981,6,454,TargetRemoval,1765550214.5048902,2109.22274184227,True
2982,6,454,TargetReappeared,1765550214.7546837,2109.4725353717804,False
2983,6,454,RightResponse,1765550215.3792334,2110.0970821380615,False
2984,6,455,FeedbackPeriodStarted,1765550215.4069378,2110.1247894763947,False
2985,6,455,startFixDisplay,1765550215.4071147,2110.124965429306,False
2986,6,455,startFixPeriod,1765550215.538786,2110.2566378116608,False
2987,6,455,TargetPresentation,1765550216.1840925,2110.90194272995,False
2988,6,455,TargetDisplacement,1765550216.191119,2110.9089708328247,True
2989,6,455,RightResponse,1765550217.0863974,2111.8042476177216,False
2990,6,456,FeedbackPeriodStarted,1765550217.1207817,2111.838633298874,False
2991,6,456,startFixDisplay,1765550217.1209083,2111.838756799698,False
2992,6,456,startFixPeriod,1765550217.2388785,2111.956729888916,False
2993,6,456,TargetPresentation,1765550217.9744184,2112.692270040512,False
2994,6,456,TargetDisplacement,1765550218.0923264,2112.8101778030396,True
2995,6,456,LeftResponse,1765550218.8629324,2113.5807836055756,False
2996,6,456,FeedbackPeriodStarted,1765550218.8764992,2113.5943508148193,False
2997,6,457,startFixDisplay,1765550220.888581,2115.606430053711,False
2998,6,457,startFixPeriod,1765550220.8957477,2115.6135993003845,False
2999,6,457,TargetPresentation,1765550221.4786732,2116.1965248584747,False
3000,6,457,TargetDisplacement,1765550221.6035154,2116.321366786957,True
3001,6,457,LeftResponse,1765550222.3324194,2117.0502693653107,False
3002,6,458,FeedbackPeriodStarted,1765550222.359887,2117.077751159668,False
3003,6,458,startFixDisplay,1765550222.359967,2117.0778155326843,False
3004,6,458,startFixPeriod,1765550222.491749,2117.2096004486084,False
3005,6,458,TargetPresentation,1765550223.96977,2118.6876215934753,False
3006,6,458,TargetDisplacement,1765550224.09463,2118.812481403351,True
3007,6,458,LeftResponse,1765550224.7750847,2119.492936849594,False
3008,6,459,FeedbackPeriodStarted,1765550224.8023176,2119.5201692581177,False
3009,6,459,startFixDisplay,1765550224.80246,2119.520310163498,False
3010,6,459,startFixPeriod,1765550225.2882905,2120.0061416625977,False
3011,6,459,TargetPresentation,1765550226.7176108,2121.435460090637,False
3012,6,459,TargetDisplacement,1765550226.8494515,2121.5673027038574,True
3013,6,459,LeftResponse,1765550227.6617012,2122.3795523643494,False
3014,6,460,FeedbackPeriodStarted,1765550227.6891215,2122.4069731235504,False
3015,6,460,startFixDisplay,1765550227.689268,2122.4071185588837,False
3016,6,460,startFixPeriod,1765550227.793308,2122.511159658432,False
3017,6,460,TargetPresentation,1765550228.5495787,2123.267430305481,False
3018,6,460,TargetDisplacement,1765550228.6742594,2123.3921082019806,True
3019,6,460,RightResponse,1765550229.5421302,2124.259980201721,False
3020,6,461,FeedbackPeriodStarted,1765550229.569432,2124.287281036377,False
3021,6,461,startFixDisplay,1765550229.5694935,2124.287342071533,False
3022,6,461,startFixPeriod,1765550229.7152886,2124.4331386089325,False
3023,6,461,TargetPresentation,1765550231.1447883,2125.862640142441,False
3024,6,461,TargetDisplacement,1765550231.2695143,2125.987365245819,True
3025,6,461,LeftResponse,1765550232.0679774,2126.7858288288116,False
3026,6,461,FeedbackPeriodStarted,1765550232.1160922,2126.833941221237,False
3027,7,462,startFixDisplay,1765550234.683618,2129.4014694690704,False
3028,7,462,startFixPeriod,1765550234.6905522,2129.4084038734436,False
3029,7,462,TargetPresentation,1765550235.197139,2129.9149906635284,False
3030,7,462,TargetDisplacement,1765550235.3149602,2130.0328114032745,True
3031,7,462,LeftResponse,1765550235.9190788,2130.636928796768,False
3032,7,463,FeedbackPeriodStarted,1765550235.946351,2130.6642003059387,False
3033,7,463,startFixDisplay,1765550235.9464161,2130.6642644405365,False
3034,7,463,startFixPeriod,1765550236.106051,2130.823900461197,False
3035,7,463,TargetPresentation,1765550237.2025406,2131.9203922748566,False
3036,7,463,TargetRemoval,1765550237.3203788,2132.0382301807404,True
3037,7,463,TargetReappeared,1765550237.5702562,2132.2881059646606,False
3038,7,463,RightResponse,1765550238.2298396,2132.947690963745,False
3039,7,464,FeedbackPeriodStarted,1765550238.257205,2132.975056409836,False
3040,7,464,startFixDisplay,1765550238.257347,2132.9751975536346,False
3041,7,464,startFixPeriod,1765550238.3890278,2133.106879234314,False
3042,7,464,TargetPresentation,1765550239.5965478,2134.314399957657,False
3043,7,464,TargetDisplacement,1765550239.7144074,2134.4322562217712,True
3044,7,464,LeftResponse,1765550240.5404377,2135.2582879066467,False
3045,7,465,FeedbackPeriodStarted,1765550240.5678885,2135.2857398986816,False
3046,7,465,startFixDisplay,1765550240.5680275,2135.2858777046204,False
3047,7,465,startFixPeriod,1765550240.6929708,2135.4108226299286,False
3048,7,465,TargetPresentation,1765550241.53949,2136.257341861725,False
3049,7,465,TargetDisplacement,1765550241.546394,2136.2642431259155,True
3050,7,465,LeftResponse,1765550242.4765127,2137.194363117218,False
3051,7,466,FeedbackPeriodStarted,1765550242.5039208,2137.221769809723,False
3052,7,466,startFixDisplay,1765550242.5039828,2137.2218313217163,False
3053,7,466,startFixPeriod,1765550242.5942383,2137.312089920044,False
3054,7,466,TargetPresentation,1765550243.572623,2138.290475130081,False
3055,7,466,TargetDisplacement,1765550243.6904325,2138.4082839488983,True
3056,7,466,RightResponse,1765550244.3706992,2139.0885496139526,False
3057,7,467,FeedbackPeriodStarted,1765550244.3982887,2139.116140127182,False
3058,7,467,startFixDisplay,1765550244.3984199,2139.1162700653076,False
3059,7,467,startFixPeriod,1765550244.5509965,2139.268848180771,False
3060,7,467,TargetPresentation,1765550245.217167,2139.9350185394287,False
3061,7,467,TargetDisplacement,1765550245.3350513,2140.053002357483,True
3062,7,467,LeftResponse,1765550245.911386,2140.6292350292206,False
3063,7,468,FeedbackPeriodStarted,1765550245.9386227,2140.6564717292786,False
3064,7,468,startFixDisplay,1765550245.9386852,2140.656533718109,False
3065,7,468,startFixPeriod,1765550245.9874125,2140.7052643299103,False
3066,7,468,TargetPresentation,1765550247.3197162,2142.0375678539276,False
3067,7,468,TargetRemoval,1765550247.4375155,2142.155366420746,True
3068,7,468,TargetReappeared,1765550247.6874847,2142.4053366184235,False
3069,7,468,LeftResponse,1765550248.2705908,2142.988440513611,False
3070,7,468,FeedbackPeriodStarted,1765550248.277319,2142.995171070099,False
3071,7,469,startFixDisplay,1765550250.2894423,2145.0072934627533,False
3072,7,469,startFixPeriod,1765550250.5047386,2145.2225906848907,False
3073,7,469,TargetPresentation,1765550251.7052648,2146.4231145381927,False
3074,7,469,TargetRemoval,1765550251.8368912,2146.554742336273,True
3075,7,469,TargetReappeared,1765550252.0868168,2146.804668188095,False
3076,7,469,LeftResponse,1765550252.6214402,2147.339291572571,False
3077,7,470,FeedbackPeriodStarted,1765550252.648736,2147.3665878772736,False
3078,7,470,startFixDisplay,1765550252.648878,2147.3667285442352,False
3079,7,470,startFixPeriod,1765550252.7945035,2147.512354850769,False
3080,7,470,TargetPresentation,1765550254.0574837,2148.7753343582153,False
3081,7,470,TargetRemoval,1765550254.196202,2148.914052963257,True
3082,7,470,TargetReappeared,1765550254.4461043,2149.1639564037323,False
3083,7,470,RightResponse,1765550255.6399193,2150.357770204544,False
3084,7,471,FeedbackPeriodStarted,1765550255.6672022,2150.3850519657135,False
3085,7,471,startFixDisplay,1765550255.6672838,2150.3851323127747,False
3086,7,471,startFixPeriod,1765550255.8964007,2150.6142497062683,False
3087,7,471,TargetPresentation,1765550257.034417,2151.7522666454315,False
3088,7,471,TargetDisplacement,1765550257.1591225,2151.876971244812,True
3089,7,471,LeftResponse,1765550257.8326392,2152.5504896640778,False
3090,7,472,FeedbackPeriodStarted,1765550257.8598795,2152.577728509903,False
3091,7,472,startFixDisplay,1765550257.859941,2152.5777893066406,False
3092,7,472,startFixPeriod,1765550257.998925,2152.7167768478394,False
3093,7,472,TargetPresentation,1765550258.8802025,2153.598054409027,False
3094,7,472,TargetDisplacement,1765550259.0118592,2153.7297105789185,True
3095,7,472,LeftResponse,1765550260.0046751,2154.722526073456,False
3096,7,473,FeedbackPeriodStarted,1765550260.0388806,2154.7567319869995,False
3097,7,473,startFixDisplay,1765550260.0390246,2154.756875038147,False
3098,7,473,startFixPeriod,1765550260.191491,2154.909340620041,False
3099,7,473,TargetPresentation,1765550260.9687943,2155.686645746231,False
3100,7,473,TargetDisplacement,1765550261.0797238,2155.7975749969482,True
3101,7,473,RightResponse,1765550262.2041433,2156.9219932556152,False
3102,7,474,FeedbackPeriodStarted,1765550262.2315907,2156.949440717697,False
3103,7,474,startFixDisplay,1765550262.2316818,2156.94953083992,False
3104,7,474,startFixPeriod,1765550262.3635755,2157.081425189972,False
3105,7,474,TargetPresentation,1765550262.9394128,2157.6572620868683,False
3106,7,474,TargetDisplacement,1765550263.0573432,2157.775194644928,True
3107,7,474,RightResponse,1765550263.751371,2158.469219684601,False
3108,7,474,FeedbackPeriodStarted,1765550263.7582018,2158.476051092148,False
3109,7,475,startFixDisplay,1765550265.7703853,2160.4882338047028,False
3110,7,475,startFixPeriod,1765550265.9718964,2160.689748287201,False
3111,7,475,TargetPresentation,1765550267.4429674,2162.16081905365,False
3112,7,475,TargetDisplacement,1765550267.5885265,2162.306377887726,True
3113,7,475,LeftResponse,1765550268.2135303,2162.93138051033,False
3114,7,476,FeedbackPeriodStarted,1765550268.2408297,2162.9586811065674,False
3115,7,476,startFixDisplay,1765550268.2409666,2162.9588165283203,False
3116,7,476,startFixPeriod,1765550268.3727047,2163.0905544757843,False
3117,7,476,TargetPresentation,1765550269.642684,2164.3605353832245,False
3118,7,476,TargetDisplacement,1765550269.767428,2164.485276699066,True
3119,7,476,LeftResponse,1765550270.3435092,2165.0613582134247,False
3120,7,477,FeedbackPeriodStarted,1765550270.3711596,2165.089010953903,False
3121,7,477,startFixDisplay,1765550270.3713026,2165.0891528129578,False
3122,7,477,startFixPeriod,1765550270.5377493,2165.2556006908417,False
3123,7,477,TargetPresentation,1765550271.564715,2166.282566547394,False
3124,7,477,TargetRemoval,1765550271.571648,2166.289499759674,True
3125,7,477,TargetReappeared,1765550271.8215554,2166.5394048690796,False
3126,7,477,RightResponse,1765550272.453313,2167.1711642742157,False
3127,7,478,FeedbackPeriodStarted,1765550272.4805338,2167.1983828544617,False
3128,7,478,startFixDisplay,1765550272.4805949,2167.198443174362,False
3129,7,478,startFixPeriod,1765550272.6124136,2167.3302652835846,False
3130,7,478,TargetPresentation,1765550273.812935,2168.5307869911194,False
3131,7,478,TargetRemoval,1765550273.819871,2168.5377225875854,True
3132,7,478,TargetReappeared,1765550274.0696566,2168.787508249283,False
3133,7,478,RightResponse,1765550274.770848,2169.488699197769,False
3134,7,479,FeedbackPeriodStarted,1765550274.798385,2169.5162365436554,False
3135,7,479,startFixDisplay,1765550274.798481,2169.5163295269012,False
3136,7,479,startFixPeriod,1765550275.1730034,2169.8908553123474,False
3137,7,479,TargetPresentation,1765550276.0474024,2170.765253305435,False
3138,7,479,TargetDisplacement,1765550276.054231,2170.7720804214478,True
3139,7,479,LeftResponse,1765550276.8316207,2171.5494697093964,False
3140,7,480,FeedbackPeriodStarted,1765550276.8592212,2171.577098608017,False
3141,7,480,startFixDisplay,1765550276.859398,2171.577248096466,False
3142,7,480,startFixPeriod,1765550276.9564152,2171.6742672920227,False
3143,7,480,TargetPresentation,1765550277.78218,2172.5000298023224,False
3144,7,480,TargetDisplacement,1765550277.9069066,2172.624758005142,True
3145,7,480,RightResponse,1765550278.4692667,2173.1871156692505,False
3146,7,480,FeedbackPeriodStarted,1765550278.4760916,2173.193943977356,False
3147,7,481,startFixDisplay,1765550280.4881132,2175.2059621810913,False
3148,7,481,startFixPeriod,1765550280.6687827,2175.3866324424744,False
3149,7,481,TargetPresentation,1765550281.5847614,2176.302613258362,False
3150,7,481,TargetRemoval,1765550281.7095995,2176.4274508953094,True
3151,7,481,TargetReappeared,1765550281.9594672,2176.677319288254,False
3152,7,481,LeftResponse,1765550282.5010345,2177.2188856601715,False
3153,7,482,FeedbackPeriodStarted,1765550282.5283334,2177.246184825897,False
3154,7,482,startFixDisplay,1765550282.5284734,2177.2463235855103,False
3155,7,482,startFixPeriod,1765550282.6603286,2177.3781802654266,False
3156,7,482,TargetPresentation,1765550283.3958552,2178.1137068271637,False
3157,7,482,TargetDisplacement,1765550283.5275688,2178.245420217514,True
3158,7,482,RightResponse,1765550284.180276,2178.898125886917,False
3159,7,483,FeedbackPeriodStarted,1765550284.2076073,2178.925458908081,False
3160,7,483,startFixDisplay,1765550284.2077537,2178.9256043434143,False
3161,7,483,startFixPeriod,1765550284.3256671,2179.043518781662,False
3162,7,483,TargetPresentation,1765550285.7412431,2180.459094762802,False
3163,7,483,TargetRemoval,1765550285.859083,2180.576934814453,True
3164,7,483,TargetReappeared,1765550286.1089897,2180.8268411159515,False
3165,7,483,LeftResponse,1765550286.6364129,2181.354262113571,False
3166,7,484,FeedbackPeriodStarted,1765550286.6640902,2181.381943464279,False
3167,7,484,startFixDisplay,1765550286.6642559,2181.3821063041687,False
3168,7,484,startFixPeriod,1765550286.76832,2181.486170530319,False
3169,7,484,TargetPresentation,1765550287.9270854,2182.644937515259,False
3170,7,484,TargetRemoval,1765550288.0656705,2182.7835216522217,True
3171,7,484,TargetReappeared,1765550288.3156242,2183.03347325325,False
3172,7,484,LeftResponse,1765550288.8222995,2183.5401482582092,False
3173,7,485,FeedbackPeriodStarted,1765550288.849856,2183.5677077770233,False
3174,7,485,startFixDisplay,1765550288.8499925,2183.567842721939,False
3175,7,485,startFixPeriod,1765550288.9817917,2183.699643611908,False
3176,7,485,TargetPresentation,1765550289.800579,2184.5184304714203,False
3177,7,485,TargetDisplacement,1765550289.8560011,2184.573852300644,True
3178,7,485,RightResponse,1765550290.7723806,2185.490231990814,False
3179,7,486,FeedbackPeriodStarted,1765550290.7997966,2185.5176479816437,False
3180,7,486,startFixDisplay,1765550290.7999382,2185.5177886486053,False
3181,7,486,startFixPeriod,1765550290.9871092,2185.7049601078033,False
3182,7,486,TargetPresentation,1765550292.0002577,2186.7181100845337,False
3183,7,486,TargetRemoval,1765550292.132005,2186.849856376648,True
3184,7,486,TargetReappeared,1765550292.3819003,2187.0997517108917,False
3185,7,486,RightResponse,1765550293.1038742,2187.8217256069183,False
3186,7,486,FeedbackPeriodStarted,1765550293.1104352,2187.828286886215,False
3187,7,487,startFixDisplay,1765550295.1296642,2189.847515821457,False
3188,7,487,startFixPeriod,1765550295.1365795,2189.8544306755066,False
3189,7,487,TargetPresentation,1765550296.5939128,2191.311764717102,False
3190,7,487,TargetDisplacement,1765550296.718743,2191.4365940093994,True
3191,7,487,RightResponse,1765550297.6144094,2192.3322603702545,False
3192,7,488,FeedbackPeriodStarted,1765550297.6416101,2192.359461545944,False
3193,7,488,startFixDisplay,1765550297.64175,2192.3596000671387,False
3194,7,488,startFixPeriod,1765550297.8499029,2192.567754507065,False
3195,7,488,TargetPresentation,1765550298.6409538,2193.3588058948517,False
3196,7,488,TargetRemoval,1765550298.6478963,2193.365748167038,True
3197,7,488,TargetReappeared,1765550298.8975966,2193.6154460906982,False
3198,7,488,RightResponse,1765550299.813823,2194.5316734313965,False
3199,7,489,FeedbackPeriodStarted,1765550299.848111,2194.56595993042,False
3200,7,489,startFixDisplay,1765550299.8481722,2194.5660207271576,False
3201,7,489,startFixPeriod,1765550300.014887,2194.7327387332916,False
3202,7,489,TargetPresentation,1765550300.5838985,2195.3017501831055,False
3203,7,489,TargetRemoval,1765550300.722605,2195.4404566287994,True
3204,7,489,TargetReappeared,1765550300.9724772,2195.690328836441,False
3205,7,489,LeftResponse,1765550301.687405,2196.405254840851,False
3206,7,490,FeedbackPeriodStarted,1765550301.7148144,2196.43266582489,False
3207,7,490,startFixDisplay,1765550301.7149534,2196.4328038692474,False
3208,7,490,startFixPeriod,1765550301.8537173,2196.5715670585632,False
3209,7,490,TargetPresentation,1765550303.3248115,2198.0426633358,False
3210,7,490,TargetDisplacement,1765550303.3317645,2198.049616098404,True
3211,7,490,RightResponse,1765550304.0745757,2198.7924270629883,False
3212,7,491,FeedbackPeriodStarted,1765550304.1018443,2198.8196959495544,False
3213,7,491,startFixDisplay,1765550304.1019957,2198.8198461532593,False
3214,7,491,startFixPeriod,1765550304.386479,2199.104330301285,False
3215,7,491,TargetPresentation,1765550305.5730975,2200.2909500598907,False
3216,7,491,TargetRemoval,1765550305.732494,2200.4503428936005,True
3217,7,491,TargetReappeared,1765550305.9824753,2200.7003269195557,False
3218,7,491,LeftResponse,1765550306.4684603,2201.186311483383,False
3219,7,492,FeedbackPeriodStarted,1765550306.4957078,2201.2135565280914,False
3220,7,492,startFixDisplay,1765550306.495769,2201.2136175632477,False
3221,7,492,startFixPeriod,1765550306.5723484,2201.2902002334595,False
3222,7,492,TargetPresentation,1765550307.127425,2201.8452763557434,False
3223,7,492,TargetRemoval,1765550307.2592103,2201.9770591259003,True
3224,7,492,TargetReappeared,1765550307.5090895,2202.226942062378,False
3225,7,492,RightResponse,1765550308.0227954,2202.740646123886,False
3226,7,492,FeedbackPeriodStarted,1765550308.0294523,2202.7473015785217,False
3227,7,493,startFixDisplay,1765550310.0486305,2204.7664823532104,False
3228,7,493,startFixPeriod,1765550310.326314,2205.044165611267,False
3229,7,493,TargetPresentation,1765550311.6377761,2206.3556282520294,False
3230,7,493,TargetRemoval,1765550311.7694771,2206.4873282909393,True
3231,7,493,TargetReappeared,1765550312.0194254,2206.737275838852,False
3232,7,493,RightResponse,1765550312.651082,2207.3689320087433,False
3233,7,494,FeedbackPeriodStarted,1765550312.6785562,2207.3964076042175,False
3234,7,494,startFixDisplay,1765550312.6786869,2207.396537542343,False
3235,7,494,startFixPeriod,1765550312.8313236,2207.5491755008698,False
3236,7,494,TargetPresentation,1765550314.2399065,2208.9577555656433,False
3237,7,494,TargetDisplacement,1765550314.364602,2209.082450866699,True
3238,7,494,RightResponse,1765550315.2325673,2209.9504175186157,False
3239,7,495,FeedbackPeriodStarted,1765550315.259895,2209.977746486664,False
3240,7,495,startFixDisplay,1765550315.2600272,2209.9778776168823,False
3241,7,495,startFixPeriod,1765550315.4057126,2210.1235642433167,False
3242,7,495,TargetPresentation,1765550315.9261694,2210.6440210342407,False
3243,7,495,TargetDisplacement,1765550316.0439396,2210.7617909908295,True
3244,7,495,LeftResponse,1765550317.2240117,2211.9418625831604,False
3245,7,496,FeedbackPeriodStarted,1765550317.2513916,2211.96924328804,False
3246,7,496,startFixDisplay,1765550317.2515244,2211.9693746566772,False
3247,7,496,startFixPeriod,1765550317.5498526,2212.267703294754,False
3248,7,496,TargetPresentation,1765550318.53525,2213.2531015872955,False
3249,7,496,TargetRemoval,1765550318.5421875,2213.260039329529,True
3250,7,496,TargetReappeared,1765550318.7919345,2213.509785413742,False
3251,7,496,LeftResponse,1765550319.9164264,2214.6342775821686,False
3252,7,497,FeedbackPeriodStarted,1765550319.9437306,2214.6615822315216,False
3253,7,497,startFixDisplay,1765550319.9438686,2214.6617188453674,False
3254,7,497,startFixPeriod,1765550320.2698743,2214.9877259731293,False
3255,7,497,TargetPresentation,1765550321.630023,2216.347874403,False
3256,7,497,TargetRemoval,1765550321.6369505,2216.3548018932343,True
3257,7,497,TargetReappeared,1765550321.8867946,2216.6046459674835,False
3258,7,497,LeftResponse,1765550322.9626663,2217.680517435074,False
3259,7,498,FeedbackPeriodStarted,1765550322.9899876,2217.707839488983,False
3260,7,498,startFixDisplay,1765550322.9901652,2217.7080159187317,False
3261,7,498,startFixPeriod,1765550323.1357057,2217.853555202484,False
3262,7,498,TargetPresentation,1765550323.8089821,2218.5268335342407,False
3263,7,498,TargetRemoval,1765550323.9336667,2218.651517868042,True
3264,7,498,TargetReappeared,1765550324.183607,2218.9014580249786,False
3265,7,498,RightResponse,1765550324.7598443,2219.4776945114136,False
3266,7,498,FeedbackPeriodStarted,1765550324.7734466,2219.491295814514,False
3267,7,499,startFixDisplay,1765550326.7854903,2221.5033390522003,False
3268,7,499,startFixPeriod,1765550327.035569,2221.753420114517,False
3269,7,499,TargetPresentation,1765550328.1042092,2222.8220608234406,False
3270,7,499,TargetDisplacement,1765550328.2150693,2222.932920694351,True
3271,7,499,RightResponse,1765550328.895569,2223.6134192943573,False
3272,7,500,FeedbackPeriodStarted,1765550328.92281,2223.6406593322754,False
3273,7,500,startFixDisplay,1765550328.9228728,2223.640721321106,False
3274,7,500,startFixPeriod,1765550329.061664,2223.7795157432556,False
3275,7,500,TargetPresentation,1765550330.498149,2225.216000318527,False
3276,7,500,TargetDisplacement,1765550330.6229773,2225.3408284187317,True
3277,7,500,LeftResponse,1765550331.2546504,2225.9725003242493,False
3278,7,501,FeedbackPeriodStarted,1765550331.282134,2225.999985933304,False
3279,7,501,startFixDisplay,1765550331.282279,2226.0001294612885,False
3280,7,501,startFixPeriod,1765550331.414098,2226.131950378418,False
3281,7,501,TargetPresentation,1765550332.6701162,2227.387968301773,False
3282,7,501,TargetDisplacement,1765550332.7947738,2227.5126247406006,True
3283,7,501,LeftResponse,1765550333.447458,2228.165308237076,False
3284,7,502,FeedbackPeriodStarted,1765550333.4748616,2228.192713022232,False
3285,7,502,startFixDisplay,1765550333.4749987,2228.192848920822,False
3286,7,502,startFixPeriod,1765550333.6205678,2228.33841753006,False
3287,7,502,TargetPresentation,1765550334.5366576,2229.254507780075,False
3288,7,502,TargetDisplacement,1765550334.6474583,2229.3653070926666,True
3289,7,502,LeftResponse,1765550335.2794437,2229.997294664383,False
3290,7,503,FeedbackPeriodStarted,1765550335.3066554,2230.0245044231415,False
3291,7,503,startFixDisplay,1765550335.3067153,2230.024563550949,False
3292,7,503,startFixPeriod,1765550335.438763,2230.1566150188446,False
3293,7,503,TargetPresentation,1765550336.65313,2231.3709819316864,False
3294,7,503,TargetRemoval,1765550336.7778516,2231.4957027435303,True
3295,7,503,TargetReappeared,1765550337.0277004,2231.7455520629883,False
3296,7,503,LeftResponse,1765550337.5832753,2232.301126718521,False
3297,7,504,FeedbackPeriodStarted,1765550337.6173668,2232.335215806961,False
3298,7,504,startFixDisplay,1765550337.617427,2232.3352756500244,False
3299,7,504,startFixPeriod,1765550337.777324,2232.495176076889,False
3300,7,504,TargetPresentation,1765550338.7209396,2233.4387912750244,False
3301,7,504,TargetDisplacement,1765550338.845744,2233.5635952949524,True
3302,7,504,LeftResponse,1765550339.8520691,2234.5699207782745,False
3303,7,504,FeedbackPeriodStarted,1765550339.858822,2234.5766739845276,False
3304,7,505,startFixDisplay,1765550341.8711329,2236.5889818668365,False
3305,7,505,startFixPeriod,1765550342.0864224,2236.8042743206024,False
3306,7,505,TargetPresentation,1765550343.161869,2237.8797194957733,False
3307,7,505,TargetDisplacement,1765550343.1688206,2237.886672258377,True
3308,7,505,LeftResponse,1765550343.9324348,2238.650285720825,False
3309,7,506,FeedbackPeriodStarted,1765550343.95977,2238.677621126175,False
3310,7,506,startFixDisplay,1765550343.959908,2238.677758693695,False
3311,7,506,startFixPeriod,1765550344.0709567,2238.788808107376,False
3312,7,506,TargetPresentation,1765550344.903653,2239.6215031147003,False
3313,7,506,TargetDisplacement,1765550345.0145314,2239.7323825359344,True
3314,7,506,LeftResponse,1765550345.8477118,2240.56556224823,False
3315,7,507,FeedbackPeriodStarted,1765550345.8748515,2240.592700481415,False
3316,7,507,startFixDisplay,1765550345.874913,2240.5927612781525,False
3317,7,507,startFixPeriod,1765550345.999936,2240.717786550522,False
3318,7,507,TargetPresentation,1765550347.429394,2242.147245645523,False
3319,7,507,TargetDisplacement,1765550347.4363623,2242.1542122364044,True
3320,7,507,RightResponse,1765550348.4913929,2243.209244251251,False
3321,7,508,FeedbackPeriodStarted,1765550348.5256789,2243.243530511856,False
3322,7,508,startFixDisplay,1765550348.5258243,2243.243674516678,False
3323,7,508,startFixPeriod,1765550348.6507282,2243.368579864502,False
3324,7,508,TargetPresentation,1765550349.9483225,2244.6661744117737,False
3325,7,508,TargetRemoval,1765550350.0732048,2244.7910561561584,True
3326,7,508,TargetReappeared,1765550350.3231075,2245.0409598350525,False
3327,7,508,RightResponse,1765550350.7673154,2245.4851653575897,False
3328,7,509,FeedbackPeriodStarted,1765550350.7947874,2245.5126366615295,False
3329,7,509,startFixDisplay,1765550350.7948534,2245.5127017498016,False
3330,7,509,startFixPeriod,1765550350.9475453,2245.6653962135315,False
3331,7,509,TargetPresentation,1765550351.8356376,2246.553488969803,False
3332,7,509,TargetDisplacement,1765550351.8425467,2246.5603964328766,True
3333,7,509,LeftResponse,1765550352.5159252,2247.2337753772736,False
3334,7,510,FeedbackPeriodStarted,1765550352.543394,2247.261245727539,False
3335,7,510,startFixDisplay,1765550352.543536,2247.261386156082,False
3336,7,510,startFixPeriod,1765550352.6752973,2247.39314866066,False
3337,7,510,TargetPresentation,1765550354.139459,2248.857310295105,False
3338,7,510,TargetDisplacement,1765550354.271192,2248.989043235779,True
3339,7,510,LeftResponse,1765550355.083425,2249.8012747764587,False
3340,7,510,FeedbackPeriodStarted,1765550355.0969844,2249.8148357868195,False
3341,7,511,startFixDisplay,1765550357.116205,2251.834056377411,False
3342,7,511,startFixPeriod,1765550357.3660517,2252.083924770355,False
3343,7,511,TargetPresentation,1765550358.5804238,2253.298275232315,False
3344,7,511,TargetDisplacement,1765550358.6913388,2253.409187555313,True
3345,7,511,LeftResponse,1765550359.4827588,2254.2006092071533,False
3346,7,512,FeedbackPeriodStarted,1765550359.510102,2254.227951526642,False
3347,7,512,startFixDisplay,1765550359.5101752,2254.2280237674713,False
3348,7,512,startFixPeriod,1765550359.6491654,2254.3670167922974,False
3349,7,512,TargetPresentation,1765550360.2388961,2254.9567456245422,False
3350,7,512,TargetDisplacement,1765550360.2595992,2254.977450609207,True
3351,7,512,LeftResponse,1765550360.981584,2255.6994342803955,False
3352,7,513,FeedbackPeriodStarted,1765550361.0089145,2255.726763486862,False
3353,7,513,startFixDisplay,1765550361.008979,2255.72682762146,False
3354,7,513,startFixPeriod,1765550361.1200964,2255.837949037552,False
3355,7,513,TargetPresentation,1765550361.723778,2256.44162940979,False
3356,7,513,TargetDisplacement,1765550361.8416998,2256.559551000595,True
3357,7,513,LeftResponse,1765550362.6539562,2257.3718073368073,False
3358,7,514,FeedbackPeriodStarted,1765550362.681386,2257.399237394333,False
3359,7,514,startFixDisplay,1765550362.6815195,2257.399369955063,False
3360,7,514,startFixPeriod,1765550362.8064504,2257.5243015289307,False
3361,7,514,TargetPresentation,1765550363.6321282,2258.349980354309,False
3362,7,514,TargetDisplacement,1765550363.6389663,2258.3568155765533,True
3363,7,514,RightResponse,1765550364.5898225,2259.307672739029,False
3364,7,515,FeedbackPeriodStarted,1765550364.6242754,2259.342127084732,False
3365,7,515,startFixDisplay,1765550364.6244035,2259.3422536849976,False
3366,7,515,startFixPeriod,1765550364.7562914,2259.4741435050964,False
3367,7,515,TargetPresentation,1765550365.6722467,2260.3900985717773,False
3368,7,515,TargetRemoval,1765550365.7830832,2260.5009350776672,True
3369,7,515,TargetReappeared,1765550366.0329483,2260.7507977485657,False
3370,7,515,LeftResponse,1765550366.526037,2261.2438881397247,False
3371,7,516,FeedbackPeriodStarted,1765550366.553343,2261.271194458008,False
3372,7,516,startFixDisplay,1765550366.5534759,2261.2713260650635,False
3373,7,516,startFixPeriod,1765550366.6506267,2261.368478536606,False
3374,7,516,TargetPresentation,1765550367.6428359,2262.360685110092,False
3375,7,516,TargetDisplacement,1765550367.6705751,2262.3884241580963,True
3376,7,516,RightResponse,1765550368.6563501,2263.374201774597,False
3377,7,516,FeedbackPeriodStarted,1765550368.662948,2263.380799770355,False
3378,7,517,startFixDisplay,1765550370.6820211,2265.399872303009,False
3379,7,517,startFixPeriod,1765550370.9597812,2265.677633047104,False
3380,7,517,TargetPresentation,1765550371.535716,2266.2535676956177,False
3381,7,517,TargetDisplacement,1765550371.6604524,2266.378303527832,True
3382,7,517,LeftResponse,1765550372.4517803,2267.1696305274963,False
3383,7,518,FeedbackPeriodStarted,1765550372.4793046,2267.1971559524536,False
3384,7,518,startFixDisplay,1765550372.4794436,2267.1972935199738,False
3385,7,518,startFixPeriod,1765550372.6113272,2267.3291795253754,False
3386,7,518,TargetPresentation,1765550373.5203056,2268.238157272339,False
3387,7,518,TargetRemoval,1765550373.5272567,2268.2451088428497,True
3388,7,518,TargetReappeared,1765550373.7769556,2268.494804620743,False
3389,7,518,RightResponse,1765550374.4989839,2269.216834783554,False
3390,7,519,FeedbackPeriodStarted,1765550374.5332737,2269.251125097275,False
3391,7,519,startFixDisplay,1765550374.5334141,2269.251264333725,False
3392,7,519,startFixPeriod,1765550374.672199,2269.3900508880615,False
3393,7,519,TargetPresentation,1765550375.324439,2270.042290687561,False
3394,7,519,TargetRemoval,1765550375.4491897,2270.16704082489,True
3395,7,519,TargetReappeared,1765550375.6990972,2270.4169478416443,False
3396,7,519,LeftResponse,1765550376.226694,2270.9445445537567,False
3397,7,520,FeedbackPeriodStarted,1765550376.261068,2270.97891998291,False
3398,7,520,startFixDisplay,1765550376.2612143,2270.9790642261505,False
3399,7,520,startFixPeriod,1765550376.3722637,2271.0901153087616,False
3400,7,520,TargetPresentation,1765550376.955168,2271.673020362854,False
3401,7,520,TargetDisplacement,1765550377.0798516,2271.7977001667023,True
3402,7,520,LeftResponse,1765550377.6770747,2272.39492559433,False
3403,7,521,FeedbackPeriodStarted,1765550377.7113237,2272.4291751384735,False
3404,7,521,startFixDisplay,1765550377.7114131,2272.4292616844177,False
3405,7,521,startFixPeriod,1765550377.8502772,2272.5681290626526,False
3406,7,521,TargetPresentation,1765550379.2727494,2273.9906005859375,False
3407,7,521,TargetRemoval,1765550379.4045424,2274.1223912239075,True
3408,7,521,TargetReappeared,1765550379.65443,2274.3722813129425,False
3409,7,521,LeftResponse,1765550380.0708818,2274.7887320518494,False
3410,7,522,FeedbackPeriodStarted,1765550380.1053827,2274.8232316970825,False
3411,7,522,startFixDisplay,1765550380.105446,2274.8232946395874,False
3412,7,522,startFixPeriod,1765550380.244264,2274.9621155261993,False
3413,7,522,TargetPresentation,1765550381.666735,2276.3845863342285,False
3414,7,522,TargetDisplacement,1765550381.798513,2276.5163645744324,True
3415,7,522,RightResponse,1765550382.4927993,2277.2106506824493,False
3416,7,522,FeedbackPeriodStarted,1765550382.4993913,2277.2172429561615,False
3417,7,523,startFixDisplay,1765550384.5184937,2279.236345052719,False
3418,7,523,startFixPeriod,1765550384.7129352,2279.430785894394,False
3419,7,523,TargetPresentation,1765550385.726106,2280.4439585208893,False
3420,7,523,TargetDisplacement,1765550385.8437834,2280.561632156372,True
3421,7,523,LeftResponse,1765550386.8575053,2281.5753564834595,False
3422,7,524,FeedbackPeriodStarted,1765550386.8847184,2281.6025671958923,False
3423,7,524,startFixDisplay,1765550386.884781,2281.6026294231415,False
3424,7,524,startFixPeriod,1765550387.0444858,2281.7623353004456,False
3425,7,524,TargetPresentation,1765550388.2172,2282.9350497722626,False
3426,7,524,TargetRemoval,1765550388.34184,2283.059688806534,True
3427,7,524,TargetReappeared,1765550388.5919206,2283.3097705841064,False
3428,7,524,LeftResponse,1765550389.0297506,2283.7476007938385,False
3429,7,525,FeedbackPeriodStarted,1765550389.05671,2283.7745616436005,False
3430,7,525,startFixDisplay,1765550389.0568564,2283.7747066020966,False
3431,7,525,startFixPeriod,1765550389.1955748,2283.913426399231,False
3432,7,525,TargetPresentation,1765550390.2503324,2284.968183994293,False
3433,7,525,TargetDisplacement,1765550390.3682358,2285.086086988449,True
3434,7,525,LeftResponse,1765550391.312244,2286.03009557724,False
3435,7,526,FeedbackPeriodStarted,1765550391.339612,2286.057463169098,False
3436,7,526,startFixDisplay,1765550391.33975,2286.0576004981995,False
3437,7,526,startFixPeriod,1765550391.4853826,2286.2032341957092,False
3438,7,526,TargetPresentation,1765550392.2209492,2286.938799381256,False
3439,7,526,TargetDisplacement,1765550392.227892,2286.945741891861,True
3440,7,526,RightResponse,1765550393.43561,2288.1534612178802,False
3441,7,527,FeedbackPeriodStarted,1765550393.4629817,2288.180833339691,False
3442,7,527,startFixDisplay,1765550393.4631388,2288.1809895038605,False
3443,7,527,startFixPeriod,1765550393.6435468,2288.3613982200623,False
3444,7,527,TargetPresentation,1765550394.9757843,2289.6936342716217,False
3445,7,527,TargetDisplacement,1765550395.086703,2289.8045539855957,True
3446,7,527,LeftResponse,1765550395.8641136,2290.581962585449,False
3447,7,527,FeedbackPeriodStarted,1765550395.905515,2290.623366355896,False
