,blockID,trialNumber,triggerName,timestamp_sys,timestamp_psyc,triggerSent_Serial00
0,pract,-1,StartPractice,1766143399.4758039,582.374659538269,False
1,pract,0,startFixDisplay,1766143399.4860914,582.3849489688873,False
2,pract,0,startFixPeriod,1766143399.7708397,582.6696979999542,False
3,pract,0,TargetPresentation,1766143401.144702,584.0435605049133,False
4,pract,0,TargetDisplacement,1766143401.3597012,584.2585566043854,True
5,pract,0,LeftResponse,1766143401.644345,584.5432014465332,False
6,pract,0,FeedbackPeriodStarted,1766143401.6581624,584.5570204257965,False
7,pract,1,startFixDisplay,1766143402.164565,585.0634229183197,False
8,pract,1,startFixPeriod,1766143402.1993515,585.0982086658478,False
9,pract,1,TargetPresentation,1766143402.8170805,585.7159390449524,False
10,pract,1,TargetRemoval,1766143403.094587,585.9934461116791,True
11,pract,1,TargetReappeared,1766143403.3442929,586.2431507110596,False
12,pract,1,RightResponse,1766143404.337014,587.235871553421,False
13,pract,1,FeedbackPeriodStarted,1766143404.350347,587.2492029666901,False
14,pract,2,startFixDisplay,1766143404.8569038,587.755761384964,False
15,pract,2,startFixPeriod,1766143405.0375972,587.936455488205,False
16,pract,2,TargetPresentation,1766143406.0645618,588.9634201526642,False
17,pract,2,TargetDisplacement,1766143406.3557944,589.2546527385712,True
18,pract,2,RightResponse,1766143407.2582743,590.1571304798126,False
19,pract,2,FeedbackPeriodStarted,1766143407.2718194,590.1706776618958,False
20,pract,3,startFixDisplay,1766143407.7782593,590.677118062973,False
21,pract,3,startFixPeriod,1766143408.5902338,591.4890897274017,False
22,pract,3,TargetPresentation,1766143409.832345,592.7312021255493,False
23,pract,3,TargetRemoval,1766143410.6441793,593.5430352687836,True
24,pract,3,TargetReappeared,1766143410.8941498,593.7930085659027,False
25,pract,3,LeftResponse,1766143412.552793,595.4516508579254,False
26,pract,3,FeedbackPeriodStarted,1766143412.566202,595.4650573730469,False
27,pract,4,startFixDisplay,1766143413.0727232,595.9715812206268,False
28,pract,4,startFixPeriod,1766143414.6272864,597.5261452198029,False
29,pract,4,TargetPresentation,1766143416.0636466,598.9625051021576,False
30,pract,4,TargetRemoval,1766143416.3202162,599.2190747261047,True
31,pract,4,TargetReappeared,1766143416.5701118,599.4689700603485,False
32,pract,4,LeftResponse,1766143417.0281584,599.9270141124725,False
33,pract,4,FeedbackPeriodStarted,1766143417.0352,599.9340586662292,False
34,pract,5,startFixDisplay,1766143417.5415366,600.4403948783875,False
35,pract,5,startFixPeriod,1766143417.8054693,600.7043280601501,False
36,pract,5,TargetPresentation,1766143418.4714928,601.370349407196,False
37,pract,5,TargetRemoval,1766143418.9155786,601.8144369125366,True
38,pract,5,TargetReappeared,1766143419.165505,602.0643632411957,False
39,pract,5,RightResponse,1766143419.6235714,602.5224306583405,False
40,pract,5,FeedbackPeriodStarted,1766143419.637195,602.5360538959503,False
41,pract,-1,EndPractice,1766143420.1305609,603.0294160842896,False
42,0,0,startFixDisplay,1766143427.3672004,610.2660586833954,False
43,0,0,startFixPeriod,1766143427.5824332,610.4812920093536,False
44,0,0,TargetPresentation,1766143428.9147325,611.813591003418,False
45,0,0,TargetRemoval,1766143429.1713252,612.0701837539673,True
46,0,0,TargetReappeared,1766143429.421323,612.3201816082001,False
47,0,0,LeftResponse,1766143429.886392,612.7852478027344,False
48,0,1,FeedbackPeriodStarted,1766143429.8999083,612.7987642288208,False
49,0,1,startFixDisplay,1766143429.899978,612.7988328933716,False
50,0,1,startFixPeriod,1766143430.302602,613.2014608383179,False
51,0,1,TargetPresentation,1766143430.9825964,613.8814563751221,False
52,0,1,TargetDisplacement,1766143431.2253256,614.1241838932037,True
53,0,1,LeftResponse,1766143431.8709989,614.7698554992676,False
54,0,2,FeedbackPeriodStarted,1766143431.884432,614.7832877635956,False
55,0,2,startFixDisplay,1766143431.8845043,614.7833595275879,False
56,0,2,startFixPeriod,1766143432.127559,615.0264177322388,False
57,0,2,TargetPresentation,1766143433.0504656,615.9493250846863,False
58,0,2,TargetRemoval,1766143433.2515907,616.150449514389,True
59,0,2,TargetReappeared,1766143433.5014884,616.4003477096558,False
60,0,2,RightResponse,1766143434.0152194,616.9140768051147,False
61,0,3,FeedbackPeriodStarted,1766143434.028735,616.9275939464569,False
62,0,3,startFixDisplay,1766143434.0288873,616.9277443885803,False
63,0,3,startFixPeriod,1766143434.2648022,617.1636612415314,False
64,0,3,TargetPresentation,1766143435.2708979,618.1697566509247,False
65,0,3,TargetDisplacement,1766143435.2778685,618.1767251491547,True
66,0,3,FeedbackPeriodStarted,1766143437.2831633,620.182021856308,False
67,0,4,startFixDisplay,1766143437.7896895,620.6885471343994,False
68,0,4,startFixPeriod,1766143438.0534608,620.952320098877,False
69,0,4,TargetPresentation,1766143439.4065194,622.3053779602051,False
70,0,4,TargetDisplacement,1766143439.7186975,622.6175563335419,True
71,0,4,RightResponse,1766143440.1145437,623.0133993625641,False
72,0,5,FeedbackPeriodStarted,1766143440.1281142,623.0269725322723,False
73,0,5,startFixDisplay,1766143440.1282558,623.027113199234,False
74,0,5,startFixPeriod,1766143440.4403656,623.3392224311829,False
75,0,5,TargetPresentation,1766143441.592302,624.4911608695984,False
76,0,5,TargetDisplacement,1766143441.5992384,624.4980976581573,True
77,0,5,LeftResponse,1766143442.5291655,625.4280216693878,False
78,0,6,FeedbackPeriodStarted,1766143442.5428786,625.4417371749878,False
79,0,6,startFixDisplay,1766143442.5430243,625.4418816566467,False
80,0,6,startFixPeriod,1766143442.7442923,625.6431512832642,False
81,0,6,TargetPresentation,1766143443.7712638,626.6701209545135,False
82,0,6,TargetDisplacement,1766143443.9723232,626.8711817264557,True
83,0,6,FeedbackPeriodStarted,1766143445.984715,628.8835735321045,False
84,0,7,startFixDisplay,1766143448.4965584,631.3954172134399,False
85,0,7,startFixPeriod,1766143448.7118242,631.610682964325,False
86,0,7,TargetPresentation,1766143449.9539044,632.8527634143829,False
87,0,7,TargetDisplacement,1766143450.2938714,633.1927304267883,True
88,0,7,LeftResponse,1766143450.7868583,633.6857142448425,False
89,0,8,FeedbackPeriodStarted,1766143450.8003168,633.6991758346558,False
90,0,8,startFixDisplay,1766143450.8004928,633.6993501186371,False
91,0,8,startFixPeriod,1766143451.0571892,633.956045627594,False
92,0,8,TargetPresentation,1766143452.4589674,635.3578271865845,False
93,0,8,TargetDisplacement,1766143453.1319098,636.0307686328888,True
94,0,8,LeftResponse,1766143453.4166913,636.3155477046967,False
95,0,9,FeedbackPeriodStarted,1766143453.4370792,636.3359351158142,False
96,0,9,startFixDisplay,1766143453.4371479,636.3360030651093,False
97,0,9,startFixPeriod,1766143453.666283,636.5651412010193,False
98,0,9,TargetPresentation,1766143454.9292626,637.8281214237213,False
99,0,9,TargetDisplacement,1766143455.1025608,638.0014193058014,True
100,0,9,RightResponse,1766143456.3934581,639.292314529419,False
101,0,10,FeedbackPeriodStarted,1766143456.4070618,639.305920124054,False
102,0,10,startFixDisplay,1766143456.4072242,639.306093454361,False
103,0,10,startFixPeriod,1766143456.650028,639.5488846302032,False
104,0,10,TargetPresentation,1766143457.6146235,640.5134823322296,False
105,0,10,TargetDisplacement,1766143457.6561387,640.55499792099,True
106,0,10,RightResponse,1766143458.1561575,641.0550286769867,False
107,0,11,FeedbackPeriodStarted,1766143458.176541,641.0753996372223,False
108,0,11,startFixDisplay,1766143458.1766906,641.0755481719971,False
109,0,11,startFixPeriod,1766143458.4264333,641.3252923488617,False
110,0,11,TargetPresentation,1766143459.3353956,642.2342519760132,False
111,0,11,TargetDisplacement,1766143459.515744,642.4146027565002,True
112,0,11,RightResponse,1766143459.9255292,642.8243870735168,False
113,0,12,FeedbackPeriodStarted,1766143459.9459963,642.8448522090912,False
114,0,12,startFixDisplay,1766143459.9460623,642.8449175357819,False
115,0,12,startFixPeriod,1766143460.3554828,643.2543413639069,False
116,0,12,TargetPresentation,1766143461.042469,643.9413256645203,False
117,0,12,TargetDisplacement,1766143461.4378257,644.3366844654083,True
118,0,12,LeftResponse,1766143461.4450307,644.343888759613,False
119,0,12,FeedbackPeriodStarted,1766143461.4517715,644.3506298065186,False
120,0,13,startFixDisplay,1766143463.4570715,646.3559274673462,False
121,0,13,startFixPeriod,1766143463.7625256,646.6613841056824,False
122,0,13,TargetPresentation,1766143464.8173473,647.7162039279938,False
123,0,13,TargetDisplacement,1766143465.7052934,648.6041488647461,True
124,0,13,LeftResponse,1766143465.7751179,648.6739766597748,False
125,0,14,FeedbackPeriodStarted,1766143465.7886128,648.6874709129333,False
126,0,14,startFixDisplay,1766143465.7887487,648.6876058578491,False
127,0,14,startFixPeriod,1766143465.830306,648.7291626930237,False
128,0,14,TargetPresentation,1766143467.0654955,649.9643523693085,False
129,0,14,TargetDisplacement,1766143467.3708506,650.2697095870972,True
130,0,14,RightResponse,1766143468.0024962,650.9013526439667,False
131,0,15,FeedbackPeriodStarted,1766143468.0230308,650.9218890666962,False
132,0,15,startFixDisplay,1766143468.0231762,650.9220333099365,False
133,0,15,startFixPeriod,1766143468.3077111,651.2065706253052,False
134,0,15,TargetPresentation,1766143468.9599802,651.858836889267,False
135,0,15,TargetRemoval,1766143469.3068368,652.2056958675385,True
136,0,15,TargetReappeared,1766143469.5567114,652.4555704593658,False
137,0,15,RightResponse,1766143469.8346002,652.7334580421448,False
138,0,16,FeedbackPeriodStarted,1766143469.8549328,652.7537913322449,False
139,0,16,startFixDisplay,1766143469.8550646,652.753919839859,False
140,0,16,startFixPeriod,1766143470.4518216,653.3506803512573,False
141,0,16,TargetPresentation,1766143471.7702968,654.6691555976868,False
142,0,16,TargetDisplacement,1766143471.9712389,654.8700942993164,True
143,0,16,RightResponse,1766143472.2423618,655.1412179470062,False
144,0,17,FeedbackPeriodStarted,1766143472.2558858,655.154744386673,False
145,0,17,startFixDisplay,1766143472.2560413,655.1548986434937,False
146,0,17,startFixPeriod,1766143472.3184526,655.2173113822937,False
147,0,17,TargetPresentation,1766143473.5050118,656.4038701057434,False
148,0,17,TargetDisplacement,1766143473.6297255,656.5285811424255,True
149,0,17,RightResponse,1766143474.1641607,657.0630166530609,False
150,0,18,FeedbackPeriodStarted,1766143474.177956,657.0768146514893,False
151,0,18,startFixDisplay,1766143474.178105,657.0769622325897,False
152,0,18,startFixPeriod,1766143474.8580856,657.7569444179535,False
153,0,18,TargetPresentation,1766143475.8157995,658.7146592140198,False
154,0,18,TargetDisplacement,1766143477.251923,660.1507787704468,True
155,0,18,RightResponse,1766143479.0214958,661.9203515052795,False
156,0,18,FeedbackPeriodStarted,1766143479.0285158,661.9273746013641,False
157,0,19,startFixDisplay,1766143481.033677,663.9325354099274,False
158,0,19,startFixPeriod,1766143481.2626424,664.1614985466003,False
159,0,19,TargetPresentation,1766143481.9984608,664.897319316864,False
160,0,19,TargetRemoval,1766143482.0052023,664.9040608406067,True
161,0,19,TargetReappeared,1766143482.2550573,665.1539161205292,False
162,0,19,LeftResponse,1766143483.0048115,665.9036693572998,False
163,0,20,FeedbackPeriodStarted,1766143483.0181909,665.9170467853546,False
164,0,20,startFixDisplay,1766143483.0182638,665.9171190261841,False
165,0,20,startFixPeriod,1766143483.2404943,666.1393511295319,False
166,0,20,TargetPresentation,1766143484.0454879,666.9443469047546,False
167,0,20,TargetRemoval,1766143484.864154,667.7630100250244,True
168,0,20,TargetReappeared,1766143485.1139843,668.012841463089,False
169,0,20,LeftResponse,1766143485.613739,668.5125968456268,False
170,0,21,FeedbackPeriodStarted,1766143485.6412098,668.5400679111481,False
171,0,21,startFixDisplay,1766143485.6413538,668.5402112007141,False
172,0,21,startFixPeriod,1766143485.960538,668.8593943119049,False
173,0,21,TargetPresentation,1766143486.800081,669.6989376544952,False
174,0,21,TargetRemoval,1766143487.1262367,670.0250959396362,True
175,0,21,TargetReappeared,1766143487.3761077,670.2749664783478,False
176,0,21,LeftResponse,1766143487.8829832,670.7818403244019,False
177,0,22,FeedbackPeriodStarted,1766143487.8963184,670.7951745986938,False
178,0,22,startFixDisplay,1766143487.8964026,670.795257806778,False
179,0,22,startFixPeriod,1766143488.208809,671.1076674461365,False
180,0,22,TargetPresentation,1766143488.8818514,671.7807075977325,False
181,0,22,TargetRemoval,1766143489.1594071,672.058266878128,True
182,0,22,TargetReappeared,1766143489.4091706,672.3080265522003,False
183,0,22,LeftResponse,1766143489.700671,672.599526643753,False
184,0,23,FeedbackPeriodStarted,1766143489.714508,672.613367319107,False
185,0,23,startFixDisplay,1766143489.7146626,672.6135196685791,False
186,0,23,startFixPeriod,1766143490.0267775,672.9256360530853,False
187,0,23,TargetPresentation,1766143491.2897885,674.1886472702026,False
188,0,23,TargetRemoval,1766143491.4354584,674.3343176841736,True
189,0,23,TargetReappeared,1766143491.6852717,674.5841293334961,False
190,0,23,RightResponse,1766143491.9909165,674.8897747993469,False
191,0,24,FeedbackPeriodStarted,1766143492.0112722,674.910130739212,False
192,0,24,startFixDisplay,1766143492.011438,674.9102952480316,False
193,0,24,startFixPeriod,1766143492.4694812,675.3683404922485,False
194,0,24,TargetPresentation,1766143493.093915,675.9927747249603,False
195,0,24,TargetDisplacement,1766143493.2463944,676.1452553272247,True
196,0,24,LeftResponse,1766143493.760319,676.6591749191284,False
197,0,24,FeedbackPeriodStarted,1766143493.7669938,676.6658642292023,False
198,0,25,startFixDisplay,1766143495.7721756,678.6710343360901,False
199,0,25,startFixPeriod,1766143496.0569124,678.9557712078094,False
200,0,25,TargetPresentation,1766143497.3059015,680.2047581672668,False
201,0,25,TargetDisplacement,1766143497.541785,680.4406440258026,True
202,0,25,RightResponse,1766143498.6870413,681.5858976840973,False
203,0,26,FeedbackPeriodStarted,1766143498.7074635,681.6063230037689,False
204,0,26,startFixDisplay,1766143498.70768,681.6065380573273,False
205,0,26,startFixPeriod,1766143499.1516905,682.0505492687225,False
206,0,26,TargetPresentation,1766143500.5256534,683.4245119094849,False
207,0,26,TargetDisplacement,1766143500.8099248,683.7087833881378,True
208,0,26,LeftResponse,1766143501.2612932,684.1601510047913,False
209,0,27,FeedbackPeriodStarted,1766143501.281761,684.1806168556213,False
210,0,27,startFixDisplay,1766143501.281828,684.1806828975677,False
211,0,27,startFixPeriod,1766143501.2887273,684.1875832080841,False
212,0,27,TargetPresentation,1766143502.6628828,685.5617415904999,False
213,0,27,TargetDisplacement,1766143502.9333236,685.832181930542,True
214,0,27,LeftResponse,1766143503.058431,685.957287311554,False
215,0,28,FeedbackPeriodStarted,1766143503.0790405,685.9778969287872,False
216,0,28,startFixDisplay,1766143503.079116,685.9779713153839,False
217,0,28,startFixPeriod,1766143503.6690056,686.5678644180298,False
218,0,28,TargetPresentation,1766143505.049767,687.9486241340637,False
219,0,28,TargetDisplacement,1766143505.0567079,687.9555671215057,True
220,0,28,RightResponse,1766143505.7857416,688.6845998764038,False
221,0,29,FeedbackPeriodStarted,1766143505.806054,688.7049131393433,False
222,0,29,startFixDisplay,1766143505.8062034,688.7050604820251,False
223,0,29,startFixPeriod,1766143506.0629447,688.9618031978607,False
224,0,29,TargetPresentation,1766143506.9371912,689.8360500335693,False
225,0,29,TargetDisplacement,1766143508.283366,691.1822400093079,True
226,0,29,RightResponse,1766143509.4702992,692.3691551685333,False
227,0,30,FeedbackPeriodStarted,1766143509.483788,692.3826470375061,False
228,0,30,startFixDisplay,1766143509.483929,692.3827862739563,False
229,0,30,startFixPeriod,1766143509.7336893,692.6325480937958,False
230,0,30,TargetPresentation,1766143510.309668,693.2085268497467,False
231,0,30,TargetRemoval,1766143510.3165286,693.2153878211975,True
232,0,30,TargetReappeared,1766143510.566348,693.4652047157288,False
233,0,30,LeftResponse,1766143510.8162837,693.7151398658752,False
234,0,30,FeedbackPeriodStarted,1766143510.8299425,693.7288012504578,False
235,0,31,startFixDisplay,1766143512.8422692,695.7411286830902,False
236,0,31,startFixPeriod,1766143512.8491013,695.7479569911957,False
237,0,31,TargetPresentation,1766143513.952605,696.8514635562897,False
238,0,31,TargetRemoval,1766143514.14685,697.045708656311,True
239,0,31,TargetReappeared,1766143514.39678,697.2956387996674,False
240,0,31,LeftResponse,1766143515.0211995,697.9200553894043,False
241,0,32,FeedbackPeriodStarted,1766143515.035005,697.9338610172272,False
242,0,32,startFixDisplay,1766143515.0350707,697.9339258670807,False
243,0,32,startFixPeriod,1766143515.3127215,698.2115802764893,False
244,0,32,TargetPresentation,1766143516.4367769,699.3356359004974,False
245,0,32,TargetDisplacement,1766143516.7211955,699.6200513839722,True
246,0,32,RightResponse,1766143517.05457,699.9534273147583,False
247,0,33,FeedbackPeriodStarted,1766143517.0681887,699.9670474529266,False
248,0,33,startFixDisplay,1766143517.068331,699.9671885967255,False
249,0,33,startFixPeriod,1766143517.4846601,700.3835191726685,False
250,0,33,TargetPresentation,1766143518.796067,701.6949257850647,False
251,0,33,TargetRemoval,1766143519.4898584,702.3887169361115,True
252,0,33,TargetReappeared,1766143519.7398345,702.6386938095093,False
253,0,33,RightResponse,1766143519.8787627,702.7776207923889,False
254,0,34,FeedbackPeriodStarted,1766143519.8922122,702.7910680770874,False
255,0,34,startFixDisplay,1766143519.8923402,702.7911956310272,False
256,0,34,startFixPeriod,1766143520.1699562,703.0688128471375,False
257,0,34,TargetPresentation,1766143520.947198,703.8460559844971,False
258,0,34,TargetDisplacement,1766143521.1968622,704.0957176685333,True
259,0,34,LeftResponse,1766143521.7590969,704.6579525470734,False
260,0,35,FeedbackPeriodStarted,1766143521.7726908,704.6715466976166,False
261,0,35,startFixDisplay,1766143521.7727609,704.6716160774231,False
262,0,35,startFixPeriod,1766143522.2517486,705.1506073474884,False
263,0,35,TargetPresentation,1766143523.0912466,705.9901027679443,False
264,0,35,TargetDisplacement,1766143523.2577767,706.1566348075867,True
265,0,35,LeftResponse,1766143523.847984,706.7468423843384,False
266,0,36,FeedbackPeriodStarted,1766143523.861491,706.760351896286,False
267,0,36,startFixDisplay,1766143523.861651,706.7605082988739,False
268,0,36,startFixPeriod,1766143524.146057,707.0449140071869,False
269,0,36,TargetPresentation,1766143525.270139,708.1689977645874,False
270,0,36,TargetDisplacement,1766143525.2771208,708.175977230072,True
271,0,36,RightResponse,1766143526.6165895,709.5154459476471,False
272,0,36,FeedbackPeriodStarted,1766143526.6232524,709.5221083164215,False
273,0,37,startFixDisplay,1766143528.6285315,711.5273900032043,False
274,0,37,startFixPeriod,1766143528.6354544,711.5343124866486,False
275,0,37,TargetPresentation,1766143529.9748793,712.8737380504608,False
276,0,37,TargetDisplacement,1766143530.1205432,713.0194025039673,True
277,0,37,RightResponse,1766143530.74522,713.6440756320953,False
278,0,38,FeedbackPeriodStarted,1766143530.7587466,713.6576025485992,False
279,0,38,startFixDisplay,1766143530.7588122,713.6576673984528,False
280,0,38,startFixPeriod,1766143531.0435143,713.9423730373383,False
281,0,38,TargetPresentation,1766143532.5285227,715.4273815155029,False
282,0,38,TargetDisplacement,1766143532.5353034,715.4341597557068,True
283,0,38,RightResponse,1766143532.98661,715.8854660987854,False
284,0,39,FeedbackPeriodStarted,1766143533.0071003,715.9059591293335,False
285,0,39,startFixDisplay,1766143533.0071912,715.9060463905334,False
286,0,39,startFixPeriod,1766143533.264056,716.1629168987274,False
287,0,39,TargetPresentation,1766143533.9162164,716.8150725364685,False
288,0,39,TargetRemoval,1766143533.930044,716.828902721405,True
289,0,39,TargetReappeared,1766143534.1799371,717.0787959098816,False
290,0,39,RightResponse,1766143534.457516,717.3563716411591,False
291,0,40,FeedbackPeriodStarted,1766143534.4712327,717.3700885772705,False
292,0,40,startFixDisplay,1766143534.471299,717.3701539039612,False
293,0,40,startFixPeriod,1766143534.7627003,717.6615588665009,False
294,0,40,TargetPresentation,1766143535.76195,718.6608066558838,False
295,0,40,TargetRemoval,1766143536.5320928,719.4309513568878,True
296,0,40,TargetReappeared,1766143536.7820334,719.6808927059174,False
297,0,40,FeedbackPeriodStarted,1766143538.7874033,721.6862623691559,False
298,0,41,startFixDisplay,1766143539.2937028,722.1925585269928,False
299,0,41,startFixPeriod,1766143539.65479,722.5536472797394,False
300,0,41,TargetPresentation,1766143540.8274586,723.726316690445,False
301,0,41,TargetDisplacement,1766143541.5559998,724.4548585414886,True
302,0,41,LeftResponse,1766143541.63259,724.5314466953278,False
303,0,42,FeedbackPeriodStarted,1766143541.646173,724.5450313091278,False
304,0,42,startFixDisplay,1766143541.646313,724.5451700687408,False
305,0,42,startFixPeriod,1766143541.923941,724.8227996826172,False
306,0,42,TargetPresentation,1766143542.98564,725.8844990730286,False
307,0,42,TargetDisplacement,1766143543.3185825,726.2174429893494,True
308,0,42,RightResponse,1766143543.5688207,726.4676790237427,False
309,0,42,FeedbackPeriodStarted,1766143543.5822134,726.4810690879822,False
310,0,43,startFixDisplay,1766143545.5875347,728.4863929748535,False
311,0,43,startFixPeriod,1766143545.78895,728.6878077983856,False
312,0,43,TargetPresentation,1766143546.7951035,729.6939606666565,False
313,0,43,TargetDisplacement,1766143546.9406931,729.8395521640778,True
314,0,43,LeftResponse,1766143547.4405193,730.3393754959106,False
315,0,44,FeedbackPeriodStarted,1766143547.4610882,730.3599467277527,False
316,0,44,startFixDisplay,1766143547.4612339,730.3600912094116,False
317,0,44,startFixPeriod,1766143547.8985536,730.797413110733,False
318,0,44,TargetPresentation,1766143548.8559966,731.7548539638519,False
319,0,44,TargetDisplacement,1766143548.8629444,731.7618036270142,True
320,0,44,RightResponse,1766143549.3488836,732.2477402687073,False
321,0,45,FeedbackPeriodStarted,1766143549.3693676,732.2682430744171,False
322,0,45,startFixDisplay,1766143549.3695438,732.2684009075165,False
323,0,45,startFixPeriod,1766143549.6331778,732.5320363044739,False
324,0,45,TargetPresentation,1766143550.1328259,733.0316848754883,False
325,0,45,TargetDisplacement,1766143551.1942785,734.0931370258331,True
326,0,45,LeftResponse,1766143552.24248,735.1413359642029,False
327,0,46,FeedbackPeriodStarted,1766143552.2559083,735.1547644138336,False
328,0,46,startFixDisplay,1766143552.2559803,735.1548354625702,False
329,0,46,startFixPeriod,1766143552.519854,735.4187128543854,False
330,0,46,TargetPresentation,1766143553.1512578,736.05011677742,False
331,0,46,TargetRemoval,1766143553.158114,736.0569703578949,True
332,0,46,TargetReappeared,1766143553.4079895,736.3068459033966,False
333,0,46,LeftResponse,1766143553.720583,736.6194410324097,False
334,0,47,FeedbackPeriodStarted,1766143553.7339106,736.6327662467957,False
335,0,47,startFixDisplay,1766143553.7339792,736.6328344345093,False
336,0,47,startFixPeriod,1766143554.1088438,737.0077011585236,False
337,0,47,TargetPresentation,1766143554.8929982,737.791871547699,False
338,0,47,TargetDisplacement,1766143554.9275892,737.8264482021332,True
339,0,47,LeftResponse,1766143555.4967496,738.3956060409546,False
340,0,48,FeedbackPeriodStarted,1766143555.5174484,738.4163067340851,False
341,0,48,startFixDisplay,1766143555.517588,738.4164452552795,False
342,0,48,startFixPeriod,1766143555.8921802,738.7910389900208,False
343,0,48,TargetPresentation,1766143557.0232368,739.9220955371857,False
344,0,48,TargetDisplacement,1766143557.030244,739.9291033744812,True
345,0,48,LeftResponse,1766143557.4328961,740.3317523002625,False
346,0,48,FeedbackPeriodStarted,1766143557.446485,740.3453407287598,False
347,0,49,startFixDisplay,1766143559.4517276,742.3505864143372,False
348,0,49,startFixPeriod,1766143559.4795928,742.3784513473511,False
349,0,49,TargetPresentation,1766143560.242879,743.1417376995087,False
350,0,49,TargetDisplacement,1766143560.2497544,743.1486134529114,True
351,0,49,FeedbackPeriodStarted,1766143562.2621467,745.161003112793,False
352,0,50,startFixDisplay,1766143562.7685926,745.6674516201019,False
353,0,50,startFixPeriod,1766143563.0047138,745.9035723209381,False
354,0,50,TargetPresentation,1766143564.211991,747.1108469963074,False
355,0,50,TargetDisplacement,1766143564.2604952,747.1593508720398,True
356,0,50,LeftResponse,1766143564.6702914,747.5691475868225,False
357,0,51,FeedbackPeriodStarted,1766143564.6907115,747.5895700454712,False
358,0,51,startFixDisplay,1766143564.6908822,747.5897417068481,False
359,0,51,startFixPeriod,1766143564.9128084,747.8116672039032,False
360,0,51,TargetPresentation,1766143565.9191442,748.8180012702942,False
361,0,51,TargetRemoval,1766143565.932933,748.8317925930023,True
362,0,51,TargetReappeared,1766143566.1827703,749.0816287994385,False
363,0,51,LeftResponse,1766143566.3147817,749.2136392593384,False
364,0,52,FeedbackPeriodStarted,1766143566.3283553,749.2272138595581,False
365,0,52,startFixDisplay,1766143566.328515,749.2273726463318,False
366,0,52,startFixPeriod,1766143566.57126,749.470116853714,False
367,0,52,TargetPresentation,1766143567.40407,750.3029279708862,False
368,0,52,TargetDisplacement,1766143567.411098,750.3099548816681,True
369,0,52,RightResponse,1766143568.0089605,750.9078190326691,False
370,0,53,FeedbackPeriodStarted,1766143568.028418,750.9272739887238,False
371,0,53,startFixDisplay,1766143568.0284925,750.9273478984833,False
372,0,53,startFixPeriod,1766143568.1812112,751.0800697803497,False
373,0,53,TargetPresentation,1766143569.4163387,752.3151950836182,False
374,0,53,TargetDisplacement,1766143569.4232247,752.3220810890198,True
375,0,53,LeftResponse,1766143569.7563279,752.6551837921143,False
376,0,54,FeedbackPeriodStarted,1766143569.7700527,752.6689083576202,False
377,0,54,startFixDisplay,1766143569.770119,752.6689741611481,False
378,0,54,startFixPeriod,1766143569.7770722,752.6759307384491,False
379,0,54,TargetPresentation,1766143570.2767696,753.1756286621094,False
380,0,54,TargetDisplacement,1766143571.4146407,754.3134994506836,True
381,0,54,LeftResponse,1766143572.7058253,755.6046833992004,False
382,0,54,FeedbackPeriodStarted,1766143572.7122471,755.6111054420471,False
383,0,55,startFixDisplay,1766143574.7176366,757.6164953708649,False
384,0,55,startFixPeriod,1766143574.7245467,757.6234047412872,False
385,0,55,TargetPresentation,1766143575.723959,758.6228179931641,False
386,0,55,TargetRemoval,1766143575.7308884,758.6297478675842,True
387,0,55,TargetReappeared,1766143575.9807162,758.879575252533,False
388,0,55,LeftResponse,1766143576.376484,759.2753410339355,False
389,0,56,FeedbackPeriodStarted,1766143576.389886,759.2887418270111,False
390,0,56,startFixDisplay,1766143576.3899543,759.2888095378876,False
391,0,56,startFixPeriod,1766143576.4941633,759.3930194377899,False
392,0,56,TargetPresentation,1766143577.181187,760.0800457000732,False
393,0,56,TargetRemoval,1766143577.1881242,760.0869951248169,True
394,0,56,TargetReappeared,1766143577.4379277,760.3367867469788,False
395,0,56,RightResponse,1766143577.847537,760.7463936805725,False
396,0,57,FeedbackPeriodStarted,1766143577.8680649,760.7669234275818,False
397,0,57,startFixDisplay,1766143577.8682053,760.7670624256134,False
398,0,57,startFixPeriod,1766143578.3885443,761.287401676178,False
399,0,57,TargetPresentation,1766143579.561368,762.4602491855621,False
400,0,57,TargetRemoval,1766143579.5681274,762.4669840335846,True
401,0,57,TargetReappeared,1766143579.817957,762.7168135643005,False
402,0,57,RightResponse,1766143579.9914484,762.890303850174,False
403,0,58,FeedbackPeriodStarted,1766143580.0051749,762.9040334224701,False
404,0,58,startFixDisplay,1766143580.0053213,762.9041781425476,False
405,0,58,startFixPeriod,1766143580.7616146,763.6604731082916,False
406,0,58,TargetPresentation,1766143582.142621,765.0414800643921,False
407,0,58,TargetRemoval,1766143582.1495123,765.048371553421,True
408,0,58,TargetReappeared,1766143582.3992991,765.2981564998627,False
409,0,58,LeftResponse,1766143583.0586743,765.9575319290161,False
410,0,59,FeedbackPeriodStarted,1766143583.0791645,765.978022813797,False
411,0,59,startFixDisplay,1766143583.0792737,765.9781289100647,False
412,0,59,startFixPeriod,1766143583.28748,766.1863369941711,False
413,0,59,TargetPresentation,1766143584.2867026,767.1855609416962,False
414,0,59,TargetRemoval,1766143584.2936814,767.1925404071808,True
415,0,59,TargetReappeared,1766143584.543365,767.4422481060028,False
416,0,59,LeftResponse,1766143584.7380712,767.6369295120239,False
417,0,60,FeedbackPeriodStarted,1766143584.758466,767.657324552536,False
418,0,60,startFixDisplay,1766143584.758618,767.657475233078,False
419,0,60,startFixPeriod,1766143585.1611426,768.0600006580353,False
420,0,60,TargetPresentation,1766143586.340688,769.2395465373993,False
421,0,60,TargetDisplacement,1766143586.3476331,769.2464921474457,True
422,0,60,RightResponse,1766143587.589866,770.4887232780457,False
423,0,60,FeedbackPeriodStarted,1766143587.5965197,770.4953784942627,False
424,0,61,startFixDisplay,1766143589.6018517,772.5007112026215,False
425,0,61,startFixPeriod,1766143589.844927,772.7437856197357,False
426,0,61,TargetPresentation,1766143590.8093584,773.7082152366638,False
427,0,61,TargetDisplacement,1766143590.816308,773.7151639461517,True
428,0,61,RightResponse,1766143591.468853,774.3677108287811,False
429,0,62,FeedbackPeriodStarted,1766143591.4892728,774.3881287574768,False
430,0,62,startFixDisplay,1766143591.4893951,774.3882510662079,False
431,0,62,startFixPeriod,1766143591.4962692,774.395124912262,False
432,0,62,TargetPresentation,1766143592.0653136,774.9641697406769,False
433,0,62,TargetDisplacement,1766143592.1623049,775.0611605644226,True
434,0,62,LeftResponse,1766143593.5367663,776.435623884201,False
435,0,63,FeedbackPeriodStarted,1766143593.5500946,776.4489505290985,False
436,0,63,startFixDisplay,1766143593.5501616,776.4490168094635,False
437,0,63,startFixPeriod,1766143594.4801688,777.3790264129639,False
438,0,63,TargetPresentation,1766143595.8817604,778.7806167602539,False
439,0,63,TargetRemoval,1766143596.13152,779.0303785800934,True
440,0,63,TargetReappeared,1766143596.3815439,779.2804036140442,False
441,0,63,LeftResponse,1766143596.6662123,779.5650691986084,False
442,0,64,FeedbackPeriodStarted,1766143596.6865208,779.585376739502,False
443,0,64,startFixDisplay,1766143596.6865873,779.5854425430298,False
444,0,64,startFixPeriod,1766143597.4292638,780.3281214237213,False
445,0,64,TargetPresentation,1766143598.6435924,781.5424513816833,False
446,0,64,TargetDisplacement,1766143598.6505105,781.5493698120117,True
447,0,64,LeftResponse,1766143599.1016483,782.000504732132,False
448,0,65,FeedbackPeriodStarted,1766143599.122228,782.0210862159729,False
449,0,65,startFixDisplay,1766143599.1223185,782.0211737155914,False
450,0,65,startFixPeriod,1766143600.218815,783.1176760196686,False
451,0,65,TargetPresentation,1766143601.3706443,784.2695028781891,False
452,0,65,TargetDisplacement,1766143601.6202283,784.5190839767456,True
453,0,65,RightResponse,1766143602.5642629,785.4631192684174,False
454,0,65,FeedbackPeriodStarted,1766143602.5988603,785.4977192878723,False
455,1,66,startFixDisplay,1766143714.553084,897.4519422054291,False
456,1,66,startFixPeriod,1766143715.2401698,898.1390285491943,False
457,1,66,TargetPresentation,1766143716.41972,899.3185787200928,False
458,1,66,TargetDisplacement,1766143716.7112079,899.610066652298,True
459,1,66,LeftResponse,1766143717.2734916,900.1723470687866,False
460,1,67,FeedbackPeriodStarted,1766143717.2871177,900.1859769821167,False
461,1,67,startFixDisplay,1766143717.2872803,900.1861379146576,False
462,1,67,startFixPeriod,1766143717.5022485,900.4011061191559,False
463,1,67,TargetPresentation,1766143718.2516913,901.1505496501923,False
464,1,67,TargetRemoval,1766143718.577753,901.4766113758087,True
465,1,67,TargetReappeared,1766143718.8276534,901.7265119552612,False
466,1,67,LeftResponse,1766143718.9402578,901.8391144275665,False
467,1,68,FeedbackPeriodStarted,1766143718.95951,901.8583810329437,False
468,1,68,startFixDisplay,1766143718.9597554,901.8586134910583,False
469,1,68,startFixPeriod,1766143719.3203204,902.2191772460938,False
470,1,68,TargetPresentation,1766143719.8892112,902.7880671024323,False
471,1,68,TargetDisplacement,1766143720.1321244,903.0309808254242,True
472,1,68,RightResponse,1766143720.6182692,903.5171265602112,False
473,1,69,FeedbackPeriodStarted,1766143720.6386516,903.53751039505,False
474,1,69,startFixDisplay,1766143720.6387997,903.5376570224762,False
475,1,69,startFixPeriod,1766143720.9162977,903.8151562213898,False
476,1,69,TargetPresentation,1766143722.4011862,905.3000423908234,False
477,1,69,TargetDisplacement,1766143722.6370516,905.5359103679657,True
478,1,69,RightResponse,1766143723.1648245,906.0636825561523,False
479,1,70,FeedbackPeriodStarted,1766143723.1852615,906.0841176509857,False
480,1,70,startFixDisplay,1766143723.1853287,906.0841839313507,False
481,1,70,startFixPeriod,1766143723.7127833,906.6116449832916,False
482,1,70,TargetPresentation,1766143724.455169,907.354024887085,False
483,1,70,TargetDisplacement,1766143724.7049332,907.6037886142731,True
484,1,70,RightResponse,1766143725.7946553,908.693511724472,False
485,1,71,FeedbackPeriodStarted,1766143725.8081543,908.7070100307465,False
486,1,71,startFixDisplay,1766143725.8082209,908.7070760726929,False
487,1,71,startFixPeriod,1766143726.0997634,908.9986219406128,False
488,1,71,TargetPresentation,1766143727.5707963,910.4696550369263,False
489,1,71,TargetRemoval,1766143727.869165,910.7680237293243,True
490,1,71,TargetReappeared,1766143728.1190321,911.0178909301758,False
491,1,71,RightResponse,1766143728.5426097,911.4414675235748,False
492,1,72,FeedbackPeriodStarted,1766143728.556645,911.4555032253265,False
493,1,72,startFixDisplay,1766143728.5567985,911.4556558132172,False
494,1,72,startFixPeriod,1766143728.917095,911.8159534931183,False
495,1,72,TargetPresentation,1766143730.3326087,913.2314672470093,False
496,1,72,TargetDisplacement,1766143730.3395486,913.2384076118469,True
497,1,72,RightResponse,1766143731.8107226,914.709578037262,False
498,1,72,FeedbackPeriodStarted,1766143731.8175552,914.716411113739,False
499,1,73,startFixDisplay,1766143733.8226526,916.7215082645416,False
500,1,73,startFixPeriod,1766143734.1212955,917.0201523303986,False
501,1,73,TargetPresentation,1766143734.6347427,917.5336003303528,False
502,1,73,TargetDisplacement,1766143734.8010595,917.699914932251,True
503,1,73,LeftResponse,1766143735.4536731,918.352530002594,False
504,1,74,FeedbackPeriodStarted,1766143735.4743056,918.3731637001038,False
505,1,74,startFixDisplay,1766143735.474471,918.3733284473419,False
506,1,74,startFixPeriod,1766143735.6408992,918.5397555828094,False
507,1,74,TargetPresentation,1766143736.2446258,919.1434841156006,False
508,1,74,TargetDisplacement,1766143737.7849426,920.6838011741638,True
509,1,74,LeftResponse,1766143738.333576,921.232433795929,False
510,1,75,FeedbackPeriodStarted,1766143738.3540022,921.2528607845306,False
511,1,75,startFixDisplay,1766143738.3542092,921.2530694007874,False
512,1,75,startFixPeriod,1766143738.5692244,921.4680821895599,False
513,1,75,TargetPresentation,1766143740.0472713,922.9461302757263,False
514,1,75,TargetDisplacement,1766143740.303816,923.2026748657227,True
515,1,75,LeftResponse,1766143740.831655,923.7305130958557,False
516,1,76,FeedbackPeriodStarted,1766143740.858988,923.7578463554382,False
517,1,76,startFixDisplay,1766143740.8591352,923.7579925060272,False
518,1,76,startFixPeriod,1766143741.150564,924.0494225025177,False
519,1,76,TargetPresentation,1766143742.5869515,925.4858102798462,False
520,1,76,TargetRemoval,1766143742.8365908,925.7354493141174,True
521,1,76,TargetReappeared,1766143743.0864832,925.9853403568268,False
522,1,76,RightResponse,1766143743.135402,926.0342581272125,False
523,1,77,FeedbackPeriodStarted,1766143743.1487718,926.0476276874542,False
524,1,77,startFixDisplay,1766143743.1488407,926.0476958751678,False
525,1,77,startFixPeriod,1766143743.6209311,926.5197899341583,False
526,1,77,TargetPresentation,1766143744.2799385,927.1787943840027,False
527,1,77,TargetDisplacement,1766143744.4741707,927.3730292320251,True
528,1,77,LeftResponse,1766143745.5985801,928.4974362850189,False
529,1,78,FeedbackPeriodStarted,1766143745.6121297,928.5109856128693,False
530,1,78,startFixDisplay,1766143745.6121967,928.5110516548157,False
531,1,78,startFixPeriod,1766143745.9870856,928.8859443664551,False
532,1,78,TargetPresentation,1766143746.4937358,929.3925955295563,False
533,1,78,TargetDisplacement,1766143746.715561,929.6144194602966,True
534,1,78,RightResponse,1766143747.271042,930.1698987483978,False
535,1,78,FeedbackPeriodStarted,1766143747.2777565,930.1766152381897,False
536,1,79,startFixDisplay,1766143749.2829583,932.1818170547485,False
537,1,79,startFixPeriod,1766143749.5399036,932.4387607574463,False
538,1,79,TargetPresentation,1766143750.7679424,933.6667985916138,False
539,1,79,TargetDisplacement,1766143751.087098,933.9859564304352,True
540,1,79,RightResponse,1766143751.5039425,934.402800321579,False
541,1,80,FeedbackPeriodStarted,1766143751.5174258,934.4162850379944,False
542,1,80,startFixDisplay,1766143751.517743,934.4166088104248,False
543,1,80,startFixPeriod,1766143751.9824662,934.8813240528107,False
544,1,80,TargetPresentation,1766143752.8081534,935.7070100307465,False
545,1,80,TargetRemoval,1766143753.1479008,936.0467565059662,True
546,1,80,TargetReappeared,1766143753.3980408,936.2968997955322,False
547,1,80,RightResponse,1766143753.8492923,936.748149394989,False
548,1,81,FeedbackPeriodStarted,1766143753.8626962,936.7615518569946,False
549,1,81,startFixDisplay,1766143753.862761,936.761616230011,False
550,1,81,startFixPeriod,1766143754.0569375,936.9557936191559,False
551,1,81,TargetPresentation,1766143755.3687057,938.2675647735596,False
552,1,81,TargetRemoval,1766143756.7147553,939.6136145591736,True
553,1,81,TargetReappeared,1766143756.9647064,939.8635652065277,False
554,1,81,LeftResponse,1766143757.5755024,940.4743604660034,False
555,1,82,FeedbackPeriodStarted,1766143757.595936,940.4947917461395,False
556,1,82,startFixDisplay,1766143757.5960023,940.4948575496674,False
557,1,82,startFixPeriod,1766143758.0470912,940.9459488391876,False
558,1,82,TargetPresentation,1766143759.0740995,941.9729557037354,False
559,1,82,TargetRemoval,1766143759.08105,941.9799087047577,True
560,1,82,TargetReappeared,1766143759.3308153,942.2296741008759,False
561,1,82,LeftResponse,1766143760.1292164,943.0280747413635,False
562,1,83,FeedbackPeriodStarted,1766143760.1495216,943.0483801364899,False
563,1,83,startFixDisplay,1766143760.1497319,943.0485899448395,False
564,1,83,startFixPeriod,1766143760.3648164,943.2636749744415,False
565,1,83,TargetPresentation,1766143760.954532,943.8533878326416,False
566,1,83,TargetRemoval,1766143760.9615493,943.8604068756104,True
567,1,83,TargetReappeared,1766143761.2112613,944.1101186275482,False
568,1,83,RightResponse,1766143761.794409,944.693265914917,False
569,1,84,FeedbackPeriodStarted,1766143761.8148835,944.713742017746,False
570,1,84,startFixDisplay,1766143761.8150308,944.713888168335,False
571,1,84,startFixPeriod,1766143762.037002,944.9358606338501,False
572,1,84,TargetPresentation,1766143763.1195972,946.0184559822083,False
573,1,84,TargetRemoval,1766143763.36919,946.268045425415,True
574,1,84,TargetReappeared,1766143763.619083,946.5179417133331,False
575,1,84,RightResponse,1766143764.056727,946.9555850028992,False
576,1,84,FeedbackPeriodStarted,1766143764.0631278,946.9619860649109,False
577,1,85,startFixDisplay,1766143766.0683677,948.9672231674194,False
578,1,85,startFixPeriod,1766143766.346164,949.2450203895569,False
579,1,85,TargetPresentation,1766143766.9430242,949.8418827056885,False
580,1,85,TargetRemoval,1766143766.9499547,949.8488140106201,True
581,1,85,TargetReappeared,1766143767.1996725,950.0985312461853,False
582,1,85,RightResponse,1766143767.4637206,950.3625783920288,False
583,1,86,FeedbackPeriodStarted,1766143767.4841185,950.3829905986786,False
584,1,86,startFixDisplay,1766143767.4842083,950.3830635547638,False
585,1,86,startFixPeriod,1766143767.6438575,950.5427165031433,False
586,1,86,TargetPresentation,1766143769.0246491,951.9235079288483,False
587,1,86,TargetDisplacement,1766143769.0313873,951.930243730545,True
588,1,86,LeftResponse,1766143769.8505688,952.7494251728058,False
589,1,87,FeedbackPeriodStarted,1766143769.8711073,952.7699656486511,False
590,1,87,startFixDisplay,1766143769.871257,952.7701141834259,False
591,1,87,startFixPeriod,1766143769.8779793,952.7768352031708,False
592,1,87,TargetPresentation,1766143770.5026796,953.4015381336212,False
593,1,87,TargetDisplacement,1766143770.5096385,953.4084980487823,True
594,1,87,RightResponse,1766143771.4533062,954.3521616458893,False
595,1,88,FeedbackPeriodStarted,1766143771.4669728,954.3658285140991,False
596,1,88,startFixDisplay,1766143771.4670405,954.3658957481384,False
597,1,88,startFixPeriod,1766143771.765463,954.6643216609955,False
598,1,88,TargetPresentation,1766143772.5080364,955.4068925380707,False
599,1,88,TargetDisplacement,1766143772.8617947,955.7606534957886,True
600,1,88,LeftResponse,1766143773.292395,956.1912512779236,False
601,1,89,FeedbackPeriodStarted,1766143773.3128726,956.2117309570312,False
602,1,89,startFixDisplay,1766143773.3130233,956.2118804454803,False
603,1,89,startFixPeriod,1766143773.5350568,956.4339129924774,False
604,1,89,TargetPresentation,1766143774.7980738,957.6969332695007,False
605,1,89,TargetRemoval,1766143774.8049395,957.7037987709045,True
606,1,89,TargetReappeared,1766143775.0547225,957.9535813331604,False
607,1,89,LeftResponse,1766143775.2700298,958.1688876152039,False
608,1,90,FeedbackPeriodStarted,1766143775.2904162,958.1892721652985,False
609,1,90,startFixDisplay,1766143775.2904823,958.1893372535706,False
610,1,90,startFixPeriod,1766143775.7762606,958.6751165390015,False
611,1,90,TargetPresentation,1766143776.8449771,959.7438359260559,False
612,1,90,TargetDisplacement,1766143776.8519523,959.7508113384247,True
613,1,90,RightResponse,1766143778.6770203,961.5758767127991,False
614,1,90,FeedbackPeriodStarted,1766143778.6837106,961.5825703144073,False
615,1,91,startFixDisplay,1766143780.6890216,963.5878803730011,False
616,1,91,startFixPeriod,1766143780.959845,963.8587038516998,False
617,1,91,TargetPresentation,1766143781.514904,964.4137609004974,False
618,1,91,TargetDisplacement,1766143781.5218027,964.4206619262695,True
619,1,91,LeftResponse,1766143782.4796383,965.3784952163696,False
620,1,92,FeedbackPeriodStarted,1766143782.5001647,965.3990211486816,False
621,1,92,startFixDisplay,1766143782.5002534,965.3991091251373,False
622,1,92,startFixPeriod,1766143782.5071385,965.4059965610504,False
623,1,92,TargetPresentation,1766143783.0692837,965.968141078949,False
624,1,92,TargetDisplacement,1766143783.416114,966.3149733543396,True
625,1,92,LeftResponse,1766143784.0548897,966.9537479877472,False
626,1,93,FeedbackPeriodStarted,1766143784.06845,966.9673058986664,False
627,1,93,startFixDisplay,1766143784.068517,966.9673721790314,False
628,1,93,startFixPeriod,1766143784.075268,966.974123954773,False
629,1,93,TargetPresentation,1766143785.3869305,968.2857892513275,False
630,1,93,TargetRemoval,1766143785.3938587,968.2927179336548,True
631,1,93,TargetReappeared,1766143785.6436992,968.5425577163696,False
632,1,93,LeftResponse,1766143786.2960854,969.1949410438538,False
633,1,94,FeedbackPeriodStarted,1766143786.3095634,969.2084195613861,False
634,1,94,startFixDisplay,1766143786.309646,969.2085013389587,False
635,1,94,startFixPeriod,1766143786.6081703,969.5070295333862,False
636,1,94,TargetPresentation,1766143787.8434033,970.7422604560852,False
637,1,94,TargetDisplacement,1766143787.8501406,970.7490000724792,True
638,1,94,LeftResponse,1766143788.6136272,971.5124838352203,False
639,1,95,FeedbackPeriodStarted,1766143788.6342595,971.5331180095673,False
640,1,95,startFixDisplay,1766143788.634347,971.5332021713257,False
641,1,95,startFixPeriod,1766143788.821771,971.7206296920776,False
642,1,95,TargetPresentation,1766143789.890341,972.7892000675201,False
643,1,95,TargetRemoval,1766143791.2294757,974.1283342838287,True
644,1,95,TargetReappeared,1766143791.479334,974.3781909942627,False
645,1,95,RightResponse,1766143793.0548115,975.9536700248718,False
646,1,96,FeedbackPeriodStarted,1766143793.0752535,975.9741094112396,False
647,1,96,startFixDisplay,1766143793.0753176,975.9741725921631,False
648,1,96,startFixPeriod,1766143793.3668747,976.2657334804535,False
649,1,96,TargetPresentation,1766143794.2896733,977.1885304450989,False
650,1,96,TargetRemoval,1766143795.427492,978.3263473510742,True
651,1,96,TargetReappeared,1766143795.6774611,978.5763173103333,False
652,1,96,RightResponse,1766143795.8235312,978.7223885059357,False
653,1,96,FeedbackPeriodStarted,1766143795.8371727,978.7360315322876,False
654,1,97,startFixDisplay,1766143797.8423243,980.7411799430847,False
655,1,97,startFixPeriod,1766143797.8702664,980.7691254615784,False
656,1,97,TargetPresentation,1766143798.973589,981.8724474906921,False
657,1,97,TargetRemoval,1766143800.2571158,983.1559746265411,True
658,1,97,TargetReappeared,1766143800.507091,983.4059493541718,False
659,1,97,RightResponse,1766143802.4642866,985.3631429672241,False
660,1,98,FeedbackPeriodStarted,1766143802.4845562,985.3834133148193,False
661,1,98,startFixDisplay,1766143802.484678,985.3835353851318,False
662,1,98,startFixPeriod,1766143802.8525026,985.7513599395752,False
663,1,98,TargetPresentation,1766143804.0112317,986.9100904464722,False
664,1,98,TargetDisplacement,1766143804.0528371,986.9516956806183,True
665,1,98,LeftResponse,1766143804.753978,987.6528346538544,False
666,1,99,FeedbackPeriodStarted,1766143804.7743864,987.6732423305511,False
667,1,99,startFixDisplay,1766143804.7744567,987.6733121871948,False
668,1,99,startFixPeriod,1766143804.8092601,987.7081189155579,False
669,1,99,TargetPresentation,1766143805.42692,988.3257787227631,False
670,1,99,TargetDisplacement,1766143805.7319477,988.6308033466339,True
671,1,99,LeftResponse,1766143806.3984568,989.2973122596741,False
672,1,100,FeedbackPeriodStarted,1766143806.4119833,989.3108394145966,False
673,1,100,startFixDisplay,1766143806.4120498,989.3109047412872,False
674,1,100,startFixPeriod,1766143806.418989,989.3178472518921,False
675,1,100,TargetPresentation,1766143807.2865398,990.1854000091553,False
676,1,100,TargetRemoval,1766143807.2934012,990.192259311676,True
677,1,100,TargetReappeared,1766143807.5433154,990.4421715736389,False
678,1,100,LeftResponse,1766143808.737153,991.6360111236572,False
679,1,101,FeedbackPeriodStarted,1766143808.7574344,991.6562902927399,False
680,1,101,startFixDisplay,1766143808.7575011,991.6563563346863,False
681,1,101,startFixPeriod,1766143809.1392555,992.0381145477295,False
682,1,101,TargetPresentation,1766143810.478434,993.3772900104523,False
683,1,101,TargetRemoval,1766143810.721057,993.6199123859406,True
684,1,101,TargetReappeared,1766143810.971051,993.8699071407318,False
685,1,101,LeftResponse,1766143811.5126836,994.4115407466888,False
686,1,102,FeedbackPeriodStarted,1766143811.5330808,994.4319396018982,False
687,1,102,startFixDisplay,1766143811.533191,994.4320459365845,False
688,1,102,startFixPeriod,1766143812.2200212,995.1188776493073,False
689,1,102,TargetPresentation,1766143813.0251572,995.9240162372589,False
690,1,102,TargetRemoval,1766143814.0728066,996.9716656208038,True
691,1,102,TargetReappeared,1766143814.3226514,997.2215077877045,False
692,1,102,RightResponse,1766143814.857289,997.7561464309692,False
693,1,102,FeedbackPeriodStarted,1766143814.8638215,997.7626807689667,False
694,1,103,startFixDisplay,1766143816.869159,999.7680177688599,False
695,1,103,startFixPeriod,1766143817.0774863,999.9763426780701,False
696,1,103,TargetPresentation,1766143818.3269262,1001.2257854938507,False
697,1,103,TargetRemoval,1766143818.6317155,1001.5305743217468,True
698,1,103,TargetReappeared,1766143818.881679,1001.7805378437042,False
699,1,103,LeftResponse,1766143819.6937723,1002.5926303863525,False
700,1,104,FeedbackPeriodStarted,1766143819.7141988,1002.6130573749542,False
701,1,104,startFixDisplay,1766143819.7143497,1002.6132056713104,False
702,1,104,startFixPeriod,1766143819.8948014,1002.7936599254608,False
703,1,104,TargetPresentation,1766143821.1785595,1004.077418088913,False
704,1,104,TargetDisplacement,1766143821.6224723,1004.5213308334351,True
705,1,104,RightResponse,1766143822.1850328,1005.083890914917,False
706,1,105,FeedbackPeriodStarted,1766143822.1982532,1005.0971088409424,False
707,1,105,startFixDisplay,1766143822.1983192,1005.097174167633,False
708,1,105,startFixPeriod,1766143822.406638,1005.3054943084717,False
709,1,105,TargetPresentation,1766143823.551591,1006.4504499435425,False
710,1,105,TargetDisplacement,1766143823.5584455,1006.4573044776917,True
711,1,105,RightResponse,1766143824.9189425,1007.8178005218506,False
712,1,106,FeedbackPeriodStarted,1766143824.939244,1007.8380999565125,False
713,1,106,startFixDisplay,1766143824.939314,1007.8381690979004,False
714,1,106,startFixPeriod,1766143825.3280296,1008.2268879413605,False
715,1,106,TargetPresentation,1766143826.6186402,1009.5174984931946,False
716,1,106,TargetDisplacement,1766143826.9377024,1009.8365607261658,True
717,1,106,LeftResponse,1766143827.6112118,1010.5100836753845,False
718,1,107,FeedbackPeriodStarted,1766143827.6316283,1010.5304865837097,False
719,1,107,startFixDisplay,1766143827.631774,1010.5306310653687,False
720,1,107,startFixPeriod,1766143827.9301033,1010.8289611339569,False
721,1,107,TargetPresentation,1766143828.5477333,1011.4465913772583,False
722,1,107,TargetDisplacement,1766143829.220782,1012.1196410655975,True
723,1,107,LeftResponse,1766143829.8664684,1012.7653248310089,False
724,1,108,FeedbackPeriodStarted,1766143829.8868403,1012.785698890686,False
725,1,108,startFixDisplay,1766143829.886991,1012.7858483791351,False
726,1,108,startFixPeriod,1766143829.9979856,1012.8968422412872,False
727,1,108,TargetPresentation,1766143830.8098643,1013.7087230682373,False
728,1,108,NoSaccadeMade,1766143832.8061123,1015.7049672603607,False
729,1,108,FeedbackPeriodStarted,1766143832.8151124,1015.7139704227448,False
730,1,109,startFixDisplay,1766143834.8204508,1017.7193095684052,False
731,1,109,startFixPeriod,1766143835.0703578,1017.9692158699036,False
732,1,109,TargetPresentation,1766143836.0834591,1018.9823150634766,False
733,1,109,TargetDisplacement,1766143836.0904303,1018.9892866611481,True
734,1,109,RightResponse,1766143836.9928424,1019.8917002677917,False
735,1,110,FeedbackPeriodStarted,1766143837.0061698,1019.9050259590149,False
736,1,110,startFixDisplay,1766143837.006241,1019.9050962924957,False
737,1,110,startFixPeriod,1766143837.207723,1020.1065816879272,False
738,1,110,TargetPresentation,1766143837.811299,1020.7101557254791,False
739,1,110,TargetDisplacement,1766143837.8182538,1020.7171103954315,True
740,1,110,RightResponse,1766143838.9427812,1021.8416392803192,False
741,1,111,FeedbackPeriodStarted,1766143838.9631076,1021.8619661331177,False
742,1,111,startFixDisplay,1766143838.9632618,1021.862119436264,False
743,1,111,startFixPeriod,1766143839.1644979,1022.0633556842804,False
744,1,111,TargetPresentation,1766143840.5384135,1023.4372706413269,False
745,1,111,TargetDisplacement,1766143840.7533414,1023.6521999835968,True
746,1,111,RightResponse,1766143842.5372007,1025.4360573291779,False
747,1,112,FeedbackPeriodStarted,1766143842.5574434,1025.4562990665436,False
748,1,112,startFixDisplay,1766143842.5575142,1025.4563694000244,False
749,1,112,startFixPeriod,1766143842.8559604,1025.7548184394836,False
750,1,112,TargetPresentation,1766143843.9871404,1026.8859992027283,False
751,1,112,TargetDisplacement,1766143844.2298276,1027.128685951233,True
752,1,112,RightResponse,1766143844.8406827,1027.739538192749,False
753,1,113,FeedbackPeriodStarted,1766143844.854342,1027.753202199936,False
754,1,113,startFixDisplay,1766143844.854519,1027.7533764839172,False
755,1,113,startFixPeriod,1766143845.0556555,1027.9545137882233,False
756,1,113,TargetPresentation,1766143845.798179,1028.6970376968384,False
757,1,113,TargetRemoval,1766143845.8051546,1028.70401096344,True
758,1,113,TargetReappeared,1766143846.0548842,1028.953742980957,False
759,1,113,LeftResponse,1766143846.3812332,1029.2800903320312,False
760,1,114,FeedbackPeriodStarted,1766143846.4017165,1029.3005747795105,False
761,1,114,startFixDisplay,1766143846.401866,1029.3007228374481,False
762,1,114,startFixPeriod,1766143846.4086304,1029.3074884414673,False
763,1,114,TargetPresentation,1766143847.7202725,1030.619129896164,False
764,1,114,TargetDisplacement,1766143847.761818,1030.6606769561768,True
765,1,114,RightResponse,1766143849.1776242,1032.076481103897,False
766,1,114,FeedbackPeriodStarted,1766143849.1842608,1032.0831167697906,False
767,1,115,startFixDisplay,1766143851.1896229,1034.0884816646576,False
768,1,115,startFixPeriod,1766143851.2659805,1034.1648359298706,False
769,1,115,TargetPresentation,1766143852.3624053,1035.2612614631653,False
770,1,115,TargetDisplacement,1766143852.3693032,1035.2681596279144,True
771,1,115,LeftResponse,1766143853.8405464,1036.7394025325775,False
772,1,116,FeedbackPeriodStarted,1766143853.8612037,1036.7600619792938,False
773,1,116,startFixDisplay,1766143853.861343,1036.7602005004883,False
774,1,116,startFixPeriod,1766143853.868181,1036.7670392990112,False
775,1,116,TargetPresentation,1766143855.2212493,1038.1201059818268,False
776,1,116,TargetDisplacement,1766143855.908277,1038.8071358203888,True
777,1,116,RightResponse,1766143856.3455806,1039.244436264038,False
778,1,117,FeedbackPeriodStarted,1766143856.3662302,1039.2650890350342,False
779,1,117,startFixDisplay,1766143856.3663898,1039.2652478218079,False
780,1,117,startFixPeriod,1766143856.5675638,1039.4664204120636,False
781,1,117,TargetPresentation,1766143857.9485245,1040.8473839759827,False
782,1,117,TargetDisplacement,1766143857.9554381,1040.8542943000793,True
783,1,117,RightResponse,1766143859.7946107,1042.6934688091278,False
784,1,118,FeedbackPeriodStarted,1766143859.8217402,1042.7205958366394,False
785,1,118,startFixDisplay,1766143859.8218117,1042.720666885376,False
786,1,118,startFixPeriod,1766143860.279959,1043.1788175106049,False
787,1,118,TargetPresentation,1766143861.6260645,1044.5249207019806,False
788,1,118,TargetRemoval,1766143861.7856138,1044.684472322464,True
789,1,118,TargetReappeared,1766143862.0355334,1044.9343922138214,False
790,1,118,RightResponse,1766143862.5837224,1045.4825780391693,False
791,1,119,FeedbackPeriodStarted,1766143862.5975533,1045.4964089393616,False
792,1,119,startFixDisplay,1766143862.5976346,1045.4964904785156,False
793,1,119,startFixPeriod,1766143862.8056543,1045.704511642456,False
794,1,119,TargetPresentation,1766143863.645445,1046.544302225113,False
795,1,119,TargetDisplacement,1766143864.4848118,1047.3836703300476,True
796,1,119,LeftResponse,1766143865.4566832,1048.3555400371552,False
797,1,120,FeedbackPeriodStarted,1766143865.4771707,1048.3760294914246,False
798,1,120,startFixDisplay,1766143865.4772913,1048.376146554947,False
799,1,120,startFixPeriod,1766143865.7131882,1048.6120450496674,False
800,1,120,TargetPresentation,1766143867.1357021,1050.0345611572266,False
801,1,120,TargetDisplacement,1766143867.4061782,1050.305037021637,True
802,1,120,RightResponse,1766143868.0449004,1050.943755865097,False
803,1,120,FeedbackPeriodStarted,1766143868.051618,1050.9504766464233,False
804,1,121,startFixDisplay,1766143870.0568733,1052.955731868744,False
805,1,121,startFixPeriod,1766143870.2512372,1053.1500947475433,False
806,1,121,TargetPresentation,1766143871.4587264,1054.3575856685638,False
807,1,121,TargetDisplacement,1766143871.6875615,1054.586420059204,True
808,1,121,RightResponse,1766143872.583219,1055.4820771217346,False
809,1,122,FeedbackPeriodStarted,1766143872.6035616,1055.5024201869965,False
810,1,122,startFixDisplay,1766143872.6036983,1055.502555847168,False
811,1,122,startFixPeriod,1766143872.839737,1055.7385959625244,False
812,1,122,TargetPresentation,1766143873.67233,1056.571186542511,False
813,1,122,TargetDisplacement,1766143874.2481434,1057.1470022201538,True
814,1,122,LeftResponse,1766143874.838215,1057.7370719909668,False
815,1,123,FeedbackPeriodStarted,1766143874.8587468,1057.7576055526733,False
816,1,123,startFixDisplay,1766143874.8589025,1057.7577579021454,False
817,1,123,startFixPeriod,1766143874.9351819,1057.8340384960175,False
818,1,123,TargetPresentation,1766143876.094009,1058.9928677082062,False
819,1,123,TargetRemoval,1766143876.1009493,1058.9998083114624,True
820,1,123,TargetReappeared,1766143876.3508039,1059.2496626377106,False
821,1,123,LeftResponse,1766143877.0864198,1059.9852755069733,False
822,1,124,FeedbackPeriodStarted,1766143877.1069384,1060.005794286728,False
823,1,124,startFixDisplay,1766143877.1070044,1060.0058596134186,False
824,1,124,startFixPeriod,1766143877.5720363,1060.4708952903748,False
825,1,124,TargetPresentation,1766143878.7516875,1061.6505463123322,False
826,1,124,TargetDisplacement,1766143878.9736078,1061.8724660873413,True
827,1,124,RightResponse,1766143879.5567677,1062.4556255340576,False
828,1,125,FeedbackPeriodStarted,1766143879.577219,1062.4760749340057,False
829,1,125,startFixDisplay,1766143879.5772872,1062.476142168045,False
830,1,125,startFixPeriod,1766143879.9867177,1062.885576248169,False
831,1,125,TargetPresentation,1766143880.68767,1063.586528301239,False
832,1,125,TargetDisplacement,1766143880.694499,1063.593355178833,True
833,1,125,RightResponse,1766143881.4789593,1064.3778173923492,False
834,1,126,FeedbackPeriodStarted,1766143881.499321,1064.398176908493,False
835,1,126,startFixDisplay,1766143881.4994056,1064.3982608318329,False
836,1,126,startFixPeriod,1766143881.7007582,1064.599616765976,False
837,1,126,TargetPresentation,1766143882.8525734,1065.7514321804047,False
838,1,126,TargetRemoval,1766143883.0882468,1065.9871022701263,True
839,1,126,TargetReappeared,1766143883.3383007,1066.237156867981,False
840,1,126,LeftResponse,1766143883.9215245,1066.8203814029694,False
841,1,126,FeedbackPeriodStarted,1766143883.9350953,1066.8339512348175,False
842,1,127,startFixDisplay,1766143885.9403245,1068.8391828536987,False
843,1,127,startFixPeriod,1766143885.9472425,1068.8461005687714,False
844,1,127,TargetPresentation,1766143887.3005116,1070.1993703842163,False
845,1,127,TargetDisplacement,1766143887.640541,1070.5393998622894,True
846,1,127,RightResponse,1766143888.272085,1071.1709406375885,False
847,1,128,FeedbackPeriodStarted,1766143888.2856498,1071.184505224228,False
848,1,128,startFixDisplay,1766143888.285714,1071.184569120407,False
849,1,128,startFixPeriod,1766143888.5079901,1071.4068486690521,False
850,1,128,TargetPresentation,1766143889.5488055,1072.4476642608643,False
851,1,128,TargetDisplacement,1766143889.7082725,1072.607130765915,True
852,1,128,RightResponse,1766143890.4581532,1073.3570098876953,False
853,1,129,FeedbackPeriodStarted,1766143890.4785068,1073.3773651123047,False
854,1,129,startFixDisplay,1766143890.478653,1073.3775100708008,False
855,1,129,startFixPeriod,1766143890.6729279,1073.5717866420746,False
856,1,129,TargetPresentation,1766143891.1794074,1074.0782639980316,False
857,1,129,TargetDisplacement,1766143891.1864069,1074.085263967514,True
858,1,129,LeftResponse,1766143892.081922,1074.9807801246643,False
859,1,130,FeedbackPeriodStarted,1766143892.1021762,1075.001032114029,False
860,1,130,startFixDisplay,1766143892.1022446,1075.0010998249054,False
861,1,130,startFixPeriod,1766143892.560347,1075.45920419693,False
862,1,130,TargetPresentation,1766143893.1016912,1076.0005502700806,False
863,1,130,TargetDisplacement,1766143894.1145334,1077.0133922100067,True
864,1,130,RightResponse,1766143894.6701093,1077.5689671039581,False
865,1,131,FeedbackPeriodStarted,1766143894.6904447,1077.5893006324768,False
866,1,131,startFixDisplay,1766143894.6905153,1077.5893704891205,False
867,1,131,startFixPeriod,1766143894.6975467,1077.596405506134,False
868,1,131,TargetPresentation,1766143895.891086,1078.7899446487427,False
869,1,131,TargetRemoval,1766143895.9395623,1078.83842086792,True
870,1,131,TargetReappeared,1766143896.1894927,1079.0883514881134,False
871,1,131,RightResponse,1766143897.2791898,1080.178047657013,False
872,1,131,FeedbackPeriodStarted,1766143897.3134446,1080.2123034000397,False
873,2,132,startFixDisplay,1766143913.4327989,1096.3316571712494,False
874,2,132,startFixPeriod,1766143913.4397168,1096.338574886322,False
875,2,132,TargetPresentation,1766143914.2032523,1097.1021099090576,False
876,2,132,TargetDisplacement,1766143914.2101982,1097.1090545654297,True
877,2,132,LeftResponse,1766143914.765447,1097.664303302765,False
878,2,133,FeedbackPeriodStarted,1766143914.785924,1097.6847822666168,False
879,2,133,startFixDisplay,1766143914.7860708,1097.6849279403687,False
880,2,133,startFixPeriod,1766143915.19549,1098.0943462848663,False
881,2,133,TargetPresentation,1766143916.1599357,1099.058794260025,False
882,2,133,TargetDisplacement,1766143916.930066,1099.8289246559143,True
883,2,133,RightResponse,1766143917.2844963,1100.1833534240723,False
884,2,134,FeedbackPeriodStarted,1766143917.3047712,1100.2036294937134,False
885,2,134,startFixDisplay,1766143917.3049185,1100.203774690628,False
886,2,134,startFixPeriod,1766143917.346687,1100.2455456256866,False
887,2,134,TargetPresentation,1766143918.3458114,1101.244669675827,False
888,2,134,TargetRemoval,1766143918.3527498,1101.2516088485718,True
889,2,134,TargetReappeared,1766143918.6025515,1101.501410484314,False
890,2,134,RightResponse,1766143919.67133,1102.5701858997345,False
891,2,135,FeedbackPeriodStarted,1766143919.691849,1102.5907073020935,False
892,2,135,startFixDisplay,1766143919.6919887,1102.5908460617065,False
893,2,135,startFixPeriod,1766143920.024972,1102.923830986023,False
894,2,135,TargetPresentation,1766143920.8022065,1103.701064825058,False
895,2,135,TargetDisplacement,1766143920.8092222,1103.7080812454224,True
896,2,135,FeedbackPeriodStarted,1766143922.814501,1105.7133572101593,False
897,2,136,startFixDisplay,1766143923.3209217,1106.2197804450989,False
898,2,136,startFixPeriod,1766143923.6957912,1106.594650030136,False
899,2,136,TargetPresentation,1766143924.8268285,1107.7256875038147,False
900,2,136,TargetDisplacement,1766143925.1181257,1108.016984462738,True
901,2,136,LeftResponse,1766143925.666844,1108.5657002925873,False
902,2,137,FeedbackPeriodStarted,1766143925.6871629,1108.5860216617584,False
903,2,137,startFixDisplay,1766143925.6872907,1108.5861458778381,False
904,2,137,startFixPeriod,1766143925.9995234,1108.8983800411224,False
905,2,137,TargetPresentation,1766143927.2000158,1110.0988745689392,False
906,2,137,TargetDisplacement,1766143927.921466,1110.8203217983246,True
907,2,137,RightResponse,1766143928.421516,1111.3203735351562,False
908,2,138,FeedbackPeriodStarted,1766143928.4420307,1111.3408863544464,False
909,2,138,startFixDisplay,1766143928.4420958,1111.3409509658813,False
910,2,138,startFixPeriod,1766143928.6293645,1111.5282201766968,False
911,2,138,TargetPresentation,1766143929.5453675,1112.4442431926727,False
912,2,138,TargetDisplacement,1766143929.8644009,1112.7632563114166,True
913,2,138,LeftResponse,1766143930.614188,1113.5130445957184,False
914,2,138,FeedbackPeriodStarted,1766143930.6208172,1113.519675731659,False
915,2,139,startFixDisplay,1766143932.6261837,1115.525042295456,False
916,2,139,startFixPeriod,1766143932.6330843,1115.5319426059723,False
917,2,139,TargetPresentation,1766143933.2576838,1116.156542301178,False
918,2,139,TargetDisplacement,1766143933.535178,1116.4340364933014,True
919,2,139,RightResponse,1766143934.076746,1116.9756031036377,False
920,2,140,FeedbackPeriodStarted,1766143934.0973063,1116.9961650371552,False
921,2,140,startFixDisplay,1766143934.0974503,1116.9963059425354,False
922,2,140,startFixPeriod,1766143934.319476,1117.2183320522308,False
923,2,140,TargetPresentation,1766143934.9023378,1117.8011963367462,False
924,2,140,TargetRemoval,1766143935.1520119,1118.05087018013,True
925,2,140,TargetReappeared,1766143935.4018676,1118.3007237911224,False
926,2,140,RightResponse,1766143936.0057755,1118.9046320915222,False
927,2,141,FeedbackPeriodStarted,1766143936.0333655,1118.9322221279144,False
928,2,141,startFixDisplay,1766143936.0334744,1118.9323301315308,False
929,2,141,startFixPeriod,1766143936.234671,1119.1335291862488,False
930,2,141,TargetPresentation,1766143937.400476,1120.2993347644806,False
931,2,141,TargetRemoval,1766143937.4073544,1120.306211233139,True
932,2,141,TargetReappeared,1766143937.6570945,1120.5559513568878,False
933,2,141,LeftResponse,1766143938.1986353,1121.097491979599,False
934,2,142,FeedbackPeriodStarted,1766143938.2189584,1121.1178140640259,False
935,2,142,startFixDisplay,1766143938.2190292,1121.1178841590881,False
936,2,142,startFixPeriod,1766143938.4690273,1121.3678846359253,False
937,2,142,TargetPresentation,1766143939.1975179,1122.0963740348816,False
938,2,142,TargetDisplacement,1766143939.204477,1122.1033339500427,True
939,2,142,RightResponse,1766143940.8145938,1123.7134516239166,False
940,2,143,FeedbackPeriodStarted,1766143940.8350902,1123.7339489459991,False
941,2,143,startFixDisplay,1766143940.8352394,1123.7340967655182,False
942,2,143,startFixPeriod,1766143941.07801,1123.9768662452698,False
943,2,143,TargetPresentation,1766143942.3479307,1125.2467896938324,False
944,2,143,TargetDisplacement,1766143942.3618543,1125.260713338852,True
945,2,143,RightResponse,1766143943.2363267,1126.1351833343506,False
946,2,144,FeedbackPeriodStarted,1766143943.2566905,1126.1555461883545,False
947,2,144,startFixDisplay,1766143943.2567575,1126.155612707138,False
948,2,144,startFixPeriod,1766143943.2777328,1126.1765913963318,False
949,2,144,TargetPresentation,1766143943.9508536,1126.849711894989,False
950,2,144,TargetDisplacement,1766143943.9578242,1126.856683731079,True
951,2,144,FeedbackPeriodStarted,1766143945.9631765,1128.862035036087,False
952,2,145,startFixDisplay,1766143948.8288758,1131.727735042572,False
953,2,145,startFixPeriod,1766143949.09955,1131.9984068870544,False
954,2,145,TargetPresentation,1766143950.0918674,1132.99072599411,False
955,2,145,TargetDisplacement,1766143950.119406,1133.0182621479034,True
956,2,145,RightResponse,1766143950.848584,1133.7474420070648,False
957,2,146,FeedbackPeriodStarted,1766143950.8689282,1133.7677865028381,False
958,2,146,startFixDisplay,1766143950.8690727,1133.7679297924042,False
959,2,146,startFixPeriod,1766143951.0772083,1133.9760646820068,False
960,2,146,TargetPresentation,1766143952.0001988,1134.8990550041199,False
961,2,146,TargetDisplacement,1766143952.0070243,1134.9058811664581,True
962,2,146,RightResponse,1766143952.7497282,1135.6485850811005,False
963,2,147,FeedbackPeriodStarted,1766143952.7702308,1135.6690866947174,False
964,2,147,startFixDisplay,1766143952.7703,1135.6691551208496,False
965,2,147,startFixPeriod,1766143952.992503,1135.891361951828,False
966,2,147,TargetPresentation,1766143954.1234064,1137.022263288498,False
967,2,147,TargetDisplacement,1766143954.1303084,1137.0291645526886,True
968,2,147,RightResponse,1766143955.0744412,1137.973299741745,False
969,2,148,FeedbackPeriodStarted,1766143955.101629,1138.0004847049713,False
970,2,148,startFixDisplay,1766143955.1016936,1138.000548839569,False
971,2,148,startFixPeriod,1766143955.316835,1138.2156932353973,False
972,2,148,TargetPresentation,1766143956.739465,1139.6383209228516,False
973,2,148,TargetRemoval,1766143956.7466214,1139.6454820632935,True
974,2,148,TargetReappeared,1766143956.9962404,1139.8950991630554,False
975,2,148,LeftResponse,1766143957.6627214,1140.5615792274475,False
976,2,149,FeedbackPeriodStarted,1766143957.6830804,1140.5819392204285,False
977,2,149,startFixDisplay,1766143957.683238,1140.5820956230164,False
978,2,149,startFixPeriod,1766143957.9121642,1140.8110218048096,False
979,2,149,TargetPresentation,1766143958.8974533,1141.796309709549,False
980,2,149,TargetDisplacement,1766143958.904329,1141.8031854629517,True
981,2,149,LeftResponse,1766143959.9177465,1142.8166043758392,False
982,2,150,FeedbackPeriodStarted,1766143959.9382808,1142.8371365070343,False
983,2,150,startFixDisplay,1766143959.9383438,1142.8371987342834,False
984,2,150,startFixPeriod,1766143960.174323,1143.0731809139252,False
985,2,150,TargetPresentation,1766143960.889077,1143.7879357337952,False
986,2,150,TargetRemoval,1766143961.1664317,1144.0652902126312,True
987,2,150,TargetReappeared,1766143961.4164343,1144.3152930736542,False
988,2,150,LeftResponse,1766143961.9023075,1144.8011643886566,False
989,2,150,FeedbackPeriodStarted,1766143961.9160147,1144.8148732185364,False
990,2,151,startFixDisplay,1766143963.9211023,1146.8199577331543,False
991,2,151,startFixPeriod,1766143964.1849582,1147.0838165283203,False
992,2,151,TargetPresentation,1766143965.149492,1148.0483484268188,False
993,2,151,TargetRemoval,1766143965.295187,1148.1940455436707,True
994,2,151,TargetReappeared,1766143965.5451765,1148.4440350532532,False
995,2,151,RightResponse,1766143965.9549007,1148.853758096695,False
996,2,152,FeedbackPeriodStarted,1766143965.9750915,1148.8739473819733,False
997,2,152,startFixDisplay,1766143965.9751573,1148.8740124702454,False
998,2,152,startFixPeriod,1766143966.4611216,1149.3599803447723,False
999,2,152,TargetPresentation,1766143967.370153,1150.2690253257751,False
1000,2,152,TargetDisplacement,1766143967.4462295,1150.345088005066,True
1001,2,152,LeftResponse,1766143968.18887,1151.0877261161804,False
1002,2,153,FeedbackPeriodStarted,1766143968.2094843,1151.1083400249481,False
1003,2,153,startFixDisplay,1766143968.2095485,1151.1084036827087,False
1004,2,153,startFixPeriod,1766143968.3137915,1151.2126500606537,False
1005,2,153,TargetPresentation,1766143969.5905252,1152.4893839359283,False
1006,2,153,TargetDisplacement,1766143969.5974302,1152.4962866306305,True
1007,2,153,RightResponse,1766143970.4025576,1153.3014132976532,False
1008,2,154,FeedbackPeriodStarted,1766143970.4231591,1153.3220176696777,False
1009,2,154,startFixDisplay,1766143970.4233139,1153.3221712112427,False
1010,2,154,startFixPeriod,1766143970.6312926,1153.5301487445831,False
1011,2,154,TargetPresentation,1766143971.5612211,1154.4600796699524,False
1012,2,154,TargetDisplacement,1766143971.6513224,1154.5501780509949,True
1013,2,154,LeftResponse,1766143972.33863,1155.2374863624573,False
1014,2,155,FeedbackPeriodStarted,1766143972.3591204,1155.2579762935638,False
1015,2,155,startFixDisplay,1766143972.3591893,1155.2580444812775,False
1016,2,155,startFixPeriod,1766143972.3939703,1155.2928285598755,False
1017,2,155,TargetPresentation,1766143973.4695473,1156.3684058189392,False
1018,2,155,TargetDisplacement,1766143974.7946877,1157.6935460567474,True
1019,2,155,LeftResponse,1766143975.8774266,1158.7762832641602,False
1020,2,156,FeedbackPeriodStarted,1766143975.897928,1158.7967836856842,False
1021,2,156,startFixDisplay,1766143975.8979983,1158.7968535423279,False
1022,2,156,startFixPeriod,1766143976.1480312,1159.0468900203705,False
1023,2,156,TargetPresentation,1766143977.3762078,1160.2750642299652,False
1024,2,156,TargetDisplacement,1766143977.4662786,1160.3651342391968,True
1025,2,156,LeftResponse,1766143979.0209694,1161.919827222824,False
1026,2,156,FeedbackPeriodStarted,1766143979.0277412,1161.926599740982,False
1027,2,157,startFixDisplay,1766143981.4353685,1164.3342339992523,False
1028,2,157,startFixPeriod,1766143981.7129948,1164.6118514537811,False
1029,2,157,TargetPresentation,1766143983.0037165,1165.9025750160217,False
1030,2,157,TargetDisplacement,1766143983.0105004,1165.9093561172485,True
1031,2,157,LeftResponse,1766143983.8226907,1166.7215476036072,False
1032,2,158,FeedbackPeriodStarted,1766143983.8432274,1166.7420852184296,False
1033,2,158,startFixDisplay,1766143983.8433244,1166.7421793937683,False
1034,2,158,startFixPeriod,1766143984.120966,1167.0198240280151,False
1035,2,158,TargetPresentation,1766143984.661995,1167.5608508586884,False
1036,2,158,TargetDisplacement,1766143984.668988,1167.5678458213806,True
1037,2,158,RightResponse,1766143985.9805496,1168.8794050216675,False
1038,2,159,FeedbackPeriodStarted,1766143986.0013642,1168.9002225399017,False
1039,2,159,startFixDisplay,1766143986.0015378,1168.900395154953,False
1040,2,159,startFixPeriod,1766143986.2441523,1169.1430079936981,False
1041,2,159,TargetPresentation,1766143987.326729,1170.2255859375,False
1042,2,159,TargetRemoval,1766143988.7768862,1171.6757419109344,True
1043,2,159,TargetReappeared,1766143989.026822,1171.9256806373596,False
1044,2,159,RightResponse,1766143990.0887356,1172.9875926971436,False
1045,2,160,FeedbackPeriodStarted,1766143990.1091928,1173.0080513954163,False
1046,2,160,startFixDisplay,1766143990.1093466,1173.0082035064697,False
1047,2,160,startFixPeriod,1766143990.2897177,1173.1885750293732,False
1048,2,160,TargetPresentation,1766143991.6567624,1174.5556209087372,False
1049,2,160,TargetDisplacement,1766143991.6636465,1174.5625030994415,True
1050,2,160,RightResponse,1766143993.3432024,1176.242059469223,False
1051,2,161,FeedbackPeriodStarted,1766143993.3637197,1176.262578010559,False
1052,2,161,startFixDisplay,1766143993.3638697,1176.2627265453339,False
1053,2,161,startFixPeriod,1766143993.5927331,1176.4915914535522,False
1054,2,161,TargetPresentation,1766143994.432335,1177.3311927318573,False
1055,2,161,TargetDisplacement,1766143994.4392595,1177.338116645813,True
1056,2,161,LeftResponse,1766143995.320601,1178.2194564342499,False
1057,2,162,FeedbackPeriodStarted,1766143995.3411028,1178.239958524704,False
1058,2,162,startFixDisplay,1766143995.3411644,1178.2400193214417,False
1059,2,162,startFixPeriod,1766143995.5911865,1178.4900431632996,False
1060,2,162,TargetPresentation,1766143996.8540573,1179.7529158592224,False
1061,2,162,TargetDisplacement,1766143997.0134602,1179.912315607071,True
1062,2,162,RightResponse,1766143997.52739,1180.426246881485,False
1063,2,162,FeedbackPeriodStarted,1766143997.534047,1180.432906627655,False
1064,2,163,startFixDisplay,1766143999.5391648,1182.4380207061768,False
1065,2,163,startFixPeriod,1766143999.5879524,1182.486810207367,False
1066,2,163,TargetPresentation,1766144000.6010735,1183.4999296665192,False
1067,2,163,TargetDisplacement,1766144000.6633441,1183.5621995925903,True
1068,2,163,LeftResponse,1766144001.3231187,1184.221976518631,False
1069,2,164,FeedbackPeriodStarted,1766144001.3434029,1184.2422587871552,False
1070,2,164,startFixDisplay,1766144001.34347,1184.2423250675201,False
1071,2,164,startFixPeriod,1766144001.3503208,1184.2491772174835,False
1072,2,164,TargetPresentation,1766144002.5649245,1185.4637818336487,False
1073,2,164,TargetDisplacement,1766144002.8838944,1185.782752275467,True
1074,2,164,LeftResponse,1766144003.480961,1186.3798174858093,False
1075,2,165,FeedbackPeriodStarted,1766144003.5014725,1186.4003283977509,False
1076,2,165,startFixDisplay,1766144003.5015364,1186.4003913402557,False
1077,2,165,startFixPeriod,1766144003.7306087,1186.6294655799866,False
1078,2,165,TargetPresentation,1766144004.299632,1187.198490858078,False
1079,2,165,TargetDisplacement,1766144004.30649,1187.2053458690643,True
1080,2,165,RightResponse,1766144005.6044676,1188.5033237934113,False
1081,2,166,FeedbackPeriodStarted,1766144005.6248658,1188.523724079132,False
1082,2,166,startFixDisplay,1766144005.6250105,1188.5238676071167,False
1083,2,166,startFixPeriod,1766144005.8400638,1188.7389223575592,False
1084,2,166,TargetPresentation,1766144006.416088,1189.3149466514587,False
1085,2,166,TargetRemoval,1766144006.4230216,1189.321879863739,True
1086,2,166,TargetReappeared,1766144006.6728308,1189.5716891288757,False
1087,2,166,LeftResponse,1766144007.2764287,1190.1752843856812,False
1088,2,167,FeedbackPeriodStarted,1766144007.297224,1190.196082353592,False
1089,2,167,startFixDisplay,1766144007.2973864,1190.1962423324585,False
1090,2,167,startFixPeriod,1766144007.8871644,1190.7860226631165,False
1091,2,167,TargetPresentation,1766144008.449144,1191.3480007648468,False
1092,2,167,TargetDisplacement,1766144008.4561613,1191.355019569397,True
1093,2,167,RightResponse,1766144009.6707077,1192.5695655345917,False
1094,2,168,FeedbackPeriodStarted,1766144009.6911163,1192.5899741649628,False
1095,2,168,startFixDisplay,1766144009.6912606,1192.5901174545288,False
1096,2,168,startFixPeriod,1766144009.989586,1192.8884427547455,False
1097,2,168,TargetPresentation,1766144011.2248497,1194.1237077713013,False
1098,2,168,TargetDisplacement,1766144011.2317765,1194.130635023117,True
1099,2,168,RightResponse,1766144012.8209925,1195.7198503017426,False
1100,2,168,FeedbackPeriodStarted,1766144012.8275766,1195.7264347076416,False
1101,2,169,startFixDisplay,1766144014.8329322,1197.7317907810211,False
1102,2,169,startFixPeriod,1766144015.0828736,1197.9817321300507,False
1103,2,169,TargetPresentation,1766144016.012626,1198.9114816188812,False
1104,2,169,TargetDisplacement,1766144016.0197113,1198.9185693264008,True
1105,2,169,RightResponse,1766144016.7692995,1199.6681571006775,False
1106,2,170,FeedbackPeriodStarted,1766144016.7897723,1199.688630580902,False
1107,2,170,startFixDisplay,1766144016.7899039,1199.6887607574463,False
1108,2,170,startFixPeriod,1766144017.0189352,1199.9177939891815,False
1109,2,170,TargetPresentation,1766144017.9903991,1200.8892560005188,False
1110,2,170,TargetDisplacement,1766144017.9972494,1200.8961057662964,True
1111,2,170,LeftResponse,1766144019.3021371,1202.200992822647,False
1112,2,171,FeedbackPeriodStarted,1766144019.3224683,1202.22132396698,False
1113,2,171,startFixDisplay,1766144019.3225317,1202.2213866710663,False
1114,2,171,startFixPeriod,1766144019.7598553,1202.6587138175964,False
1115,2,171,TargetPresentation,1766144020.6271331,1203.525988817215,False
1116,2,171,TargetDisplacement,1766144020.6341288,1203.5329852104187,True
1117,2,171,RightResponse,1766144021.7723343,1204.6711909770966,False
1118,2,172,FeedbackPeriodStarted,1766144021.7927098,1204.6915655136108,False
1119,2,172,startFixDisplay,1766144021.7927756,1204.6916308403015,False
1120,2,172,startFixPeriod,1766144021.9941823,1204.8930404186249,False
1121,2,172,TargetPresentation,1766144022.7297244,1205.6285827159882,False
1122,2,172,TargetDisplacement,1766144022.736692,1205.635550737381,True
1123,2,172,RightResponse,1766144023.40313,1206.3019878864288,False
1124,2,173,FeedbackPeriodStarted,1766144023.4234896,1206.3223478794098,False
1125,2,173,startFixDisplay,1766144023.4236348,1206.322491645813,False
1126,2,173,startFixPeriod,1766144023.430574,1206.3294320106506,False
1127,2,173,TargetPresentation,1766144024.1730795,1207.0719377994537,False
1128,2,173,TargetDisplacement,1766144024.1799512,1207.0788094997406,True
1129,2,173,RightResponse,1766144025.1653993,1208.064255475998,False
1130,2,174,FeedbackPeriodStarted,1766144025.1859767,1208.0848324298859,False
1131,2,174,startFixDisplay,1766144025.1860414,1208.084896326065,False
1132,2,174,startFixPeriod,1766144025.380514,1208.2793715000153,False
1133,2,174,TargetPresentation,1766144026.3379273,1209.2367839813232,False
1134,2,174,TargetRemoval,1766144026.3449981,1209.2438561916351,True
1135,2,174,TargetReappeared,1766144026.5948021,1209.4936604499817,False
1136,2,174,LeftResponse,1766144027.1084428,1210.0072994232178,False
1137,2,174,FeedbackPeriodStarted,1766144027.1151032,1210.0139591693878,False
1138,2,175,startFixDisplay,1766144029.120281,1212.0191366672516,False
1139,2,175,startFixPeriod,1766144029.412015,1212.3108730316162,False
1140,2,175,TargetPresentation,1766144030.570869,1213.469727754593,False
1141,2,175,TargetDisplacement,1766144030.5778096,1213.476667881012,True
1142,2,175,LeftResponse,1766144032.097658,1214.9965150356293,False
1143,2,176,FeedbackPeriodStarted,1766144032.117991,1215.0168464183807,False
1144,2,176,startFixDisplay,1766144032.1180587,1215.016914844513,False
1145,2,176,startFixPeriod,1766144032.5900114,1215.4888696670532,False
1146,2,176,TargetPresentation,1766144033.6934104,1216.5922679901123,False
1147,2,176,TargetDisplacement,1766144033.7002625,1216.599118232727,True
1148,2,176,LeftResponse,1766144034.4636574,1217.3625130653381,False
1149,2,177,FeedbackPeriodStarted,1766144034.484312,1217.38316988945,False
1150,2,177,startFixDisplay,1766144034.4844158,1217.3832709789276,False
1151,2,177,startFixPeriod,1766144034.706562,1217.605420589447,False
1152,2,177,TargetPresentation,1766144035.969357,1218.8682134151459,False
1153,2,177,TargetRemoval,1766144035.9763284,1218.875185251236,True
1154,2,177,TargetReappeared,1766144036.2261913,1219.1250493526459,False
1155,2,177,RightResponse,1766144036.6285946,1219.5274500846863,False
1156,2,178,FeedbackPeriodStarted,1766144036.6492229,1219.5480785369873,False
1157,2,178,startFixDisplay,1766144036.6492853,1219.5481405258179,False
1158,2,178,startFixPeriod,1766144037.0658195,1219.9646780490875,False
1159,2,178,TargetPresentation,1766144037.9954998,1220.8943555355072,False
1160,2,178,TargetRemoval,1766144038.0026062,1220.9014644622803,True
1161,2,178,TargetReappeared,1766144038.2523415,1221.151200056076,False
1162,2,178,LeftResponse,1766144039.4944806,1222.393336057663,False
1163,2,179,FeedbackPeriodStarted,1766144039.5151176,1222.4139757156372,False
1164,2,179,startFixDisplay,1766144039.5152216,1222.4140765666962,False
1165,2,179,startFixPeriod,1766144039.8830173,1222.781875371933,False
1166,2,179,TargetPresentation,1766144040.812831,1223.7116901874542,False
1167,2,179,TargetDisplacement,1766144040.8197558,1223.7186143398285,True
1168,2,179,RightResponse,1766144042.5754504,1225.4743061065674,False
1169,2,180,FeedbackPeriodStarted,1766144042.5960386,1225.4948966503143,False
1170,2,180,startFixDisplay,1766144042.5961823,1225.4950392246246,False
1171,2,180,startFixPeriod,1766144042.8042188,1225.7030749320984,False
1172,2,180,TargetPresentation,1766144043.4427404,1226.3415989875793,False
1173,2,180,TargetRemoval,1766144043.8242555,1226.723112821579,True
1174,2,180,TargetReappeared,1766144044.0741947,1226.9730517864227,False
1175,2,180,RightResponse,1766144044.636356,1227.535211801529,False
1176,2,180,FeedbackPeriodStarted,1766144044.6430483,1227.54190659523,False
1177,2,181,startFixDisplay,1766144046.648286,1229.54714179039,False
1178,2,181,startFixPeriod,1766144046.94696,1229.8458180427551,False
1179,2,181,TargetPresentation,1766144047.5575624,1230.4564187526703,False
1180,2,181,TargetDisplacement,1766144047.7586884,1230.6575462818146,True
1181,2,181,RightResponse,1766144049.4936142,1232.3924696445465,False
1182,2,182,FeedbackPeriodStarted,1766144049.5142112,1232.4130668640137,False
1183,2,182,startFixDisplay,1766144049.514274,1232.4131288528442,False
1184,2,182,startFixPeriod,1766144049.9238431,1232.8227021694183,False
1185,2,182,TargetPresentation,1766144050.6732697,1233.5721280574799,False
1186,2,182,TargetDisplacement,1766144050.9506185,1233.8494765758514,True
1187,2,182,LeftResponse,1766144051.48535,1234.384207725525,False
1188,2,183,FeedbackPeriodStarted,1766144051.50568,1234.4045360088348,False
1189,2,183,startFixDisplay,1766144051.5057495,1234.4046046733856,False
1190,2,183,startFixPeriod,1766144051.679338,1234.5781950950623,False
1191,2,183,TargetPresentation,1766144052.5050929,1235.4039514064789,False
1192,2,183,TargetDisplacement,1766144052.5120714,1235.4109301567078,True
1193,2,183,LeftResponse,1766144054.0389764,1236.9378340244293,False
1194,2,184,FeedbackPeriodStarted,1766144054.0592752,1236.9581308364868,False
1195,2,184,startFixDisplay,1766144054.059344,1236.958199262619,False
1196,2,184,startFixPeriod,1766144054.3231397,1237.2219970226288,False
1197,2,184,TargetPresentation,1766144054.8504674,1237.749323129654,False
1198,2,184,TargetDisplacement,1766144054.8573983,1237.7562546730042,True
1199,2,184,LeftResponse,1766144056.0582302,1238.9570860862732,False
1200,2,185,FeedbackPeriodStarted,1766144056.0785916,1238.9774496555328,False
1201,2,185,startFixDisplay,1766144056.078736,1238.9775931835175,False
1202,2,185,startFixPeriod,1766144056.2591374,1239.1579957008362,False
1203,2,185,TargetPresentation,1766144056.980717,1239.8795754909515,False
1204,2,185,TargetDisplacement,1766144056.9877386,1239.8865973949432,True
1205,2,185,LeftResponse,1766144058.6604347,1241.5592901706696,False
1206,2,186,FeedbackPeriodStarted,1766144058.6808066,1241.579665184021,False
1207,2,186,startFixDisplay,1766144058.6809492,1241.5798063278198,False
1208,2,186,startFixPeriod,1766144058.687595,1241.5864508152008,False
1209,2,186,TargetPresentation,1766144059.3677945,1242.2666528224945,False
1210,2,186,TargetRemoval,1766144059.3746848,1242.2735433578491,True
1211,2,186,TargetReappeared,1766144059.6245136,1242.5233707427979,False
1212,2,186,LeftResponse,1766144060.7487905,1243.6476471424103,False
1213,2,186,FeedbackPeriodStarted,1766144060.755529,1243.654386997223,False
1214,2,187,startFixDisplay,1766144062.7607484,1245.6596035957336,False
1215,2,187,startFixPeriod,1766144063.0384662,1245.9373228549957,False
1216,2,187,TargetPresentation,1766144064.0517397,1246.9505977630615,False
1217,2,187,TargetDisplacement,1766144064.0586338,1246.9574921131134,True
1218,2,187,RightResponse,1766144064.9262733,1247.825130224228,False
1219,2,188,FeedbackPeriodStarted,1766144064.9465706,1247.8454265594482,False
1220,2,188,startFixDisplay,1766144064.9466357,1247.845490694046,False
1221,2,188,startFixPeriod,1766144065.15492,1248.0537786483765,False
1222,2,188,TargetPresentation,1766144066.5774202,1249.476276397705,False
1223,2,188,TargetDisplacement,1766144066.9382722,1249.8371303081512,True
1224,2,188,LeftResponse,1766144067.3687265,1250.2675828933716,False
1225,2,189,FeedbackPeriodStarted,1766144067.389105,1250.287960767746,False
1226,2,189,startFixDisplay,1766144067.38917,1250.2880249023438,False
1227,2,189,startFixPeriod,1766144067.6252394,1250.5240950584412,False
1228,2,189,TargetPresentation,1766144068.7771742,1251.6760323047638,False
1229,2,189,TargetRemoval,1766144069.103119,1252.0019764900208,True
1230,2,189,TargetReappeared,1766144069.3531559,1252.2520143985748,False
1231,2,189,RightResponse,1766144070.2068672,1253.1057245731354,False
1232,2,190,FeedbackPeriodStarted,1766144070.2272773,1253.1261353492737,False
1233,2,190,startFixDisplay,1766144070.2273946,1253.126249551773,False
1234,2,190,startFixPeriod,1766144070.539636,1253.4384939670563,False
1235,2,190,TargetPresentation,1766144071.7331984,1254.6320569515228,False
1236,2,190,TargetDisplacement,1766144071.740127,1254.638985157013,True
1237,2,190,RightResponse,1766144073.0310335,1255.9298913478851,False
1238,2,191,FeedbackPeriodStarted,1766144073.0513613,1255.9502167701721,False
1239,2,191,startFixDisplay,1766144073.0514393,1255.950294494629,False
1240,2,191,startFixPeriod,1766144073.238954,1256.1378118991852,False
1241,2,191,TargetPresentation,1766144074.0508428,1256.949701309204,False
1242,2,191,TargetRemoval,1766144074.1685696,1257.0674250125885,True
1243,2,191,TargetReappeared,1766144074.4186356,1257.317492723465,False
1244,2,191,LeftResponse,1766144075.0154457,1257.9143013954163,False
1245,2,192,FeedbackPeriodStarted,1766144075.036035,1257.9348933696747,False
1246,2,192,startFixDisplay,1766144075.0361729,1257.9350299835205,False
1247,2,192,startFixPeriod,1766144075.265132,1258.163990497589,False
1248,2,192,TargetPresentation,1766144076.6529515,1259.5518097877502,False
1249,2,192,TargetDisplacement,1766144076.715198,1259.6140534877777,True
1250,2,192,LeftResponse,1766144077.2289412,1260.1277978420258,False
1251,2,192,FeedbackPeriodStarted,1766144077.235794,1260.1346526145935,False
1252,2,193,startFixDisplay,1766144079.241015,1262.1398704051971,False
1253,2,193,startFixPeriod,1766144079.5326514,1262.4315099716187,False
1254,2,193,TargetPresentation,1766144080.066873,1262.9657316207886,False
1255,2,193,TargetDisplacement,1766144080.261171,1263.160029411316,True
1256,2,193,RightResponse,1766144081.3927517,1264.2916095256805,False
1257,2,194,FeedbackPeriodStarted,1766144081.4129248,1264.3117804527283,False
1258,2,194,startFixDisplay,1766144081.4129932,1264.3118484020233,False
1259,2,194,startFixPeriod,1766144081.8293648,1264.7282211780548,False
1260,2,194,TargetPresentation,1766144082.967358,1265.8662161827087,False
1261,2,194,TargetDisplacement,1766144083.002029,1265.9008870124817,True
1262,2,194,LeftResponse,1766144083.765739,1266.6645965576172,False
1263,2,195,FeedbackPeriodStarted,1766144083.7861485,1266.6850068569183,False
1264,2,195,startFixDisplay,1766144083.7862911,1266.6851482391357,False
1265,2,195,startFixPeriod,1766144084.1193607,1267.0182175636292,False
1266,2,195,TargetPresentation,1766144084.9729202,1267.8717787265778,False
1267,2,195,TargetRemoval,1766144085.1045873,1268.003445148468,True
1268,2,195,TargetReappeared,1766144085.3545372,1268.2533955574036,False
1269,2,195,LeftResponse,1766144085.8126478,1268.7115049362183,False
1270,2,196,FeedbackPeriodStarted,1766144085.833075,1268.731930732727,False
1271,2,196,startFixDisplay,1766144085.8331482,1268.732003211975,False
1272,2,196,startFixPeriod,1766144086.0692165,1268.9680728912354,False
1273,2,196,TargetPresentation,1766144086.82547,1269.7243282794952,False
1274,2,196,TargetDisplacement,1766144086.8323324,1269.7311878204346,True
1275,2,196,LeftResponse,1766144088.1164248,1271.015281677246,False
1276,2,197,FeedbackPeriodStarted,1766144088.1368384,1271.0356941223145,False
1277,2,197,startFixDisplay,1766144088.1369019,1271.0357570648193,False
1278,2,197,startFixPeriod,1766144088.345306,1271.244163274765,False
1279,2,197,TargetPresentation,1766144089.8163502,1272.7152066230774,False
1280,2,197,TargetDisplacement,1766144089.823334,1272.7221920490265,True
1281,2,197,RightResponse,1766144090.5452251,1273.4440832138062,False
1282,2,197,FeedbackPeriodStarted,1766144090.5794687,1273.4783267974854,False
1283,3,198,startFixDisplay,1766144114.033273,1296.9321284294128,False
1284,3,198,startFixPeriod,1766144114.2624955,1297.1613516807556,False
1285,3,198,TargetPresentation,1766144114.7967215,1297.6955795288086,False
1286,3,198,TargetDisplacement,1766144114.8036642,1297.702522277832,True
1287,3,198,LeftResponse,1766144116.4069057,1299.305763244629,False
1288,3,199,FeedbackPeriodStarted,1766144116.4272904,1299.3261454105377,False
1289,3,199,startFixDisplay,1766144116.4273388,1299.3261940479279,False
1290,3,199,startFixPeriod,1766144116.6355202,1299.5343782901764,False
1291,3,199,TargetPresentation,1766144117.350331,1300.249188899994,False
1292,3,199,TargetRemoval,1766144117.4612818,1300.3601372241974,True
1293,3,199,TargetReappeared,1766144117.7112212,1300.6100792884827,False
1294,3,199,LeftResponse,1766144117.9820278,1300.8808839321136,False
1295,3,200,FeedbackPeriodStarted,1766144118.0025027,1300.9013605117798,False
1296,3,200,startFixDisplay,1766144118.0026362,1300.9014930725098,False
1297,3,200,startFixPeriod,1766144118.0372488,1300.936107158661,False
1298,3,200,TargetPresentation,1766144119.1475687,1302.0464267730713,False
1299,3,200,TargetRemoval,1766144119.799715,1302.6985728740692,True
1300,3,200,TargetReappeared,1766144120.0496373,1302.948495388031,False
1301,3,200,RightResponse,1766144120.4870512,1303.3859088420868,False
1302,3,201,FeedbackPeriodStarted,1766144120.5074697,1303.4063248634338,False
1303,3,201,startFixDisplay,1766144120.507518,1303.4063730239868,False
1304,3,201,startFixPeriod,1766144120.7226617,1303.6215195655823,False
1305,3,201,TargetPresentation,1766144121.277777,1304.1766347885132,False
1306,3,201,NoSaccadeMade,1766144123.2741814,1306.1730365753174,False
1307,3,202,FeedbackPeriodStarted,1766144123.2899542,1306.188809633255,False
1308,3,202,startFixDisplay,1766144123.2900026,1306.188857793808,False
1309,3,202,startFixPeriod,1766144123.2970262,1306.1958837509155,False
1310,3,202,TargetPresentation,1766144123.824454,1306.723309993744,False
1311,3,202,TargetDisplacement,1766144124.0463138,1306.9451689720154,True
1312,3,202,RightResponse,1766144124.4630735,1307.3619310855865,False
1313,3,203,FeedbackPeriodStarted,1766144124.4834619,1307.3823173046112,False
1314,3,203,startFixDisplay,1766144124.4835122,1307.3823671340942,False
1315,3,203,startFixPeriod,1766144124.601634,1307.5004920959473,False
1316,3,203,TargetPresentation,1766144125.4551606,1308.3540182113647,False
1317,3,203,TargetRemoval,1766144126.6350029,1309.533861398697,True
1318,3,203,TargetReappeared,1766144126.8845735,1309.7834315299988,False
1319,3,203,RightResponse,1766144128.3419907,1311.2408480644226,False
1320,3,204,FeedbackPeriodStarted,1766144128.3624785,1311.2613363265991,False
1321,3,204,startFixDisplay,1766144128.3626099,1311.261466741562,False
1322,3,204,startFixPeriod,1766144128.3694227,1311.2682807445526,False
1323,3,204,TargetPresentation,1766144129.0148308,1311.9136888980865,False
1324,3,204,TargetRemoval,1766144129.2298481,1312.1287059783936,True
1325,3,204,TargetReappeared,1766144129.4797654,1312.3786234855652,False
1326,3,204,RightResponse,1766144129.9518647,1312.8507223129272,False
1327,3,204,FeedbackPeriodStarted,1766144129.958457,1312.8573126792908,False
1328,3,205,startFixDisplay,1766144131.9637449,1314.8626000881195,False
1329,3,205,startFixPeriod,1766144132.2622528,1315.161108493805,False
1330,3,205,TargetPresentation,1766144133.6084719,1316.507329940796,False
1331,3,205,TargetRemoval,1766144133.9484649,1316.8473229408264,True
1332,3,205,TargetReappeared,1766144134.198367,1317.0972428321838,False
1333,3,205,RightResponse,1766144134.7883556,1317.6872110366821,False
1334,3,206,FeedbackPeriodStarted,1766144134.8088593,1317.7077174186707,False
1335,3,206,startFixDisplay,1766144134.8089938,1317.7078506946564,False
1336,3,206,startFixPeriod,1766144135.0656898,1317.9645478725433,False
1337,3,206,TargetPresentation,1766144136.2314026,1319.1302614212036,False
1338,3,206,TargetDisplacement,1766144136.4046926,1319.3035480976105,True
1339,3,206,LeftResponse,1766144136.9186275,1319.8174848556519,False
1340,3,207,FeedbackPeriodStarted,1766144136.9391224,1319.8379802703857,False
1341,3,207,startFixDisplay,1766144136.939266,1319.838121175766,False
1342,3,207,startFixPeriod,1766144137.1473374,1320.046195268631,False
1343,3,207,TargetPresentation,1766144138.4518833,1321.350741147995,False
1344,3,207,TargetDisplacement,1766144138.8265538,1321.7254116535187,True
1345,3,207,RightResponse,1766144139.2152855,1322.1141407489777,False
1346,3,208,FeedbackPeriodStarted,1766144139.2289279,1322.1277832984924,False
1347,3,208,startFixDisplay,1766144139.2289789,1322.1278340816498,False
1348,3,208,startFixPeriod,1766144139.3747945,1322.273652791977,False
1349,3,208,TargetPresentation,1766144140.3532362,1323.2520940303802,False
1350,3,208,TargetRemoval,1766144140.7209551,1323.6198132038116,True
1351,3,208,TargetReappeared,1766144140.9707444,1323.8696007728577,False
1352,3,208,RightResponse,1766144141.3666403,1324.265498161316,False
1353,3,209,FeedbackPeriodStarted,1766144141.3870697,1324.285927772522,False
1354,3,209,startFixDisplay,1766144141.3872025,1324.2860596179962,False
1355,3,209,startFixPeriod,1766144141.3939748,1324.2928326129913,False
1356,3,209,TargetPresentation,1766144141.9214327,1324.820288658142,False
1357,3,209,NoSaccadeMade,1766144143.9178982,1326.8167536258698,False
1358,3,210,FeedbackPeriodStarted,1766144143.9335818,1326.8324375152588,False
1359,3,210,startFixDisplay,1766144143.933645,1326.8325004577637,False
1360,3,210,startFixPeriod,1766144143.9405315,1326.8393867015839,False
1361,3,210,TargetPresentation,1766144144.6138437,1327.5127019882202,False
1362,3,210,TargetDisplacement,1766144144.932957,1327.8318150043488,True
1363,3,210,RightResponse,1766144145.6479206,1328.5467774868011,False
1364,3,210,FeedbackPeriodStarted,1766144145.66151,1328.5603654384613,False
1365,3,211,startFixDisplay,1766144147.6667871,1330.5656423568726,False
1366,3,211,startFixPeriod,1766144147.7641122,1330.662968158722,False
1367,3,211,TargetPresentation,1766144148.4719188,1331.3707766532898,False
1368,3,211,TargetRemoval,1766144148.8049479,1331.703805923462,True
1369,3,211,TargetReappeared,1766144149.0546968,1331.9535529613495,False
1370,3,211,RightResponse,1766144149.5199394,1332.4187970161438,False
1371,3,212,FeedbackPeriodStarted,1766144149.5403666,1332.4392220973969,False
1372,3,212,startFixDisplay,1766144149.540425,1332.4392800331116,False
1373,3,212,startFixPeriod,1766144149.7834072,1332.6822657585144,False
1374,3,212,TargetPresentation,1766144150.3593917,1333.2582504749298,False
1375,3,212,TargetDisplacement,1766144150.3663042,1333.2651624679565,True
1376,3,212,RightResponse,1766144151.2130375,1334.1118953227997,False
1377,3,213,FeedbackPeriodStarted,1766144151.233521,1334.1323761940002,False
1378,3,213,startFixDisplay,1766144151.2335718,1334.132426738739,False
1379,3,213,startFixPeriod,1766144151.6499932,1334.5488510131836,False
1380,3,213,TargetPresentation,1766144152.350829,1335.2496869564056,False
1381,3,213,TargetDisplacement,1766144152.8365743,1335.7354321479797,True
1382,3,213,LeftResponse,1766144153.3503103,1336.249166727066,False
1383,3,214,FeedbackPeriodStarted,1766144153.3706586,1336.2695140838623,False
1384,3,214,startFixDisplay,1766144153.3707073,1336.2695622444153,False
1385,3,214,startFixPeriod,1766144153.4055736,1336.304431438446,False
1386,3,214,TargetPresentation,1766144154.571362,1337.4702203273773,False
1387,3,214,TargetRemoval,1766144154.585152,1337.4840099811554,True
1388,3,214,TargetReappeared,1766144154.8350036,1337.7338614463806,False
1389,3,214,LeftResponse,1766144155.431943,1338.330799818039,False
1390,3,215,FeedbackPeriodStarted,1766144155.4523728,1338.3512287139893,False
1391,3,215,startFixDisplay,1766144155.4524236,1338.3512785434723,False
1392,3,215,startFixPeriod,1766144155.6538522,1338.552710056305,False
1393,3,215,TargetPresentation,1766144156.444899,1339.3437571525574,False
1394,3,215,TargetRemoval,1766144156.611292,1339.510149717331,True
1395,3,215,TargetReappeared,1766144156.8611999,1339.7600560188293,False
1396,3,215,LeftResponse,1766144157.3679285,1340.2667860984802,False
1397,3,216,FeedbackPeriodStarted,1766144157.3814223,1340.2802777290344,False
1398,3,216,startFixDisplay,1766144157.3814712,1340.280326128006,False
1399,3,216,startFixPeriod,1766144157.6245034,1340.5233597755432,False
1400,3,216,TargetPresentation,1766144158.4779859,1341.3768441677094,False
1401,3,216,TargetDisplacement,1766144158.4849927,1341.3838505744934,True
1402,3,216,LeftResponse,1766144159.2207758,1342.1196336746216,False
1403,3,216,FeedbackPeriodStarted,1766144159.2273328,1342.126190662384,False
1404,3,217,startFixDisplay,1766144161.2325838,1344.1314389705658,False
1405,3,217,startFixPeriod,1766144161.4479477,1344.3468058109283,False
1406,3,217,TargetPresentation,1766144162.3708355,1345.2696936130524,False
1407,3,217,TargetDisplacement,1766144162.5511596,1345.4500148296356,True
1408,3,217,RightResponse,1766144163.1066506,1346.005508184433,False
1409,3,218,FeedbackPeriodStarted,1766144163.1270583,1346.025916337967,False
1410,3,218,startFixDisplay,1766144163.127192,1346.0260491371155,False
1411,3,218,startFixPeriod,1766144163.3561802,1346.2550382614136,False
1412,3,218,TargetPresentation,1766144163.9459972,1346.8448553085327,False
1413,3,218,TargetRemoval,1766144164.764735,1347.6635928153992,True
1414,3,218,TargetReappeared,1766144165.014486,1347.9133422374725,False
1415,3,218,RightResponse,1766144165.3825383,1348.2813947200775,False
1416,3,219,FeedbackPeriodStarted,1766144165.403068,1348.301923751831,False
1417,3,219,startFixDisplay,1766144165.403118,1348.3019728660583,False
1418,3,219,startFixPeriod,1766144165.6529634,1348.551821231842,False
1419,3,219,TargetPresentation,1766144166.3884077,1349.287265777588,False
1420,3,219,TargetDisplacement,1766144167.1169684,1350.015823841095,True
1421,3,219,RightResponse,1766144167.617064,1350.5159215927124,False
1422,3,220,FeedbackPeriodStarted,1766144167.6373565,1350.5362119674683,False
1423,3,220,startFixDisplay,1766144167.637411,1350.5362660884857,False
1424,3,220,startFixPeriod,1766144167.8248322,1350.723690032959,False
1425,3,220,TargetPresentation,1766144169.0808318,1351.9796895980835,False
1426,3,220,TargetRemoval,1766144169.0877817,1351.9866394996643,True
1427,3,220,TargetReappeared,1766144169.3375952,1352.236453294754,False
1428,3,220,RightResponse,1766144169.9692323,1352.8680889606476,False
1429,3,221,FeedbackPeriodStarted,1766144169.9896572,1352.8885126113892,False
1430,3,221,startFixDisplay,1766144169.989704,1352.888559103012,False
1431,3,221,startFixPeriod,1766144170.274363,1353.1732199192047,False
1432,3,221,TargetPresentation,1766144171.1416924,1354.0405502319336,False
1433,3,221,TargetDisplacement,1766144171.3499117,1354.2487699985504,True
1434,3,221,RightResponse,1766144172.8976414,1355.7964985370636,False
1435,3,222,FeedbackPeriodStarted,1766144172.9180386,1355.8168964385986,False
1436,3,222,startFixDisplay,1766144172.9181716,1355.8170282840729,False
1437,3,222,startFixPeriod,1766144173.1193633,1356.0182213783264,False
1438,3,222,TargetPresentation,1766144174.3406405,1357.239498615265,False
1439,3,222,TargetDisplacement,1766144175.2288215,1358.127679824829,True
1440,3,222,RightResponse,1766144176.207425,1359.1062817573547,False
1441,3,222,FeedbackPeriodStarted,1766144176.22112,1359.1199779510498,False
1442,3,223,startFixDisplay,1766144178.420708,1361.3195657730103,False
1443,3,223,startFixPeriod,1766144178.427606,1361.3264636993408,False
1444,3,223,TargetPresentation,1766144179.6558273,1362.5546851158142,False
1445,3,223,TargetDisplacement,1766144179.7460868,1362.6449449062347,True
1446,3,223,RightResponse,1766144180.766347,1363.6652038097382,False
1447,3,224,FeedbackPeriodStarted,1766144180.786905,1363.6857631206512,False
1448,3,224,startFixDisplay,1766144180.7870386,1363.6858956813812,False
1449,3,224,startFixPeriod,1766144181.0021007,1363.900958776474,False
1450,3,224,TargetPresentation,1766144181.5570545,1364.4559099674225,False
1451,3,224,TargetDisplacement,1766144181.8347657,1364.7336239814758,True
1452,3,224,LeftResponse,1766144182.4386039,1365.3374598026276,False
1453,3,225,FeedbackPeriodStarted,1766144182.4592264,1365.358095407486,False
1454,3,225,startFixDisplay,1766144182.4592822,1365.3581380844116,False
1455,3,225,startFixPeriod,1766144182.681281,1365.5801367759705,False
1456,3,225,TargetPresentation,1766144183.2434611,1366.1423168182373,False
1457,3,225,TargetDisplacement,1766144184.159287,1367.0581424236298,True
1458,3,225,LeftResponse,1766144184.6244695,1367.5233256816864,False
1459,3,226,FeedbackPeriodStarted,1766144184.6450136,1367.5438714027405,False
1460,3,226,startFixDisplay,1766144184.6450794,1367.5439343452454,False
1461,3,226,startFixPeriod,1766144184.881077,1367.7799379825592,False
1462,3,226,TargetPresentation,1766144185.5402396,1368.43909740448,False
1463,3,226,TargetDisplacement,1766144185.706564,1368.605418920517,True
1464,3,226,RightResponse,1766144187.4209378,1370.319795370102,False
1465,3,227,FeedbackPeriodStarted,1766144187.4413204,1370.340175628662,False
1466,3,227,startFixDisplay,1766144187.4413757,1370.3402314186096,False
1467,3,227,startFixPeriod,1766144187.670531,1370.5693883895874,False
1468,3,227,TargetPresentation,1766144188.6142097,1371.5130677223206,False
1469,3,227,TargetDisplacement,1766144189.1068578,1372.0057153701782,True
1470,3,227,RightResponse,1766144189.7803261,1372.6791834831238,False
1471,3,228,FeedbackPeriodStarted,1766144189.800724,1372.699581861496,False
1472,3,228,startFixDisplay,1766144189.8008544,1372.699711561203,False
1473,3,228,startFixPeriod,1766144190.0090737,1372.9079320430756,False
1474,3,228,TargetPresentation,1766144190.695997,1373.5948555469513,False
1475,3,228,TargetDisplacement,1766144190.9178953,1373.8167533874512,True
1476,3,228,RightResponse,1766144192.4445798,1375.3434355258942,False
1477,3,228,FeedbackPeriodStarted,1766144192.4515495,1375.3504078388214,False
1478,3,229,startFixDisplay,1766144194.4567041,1377.3555600643158,False
1479,3,229,startFixPeriod,1766144194.8178174,1377.7166757583618,False
1480,3,229,TargetPresentation,1766144196.0460398,1378.944898366928,False
1481,3,229,TargetDisplacement,1766144196.3581488,1379.2570066452026,True
1482,3,229,RightResponse,1766144197.5310423,1380.4298977851868,False
1483,3,230,FeedbackPeriodStarted,1766144197.551561,1380.4504170417786,False
1484,3,230,startFixDisplay,1766144197.5516238,1380.4504790306091,False
1485,3,230,startFixPeriod,1766144197.7599676,1380.6588261127472,False
1486,3,230,TargetPresentation,1766144198.363697,1381.2625555992126,False
1487,3,230,TargetDisplacement,1766144198.3705552,1381.2694120407104,True
1488,3,230,LeftResponse,1766144199.33546,1382.2343165874481,False
1489,3,231,FeedbackPeriodStarted,1766144199.3558059,1382.254664182663,False
1490,3,231,startFixDisplay,1766144199.355952,1382.2548089027405,False
1491,3,231,startFixPeriod,1766144199.6750658,1382.5739226341248,False
1492,3,231,TargetPresentation,1766144200.4175162,1383.3163719177246,False
1493,3,231,TargetDisplacement,1766144200.4244556,1383.3233115673065,True
1494,3,231,FeedbackPeriodStarted,1766144202.4297807,1385.3286390304565,False
1495,3,232,startFixDisplay,1766144202.9362228,1385.835078239441,False
1496,3,232,startFixPeriod,1766144203.2139776,1386.1128361225128,False
1497,3,232,TargetPresentation,1766144204.6018486,1387.5007071495056,False
1498,3,232,TargetRemoval,1766144204.8377364,1387.7365944385529,True
1499,3,232,TargetReappeared,1766144205.08759,1387.9864482879639,False
1500,3,232,LeftResponse,1766144205.392967,1388.2918229103088,False
1501,3,233,FeedbackPeriodStarted,1766144205.413508,1388.3123633861542,False
1502,3,233,startFixDisplay,1766144205.4135766,1388.3124318122864,False
1503,3,233,startFixPeriod,1766144205.6913025,1388.5901601314545,False
1504,3,233,TargetPresentation,1766144206.6071124,1389.5059707164764,False
1505,3,233,TargetDisplacement,1766144206.6140575,1389.5129141807556,True
1506,3,233,RightResponse,1766144207.3361404,1390.2349982261658,False
1507,3,234,FeedbackPeriodStarted,1766144207.3564496,1390.2553052902222,False
1508,3,234,startFixDisplay,1766144207.3565204,1390.255375623703,False
1509,3,234,startFixPeriod,1766144207.5996215,1390.4984798431396,False
1510,3,234,TargetPresentation,1766144209.008118,1391.9069755077362,False
1511,3,234,TargetDisplacement,1766144209.015146,1391.914002418518,True
1512,3,234,RightResponse,1766144209.597979,1392.4968349933624,False
1513,3,234,FeedbackPeriodStarted,1766144209.6048706,1392.5037291049957,False
1514,3,235,startFixDisplay,1766144211.6171076,1394.515965461731,False
1515,3,235,startFixPeriod,1766144212.1792915,1395.0781497955322,False
1516,3,235,TargetPresentation,1766144213.1507106,1396.0495676994324,False
1517,3,235,TargetRemoval,1766144213.1576269,1396.056482553482,True
1518,3,235,TargetReappeared,1766144213.4073668,1396.3062226772308,False
1519,3,235,RightResponse,1766144214.3029432,1397.2018010616302,False
1520,3,236,FeedbackPeriodStarted,1766144214.323327,1397.2221853733063,False
1521,3,236,startFixDisplay,1766144214.323497,1397.2223546504974,False
1522,3,236,startFixPeriod,1766144214.580147,1397.4790053367615,False
1523,3,236,TargetPresentation,1766144215.2186856,1398.1175441741943,False
1524,3,236,TargetRemoval,1766144215.475147,1398.3740048408508,True
1525,3,236,TargetReappeared,1766144215.7250593,1398.6239178180695,False
1526,3,236,LeftResponse,1766144216.2388809,1399.137737751007,False
1527,3,237,FeedbackPeriodStarted,1766144216.2662566,1399.1651148796082,False
1528,3,237,startFixDisplay,1766144216.2664273,1399.1652841567993,False
1529,3,237,startFixPeriod,1766144216.495291,1399.3941469192505,False
1530,3,237,TargetPresentation,1766144217.3696036,1400.2684593200684,False
1531,3,237,TargetRemoval,1766144217.445983,1400.3448412418365,True
1532,3,237,TargetReappeared,1766144217.6958137,1400.5946719646454,False
1533,3,237,LeftResponse,1766144218.4802494,1401.3791062831879,False
1534,3,238,FeedbackPeriodStarted,1766144218.5006053,1401.3994634151459,False
1535,3,238,startFixDisplay,1766144218.5007522,1401.3996088504791,False
1536,3,238,startFixPeriod,1766144218.674175,1401.573032617569,False
1537,3,238,TargetPresentation,1766144219.506952,1402.4058103561401,False
1538,3,238,TargetDisplacement,1766144219.6246452,1402.5235004425049,True
1539,3,238,RightResponse,1766144221.2141511,1404.1130092144012,False
1540,3,239,FeedbackPeriodStarted,1766144221.2346075,1404.1334657669067,False
1541,3,239,startFixDisplay,1766144221.2347522,1404.1336090564728,False
1542,3,239,startFixPeriod,1766144221.45684,1404.3556988239288,False
1543,3,239,TargetPresentation,1766144222.0604184,1404.9592769145966,False
1544,3,239,TargetDisplacement,1766144222.3656342,1405.264492034912,True
1545,3,239,LeftResponse,1766144223.5941868,1406.4930431842804,False
1546,3,240,FeedbackPeriodStarted,1766144223.614559,1406.5134148597717,False
1547,3,240,startFixDisplay,1766144223.6146243,1406.5134794712067,False
1548,3,240,startFixPeriod,1766144223.7882397,1406.687097787857,False
1549,3,240,TargetPresentation,1766144224.3015978,1407.2004537582397,False
1550,3,240,TargetDisplacement,1766144224.308721,1407.2075793743134,True
1551,3,240,RightResponse,1766144224.9334445,1407.832300901413,False
1552,3,240,FeedbackPeriodStarted,1766144224.940028,1407.8388862609863,False
1553,3,241,startFixDisplay,1766144226.95232,1409.8511755466461,False
1554,3,241,startFixPeriod,1766144227.257806,1410.1566643714905,False
1555,3,241,TargetPresentation,1766144228.0486863,1410.9475424289703,False
1556,3,241,TargetRemoval,1766144228.055671,1410.9545288085938,True
1557,3,241,TargetReappeared,1766144228.3056068,1411.2044653892517,False
1558,3,241,RightResponse,1766144228.708501,1411.6073577404022,False
1559,3,242,FeedbackPeriodStarted,1766144228.7286344,1411.6274900436401,False
1560,3,242,startFixDisplay,1766144228.7287014,1411.6275565624237,False
1561,3,242,startFixPeriod,1766144228.9577808,1411.856636762619,False
1562,3,242,TargetPresentation,1766144229.8946447,1412.7935018539429,False
1563,3,242,TargetDisplacement,1766144229.9015431,1412.8003990650177,True
1564,3,242,LeftResponse,1766144231.1022666,1414.0011246204376,False
1565,3,243,FeedbackPeriodStarted,1766144231.122738,1414.0215961933136,False
1566,3,243,startFixDisplay,1766144231.1228802,1414.0217385292053,False
1567,3,243,startFixPeriod,1766144231.3796582,1414.2785165309906,False
1568,3,243,TargetPresentation,1766144232.142855,1415.041713476181,False
1569,3,243,TargetRemoval,1766144232.6145153,1415.5133702754974,True
1570,3,243,TargetReappeared,1766144232.864572,1415.7634291648865,False
1571,3,243,LeftResponse,1766144233.454601,1416.3534581661224,False
1572,3,244,FeedbackPeriodStarted,1766144233.475066,1416.3739240169525,False
1573,3,244,startFixDisplay,1766144233.475217,1416.3740754127502,False
1574,3,244,startFixPeriod,1766144233.481984,1416.3808422088623,False
1575,3,244,TargetPresentation,1766144234.634006,1417.5328648090363,False
1576,3,244,TargetDisplacement,1766144236.1049128,1419.0037705898285,True
1577,3,244,RightResponse,1766144236.6812534,1419.580111026764,False
1578,3,245,FeedbackPeriodStarted,1766144236.7017112,1419.600569486618,False
1579,3,245,startFixDisplay,1766144236.7018619,1419.6007189750671,False
1580,3,245,startFixPeriod,1766144237.1736112,1420.0724675655365,False
1581,3,245,TargetPresentation,1766144238.0063283,1420.9051868915558,False
1582,3,245,TargetRemoval,1766144238.1727946,1421.0716526508331,True
1583,3,245,TargetReappeared,1766144238.4227102,1421.3215687274933,False
1584,3,245,RightResponse,1766144238.8184943,1421.7173509597778,False
1585,3,246,FeedbackPeriodStarted,1766144238.8458538,1421.7447118759155,False
1586,3,246,startFixDisplay,1766144238.8459926,1421.7448496818542,False
1587,3,246,startFixPeriod,1766144239.310821,1422.2096769809723,False
1588,3,246,TargetPresentation,1766144239.8243604,1422.723217010498,False
1589,3,246,TargetDisplacement,1766144239.8313162,1422.7301726341248,True
1590,3,246,RightResponse,1766144241.5869555,1424.4858119487762,False
1591,3,246,FeedbackPeriodStarted,1766144241.5937047,1424.4925615787506,False
1592,3,247,startFixDisplay,1766144243.6060224,1426.5048804283142,False
1593,3,247,startFixPeriod,1766144243.9739935,1426.8728518486023,False
1594,3,247,TargetPresentation,1766144244.744087,1427.6429436206818,False
1595,3,247,TargetDisplacement,1766144244.7578905,1427.656749010086,True
1596,3,247,RightResponse,1766144246.312492,1429.2113473415375,False
1597,3,248,FeedbackPeriodStarted,1766144246.3330503,1429.2319083213806,False
1598,3,248,startFixDisplay,1766144246.3331945,1429.232051372528,False
1599,3,248,startFixPeriod,1766144246.7772958,1429.6761536598206,False
1600,3,248,TargetPresentation,1766144247.2769032,1430.1757621765137,False
1601,3,248,TargetDisplacement,1766144247.5057163,1430.4045741558075,True
1602,3,248,FeedbackPeriodStarted,1766144249.5111911,1432.4100468158722,False
1603,3,249,startFixDisplay,1766144250.0246296,1432.9234874248505,False
1604,3,249,startFixPeriod,1766144250.406364,1433.305222272873,False
1605,3,249,TargetPresentation,1766144250.9198983,1433.8187568187714,False
1606,3,249,TargetRemoval,1766144250.9268415,1433.825700044632,True
1607,3,249,TargetReappeared,1766144251.176498,1434.075355052948,False
1608,3,249,LeftResponse,1766144252.224971,1435.1238293647766,False
1609,3,250,FeedbackPeriodStarted,1766144252.2520607,1435.1509187221527,False
1610,3,250,startFixDisplay,1766144252.2522047,1435.1510617733002,False
1611,3,250,startFixPeriod,1766144252.43253,1435.3313868045807,False
1612,3,250,TargetPresentation,1766144253.1056979,1436.0045564174652,False
1613,3,250,TargetRemoval,1766144253.2791026,1436.1779580116272,True
1614,3,250,TargetReappeared,1766144253.5290432,1436.4279017448425,False
1615,3,250,LeftResponse,1766144254.04269,1436.941546678543,False
1616,3,251,FeedbackPeriodStarted,1766144254.0631905,1436.9620487689972,False
1617,3,251,startFixDisplay,1766144254.0633423,1436.9621992111206,False
1618,3,251,startFixPeriod,1766144254.5490456,1437.4479036331177,False
1619,3,251,TargetPresentation,1766144255.9160686,1438.8149271011353,False
1620,3,251,TargetRemoval,1766144256.0755682,1438.9744262695312,True
1621,3,251,TargetReappeared,1766144256.3255026,1439.2243609428406,False
1622,3,251,RightResponse,1766144256.7834766,1439.6823320388794,False
1623,3,252,FeedbackPeriodStarted,1766144256.8041074,1439.7029657363892,False
1624,3,252,startFixDisplay,1766144256.8042457,1439.7031028270721,False
1625,3,252,startFixPeriod,1766144257.2482545,1440.1471111774445,False
1626,3,252,TargetPresentation,1766144257.7618139,1440.6606712341309,False
1627,3,252,TargetRemoval,1766144257.9420853,1440.8409430980682,True
1628,3,252,TargetReappeared,1766144258.1919878,1441.0908460617065,False
1629,3,252,LeftResponse,1766144258.5531664,1441.4520244598389,False
1630,3,252,FeedbackPeriodStarted,1766144258.5597265,1441.4585847854614,False
1631,3,253,startFixDisplay,1766144260.5719352,1443.4707930088043,False
1632,3,253,startFixPeriod,1766144260.9260144,1443.8248727321625,False
1633,3,253,TargetPresentation,1766144261.6337912,1444.5326483249664,False
1634,3,253,TargetRemoval,1766144261.8626475,1444.7615053653717,True
1635,3,253,TargetReappeared,1766144262.1125183,1445.0113747119904,False
1636,3,253,RightResponse,1766144262.4804196,1445.3792748451233,False
1637,3,254,FeedbackPeriodStarted,1766144262.5011218,1445.3999798297882,False
1638,3,254,startFixDisplay,1766144262.5012224,1445.400077342987,False
1639,3,254,startFixPeriod,1766144262.7440183,1445.642876625061,False
1640,3,254,TargetPresentation,1766144263.2852094,1446.1840677261353,False
1641,3,254,TargetDisplacement,1766144264.0484037,1446.9472615718842,True
1642,3,254,RightResponse,1766144264.4927256,1447.391581773758,False
1643,3,255,FeedbackPeriodStarted,1766144264.5135179,1447.4123759269714,False
1644,3,255,startFixDisplay,1766144264.5136669,1447.412523984909,False
1645,3,255,startFixPeriod,1766144264.7494419,1447.6483001708984,False
1646,3,255,TargetPresentation,1766144266.0262473,1448.9251058101654,False
1647,3,255,TargetRemoval,1766144266.1994746,1449.0983300209045,True
1648,3,255,TargetReappeared,1766144266.44946,1449.3483188152313,False
1649,3,255,LeftResponse,1766144266.8105688,1449.7094242572784,False
1650,3,256,FeedbackPeriodStarted,1766144266.8309832,1449.7298414707184,False
1651,3,256,startFixDisplay,1766144266.8311262,1449.7299830913544,False
1652,3,256,startFixPeriod,1766144267.0461385,1449.9449949264526,False
1653,3,256,TargetPresentation,1766144268.1703598,1451.0692179203033,False
1654,3,256,TargetDisplacement,1766144268.1910887,1451.0899469852448,True
1655,3,256,RightResponse,1766144268.989331,1451.8881878852844,False
1656,3,257,FeedbackPeriodStarted,1766144269.0167768,1451.9156348705292,False
1657,3,257,startFixDisplay,1766144269.016927,1451.9157836437225,False
1658,3,257,startFixPeriod,1766144269.2597246,1452.1585824489594,False
1659,3,257,TargetPresentation,1766144270.5435696,1453.4424254894257,False
1660,3,257,TargetDisplacement,1766144270.5504658,1453.4493219852448,True
1661,3,257,RightResponse,1766144271.3833115,1454.2821683883667,False
1662,3,258,FeedbackPeriodStarted,1766144271.410761,1454.3096194267273,False
1663,3,258,startFixDisplay,1766144271.410903,1454.3097598552704,False
1664,3,258,startFixPeriod,1766144271.6468167,1454.5456755161285,False
1665,3,258,TargetPresentation,1766144272.3892703,1455.2881286144257,False
1666,3,258,TargetDisplacement,1766144272.458517,1455.3573751449585,True
1667,3,258,LeftResponse,1766144273.3884838,1456.2873394489288,False
1668,3,258,FeedbackPeriodStarted,1766144273.3954523,1456.294308423996,False
1669,3,259,startFixDisplay,1766144275.4075658,1458.3064212799072,False
1670,3,259,startFixPeriod,1766144275.657579,1458.5564360618591,False
1671,3,259,TargetPresentation,1766144276.996779,1459.8956356048584,False
1672,3,259,TargetDisplacement,1766144277.2811306,1460.1799857616425,True
1673,3,259,RightResponse,1766144277.8573823,1460.7562386989594,False
1674,3,260,FeedbackPeriodStarted,1766144277.8779194,1460.7767775058746,False
1675,3,260,startFixDisplay,1766144277.8780608,1460.7769174575806,False
1676,3,260,startFixPeriod,1766144278.190366,1461.0892233848572,False
1677,3,260,TargetPresentation,1766144279.508748,1462.407606124878,False
1678,3,260,TargetDisplacement,1766144279.5156612,1462.4145197868347,True
1679,3,260,RightResponse,1766144280.1681883,1463.0670461654663,False
1680,3,261,FeedbackPeriodStarted,1766144280.1887333,1463.0875918865204,False
1681,3,261,startFixDisplay,1766144280.1888707,1463.0877273082733,False
1682,3,261,startFixPeriod,1766144280.4941032,1463.3929617404938,False
1683,3,261,TargetPresentation,1766144281.118658,1464.0175166130066,False
1684,3,261,TargetDisplacement,1766144281.1256127,1464.0244715213776,True
1685,3,261,RightResponse,1766144282.0555444,1464.9544010162354,False
1686,3,262,FeedbackPeriodStarted,1766144282.0828857,1464.9817411899567,False
1687,3,262,startFixDisplay,1766144282.0829458,1464.9818007946014,False
1688,3,262,startFixPeriod,1766144282.3119633,1465.2108216285706,False
1689,3,262,TargetPresentation,1766144283.0685003,1465.9673585891724,False
1690,3,262,TargetDisplacement,1766144283.2973986,1466.1962540149689,True
1691,3,262,LeftResponse,1766144284.4565918,1467.3554491996765,False
1692,3,263,FeedbackPeriodStarted,1766144284.476877,1467.3757328987122,False
1693,3,263,startFixDisplay,1766144284.4769452,1467.3758001327515,False
1694,3,263,startFixPeriod,1766144284.7199311,1467.6187896728516,False
1695,3,263,TargetPresentation,1766144285.6220117,1468.5208718776703,False
1696,3,263,TargetDisplacement,1766144285.628944,1468.5278022289276,True
1697,3,263,RightResponse,1766144286.3507268,1469.2495832443237,False
1698,3,263,FeedbackPeriodStarted,1766144286.392096,1469.2909514904022,False
1699,4,264,startFixDisplay,1766144295.1421666,1478.041021823883,False
1700,4,264,startFixPeriod,1766144295.503329,1478.4021997451782,False
1701,4,264,TargetPresentation,1766144296.884096,1479.7829546928406,False
1702,4,264,TargetDisplacement,1766144297.7652318,1480.664089679718,True
1703,4,264,RightResponse,1766144298.2580962,1481.1569516658783,False
1704,4,265,FeedbackPeriodStarted,1766144298.2785978,1481.1774537563324,False
1705,4,265,startFixDisplay,1766144298.278667,1481.1775221824646,False
1706,4,265,startFixPeriod,1766144298.528661,1481.4275193214417,False
1707,4,265,TargetPresentation,1766144299.069835,1481.9686932563782,False
1708,4,265,TargetDisplacement,1766144299.3126354,1482.2114932537079,True
1709,4,265,RightResponse,1766144300.1389256,1483.0377836227417,False
1710,4,266,FeedbackPeriodStarted,1766144300.1661491,1483.065007686615,False
1711,4,266,startFixDisplay,1766144300.1663013,1483.0651581287384,False
1712,4,266,startFixPeriod,1766144300.3536155,1483.2524738311768,False
1713,4,266,TargetPresentation,1766144301.4360335,1484.3348922729492,False
1714,4,266,TargetDisplacement,1766144302.435274,1485.334132194519,True
1715,4,266,LeftResponse,1766144302.9905875,1485.8894445896149,False
1716,4,267,FeedbackPeriodStarted,1766144303.011115,1485.9099733829498,False
1717,4,267,startFixDisplay,1766144303.0112605,1485.9101176261902,False
1718,4,267,startFixPeriod,1766144303.198604,1486.0974605083466,False
1719,4,267,TargetPresentation,1766144303.809181,1486.7080373764038,False
1720,4,267,TargetDisplacement,1766144303.9893801,1486.8882360458374,True
1721,4,267,RightResponse,1766144304.6699898,1487.5688474178314,False
1722,4,268,FeedbackPeriodStarted,1766144304.6902654,1487.5891211032867,False
1723,4,268,startFixDisplay,1766144304.6903336,1487.5891888141632,False
1724,4,268,startFixPeriod,1766144304.9056795,1487.8045377731323,False
1725,4,268,TargetPresentation,1766144306.1823952,1489.0812542438507,False
1726,4,268,TargetRemoval,1766144306.1891582,1489.0880146026611,True
1727,4,268,TargetReappeared,1766144306.4389927,1489.3378508090973,False
1728,4,268,RightResponse,1766144307.0775862,1489.9764423370361,False
1729,4,269,FeedbackPeriodStarted,1766144307.098237,1489.9970953464508,False
1730,4,269,startFixDisplay,1766144307.0984123,1489.9972696304321,False
1731,4,269,startFixPeriod,1766144307.653404,1490.5522606372833,False
1732,4,269,TargetPresentation,1766144308.36818,1491.2670376300812,False
1733,4,269,TargetDisplacement,1766144308.52066,1491.4195182323456,True
1734,4,269,LeftResponse,1766144309.8812854,1492.7801432609558,False
1735,4,270,FeedbackPeriodStarted,1766144309.9084647,1492.8073201179504,False
1736,4,270,startFixDisplay,1766144309.9085302,1492.8073852062225,False
1737,4,270,startFixPeriod,1766144310.1030045,1493.0018627643585,False
1738,4,270,TargetPresentation,1766144311.2966435,1494.1955029964447,False
1739,4,270,TargetDisplacement,1766144311.303336,1494.2021923065186,True
1740,4,270,LeftResponse,1766144312.2610483,1495.159904718399,False
1741,4,270,FeedbackPeriodStarted,1766144312.2679844,1495.166843175888,False
1742,4,271,startFixDisplay,1766144314.280155,1497.1790127754211,False
1743,4,271,startFixPeriod,1766144314.2870917,1497.18594956398,False
1744,4,271,TargetPresentation,1766144315.6611655,1498.5600221157074,False
1745,4,271,TargetRemoval,1766144315.855455,1498.7543108463287,True
1746,4,271,TargetReappeared,1766144316.1052735,1499.0041320323944,False
1747,4,271,RightResponse,1766144316.5774615,1499.4763181209564,False
1748,4,272,FeedbackPeriodStarted,1766144316.6047907,1499.5036492347717,False
1749,4,272,startFixDisplay,1766144316.6049466,1499.503803730011,False
1750,4,272,startFixPeriod,1766144317.0766966,1499.9755549430847,False
1751,4,272,TargetPresentation,1766144317.6804361,1500.5792963504791,False
1752,4,272,TargetDisplacement,1766144317.7357328,1500.634590625763,True
1753,4,272,RightResponse,1766144318.582549,1501.4814043045044,False
1754,4,273,FeedbackPeriodStarted,1766144318.6031373,1501.501995563507,False
1755,4,273,startFixDisplay,1766144318.6032798,1501.5021369457245,False
1756,4,273,startFixPeriod,1766144318.7836046,1501.682460784912,False
1757,4,273,TargetPresentation,1766144320.025824,1502.9246826171875,False
1758,4,273,TargetRemoval,1766144320.2060263,1503.104884147644,True
1759,4,273,TargetReappeared,1766144320.4559963,1503.3548543453217,False
1760,4,273,RightResponse,1766144320.9350321,1503.8338899612427,False
1761,4,274,FeedbackPeriodStarted,1766144320.9555025,1503.8543610572815,False
1762,4,274,startFixDisplay,1766144320.9556484,1503.8545055389404,False
1763,4,274,startFixPeriod,1766144321.1638036,1504.0626616477966,False
1764,4,274,TargetPresentation,1766144321.9270282,1504.8258843421936,False
1765,4,274,TargetDisplacement,1766144322.003288,1504.902146100998,True
1766,4,274,RightResponse,1766144323.655204,1506.5540618896484,False
1767,4,275,FeedbackPeriodStarted,1766144323.6755698,1506.5744276046753,False
1768,4,275,startFixDisplay,1766144323.6757157,1506.5745725631714,False
1769,4,275,startFixPeriod,1766144323.946245,1506.8451008796692,False
1770,4,275,TargetPresentation,1766144325.4172266,1508.3160827159882,False
1771,4,275,TargetDisplacement,1766144325.6253593,1508.5242147445679,True
1772,4,275,RightResponse,1766144326.3336468,1509.232506275177,False
1773,4,276,FeedbackPeriodStarted,1766144326.3610015,1509.2598595619202,False
1774,4,276,startFixDisplay,1766144326.3611462,1509.2600030899048,False
1775,4,276,startFixPeriod,1766144326.5623524,1509.4612109661102,False
1776,4,276,TargetPresentation,1766144327.3533335,1510.2521917819977,False
1777,4,276,TargetRemoval,1766144327.9984837,1510.897339105606,True
1778,4,276,TargetReappeared,1766144328.248541,1511.147399187088,False
1779,4,276,LeftResponse,1766144328.665154,1511.5640106201172,False
1780,4,276,FeedbackPeriodStarted,1766144328.67162,1511.570476770401,False
1781,4,277,startFixDisplay,1766144330.6840365,1513.582894563675,False
1782,4,277,startFixPeriod,1766144330.8853223,1513.7841804027557,False
1783,4,277,TargetPresentation,1766144331.6764522,1514.5753078460693,False
1784,4,277,TargetDisplacement,1766144331.870462,1514.769317150116,True
1785,4,277,RightResponse,1766144332.6204252,1515.5192816257477,False
1786,4,278,FeedbackPeriodStarted,1766144332.6407409,1515.5395967960358,False
1787,4,278,startFixDisplay,1766144332.6408095,1515.5396645069122,False
1788,4,278,startFixPeriod,1766144332.8005643,1515.6994218826294,False
1789,4,278,TargetPresentation,1766144333.8483489,1516.7472076416016,False
1790,4,278,TargetDisplacement,1766144334.0494072,1516.948263168335,True
1791,4,278,RightResponse,1766144334.5842109,1517.483068704605,False
1792,4,279,FeedbackPeriodStarted,1766144334.6046665,1517.5035247802734,False
1793,4,279,startFixDisplay,1766144334.6048217,1517.5036787986755,False
1794,4,279,startFixPeriod,1766144334.7851715,1517.684027671814,False
1795,4,279,TargetPresentation,1766144335.3332922,1518.2321491241455,False
1796,4,279,TargetDisplacement,1766144335.5482016,1518.4470570087433,True
1797,4,279,LeftResponse,1766144335.9373512,1518.8362076282501,False
1798,4,280,FeedbackPeriodStarted,1766144335.9646664,1518.8635246753693,False
1799,4,280,startFixDisplay,1766144335.9648163,1518.8636729717255,False
1800,4,280,startFixPeriod,1766144336.1521003,1519.05095911026,False
1801,4,280,TargetPresentation,1766144337.1790397,1520.0778980255127,False
1802,4,280,TargetDisplacement,1766144337.199811,1520.0986688137054,True
1803,4,280,LeftResponse,1766144338.8446856,1521.743542432785,False
1804,4,281,FeedbackPeriodStarted,1766144338.872135,1521.7709908485413,False
1805,4,281,startFixDisplay,1766144338.8722072,1521.771062374115,False
1806,4,281,startFixPeriod,1766144339.212225,1522.1110825538635,False
1807,4,281,TargetPresentation,1766144340.419657,1523.3185153007507,False
1808,4,281,TargetDisplacement,1766144340.704059,1523.6029167175293,True
1809,4,281,LeftResponse,1766144341.439795,1524.3386509418488,False
1810,4,282,FeedbackPeriodStarted,1766144341.4603121,1524.3591704368591,False
1811,4,282,startFixDisplay,1766144341.460476,1524.35933303833,False
1812,4,282,startFixPeriod,1766144341.6200597,1524.5189182758331,False
1813,4,282,TargetPresentation,1766144342.529117,1525.4279761314392,False
1814,4,282,TargetDisplacement,1766144342.536013,1525.4348709583282,True
1815,4,282,RightResponse,1766144343.0637026,1525.9625597000122,False
1816,4,282,FeedbackPeriodStarted,1766144343.0701723,1525.9690306186676,False
1817,4,283,startFixDisplay,1766144345.0825536,1527.9814121723175,False
1818,4,283,startFixPeriod,1766144345.0894217,1527.98827791214,False
1819,4,283,TargetPresentation,1766144345.7070973,1528.6059534549713,False
1820,4,283,TargetRemoval,1766144345.887437,1528.7862949371338,True
1821,4,283,TargetReappeared,1766144346.137355,1529.036211013794,False
1822,4,283,LeftResponse,1766144346.456877,1529.3557345867157,False
1823,4,284,FeedbackPeriodStarted,1766144346.4841607,1529.3830189704895,False
1824,4,284,startFixDisplay,1766144346.4842632,1529.383118391037,False
1825,4,284,startFixPeriod,1766144346.7688112,1529.6676692962646,False
1826,4,284,TargetPresentation,1766144347.8443651,1530.7432219982147,False
1827,4,284,TargetRemoval,1766144347.8513634,1530.7502222061157,True
1828,4,284,TargetReappeared,1766144348.1011655,1531.0000240802765,False
1829,4,284,LeftResponse,1766144348.6635237,1531.5623817443848,False
1830,4,285,FeedbackPeriodStarted,1766144348.690704,1531.589560508728,False
1831,4,285,startFixDisplay,1766144348.6907892,1531.5896446704865,False
1832,4,285,startFixPeriod,1766144348.864435,1531.763293504715,False
1833,4,285,TargetPresentation,1766144349.579097,1532.4779558181763,False
1834,4,285,TargetRemoval,1766144349.5860784,1532.4849367141724,True
1835,4,285,TargetReappeared,1766144349.8358305,1532.7346892356873,False
1836,4,285,LeftResponse,1766144350.460636,1533.359492778778,False
1837,4,286,FeedbackPeriodStarted,1766144350.4880056,1533.386863708496,False
1838,4,286,startFixDisplay,1766144350.488146,1533.3870029449463,False
1839,4,286,startFixPeriod,1766144350.8281305,1533.7269892692566,False
1840,4,286,TargetPresentation,1766144351.6747808,1534.5736393928528,False
1841,4,286,TargetRemoval,1766144351.8827546,1534.7816123962402,True
1842,4,286,TargetReappeared,1766144352.1326165,1535.0314726829529,False
1843,4,286,RightResponse,1766144352.8129697,1535.7118277549744,False
1844,4,287,FeedbackPeriodStarted,1766144352.8403332,1535.739191532135,False
1845,4,287,startFixDisplay,1766144352.840633,1535.7394914627075,False
1846,4,287,startFixPeriod,1766144353.0692797,1535.9681358337402,False
1847,4,287,TargetPresentation,1766144353.9228837,1536.8217422962189,False
1848,4,287,TargetRemoval,1766144353.9298208,1536.8286790847778,True
1849,4,287,TargetReappeared,1766144354.179599,1537.0784573554993,False
1850,4,287,LeftResponse,1766144354.5824704,1537.4813282489777,False
1851,4,288,FeedbackPeriodStarted,1766144354.602853,1537.5017113685608,False
1852,4,288,startFixDisplay,1766144354.6029959,1537.5018529891968,False
1853,4,288,startFixPeriod,1766144354.8528035,1537.7516617774963,False
1854,4,288,TargetPresentation,1766144356.3169386,1539.2157971858978,False
1855,4,288,TargetRemoval,1766144356.3239348,1539.2227935791016,True
1856,4,288,TargetReappeared,1766144356.573698,1539.4725558757782,False
1857,4,288,LeftResponse,1766144357.136105,1540.0349626541138,False
1858,4,288,FeedbackPeriodStarted,1766144357.142668,1540.0415260791779,False
1859,4,289,startFixDisplay,1766144359.1548197,1542.0536777973175,False
1860,4,289,startFixPeriod,1766144359.370096,1542.2689535617828,False
1861,4,289,TargetPresentation,1766144359.869704,1542.7685627937317,False
1862,4,289,TargetDisplacement,1766144360.112344,1543.0111994743347,True
1863,4,289,LeftResponse,1766144360.6333537,1543.5322091579437,False
1864,4,290,FeedbackPeriodStarted,1766144360.6537485,1543.5526068210602,False
1865,4,290,startFixDisplay,1766144360.6538982,1543.5527551174164,False
1866,4,290,startFixPeriod,1766144360.8620026,1543.7608609199524,False
1867,4,290,TargetPresentation,1766144361.9028583,1544.801717042923,False
1868,4,290,TargetRemoval,1766144362.679896,1545.5787539482117,True
1869,4,290,TargetReappeared,1766144362.9298928,1545.8287518024445,False
1870,4,290,LeftResponse,1766144363.2493033,1546.148159980774,False
1871,4,291,FeedbackPeriodStarted,1766144363.269709,1546.1685674190521,False
1872,4,291,startFixDisplay,1766144363.269853,1546.1687099933624,False
1873,4,291,startFixPeriod,1766144363.561215,1546.4600722789764,False
1874,4,291,TargetPresentation,1766144364.2550333,1547.1538915634155,False
1875,4,291,TargetRemoval,1766144364.421685,1547.3205432891846,True
1876,4,291,TargetReappeared,1766144364.6714816,1547.5703375339508,False
1877,4,291,LeftResponse,1766144365.1505282,1548.0493850708008,False
1878,4,292,FeedbackPeriodStarted,1766144365.1709032,1548.0697588920593,False
1879,4,292,startFixDisplay,1766144365.1709678,1548.069823026657,False
1880,4,292,startFixPeriod,1766144365.6014404,1548.500296831131,False
1881,4,292,TargetPresentation,1766144366.1008174,1548.9996738433838,False
1882,4,292,TargetDisplacement,1766144366.2882733,1549.1871287822723,True
1883,4,292,LeftResponse,1766144367.7666194,1550.6654765605927,False
1884,4,293,FeedbackPeriodStarted,1766144367.787046,1550.6859045028687,False
1885,4,293,startFixDisplay,1766144367.7871861,1550.6860432624817,False
1886,4,293,startFixPeriod,1766144368.0229707,1550.9218266010284,False
1887,4,293,TargetPresentation,1766144368.6614153,1551.560274362564,False
1888,4,293,TargetDisplacement,1766144368.6684165,1551.5672726631165,True
1889,4,293,RightResponse,1766144369.480351,1552.3792071342468,False
1890,4,294,FeedbackPeriodStarted,1766144369.5009854,1552.3998436927795,False
1891,4,294,startFixDisplay,1766144369.5011406,1552.3999977111816,False
1892,4,294,startFixPeriod,1766144369.848106,1552.7469644546509,False
1893,4,294,TargetPresentation,1766144370.8125603,1553.7114188671112,False
1894,4,294,TargetDisplacement,1766144370.8748672,1553.773725271225,True
1895,4,294,LeftResponse,1766144371.7774646,1554.6763215065002,False
1896,4,294,FeedbackPeriodStarted,1766144371.784062,1554.6829175949097,False
1897,4,295,startFixDisplay,1766144373.7962036,1556.6950616836548,False
1898,4,295,startFixPeriod,1766144373.8032436,1556.7020995616913,False
1899,4,295,TargetPresentation,1766144375.1772408,1558.0760991573334,False
1900,4,295,TargetDisplacement,1766144375.3783362,1558.2771937847137,True
1901,4,295,RightResponse,1766144376.8845282,1559.7833840847015,False
1902,4,296,FeedbackPeriodStarted,1766144376.9049194,1559.8037774562836,False
1903,4,296,startFixDisplay,1766144376.9050643,1559.8039195537567,False
1904,4,296,startFixPeriod,1766144377.0923092,1559.9911663532257,False
1905,4,296,TargetPresentation,1766144378.0497928,1560.948648929596,False
1906,4,296,TargetDisplacement,1766144378.0567749,1560.9556331634521,True
1907,4,296,RightResponse,1766144378.7925122,1561.691368341446,False
1908,4,297,FeedbackPeriodStarted,1766144378.8131227,1561.7119812965393,False
1909,4,297,startFixDisplay,1766144378.8132672,1561.7121241092682,False
1910,4,297,startFixPeriod,1766144379.0005462,1561.899403333664,False
1911,4,297,TargetPresentation,1766144379.916468,1562.8153262138367,False
1912,4,297,TargetRemoval,1766144380.1175575,1563.0164127349854,True
1913,4,297,TargetReappeared,1766144380.3676465,1563.2665047645569,False
1914,4,297,LeftResponse,1766144380.8535693,1563.7524251937866,False
1915,4,298,FeedbackPeriodStarted,1766144380.8740604,1563.7729184627533,False
1916,4,298,startFixDisplay,1766144380.8741982,1563.7730553150177,False
1917,4,298,startFixPeriod,1766144380.8810089,1563.7798669338226,False
1918,4,298,TargetPresentation,1766144381.6514156,1564.5502738952637,False
1919,4,298,TargetDisplacement,1766144382.5879552,1565.4868133068085,True
1920,4,298,LeftResponse,1766144383.1712873,1566.0701451301575,False
1921,4,299,FeedbackPeriodStarted,1766144383.1918101,1566.090668439865,False
1922,4,299,startFixDisplay,1766144383.191957,1566.0908138751984,False
1923,4,299,startFixPeriod,1766144383.3652315,1566.264089345932,False
1924,4,299,TargetPresentation,1766144384.3507018,1567.2495603561401,False
1925,4,299,TargetRemoval,1766144384.3575938,1567.2564499378204,True
1926,4,299,TargetReappeared,1766144384.6074557,1567.5063123703003,False
1927,4,299,RightResponse,1766144385.6831741,1568.5820319652557,False
1928,4,300,FeedbackPeriodStarted,1766144385.7035944,1568.6024498939514,False
1929,4,300,startFixDisplay,1766144385.7036579,1568.6025130748749,False
1930,4,300,startFixPeriod,1766144385.8215573,1568.7204134464264,False
1931,4,300,TargetPresentation,1766144386.7860827,1569.6849410533905,False
1932,4,300,TargetDisplacement,1766144387.4452767,1570.344134569168,True
1933,4,300,RightResponse,1766144388.0980947,1570.9969508647919,False
1934,4,300,FeedbackPeriodStarted,1766144388.1046698,1571.003527879715,False
1935,4,301,startFixDisplay,1766144390.1168091,1573.0156672000885,False
1936,4,301,startFixPeriod,1766144390.4153638,1573.3142211437225,False
1937,4,301,TargetPresentation,1766144391.0606248,1573.9594812393188,False
1938,4,301,TargetDisplacement,1766144391.067557,1573.9664130210876,True
1939,4,301,LeftResponse,1766144392.0185118,1574.917367219925,False
1940,4,302,FeedbackPeriodStarted,1766144392.0389643,1574.9378221035004,False
1941,4,302,startFixDisplay,1766144392.0391104,1574.937967300415,False
1942,4,302,startFixPeriod,1766144392.4623518,1575.3612096309662,False
1943,4,302,TargetPresentation,1766144393.3366404,1576.2354967594147,False
1944,4,302,TargetRemoval,1766144393.3435552,1576.2424113750458,True
1945,4,302,TargetReappeared,1766144393.5934806,1576.4923374652863,False
1946,4,302,LeftResponse,1766144394.1835198,1577.0823764801025,False
1947,4,303,FeedbackPeriodStarted,1766144394.2039394,1577.1027975082397,False
1948,4,303,startFixDisplay,1766144394.2040923,1577.1029469966888,False
1949,4,303,startFixPeriod,1766144394.398328,1577.2971851825714,False
1950,4,303,TargetPresentation,1766144395.806897,1578.7057554721832,False
1951,4,303,TargetDisplacement,1766144395.8136804,1578.7125363349915,True
1952,4,303,RightResponse,1766144396.7231941,1579.622050523758,False
1953,4,304,FeedbackPeriodStarted,1766144396.7440212,1579.6428797245026,False
1954,4,304,startFixDisplay,1766144396.7442157,1579.6430728435516,False
1955,4,304,startFixPeriod,1766144397.0768347,1579.975692987442,False
1956,4,304,TargetPresentation,1766144397.9025981,1580.8014550209045,False
1957,4,304,TargetDisplacement,1766144397.9095628,1580.808418750763,True
1958,4,304,RightResponse,1766144398.672936,1581.5717918872833,False
1959,4,305,FeedbackPeriodStarted,1766144398.693418,1581.5922734737396,False
1960,4,305,startFixDisplay,1766144398.6934888,1581.592344045639,False
1961,4,305,startFixPeriod,1766144398.8671527,1581.766010761261,False
1962,4,305,TargetPresentation,1766144399.436107,1582.3349652290344,False
1963,4,305,TargetDisplacement,1766144400.2547877,1583.1536452770233,True
1964,4,305,LeftResponse,1766144400.824309,1583.7231669425964,False
1965,4,306,FeedbackPeriodStarted,1766144400.844523,1583.7433786392212,False
1966,4,306,startFixDisplay,1766144400.8445878,1583.743442773819,False
1967,4,306,startFixPeriod,1766144401.0945714,1583.99342918396,False
1968,4,306,TargetPresentation,1766144401.7536788,1584.6525371074677,False
1969,4,306,TargetRemoval,1766144401.7606397,1584.6594977378845,True
1970,4,306,TargetReappeared,1766144402.010403,1584.9092590808868,False
1971,4,306,RightResponse,1766144402.905705,1585.804560661316,False
1972,4,306,FeedbackPeriodStarted,1766144402.912619,1585.8114774227142,False
1973,4,307,startFixDisplay,1766144404.9247048,1587.823562860489,False
1974,4,307,startFixPeriod,1766144405.1469781,1588.0458362102509,False
1975,4,307,TargetPresentation,1766144406.4862123,1589.3850684165955,False
1976,4,307,TargetDisplacement,1766144406.493121,1589.3919775485992,True
1977,4,307,RightResponse,1766144408.082484,1590.9813418388367,False
1978,4,308,FeedbackPeriodStarted,1766144408.109775,1591.0086331367493,False
1979,4,308,startFixDisplay,1766144408.109921,1591.0087776184082,False
1980,4,308,startFixPeriod,1766144408.3318644,1591.2307226657867,False
1981,4,308,TargetPresentation,1766144409.1090949,1592.0079534053802,False
1982,4,308,TargetRemoval,1766144409.116049,1592.0149075984955,True
1983,4,308,TargetReappeared,1766144409.3658338,1592.2646923065186,False
1984,4,308,RightResponse,1766144410.0461483,1592.9450061321259,False
1985,4,309,FeedbackPeriodStarted,1766144410.0735815,1592.9724395275116,False
1986,4,309,startFixDisplay,1766144410.0737262,1592.9725830554962,False
1987,4,309,startFixPeriod,1766144410.3095016,1593.2083604335785,False
1988,4,309,TargetPresentation,1766144411.3157833,1594.214642047882,False
1989,4,309,TargetDisplacement,1766144411.981758,1594.880616426468,True
1990,4,309,RightResponse,1766144412.6135232,1595.5123810768127,False
1991,4,310,FeedbackPeriodStarted,1766144412.6339011,1595.53275680542,False
1992,4,310,startFixDisplay,1766144412.633966,1595.5328214168549,False
1993,4,310,startFixPeriod,1766144412.8283591,1595.7272160053253,False
1994,4,310,TargetPresentation,1766144414.03585,1596.9347085952759,False
1995,4,310,TargetDisplacement,1766144414.250843,1597.1497011184692,True
1996,4,310,LeftResponse,1766144414.9658742,1597.8647317886353,False
1997,4,311,FeedbackPeriodStarted,1766144414.986353,1597.8852112293243,False
1998,4,311,startFixDisplay,1766144414.9865005,1597.8853557109833,False
1999,4,311,startFixPeriod,1766144415.3681347,1598.2669925689697,False
2000,4,311,TargetPresentation,1766144416.6865306,1599.5853869915009,False
2001,4,311,TargetDisplacement,1766144416.9431639,1599.8420219421387,True
2002,4,311,RightResponse,1766144418.3658519,1601.2647082805634,False
2003,4,312,FeedbackPeriodStarted,1766144418.3863676,1601.2852232456207,False
2004,4,312,startFixDisplay,1766144418.386444,1601.2852993011475,False
2005,4,312,startFixPeriod,1766144418.6849864,1601.5838449001312,False
2006,4,312,TargetPresentation,1766144420.169953,1603.0688116550446,False
2007,4,312,TargetDisplacement,1766144420.1768813,1603.0757398605347,True
2008,4,312,LeftResponse,1766144421.0722857,1603.9711422920227,False
2009,4,312,FeedbackPeriodStarted,1766144421.08596,1603.9848184585571,False
2010,4,313,startFixDisplay,1766144423.0980558,1605.996913909912,False
2011,4,313,startFixPeriod,1766144423.2994537,1606.1983098983765,False
2012,4,313,TargetPresentation,1766144424.5622778,1607.4611344337463,False
2013,4,313,TargetRemoval,1766144424.5692515,1607.468108177185,True
2014,4,313,TargetReappeared,1766144424.819097,1607.7179555892944,False
2015,4,313,LeftResponse,1766144425.5893521,1608.4882080554962,False
2016,4,314,FeedbackPeriodStarted,1766144425.6100454,1608.5089037418365,False
2017,4,314,startFixDisplay,1766144425.6101835,1608.509040594101,False
2018,4,314,startFixPeriod,1766144425.8184066,1608.7172648906708,False
2019,4,314,TargetPresentation,1766144426.9077022,1609.806560754776,False
2020,4,314,TargetDisplacement,1766144426.956213,1609.85507106781,True
2021,4,314,LeftResponse,1766144427.5950384,1610.4938962459564,False
2022,4,315,FeedbackPeriodStarted,1766144427.6154122,1610.5142705440521,False
2023,4,315,startFixDisplay,1766144427.6155515,1610.5144085884094,False
2024,4,315,startFixPeriod,1766144427.8166995,1610.7155575752258,False
2025,4,315,TargetPresentation,1766144428.5661833,1611.4650418758392,False
2026,4,315,TargetRemoval,1766144428.579912,1611.4787702560425,True
2027,4,315,TargetReappeared,1766144428.8298604,1611.7287187576294,False
2028,4,315,LeftResponse,1766144429.558648,1612.4575049877167,False
2029,4,316,FeedbackPeriodStarted,1766144429.5791643,1612.4780225753784,False
2030,4,316,startFixDisplay,1766144429.5792983,1612.4781551361084,False
2031,4,316,startFixPeriod,1766144429.856844,1612.7557022571564,False
2032,4,316,TargetPresentation,1766144431.112712,1614.0115702152252,False
2033,4,316,TargetDisplacement,1766144431.1196656,1614.0185241699219,True
2034,4,316,LeftResponse,1766144433.056014,1615.954871892929,False
2035,4,317,FeedbackPeriodStarted,1766144433.0833676,1615.9822232723236,False
2036,4,317,startFixDisplay,1766144433.0834603,1615.9823153018951,False
2037,4,317,startFixPeriod,1766144433.2777529,1616.1766092777252,False
2038,4,317,TargetPresentation,1766144434.0827146,1616.9815731048584,False
2039,4,317,TargetDisplacement,1766144434.235243,1617.13410115242,True
2040,4,317,LeftResponse,1766144434.8255048,1617.7243614196777,False
2041,4,318,FeedbackPeriodStarted,1766144434.8457797,1617.7446353435516,False
2042,4,318,startFixDisplay,1766144434.8458498,1617.7447052001953,False
2043,4,318,startFixPeriod,1766144435.0055857,1617.9044425487518,False
2044,4,318,TargetPresentation,1766144436.303198,1619.2020564079285,False
2045,4,318,TargetDisplacement,1766144436.31015,1619.2090084552765,True
2046,4,318,RightResponse,1766144437.0252702,1619.9241280555725,False
2047,4,318,FeedbackPeriodStarted,1766144437.0386527,1619.937510728836,False
2048,4,319,startFixDisplay,1766144439.0508738,1621.9497318267822,False
2049,4,319,startFixPeriod,1766144439.3146975,1622.2135541439056,False
2050,4,319,TargetPresentation,1766144440.3278918,1623.226750612259,False
2051,4,319,TargetDisplacement,1766144440.3347847,1623.2336435317993,True
2052,4,319,RightResponse,1766144441.1052673,1624.0041236877441,False
2053,4,320,FeedbackPeriodStarted,1766144441.132591,1624.0314466953278,False
2054,4,320,startFixDisplay,1766144441.132657,1624.0315120220184,False
2055,4,320,startFixPeriod,1766144441.354844,1624.253701210022,False
2056,4,320,TargetPresentation,1766144442.8397903,1625.7386491298676,False
2057,4,320,TargetDisplacement,1766144442.8536582,1625.752516746521,True
2058,4,320,RightResponse,1766144443.4644427,1626.3632986545563,False
2059,4,321,FeedbackPeriodStarted,1766144443.4849844,1626.3838424682617,False
2060,4,321,startFixDisplay,1766144443.4851289,1626.3839857578278,False
2061,4,321,startFixPeriod,1766144443.6723466,1626.5712044239044,False
2062,4,321,TargetPresentation,1766144444.3177621,1627.2166209220886,False
2063,4,321,TargetRemoval,1766144444.5813537,1627.4802117347717,True
2064,4,321,TargetReappeared,1766144444.8312118,1627.730068206787,False
2065,4,321,RightResponse,1766144445.3587694,1628.2576260566711,False
2066,4,322,FeedbackPeriodStarted,1766144445.386264,1628.2851223945618,False
2067,4,322,startFixDisplay,1766144445.3865328,1628.285397052765,False
2068,4,322,startFixPeriod,1766144445.6084893,1628.5073471069336,False
2069,4,322,TargetPresentation,1766144446.3093379,1629.2081971168518,False
2070,4,322,TargetDisplacement,1766144446.3162742,1629.2151327133179,True
2071,4,322,RightResponse,1766144448.1829252,1631.0817816257477,False
2072,4,323,FeedbackPeriodStarted,1766144448.203437,1631.1022927761078,False
2073,4,323,startFixDisplay,1766144448.203506,1631.1023609638214,False
2074,4,323,startFixPeriod,1766144448.3979495,1631.296820640564,False
2075,4,323,TargetPresentation,1766144448.9947228,1631.8935816287994,False
2076,4,323,TargetRemoval,1766144449.0015597,1631.9004163742065,True
2077,4,323,TargetReappeared,1766144449.251332,1632.1501896381378,False
2078,4,323,LeftResponse,1766144450.0426097,1632.9414653778076,False
2079,4,324,FeedbackPeriodStarted,1766144450.0631833,1632.9620418548584,False
2080,4,324,startFixDisplay,1766144450.063328,1632.9621849060059,False
2081,4,324,startFixPeriod,1766144450.278357,1633.1772150993347,False
2082,4,324,TargetPresentation,1766144451.1387794,1634.0376377105713,False
2083,4,324,TargetRemoval,1766144451.4788294,1634.3776874542236,True
2084,4,324,TargetReappeared,1766144451.7287142,1634.6275730133057,False
2085,4,324,LeftResponse,1766144452.2633007,1635.1621584892273,False
2086,4,324,FeedbackPeriodStarted,1766144452.2768703,1635.175728559494,False
2087,4,325,startFixDisplay,1766144454.2889965,1637.18785405159,False
2088,4,325,startFixPeriod,1766144454.2960773,1637.1949353218079,False
2089,4,325,TargetPresentation,1766144455.656194,1638.5550515651703,False
2090,4,325,TargetDisplacement,1766144455.9404898,1638.839345216751,True
2091,4,325,RightResponse,1766144456.6206813,1639.5195367336273,False
2092,4,326,FeedbackPeriodStarted,1766144456.6412728,1639.5401287078857,False
2093,4,326,startFixDisplay,1766144456.6413388,1639.5401940345764,False
2094,4,326,startFixPeriod,1766144456.8843582,1639.7832164764404,False
2095,4,326,TargetPresentation,1766144457.7655299,1640.6643857955933,False
2096,4,326,TargetRemoval,1766144458.056895,1640.9557530879974,True
2097,4,326,TargetReappeared,1766144458.3069289,1641.2057871818542,False
2098,4,326,LeftResponse,1766144458.869039,1641.767895936966,False
2099,4,327,FeedbackPeriodStarted,1766144458.896557,1641.7954149246216,False
2100,4,327,startFixDisplay,1766144458.8966994,1641.795556306839,False
2101,4,327,startFixPeriod,1766144459.139622,1642.0384788513184,False
2102,4,327,TargetPresentation,1766144460.5967014,1643.4955582618713,False
2103,4,327,TargetDisplacement,1766144460.7284968,1643.6273548603058,True
2104,4,327,RightResponse,1766144461.3604734,1644.2593302726746,False
2105,4,328,FeedbackPeriodStarted,1766144461.3806324,1644.2794880867004,False
2106,4,328,startFixDisplay,1766144461.3806984,1644.2795536518097,False
2107,4,328,startFixPeriod,1766144461.8387985,1644.7376546859741,False
2108,4,328,TargetPresentation,1766144463.3030338,1646.2018926143646,False
2109,4,328,TargetDisplacement,1766144463.3099754,1646.208833694458,True
2110,4,328,LeftResponse,1766144464.1221192,1647.0209770202637,False
2111,4,329,FeedbackPeriodStarted,1766144464.142367,1647.0412225723267,False
2112,4,329,startFixDisplay,1766144464.142442,1647.041297197342,False
2113,4,329,startFixPeriod,1766144464.343807,1647.2426652908325,False
2114,4,329,TargetPresentation,1766144465.0585434,1647.9573993682861,False
2115,4,329,TargetDisplacement,1766144465.0655127,1647.964369058609,True
2116,4,329,RightResponse,1766144466.8075786,1649.706434249878,False
2117,4,329,FeedbackPeriodStarted,1766144466.8417408,1649.7405986785889,False
2118,5,330,startFixDisplay,1766144611.7425528,1794.641408443451,False
2119,5,330,startFixPeriod,1766144611.7495844,1794.6484417915344,False
2120,5,330,TargetPresentation,1766144612.9848707,1795.8837287425995,False
2121,5,330,TargetDisplacement,1766144613.0333004,1795.932156085968,True
2122,5,330,LeftResponse,1766144613.568153,1796.4670107364655,False
2123,5,331,FeedbackPeriodStarted,1766144613.588602,1796.4874606132507,False
2124,5,331,startFixDisplay,1766144613.5887349,1796.4875919818878,False
2125,5,331,startFixPeriod,1766144613.991093,1796.8899512290955,False
2126,5,331,TargetPresentation,1766144615.2816799,1798.1805381774902,False
2127,5,331,TargetDisplacement,1766144615.3232696,1798.222125530243,True
2128,5,331,LeftResponse,1766144616.0176032,1798.9164597988129,False
2129,5,332,FeedbackPeriodStarted,1766144616.0448942,1798.943752527237,False
2130,5,332,startFixDisplay,1766144616.0450363,1798.94389295578,False
2131,5,332,startFixPeriod,1766144616.0520098,1798.9508678913116,False
2132,5,332,TargetPresentation,1766144617.4745893,1800.3734459877014,False
2133,5,332,TargetRemoval,1766144617.4814677,1800.38032412529,True
2134,5,332,TargetReappeared,1766144617.7312913,1800.63014960289,False
2135,5,332,LeftResponse,1766144618.2173018,1801.116159915924,False
2136,5,333,FeedbackPeriodStarted,1766144618.2375712,1801.1364269256592,False
2137,5,333,startFixDisplay,1766144618.2376428,1801.1364977359772,False
2138,5,333,startFixPeriod,1766144618.938684,1801.8375399112701,False
2139,5,333,TargetPresentation,1766144620.090539,1802.9893975257874,False
2140,5,333,TargetRemoval,1766144620.0974169,1802.9962739944458,True
2141,5,333,TargetReappeared,1766144620.347256,1803.2461144924164,False
2142,5,333,LeftResponse,1766144620.9996328,1803.898488521576,False
2143,5,334,FeedbackPeriodStarted,1766144621.0201755,1803.91903090477,False
2144,5,334,startFixDisplay,1766144621.0202389,1803.9190938472748,False
2145,5,334,startFixPeriod,1766144625.0657194,1807.96457529068,False
2146,5,334,TargetPresentation,1766144626.5368075,1809.4356634616852,False
2147,5,334,TargetDisplacement,1766144626.5437458,1809.4426019191742,True
2148,5,334,RightResponse,1766144628.2165217,1811.1153795719147,False
2149,5,335,FeedbackPeriodStarted,1766144628.2436318,1811.14248752594,False
2150,5,335,startFixDisplay,1766144628.2436974,1811.142552614212,False
2151,5,335,startFixPeriod,1766144628.4797645,1811.378621339798,False
2152,5,335,TargetPresentation,1766144629.8328488,1812.7317056655884,False
2153,5,335,TargetDisplacement,1766144629.839787,1812.7386429309845,True
2154,5,335,RightResponse,1766144630.5064142,1813.405270576477,False
2155,5,336,FeedbackPeriodStarted,1766144630.5336924,1813.4325504302979,False
2156,5,336,startFixDisplay,1766144630.5338352,1813.4326922893524,False
2157,5,336,startFixPeriod,1766144630.5405734,1813.4394314289093,False
2158,5,336,TargetPresentation,1766144631.4218676,1814.3207259178162,False
2159,5,336,TargetDisplacement,1766144631.4288425,1814.3276991844177,True
2160,5,336,LeftResponse,1766144632.3381875,1815.237045288086,False
2161,5,336,FeedbackPeriodStarted,1766144632.3447115,1815.243569612503,False
2162,5,337,startFixDisplay,1766144634.4263985,1817.3252575397491,False
2163,5,337,startFixPeriod,1766144634.4332926,1817.3321499824524,False
2164,5,337,TargetPresentation,1766144635.0164075,1817.9152779579163,False
2165,5,337,TargetRemoval,1766144636.3069081,1819.2057662010193,True
2166,5,337,TargetReappeared,1766144636.556902,1819.455760717392,False
2167,5,337,RightResponse,1766144637.3066163,1820.2054731845856,False
2168,5,338,FeedbackPeriodStarted,1766144637.3338869,1820.2327454090118,False
2169,5,338,startFixDisplay,1766144637.3340387,1820.2328956127167,False
2170,5,338,startFixPeriod,1766144637.6323674,1820.5312502384186,False
2171,5,338,TargetPresentation,1766144638.8952186,1821.7940771579742,False
2172,5,338,TargetRemoval,1766144638.902154,1821.8010103702545,True
2173,5,338,TargetReappeared,1766144639.1519475,1822.0508060455322,False
2174,5,338,LeftResponse,1766144640.0752337,1822.9740915298462,False
2175,5,339,FeedbackPeriodStarted,1766144640.0955238,1822.9943795204163,False
2176,5,339,startFixDisplay,1766144640.0955937,1822.9944489002228,False
2177,5,339,startFixPeriod,1766144640.2691913,1823.168049812317,False
2178,5,339,TargetPresentation,1766144641.5389142,1824.437772989273,False
2179,5,339,TargetRemoval,1766144641.5458472,1824.444705247879,True
2180,5,339,TargetReappeared,1766144641.7957923,1824.6946501731873,False
2181,5,339,RightResponse,1766144642.365045,1825.2639026641846,False
2182,5,340,FeedbackPeriodStarted,1766144642.3993635,1825.298222064972,False
2183,5,340,startFixDisplay,1766144642.3995106,1825.2983677387238,False
2184,5,340,startFixPeriod,1766144642.5868304,1825.4856884479523,False
2185,5,340,TargetPresentation,1766144643.1627939,1826.0616524219513,False
2186,5,340,TargetDisplacement,1766144643.1697435,1826.0686020851135,True
2187,5,340,LeftResponse,1766144643.9746947,1826.8735501766205,False
2188,5,341,FeedbackPeriodStarted,1766144643.995341,1826.8941988945007,False
2189,5,341,startFixDisplay,1766144643.9954665,1826.894321680069,False
2190,5,341,startFixPeriod,1766144644.023138,1826.9219961166382,False
2191,5,341,TargetPresentation,1766144645.2098322,1828.1086905002594,False
2192,5,341,TargetRemoval,1766144645.216689,1828.1155452728271,True
2193,5,341,TargetReappeared,1766144645.4666526,1828.3655109405518,False
2194,5,341,RightResponse,1766144646.1121886,1829.0110456943512,False
2195,5,342,FeedbackPeriodStarted,1766144646.1396208,1829.0384793281555,False
2196,5,342,startFixDisplay,1766144646.1397579,1829.0386147499084,False
2197,5,342,startFixPeriod,1766144646.5560448,1829.4549033641815,False
2198,5,342,TargetPresentation,1766144647.9230282,1830.8218865394592,False
2199,5,342,TargetRemoval,1766144647.9299996,1830.8288578987122,True
2200,5,342,TargetReappeared,1766144648.1797063,1831.078563451767,False
2201,5,342,RightResponse,1766144648.8046362,1831.7034931182861,False
2202,5,342,FeedbackPeriodStarted,1766144648.8110332,1831.7098915576935,False
2203,5,343,startFixDisplay,1766144650.8233652,1833.7222332954407,False
2204,5,343,startFixPeriod,1766144650.8303318,1833.7291893959045,False
2205,5,343,TargetPresentation,1766144651.3994386,1834.298297405243,False
2206,5,343,TargetDisplacement,1766144651.4064114,1834.3052821159363,True
2207,5,343,LeftResponse,1766144652.1907544,1835.0896124839783,False
2208,5,344,FeedbackPeriodStarted,1766144652.2181747,1835.1170325279236,False
2209,5,344,startFixDisplay,1766144652.2182853,1835.11714053154,False
2210,5,344,startFixPeriod,1766144652.4472773,1835.346135854721,False
2211,5,344,TargetPresentation,1766144653.6197648,1836.5186207294464,False
2212,5,344,TargetRemoval,1766144653.6267083,1836.5255665779114,True
2213,5,344,TargetReappeared,1766144653.876645,1836.7755031585693,False
2214,5,344,LeftResponse,1766144654.425154,1837.3240118026733,False
2215,5,345,FeedbackPeriodStarted,1766144654.4524822,1837.3513395786285,False
2216,5,345,startFixDisplay,1766144654.452589,1837.351445198059,False
2217,5,345,startFixPeriod,1766144654.6537561,1837.5526149272919,False
2218,5,345,TargetPresentation,1766144655.7847936,1838.683649778366,False
2219,5,345,TargetRemoval,1766144655.7917433,1838.6905994415283,True
2220,5,345,TargetReappeared,1766144656.041577,1838.94043302536,False
2221,5,345,RightResponse,1766144656.5828967,1839.481752872467,False
2222,5,346,FeedbackPeriodStarted,1766144656.6104236,1839.50927901268,False
2223,5,346,startFixDisplay,1766144656.6104863,1839.5093412399292,False
2224,5,346,startFixPeriod,1766144658.130307,1841.0291645526886,False
2225,5,346,TargetPresentation,1766144659.1017807,1842.000638961792,False
2226,5,346,TargetRemoval,1766144659.1087172,1842.007575750351,True
2227,5,346,TargetReappeared,1766144659.3584695,1842.2573277950287,False
2228,5,346,RightResponse,1766144660.4896004,1843.3884558677673,False
2229,5,347,FeedbackPeriodStarted,1766144660.5102735,1843.4091320037842,False
2230,5,347,startFixDisplay,1766144660.5104444,1843.409301519394,False
2231,5,347,startFixPeriod,1766144660.7255278,1843.6243863105774,False
2232,5,347,TargetPresentation,1766144661.9952683,1844.8941242694855,False
2233,5,347,TargetDisplacement,1766144662.0022833,1844.9011416435242,True
2234,5,347,RightResponse,1766144662.6617093,1845.560566663742,False
2235,5,348,FeedbackPeriodStarted,1766144662.6820574,1845.580913066864,False
2236,5,348,startFixDisplay,1766144662.6821215,1845.5809767246246,False
2237,5,348,startFixPeriod,1766144666.89429,1849.7931485176086,False
2238,5,348,TargetPresentation,1766144667.775558,1850.6744165420532,False
2239,5,348,TargetDisplacement,1766144667.7824564,1850.6813144683838,True
2240,5,348,LeftResponse,1766144668.5948267,1851.4936842918396,False
2241,5,348,FeedbackPeriodStarted,1766144668.6011288,1851.4999845027924,False
2242,5,349,startFixDisplay,1766144670.613472,1853.5123300552368,False
2243,5,349,startFixPeriod,1766144671.1409295,1854.0397877693176,False
2244,5,349,TargetPresentation,1766144671.8418133,1854.7406718730927,False
2245,5,349,TargetDisplacement,1766144671.8487139,1854.7475700378418,True
2246,5,349,RightResponse,1766144672.5429807,1855.4418387413025,False
2247,5,350,FeedbackPeriodStarted,1766144672.5702996,1855.4691579341888,False
2248,5,350,startFixDisplay,1766144672.5704699,1855.4693248271942,False
2249,5,350,startFixPeriod,1766144673.6460137,1856.544872045517,False
2250,5,350,TargetPresentation,1766144674.6105773,1857.5094356536865,False
2251,5,350,TargetDisplacement,1766144674.6174812,1857.5163371562958,True
2252,5,350,LeftResponse,1766144675.8388093,1858.7376654148102,False
2253,5,351,FeedbackPeriodStarted,1766144675.8663278,1858.7651858329773,False
2254,5,351,startFixDisplay,1766144675.8664916,1858.7653489112854,False
2255,5,351,startFixPeriod,1766144676.0677125,1858.9665694236755,False
2256,5,351,TargetPresentation,1766144677.0947268,1859.9935851097107,False
2257,5,351,TargetDisplacement,1766144677.101632,1860.0004880428314,True
2258,5,351,RightResponse,1766144677.9067106,1860.8055658340454,False
2259,5,352,FeedbackPeriodStarted,1766144677.9272413,1860.8260967731476,False
2260,5,352,startFixDisplay,1766144677.9273064,1860.826161623001,False
2261,5,352,startFixPeriod,1766144678.1286352,1861.0274937152863,False
2262,5,352,TargetPresentation,1766144679.4192257,1862.318083524704,False
2263,5,352,TargetDisplacement,1766144679.4260807,1862.324939250946,True
2264,5,352,LeftResponse,1766144680.2246318,1863.1234893798828,False
2265,5,353,FeedbackPeriodStarted,1766144680.2518506,1863.1507091522217,False
2266,5,353,startFixDisplay,1766144680.252003,1863.1508600711823,False
2267,5,353,startFixPeriod,1766144680.8001804,1863.6990368366241,False
2268,5,353,TargetPresentation,1766144682.132414,1865.0312733650208,False
2269,5,353,TargetDisplacement,1766144682.1392844,1865.0381429195404,True
2270,5,353,RightResponse,1766144682.778031,1865.6768889427185,False
2271,5,354,FeedbackPeriodStarted,1766144682.8054078,1865.7042665481567,False
2272,5,354,startFixDisplay,1766144682.805549,1865.704405784607,False
2273,5,354,startFixPeriod,1766144682.9442408,1865.8430984020233,False
2274,5,354,TargetPresentation,1766144684.0683186,1866.9671747684479,False
2275,5,354,TargetRemoval,1766144684.0753357,1866.9741940498352,True
2276,5,354,TargetReappeared,1766144684.32513,1867.2239882946014,False
2277,5,354,LeftResponse,1766144685.2830307,1868.1818885803223,False
2278,5,354,FeedbackPeriodStarted,1766144685.289552,1868.1884100437164,False
2279,5,355,startFixDisplay,1766144687.3018746,1870.2007329463959,False
2280,5,355,startFixPeriod,1766144687.3088264,1870.2076840400696,False
2281,5,355,TargetPresentation,1766144688.2872653,1871.1861217021942,False
2282,5,355,TargetDisplacement,1766144688.2942386,1871.1930966377258,True
2283,5,355,RightResponse,1766144688.918915,1871.817771434784,False
2284,5,356,FeedbackPeriodStarted,1766144688.939496,1871.8383543491364,False
2285,5,356,startFixDisplay,1766144688.9396377,1871.8384947776794,False
2286,5,356,startFixPeriod,1766144689.1408074,1872.039664030075,False
2287,5,356,TargetPresentation,1766144690.2857976,1873.1846561431885,False
2288,5,356,TargetRemoval,1766144690.2927475,1873.1916060447693,True
2289,5,356,TargetReappeared,1766144690.5424478,1873.441303730011,False
2290,5,356,LeftResponse,1766144691.1045702,1874.003425836563,False
2291,5,357,FeedbackPeriodStarted,1766144691.1253064,1874.0241646766663,False
2292,5,357,startFixDisplay,1766144691.1254966,1874.024353981018,False
2293,5,357,startFixPeriod,1766144691.3335152,1874.2323727607727,False
2294,5,357,TargetPresentation,1766144692.7629838,1875.6618402004242,False
2295,5,357,TargetDisplacement,1766144692.769971,1875.6688296794891,True
2296,5,357,RightResponse,1766144693.922189,1876.8210468292236,False
2297,5,358,FeedbackPeriodStarted,1766144693.9424324,1876.8412883281708,False
2298,5,358,startFixDisplay,1766144693.9425018,1876.8413569927216,False
2299,5,358,startFixPeriod,1766144694.1370113,1877.0358698368073,False
2300,5,358,TargetPresentation,1766144695.143173,1878.042031288147,False
2301,5,358,TargetRemoval,1766144695.1501105,1878.0489687919617,True
2302,5,358,TargetReappeared,1766144695.3999202,1878.2987787723541,False
2303,5,358,LeftResponse,1766144695.9898548,1878.8887116909027,False
2304,5,359,FeedbackPeriodStarted,1766144696.0173442,1878.916202545166,False
2305,5,359,startFixDisplay,1766144696.017649,1878.9165079593658,False
2306,5,359,startFixPeriod,1766144696.2672472,1879.1661055088043,False
2307,5,359,TargetPresentation,1766144697.5926514,1880.4915099143982,False
2308,5,359,TargetDisplacement,1766144697.5994577,1880.4983139038086,True
2309,5,359,LeftResponse,1766144698.3007448,1881.1996014118195,False
2310,5,360,FeedbackPeriodStarted,1766144698.320948,1881.2198038101196,False
2311,5,360,startFixDisplay,1766144698.321017,1881.2198722362518,False
2312,5,360,startFixPeriod,1766144698.522447,1881.4213061332703,False
2313,5,360,TargetPresentation,1766144699.077516,1881.976372718811,False
2314,5,360,TargetRemoval,1766144699.0844908,1881.9833476543427,True
2315,5,360,TargetReappeared,1766144699.334301,1882.2331578731537,False
2316,5,360,RightResponse,1766144699.9035912,1882.8024475574493,False
2317,5,360,FeedbackPeriodStarted,1766144699.917223,1882.816078901291,False
2318,5,361,startFixDisplay,1766144701.9292223,1884.82807803154,False
2319,5,361,startFixPeriod,1766144703.6363657,1886.5352399349213,False
2320,5,361,TargetPresentation,1766144705.0658848,1887.964741230011,False
2321,5,361,TargetRemoval,1766144705.0729234,1887.9717819690704,True
2322,5,361,TargetReappeared,1766144705.322756,1888.2216148376465,False
2323,5,361,RightResponse,1766144705.9126332,1888.8114886283875,False
2324,5,362,FeedbackPeriodStarted,1766144705.9332063,1888.8320620059967,False
2325,5,362,startFixDisplay,1766144705.9332724,1888.8321273326874,False
2326,5,362,startFixPeriod,1766144706.1554415,1889.0542998313904,False
2327,5,362,TargetPresentation,1766144706.696591,1889.595447063446,False
2328,5,362,TargetDisplacement,1766144706.7034519,1889.6023077964783,True
2329,5,362,RightResponse,1766144707.4184215,1890.3172771930695,False
2330,5,363,FeedbackPeriodStarted,1766144707.4389877,1890.3378460407257,False
2331,5,363,startFixDisplay,1766144707.4391432,1890.3380002975464,False
2332,5,363,startFixPeriod,1766144707.4458785,1890.3447365760803,False
2333,5,363,TargetPresentation,1766144708.32722,1891.2260785102844,False
2334,5,363,TargetDisplacement,1766144708.3341477,1891.2330057621002,True
2335,5,363,LeftResponse,1766144708.9657245,1891.8645799160004,False
2336,5,364,FeedbackPeriodStarted,1766144708.9933019,1891.8921597003937,False
2337,5,364,startFixDisplay,1766144708.9934707,1891.892327785492,False
2338,5,364,startFixPeriod,1766144711.2556026,1894.154461145401,False
2339,5,364,TargetPresentation,1766144712.73358,1895.6324367523193,False
2340,5,364,TargetRemoval,1766144712.7406006,1895.6394588947296,True
2341,5,364,TargetReappeared,1766144712.9902635,1895.8891196250916,False
2342,5,364,RightResponse,1766144713.3097184,1896.2085752487183,False
2343,5,365,FeedbackPeriodStarted,1766144713.3371317,1896.2359898090363,False
2344,5,365,startFixDisplay,1766144713.3372738,1896.2361307144165,False
2345,5,365,startFixPeriod,1766144718.0558817,1900.9547400474548,False
2346,5,365,TargetPresentation,1766144719.5268881,1902.4257464408875,False
2347,5,365,TargetRemoval,1766144719.5337815,1902.4326374530792,True
2348,5,365,TargetReappeared,1766144719.7836368,1902.682493686676,False
2349,5,365,RightResponse,1766144720.3388884,1903.2377440929413,False
2350,5,366,FeedbackPeriodStarted,1766144720.3593507,1903.2582066059113,False
2351,5,366,startFixDisplay,1766144720.359435,1903.258290052414,False
2352,5,366,startFixPeriod,1766144721.906921,1904.8057792186737,False
2353,5,366,TargetPresentation,1766144723.1559446,1906.0548028945923,False
2354,5,366,TargetDisplacement,1766144723.162799,1906.0616545677185,True
2355,5,366,LeftResponse,1766144723.8708186,1906.7696743011475,False
2356,5,366,FeedbackPeriodStarted,1766144723.8775635,1906.7764194011688,False
2357,5,367,startFixDisplay,1766144725.8897073,1908.7885627746582,False
2358,5,367,startFixPeriod,1766144725.8967023,1908.795557975769,False
2359,5,367,TargetPresentation,1766144726.5074525,1909.4063098430634,False
2360,5,367,TargetRemoval,1766144726.5144491,1909.4133079051971,True
2361,5,367,TargetReappeared,1766144726.7643552,1909.6632137298584,False
2362,5,367,LeftResponse,1766144727.6111672,1910.510025024414,False
2363,5,368,FeedbackPeriodStarted,1766144727.631452,1910.5303077697754,False
2364,5,368,startFixDisplay,1766144727.6315227,1910.530377626419,False
2365,5,368,startFixPeriod,1766144727.8328776,1910.731735944748,False
2366,5,368,TargetPresentation,1766144728.6795385,1911.578396320343,False
2367,5,368,TargetDisplacement,1766144728.6864512,1911.5853102207184,True
2368,5,368,RightResponse,1766144729.3596442,1912.258499622345,False
2369,5,369,FeedbackPeriodStarted,1766144729.3802066,1912.279064655304,False
2370,5,369,startFixDisplay,1766144729.3803556,1912.2792127132416,False
2371,5,369,startFixPeriod,1766144729.7620227,1912.6608810424805,False
2372,5,369,TargetPresentation,1766144730.8790872,1913.777945280075,False
2373,5,369,TargetDisplacement,1766144730.8860364,1913.78489279747,True
2374,5,369,LeftResponse,1766144731.5456734,1914.4445292949677,False
2375,5,370,FeedbackPeriodStarted,1766144731.5664308,1914.4652869701385,False
2376,5,370,startFixDisplay,1766144731.5665233,1914.465378522873,False
2377,5,370,startFixPeriod,1766144735.0773227,1917.976181268692,False
2378,5,370,TargetPresentation,1766144736.180644,1919.0794999599457,False
2379,5,370,TargetDisplacement,1766144736.1874952,1919.086351633072,True
2380,5,370,RightResponse,1766144737.041129,1919.9399855136871,False
2381,5,371,FeedbackPeriodStarted,1766144737.0616338,1919.9604895114899,False
2382,5,371,startFixDisplay,1766144737.061703,1919.960557937622,False
2383,5,371,startFixPeriod,1766144737.2353942,1920.1342520713806,False
2384,5,371,TargetPresentation,1766144737.9777958,1920.8766522407532,False
2385,5,371,TargetDisplacement,1766144737.9846337,1920.8834919929504,True
2386,5,371,RightResponse,1766144738.6650083,1921.5638663768768,False
2387,5,372,FeedbackPeriodStarted,1766144738.6855383,1921.5843966007233,False
2388,5,372,startFixDisplay,1766144738.685679,1921.5845358371735,False
2389,5,372,startFixPeriod,1766144743.6817284,1926.5805859565735,False
2390,5,372,TargetPresentation,1766144744.9584484,1927.8573048114777,False
2391,5,372,TargetDisplacement,1766144744.9653401,1927.8641970157623,True
2392,5,372,RightResponse,1766144745.6316433,1928.530499458313,False
2393,5,372,FeedbackPeriodStarted,1766144745.6383858,1928.53724193573,False
2394,5,373,startFixDisplay,1766144747.6506588,1930.549516916275,False
2395,5,373,startFixPeriod,1766144752.7925332,1935.6913893222809,False
2396,5,373,TargetPresentation,1766144753.6392572,1936.5381135940552,False
2397,5,373,TargetRemoval,1766144753.6461735,1936.545031785965,True
2398,5,373,TargetReappeared,1766144753.89579,1936.7946481704712,False
2399,5,373,LeftResponse,1766144754.590146,1937.4890036582947,False
2400,5,374,FeedbackPeriodStarted,1766144754.6105566,1937.50941324234,False
2401,5,374,startFixDisplay,1766144754.6106348,1937.509489774704,False
2402,5,374,startFixPeriod,1766144754.8534477,1937.7523033618927,False
2403,5,374,TargetPresentation,1766144755.6791544,1938.5780103206635,False
2404,5,374,TargetRemoval,1766144755.6860936,1938.5849494934082,True
2405,5,374,TargetReappeared,1766144755.9359043,1938.834760427475,False
2406,5,374,LeftResponse,1766144756.4701493,1939.36900472641,False
2407,5,375,FeedbackPeriodStarted,1766144756.490969,1939.3898267745972,False
2408,5,375,startFixDisplay,1766144756.4911032,1939.3899602890015,False
2409,5,375,startFixPeriod,1766144762.305933,1945.2047901153564,False
2410,5,375,TargetPresentation,1766144763.624314,1946.52317237854,False
2411,5,375,TargetDisplacement,1766144763.6312532,1946.5301117897034,True
2412,5,375,RightResponse,1766144764.2286599,1947.127517938614,False
2413,5,376,FeedbackPeriodStarted,1766144764.25578,1947.1546359062195,False
2414,5,376,startFixDisplay,1766144764.2558513,1947.154706478119,False
2415,5,376,startFixPeriod,1766144764.4572089,1947.356080532074,False
2416,5,376,TargetPresentation,1766144765.6298585,1948.5287172794342,False
2417,5,376,TargetRemoval,1766144765.6367188,1948.5355768203735,True
2418,5,376,TargetReappeared,1766144765.8866186,1948.785476922989,False
2419,5,376,LeftResponse,1766144766.4769785,1949.375836610794,False
2420,5,377,FeedbackPeriodStarted,1766144766.5040383,1949.4028968811035,False
2421,5,377,startFixDisplay,1766144766.5041866,1949.4030437469482,False
2422,5,377,startFixPeriod,1766144766.7748427,1949.6737010478973,False
2423,5,377,TargetPresentation,1766144767.7045116,1950.603367805481,False
2424,5,377,TargetDisplacement,1766144767.7115178,1950.610375881195,True
2425,5,377,RightResponse,1766144768.426598,1951.3254561424255,False
2426,5,378,FeedbackPeriodStarted,1766144768.4607182,1951.359573841095,False
2427,5,378,startFixDisplay,1766144768.4607825,1951.3596377372742,False
2428,5,378,startFixPeriod,1766144769.9112818,1952.8101406097412,False
2429,5,378,TargetPresentation,1766144770.6120708,1953.510929107666,False
2430,5,378,TargetDisplacement,1766144770.6535783,1953.5524363517761,True
2431,5,378,LeftResponse,1766144771.6672008,1954.566058397293,False
2432,5,378,FeedbackPeriodStarted,1766144771.680728,1954.5795867443085,False
2433,5,379,startFixDisplay,1766144773.6928225,1956.5916800498962,False
2434,5,379,startFixPeriod,1766144773.6997683,1956.5986263751984,False
2435,5,379,TargetPresentation,1766144774.3660228,1957.2648811340332,False
2436,5,379,TargetRemoval,1766144774.3728824,1957.2717382907867,True
2437,5,379,TargetReappeared,1766144774.6227736,1957.5216319561005,False
2438,5,379,LeftResponse,1766144775.4141023,1958.312959432602,False
2439,5,380,FeedbackPeriodStarted,1766144775.4415512,1958.3404095172882,False
2440,5,380,startFixDisplay,1766144775.4416893,1958.340546131134,False
2441,5,380,startFixPeriod,1766144775.5526266,1958.4514849185944,False
2442,5,380,TargetPresentation,1766144776.6767442,1959.575600385666,False
2443,5,380,TargetDisplacement,1766144776.6837802,1959.5826387405396,True
2444,5,380,RightResponse,1766144777.3155332,1960.2143909931183,False
2445,5,381,FeedbackPeriodStarted,1766144777.3358984,1960.2347567081451,False
2446,5,381,startFixDisplay,1766144777.3360517,1960.2349090576172,False
2447,5,381,startFixPeriod,1766144782.7137837,1965.6126408576965,False
2448,5,381,TargetPresentation,1766144783.8656454,1966.764517068863,False
2449,5,381,TargetDisplacement,1766144783.8725114,1966.7713673114777,True
2450,5,381,RightResponse,1766144784.9898489,1967.8887045383453,False
2451,5,382,FeedbackPeriodStarted,1766144785.0173776,1967.9162337779999,False
2452,5,382,startFixDisplay,1766144785.0174477,1967.9163026809692,False
2453,5,382,startFixPeriod,1766144785.2187064,1968.117564201355,False
2454,5,382,TargetPresentation,1766144786.4747024,1969.373560667038,False
2455,5,382,TargetDisplacement,1766144786.4816644,1969.3805212974548,True
2456,5,382,RightResponse,1766144787.7934945,1970.6923522949219,False
2457,5,383,FeedbackPeriodStarted,1766144787.8207142,1970.7195699214935,False
2458,5,383,startFixDisplay,1766144787.820777,1970.719631910324,False
2459,5,383,startFixPeriod,1766144788.029098,1970.9279563426971,False
2460,5,383,TargetPresentation,1766144789.0351505,1971.9340088367462,False
2461,5,383,TargetRemoval,1766144789.042196,1971.9410541057587,True
2462,5,383,TargetReappeared,1766144789.2919152,1972.190771818161,False
2463,5,383,RightResponse,1766144790.1874685,1973.0863251686096,False
2464,5,384,FeedbackPeriodStarted,1766144790.214701,1973.1135861873627,False
2465,5,384,startFixDisplay,1766144790.2148733,1973.1137306690216,False
2466,5,384,startFixPeriod,1766144790.4158938,1973.3147504329681,False
2467,5,384,TargetPresentation,1766144791.1308138,1974.029672384262,False
2468,5,384,TargetDisplacement,1766144791.1377568,1974.036614894867,True
2469,5,384,RightResponse,1766144793.066945,1975.9658007621765,False
2470,5,384,FeedbackPeriodStarted,1766144793.0736415,1975.972511291504,False
2471,5,385,startFixDisplay,1766144795.0927958,1977.9916515350342,False
2472,5,385,startFixPeriod,1766144796.2100117,1979.1088697910309,False
2473,5,385,TargetPresentation,1766144797.611805,1980.510660648346,False
2474,5,385,TargetRemoval,1766144797.6187882,1980.5176458358765,True
2475,5,385,TargetReappeared,1766144797.868635,1980.7674913406372,False
2476,5,385,RightResponse,1766144798.847252,1981.7461097240448,False
2477,5,386,FeedbackPeriodStarted,1766144798.8746352,1981.773493528366,False
2478,5,386,startFixDisplay,1766144798.8747797,1981.7736365795135,False
2479,5,386,startFixPeriod,1766144799.0759957,1981.9748539924622,False
2480,5,386,TargetPresentation,1766144800.4846659,1983.3835241794586,False
2481,5,386,TargetDisplacement,1766144800.4916236,1983.3904821872711,True
2482,5,386,RightResponse,1766144801.1578918,1984.0567495822906,False
2483,5,387,FeedbackPeriodStarted,1766144801.1853487,1984.0842070579529,False
2484,5,387,startFixDisplay,1766144801.1855192,1984.0843758583069,False
2485,5,387,startFixPeriod,1766144801.3104322,1984.2092900276184,False
2486,5,387,TargetPresentation,1766144802.1291876,1985.0280466079712,False
2487,5,387,TargetRemoval,1766144802.1361277,1985.034986257553,True
2488,5,387,TargetReappeared,1766144802.3859255,1985.2847838401794,False
2489,5,387,LeftResponse,1766144803.4896047,1986.3884613513947,False
2490,5,388,FeedbackPeriodStarted,1766144803.516846,1986.4157037734985,False
2491,5,388,startFixDisplay,1766144803.5169861,1986.415843486786,False
2492,5,388,startFixPeriod,1766144803.690427,1986.5892851352692,False
2493,5,388,TargetPresentation,1766144804.689757,1987.588615655899,False
2494,5,388,TargetDisplacement,1766144804.696666,1987.5955381393433,True
2495,5,388,LeftResponse,1766144806.4803195,1989.3791773319244,False
2496,5,389,FeedbackPeriodStarted,1766144806.5075805,1989.4064388275146,False
2497,5,389,startFixDisplay,1766144806.5076904,1989.406545639038,False
2498,5,389,startFixPeriod,1766144806.764519,1989.663377046585,False
2499,5,389,TargetPresentation,1766144808.0412743,1990.9401330947876,False
2500,5,389,TargetDisplacement,1766144808.048175,1990.9470331668854,True
2501,5,389,LeftResponse,1766144808.742291,1991.6411485671997,False
2502,5,390,FeedbackPeriodStarted,1766144808.7629955,1991.6618514060974,False
2503,5,390,startFixDisplay,1766144808.7630594,1991.661915063858,False
2504,5,390,startFixPeriod,1766144809.4290862,1992.3279445171356,False
2505,5,390,TargetPresentation,1766144810.0466514,1992.9455080032349,False
2506,5,390,TargetDisplacement,1766144810.6709402,1993.5697982311249,True
2507,5,390,RightResponse,1766144811.7053356,1994.6041917800903,False
2508,5,390,FeedbackPeriodStarted,1766144811.7118115,1994.610668182373,False
2509,5,391,startFixDisplay,1766144813.7242165,1996.6230747699738,False
2510,5,391,startFixPeriod,1766144813.9947956,1996.8936517238617,False
2511,5,391,TargetPresentation,1766144814.6055112,1997.5043699741364,False
2512,5,391,TargetRemoval,1766144814.6123886,1997.511245727539,True
2513,5,391,TargetReappeared,1766144814.862157,1997.7610154151917,False
2514,5,391,LeftResponse,1766144815.5147474,1998.4136040210724,False
2515,5,392,FeedbackPeriodStarted,1766144815.5422904,1998.4411487579346,False
2516,5,392,startFixDisplay,1766144815.542467,1998.4413239955902,False
2517,5,392,startFixPeriod,1766144815.7575226,1998.656381368637,False
2518,5,392,TargetPresentation,1766144816.5693145,1999.46817111969,False
2519,5,392,TargetDisplacement,1766144816.5762646,1999.4751207828522,True
2520,5,392,RightResponse,1766144817.97128,2000.8701367378235,False
2521,5,393,FeedbackPeriodStarted,1766144817.9986014,2000.8974595069885,False
2522,5,393,startFixDisplay,1766144817.998746,2000.8976027965546,False
2523,5,393,startFixPeriod,1766144818.2624788,2001.1613373756409,False
2524,5,393,TargetPresentation,1766144819.0951774,2001.9940361976624,False
2525,5,393,TargetDisplacement,1766144819.102009,2002.0008676052094,True
2526,5,393,RightResponse,1766144820.6498268,2003.548683166504,False
2527,5,394,FeedbackPeriodStarted,1766144820.6771045,2003.5759625434875,False
2528,5,394,startFixDisplay,1766144820.67724,2003.5760967731476,False
2529,5,394,startFixPeriod,1766144820.8853517,2003.7842078208923,False
2530,5,394,TargetPresentation,1766144821.697263,2004.5961215496063,False
2531,5,394,TargetRemoval,1766144821.7041976,2004.6030564308167,True
2532,5,394,TargetReappeared,1766144821.9539945,2004.8528525829315,False
2533,5,394,RightResponse,1766144822.5024135,2005.4012706279755,False
2534,5,395,FeedbackPeriodStarted,1766144822.529803,2005.4286613464355,False
2535,5,395,startFixDisplay,1766144822.5299473,2005.4288041591644,False
2536,5,395,startFixPeriod,1766144823.0365248,2005.9353828430176,False
2537,5,395,TargetPresentation,1766144823.9733047,2006.8721630573273,False
2538,5,395,TargetRemoval,1766144823.9802585,2006.8791148662567,True
2539,5,395,TargetReappeared,1766144824.229985,2007.1288421154022,False
2540,5,395,LeftResponse,1766144824.9102473,2007.809103012085,False
2541,5,395,FeedbackPeriodStarted,1766144824.951657,2007.850515127182,False
2542,6,396,startFixDisplay,1766144836.5465088,2019.4453642368317,False
2543,6,396,startFixPeriod,1766144837.0394773,2019.9383347034454,False
2544,6,396,TargetPresentation,1766144838.0594494,2020.9583058357239,False
2545,6,396,TargetDisplacement,1766144838.0663395,2020.9651958942413,True
2546,6,396,RightResponse,1766144838.6982536,2021.5971117019653,False
2547,6,397,FeedbackPeriodStarted,1766144838.7255366,2021.624394416809,False
2548,6,397,startFixDisplay,1766144838.725682,2021.6245386600494,False
2549,6,397,startFixPeriod,1766144840.2384365,2023.137294769287,False
2550,6,397,TargetPresentation,1766144841.681659,2024.5805180072784,False
2551,6,397,TargetDisplacement,1766144841.6886213,2024.5874795913696,True
2552,6,397,LeftResponse,1766144842.132867,2025.0317239761353,False
2553,6,398,FeedbackPeriodStarted,1766144842.160447,2025.0593028068542,False
2554,6,398,startFixDisplay,1766144842.1605208,2025.059376001358,False
2555,6,398,startFixPeriod,1766144842.562989,2025.4618470668793,False
2556,6,398,TargetPresentation,1766144843.784132,2026.6829907894135,False
2557,6,398,TargetDisplacement,1766144843.7911153,2026.6899738311768,True
2558,6,398,LeftResponse,1766144845.338791,2028.2376489639282,False
2559,6,399,FeedbackPeriodStarted,1766144845.3732042,2028.27205991745,False
2560,6,399,startFixDisplay,1766144845.3732717,2028.2721269130707,False
2561,6,399,startFixPeriod,1766144845.6092217,2028.5080800056458,False
2562,6,399,TargetPresentation,1766144846.4557102,2029.354565858841,False
2563,6,399,TargetRemoval,1766144846.4626255,2029.3614823818207,True
2564,6,399,TargetReappeared,1766144846.7124538,2029.6113107204437,False
2565,6,399,LeftResponse,1766144847.3300834,2030.2289390563965,False
2566,6,400,FeedbackPeriodStarted,1766144847.357661,2030.2565188407898,False
2567,6,400,startFixDisplay,1766144847.3578036,2030.2566604614258,False
2568,6,400,startFixPeriod,1766144847.5659864,2030.4648447036743,False
2569,6,400,TargetPresentation,1766144848.481871,2031.3807275295258,False
2570,6,400,TargetDisplacement,1766144848.5927885,2031.4916462898254,True
2571,6,400,LeftResponse,1766144849.2107735,2032.1096291542053,False
2572,6,401,FeedbackPeriodStarted,1766144849.231236,2032.1300945281982,False
2573,6,401,startFixDisplay,1766144849.231401,2032.1302585601807,False
2574,6,401,startFixPeriod,1766144849.5156367,2032.414493560791,False
2575,6,401,TargetPresentation,1766144850.9451413,2033.8439996242523,False
2576,6,401,TargetDisplacement,1766144850.9520793,2033.8509380817413,True
2577,6,401,LeftResponse,1766144851.681001,2034.5798571109772,False
2578,6,402,FeedbackPeriodStarted,1766144851.708544,2034.6074023246765,False
2579,6,402,startFixDisplay,1766144851.708683,2034.6075401306152,False
2580,6,402,startFixPeriod,1766144851.9167068,2034.8155627250671,False
2581,6,402,TargetPresentation,1766144852.6246142,2035.523474931717,False
2582,6,402,TargetDisplacement,1766144852.6799657,2035.5788216590881,True
2583,6,402,LeftResponse,1766144853.2907956,2036.1896522045135,False
2584,6,402,FeedbackPeriodStarted,1766144853.3045824,2036.2034380435944,False
2585,6,403,startFixDisplay,1766144855.3167279,2038.2155859470367,False
2586,6,403,startFixPeriod,1766144855.3862274,2038.2850856781006,False
2587,6,403,TargetPresentation,1766144856.385518,2039.284376859665,False
2588,6,403,TargetDisplacement,1766144856.704648,2039.6035063266754,True
2589,6,403,LeftResponse,1766144857.169803,2040.0686604976654,False
2590,6,404,FeedbackPeriodStarted,1766144857.1972253,2040.0960834026337,False
2591,6,404,startFixDisplay,1766144857.1973927,2040.0962526798248,False
2592,6,404,startFixPeriod,1766144859.022241,2041.9210994243622,False
2593,6,404,TargetPresentation,1766144860.3615851,2043.260442018509,False
2594,6,404,TargetDisplacement,1766144860.3685272,2043.267383813858,True
2595,6,404,RightResponse,1766144861.2497172,2044.1485726833344,False
2596,6,405,FeedbackPeriodStarted,1766144861.2703035,2044.169159412384,False
2597,6,405,startFixDisplay,1766144861.270364,2044.1692192554474,False
2598,6,405,startFixPeriod,1766144861.444057,2044.3429152965546,False
2599,6,405,TargetPresentation,1766144861.9714484,2044.8703055381775,False
2600,6,405,TargetRemoval,1766144861.9783463,2044.877202987671,True
2601,6,405,TargetReappeared,1766144862.228175,2045.1270337104797,False
2602,6,405,LeftResponse,1766144863.3178463,2046.2167026996613,False
2603,6,406,FeedbackPeriodStarted,1766144863.3452163,2046.244074344635,False
2604,6,406,startFixDisplay,1766144863.3453212,2046.2441763877869,False
2605,6,406,startFixPeriod,1766144863.8172557,2046.7161145210266,False
2606,6,406,TargetPresentation,1766144864.5596974,2047.4585556983948,False
2607,6,406,TargetRemoval,1766144864.5666404,2047.4654989242554,True
2608,6,406,TargetReappeared,1766144864.8164706,2047.7153298854828,False
2609,6,406,LeftResponse,1766144865.4550576,2048.3539152145386,False
2610,6,407,FeedbackPeriodStarted,1766144865.4754927,2048.374348640442,False
2611,6,407,startFixDisplay,1766144865.4755583,2048.3744134902954,False
2612,6,407,startFixPeriod,1766144865.7116003,2048.610458612442,False
2613,6,407,TargetPresentation,1766144866.5789385,2049.477796316147,False
2614,6,407,TargetRemoval,1766144866.585757,2049.4846127033234,True
2615,6,407,TargetReappeared,1766144866.83571,2049.734568119049,False
2616,6,407,LeftResponse,1766144867.6826026,2050.581458568573,False
2617,6,408,FeedbackPeriodStarted,1766144867.7099586,2050.6088166236877,False
2618,6,408,startFixDisplay,1766144867.7101095,2050.6089663505554,False
2619,6,408,startFixPeriod,1766144871.2350802,2054.1339387893677,False
2620,6,408,TargetPresentation,1766144871.873453,2054.772311925888,False
2621,6,408,TargetDisplacement,1766144871.8803313,2054.779187440872,True
2622,6,408,LeftResponse,1766144872.7409003,2055.639755964279,False
2623,6,408,FeedbackPeriodStarted,1766144872.7476454,2055.646503686905,False
2624,6,409,startFixDisplay,1766144874.7598886,2057.6587464809418,False
2625,6,409,startFixPeriod,1766144874.780686,2057.6795439720154,False
2626,6,409,TargetPresentation,1766144875.856426,2058.7552852630615,False
2627,6,409,TargetDisplacement,1766144875.863521,2058.762393474579,True
2628,6,409,RightResponse,1766144876.5436842,2059.4425411224365,False
2629,6,410,FeedbackPeriodStarted,1766144876.57105,2059.4699079990387,False
2630,6,410,startFixDisplay,1766144876.5711994,2059.470056772232,False
2631,6,410,startFixPeriod,1766144876.7722745,2059.6711325645447,False
2632,6,410,TargetPresentation,1766144877.5079665,2060.4068253040314,False
2633,6,410,TargetDisplacement,1766144877.514826,2060.4136822223663,True
2634,6,410,LeftResponse,1766144878.3756747,2061.274531364441,False
2635,6,411,FeedbackPeriodStarted,1766144878.4029179,2061.3017756938934,False
2636,6,411,startFixDisplay,1766144878.40306,2061.301917076111,False
2637,6,411,startFixPeriod,1766144878.6389968,2061.537854909897,False
2638,6,411,TargetPresentation,1766144879.2912602,2062.1901183128357,False
2639,6,411,TargetDisplacement,1766144879.2982407,2062.1970994472504,True
2640,6,411,RightResponse,1766144879.9922645,2062.8911209106445,False
2641,6,412,FeedbackPeriodStarted,1766144880.0196652,2062.918520927429,False
2642,6,412,startFixDisplay,1766144880.0197332,2062.918588399887,False
2643,6,412,startFixPeriod,1766144881.7684577,2064.667313814163,False
2644,6,412,TargetPresentation,1766144883.0242982,2065.9231538772583,False
2645,6,412,TargetDisplacement,1766144883.031309,2065.9301652908325,True
2646,6,412,LeftResponse,1766144884.0655413,2066.964412212372,False
2647,6,413,FeedbackPeriodStarted,1766144884.0997572,2066.998613357544,False
2648,6,413,startFixDisplay,1766144884.0998373,2066.998692512512,False
2649,6,413,startFixPeriod,1766144884.3011036,2067.1999595165253,False
2650,6,413,TargetPresentation,1766144885.2032564,2068.1021134853363,False
2651,6,413,TargetDisplacement,1766144885.2101955,2068.1090524196625,True
2652,6,413,LeftResponse,1766144886.2304845,2069.129342317581,False
2653,6,414,FeedbackPeriodStarted,1766144886.2508745,2069.149730205536,False
2654,6,414,startFixDisplay,1766144886.2509367,2069.149791955948,False
2655,6,414,startFixPeriod,1766144886.6328475,2069.531706094742,False
2656,6,414,TargetPresentation,1766144887.486278,2070.3851342201233,False
2657,6,414,TargetRemoval,1766144887.4932365,2070.39209485054,True
2658,6,414,TargetReappeared,1766144887.7429554,2070.641813516617,False
2659,6,414,LeftResponse,1766144888.2775264,2071.176382780075,False
2660,6,414,FeedbackPeriodStarted,1766144888.2841063,2071.182964324951,False
2661,6,415,startFixDisplay,1766144890.296418,2073.1952769756317,False
2662,6,415,startFixPeriod,1766144893.3566434,2076.2555015087128,False
2663,6,415,TargetPresentation,1766144894.8138902,2077.7127492427826,False
2664,6,415,TargetRemoval,1766144894.8208177,2077.71967625618,True
2665,6,415,TargetReappeared,1766144895.07064,2077.9694986343384,False
2666,6,415,LeftResponse,1766144895.5496473,2078.4485051631927,False
2667,6,416,FeedbackPeriodStarted,1766144895.5699728,2078.468828201294,False
2668,6,416,startFixDisplay,1766144895.5700347,2078.4688897132874,False
2669,6,416,startFixPeriod,1766144895.7714887,2078.6703474521637,False
2670,6,416,TargetPresentation,1766144897.1245685,2080.0234253406525,False
2671,6,416,TargetRemoval,1766144897.1314857,2080.0303428173065,True
2672,6,416,TargetReappeared,1766144897.3813899,2080.280249118805,False
2673,6,416,RightResponse,1766144898.158806,2081.0576627254486,False
2674,6,417,FeedbackPeriodStarted,1766144898.1861384,2081.0849964618683,False
2675,6,417,startFixDisplay,1766144898.1862845,2081.085141658783,False
2676,6,417,startFixPeriod,1766144898.3736074,2081.2724657058716,False
2677,6,417,TargetPresentation,1766144899.7266924,2082.625550031662,False
2678,6,417,TargetDisplacement,1766144899.7336957,2082.632554292679,True
2679,6,417,LeftResponse,1766144900.4626088,2083.3614666461945,False
2680,6,418,FeedbackPeriodStarted,1766144900.4898696,2083.3887269496918,False
2681,6,418,startFixDisplay,1766144900.4899857,2083.388842344284,False
2682,6,418,startFixPeriod,1766144907.0751603,2089.9740188121796,False
2683,6,418,TargetPresentation,1766144908.4421434,2091.341002225876,False
2684,6,418,TargetDisplacement,1766144908.4490817,2091.3479402065277,True
2685,6,418,LeftResponse,1766144910.2188196,2093.1176767349243,False
2686,6,419,FeedbackPeriodStarted,1766144910.2460437,2093.144899368286,False
2687,6,419,startFixDisplay,1766144910.2461061,2093.144961118698,False
2688,6,419,startFixPeriod,1766144910.6279442,2093.5268025398254,False
2689,6,419,TargetPresentation,1766144911.4745646,2094.3734228610992,False
2690,6,419,TargetRemoval,1766144911.481435,2094.3802909851074,True
2691,6,419,TargetReappeared,1766144911.7311788,2094.6300349235535,False
2692,6,419,LeftResponse,1766144912.3976324,2095.2964901924133,False
2693,6,420,FeedbackPeriodStarted,1766144912.4248827,2095.323738336563,False
2694,6,420,startFixDisplay,1766144912.4249442,2095.323799133301,False
2695,6,420,startFixPeriod,1766144912.5709379,2095.469796180725,False
2696,6,420,TargetPresentation,1766144913.1675992,2096.066456079483,False
2697,6,420,TargetDisplacement,1766144913.1745448,2096.0734016895294,True
2698,6,420,LeftResponse,1766144914.895734,2097.7945914268494,False
2699,6,420,FeedbackPeriodStarted,1766144914.9093316,2097.8081896305084,False
2700,6,421,startFixDisplay,1766144916.9213614,2099.820216655731,False
2701,6,421,startFixPeriod,1766144917.1297712,2100.0286281108856,False
2702,6,421,TargetPresentation,1766144918.073478,2100.972334384918,False
2703,6,421,TargetRemoval,1766144918.0804932,2100.9793515205383,True
2704,6,421,TargetReappeared,1766144918.330209,2101.2290675640106,False
2705,6,421,RightResponse,1766144919.0935347,2101.992390394211,False
2706,6,422,FeedbackPeriodStarted,1766144919.1142275,2102.013083219528,False
2707,6,422,startFixDisplay,1766144919.1142924,2102.0131475925446,False
2708,6,422,startFixPeriod,1766144923.5344486,2106.4333069324493,False
2709,6,422,TargetPresentation,1766144924.4713178,2107.370176076889,False
2710,6,422,TargetDisplacement,1766144924.478267,2107.377125263214,True
2711,6,422,RightResponse,1766144925.1097913,2108.0086467266083,False
2712,6,423,FeedbackPeriodStarted,1766144925.1302762,2108.0291316509247,False
2713,6,423,startFixDisplay,1766144925.1303394,2108.0291945934296,False
2714,6,423,startFixPeriod,1766144926.6224928,2109.5213510990143,False
2715,6,423,TargetPresentation,1766144927.8228416,2110.721698284149,False
2716,6,423,TargetDisplacement,1766144927.8297222,2110.7285783290863,True
2717,6,423,RightResponse,1766144928.5931935,2111.4920501708984,False
2718,6,424,FeedbackPeriodStarted,1766144928.6208172,2111.5196731090546,False
2719,6,424,startFixDisplay,1766144928.6208868,2111.519742012024,False
2720,6,424,startFixPeriod,1766144928.8428047,2111.74166059494,False
2721,6,424,TargetPresentation,1766144930.2376235,2113.1364793777466,False
2722,6,424,TargetRemoval,1766144930.2446253,2113.143481492996,True
2723,6,424,TargetReappeared,1766144930.4944818,2113.393340110779,False
2724,6,424,RightResponse,1766144931.306678,2114.205535888672,False
2725,6,425,FeedbackPeriodStarted,1766144931.3338764,2114.23273229599,False
2726,6,425,startFixDisplay,1766144931.3339434,2114.2327983379364,False
2727,6,425,startFixPeriod,1766144931.847453,2114.7463104724884,False
2728,6,425,TargetPresentation,1766144932.471954,2115.3708102703094,False
2729,6,425,TargetRemoval,1766144932.4790046,2115.377863407135,True
2730,6,425,TargetReappeared,1766144932.7288122,2115.627670764923,False
2731,6,425,RightResponse,1766144934.1030166,2117.0018746852875,False
2732,6,426,FeedbackPeriodStarted,1766144934.1304927,2117.0293509960175,False
2733,6,426,startFixDisplay,1766144934.1306443,2117.0295011997223,False
2734,6,426,startFixPeriod,1766144934.3176315,2117.216488838196,False
2735,6,426,TargetPresentation,1766144935.3030038,2118.201862335205,False
2736,6,426,TargetDisplacement,1766144935.3099277,2118.2087862491608,True
2737,6,426,RightResponse,1766144937.0241058,2119.922961950302,False
2738,6,426,FeedbackPeriodStarted,1766144937.0308244,2119.9296803474426,False
2739,6,427,startFixDisplay,1766144939.0431612,2121.942019224167,False
2740,6,427,startFixPeriod,1766144939.0501373,2121.94899559021,False
2741,6,427,TargetPresentation,1766144940.0076346,2122.906490802765,False
2742,6,427,TargetRemoval,1766144940.0147269,2122.913585662842,True
2743,6,427,TargetReappeared,1766144940.2644482,2123.1633055210114,False
2744,6,427,LeftResponse,1766144940.8546169,2123.753473520279,False
2745,6,428,FeedbackPeriodStarted,1766144940.8820796,2123.78093791008,False
2746,6,428,startFixDisplay,1766144940.8822272,2123.7810842990875,False
2747,6,428,startFixPeriod,1766144941.0971997,2123.996057510376,False
2748,6,428,TargetPresentation,1766144942.2768488,2125.1757061481476,False
2749,6,428,TargetRemoval,1766144942.2838526,2125.1827099323273,True
2750,6,428,TargetReappeared,1766144942.533637,2125.4324955940247,False
2751,6,428,LeftResponse,1766144943.1167946,2126.015650033951,False
2752,6,429,FeedbackPeriodStarted,1766144943.1442928,2126.043151140213,False
2753,6,429,startFixDisplay,1766144943.1444302,2126.0432851314545,False
2754,6,429,startFixPeriod,1766144943.352471,2126.2513291835785,False
2755,6,429,TargetPresentation,1766144944.483478,2127.382336616516,False
2756,6,429,TargetDisplacement,1766144944.4904573,2127.389315843582,True
2757,6,429,RightResponse,1766144945.149764,2128.0486209392548,False
2758,6,430,FeedbackPeriodStarted,1766144945.1773286,2128.0761845111847,False
2759,6,430,startFixDisplay,1766144945.1774113,2128.076266527176,False
2760,6,430,startFixPeriod,1766144947.7031856,2130.602043867111,False
2761,6,430,TargetPresentation,1766144948.8204029,2131.719260931015,False
2762,6,430,TargetDisplacement,1766144948.827307,2131.726165533066,True
2763,6,430,LeftResponse,1766144949.5700083,2132.468864917755,False
2764,6,431,FeedbackPeriodStarted,1766144949.5974631,2132.4963212013245,False
2765,6,431,startFixDisplay,1766144949.59761,2132.4964668750763,False
2766,6,431,startFixPeriod,1766144949.784861,2132.683717250824,False
2767,6,431,TargetPresentation,1766144951.0338435,2133.9327025413513,False
2768,6,431,TargetDisplacement,1766144951.0408034,2133.9396591186523,True
2769,6,431,RightResponse,1766144951.7418957,2134.6407523155212,False
2770,6,432,FeedbackPeriodStarted,1766144951.7693098,2134.6681654453278,False
2771,6,432,startFixDisplay,1766144951.7693832,2134.668238401413,False
2772,6,432,startFixPeriod,1766144952.0191598,2134.918018102646,False
2773,6,432,TargetPresentation,1766144953.0948217,2135.9936776161194,False
2774,6,432,TargetDisplacement,1766144953.1017866,2136.0006427764893,True
2775,6,432,RightResponse,1766144954.6148179,2137.5136744976044,False
2776,6,432,FeedbackPeriodStarted,1766144954.6213615,2137.520219564438,False
2777,6,433,startFixDisplay,1766144956.6336162,2139.5324742794037,False
2778,6,433,startFixPeriod,1766144956.6406198,2139.539477586746,False
2779,6,433,TargetPresentation,1766144957.9105132,2140.8093717098236,False
2780,6,433,TargetRemoval,1766144957.9174492,2140.816306591034,True
2781,6,433,TargetReappeared,1766144958.1672792,2141.066137075424,False
2782,6,433,RightResponse,1766144958.4379659,2141.336822748184,False
2783,6,434,FeedbackPeriodStarted,1766144958.4655287,2141.364384651184,False
2784,6,434,startFixDisplay,1766144958.4655943,2141.364449262619,False
2785,6,434,startFixPeriod,1766144958.9167156,2141.8155722618103,False
2786,6,434,TargetPresentation,1766144959.437159,2142.3360176086426,False
2787,6,434,TargetDisplacement,1766144959.4440553,2142.342913866043,True
2788,6,434,LeftResponse,1766144960.221292,2143.1201486587524,False
2789,6,435,FeedbackPeriodStarted,1766144960.2488563,2143.1477122306824,False
2790,6,435,startFixDisplay,1766144960.2489226,2143.1477777957916,False
2791,6,435,startFixPeriod,1766144960.4433343,2143.34219288826,False
2792,6,435,TargetPresentation,1766144961.7686465,2144.667504787445,False
2793,6,435,TargetDisplacement,1766144961.7754693,2144.6743252277374,True
2794,6,435,RightResponse,1766144963.281736,2146.1805922985077,False
2795,6,436,FeedbackPeriodStarted,1766144963.3090403,2146.2078986167908,False
2796,6,436,startFixDisplay,1766144963.3092015,2146.2080585956573,False
2797,6,436,startFixPeriod,1766144963.4965239,2146.395382165909,False
2798,6,436,TargetPresentation,1766144964.7732842,2147.672142267227,False
2799,6,436,TargetRemoval,1766144964.780221,2147.6790795326233,True
2800,6,436,TargetReappeared,1766144965.0299742,2147.928832769394,False
2801,6,436,RightResponse,1766144966.0640073,2148.9628641605377,False
2802,6,437,FeedbackPeriodStarted,1766144966.0914364,2148.990292072296,False
2803,6,437,startFixDisplay,1766144966.0915012,2148.990356206894,False
2804,6,437,startFixPeriod,1766144966.3483977,2149.2472591400146,False
2805,6,437,TargetPresentation,1766144967.7501438,2150.649002313614,False
2806,6,437,TargetDisplacement,1766144967.756926,2150.655782222748,True
2807,6,437,LeftResponse,1766144968.6454425,2151.5443003177643,False
2808,6,438,FeedbackPeriodStarted,1766144968.672936,2151.571794271469,False
2809,6,438,startFixDisplay,1766144968.673086,2151.571942806244,False
2810,6,438,startFixPeriod,1766144968.9018571,2151.800714492798,False
2811,6,438,TargetPresentation,1766144969.6721253,2152.5709838867188,False
2812,6,438,TargetRemoval,1766144969.679061,2152.5779192447662,True
2813,6,438,TargetReappeared,1766144969.9289086,2152.8277671337128,False
2814,6,438,RightResponse,1766144970.7757704,2153.674626350403,False
2815,6,438,FeedbackPeriodStarted,1766144970.7824183,2153.6812767982483,False
2816,6,439,startFixDisplay,1766144972.794544,2155.69339966774,False
2817,6,439,startFixPeriod,1766144973.2944477,2156.1933059692383,False
2818,6,439,TargetPresentation,1766144974.4739704,2157.372829914093,False
2819,6,439,TargetDisplacement,1766144974.4808278,2157.379684448242,True
2820,6,439,RightResponse,1766144975.7793171,2158.6781752109528,False
2821,6,440,FeedbackPeriodStarted,1766144975.8062572,2158.7051153182983,False
2822,6,440,startFixDisplay,1766144975.806442,2158.7052989006042,False
2823,6,440,startFixPeriod,1766144976.625108,2159.52396607399,False
2824,6,440,TargetPresentation,1766144977.3189485,2160.217805624008,False
2825,6,440,TargetRemoval,1766144977.3259256,2160.224784374237,True
2826,6,440,TargetReappeared,1766144977.575812,2160.4746708869934,False
2827,6,440,RightResponse,1766144978.152035,2161.050892829895,False
2828,6,441,FeedbackPeriodStarted,1766144978.1793594,2161.0782177448273,False
2829,6,441,startFixDisplay,1766144978.1795385,2161.0783953666687,False
2830,6,441,startFixPeriod,1766144979.4700706,2162.3689289093018,False
2831,6,441,TargetPresentation,1766144979.990537,2162.889392852783,False
2832,6,441,TargetDisplacement,1766144979.9975,2162.8963584899902,True
2833,6,441,RightResponse,1766144981.6353161,2164.53417301178,False
2834,6,442,FeedbackPeriodStarted,1766144981.6628063,2164.561664581299,False
2835,6,442,startFixDisplay,1766144981.6629589,2164.561815738678,False
2836,6,442,startFixPeriod,1766144981.871064,2164.7699222564697,False
2837,6,442,TargetPresentation,1766144983.161736,2166.0605931282043,False
2838,6,442,TargetRemoval,1766144983.1686385,2166.0674941539764,True
2839,6,442,TargetReappeared,1766144983.418494,2166.3173537254333,False
2840,6,442,RightResponse,1766144984.105606,2167.0044627189636,False
2841,6,443,FeedbackPeriodStarted,1766144984.1330476,2167.0319056510925,False
2842,6,443,startFixDisplay,1766144984.133195,2167.0320520401,False
2843,6,443,startFixPeriod,1766144986.103834,2169.002692461014,False
2844,6,443,TargetPresentation,1766144987.4153082,2170.314167022705,False
2845,6,443,TargetDisplacement,1766144987.4222996,2170.3211584091187,True
2846,6,443,LeftResponse,1766144988.2967854,2171.195641040802,False
2847,6,444,FeedbackPeriodStarted,1766144988.3242447,2171.2231030464172,False
2848,6,444,startFixDisplay,1766144988.3244123,2171.223270177841,False
2849,6,444,startFixPeriod,1766144988.5255048,2171.4243631362915,False
2850,6,444,TargetPresentation,1766144989.7815745,2172.680431127548,False
2851,6,444,TargetDisplacement,1766144989.7884731,2172.6873297691345,True
2852,6,444,RightResponse,1766144990.2466369,2173.1454927921295,False
2853,6,444,FeedbackPeriodStarted,1766144990.2533407,2173.152197122574,False
2854,6,445,startFixDisplay,1766144992.265553,2175.164410829544,False
2855,6,445,startFixPeriod,1766144992.5362525,2175.4351105690002,False
2856,6,445,TargetPresentation,1766144993.6603887,2176.5592477321625,False
2857,6,445,TargetDisplacement,1766144993.875266,2176.7741215229034,True
2858,6,445,LeftResponse,1766144994.7014673,2177.6003239154816,False
2859,6,446,FeedbackPeriodStarted,1766144994.7288475,2177.62770318985,False
2860,6,446,startFixDisplay,1766144994.7289097,2177.627764940262,False
2861,6,446,startFixPeriod,1766144995.2287307,2178.1275885105133,False
2862,6,446,TargetPresentation,1766144995.7837787,2178.682636499405,False
2863,6,446,TargetRemoval,1766144996.4082687,2179.307126760483,True
2864,6,446,TargetReappeared,1766144996.6581047,2179.5569632053375,False
2865,6,446,RightResponse,1766144997.3524039,2180.251261949539,False
2866,6,447,FeedbackPeriodStarted,1766144997.3796308,2180.278489112854,False
2867,6,447,startFixDisplay,1766144997.379772,2180.27862906456,False
2868,6,447,startFixPeriod,1766144997.7545035,2180.65336227417,False
2869,6,447,TargetPresentation,1766144998.9271734,2181.8260316848755,False
2870,6,447,TargetRemoval,1766144999.641728,2182.5405831336975,True
2871,6,447,TargetReappeared,1766144999.8917134,2182.7905719280243,False
2872,6,447,LeftResponse,1766145000.3708012,2183.269658088684,False
2873,6,448,FeedbackPeriodStarted,1766145000.398091,2183.296949148178,False
2874,6,448,startFixDisplay,1766145000.398232,2183.297089099884,False
2875,6,448,startFixPeriod,1766145000.45381,2183.35266828537,False
2876,6,448,TargetPresentation,1766145000.9950037,2183.89386177063,False
2877,6,448,TargetDisplacement,1766145001.0019445,2183.900803565979,True
2878,6,448,LeftResponse,1766145001.8694782,2184.7683346271515,False
2879,6,449,FeedbackPeriodStarted,1766145001.8969378,2184.795795917511,False
2880,6,449,startFixDisplay,1766145001.897078,2184.7959349155426,False
2881,6,449,startFixPeriod,1766145002.1676857,2185.0665442943573,False
2882,6,449,TargetPresentation,1766145002.9518034,2185.8506603240967,False
2883,6,449,TargetDisplacement,1766145002.9586957,2185.8575518131256,True
2884,6,449,LeftResponse,1766145004.1108227,2187.009679555893,False
2885,6,450,FeedbackPeriodStarted,1766145004.1382284,2187.0370864868164,False
2886,6,450,startFixDisplay,1766145004.138357,2187.0372121334076,False
2887,6,450,startFixPeriod,1766145004.3604996,2187.2593581676483,False
2888,6,450,TargetPresentation,1766145005.5678291,2188.4666876792908,False
2889,6,450,TargetDisplacement,1766145005.574786,2188.473641872406,True
2890,6,450,RightResponse,1766145007.3168545,2190.215709924698,False
2891,6,450,FeedbackPeriodStarted,1766145007.323483,2190.222341299057,False
2892,6,451,startFixDisplay,1766145009.6270232,2192.5258791446686,False
2893,6,451,startFixPeriod,1766145009.6340244,2192.532882452011,False
2894,6,451,TargetPresentation,1766145010.2031112,2193.1019716262817,False
2895,6,451,TargetDisplacement,1766145010.2099745,2193.108830690384,True
2896,6,451,RightResponse,1766145011.0497768,2193.9486334323883,False
2897,6,452,FeedbackPeriodStarted,1766145011.077362,2193.976220369339,False
2898,6,452,startFixDisplay,1766145011.0775304,2193.9763872623444,False
2899,6,452,startFixPeriod,1766145011.2577953,2194.1566519737244,False
2900,6,452,TargetPresentation,1766145012.3055189,2195.204376935959,False
2901,6,452,TargetDisplacement,1766145012.3123975,2195.211253643036,True
2902,6,452,LeftResponse,1766145014.0889752,2196.9878306388855,False
2903,6,453,FeedbackPeriodStarted,1766145014.109521,2197.0083768367767,False
2904,6,453,startFixDisplay,1766145014.1095796,2197.0084347724915,False
2905,6,453,startFixPeriod,1766145014.4566212,2197.3554768562317,False
2906,6,453,TargetPresentation,1766145015.2617168,2198.160574913025,False
2907,6,453,TargetRemoval,1766145015.2684855,2198.167343854904,True
2908,6,453,TargetReappeared,1766145015.5183601,2198.417216539383,False
2909,6,453,LeftResponse,1766145016.0946643,2198.9935204982758,False
2910,6,454,FeedbackPeriodStarted,1766145016.1218355,2199.0206911563873,False
2911,6,454,startFixDisplay,1766145016.1218984,2199.020753622055,False
2912,6,454,startFixPeriod,1766145016.3442087,2199.2430670261383,False
2913,6,454,TargetPresentation,1766145017.683441,2200.5823011398315,False
2914,6,454,TargetDisplacement,1766145017.690285,2200.5891420841217,True
2915,6,454,RightResponse,1766145019.2934551,2202.192311525345,False
2916,6,455,FeedbackPeriodStarted,1766145019.3208754,2202.219733953476,False
2917,6,455,startFixDisplay,1766145019.321012,2202.2198688983917,False
2918,6,455,startFixPeriod,1766145019.5639164,2202.462774038315,False
2919,6,455,TargetPresentation,1766145020.0635812,2202.9624395370483,False
2920,6,455,TargetDisplacement,1766145020.070428,2202.969284772873,True
2921,6,455,FeedbackPeriodStarted,1766145022.0757833,2204.9746391773224,False
2922,6,456,startFixDisplay,1766145022.588991,2205.4878463745117,False
2923,6,456,startFixPeriod,1766145023.8104906,2206.7093465328217,False
2924,6,456,TargetPresentation,1766145025.156661,2208.0555193424225,False
2925,6,456,TargetRemoval,1766145025.163593,2208.0624499320984,True
2926,6,456,TargetReappeared,1766145025.4133348,2208.3121910095215,False
2927,6,456,RightResponse,1766145025.9062443,2208.805100917816,False
2928,6,456,FeedbackPeriodStarted,1766145025.9130108,2208.8118691444397,False
2929,6,457,startFixDisplay,1766145027.9252315,2210.82408952713,False
2930,6,457,startFixPeriod,1766145027.9321404,2210.830997943878,False
2931,6,457,TargetPresentation,1766145028.709528,2211.6083855628967,False
2932,6,457,TargetRemoval,1766145028.7164857,2211.615344285965,True
2933,6,457,TargetReappeared,1766145028.9662642,2211.8651225566864,False
2934,6,457,LeftResponse,1766145029.6882362,2212.5870945453644,False
2935,6,458,FeedbackPeriodStarted,1766145029.7225153,2212.621373653412,False
2936,6,458,startFixDisplay,1766145029.7226617,2212.621518611908,False
2937,6,458,startFixPeriod,1766145029.9167995,2212.8156566619873,False
2938,6,458,TargetPresentation,1766145031.2977462,2214.1966047286987,False
2939,6,458,TargetDisplacement,1766145031.346231,2214.2450890541077,True
2940,6,458,RightResponse,1766145031.9987817,2214.897638320923,False
2941,6,459,FeedbackPeriodStarted,1766145032.0262303,2214.9250886440277,False
2942,6,459,startFixDisplay,1766145032.0263395,2214.9251947402954,False
2943,6,459,startFixPeriod,1766145032.2414186,2215.140276193619,False
2944,6,459,TargetPresentation,1766145033.2544703,2216.1533262729645,False
2945,6,459,TargetRemoval,1766145033.2614157,2216.1602721214294,True
2946,6,459,TargetReappeared,1766145033.5112455,2216.4101042747498,False
2947,6,459,RightResponse,1766145034.2747896,2217.173646211624,False
2948,6,460,FeedbackPeriodStarted,1766145034.3022335,2217.201091527939,False
2949,6,460,startFixDisplay,1766145034.3023832,2217.2012383937836,False
2950,6,460,startFixPeriod,1766145034.5382228,2217.437080860138,False
2951,6,460,TargetPresentation,1766145035.1697485,2218.0686054229736,False
2952,6,460,TargetDisplacement,1766145035.1767209,2218.075578927994,True
2953,6,460,RightResponse,1766145036.5785062,2219.4773621559143,False
2954,6,461,FeedbackPeriodStarted,1766145036.6058803,2219.5047359466553,False
2955,6,461,startFixDisplay,1766145036.6059432,2219.504798412323,False
2956,6,461,startFixPeriod,1766145036.828134,2219.726992368698,False
2957,6,461,TargetPresentation,1766145038.0702798,2220.9691383838654,False
2958,6,461,TargetDisplacement,1766145038.0772188,2220.976077079773,True
2959,6,461,LeftResponse,1766145038.7713144,2221.670172214508,False
2960,6,461,FeedbackPeriodStarted,1766145038.8126054,2221.711463689804,False
2961,7,462,startFixDisplay,1766145048.2774756,2231.176333665848,False
2962,7,462,startFixPeriod,1766145049.6307924,2232.5296502113342,False
2963,7,462,TargetPresentation,1766145050.9907653,2233.889623403549,False
2964,7,462,TargetRemoval,1766145050.9976614,2233.896517753601,True
2965,7,462,TargetReappeared,1766145051.2475557,2234.1464138031006,False
2966,7,462,RightResponse,1766145051.6224396,2234.5212960243225,False
2967,7,463,FeedbackPeriodStarted,1766145051.6498027,2234.5486583709717,False
2968,7,463,startFixDisplay,1766145051.6498682,2234.548723459244,False
2969,7,463,startFixPeriod,1766145051.885896,2234.784754514694,False
2970,7,463,TargetPresentation,1766145053.2250552,2236.123913526535,False
2971,7,463,TargetDisplacement,1766145053.2320719,2236.130930185318,True
2972,7,463,RightResponse,1766145055.1684704,2238.0673282146454,False
2973,7,464,FeedbackPeriodStarted,1766145055.1957004,2238.094558954239,False
2974,7,464,startFixDisplay,1766145055.1958537,2238.0947110652924,False
2975,7,464,startFixPeriod,1766145055.376232,2238.2750902175903,False
2976,7,464,TargetPresentation,1766145056.8612247,2239.760082960129,False
2977,7,464,TargetRemoval,1766145056.8681135,2239.7669718265533,True
2978,7,464,TargetReappeared,1766145057.117894,2240.0167520046234,False
2979,7,464,LeftResponse,1766145058.26293,2241.161785364151,False
2980,7,465,FeedbackPeriodStarted,1766145058.2904758,2241.1893322467804,False
2981,7,465,startFixDisplay,1766145058.29057,2241.189425945282,False
2982,7,465,startFixPeriod,1766145058.47098,2241.3698382377625,False
2983,7,465,TargetPresentation,1766145059.2898319,2242.1886892318726,False
2984,7,465,TargetDisplacement,1766145059.9558113,2242.8546667099,True
2985,7,465,LeftResponse,1766145060.70574,2243.6045956611633,False
2986,7,466,FeedbackPeriodStarted,1766145060.7330012,2243.631859064102,False
2987,7,466,startFixDisplay,1766145060.733152,2243.6320090293884,False
2988,7,466,startFixPeriod,1766145060.8857617,2243.7846188545227,False
2989,7,466,TargetPresentation,1766145062.1833308,2245.0821890830994,False
2990,7,466,TargetRemoval,1766145062.1902704,2245.0891287326813,True
2991,7,466,TargetReappeared,1766145062.440166,2245.339024066925,False
2992,7,466,RightResponse,1766145063.3286233,2246.2274808883667,False
2993,7,467,FeedbackPeriodStarted,1766145063.3560338,2246.254891872406,False
2994,7,467,startFixDisplay,1766145063.3561738,2246.2550308704376,False
2995,7,467,startFixPeriod,1766145063.5365686,2246.4354269504547,False
2996,7,467,TargetPresentation,1766145064.688394,2247.587253332138,False
2997,7,467,TargetDisplacement,1766145064.6953526,2247.5942108631134,True
2998,7,467,RightResponse,1766145065.7017756,2248.600632429123,False
2999,7,468,FeedbackPeriodStarted,1766145065.729114,2248.6279723644257,False
3000,7,468,startFixDisplay,1766145065.7292569,2248.6281139850616,False
3001,7,468,startFixPeriod,1766145065.8956518,2248.794507741928,False
3002,7,468,TargetPresentation,1766145067.1865711,2250.085429906845,False
3003,7,468,TargetDisplacement,1766145067.193501,2250.0923595428467,True
3004,7,468,RightResponse,1766145068.019496,2250.918354034424,False
3005,7,468,FeedbackPeriodStarted,1766145068.025938,2250.924796104431,False
3006,7,469,startFixDisplay,1766145070.0381157,2252.9369716644287,False
3007,7,469,startFixPeriod,1766145070.2952065,2253.1940653324127,False
3008,7,469,TargetPresentation,1766145070.8086023,2253.7074608802795,False
3009,7,469,TargetDisplacement,1766145070.8155956,2253.7144536972046,True
3010,7,469,RightResponse,1766145071.5583527,2254.4572105407715,False
3011,7,470,FeedbackPeriodStarted,1766145071.5856786,2254.484537124634,False
3012,7,470,startFixDisplay,1766145071.585833,2254.4846880435944,False
3013,7,470,startFixPeriod,1766145071.7592924,2254.6581511497498,False
3014,7,470,TargetPresentation,1766145073.1194155,2256.018274784088,False
3015,7,470,TargetDisplacement,1766145073.126274,2256.025132417679,True
3016,7,470,RightResponse,1766145073.9590778,2256.8579337596893,False
3017,7,471,FeedbackPeriodStarted,1766145073.9866,2256.8854582309723,False
3018,7,471,startFixDisplay,1766145073.986745,2256.8856019973755,False
3019,7,471,startFixPeriod,1766145074.1809914,2257.079849720001,False
3020,7,471,TargetPresentation,1766145074.9374373,2257.8362953662872,False
3021,7,471,TargetRemoval,1766145074.9443007,2257.8431589603424,True
3022,7,471,TargetReappeared,1766145075.1940126,2258.092868566513,False
3023,7,471,RightResponse,1766145075.7286994,2258.6275572776794,False
3024,7,472,FeedbackPeriodStarted,1766145075.7561405,2258.654999256134,False
3025,7,472,startFixDisplay,1766145075.7562847,2258.6551415920258,False
3026,7,472,startFixPeriod,1766145076.0753381,2258.974196910858,False
3027,7,472,TargetPresentation,1766145077.4145606,2260.313418865204,False
3028,7,472,TargetRemoval,1766145077.7823024,2260.6811606884003,True
3029,7,472,TargetReappeared,1766145078.0320563,2260.930913925171,False
3030,7,472,LeftResponse,1766145078.6705887,2261.569444179535,False
3031,7,473,FeedbackPeriodStarted,1766145078.6982422,2261.597100496292,False
3032,7,473,startFixDisplay,1766145078.6984038,2261.597260951996,False
3033,7,473,startFixPeriod,1766145078.9967349,2261.895591020584,False
3034,7,473,TargetPresentation,1766145079.9612746,2262.860132932663,False
3035,7,473,TargetDisplacement,1766145079.968221,2262.867079257965,True
3036,7,473,LeftResponse,1766145080.6902049,2263.5890617370605,False
3037,7,474,FeedbackPeriodStarted,1766145080.7173848,2263.616240501404,False
3038,7,474,startFixDisplay,1766145080.7174501,2263.6163053512573,False
3039,7,474,startFixPeriod,1766145080.8632302,2263.7620882987976,False
3040,7,474,TargetPresentation,1766145082.334452,2265.233310699463,False
3041,7,474,TargetRemoval,1766145082.3413222,2265.240180492401,True
3042,7,474,TargetReappeared,1766145082.5911782,2265.490038394928,False
3043,7,474,LeftResponse,1766145083.271478,2266.170336008072,False
3044,7,474,FeedbackPeriodStarted,1766145083.278071,2266.176929473877,False
3045,7,475,startFixDisplay,1766145085.2902699,2268.1891276836395,False
3046,7,475,startFixPeriod,1766145085.4014273,2268.3002858161926,False
3047,7,475,TargetPresentation,1766145086.178624,2269.0774824619293,False
3048,7,475,TargetRemoval,1766145086.1854994,2269.0843551158905,True
3049,7,475,TargetReappeared,1766145086.435351,2269.33420753479,False
3050,7,475,LeftResponse,1766145087.0671306,2269.9659876823425,False
3051,7,476,FeedbackPeriodStarted,1766145087.094302,2269.99315738678,False
3052,7,476,startFixDisplay,1766145087.0943654,2269.9932205677032,False
3053,7,476,startFixPeriod,1766145087.3305223,2270.229380607605,False
3054,7,476,TargetPresentation,1766145087.8369758,2270.735831975937,False
3055,7,476,TargetRemoval,1766145088.1422408,2271.0410990715027,True
3056,7,476,TargetReappeared,1766145088.3922,2271.291058778763,False
3057,7,476,RightResponse,1766145088.857411,2271.756268978119,False
3058,7,477,FeedbackPeriodStarted,1766145088.8846161,2271.7834718227386,False
3059,7,477,startFixDisplay,1766145088.884682,2271.7835371494293,False
3060,7,477,startFixPeriod,1766145089.4815657,2272.3804240226746,False
3061,7,477,TargetPresentation,1766145090.7167675,2273.6156239509583,False
3062,7,477,TargetDisplacement,1766145090.7374175,2273.63627576828,True
3063,7,477,RightResponse,1766145091.3832052,2274.2820630073547,False
3064,7,478,FeedbackPeriodStarted,1766145091.4106102,2274.3094685077667,False
3065,7,478,startFixDisplay,1766145091.4106958,2274.3095507621765,False
3066,7,478,startFixPeriod,1766145091.6047838,2274.503639936447,False
3067,7,478,TargetPresentation,1766145092.7359526,2275.6348094940186,False
3068,7,478,TargetDisplacement,1766145092.7427924,2275.641648054123,True
3069,7,478,RightResponse,1766145093.5272825,2276.4261400699615,False
3070,7,479,FeedbackPeriodStarted,1766145093.5546367,2276.453494787216,False
3071,7,479,startFixDisplay,1766145093.5547225,2276.4535777568817,False
3072,7,479,startFixPeriod,1766145093.7282841,2276.627142429352,False
3073,7,479,TargetPresentation,1766145094.5263312,2277.425188302994,False
3074,7,479,TargetRemoval,1766145094.5332491,2277.4321076869965,True
3075,7,479,TargetReappeared,1766145094.7830513,2277.681909561157,False
3076,7,479,LeftResponse,1766145095.359239,2278.2580988407135,False
3077,7,480,FeedbackPeriodStarted,1766145095.386735,2278.285593509674,False
3078,7,480,startFixDisplay,1766145095.386847,2278.285702228546,False
3079,7,480,startFixPeriod,1766145095.6157844,2278.514642238617,False
3080,7,480,TargetPresentation,1766145096.3372846,2279.2361431121826,False
3081,7,480,TargetDisplacement,1766145096.3442543,2279.243113040924,True
3082,7,480,LeftResponse,1766145097.1287432,2280.027601003647,False
3083,7,480,FeedbackPeriodStarted,1766145097.1354136,2280.0342721939087,False
3084,7,481,startFixDisplay,1766145099.1474197,2282.046275138855,False
3085,7,481,startFixPeriod,1766145099.175347,2282.0742053985596,False
3086,7,481,TargetPresentation,1766145100.1191325,2283.0179908275604,False
3087,7,481,TargetDisplacement,1766145100.1261148,2283.0249733924866,True
3088,7,481,RightResponse,1766145100.792498,2283.6913545131683,False
3089,7,482,FeedbackPeriodStarted,1766145100.8197246,2283.7185802459717,False
3090,7,482,startFixDisplay,1766145100.8197892,2283.718644142151,False
3091,7,482,startFixPeriod,1766145101.0558617,2283.954720020294,False
3092,7,482,TargetPresentation,1766145102.180066,2285.0789246559143,False
3093,7,482,TargetDisplacement,1766145102.1869586,2285.0858170986176,True
3094,7,482,RightResponse,1766145103.5126805,2286.4115381240845,False
3095,7,483,FeedbackPeriodStarted,1766145103.5399494,2286.438807249069,False
3096,7,483,startFixDisplay,1766145103.540084,2286.438941001892,False
3097,7,483,startFixPeriod,1766145103.7135696,2286.6124279499054,False
3098,7,483,TargetPresentation,1766145104.9001672,2287.799025774002,False
3099,7,483,TargetDisplacement,1766145104.9071045,2287.8059628009796,True
3100,7,483,LeftResponse,1766145105.7053082,2288.604166030884,False
3101,7,484,FeedbackPeriodStarted,1766145105.7326686,2288.6315269470215,False
3102,7,484,startFixDisplay,1766145105.7327898,2288.6316447257996,False
3103,7,484,startFixPeriod,1766145108.9595013,2291.85835814476,False
3104,7,484,TargetPresentation,1766145110.3888705,2293.2877266407013,False
3105,7,484,TargetDisplacement,1766145110.395842,2293.29470038414,True
3106,7,484,LeftResponse,1766145111.6241612,2294.523017168045,False
3107,7,485,FeedbackPeriodStarted,1766145111.651546,2294.550401687622,False
3108,7,485,startFixDisplay,1766145111.6516082,2294.550463438034,False
3109,7,485,startFixPeriod,1766145112.0681934,2294.9670519828796,False
3110,7,485,TargetPresentation,1766145112.7481396,2295.6469979286194,False
3111,7,485,TargetRemoval,1766145112.7551637,2295.6540219783783,True
3112,7,485,TargetReappeared,1766145113.0049324,2295.9037902355194,False
3113,7,485,LeftResponse,1766145113.5255713,2296.4244294166565,False
3114,7,486,FeedbackPeriodStarted,1766145113.5530403,2296.451898574829,False
3115,7,486,startFixDisplay,1766145113.5531843,2296.4520411491394,False
3116,7,486,startFixPeriod,1766145113.560058,2296.4589166641235,False
3117,7,486,TargetPresentation,1766145114.3234112,2297.2222723960876,False
3118,7,486,TargetDisplacement,1766145114.3303163,2297.229174852371,True
3119,7,486,LeftResponse,1766145114.92733,2297.826187849045,False
3120,7,486,FeedbackPeriodStarted,1766145114.9339101,2297.832765817642,False
3121,7,487,startFixDisplay,1766145116.946162,2299.845020532608,False
3122,7,487,startFixPeriod,1766145117.3070993,2300.205957889557,False
3123,7,487,TargetPresentation,1766145118.1050873,2301.003945827484,False
3124,7,487,TargetRemoval,1766145118.1119115,2301.0107674598694,True
3125,7,487,TargetReappeared,1766145118.3618567,2301.260715484619,False
3126,7,487,LeftResponse,1766145118.8477936,2301.7466492652893,False
3127,7,488,FeedbackPeriodStarted,1766145118.8751986,2301.7740569114685,False
3128,7,488,startFixDisplay,1766145118.87534,2301.7741968631744,False
3129,7,488,startFixPeriod,1766145118.8821046,2301.780962705612,False
3130,7,488,TargetPresentation,1766145119.9509337,2302.84979224205,False
3131,7,488,TargetDisplacement,1766145120.7972834,2303.6961410045624,True
3132,7,488,RightResponse,1766145121.3598368,2304.258693218231,False
3133,7,489,FeedbackPeriodStarted,1766145121.3871214,2304.2859795093536,False
3134,7,489,startFixDisplay,1766145121.3872662,2304.2861230373383,False
3135,7,489,startFixPeriod,1766145121.5954313,2304.494290113449,False
3136,7,489,TargetPresentation,1766145122.6432364,2305.542095184326,False
3137,7,489,TargetDisplacement,1766145122.6501052,2305.5489637851715,True
3138,7,489,RightResponse,1766145124.35741,2307.256268262863,False
3139,7,490,FeedbackPeriodStarted,1766145124.3848839,2307.283742427826,False
3140,7,490,startFixDisplay,1766145124.385033,2307.2838900089264,False
3141,7,490,startFixPeriod,1766145124.4057515,2307.304609775543,False
3142,7,490,TargetPresentation,1766145125.897612,2308.7964680194855,False
3143,7,490,TargetRemoval,1766145125.9046657,2308.803522348404,True
3144,7,490,TargetReappeared,1766145126.154419,2309.0532779693604,False
3145,7,490,LeftResponse,1766145127.3271968,2310.2260534763336,False
3146,7,491,FeedbackPeriodStarted,1766145127.3546815,2310.253537416458,False
3147,7,491,startFixDisplay,1766145127.3547487,2310.2536039352417,False
3148,7,491,startFixPeriod,1766145127.5352275,2310.434086084366,False
3149,7,491,TargetPresentation,1766145128.1528368,2311.0516951084137,False
3150,7,491,TargetDisplacement,1766145128.1597366,2311.058592557907,True
3151,7,491,FeedbackPeriodStarted,1766145130.1719847,2313.0708405971527,False
3152,7,492,startFixDisplay,1766145130.6852937,2313.5841488838196,False
3153,7,492,startFixPeriod,1766145130.907614,2313.8064720630646,False
3154,7,492,TargetPresentation,1766145131.9137046,2314.8125631809235,False
3155,7,492,TargetDisplacement,1766145131.9206393,2314.819495201111,True
3156,7,492,LeftResponse,1766145133.863841,2316.762697458267,False
3157,7,492,FeedbackPeriodStarted,1766145133.8704703,2316.7693285942078,False
3158,7,493,startFixDisplay,1766145135.8827546,2318.7816128730774,False
3159,7,493,startFixPeriod,1766145135.8896496,2318.788505077362,False
3160,7,493,TargetPresentation,1766145136.3962913,2319.2951493263245,False
3161,7,493,TargetDisplacement,1766145136.4032762,2319.3021342754364,True
3162,7,493,RightResponse,1766145137.062724,2319.9615819454193,False
3163,7,494,FeedbackPeriodStarted,1766145137.090237,2319.989095211029,False
3164,7,494,startFixDisplay,1766145137.0904028,2319.9892604351044,False
3165,7,494,startFixPeriod,1766145137.2985704,2320.197428703308,False
3166,7,494,TargetPresentation,1766145137.7981012,2320.696959733963,False
3167,7,494,TargetDisplacement,1766145137.804897,2320.703754901886,True
3168,7,494,RightResponse,1766145138.506081,2321.404937028885,False
3169,7,495,FeedbackPeriodStarted,1766145138.533525,2321.432383298874,False
3170,7,495,startFixDisplay,1766145138.5336618,2321.4325189590454,False
3171,7,495,startFixPeriod,1766145138.970695,2321.869550704956,False
3172,7,495,TargetPresentation,1766145139.5676095,2322.4664673805237,False
3173,7,495,TargetDisplacement,1766145139.574565,2322.4734230041504,True
3174,7,495,RightResponse,1766145140.761103,2323.6599583625793,False
3175,7,496,FeedbackPeriodStarted,1766145140.788556,2323.6874117851257,False
3176,7,496,startFixDisplay,1766145140.7886236,2323.687478542328,False
3177,7,496,startFixPeriod,1766145140.989912,2323.8887684345245,False
3178,7,496,TargetPresentation,1766145141.5312622,2324.430120944977,False
3179,7,496,TargetDisplacement,1766145141.538144,2324.437002658844,True
3180,7,496,LeftResponse,1766145142.2738798,2325.172735929489,False
3181,7,497,FeedbackPeriodStarted,1766145142.3013644,2325.200222492218,False
3182,7,497,startFixDisplay,1766145142.3015287,2325.2003836631775,False
3183,7,497,startFixPeriod,1766145142.4888403,2325.38769698143,False
3184,7,497,TargetPresentation,1766145143.0300117,2325.9288675785065,False
3185,7,497,TargetDisplacement,1766145143.0369394,2325.9357948303223,True
3186,7,497,RightResponse,1766145144.1890037,2327.0878603458405,False
3187,7,498,FeedbackPeriodStarted,1766145144.216434,2327.1152894496918,False
3188,7,498,startFixDisplay,1766145144.216494,2327.115349292755,False
3189,7,498,startFixPeriod,1766145144.4039998,2327.3028569221497,False
3190,7,498,TargetPresentation,1766145145.2089355,2328.1077914237976,False
3191,7,498,TargetDisplacement,1766145145.2158656,2328.1147243976593,True
3192,7,498,RightResponse,1766145146.610881,2329.509736776352,False
3193,7,498,FeedbackPeriodStarted,1766145146.6173897,2329.51624584198,False
3194,7,499,startFixDisplay,1766145148.6296375,2331.5284926891327,False
3195,7,499,startFixPeriod,1766145148.9075022,2331.806357860565,False
3196,7,499,TargetPresentation,1766145150.2605457,2333.1594038009644,False
3197,7,499,TargetDisplacement,1766145150.2674813,2333.166340112686,True
3198,7,499,RightResponse,1766145150.8577526,2333.7566106319427,False
3199,7,500,FeedbackPeriodStarted,1766145150.8849077,2333.783763408661,False
3200,7,500,startFixDisplay,1766145150.8849704,2333.7838253974915,False
3201,7,500,startFixPeriod,1766145154.9166384,2337.8154969215393,False
3202,7,500,TargetPresentation,1766145156.0199094,2338.918767929077,False
3203,7,500,TargetDisplacement,1766145156.0267355,2338.925591468811,True
3204,7,500,RightResponse,1766145156.901449,2339.8003046512604,False
3205,7,501,FeedbackPeriodStarted,1766145156.928879,2339.827734708786,False
3206,7,501,startFixDisplay,1766145156.9289415,2339.827796936035,False
3207,7,501,startFixPeriod,1766145157.1232238,2340.022082090378,False
3208,7,501,TargetPresentation,1766145158.2544086,2341.1532678604126,False
3209,7,501,TargetRemoval,1766145158.2613122,2341.160171031952,True
3210,7,501,TargetReappeared,1766145158.5111682,2341.41002702713,False
3211,7,501,RightResponse,1766145159.2886865,2342.1875429153442,False
3212,7,502,FeedbackPeriodStarted,1766145159.3158102,2342.2146661281586,False
3213,7,502,startFixDisplay,1766145159.3158743,2342.214729309082,False
3214,7,502,startFixPeriod,1766145161.737825,2344.6366832256317,False
3215,7,502,TargetPresentation,1766145162.7577367,2345.6565952301025,False
3216,7,502,TargetDisplacement,1766145162.7646046,2345.663460254669,True
3217,7,502,LeftResponse,1766145163.632341,2346.531198978424,False
3218,7,503,FeedbackPeriodStarted,1766145163.6598315,2346.558690071106,False
3219,7,503,startFixDisplay,1766145163.6599824,2346.5588393211365,False
3220,7,503,startFixPeriod,1766145164.0970879,2346.995945930481,False
3221,7,503,TargetPresentation,1766145164.7423017,2347.6411600112915,False
3222,7,503,TargetDisplacement,1766145164.7492957,2347.648153781891,True
3223,7,503,RightResponse,1766145166.3663383,2349.265196084976,False
3224,7,504,FeedbackPeriodStarted,1766145166.3937154,2349.2925736904144,False
3225,7,504,startFixDisplay,1766145166.39386,2349.2927169799805,False
3226,7,504,startFixPeriod,1766145167.406873,2350.3057310581207,False
3227,7,504,TargetPresentation,1766145168.079934,2350.9787907600403,False
3228,7,504,TargetDisplacement,1766145168.0868669,2350.9857227802277,True
3229,7,504,LeftResponse,1766145169.030908,2351.929764986038,False
3230,7,504,FeedbackPeriodStarted,1766145169.044503,2351.943358898163,False
3231,7,505,startFixDisplay,1766145171.0636456,2353.962503671646,False
3232,7,505,startFixPeriod,1766145171.265062,2354.1639206409454,False
3233,7,505,TargetPresentation,1766145171.9936538,2354.8925108909607,False
3234,7,505,TargetDisplacement,1766145172.0006201,2354.899478197098,True
3235,7,505,RightResponse,1766145173.3189495,2356.2178049087524,False
3236,7,506,FeedbackPeriodStarted,1766145173.3466153,2356.245473384857,False
3237,7,506,startFixDisplay,1766145173.3467348,2356.2455899715424,False
3238,7,506,startFixPeriod,1766145173.5619085,2356.460768699646,False
3239,7,506,TargetPresentation,1766145174.3737996,2357.272658109665,False
3240,7,506,TargetDisplacement,1766145174.3806431,2357.2794988155365,True
3241,7,506,RightResponse,1766145175.005135,2357.9039907455444,False
3242,7,507,FeedbackPeriodStarted,1766145175.0326998,2357.9315555095673,False
3243,7,507,startFixDisplay,1766145175.032762,2357.9316172599792,False
3244,7,507,startFixPeriod,1766145177.7114556,2360.6103115081787,False
3245,7,507,TargetPresentation,1766145178.675841,2361.5746970176697,False
3246,7,507,TargetDisplacement,1766145178.682944,2361.581802368164,True
3247,7,507,RightResponse,1766145179.9458919,2362.8447482585907,False
3248,7,508,FeedbackPeriodStarted,1766145179.9734437,2362.872302532196,False
3249,7,508,startFixDisplay,1766145179.9735923,2362.872449159622,False
3250,7,508,startFixPeriod,1766145180.1469247,2363.045781850815,False
3251,7,508,TargetPresentation,1766145180.840887,2363.73974442482,False
3252,7,508,TargetDisplacement,1766145180.8477836,2363.7466394901276,True
3253,7,508,RightResponse,1766145181.5282276,2364.427084684372,False
3254,7,509,FeedbackPeriodStarted,1766145181.56245,2364.461308002472,False
3255,7,509,startFixDisplay,1766145181.562592,2364.4614486694336,False
3256,7,509,startFixPeriod,1766145181.7499986,2364.648856639862,False
3257,7,509,TargetPresentation,1766145183.2141228,2366.1129813194275,False
3258,7,509,TargetDisplacement,1766145183.2208583,2366.1197140216827,True
3259,7,509,RightResponse,1766145184.0817578,2366.9806141853333,False
3260,7,510,FeedbackPeriodStarted,1766145184.1090636,2367.0079216957092,False
3261,7,510,startFixDisplay,1766145184.1092057,2367.008062839508,False
3262,7,510,startFixPeriod,1766145184.275725,2367.17458152771,False
3263,7,510,TargetPresentation,1766145185.4275231,2368.326380252838,False
3264,7,510,TargetDisplacement,1766145185.4344518,2368.3333098888397,True
3265,7,510,RightResponse,1766145186.4617066,2369.3605625629425,False
3266,7,510,FeedbackPeriodStarted,1766145186.4683406,2369.367198944092,False
3267,7,511,startFixDisplay,1766145188.4805353,2371.3793909549713,False
3268,7,511,startFixPeriod,1766145189.0012815,2371.900140285492,False
3269,7,511,TargetPresentation,1766145190.416805,2373.315663099289,False
3270,7,511,TargetDisplacement,1766145190.4237413,2373.3225972652435,True
3271,7,511,RightResponse,1766145191.8395483,2374.738405227661,False
3272,7,512,FeedbackPeriodStarted,1766145191.866812,2374.7656676769257,False
3273,7,512,startFixDisplay,1766145191.8668752,2374.765730381012,False
3274,7,512,startFixPeriod,1766145192.0267296,2374.92560172081,False
3275,7,512,TargetPresentation,1766145192.5887113,2375.487569093704,False
3276,7,512,TargetDisplacement,1766145192.595655,2375.494511127472,True
3277,7,512,LeftResponse,1766145193.2133365,2376.1121933460236,False
3278,7,513,FeedbackPeriodStarted,1766145193.240784,2376.1396396160126,False
3279,7,513,startFixDisplay,1766145193.2408469,2376.1397020816803,False
3280,7,513,startFixPeriod,1766145194.864808,2377.7636659145355,False
3281,7,513,TargetPresentation,1766145195.5308409,2378.4296972751617,False
3282,7,513,TargetDisplacement,1766145195.5378492,2378.4367055892944,True
3283,7,513,LeftResponse,1766145196.8078613,2379.7067172527313,False
3284,7,514,FeedbackPeriodStarted,1766145196.8352554,2379.7341134548187,False
3285,7,514,startFixDisplay,1766145196.835419,2379.7342762947083,False
3286,7,514,startFixPeriod,1766145196.842245,2379.7411031723022,False
3287,7,514,TargetPresentation,1766145197.9526248,2380.851481437683,False
3288,7,514,TargetDisplacement,1766145197.9595473,2380.8584055900574,True
3289,7,514,RightResponse,1766145198.882609,2381.7814650535583,False
3290,7,515,FeedbackPeriodStarted,1766145198.9101496,2381.8090076446533,False
3291,7,515,startFixDisplay,1766145198.910302,2381.8091588020325,False
3292,7,515,startFixPeriod,1766145199.1391196,2382.0379769802094,False
3293,7,515,TargetPresentation,1766145200.429831,2383.328689098358,False
3294,7,515,TargetRemoval,1766145200.436791,2383.335646867752,True
3295,7,515,TargetReappeared,1766145200.686591,2383.58544921875,False
3296,7,515,LeftResponse,1766145201.463785,2384.3626403808594,False
3297,7,516,FeedbackPeriodStarted,1766145201.4914203,2384.3902785778046,False
3298,7,516,startFixDisplay,1766145201.4915721,2384.390429019928,False
3299,7,516,startFixPeriod,1766145201.7275002,2384.6263585090637,False
3300,7,516,TargetPresentation,1766145202.3449428,2385.243799686432,False
3301,7,516,TargetDisplacement,1766145202.3519187,2385.2507750988007,True
3302,7,516,LeftResponse,1766145203.2331402,2386.1319959163666,False
3303,7,516,FeedbackPeriodStarted,1766145203.2399218,2386.1387779712677,False
3304,7,517,startFixDisplay,1766145205.2592268,2388.1580848693848,False
3305,7,517,startFixPeriod,1766145205.266227,2388.1650850772858,False
3306,7,517,TargetPresentation,1766145206.0296526,2388.9285106658936,False
3307,7,517,TargetRemoval,1766145206.0433533,2388.9422113895416,True
3308,7,517,TargetReappeared,1766145206.2933223,2389.192180633545,False
3309,7,517,RightResponse,1766145206.7930605,2389.6919164657593,False
3310,7,518,FeedbackPeriodStarted,1766145206.8204317,2389.7192873954773,False
3311,7,518,startFixDisplay,1766145206.8204956,2389.7193505764008,False
3312,7,518,startFixPeriod,1766145207.0357213,2389.934579372406,False
3313,7,518,TargetPresentation,1766145207.8475397,2390.7463965415955,False
3314,7,518,TargetRemoval,1766145207.8545322,2390.753390789032,True
3315,7,518,TargetReappeared,1766145208.1043162,2391.0031747817993,False
3316,7,518,RightResponse,1766145208.6388927,2391.537748813629,False
3317,7,519,FeedbackPeriodStarted,1766145208.6664352,2391.56529378891,False
3318,7,519,startFixDisplay,1766145208.6665888,2391.565445661545,False
3319,7,519,startFixPeriod,1766145209.2630637,2392.1619215011597,False
3320,7,519,TargetPresentation,1766145209.894771,2392.7936289310455,False
3321,7,519,TargetDisplacement,1766145209.9016016,2392.8004574775696,True
3322,7,519,FeedbackPeriodStarted,1766145211.9139864,2394.812844991684,False
3323,7,520,startFixDisplay,1766145212.4271262,2395.325981616974,False
3324,7,520,startFixPeriod,1766145212.753565,2395.652423620224,False
3325,7,520,TargetPresentation,1766145213.7111456,2396.6100041866302,False
3326,7,520,TargetDisplacement,1766145213.717933,2396.6167891025543,True
3327,7,520,RightResponse,1766145214.7382367,2397.637092113495,False
3328,7,521,FeedbackPeriodStarted,1766145214.7657232,2397.664581298828,False
3329,7,521,startFixDisplay,1766145214.7658606,2397.6647176742554,False
3330,7,521,startFixPeriod,1766145214.953241,2397.8520996570587,False
3331,7,521,TargetPresentation,1766145215.702706,2398.601564645767,False
3332,7,521,TargetDisplacement,1766145215.7096107,2398.608469247818,True
3333,7,521,RightResponse,1766145216.8617318,2399.760588169098,False
3334,7,522,FeedbackPeriodStarted,1766145216.8890731,2399.7879314422607,False
3335,7,522,startFixDisplay,1766145216.8892248,2399.788081884384,False
3336,7,522,startFixPeriod,1766145217.0557806,2399.9546394348145,False
3337,7,522,TargetPresentation,1766145218.0965917,2400.995447874069,False
3338,7,522,TargetDisplacement,1766145218.1036432,2401.0025017261505,True
3339,7,522,LeftResponse,1766145219.1377387,2402.0365965366364,False
3340,7,522,FeedbackPeriodStarted,1766145219.1442726,2402.043130874634,False
3341,7,523,startFixDisplay,1766145221.1566005,2404.0554587841034,False
3342,7,523,startFixPeriod,1766145221.4550571,2404.3539159297943,False
3343,7,523,TargetPresentation,1766145222.1281593,2405.0270178318024,False
3344,7,523,TargetDisplacement,1766145222.3153129,2405.2141683101654,True
3345,7,523,RightResponse,1766145223.0372987,2405.936155319214,False
3346,7,524,FeedbackPeriodStarted,1766145223.0648406,2405.96369600296,False
3347,7,524,startFixDisplay,1766145223.0649035,2405.963758468628,False
3348,7,524,startFixPeriod,1766145223.2592692,2406.1581275463104,False
3349,7,524,TargetPresentation,1766145224.2168546,2407.115712404251,False
3350,7,524,TargetDisplacement,1766145224.2236366,2407.122495174408,True
3351,7,524,LeftResponse,1766145225.1815975,2408.0804550647736,False
3352,7,525,FeedbackPeriodStarted,1766145225.2089012,2408.107757091522,False
3353,7,525,startFixDisplay,1766145225.2089586,2408.107813835144,False
3354,7,525,startFixPeriod,1766145225.403577,2408.3024356365204,False
3355,7,525,TargetPresentation,1766145226.6871936,2409.586052417755,False
3356,7,525,TargetDisplacement,1766145226.6940398,2409.5928962230682,True
3357,7,525,LeftResponse,1766145227.728265,2410.6271216869354,False
3358,7,526,FeedbackPeriodStarted,1766145227.756,2410.654855489731,False
3359,7,526,startFixDisplay,1766145227.7561026,2410.6549575328827,False
3360,7,526,startFixPeriod,1766145227.956886,2410.8557426929474,False
3361,7,526,TargetPresentation,1766145229.2684321,2412.1672883033752,False
3362,7,526,TargetDisplacement,1766145229.2753317,2412.174190044403,True
3363,7,526,RightResponse,1766145230.0180082,2412.9168648719788,False
3364,7,527,FeedbackPeriodStarted,1766145230.0453815,2412.944237470627,False
3365,7,527,startFixDisplay,1766145230.0454526,2412.944307565689,False
3366,7,527,startFixPeriod,1766145232.1412272,2415.0400857925415,False
3367,7,527,TargetPresentation,1766145233.0988605,2415.9977190494537,False
3368,7,527,TargetDisplacement,1766145233.1057928,2416.0046515464783,True
3369,7,527,RightResponse,1766145234.008154,2416.9070117473602,False
3370,7,527,FeedbackPeriodStarted,1766145234.0492122,2416.9480679035187,False
