,blockID,trialNumber,triggerName,timestamp_sys,timestamp_psyc,triggerSent_Serial00
0,pract,-1,StartPractice,1765538503.316791,574.2071228027344,False
1,pract,0,startFixDisplay,1765538503.3302164,574.2205505371094,False
2,pract,0,startFixPeriod,1765538503.531648,574.4219825267792,False
3,pract,0,TargetPresentation,1765538504.815225,575.7055566310883,False
4,pract,0,TargetDisplacement,1765538504.8222675,575.7126016616821,True
5,pract,0,FeedbackPeriodStarted,1765538506.834544,577.7248783111572,False
6,pract,1,startFixDisplay,1765538507.341025,578.2313566207886,False
7,pract,1,startFixPeriod,1765538507.6049278,578.4952621459961,False
8,pract,1,TargetPresentation,1765538508.2086263,579.0989608764648,False
9,pract,1,TargetDisplacement,1765538508.3680496,579.2583811283112,True
10,pract,1,RightResponse,1765538509.9503293,580.8406612873077,False
11,pract,1,FeedbackPeriodStarted,1765538509.9571874,580.8475215435028,False
12,pract,2,startFixDisplay,1765538510.4635234,581.3538553714752,False
13,pract,2,startFixPeriod,1765538510.6858711,581.5762054920197,False
14,pract,2,TargetPresentation,1765538511.775257,582.6655900478363,False
15,pract,2,TargetDisplacement,1765538511.9138653,582.8041965961456,True
16,pract,2,RightResponse,1765538512.3028607,583.1931943893433,False
17,pract,2,FeedbackPeriodStarted,1765538512.3095932,583.1999280452728,False
18,pract,3,startFixDisplay,1765538512.815917,583.706248998642,False
19,pract,3,startFixPeriod,1765538513.1562028,584.0465354919434,False
20,pract,3,TargetPresentation,1765538514.398305,585.288640499115,False
21,pract,3,TargetDisplacement,1765538514.522907,585.4132409095764,True
22,pract,3,LeftResponse,1765538514.801041,585.691374540329,False
23,pract,3,FeedbackPeriodStarted,1765538514.8144152,585.7047493457794,False
24,pract,4,startFixDisplay,1765538515.3210244,586.2113590240479,False
25,pract,4,startFixPeriod,1765538515.5085242,586.3988587856293,False
26,pract,4,TargetPresentation,1765538516.6117487,587.502082824707,False
27,pract,4,TargetDisplacement,1765538516.7296407,587.6199748516083,True
28,pract,4,RightResponse,1765538517.0561993,587.9465329647064,False
29,pract,4,FeedbackPeriodStarted,1765538517.069671,587.9600052833557,False
30,pract,5,startFixDisplay,1765538517.5762067,588.4665384292603,False
31,pract,5,startFixPeriod,1765538517.8052907,588.6956238746643,False
32,pract,5,TargetPresentation,1765538518.8183405,589.7086727619171,False
33,pract,5,TargetDisplacement,1765538518.9153054,589.8056395053864,True
34,pract,5,FeedbackPeriodStarted,1765538520.920769,591.8111033439636,False
35,pract,6,startFixDisplay,1765538521.4273312,592.3176658153534,False
36,pract,6,startFixPeriod,1765538521.704952,592.5952851772308,False
37,pract,6,TargetPresentation,1765538522.5307527,593.4210872650146,False
38,pract,6,TargetDisplacement,1765538522.6832128,593.5735442638397,True
39,pract,6,RightResponse,1765538522.9819999,593.872332572937,False
40,pract,6,FeedbackPeriodStarted,1765538522.9888132,593.8791463375092,False
41,pract,7,startFixDisplay,1765538523.4950619,594.3853933811188,False
42,pract,7,startFixPeriod,1765538523.7589452,594.6492788791656,False
43,pract,7,TargetPresentation,1765538524.987266,595.8775980472565,False
44,pract,7,TargetDisplacement,1765538525.0079496,595.8982837200165,True
45,pract,7,LeftResponse,1765538526.48628,597.3766136169434,False
46,pract,7,FeedbackPeriodStarted,1765538526.4999475,597.3902819156647,False
47,pract,8,startFixDisplay,1765538527.0063243,597.8966584205627,False
48,pract,8,startFixPeriod,1765538527.0133066,597.9036383628845,False
49,pract,8,TargetPresentation,1765538528.4081004,599.2984323501587,False
50,pract,8,TargetRemoval,1765538528.560785,599.451119184494,True
51,pract,8,TargetReappeared,1765538528.8107018,599.7010369300842,False
52,pract,8,RightResponse,1765538528.8594956,599.749828338623,False
53,pract,8,FeedbackPeriodStarted,1765538528.8659573,599.756290435791,False
54,pract,9,startFixDisplay,1765538529.3724763,600.2628109455109,False
55,pract,9,startFixPeriod,1765538529.615606,600.5059406757355,False
56,pract,9,TargetPresentation,1765538530.7256043,601.6159365177155,False
57,pract,9,TargetRemoval,1765538530.850652,601.7409858703613,True
58,pract,9,TargetReappeared,1765538531.100577,601.9909117221832,False
59,pract,9,LeftResponse,1765538531.614223,602.5045564174652,False
60,pract,9,FeedbackPeriodStarted,1765538531.6277494,602.5180835723877,False
61,pract,10,startFixDisplay,1765538532.1342618,603.0245966911316,False
62,pract,10,startFixPeriod,1765538532.1411185,603.0314502716064,False
63,pract,10,TargetPresentation,1765538533.6333253,604.5236573219299,False
64,pract,10,TargetDisplacement,1765538533.6748767,604.5652086734772,True
65,pract,10,RightResponse,1765538533.9943588,604.8846912384033,False
66,pract,10,FeedbackPeriodStarted,1765538534.000864,604.8911981582642,False
67,pract,11,startFixDisplay,1765538534.5072978,605.397629737854,False
68,pract,11,startFixPeriod,1765538534.868439,605.758772611618,False
69,pract,11,TargetPresentation,1765538536.1659708,607.0563051700592,False
70,pract,11,TargetRemoval,1765538536.2838705,607.1742043495178,True
71,pract,11,TargetReappeared,1765538536.5338798,607.4242143630981,False
72,pract,11,LeftResponse,1765538537.054422,607.9447536468506,False
73,pract,11,FeedbackPeriodStarted,1765538537.0610137,607.9513478279114,False
74,pract,12,startFixDisplay,1765538537.5675159,608.4578502178192,False
75,pract,12,startFixPeriod,1765538537.7966352,608.68696808815,False
76,pract,12,TargetPresentation,1765538538.886139,609.7764716148376,False
77,pract,12,TargetDisplacement,1765538539.038688,609.9290220737457,True
78,pract,12,RightResponse,1765538539.3027787,610.1931121349335,False
79,pract,12,FeedbackPeriodStarted,1765538539.31624,610.2065720558167,False
80,pract,13,startFixDisplay,1765538539.8226905,610.7130246162415,False
81,pract,13,startFixPeriod,1765538540.2393582,611.1296927928925,False
82,pract,13,TargetPresentation,1765538541.5854115,612.4757442474365,False
83,pract,13,TargetDisplacement,1765538541.592441,612.48277592659,True
84,pract,13,FeedbackPeriodStarted,1765538543.5977206,614.4880526065826,False
85,pract,14,startFixDisplay,1765538544.1041522,614.9944870471954,False
86,pract,14,startFixPeriod,1765538544.4929218,615.3832550048828,False
87,pract,14,TargetPresentation,1765538545.7975006,616.6878352165222,False
88,pract,14,TargetDisplacement,1765538545.8111315,616.7014656066895,True
89,pract,14,RightResponse,1765538546.1029677,616.9933004379272,False
90,pract,14,FeedbackPeriodStarted,1765538546.109718,617.0000522136688,False
91,pract,15,startFixDisplay,1765538546.616066,617.5064013004303,False
92,pract,15,startFixPeriod,1765538546.8245335,617.7148683071136,False
93,pract,15,TargetPresentation,1765538547.8304985,618.7208316326141,False
94,pract,15,TargetDisplacement,1765538547.9552927,618.8456265926361,True
95,pract,15,LeftResponse,1765538548.170675,619.0610067844391,False
96,pract,15,FeedbackPeriodStarted,1765538548.1775262,619.0678608417511,False
97,pract,16,startFixDisplay,1765538548.6839294,619.5742635726929,False
98,pract,16,startFixPeriod,1765538548.8020763,619.692412853241,False
99,pract,16,TargetPresentation,1765538549.6417258,620.5320601463318,False
100,pract,16,TargetRemoval,1765538549.801247,620.6915810108185,True
101,pract,16,TargetReappeared,1765538550.051024,620.941358089447,False
102,pract,16,RightResponse,1765538550.4400916,621.3304245471954,False
103,pract,16,FeedbackPeriodStarted,1765538550.4534295,621.3437614440918,False
104,pract,17,startFixDisplay,1765538550.9598994,621.8502333164215,False
105,pract,17,startFixPeriod,1765538551.3486395,622.2389717102051,False
106,pract,17,TargetPresentation,1765538552.7850423,623.6753747463226,False
107,pract,17,TargetDisplacement,1765538552.791973,623.6823074817657,True
108,pract,17,LeftResponse,1765538553.187795,624.078127861023,False
109,pract,17,FeedbackPeriodStarted,1765538553.2012837,624.0916156768799,False
110,pract,18,startFixDisplay,1765538553.7077518,624.5980851650238,False
111,pract,18,startFixPeriod,1765538554.0340912,624.924426317215,False
112,pract,18,TargetPresentation,1765538555.1721418,626.062474489212,False
113,pract,18,TargetDisplacement,1765538555.179115,626.0694499015808,True
114,pract,18,RightResponse,1765538556.1021316,626.9924645423889,False
115,pract,18,FeedbackPeriodStarted,1765538556.1088474,626.9991824626923,False
116,pract,19,startFixDisplay,1765538556.615181,627.5055129528046,False
117,pract,19,startFixPeriod,1765538556.6221285,627.512460231781,False
118,pract,19,TargetPresentation,1765538557.3647652,628.2550978660583,False
119,pract,19,TargetRemoval,1765538557.371777,628.2621114253998,True
120,pract,19,TargetReappeared,1765538557.6216471,628.5119812488556,False
121,pract,19,LeftResponse,1765538557.920465,628.8107995986938,False
122,pract,19,FeedbackPeriodStarted,1765538557.933947,628.8242790699005,False
123,pract,20,startFixDisplay,1765538558.4401715,629.3305034637451,False
124,pract,20,startFixPeriod,1765538559.1689792,630.0593135356903,False
125,pract,20,TargetPresentation,1765538560.522196,631.4125311374664,False
126,pract,20,TargetDisplacement,1765538560.5290768,631.4194097518921,True
127,pract,20,RightResponse,1765538561.0703204,631.9606521129608,False
128,pract,20,FeedbackPeriodStarted,1765538561.0840225,631.9743573665619,False
129,pract,21,startFixDisplay,1765538561.590656,632.4809899330139,False
130,pract,21,startFixPeriod,1765538561.8544257,632.7447600364685,False
131,pract,21,TargetPresentation,1765538563.1936429,634.0839772224426,False
132,pract,21,TargetDisplacement,1765538563.3599894,634.2503235340118,True
133,pract,21,LeftResponse,1765538563.7352316,634.6255657672882,False
134,pract,21,FeedbackPeriodStarted,1765538563.7486365,634.6389706134796,False
135,pract,22,startFixDisplay,1765538564.2551744,635.1455063819885,False
136,pract,22,startFixPeriod,1765538564.2620883,635.1524221897125,False
137,pract,22,TargetPresentation,1765538565.650084,636.5404195785522,False
138,pract,22,TargetRemoval,1765538565.7887785,636.6791124343872,True
139,pract,22,TargetReappeared,1765538566.0386388,636.9289729595184,False
140,pract,22,RightResponse,1765538566.2194948,637.109828710556,False
141,pract,22,FeedbackPeriodStarted,1765538566.2397566,637.130090713501,False
142,pract,23,startFixDisplay,1765538566.7462547,637.63658618927,False
143,pract,23,startFixPeriod,1765538567.1351175,638.025452375412,False
144,pract,23,TargetPresentation,1765538568.0787241,638.9690587520599,False
145,pract,23,TargetDisplacement,1765538568.1964743,639.0868079662323,True
146,pract,23,LeftResponse,1765538568.4882674,639.3785989284515,False
147,pract,23,FeedbackPeriodStarted,1765538568.4950788,639.385413646698,False
148,pract,24,startFixDisplay,1765538569.0014486,639.8917806148529,False
149,pract,24,startFixPeriod,1765538569.1612263,640.0515606403351,False
150,pract,24,TargetPresentation,1765538570.0147176,640.9050521850586,False
151,pract,24,TargetDisplacement,1765538570.0215673,640.9118995666504,True
152,pract,24,RightResponse,1765538570.41724,641.3075714111328,False
153,pract,24,FeedbackPeriodStarted,1765538570.4241464,641.314478635788,False
154,pract,25,startFixDisplay,1765538570.9305096,641.8208434581757,False
155,pract,25,startFixPeriod,1765538572.0061686,642.8965005874634,False
156,pract,25,TargetPresentation,1765538572.561362,643.4516949653625,False
157,pract,25,TargetDisplacement,1765538572.5683405,643.4586725234985,True
158,pract,25,LeftResponse,1765538572.9502053,643.8405394554138,False
159,pract,25,FeedbackPeriodStarted,1765538572.956737,643.8470711708069,False
160,pract,26,startFixDisplay,1765538573.4631956,644.3535273075104,False
161,pract,26,startFixPeriod,1765538573.9422996,644.8326337337494,False
162,pract,26,TargetPresentation,1765538574.4695756,645.3599078655243,False
163,pract,26,TargetDisplacement,1765538574.4766643,645.3669993877411,True
164,pract,26,RightResponse,1765538574.8166175,645.706949710846,False
165,pract,26,FeedbackPeriodStarted,1765538574.8233635,645.7136976718903,False
166,pract,27,startFixDisplay,1765538575.3298938,646.220228433609,False
167,pract,27,startFixPeriod,1765538575.53128,646.4216146469116,False
168,pract,27,TargetPresentation,1765538576.21137,647.1017022132874,False
169,pract,27,TargetDisplacement,1765538576.3291867,647.2195200920105,True
170,pract,27,LeftResponse,1765538576.7388108,647.629142999649,False
171,pract,27,FeedbackPeriodStarted,1765538576.745593,647.6359276771545,False
172,pract,28,startFixDisplay,1765538577.2519705,648.1423025131226,False
173,pract,28,startFixPeriod,1765538577.258886,648.1492199897766,False
174,pract,28,TargetPresentation,1765538578.0085618,648.8988966941833,False
175,pract,28,TargetDisplacement,1765538578.1264062,649.016740322113,True
176,pract,28,RightResponse,1765538578.5153155,649.4056477546692,False
177,pract,28,FeedbackPeriodStarted,1765538578.5220337,649.4123656749725,False
178,pract,29,startFixDisplay,1765538579.0282829,649.9186148643494,False
179,pract,29,startFixPeriod,1765538579.2505167,650.1408495903015,False
180,pract,29,TargetPresentation,1765538580.2289426,651.1192750930786,False
181,pract,29,TargetRemoval,1765538580.3398507,651.2301845550537,True
182,pract,29,TargetReappeared,1765538580.5898607,651.4801948070526,False
183,pract,29,LeftResponse,1765538580.6109853,651.5013175010681,False
184,pract,29,FeedbackPeriodStarted,1765538580.61741,651.5077431201935,False
185,pract,30,startFixDisplay,1765538581.1239698,652.0143048763275,False
186,pract,30,startFixPeriod,1765538581.3462188,652.2365531921387,False
187,pract,30,TargetPresentation,1765538582.4494705,653.3398036956787,False
188,pract,30,TargetRemoval,1765538582.4632375,653.3535714149475,True
189,pract,30,TargetReappeared,1765538582.7132943,653.6036286354065,False
190,pract,30,RightResponse,1765538582.9216802,653.8120129108429,False
191,pract,30,FeedbackPeriodStarted,1765538582.9282854,653.8186194896698,False
192,pract,31,startFixDisplay,1765538583.434687,654.3250217437744,False
193,pract,31,startFixPeriod,1765538584.260559,655.1508920192719,False
194,pract,31,TargetPresentation,1765538585.2598774,656.1502122879028,False
195,pract,31,TargetRemoval,1765538585.3850467,656.2753810882568,True
196,pract,31,TargetReappeared,1765538585.6346197,656.5249540805817,False
197,pract,31,LeftResponse,1765538585.9054835,656.7958152294159,False
198,pract,31,FeedbackPeriodStarted,1765538585.9120815,656.8024134635925,False
199,pract,32,startFixDisplay,1765538586.4184723,657.3088071346283,False
200,pract,32,startFixPeriod,1765538586.6060364,657.4963698387146,False
201,pract,32,TargetPresentation,1765538587.3624115,658.2527458667755,False
202,pract,32,TargetDisplacement,1765538587.4802454,658.3705792427063,True
203,pract,32,RightResponse,1765538587.8762484,658.7665822505951,False
204,pract,32,FeedbackPeriodStarted,1765538587.882873,658.7732079029083,False
205,pract,33,startFixDisplay,1765538588.3891916,659.2795267105103,False
206,pract,33,startFixPeriod,1765538588.6530228,659.5433573722839,False
207,pract,33,TargetPresentation,1765538589.6523116,660.5426456928253,False
208,pract,33,TargetDisplacement,1765538589.7909312,660.6812651157379,True
209,pract,33,LeftResponse,1765538590.0134225,660.9037551879883,False
210,pract,33,FeedbackPeriodStarted,1765538590.0201476,660.9104824066162,False
211,pract,34,startFixDisplay,1765538590.5263956,661.4167304039001,False
212,pract,34,startFixPeriod,1765538590.6862772,661.5766117572784,False
213,pract,34,TargetPresentation,1765538591.8658829,662.7562172412872,False
214,pract,34,TargetRemoval,1765538591.8727398,662.7630724906921,True
215,pract,34,TargetReappeared,1765538592.1226127,663.0129449367523,False
216,pract,34,LeftResponse,1765538592.2825656,663.1728971004486,False
217,pract,34,FeedbackPeriodStarted,1765538592.2892034,663.1795380115509,False
218,pract,35,startFixDisplay,1765538592.7955556,663.6858901977539,False
219,pract,35,startFixPeriod,1765538593.1843762,664.0747108459473,False
220,pract,35,TargetPresentation,1765538594.5235097,665.4138429164886,False
221,pract,35,TargetRemoval,1765538594.5859244,665.4762587547302,True
222,pract,35,TargetReappeared,1765538594.8357155,665.7260484695435,False
223,pract,35,LeftResponse,1765538594.89853,665.7888615131378,False
224,pract,35,FeedbackPeriodStarted,1765538594.9051628,665.7954947948456,False
225,pract,36,startFixDisplay,1765538595.411658,666.3019938468933,False
226,pract,36,startFixPeriod,1765538595.4394448,666.3297777175903,False
227,pract,36,TargetPresentation,1765538596.2652776,667.1556119918823,False
228,pract,36,TargetRemoval,1765538596.2721686,667.1625018119812,True
229,pract,36,TargetReappeared,1765538596.5219793,667.4123136997223,False
230,pract,36,LeftResponse,1765538596.9386473,667.8289797306061,False
231,pract,36,FeedbackPeriodStarted,1765538596.9451125,667.8354456424713,False
232,pract,37,startFixDisplay,1765538597.4515657,668.3418998718262,False
233,pract,37,startFixPeriod,1765538597.7779272,668.6682612895966,False
234,pract,37,TargetPresentation,1765538598.360808,669.2511427402496,False
235,pract,37,TargetRemoval,1765538598.4717774,669.3621120452881,True
236,pract,37,TargetReappeared,1765538598.7216623,669.6119966506958,False
237,pract,37,RightResponse,1765538598.895381,669.7857141494751,False
238,pract,37,FeedbackPeriodStarted,1765538598.9020197,669.7923517227173,False
239,pract,38,startFixDisplay,1765538599.4084609,670.2987947463989,False
240,pract,38,startFixPeriod,1765538599.6376166,670.5279514789581,False
241,pract,38,TargetPresentation,1765538600.1927145,671.0830490589142,False
242,pract,38,TargetDisplacement,1765538600.3035061,671.1938376426697,True
243,pract,38,LeftResponse,1765538600.6856318,671.5759646892548,False
244,pract,38,FeedbackPeriodStarted,1765538600.6923165,671.5826485157013,False
245,pract,39,startFixDisplay,1765538601.1987212,672.0890567302704,False
246,pract,39,startFixPeriod,1765538601.2057106,672.0960447788239,False
247,pract,39,TargetPresentation,1765538602.4617252,673.3520574569702,False
248,pract,39,TargetDisplacement,1765538602.4963617,673.3866958618164,True
249,pract,39,RightResponse,1765538602.8296394,673.7199721336365,False
250,pract,39,FeedbackPeriodStarted,1765538602.8365247,673.7268569469452,False
251,pract,40,startFixDisplay,1765538603.3428354,674.2331697940826,False
252,pract,40,startFixPeriod,1765538603.5303462,674.4206786155701,False
253,pract,40,TargetPresentation,1765538604.078539,674.9688718318939,False
254,pract,40,TargetRemoval,1765538604.2310297,675.1213610172272,True
255,pract,40,TargetReappeared,1765538604.4810917,675.3714284896851,False
256,pract,40,LeftResponse,1765538604.9184306,675.8087620735168,False
257,pract,40,FeedbackPeriodStarted,1765538604.9252257,675.815557718277,False
258,pract,41,startFixDisplay,1765538605.4314528,676.3217849731445,False
259,pract,41,startFixPeriod,1765538605.6052108,676.495543718338,False
260,pract,41,TargetPresentation,1765538606.1186159,677.008948802948,False
261,pract,41,TargetDisplacement,1765538606.27118,677.1615142822266,True
262,pract,41,RightResponse,1765538606.7015772,677.5919086933136,False
263,pract,41,FeedbackPeriodStarted,1765538606.7085,677.5988321304321,False
264,pract,42,startFixDisplay,1765538607.2147348,678.1050670146942,False
265,pract,42,startFixPeriod,1765538607.2217815,678.1121156215668,False
266,pract,42,TargetPresentation,1765538607.839645,678.7299797534943,False
267,pract,42,TargetRemoval,1765538607.8534214,678.7437560558319,True
268,pract,42,TargetReappeared,1765538608.1032836,678.993617773056,False
269,pract,42,LeftResponse,1765538608.7075133,679.597847700119,False
270,pract,42,FeedbackPeriodStarted,1765538608.720806,679.6111402511597,False
271,pract,43,startFixDisplay,1765538609.227185,680.1175191402435,False
272,pract,43,startFixPeriod,1765538609.713134,680.6034681797028,False
273,pract,43,TargetPresentation,1765538610.844177,681.7345094680786,False
274,pract,43,TargetDisplacement,1765538610.9758625,681.8661961555481,True
275,pract,43,RightResponse,1765538611.239736,682.130068063736,False
276,pract,43,FeedbackPeriodStarted,1765538611.24669,682.1370267868042,False
277,pract,44,startFixDisplay,1765538611.7530115,682.6433455944061,False
278,pract,44,startFixPeriod,1765538612.0584562,682.9487884044647,False
279,pract,44,TargetPresentation,1765538613.1548796,684.0452117919922,False
280,pract,44,TargetDisplacement,1765538613.3211632,684.2114946842194,True
281,pract,44,RightResponse,1765538613.6267684,684.5170998573303,False
282,pract,44,FeedbackPeriodStarted,1765538613.6336267,684.5239589214325,False
283,pract,45,startFixDisplay,1765538614.139926,685.0302579402924,False
284,pract,45,startFixPeriod,1765538614.3831632,685.2734978199005,False
285,pract,45,TargetPresentation,1765538615.5141747,686.4045069217682,False
286,pract,45,TargetDisplacement,1765538615.5212073,686.4115393161774,True
287,pract,45,LeftResponse,1765538615.9097729,686.8001050949097,False
288,pract,45,FeedbackPeriodStarted,1765538615.916602,686.8069338798523,False
289,pract,-1,EndPractice,1765538616.4108248,687.3011567592621,False
290,0,0,startFixDisplay,1765538631.8831801,702.7735126018524,False
291,0,0,startFixPeriod,1765538631.890201,702.7805354595184,False
292,0,0,TargetPresentation,1765538632.6604643,703.5507979393005,False
293,0,0,TargetRemoval,1765538632.6673322,703.5576641559601,True
294,0,0,TargetReappeared,1765538632.9173834,703.8077178001404,False
295,0,0,RightResponse,1765538633.2993543,704.1896884441376,False
296,0,1,FeedbackPeriodStarted,1765538633.3196616,704.2099967002869,False
297,0,1,startFixDisplay,1765538633.3198104,704.210143327713,False
298,0,1,startFixPeriod,1765538633.9719825,704.8623158931732,False
299,0,1,TargetPresentation,1765538634.7144551,705.604789018631,False
300,0,1,TargetDisplacement,1765538634.8531985,705.7435300350189,True
301,0,1,LeftResponse,1765538635.0893335,705.979665517807,False
302,0,2,FeedbackPeriodStarted,1765538635.1028264,705.993157863617,False
303,0,2,startFixDisplay,1765538635.1028898,705.9932208061218,False
304,0,2,startFixPeriod,1765538635.2771244,706.1674606800079,False
305,0,2,TargetPresentation,1765538636.4423943,707.3327288627625,False
306,0,2,TargetDisplacement,1765538636.5948675,707.4852013587952,True
307,0,2,RightResponse,1765538636.8310747,707.7214076519012,False
308,0,3,FeedbackPeriodStarted,1765538636.8446805,707.7350172996521,False
309,0,3,startFixDisplay,1765538636.844897,707.7352323532104,False
310,0,3,startFixPeriod,1765538637.0391634,707.929497718811,False
311,0,3,TargetPresentation,1765538637.9966614,708.8869943618774,False
312,0,3,TargetDisplacement,1765538638.1215463,709.0118777751923,True
313,0,3,LeftResponse,1765538638.3994112,709.2897436618805,False
314,0,4,FeedbackPeriodStarted,1765538638.4197352,709.3100669384003,False
315,0,4,startFixDisplay,1765538638.4198027,709.310133934021,False
316,0,4,startFixPeriod,1765538638.5796213,709.4699552059174,False
317,0,4,TargetPresentation,1765538640.0021813,710.8925178050995,False
318,0,4,TargetDisplacement,1765538640.161499,711.0518307685852,True
319,0,4,RightResponse,1765538640.3563159,711.2466497421265,False
320,0,5,FeedbackPeriodStarted,1765538640.3695712,711.2599034309387,False
321,0,5,startFixDisplay,1765538640.3696387,711.2599697113037,False
322,0,5,startFixPeriod,1765538642.4445763,713.3349084854126,False
323,0,5,TargetPresentation,1765538643.6659336,714.556268453598,False
324,0,5,TargetDisplacement,1765538643.6728776,714.5632123947144,True
325,0,5,LeftResponse,1765538644.5265548,715.4168889522552,False
326,0,6,FeedbackPeriodStarted,1765538644.547067,715.4374022483826,False
327,0,6,startFixDisplay,1765538644.5472388,715.437572479248,False
328,0,6,startFixPeriod,1765538644.8733342,715.763669013977,False
329,0,6,TargetPresentation,1765538646.163933,717.0542659759521,False
330,0,6,TargetDisplacement,1765538646.170943,717.061277627945,True
331,0,6,RightResponse,1765538646.5321286,717.4224629402161,False
332,0,6,FeedbackPeriodStarted,1765538646.5453842,717.4357161521912,False
333,0,7,startFixDisplay,1765538648.5508418,719.4411766529083,False
334,0,7,startFixPeriod,1765538649.1339464,720.0242810249329,False
335,0,7,TargetPresentation,1765538650.5147104,721.405042886734,False
336,0,7,TargetDisplacement,1765538650.653294,721.5436253547668,True
337,0,7,LeftResponse,1765538651.7639613,722.6542956829071,False
338,0,8,FeedbackPeriodStarted,1765538651.7774365,722.6677703857422,False
339,0,8,startFixDisplay,1765538651.7775764,722.667909860611,False
340,0,8,startFixPeriod,1765538651.9788082,722.8691408634186,False
341,0,8,TargetPresentation,1765538652.7906814,723.6810140609741,False
342,0,8,TargetRemoval,1765538652.9293633,723.8196971416473,True
343,0,8,TargetReappeared,1765538653.1793096,724.0696437358856,False
344,0,8,RightResponse,1765538653.30455,724.1948835849762,False
345,0,9,FeedbackPeriodStarted,1765538653.3178308,724.2081625461578,False
346,0,9,startFixDisplay,1765538653.31788,724.2082109451294,False
347,0,9,startFixPeriod,1765538653.7898338,724.6801669597626,False
348,0,9,TargetPresentation,1765538655.2332942,726.1236300468445,False
349,0,9,TargetRemoval,1765538655.2610025,726.1513366699219,True
350,0,9,TargetReappeared,1765538655.5107307,726.4010634422302,False
351,0,9,RightResponse,1765538655.7399344,726.6302673816681,False
352,0,10,FeedbackPeriodStarted,1765538655.7535121,726.6438465118408,False
353,0,10,startFixDisplay,1765538655.7536423,726.6439752578735,False
354,0,10,startFixPeriod,1765538656.031212,726.921552658081,False
355,0,10,TargetPresentation,1765538656.9401813,727.8305134773254,False
356,0,10,TargetRemoval,1765538657.0650823,727.9554183483124,True
357,0,10,TargetReappeared,1765538657.314965,728.2052993774414,False
358,0,10,RightResponse,1765538657.4816492,728.3719823360443,False
359,0,11,FeedbackPeriodStarted,1765538657.5092103,728.3995447158813,False
360,0,11,startFixDisplay,1765538657.5093465,728.3996796607971,False
361,0,11,startFixPeriod,1765538657.7035308,728.5938651561737,False
362,0,11,TargetPresentation,1765538658.7027109,729.5930421352386,False
363,0,11,TargetDisplacement,1765538658.8068686,729.6972031593323,True
364,0,11,LeftResponse,1765538659.2163234,730.106654882431,False
365,0,12,FeedbackPeriodStarted,1765538659.2300181,730.120352268219,False
366,0,12,startFixDisplay,1765538659.2301805,730.120513677597,False
367,0,12,startFixPeriod,1765538659.8685393,730.7588737010956,False
368,0,12,TargetPresentation,1765538660.3889434,731.2792778015137,False
369,0,12,TargetDisplacement,1765538660.395905,731.2862393856049,True
370,0,12,RightResponse,1765538660.895787,731.786120891571,False
371,0,12,FeedbackPeriodStarted,1765538660.9093919,731.7997260093689,False
372,0,13,startFixDisplay,1765538662.9146445,733.804979801178,False
373,0,13,startFixPeriod,1765538664.413532,735.3038635253906,False
374,0,13,TargetPresentation,1765538665.405835,736.2961673736572,False
375,0,13,TargetDisplacement,1765538665.4127467,736.3030791282654,True
376,0,13,LeftResponse,1765538665.794689,736.6850214004517,False
377,0,14,FeedbackPeriodStarted,1765538665.8151855,736.7055196762085,False
378,0,14,startFixDisplay,1765538665.8153725,736.7057063579559,False
379,0,14,startFixPeriod,1765538666.1136606,737.0039949417114,False
380,0,14,TargetPresentation,1765538667.3002667,738.1906008720398,False
381,0,14,TargetDisplacement,1765538667.411156,738.3014900684357,True
382,0,14,LeftResponse,1765538668.0360467,738.9263801574707,False
383,0,15,FeedbackPeriodStarted,1765538668.0564446,738.9467782974243,False
384,0,15,startFixDisplay,1765538668.056576,738.9469089508057,False
385,0,15,startFixPeriod,1765538668.4660003,739.3563339710236,False
386,0,15,TargetPresentation,1765538669.3542438,740.2445778846741,False
387,0,15,TargetRemoval,1765538669.361185,740.2515194416046,True
388,0,15,TargetReappeared,1765538669.6109786,740.5013108253479,False
389,0,15,RightResponse,1765538669.7847214,740.6750674247742,False
390,0,16,FeedbackPeriodStarted,1765538669.805209,740.6955435276031,False
391,0,16,startFixDisplay,1765538669.8053432,740.6956763267517,False
392,0,16,startFixPeriod,1765538670.054968,740.9453022480011,False
393,0,16,TargetPresentation,1765538670.846123,741.736457824707,False
394,0,16,TargetDisplacement,1765538671.005607,741.8959407806396,True
395,0,16,LeftResponse,1765538671.6304393,742.5207724571228,False
396,0,17,FeedbackPeriodStarted,1765538671.64382,742.5341515541077,False
397,0,17,startFixDisplay,1765538671.643868,742.5341989994049,False
398,0,17,startFixPeriod,1765538671.9354959,742.8258302211761,False
399,0,17,TargetPresentation,1765538673.0180938,743.9084293842316,False
400,0,17,TargetDisplacement,1765538673.024865,743.9151966571808,True
401,0,17,RightResponse,1765538673.7122073,744.60254073143,False
402,0,18,FeedbackPeriodStarted,1765538673.7256489,744.6159830093384,False
403,0,18,startFixDisplay,1765538673.7257862,744.6161172389984,False
404,0,18,startFixPeriod,1765538674.8083093,745.6986434459686,False
405,0,18,TargetPresentation,1765538675.9740326,746.8643667697906,False
406,0,18,TargetDisplacement,1765538675.9809265,746.8712606430054,True
407,0,18,LeftResponse,1765538676.3698447,747.260178565979,False
408,0,18,FeedbackPeriodStarted,1765538676.3764467,747.2667782306671,False
409,0,19,startFixDisplay,1765538678.4511921,749.3415269851685,False
410,0,19,startFixPeriod,1765538678.7080312,749.5983653068542,False
411,0,19,TargetPresentation,1765538679.8529825,750.7433166503906,False
412,0,19,TargetDisplacement,1765538679.8597882,750.750120639801,True
413,0,19,RightResponse,1765538680.3459475,751.2362811565399,False
414,0,20,FeedbackPeriodStarted,1765538680.3663445,751.2566785812378,False
415,0,20,startFixDisplay,1765538680.366477,751.2568097114563,False
416,0,20,startFixPeriod,1765538680.5677066,751.4580404758453,False
417,0,20,TargetPresentation,1765538681.1019804,751.9923133850098,False
418,0,20,TargetDisplacement,1765538681.240659,752.1309931278229,True
419,0,20,LeftResponse,1765538681.6156187,752.5059514045715,False
420,0,21,FeedbackPeriodStarted,1765538681.6291203,752.5194518566132,False
421,0,21,startFixDisplay,1765538681.6291668,752.5194981098175,False
422,0,21,startFixPeriod,1765538681.8374276,752.7277617454529,False
423,0,21,TargetPresentation,1765538682.781263,753.6715972423553,False
424,0,21,TargetDisplacement,1765538682.8921378,753.7824716567993,True
425,0,21,LeftResponse,1765538683.3435903,754.2339236736298,False
426,0,22,FeedbackPeriodStarted,1765538683.3638856,754.2542169094086,False
427,0,22,startFixDisplay,1765538683.3639326,754.2542638778687,False
428,0,22,startFixPeriod,1765538683.7041757,754.5945091247559,False
429,0,22,TargetPresentation,1765538685.0989413,755.9892754554749,False
430,0,22,TargetDisplacement,1765538685.1059377,755.9962723255157,True
431,0,22,RightResponse,1765538685.4458907,756.3362228870392,False
432,0,23,FeedbackPeriodStarted,1765538685.4665449,756.356876373291,False
433,0,23,startFixDisplay,1765538685.4665928,756.3569240570068,False
434,0,23,startFixPeriod,1765538685.6678936,756.5582265853882,False
435,0,23,TargetPresentation,1765538686.618559,757.5088908672333,False
436,0,23,TargetRemoval,1765538686.6254244,757.5157563686371,True
437,0,23,TargetReappeared,1765538686.8753164,757.7656507492065,False
438,0,23,RightResponse,1765538687.1597915,758.0501232147217,False
439,0,24,FeedbackPeriodStarted,1765538687.1736205,758.0639548301697,False
440,0,24,startFixDisplay,1765538687.1738176,758.0641510486603,False
441,0,24,startFixPeriod,1765538687.4025958,758.2929277420044,False
442,0,24,TargetPresentation,1765538688.8667128,759.7570447921753,False
443,0,24,TargetDisplacement,1765538688.8737345,759.7640690803528,True
444,0,24,RightResponse,1765538689.3944829,760.2848165035248,False
445,0,24,FeedbackPeriodStarted,1765538689.4011714,760.2915053367615,False
446,0,25,startFixDisplay,1765538691.406383,762.2967176437378,False
447,0,25,startFixPeriod,1765538691.954685,762.8450191020966,False
448,0,25,TargetPresentation,1765538693.4188147,764.3091478347778,False
449,0,25,TargetDisplacement,1765538693.5922198,764.4825541973114,True
450,0,25,LeftResponse,1765538693.8978019,764.7881343364716,False
451,0,26,FeedbackPeriodStarted,1765538693.9113634,764.8016974925995,False
452,0,26,startFixDisplay,1765538693.911489,764.8018219470978,False
453,0,26,startFixPeriod,1765538695.1952682,766.0856025218964,False
454,0,26,TargetPresentation,1765538696.1735644,767.0638976097107,False
455,0,26,TargetDisplacement,1765538696.1804445,767.0707757472992,True
456,0,26,RightResponse,1765538696.576392,767.4667258262634,False
457,0,27,FeedbackPeriodStarted,1765538696.5898688,767.4802026748657,False
458,0,27,startFixDisplay,1765538696.589993,767.4803261756897,False
459,0,27,startFixPeriod,1765538700.2676551,771.1579892635345,False
460,0,27,TargetPresentation,1765538701.3225126,772.2128474712372,False
461,0,27,TargetDisplacement,1765538701.3293936,772.2197279930115,True
462,0,27,LeftResponse,1765538701.7528205,772.6431519985199,False
463,0,28,FeedbackPeriodStarted,1765538702.1272125,773.0175466537476,False
464,0,28,startFixDisplay,1765538702.1273365,773.0176696777344,False
465,0,28,startFixPeriod,1765538704.035632,774.9259660243988,False
466,0,28,TargetPresentation,1765538704.5976596,775.4879913330078,False
467,0,28,TargetDisplacement,1765538704.6045907,775.4949250221252,True
468,0,28,RightResponse,1765538705.1044888,775.9948227405548,False
469,0,29,FeedbackPeriodStarted,1765538705.1179373,776.0082716941833,False
470,0,29,startFixDisplay,1765538705.1180778,776.0084111690521,False
471,0,29,startFixPeriod,1765538710.0656896,780.9560260772705,False
472,0,29,TargetPresentation,1765538711.2174842,782.1078186035156,False
473,0,29,TargetDisplacement,1765538711.2244222,782.1147565841675,True
474,0,29,LeftResponse,1765538711.7244499,782.6147830486298,False
475,0,30,FeedbackPeriodStarted,1765538711.737785,782.628116607666,False
476,0,30,startFixDisplay,1765538711.7378323,782.6281633377075,False
477,0,30,startFixPeriod,1765538712.0155141,782.9058482646942,False
478,0,30,TargetPresentation,1765538712.577542,783.4678747653961,False
479,0,30,TargetDisplacement,1765538712.5844839,783.4748179912567,True
480,0,30,RightResponse,1765538713.1121774,784.0025112628937,False
481,0,30,FeedbackPeriodStarted,1765538713.1258118,784.0161490440369,False
482,0,31,startFixDisplay,1765538715.1310124,786.0213470458984,False
483,0,31,startFixPeriod,1765538715.6654599,786.5557942390442,False
484,0,31,TargetPresentation,1765538716.2483814,787.1387155056,False
485,0,31,TargetRemoval,1765538716.407723,787.2980544567108,True
486,0,31,TargetReappeared,1765538716.6576974,787.5480318069458,False
487,0,31,LeftResponse,1765538716.734294,787.6246275901794,False
488,0,32,FeedbackPeriodStarted,1765538716.754742,787.6450760364532,False
489,0,32,startFixDisplay,1765538716.7548738,787.6452069282532,False
490,0,32,startFixPeriod,1765538717.1157403,788.0060744285583,False
491,0,32,TargetPresentation,1765538718.059489,788.949823141098,False
492,0,32,TargetDisplacement,1765538718.066361,788.9566950798035,True
493,0,32,LeftResponse,1765538718.5940487,789.4843828678131,False
494,0,33,FeedbackPeriodStarted,1765538718.6073508,789.4976823329926,False
495,0,33,startFixDisplay,1765538718.607399,789.497730255127,False
496,0,33,startFixPeriod,1765538718.954527,789.8448612689972,False
497,0,33,TargetPresentation,1765538719.7109299,790.6012630462646,False
498,0,33,TargetDisplacement,1765538719.7178278,790.6081593036652,True
499,0,33,RightResponse,1765538720.446605,791.3369379043579,False
500,0,34,FeedbackPeriodStarted,1765538720.467153,791.3574872016907,False
501,0,34,startFixDisplay,1765538720.4673395,791.3576731681824,False
502,0,34,startFixPeriod,1765538721.6192021,792.5095362663269,False
503,0,34,TargetPresentation,1765538722.5837123,793.4740438461304,False
504,0,34,TargetDisplacement,1765538722.659959,793.5502927303314,True
505,0,34,LeftResponse,1765538723.867625,794.7579579353333,False
506,0,35,FeedbackPeriodStarted,1765538723.8881083,794.7784433364868,False
507,0,35,startFixDisplay,1765538723.8882463,794.7785792350769,False
508,0,35,startFixPeriod,1765538725.0332012,795.9235353469849,False
509,0,35,TargetPresentation,1765538725.6368983,796.5272324085236,False
510,0,35,TargetDisplacement,1765538725.6437576,796.5340914726257,True
511,0,35,RightResponse,1765538726.719624,797.6099581718445,False
512,0,36,FeedbackPeriodStarted,1765538726.7331235,797.6234579086304,False
513,0,36,startFixDisplay,1765538726.7332625,797.6235954761505,False
514,0,36,startFixPeriod,1765538727.094,797.9843332767487,False
515,0,36,TargetPresentation,1765538728.5650165,799.4553489685059,False
516,0,36,TargetRemoval,1765538728.5720139,799.4623458385468,True
517,0,36,TargetReappeared,1765538728.8218882,799.7122225761414,False
518,0,36,LeftResponse,1765538729.2035177,800.0938491821289,False
519,0,36,FeedbackPeriodStarted,1765538729.210385,800.1007168292999,False
520,0,37,startFixDisplay,1765538731.2156124,802.1059441566467,False
521,0,37,startFixPeriod,1765538733.4364052,804.3267393112183,False
522,0,37,TargetPresentation,1765538734.0539699,804.944305896759,False
523,0,37,TargetDisplacement,1765538734.2134945,805.1038286685944,True
524,0,37,RightResponse,1765538734.414985,805.3053188323975,False
525,0,38,FeedbackPeriodStarted,1765538734.428495,805.3188290596008,False
526,0,38,startFixDisplay,1765538734.4286256,805.3189587593079,False
527,0,38,startFixPeriod,1765538736.579773,807.4701051712036,False
528,0,38,TargetPresentation,1765538737.4193792,808.3097131252289,False
529,0,38,TargetDisplacement,1765538737.4263527,808.3166868686676,True
530,0,38,LeftResponse,1765538737.801201,808.6915335655212,False
531,0,39,FeedbackPeriodStarted,1765538737.8217602,808.7120945453644,False
532,0,39,startFixDisplay,1765538737.8219526,808.7122838497162,False
533,0,39,startFixPeriod,1765538738.1064022,808.9967362880707,False
534,0,39,TargetPresentation,1765538738.8349192,809.7252538204193,False
535,0,39,TargetDisplacement,1765538738.841854,809.7321884632111,True
536,0,39,RightResponse,1765538739.716233,810.6065645217896,False
537,0,40,FeedbackPeriodStarted,1765538739.7299514,810.620283126831,False
538,0,40,startFixDisplay,1765538739.7299986,810.6203298568726,False
539,0,40,startFixPeriod,1765538739.952143,810.8424770832062,False
540,0,40,TargetPresentation,1765538741.2567184,812.147052526474,False
541,0,40,TargetDisplacement,1765538741.381616,812.2719507217407,True
542,0,40,LeftResponse,1765538741.617901,812.5082325935364,False
543,0,41,FeedbackPeriodStarted,1765538741.631285,812.5216193199158,False
544,0,41,startFixDisplay,1765538741.6314094,812.5217423439026,False
545,0,41,startFixPeriod,1765538742.0894005,812.9797348976135,False
546,0,41,TargetPresentation,1765538743.2135284,814.1038627624512,False
547,0,41,TargetRemoval,1765538743.310554,814.2008855342865,True
548,0,41,TargetReappeared,1765538743.5604386,814.4507727622986,False
549,0,41,RightResponse,1765538743.8036473,814.6939806938171,False
550,0,42,FeedbackPeriodStarted,1765538743.8171003,814.7074348926544,False
551,0,42,startFixDisplay,1765538743.8172412,814.7075746059418,False
552,0,42,startFixPeriod,1765538744.1364815,815.0268168449402,False
553,0,42,TargetPresentation,1765538745.267488,816.1578221321106,False
554,0,42,TargetRemoval,1765538745.3090096,816.1993410587311,True
555,0,42,TargetReappeared,1765538745.5589275,816.4492619037628,False
556,0,42,LeftResponse,1765538745.7882404,816.6785743236542,False
557,0,42,FeedbackPeriodStarted,1765538745.7947714,816.6851053237915,False
558,0,43,startFixDisplay,1765538747.800213,818.6905479431152,False
559,0,43,startFixPeriod,1765538748.1957734,819.0861074924469,False
560,0,43,TargetPresentation,1765538749.5211585,820.411493062973,False
561,0,43,TargetDisplacement,1765538749.5279505,820.4182820320129,True
562,0,43,LeftResponse,1765538749.9793606,820.8696939945221,False
563,0,44,FeedbackPeriodStarted,1765538749.9927192,820.8830511569977,False
564,0,44,startFixDisplay,1765538749.9927652,820.8830966949463,False
565,0,44,startFixPeriod,1765538750.1456807,821.0360147953033,False
566,0,44,TargetPresentation,1765538750.6868944,821.5772287845612,False
567,0,44,TargetDisplacement,1765538750.7562025,821.6465363502502,True
568,0,44,RightResponse,1765538751.1449504,822.0352826118469,False
569,0,45,FeedbackPeriodStarted,1765538751.1655796,822.0559124946594,False
570,0,45,startFixDisplay,1765538751.16568,822.0560121536255,False
571,0,45,startFixPeriod,1765538752.5812697,823.4716045856476,False
572,0,45,TargetPresentation,1765538753.5457146,824.4360494613647,False
573,0,45,TargetDisplacement,1765538753.6637316,824.5540664196014,True
574,0,45,LeftResponse,1765538754.274494,825.1648263931274,False
575,0,46,FeedbackPeriodStarted,1765538754.2951288,825.1854722499847,False
576,0,46,startFixDisplay,1765538754.2953324,825.185665845871,False
577,0,46,startFixPeriod,1765538755.315237,826.2055714130402,False
578,0,46,TargetPresentation,1765538756.3283331,827.218667268753,False
579,0,46,TargetDisplacement,1765538756.3421173,827.2324516773224,True
580,0,46,RightResponse,1765538756.779608,827.6699416637421,False
581,0,47,FeedbackPeriodStarted,1765538756.7931612,827.683495759964,False
582,0,47,startFixDisplay,1765538756.793298,827.6836309432983,False
583,0,47,startFixPeriod,1765538757.0291183,827.919451713562,False
584,0,47,TargetPresentation,1765538757.625946,828.5162801742554,False
585,0,47,TargetRemoval,1765538757.632728,828.5230596065521,True
586,0,47,TargetReappeared,1765538757.8827016,828.7730355262756,False
587,0,47,LeftResponse,1765538758.2506742,829.141007900238,False
588,0,48,FeedbackPeriodStarted,1765538758.2640905,829.1544222831726,False
589,0,48,startFixDisplay,1765538758.264134,829.1544654369354,False
590,0,48,startFixPeriod,1765538758.4239817,829.314316034317,False
591,0,48,TargetPresentation,1765538759.7353585,830.6256928443909,False
592,0,48,TargetDisplacement,1765538759.7422912,830.632622718811,True
593,0,48,RightResponse,1765538760.1379957,831.0283284187317,False
594,0,48,FeedbackPeriodStarted,1765538760.1446197,831.0349519252777,False
595,0,49,startFixDisplay,1765538762.1500769,833.0404117107391,False
596,0,49,startFixPeriod,1765538762.3930118,833.283346414566,False
597,0,49,TargetPresentation,1765538763.2673366,834.1576709747314,False
598,0,49,TargetRemoval,1765538763.4130025,834.3033368587494,True
599,0,49,TargetReappeared,1765538763.6628897,834.5532217025757,False
600,0,49,RightResponse,1765538763.8642068,834.7545385360718,False
601,0,50,FeedbackPeriodStarted,1765538763.8777506,834.7680816650391,False
602,0,50,startFixDisplay,1765538763.8777983,834.7681295871735,False
603,0,50,startFixPeriod,1765538766.306639,837.1969726085663,False
604,0,50,TargetPresentation,1765538767.569474,838.4598059654236,False
605,0,50,TargetDisplacement,1765538767.590274,838.4806084632874,True
606,0,50,LeftResponse,1765538767.993088,838.8834199905396,False
607,0,51,FeedbackPeriodStarted,1765538768.0065854,838.8969194889069,False
608,0,51,startFixDisplay,1765538768.006717,838.8970499038696,False
609,0,51,startFixPeriod,1765538769.130841,840.0211741924286,False
610,0,51,TargetPresentation,1765538769.9357665,840.8261008262634,False
611,0,51,TargetDisplacement,1765538769.9496624,840.8399939537048,True
612,0,51,LeftResponse,1765538770.3038182,841.1941518783569,False
613,0,52,FeedbackPeriodStarted,1765538770.3242924,841.2146265506744,False
614,0,52,startFixDisplay,1765538770.3244812,841.214816570282,False
615,0,52,startFixPeriod,1765538773.5232568,844.4135901927948,False
616,0,52,TargetPresentation,1765538774.0922835,844.982616186142,False
617,0,52,TargetDisplacement,1765538774.0992737,844.9896080493927,True
618,0,52,RightResponse,1765538774.4740493,845.3643808364868,False
619,0,53,FeedbackPeriodStarted,1765538774.4876032,845.3779346942902,False
620,0,53,startFixDisplay,1765538774.4876518,845.3779830932617,False
621,0,53,startFixPeriod,1765538775.9796875,846.8700215816498,False
622,0,53,TargetPresentation,1765538777.0205429,847.9108772277832,False
623,0,53,TargetDisplacement,1765538777.0274756,847.9178104400635,True
624,0,53,LeftResponse,1765538777.7423658,848.6326999664307,False
625,0,54,FeedbackPeriodStarted,1765538777.762934,848.6532680988312,False
626,0,54,startFixDisplay,1765538777.763075,848.653406381607,False
627,0,54,startFixPeriod,1765538778.103112,848.9934463500977,False
628,0,54,TargetPresentation,1765538779.3590982,850.2494330406189,False
629,0,54,TargetRemoval,1765538779.3659241,850.2562556266785,True
630,0,54,TargetReappeared,1765538779.6158037,850.5061378479004,False
631,0,54,RightResponse,1765538779.830983,850.7213156223297,False
632,0,54,FeedbackPeriodStarted,1765538779.8378344,850.7281687259674,False
633,0,55,startFixDisplay,1765538781.8429716,852.7333035469055,False
634,0,55,startFixPeriod,1765538782.3150659,853.2053987979889,False
635,0,55,TargetPresentation,1765538782.8493311,853.7396652698517,False
636,0,55,TargetRemoval,1765538782.8561697,853.7465012073517,True
637,0,55,TargetReappeared,1765538783.106091,853.9964261054993,False
638,0,55,RightResponse,1765538783.4672172,854.3575494289398,False
639,0,56,FeedbackPeriodStarted,1765538783.487641,854.3779747486115,False
640,0,56,startFixDisplay,1765538783.4877727,854.37810587883,False
641,0,56,startFixPeriod,1765538783.6196349,854.5099678039551,False
642,0,56,TargetPresentation,1765538784.6049478,855.4952802658081,False
643,0,56,TargetDisplacement,1765538784.6119153,855.5022478103638,True
644,0,56,RightResponse,1765538785.1326568,856.0229904651642,False
645,0,57,FeedbackPeriodStarted,1765538785.1461642,856.0365126132965,False
646,0,57,startFixDisplay,1765538785.1464128,856.0367467403412,False
647,0,57,startFixPeriod,1765538785.2849019,856.1752343177795,False
648,0,57,TargetPresentation,1765538786.6311624,857.521496295929,False
649,0,57,TargetDisplacement,1765538786.637967,857.5282986164093,True
650,0,57,LeftResponse,1765538787.3669126,858.2572462558746,False
651,0,58,FeedbackPeriodStarted,1765538787.387386,858.2777202129364,False
652,0,58,startFixDisplay,1765538787.3875184,858.2778515815735,False
653,0,58,startFixPeriod,1765538789.1569674,860.0473017692566,False
654,0,58,TargetPresentation,1765538790.4892752,861.3796093463898,False
655,0,58,TargetRemoval,1765538790.5656655,861.4560022354126,True
656,0,58,TargetReappeared,1765538790.8154488,861.7057831287384,False
657,0,58,RightResponse,1765538791.0099216,861.9002532958984,False
658,0,59,FeedbackPeriodStarted,1765538791.0234404,861.9137742519379,False
659,0,59,startFixDisplay,1765538791.0235715,861.913904428482,False
660,0,59,startFixPeriod,1765538792.3558574,863.246191740036,False
661,0,59,TargetPresentation,1765538793.4937718,864.3841042518616,False
662,0,59,TargetDisplacement,1765538793.6118846,864.5022161006927,True
663,0,59,RightResponse,1765538793.8966105,864.7869443893433,False
664,0,60,FeedbackPeriodStarted,1765538793.9170253,864.807359457016,False
665,0,60,startFixDisplay,1765538793.9172068,864.8075406551361,False
666,0,60,startFixPeriod,1765538794.9996395,865.8899736404419,False
667,0,60,TargetPresentation,1765538796.019671,866.910005569458,False
668,0,60,TargetDisplacement,1765538796.02661,866.916944026947,True
669,0,60,LeftResponse,1765538796.6653082,867.5556411743164,False
670,0,60,FeedbackPeriodStarted,1765538796.6788905,867.5692248344421,False
671,0,61,startFixDisplay,1765538798.6840978,869.5744295120239,False
672,0,61,startFixPeriod,1765538799.07286,869.9631941318512,False
673,0,61,TargetPresentation,1765538799.6626923,870.553026676178,False
674,0,61,TargetDisplacement,1765538799.6696362,870.5599706172943,True
675,0,61,RightResponse,1765538800.1140833,871.0044183731079,False
676,0,62,FeedbackPeriodStarted,1765538800.1343832,871.024715423584,False
677,0,62,startFixDisplay,1765538800.134461,871.024792432785,False
678,0,62,startFixPeriod,1765538801.2726011,872.1629354953766,False
679,0,62,TargetPresentation,1765538801.8207834,872.7111175060272,False
680,0,62,TargetDisplacement,1765538801.8970363,872.787369966507,True
681,0,62,LeftResponse,1765538802.3901043,873.2804384231567,False
682,0,63,FeedbackPeriodStarted,1765538802.4104674,873.3008012771606,False
683,0,63,startFixDisplay,1765538802.410597,873.3009300231934,False
684,0,63,startFixPeriod,1765538804.5478337,875.4381678104401,False
685,0,63,TargetPresentation,1765538805.0612748,875.9516091346741,False
686,0,63,TargetDisplacement,1765538805.123583,876.013914346695,True
687,0,63,LeftResponse,1765538805.5125933,876.4029266834259,False
688,0,64,FeedbackPeriodStarted,1765538805.533159,876.4234933853149,False
689,0,64,startFixDisplay,1765538805.5332851,876.4236180782318,False
690,0,64,startFixPeriod,1765538806.691958,877.5822923183441,False
691,0,64,TargetPresentation,1765538807.3441656,878.2344994544983,False
692,0,64,TargetRemoval,1765538807.4620905,878.3524248600006,True
693,0,64,TargetReappeared,1765538807.7120337,878.6023681163788,False
694,0,64,LeftResponse,1765538807.8023381,878.692670583725,False
695,0,65,FeedbackPeriodStarted,1765538807.8228297,878.7131614685059,False
696,0,65,startFixDisplay,1765538807.8229282,878.7132592201233,False
697,0,65,startFixPeriod,1765538808.3573358,879.2476699352264,False
698,0,65,TargetPresentation,1765538809.6202798,880.510614156723,False
699,0,65,TargetDisplacement,1765538809.6271079,880.5174429416656,True
700,0,65,LeftResponse,1765538810.0228956,880.9132297039032,False
701,0,65,FeedbackPeriodStarted,1765538810.0573714,880.9477055072784,False
702,1,66,startFixDisplay,1765538945.3132348,1016.2035663127899,False
703,1,66,startFixPeriod,1765538945.5564578,1016.4467923641205,False
704,1,66,TargetPresentation,1765538946.4307094,1017.321042060852,False
705,1,66,TargetRemoval,1765538946.5554352,1017.445769071579,True
706,1,66,TargetReappeared,1765538946.8054736,1017.6958088874817,False
707,1,66,LeftResponse,1765538947.041614,1017.9319477081299,False
708,1,67,FeedbackPeriodStarted,1765538947.0620887,1017.9524240493774,False
709,1,67,startFixDisplay,1765538947.062206,1017.9525372982025,False
710,1,67,startFixPeriod,1765538947.3258297,1018.2161643505096,False
711,1,67,TargetPresentation,1765538948.0058048,1018.8961384296417,False
712,1,67,TargetDisplacement,1765538948.1444762,1019.0348103046417,True
713,1,67,RightResponse,1765538948.8805192,1019.7708532810211,False
714,1,68,FeedbackPeriodStarted,1765538948.8939548,1019.784286737442,False
715,1,68,startFixDisplay,1765538948.8940163,1019.7843475341797,False
716,1,68,startFixPeriod,1765538949.074582,1019.9649167060852,False
717,1,68,TargetPresentation,1765538949.5741234,1020.4644582271576,False
718,1,68,TargetRemoval,1765538949.7336266,1020.6239609718323,True
719,1,68,TargetReappeared,1765538949.983454,1020.8737869262695,False
720,1,68,LeftResponse,1765538950.0602245,1020.9505581855774,False
721,1,69,FeedbackPeriodStarted,1765538950.073751,1020.9640853404999,False
722,1,69,startFixDisplay,1765538950.0738919,1020.9642250537872,False
723,1,69,startFixPeriod,1765538950.3998902,1021.2902245521545,False
724,1,69,TargetPresentation,1765538951.7945962,1022.6849308013916,False
725,1,69,TargetDisplacement,1765538951.9262674,1022.8166015148163,True
726,1,69,RightResponse,1765538952.4194264,1023.3097584247589,False
727,1,70,FeedbackPeriodStarted,1765538952.4398718,1023.3302073478699,False
728,1,70,startFixDisplay,1765538952.440022,1023.3303551673889,False
729,1,70,startFixPeriod,1765538952.6412625,1023.5315973758698,False
730,1,70,TargetPresentation,1765538953.4668033,1024.357135772705,False
731,1,70,TargetDisplacement,1765538953.6124747,1024.502806186676,True
732,1,70,LeftResponse,1765538954.36266,1025.252994298935,False
733,1,71,FeedbackPeriodStarted,1765538954.382765,1025.2730989456177,False
734,1,71,startFixDisplay,1765538954.3829155,1025.273248910904,False
735,1,71,startFixPeriod,1765538954.6188664,1025.5092012882233,False
736,1,71,TargetPresentation,1765538955.715275,1026.6056079864502,False
737,1,71,TargetDisplacement,1765538955.8537736,1026.7441051006317,True
738,1,71,LeftResponse,1765538956.499527,1027.3898599147797,False
739,1,72,FeedbackPeriodStarted,1765538956.5198457,1027.4101774692535,False
740,1,72,startFixDisplay,1765538956.519913,1027.410243988037,False
741,1,72,startFixPeriod,1765538956.686705,1027.5770394802094,False
742,1,72,TargetPresentation,1765538958.1369314,1029.027265548706,False
743,1,72,TargetDisplacement,1765538958.2616198,1029.1519510746002,True
744,1,72,RightResponse,1765538958.7267075,1029.6170392036438,False
745,1,72,FeedbackPeriodStarted,1765538958.7336304,1029.6239624023438,False
746,1,73,startFixDisplay,1765538960.7388747,1031.6292090415955,False
747,1,73,startFixPeriod,1765538960.9888713,1031.8792042732239,False
748,1,73,TargetPresentation,1765538961.530171,1032.4205055236816,False
749,1,73,TargetDisplacement,1765538961.6548598,1032.5451939105988,True
750,1,73,LeftResponse,1765538962.279653,1033.1699860095978,False
751,1,74,FeedbackPeriodStarted,1765538962.3002658,1033.190600156784,False
752,1,74,startFixDisplay,1765538962.3004067,1033.1907398700714,False
753,1,74,startFixPeriod,1765538962.5569966,1033.4473288059235,False
754,1,74,TargetPresentation,1765538963.3898034,1034.2801382541656,False
755,1,74,TargetDisplacement,1765538963.5075307,1034.3978621959686,True
756,1,74,RightResponse,1765538964.1187654,1035.00909948349,False
757,1,75,FeedbackPeriodStarted,1765538964.139231,1035.0295867919922,False
758,1,75,startFixDisplay,1765538964.139504,1035.0298373699188,False
759,1,75,startFixPeriod,1765538964.3682156,1035.2585661411285,False
760,1,75,TargetPresentation,1765538965.7420514,1036.6324050426483,False
761,1,75,TargetRemoval,1765538965.8947408,1036.785074710846,True
762,1,75,TargetReappeared,1765538966.1445353,1037.034868478775,False
763,1,75,LeftResponse,1765538966.3806503,1037.2709822654724,False
764,1,76,FeedbackPeriodStarted,1765538966.4011679,1037.2915024757385,False
765,1,76,startFixDisplay,1765538966.4013124,1037.291645526886,False
766,1,76,startFixPeriod,1765538966.609534,1037.4998681545258,False
767,1,76,TargetPresentation,1765538967.5254912,1038.4158263206482,False
768,1,76,TargetDisplacement,1765538967.6501799,1038.5405135154724,True
769,1,76,RightResponse,1765538968.2889569,1039.179291009903,False
770,1,77,FeedbackPeriodStarted,1765538968.309408,1039.1997427940369,False
771,1,77,startFixDisplay,1765538968.3095536,1039.19988656044,False
772,1,77,startFixPeriod,1765538968.5662887,1039.456622838974,False
773,1,77,TargetPresentation,1765538969.2672236,1040.1575589179993,False
774,1,77,TargetDisplacement,1765538969.3987606,1040.2890918254852,True
775,1,77,LeftResponse,1765538970.2804756,1041.170808315277,False
776,1,78,FeedbackPeriodStarted,1765538970.3009088,1041.191243171692,False
777,1,78,startFixDisplay,1765538970.3010526,1041.1914129257202,False
778,1,78,startFixPeriod,1765538970.5024607,1041.3927946090698,False
779,1,78,TargetPresentation,1765538971.0296547,1041.9199893474579,False
780,1,78,TargetDisplacement,1765538971.182272,1042.072606086731,True
781,1,78,RightResponse,1765538971.6197574,1042.5100901126862,False
782,1,78,FeedbackPeriodStarted,1765538971.633359,1042.523693561554,False
783,1,79,startFixDisplay,1765538973.6385536,1044.5288879871368,False
784,1,79,startFixPeriod,1765538974.0620322,1044.9523668289185,False
785,1,79,TargetPresentation,1765538975.2764142,1046.1667490005493,False
786,1,79,TargetDisplacement,1765538975.4220862,1046.3124208450317,True
787,1,79,RightResponse,1765538975.8663056,1046.7566385269165,False
788,1,80,FeedbackPeriodStarted,1765538975.8868542,1046.777188539505,False
789,1,80,startFixDisplay,1765538975.8870006,1046.777333498001,False
790,1,80,startFixPeriod,1765538976.060498,1046.9508302211761,False
791,1,80,TargetPresentation,1765538977.538518,1048.428849697113,False
792,1,80,TargetDisplacement,1765538977.5729895,1048.4633238315582,True
793,1,80,LeftResponse,1765538978.0037076,1048.8940408229828,False
794,1,81,FeedbackPeriodStarted,1765538978.024111,1048.9144461154938,False
795,1,81,startFixDisplay,1765538978.0244732,1048.9148082733154,False
796,1,81,startFixPeriod,1765538978.280962,1049.171296596527,False
797,1,81,TargetPresentation,1765538978.8916721,1049.7820060253143,False
798,1,81,TargetDisplacement,1765538978.898597,1049.7889297008514,True
799,1,81,RightResponse,1765538979.335679,1050.2260105609894,False
800,1,82,FeedbackPeriodStarted,1765538979.3494065,1050.2397384643555,False
801,1,82,startFixDisplay,1765538979.34947,1050.2398011684418,False
802,1,82,startFixPeriod,1765538979.530051,1050.4204061031342,False
803,1,82,TargetPresentation,1765538980.7512813,1051.6416156291962,False
804,1,82,TargetDisplacement,1765538980.8274379,1051.71777176857,True
805,1,82,RightResponse,1765538981.4525356,1052.3428692817688,False
806,1,83,FeedbackPeriodStarted,1765538981.4657252,1052.3560576438904,False
807,1,83,startFixDisplay,1765538981.4658005,1052.35613155365,False
808,1,83,startFixPeriod,1765538981.7575283,1052.647863149643,False
809,1,83,TargetPresentation,1765538982.9440076,1053.8343424797058,False
810,1,83,TargetDisplacement,1765538983.0618064,1053.952140569687,True
811,1,83,RightResponse,1765538983.7353566,1054.6256895065308,False
812,1,84,FeedbackPeriodStarted,1765538983.7556558,1054.6459877490997,False
813,1,84,startFixDisplay,1765538983.755725,1054.6460559368134,False
814,1,84,startFixPeriod,1765538984.0613134,1054.951647758484,False
815,1,84,TargetPresentation,1765538985.331147,1056.2214815616608,False
816,1,84,TargetRemoval,1765538985.455842,1056.3461763858795,True
817,1,84,TargetReappeared,1765538985.7057624,1056.5960953235626,False
818,1,84,LeftResponse,1765538985.8169613,1056.707293510437,False
819,1,84,FeedbackPeriodStarted,1765538985.82369,1056.7140228748322,False
820,1,85,startFixDisplay,1765538987.828921,1058.7192554473877,False
821,1,85,startFixPeriod,1765538988.0928154,1058.983148574829,False
822,1,85,TargetPresentation,1765538988.8423152,1059.7326498031616,False
823,1,85,TargetDisplacement,1765538988.994733,1059.8850672245026,True
824,1,85,LeftResponse,1765538989.4116216,1060.301955461502,False
825,1,86,FeedbackPeriodStarted,1765538989.4319355,1060.3222696781158,False
826,1,86,startFixDisplay,1765538989.4321165,1060.3224501609802,False
827,1,86,startFixPeriod,1765538989.6541035,1060.5444386005402,False
828,1,86,TargetPresentation,1765538991.1251962,1062.0155308246613,False
829,1,86,TargetDisplacement,1765538991.2638276,1062.1541624069214,True
830,1,86,RightResponse,1765538991.555711,1062.446044921875,False
831,1,87,FeedbackPeriodStarted,1765538991.5760489,1062.4663829803467,False
832,1,87,startFixDisplay,1765538991.5762188,1062.4665520191193,False
833,1,87,startFixPeriod,1765538991.7636287,1062.6539633274078,False
834,1,87,TargetPresentation,1765538992.4019432,1063.2922778129578,False
835,1,87,TargetDisplacement,1765538992.5545287,1063.4448602199554,True
836,1,87,RightResponse,1765538993.0128176,1063.9031507968903,False
837,1,88,FeedbackPeriodStarted,1765538993.040289,1063.9306237697601,False
838,1,88,startFixDisplay,1765538993.0404253,1063.9307584762573,False
839,1,88,startFixPeriod,1765538993.2764368,1064.1667737960815,False
840,1,88,TargetPresentation,1765538994.261622,1065.1519539356232,False
841,1,88,TargetDisplacement,1765538994.4556346,1065.3459661006927,True
842,1,88,RightResponse,1765538994.6574855,1065.5478196144104,False
843,1,89,FeedbackPeriodStarted,1765538994.6778936,1065.5682282447815,False
844,1,89,startFixDisplay,1765538994.6780436,1065.5683765411377,False
845,1,89,startFixPeriod,1765538994.9347043,1065.8250377178192,False
846,1,89,TargetPresentation,1765538995.5175896,1066.4079225063324,False
847,1,89,TargetDisplacement,1765538995.524531,1066.4148652553558,True
848,1,89,LeftResponse,1765538996.079877,1066.9702100753784,False
849,1,90,FeedbackPeriodStarted,1765538996.1004074,1066.990757226944,False
850,1,90,startFixDisplay,1765538996.100522,1066.99085354805,False
851,1,90,startFixPeriod,1765538996.398853,1067.2891869544983,False
852,1,90,TargetPresentation,1765538997.4050465,1068.2953808307648,False
853,1,90,TargetDisplacement,1765538997.5158885,1068.4062223434448,True
854,1,90,RightResponse,1765538997.9465842,1068.836916923523,False
855,1,90,FeedbackPeriodStarted,1765538997.9531722,1068.8435068130493,False
856,1,91,startFixDisplay,1765538999.9583514,1070.8486831188202,False
857,1,91,startFixPeriod,1765539000.194579,1071.0849137306213,False
858,1,91,TargetPresentation,1765539001.138223,1072.0285573005676,False
859,1,91,TargetRemoval,1765539001.2976215,1072.1879529953003,True
860,1,91,TargetReappeared,1765539001.547726,1072.4380600452423,False
861,1,91,RightResponse,1765539001.6867979,1072.5771310329437,False
862,1,92,FeedbackPeriodStarted,1765539001.7070806,1072.5974173545837,False
863,1,92,startFixDisplay,1765539001.7072415,1072.597574710846,False
864,1,92,startFixPeriod,1765539001.9778726,1072.8682074546814,False
865,1,92,TargetPresentation,1765539002.8659997,1073.7563343048096,False
866,1,92,TargetDisplacement,1765539003.0046527,1073.894986629486,True
867,1,92,RightResponse,1765539003.5464187,1074.4367525577545,False
868,1,93,FeedbackPeriodStarted,1765539003.566791,1074.4571256637573,False
869,1,93,startFixDisplay,1765539003.566936,1074.4572689533234,False
870,1,93,startFixPeriod,1765539003.9139576,1074.8042931556702,False
871,1,93,TargetPresentation,1765539005.1421785,1076.0325133800507,False
872,1,93,TargetRemoval,1765539005.1489892,1076.0393238067627,True
873,1,93,TargetReappeared,1765539005.3988097,1076.2891430854797,False
874,1,93,LeftResponse,1765539005.8015947,1076.6919271945953,False
875,1,94,FeedbackPeriodStarted,1765539005.8220086,1076.7123441696167,False
876,1,94,startFixDisplay,1765539005.8221867,1076.712520122528,False
877,1,94,startFixPeriod,1765539005.9677725,1076.858104467392,False
878,1,94,TargetPresentation,1765539007.4180079,1078.3083410263062,False
879,1,94,TargetDisplacement,1765539007.5428672,1078.4332015514374,True
880,1,94,RightResponse,1765539007.8695533,1078.7598876953125,False
881,1,95,FeedbackPeriodStarted,1765539007.896691,1078.7870230674744,False
882,1,95,startFixDisplay,1765539007.8967586,1078.7870898246765,False
883,1,95,startFixPeriod,1765539008.2022715,1079.092606306076,False
884,1,95,TargetPresentation,1765539009.6593912,1080.5497257709503,False
885,1,95,TargetDisplacement,1765539009.7980132,1080.6883473396301,True
886,1,95,LeftResponse,1765539009.9992607,1080.889592409134,False
887,1,96,FeedbackPeriodStarted,1765539010.0199716,1080.910304069519,False
888,1,96,startFixDisplay,1765539010.0200758,1080.910407781601,False
889,1,96,startFixPeriod,1765539010.2284455,1081.1187789440155,False
890,1,96,TargetPresentation,1765539011.4497952,1082.3401279449463,False
891,1,96,TargetDisplacement,1765539011.5535212,1082.4438524246216,True
892,1,96,RightResponse,1765539011.8801062,1082.770438671112,False
893,1,96,FeedbackPeriodStarted,1765539011.8866582,1082.7769923210144,False
894,1,97,startFixDisplay,1765539013.8919032,1084.7822346687317,False
895,1,97,startFixPeriod,1765539014.2669046,1085.1572391986847,False
896,1,97,TargetPresentation,1765539015.051084,1085.9414191246033,False
897,1,97,TargetDisplacement,1765539015.217421,1086.107754945755,True
898,1,97,LeftResponse,1765539015.7241657,1086.6144971847534,False
899,1,98,FeedbackPeriodStarted,1765539015.7448123,1086.6351466178894,False
900,1,98,startFixDisplay,1765539015.7449024,1086.6352336406708,False
901,1,98,startFixPeriod,1765539015.8836498,1086.7739820480347,False
902,1,98,TargetPresentation,1765539017.3618026,1088.252137184143,False
903,1,98,TargetDisplacement,1765539017.3686178,1088.258949995041,True
904,1,98,RightResponse,1765539018.0904634,1088.9807958602905,False
905,1,99,FeedbackPeriodStarted,1765539018.1110294,1089.0013635158539,False
906,1,99,startFixDisplay,1765539018.1111856,1089.0015189647675,False
907,1,99,startFixPeriod,1765539018.2498481,1089.1401801109314,False
908,1,99,TargetPresentation,1765539019.2908304,1090.1811652183533,False
909,1,99,TargetDisplacement,1765539019.2976656,1090.1879975795746,True
910,1,99,LeftResponse,1765539019.9433036,1090.833637714386,False
911,1,100,FeedbackPeriodStarted,1765539019.9637978,1090.8541328907013,False
912,1,100,startFixDisplay,1765539019.9639535,1090.8542864322662,False
913,1,100,startFixPeriod,1765539020.2830331,1091.173365354538,False
914,1,100,TargetPresentation,1765539020.9631019,1091.8534371852875,False
915,1,100,TargetDisplacement,1765539021.1016767,1091.9920082092285,True
916,1,100,RightResponse,1765539021.6365852,1092.5269191265106,False
917,1,101,FeedbackPeriodStarted,1765539021.6568656,1092.547200202942,False
918,1,101,startFixDisplay,1765539021.6570013,1092.547334432602,False
919,1,101,startFixPeriod,1765539022.2190795,1093.1094143390656,False
920,1,101,TargetPresentation,1765539022.8157964,1093.7061290740967,False
921,1,101,TargetDisplacement,1765539022.9406283,1093.8309626579285,True
922,1,101,RightResponse,1765539023.9889214,1094.879254102707,False
923,1,102,FeedbackPeriodStarted,1765539024.0091658,1094.8994977474213,False
924,1,102,startFixDisplay,1765539024.0092335,1094.899564743042,False
925,1,102,startFixPeriod,1765539024.2106588,1095.1009933948517,False
926,1,102,TargetPresentation,1765539025.494353,1096.384687423706,False
927,1,102,TargetDisplacement,1765539025.612238,1096.50257229805,True
928,1,102,RightResponse,1765539026.1051466,1096.9954793453217,False
929,1,102,FeedbackPeriodStarted,1765539026.1117895,1097.0021224021912,False
930,1,103,startFixDisplay,1765539028.1169574,1099.0072894096375,False
931,1,103,startFixPeriod,1765539028.3672392,1099.2575752735138,False
932,1,103,TargetPresentation,1765539028.929195,1099.8195283412933,False
933,1,103,TargetDisplacement,1765539029.067768,1099.9581017494202,True
934,1,103,RightResponse,1765539029.8732052,1100.76353931427,False
935,1,104,FeedbackPeriodStarted,1765539029.8936589,1100.7839934825897,False
936,1,104,startFixDisplay,1765539029.8938034,1100.78413438797,False
937,1,104,startFixPeriod,1765539030.0672374,1100.9575719833374,False
938,1,104,TargetPresentation,1765539030.587643,1101.477977514267,False
939,1,104,TargetDisplacement,1765539030.7193081,1101.6096422672272,True
940,1,104,RightResponse,1765539031.767421,1102.6577546596527,False
941,1,105,FeedbackPeriodStarted,1765539031.7879128,1102.6782476902008,False
942,1,105,startFixDisplay,1765539031.7881324,1102.678466796875,False
943,1,105,startFixPeriod,1765539032.0864632,1102.976795911789,False
944,1,105,TargetPresentation,1765539033.3631923,1104.2535243034363,False
945,1,105,TargetRemoval,1765539033.5087574,1104.3990914821625,True
946,1,105,TargetReappeared,1765539033.7587912,1104.6491255760193,False
947,1,105,LeftResponse,1765539034.0920534,1104.9824097156525,False
948,1,106,FeedbackPeriodStarted,1765539034.1124694,1105.0028038024902,False
949,1,106,startFixDisplay,1765539034.1126144,1105.0029473304749,False
950,1,106,startFixPeriod,1765539034.2653391,1105.1556737422943,False
951,1,106,TargetPresentation,1765539035.4587576,1106.3490898609161,False
952,1,106,TargetDisplacement,1765539035.5906332,1106.480964899063,True
953,1,106,RightResponse,1765539035.9934669,1106.8838007450104,False
954,1,107,FeedbackPeriodStarted,1765539036.0136952,1106.904027223587,False
955,1,107,startFixDisplay,1765539036.0137606,1106.904091835022,False
956,1,107,startFixPeriod,1765539036.159697,1107.0500321388245,False
957,1,107,TargetPresentation,1765539036.9090235,1107.7993564605713,False
958,1,107,TargetRemoval,1765539037.047681,1107.9380152225494,True
959,1,107,TargetReappeared,1765539037.297698,1108.1880326271057,False
960,1,107,RightResponse,1765539037.6794984,1108.5698313713074,False
961,1,108,FeedbackPeriodStarted,1765539037.699956,1108.5902905464172,False
962,1,108,startFixDisplay,1765539037.700186,1108.590521812439,False
963,1,108,startFixPeriod,1765539038.060993,1108.9513273239136,False
964,1,108,TargetPresentation,1765539039.2267277,1110.1170620918274,False
965,1,108,TargetDisplacement,1765539039.365299,1110.2556328773499,True
966,1,108,LeftResponse,1765539039.670977,1110.5613102912903,False
967,1,108,FeedbackPeriodStarted,1765539039.6846085,1110.574940443039,False
968,1,109,startFixDisplay,1765539041.6897538,1112.580085515976,False
969,1,109,startFixPeriod,1765539041.6966634,1112.5869948863983,False
970,1,109,TargetPresentation,1765539043.077842,1113.96817445755,False
971,1,109,TargetDisplacement,1765539043.2165394,1114.106873035431,True
972,1,109,RightResponse,1765539043.6332867,1114.523619890213,False
973,1,110,FeedbackPeriodStarted,1765539043.6536365,1114.543970823288,False
974,1,110,startFixDisplay,1765539043.6537817,1114.5441150665283,False
975,1,110,startFixPeriod,1765539043.8343208,1114.7246556282043,False
976,1,110,TargetPresentation,1765539044.6184027,1115.5087373256683,False
977,1,110,TargetDisplacement,1765539044.7707555,1115.6610870361328,True
978,1,110,LeftResponse,1765539045.263881,1116.1542148590088,False
979,1,111,FeedbackPeriodStarted,1765539045.2843144,1116.1746487617493,False
980,1,111,startFixDisplay,1765539045.284457,1116.174789905548,False
981,1,111,startFixPeriod,1765539045.437161,1116.3274941444397,False
982,1,111,TargetPresentation,1765539046.9013624,1117.791697025299,False
983,1,111,TargetRemoval,1765539047.0330362,1117.923368215561,True
984,1,111,TargetReappeared,1765539047.2829528,1118.1732847690582,False
985,1,111,RightResponse,1765539047.3248527,1118.215184211731,False
986,1,112,FeedbackPeriodStarted,1765539047.3452196,1118.2355539798737,False
987,1,112,startFixDisplay,1765539047.3453624,1118.2356951236725,False
988,1,112,startFixPeriod,1765539047.6715872,1118.5619220733643,False
989,1,112,TargetPresentation,1765539048.8789623,1119.7692954540253,False
990,1,112,TargetDisplacement,1765539049.066169,1119.9565033912659,True
991,1,112,LeftResponse,1765539049.2050936,1120.0954251289368,False
992,1,113,FeedbackPeriodStarted,1765539049.2187347,1120.1090664863586,False
993,1,113,startFixDisplay,1765539049.2188425,1120.1091740131378,False
994,1,113,startFixPeriod,1765539049.4756148,1120.3659467697144,False
995,1,113,TargetPresentation,1765539050.0863574,1120.976692199707,False
996,1,113,TargetRemoval,1765539050.2040443,1121.0943758487701,True
997,1,113,TargetReappeared,1765539050.4541008,1121.3444349765778,False
998,1,113,LeftResponse,1765539050.8916695,1121.7820036411285,False
999,1,114,FeedbackPeriodStarted,1765539050.9118905,1121.8022248744965,False
1000,1,114,startFixDisplay,1765539050.9120023,1121.8023335933685,False
1001,1,114,startFixPeriod,1765539051.6129746,1122.5033085346222,False
1002,1,114,TargetPresentation,1765539052.313786,1123.2041206359863,False
1003,1,114,TargetDisplacement,1765539052.417689,1123.308023929596,True
1004,1,114,RightResponse,1765539052.6886392,1123.5789716243744,False
1005,1,114,FeedbackPeriodStarted,1765539052.6954868,1123.5858209133148,False
1006,1,115,startFixDisplay,1765539054.700493,1125.590824842453,False
1007,1,115,startFixPeriod,1765539054.9298434,1125.8201780319214,False
1008,1,115,TargetPresentation,1765539056.2412992,1127.1316330432892,False
1009,1,115,TargetDisplacement,1765539056.3868184,1127.2771496772766,True
1010,1,115,RightResponse,1765539056.845325,1127.7356586456299,False
1011,1,116,FeedbackPeriodStarted,1765539056.8655992,1127.755933523178,False
1012,1,116,startFixDisplay,1765539056.8657408,1127.7560737133026,False
1013,1,116,startFixPeriod,1765539057.1434562,1128.0337915420532,False
1014,1,116,TargetPresentation,1765539058.6006057,1129.4909377098083,False
1015,1,116,TargetDisplacement,1765539058.7669942,1129.657325744629,True
1016,1,116,LeftResponse,1765539059.2323582,1130.1226921081543,False
1017,1,117,FeedbackPeriodStarted,1765539059.25263,1130.1429643630981,False
1018,1,117,startFixDisplay,1765539059.2527711,1130.143104314804,False
1019,1,117,startFixPeriod,1765539060.1896493,1131.0799839496613,False
1020,1,117,TargetPresentation,1765539061.0291119,1131.9194447994232,False
1021,1,117,TargetDisplacement,1765539061.160973,1132.0513076782227,True
1022,1,117,LeftResponse,1765539061.5430822,1132.4334154129028,False
1023,1,118,FeedbackPeriodStarted,1765539061.563253,1132.453584909439,False
1024,1,118,startFixDisplay,1765539061.5633194,1132.453650712967,False
1025,1,118,startFixPeriod,1765539062.6599514,1133.5502853393555,False
1026,1,118,TargetPresentation,1765539063.6036189,1134.493952035904,False
1027,1,118,TargetRemoval,1765539063.7629993,1134.6533334255219,True
1028,1,118,TargetReappeared,1765539064.012976,1134.903310060501,False
1029,1,118,RightResponse,1765539064.2560916,1135.1464257240295,False
1030,1,119,FeedbackPeriodStarted,1765539064.2764964,1135.166830778122,False
1031,1,119,startFixDisplay,1765539064.2766225,1135.1669554710388,False
1032,1,119,startFixPeriod,1765539064.561145,1135.4514791965485,False
1033,1,119,TargetPresentation,1765539065.32455,1136.2148835659027,False
1034,1,119,TargetDisplacement,1765539065.4424903,1136.332825422287,True
1035,1,119,LeftResponse,1765539066.2961774,1137.186511516571,False
1036,1,120,FeedbackPeriodStarted,1765539066.3164968,1137.2068285942078,False
1037,1,120,startFixDisplay,1765539066.316559,1137.2068903446198,False
1038,1,120,startFixPeriod,1765539066.5458124,1137.436146736145,False
1039,1,120,TargetPresentation,1765539067.961381,1138.8517153263092,False
1040,1,120,TargetDisplacement,1765539067.9682364,1138.858568429947,True
1041,1,120,LeftResponse,1765539068.6695259,1139.559859752655,False
1042,1,120,FeedbackPeriodStarted,1765539068.6829941,1139.5733263492584,False
1043,1,121,startFixDisplay,1765539070.6881807,1141.5785150527954,False
1044,1,121,startFixPeriod,1765539070.9660807,1141.8564155101776,False
1045,1,121,TargetPresentation,1765539072.0554464,1142.9457807540894,False
1046,1,121,TargetDisplacement,1765539072.1869984,1143.0773296356201,True
1047,1,121,RightResponse,1765539072.6454935,1143.5358262062073,False
1048,1,122,FeedbackPeriodStarted,1765539072.6658523,1143.5561850070953,False
1049,1,122,startFixDisplay,1765539072.6659448,1143.5562765598297,False
1050,1,122,startFixPeriod,1765539072.985288,1143.87562251091,False
1051,1,122,TargetPresentation,1765539074.1788003,1145.0691344738007,False
1052,1,122,TargetDisplacement,1765539074.2757192,1145.1660506725311,True
1053,1,122,LeftResponse,1765539075.0672443,1145.9575765132904,False
1054,1,123,FeedbackPeriodStarted,1765539075.0876443,1145.9779801368713,False
1055,1,123,startFixDisplay,1765539075.0877976,1145.9781305789948,False
1056,1,123,startFixPeriod,1765539075.240443,1146.1307773590088,False
1057,1,123,TargetPresentation,1765539075.962142,1146.8524765968323,False
1058,1,123,TargetDisplacement,1765539076.0937853,1146.9841194152832,True
1059,1,123,RightResponse,1765539076.6491666,1147.5394988059998,False
1060,1,124,FeedbackPeriodStarted,1765539076.6697223,1147.5600564479828,False
1061,1,124,startFixDisplay,1765539076.6698625,1147.5601954460144,False
1062,1,124,startFixPeriod,1765539076.9752553,1147.8655898571014,False
1063,1,124,TargetPresentation,1765539078.238072,1149.1284050941467,False
1064,1,124,TargetDisplacement,1765539078.2451286,1149.135461807251,True
1065,1,124,LeftResponse,1765539078.925308,1149.8156402111053,False
1066,1,125,FeedbackPeriodStarted,1765539078.945587,1149.8359186649323,False
1067,1,125,startFixDisplay,1765539078.945652,1149.8359830379486,False
1068,1,125,startFixPeriod,1765539079.202657,1150.0929915904999,False
1069,1,125,TargetPresentation,1765539079.7438984,1150.6342327594757,False
1070,1,125,TargetDisplacement,1765539079.875589,1150.7659225463867,True
1071,1,125,LeftResponse,1765539080.680901,1151.5712339878082,False
1072,1,126,FeedbackPeriodStarted,1765539080.701327,1151.5916612148285,False
1073,1,126,startFixDisplay,1765539080.7014692,1151.5918021202087,False
1074,1,126,startFixPeriod,1765539080.9304798,1151.8208141326904,False
1075,1,126,TargetPresentation,1765539081.7422602,1152.6325948238373,False
1076,1,126,TargetDisplacement,1765539081.8739598,1152.7642912864685,True
1077,1,126,LeftResponse,1765539082.387948,1153.2782800197601,False
1078,1,126,FeedbackPeriodStarted,1765539082.3945074,1153.2848415374756,False
1079,1,127,startFixDisplay,1765539084.4068394,1155.2971732616425,False
1080,1,127,startFixPeriod,1765539084.5248492,1155.4151821136475,False
1081,1,127,TargetPresentation,1765539085.0383804,1155.9287147521973,False
1082,1,127,TargetRemoval,1765539085.1631305,1156.0534644126892,True
1083,1,127,TargetReappeared,1765539085.413089,1156.3034222126007,False
1084,1,127,LeftResponse,1765539085.767167,1156.657499074936,False
1085,1,128,FeedbackPeriodStarted,1765539085.7876742,1156.6780099868774,False
1086,1,128,startFixDisplay,1765539085.787817,1156.678150177002,False
1087,1,128,startFixPeriod,1765539086.0999534,1156.9902856349945,False
1088,1,128,TargetPresentation,1765539087.0783906,1157.9687249660492,False
1089,1,128,TargetDisplacement,1765539087.2517383,1158.1420722007751,True
1090,1,128,RightResponse,1765539088.119435,1159.0097682476044,False
1091,1,129,FeedbackPeriodStarted,1765539088.1398182,1159.0301504135132,False
1092,1,129,startFixDisplay,1765539088.1398962,1159.0302274227142,False
1093,1,129,startFixPeriod,1765539088.3205707,1159.2109053134918,False
1094,1,129,TargetPresentation,1765539089.7221935,1160.6125252246857,False
1095,1,129,TargetDisplacement,1765539089.826161,1160.7164959907532,True
1096,1,129,RightResponse,1765539090.6107914,1161.5011250972748,False
1097,1,130,FeedbackPeriodStarted,1765539090.631015,1161.5213470458984,False
1098,1,130,startFixDisplay,1765539090.631092,1161.5214231014252,False
1099,1,130,startFixPeriod,1765539090.9087636,1161.7990982532501,False
1100,1,130,TargetPresentation,1765539091.665166,1162.555499792099,False
1101,1,130,TargetDisplacement,1765539091.8385618,1162.728895664215,True
1102,1,130,LeftResponse,1765539092.6439257,1163.5342581272125,False
1103,1,131,FeedbackPeriodStarted,1765539092.6640868,1163.5544185638428,False
1104,1,131,startFixDisplay,1765539092.6641502,1163.5544815063477,False
1105,1,131,startFixPeriod,1765539092.9559379,1163.8462719917297,False
1106,1,131,TargetPresentation,1765539094.086935,1164.9772670269012,False
1107,1,131,TargetRemoval,1765539094.2462907,1165.1366245746613,True
1108,1,131,TargetReappeared,1765539094.4963405,1165.3866755962372,False
1109,1,131,RightResponse,1765539094.649043,1165.5393750667572,False
1110,1,131,FeedbackPeriodStarted,1765539094.6834319,1165.5737662315369,False
1111,2,132,startFixDisplay,1765539253.4628956,1324.3532299995422,False
1112,2,132,startFixPeriod,1765539253.4697535,1324.3600850105286,False
1113,2,132,TargetPresentation,1765539254.663569,1325.5539031028748,False
1114,2,132,TargetDisplacement,1765539254.7952707,1325.6856043338776,True
1115,2,132,RightResponse,1765539255.2745502,1326.1648828983307,False
1116,2,133,FeedbackPeriodStarted,1765539255.2948403,1326.1851749420166,False
1117,2,133,startFixDisplay,1765539255.294988,1326.185320854187,False
1118,2,133,startFixPeriod,1765539255.5795405,1326.469874382019,False
1119,2,133,TargetPresentation,1765539256.7589977,1327.6493299007416,False
1120,2,133,TargetDisplacement,1765539256.8908615,1327.7811954021454,True
1121,2,133,RightResponse,1765539257.7656085,1328.655942440033,False
1122,2,134,FeedbackPeriodStarted,1765539257.7929025,1328.683236837387,False
1123,2,134,startFixDisplay,1765539257.7930315,1328.683364391327,False
1124,2,134,startFixPeriod,1765539257.9943578,1328.8846924304962,False
1125,2,134,TargetPresentation,1765539259.2432978,1330.1336324214935,False
1126,2,134,TargetDisplacement,1765539259.361188,1330.2515223026276,True
1127,2,134,RightResponse,1765539259.777675,1330.6680068969727,False
1128,2,135,FeedbackPeriodStarted,1765539259.7981486,1330.6884803771973,False
1129,2,135,startFixDisplay,1765539259.7982125,1330.6885437965393,False
1130,2,135,startFixPeriod,1765539260.1037455,1330.9940786361694,False
1131,2,135,TargetPresentation,1765539261.3181276,1332.2084624767303,False
1132,2,135,TargetDisplacement,1765539261.4358983,1332.326232433319,True
1133,2,135,RightResponse,1765539261.9152296,1332.8055620193481,False
1134,2,136,FeedbackPeriodStarted,1765539261.9355557,1332.825889825821,False
1135,2,136,startFixDisplay,1765539261.9356985,1332.8260312080383,False
1136,2,136,startFixPeriod,1765539262.2203221,1333.1106572151184,False
1137,2,136,TargetPresentation,1765539262.9418871,1333.8322217464447,False
1138,2,136,TargetRemoval,1765539263.0873978,1333.9777295589447,True
1139,2,136,TargetReappeared,1765539263.337316,1334.2276504039764,False
1140,2,136,LeftResponse,1765539263.455595,1334.3459277153015,False
1141,2,137,FeedbackPeriodStarted,1765539263.475827,1334.3661589622498,False
1142,2,137,startFixDisplay,1765539263.4758885,1334.3662195205688,False
1143,2,137,startFixPeriod,1765539263.7397873,1334.6301200389862,False
1144,2,137,TargetPresentation,1765539265.0513153,1335.9416494369507,False
1145,2,137,TargetDisplacement,1765539265.1690397,1336.0593733787537,True
1146,2,137,LeftResponse,1765539265.6970296,1336.5873639583588,False
1147,2,138,FeedbackPeriodStarted,1765539265.7171626,1336.607494354248,False
1148,2,138,startFixDisplay,1765539265.717224,1336.6075551509857,False
1149,2,138,startFixPeriod,1765539265.8700836,1336.760418176651,False
1150,2,138,TargetPresentation,1765539266.855446,1337.7457802295685,False
1151,2,138,TargetRemoval,1765539266.8623862,1337.7527205944061,True
1152,2,138,TargetReappeared,1765539267.112216,1338.0025506019592,False
1153,2,138,RightResponse,1765539267.4246495,1338.3149809837341,False
1154,2,138,FeedbackPeriodStarted,1765539267.4313855,1338.3217198848724,False
1155,2,139,startFixDisplay,1765539269.4365904,1340.3269243240356,False
1156,2,139,startFixPeriod,1765539269.6934927,1340.583825826645,False
1157,2,139,TargetPresentation,1765539270.7204692,1341.6108021736145,False
1158,2,139,TargetDisplacement,1765539270.907764,1341.7980983257294,True
1159,2,139,RightResponse,1765539271.3315754,1342.2219080924988,False
1160,2,140,FeedbackPeriodStarted,1765539271.351822,1342.242155790329,False
1161,2,140,startFixDisplay,1765539271.351964,1342.2422966957092,False
1162,2,140,startFixPeriod,1765539271.692033,1342.5823674201965,False
1163,2,140,TargetPresentation,1765539273.1422338,1344.0325684547424,False
1164,2,140,TargetDisplacement,1765539273.2808297,1344.17116355896,True
1165,2,140,LeftResponse,1765539273.773769,1344.664100408554,False
1166,2,141,FeedbackPeriodStarted,1765539273.7945168,1344.6848509311676,False
1167,2,141,startFixDisplay,1765539273.7947319,1344.6850652694702,False
1168,2,141,startFixPeriod,1765539274.3565507,1345.2468831539154,False
1169,2,141,TargetPresentation,1765539275.307297,1346.1976306438446,False
1170,2,141,TargetDisplacement,1765539275.5152752,1346.4056091308594,True
1171,2,141,LeftResponse,1765539276.0155034,1346.905835866928,False
1172,2,142,FeedbackPeriodStarted,1765539276.0356703,1346.9260041713715,False
1173,2,142,startFixDisplay,1765539276.0358093,1346.9261419773102,False
1174,2,142,startFixPeriod,1765539276.9171147,1347.8074493408203,False
1175,2,142,TargetPresentation,1765539278.075875,1348.9662075042725,False
1176,2,142,TargetDisplacement,1765539278.193752,1349.0840857028961,True
1177,2,142,RightResponse,1765539278.8047786,1349.6951105594635,False
1178,2,143,FeedbackPeriodStarted,1765539278.825197,1349.7155313491821,False
1179,2,143,startFixDisplay,1765539278.8253376,1349.7156703472137,False
1180,2,143,startFixPeriod,1765539278.9848943,1349.8752262592316,False
1181,2,143,TargetPresentation,1765539279.6927507,1350.583084821701,False
1182,2,143,TargetDisplacement,1765539279.817512,1350.7078456878662,True
1183,2,143,LeftResponse,1765539280.3036196,1351.193951368332,False
1184,2,144,FeedbackPeriodStarted,1765539280.3239703,1351.214304447174,False
1185,2,144,startFixDisplay,1765539280.3241398,1351.214472770691,False
1186,2,144,startFixPeriod,1765539280.6017277,1351.4920604228973,False
1187,2,144,TargetPresentation,1765539281.5733545,1352.4636895656586,False
1188,2,144,TargetDisplacement,1765539281.6979706,1352.5883045196533,True
1189,2,144,RightResponse,1765539282.5796344,1353.469967365265,False
1190,2,144,FeedbackPeriodStarted,1765539282.5932672,1353.4836015701294,False
1191,2,145,startFixDisplay,1765539284.5983636,1355.4886956214905,False
1192,2,145,startFixPeriod,1765539284.8623714,1355.7527055740356,False
1193,2,145,TargetPresentation,1765539286.1945643,1357.084896326065,False
1194,2,145,TargetRemoval,1765539286.34019,1357.2305235862732,True
1195,2,145,TargetReappeared,1765539286.5901604,1357.4804947376251,False
1196,2,145,RightResponse,1765539287.0830112,1357.9733431339264,False
1197,2,146,FeedbackPeriodStarted,1765539287.1034775,1357.9938116073608,False
1198,2,146,startFixDisplay,1765539287.1036422,1357.993977546692,False
1199,2,146,startFixPeriod,1765539287.388213,1358.2785472869873,False
1200,2,146,TargetPresentation,1765539287.9572139,1358.8475618362427,False
1201,2,146,TargetDisplacement,1765539288.0956795,1358.9860107898712,True
1202,2,146,RightResponse,1765539288.9148562,1359.8051886558533,False
1203,2,147,FeedbackPeriodStarted,1765539288.9354024,1359.8257365226746,False
1204,2,147,startFixDisplay,1765539288.9355364,1359.8258690834045,False
1205,2,147,startFixPeriod,1765539289.0812032,1359.9715375900269,False
1206,2,147,TargetPresentation,1765539290.371871,1361.2622029781342,False
1207,2,147,TargetDisplacement,1765539290.496644,1361.386978149414,True
1208,2,147,LeftResponse,1765539291.1702287,1362.0605647563934,False
1209,2,148,FeedbackPeriodStarted,1765539291.1904852,1362.0808169841766,False
1210,2,148,startFixDisplay,1765539291.1905468,1362.0808780193329,False
1211,2,148,startFixPeriod,1765539291.3573225,1362.2476568222046,False
1212,2,148,TargetPresentation,1765539292.8353362,1363.7256705760956,False
1213,2,148,TargetDisplacement,1765539292.9599893,1363.8503229618073,True
1214,2,148,LeftResponse,1765539293.6335464,1364.523879289627,False
1215,2,149,FeedbackPeriodStarted,1765539293.6539614,1364.5442953109741,False
1216,2,149,startFixDisplay,1765539293.6541233,1364.544456243515,False
1217,2,149,startFixPeriod,1765539293.799861,1364.690195798874,False
1218,2,149,TargetPresentation,1765539295.2709317,1366.1612668037415,False
1219,2,149,TargetRemoval,1765539295.430286,1366.3206195831299,True
1220,2,149,TargetReappeared,1765539295.6802902,1366.57062458992,False
1221,2,149,LeftResponse,1765539296.1803312,1367.070665359497,False
1222,2,150,FeedbackPeriodStarted,1765539296.2075033,1367.0978374481201,False
1223,2,150,startFixDisplay,1765539296.2076316,1367.0979645252228,False
1224,2,150,startFixPeriod,1765539296.547725,1367.4380595684052,False
1225,2,150,TargetPresentation,1765539297.1374507,1368.0277836322784,False
1226,2,150,TargetDisplacement,1765539297.2623253,1368.1526596546173,True
1227,2,150,RightResponse,1765539298.0327978,1368.9231300354004,False
1228,2,150,FeedbackPeriodStarted,1765539298.0394342,1368.929768562317,False
1229,2,151,startFixDisplay,1765539300.0447347,1370.9350686073303,False
1230,2,151,startFixPeriod,1765539300.0517,1370.9420340061188,False
1231,2,151,TargetPresentation,1765539301.064893,1371.9552249908447,False
1232,2,151,TargetDisplacement,1765539301.2036176,1372.0939514636993,True
1233,2,151,RightResponse,1765539301.9603853,1372.8507194519043,False
1234,2,152,FeedbackPeriodStarted,1765539301.980848,1372.8711822032928,False
1235,2,152,startFixDisplay,1765539301.98098,1372.8713128566742,False
1236,2,152,startFixPeriod,1765539302.1266074,1373.0169401168823,False
1237,2,152,TargetPresentation,1765539302.8552332,1373.745567560196,False
1238,2,152,TargetRemoval,1765539302.980086,1373.8704206943512,True
1239,2,152,TargetReappeared,1765539303.2300026,1374.1203379631042,False
1240,2,152,RightResponse,1765539303.7297266,1374.6200587749481,False
1241,2,153,FeedbackPeriodStarted,1765539303.7503064,1374.640640258789,False
1242,2,153,startFixDisplay,1765539303.7504559,1374.6407890319824,False
1243,2,153,startFixPeriod,1765539303.9101121,1374.8004486560822,False
1244,2,153,TargetPresentation,1765539305.235303,1376.1256349086761,False
1245,2,153,TargetDisplacement,1765539305.3739262,1376.2642576694489,True
1246,2,153,LeftResponse,1765539305.8877892,1376.7781224250793,False
1247,2,154,FeedbackPeriodStarted,1765539305.9083645,1376.7986986637115,False
1248,2,154,startFixDisplay,1765539305.9084966,1376.7988295555115,False
1249,2,154,startFixPeriod,1765539306.0612123,1376.951546907425,False
1250,2,154,TargetPresentation,1765539307.5183263,1378.4086606502533,False
1251,2,154,TargetRemoval,1765539307.6499698,1378.5403037071228,True
1252,2,154,TargetReappeared,1765539307.899984,1378.7903182506561,False
1253,2,154,LeftResponse,1765539308.0806262,1378.9709599018097,False
1254,2,155,FeedbackPeriodStarted,1765539308.1011004,1378.991435289383,False
1255,2,155,startFixDisplay,1765539308.1012495,1378.9915823936462,False
1256,2,155,startFixPeriod,1765539308.4273367,1379.3176710605621,False
1257,2,155,TargetPresentation,1765539309.461197,1380.351529598236,False
1258,2,155,TargetDisplacement,1765539309.592877,1380.4832081794739,True
1259,2,155,RightResponse,1765539310.203996,1381.0943298339844,False
1260,2,156,FeedbackPeriodStarted,1765539310.2243843,1381.1147158145905,False
1261,2,156,startFixDisplay,1765539310.2244513,1381.1147825717926,False
1262,2,156,startFixPeriod,1765539310.425828,1381.3161616325378,False
1263,2,156,TargetPresentation,1765539311.5846112,1382.474945306778,False
1264,2,156,TargetDisplacement,1765539311.7162592,1382.606593132019,True
1265,2,156,RightResponse,1765539312.3482926,1383.2386255264282,False
1266,2,156,FeedbackPeriodStarted,1765539312.3617232,1383.2520575523376,False
1267,2,157,startFixDisplay,1765539314.3739378,1385.2642714977264,False
1268,2,157,startFixPeriod,1765539314.6238914,1385.514223575592,False
1269,2,157,TargetPresentation,1765539315.9909508,1386.8812851905823,False
1270,2,157,TargetDisplacement,1765539316.115753,1387.0060868263245,True
1271,2,157,RightResponse,1765539316.6504395,1387.540773153305,False
1272,2,158,FeedbackPeriodStarted,1765539316.6706576,1387.5609893798828,False
1273,2,158,startFixDisplay,1765539316.6707194,1387.5610506534576,False
1274,2,158,startFixPeriod,1765539317.003978,1387.8943123817444,False
1275,2,158,TargetPresentation,1765539318.4750893,1389.365425825119,False
1276,2,158,TargetDisplacement,1765539318.697002,1389.5873358249664,True
1277,2,158,LeftResponse,1765539319.0862367,1389.9765839576721,False
1278,2,159,FeedbackPeriodStarted,1765539319.106286,1389.9966177940369,False
1279,2,159,startFixDisplay,1765539319.1064029,1389.9967341423035,False
1280,2,159,startFixPeriod,1765539320.1404378,1391.030772447586,False
1281,2,159,TargetPresentation,1765539320.7580168,1391.6483511924744,False
1282,2,159,TargetRemoval,1765539320.8967412,1391.7870752811432,True
1283,2,159,TargetReappeared,1765539321.1466057,1392.0369403362274,False
1284,2,159,LeftResponse,1765539321.81301,1392.7033421993256,False
1285,2,160,FeedbackPeriodStarted,1765539321.8334687,1392.723802804947,False
1286,2,160,startFixDisplay,1765539321.8336103,1392.72394323349,False
1287,2,160,startFixPeriod,1765539322.0764718,1392.9668061733246,False
1288,2,160,TargetPresentation,1765539323.3948576,1394.2851901054382,False
1289,2,160,TargetDisplacement,1765539323.5196178,1394.4099516868591,True
1290,2,160,LeftResponse,1765539324.0401752,1394.9305069446564,False
1291,2,161,FeedbackPeriodStarted,1765539324.0608683,1394.9512023925781,False
1292,2,161,startFixDisplay,1765539324.0610032,1394.951336145401,False
1293,2,161,startFixPeriod,1765539324.380213,1395.2705471515656,False
1294,2,161,TargetPresentation,1765539325.018593,1395.9089274406433,False
1295,2,161,TargetDisplacement,1765539325.046261,1395.9365952014923,True
1296,2,161,LeftResponse,1765539325.7406714,1396.6310057640076,False
1297,2,162,FeedbackPeriodStarted,1765539325.76087,1396.6512031555176,False
1298,2,162,startFixDisplay,1765539325.7609887,1396.6513211727142,False
1299,2,162,startFixPeriod,1765539326.0247455,1396.9150776863098,False
1300,2,162,TargetPresentation,1765539326.697903,1397.5882349014282,False
1301,2,162,TargetDisplacement,1765539326.7047985,1397.595130443573,True
1302,2,162,RightResponse,1765539327.37809,1398.2684223651886,False
1303,2,162,FeedbackPeriodStarted,1765539327.384723,1398.2750573158264,False
1304,2,163,startFixDisplay,1765539329.3902,1400.2805347442627,False
1305,2,163,startFixPeriod,1765539329.3969674,1400.2873010635376,False
1306,2,163,TargetPresentation,1765539330.167372,1401.0577063560486,False
1307,2,163,TargetDisplacement,1765539330.333647,1401.2239785194397,True
1308,2,163,LeftResponse,1765539330.6534846,1401.543818473816,False
1309,2,164,FeedbackPeriodStarted,1765539330.6738124,1401.5641441345215,False
1310,2,164,startFixDisplay,1765539330.6738925,1401.564223766327,False
1311,2,164,startFixPeriod,1765539330.8265758,1401.7169079780579,False
1312,2,164,TargetPresentation,1765539331.8813772,1402.7717118263245,False
1313,2,164,TargetDisplacement,1765539332.0545986,1402.9449300765991,True
1314,2,164,RightResponse,1765539332.6168141,1403.5071456432343,False
1315,2,165,FeedbackPeriodStarted,1765539332.6375856,1403.5279202461243,False
1316,2,165,startFixDisplay,1765539332.63772,1403.5280530452728,False
1317,2,165,startFixPeriod,1765539332.8667512,1403.7570974826813,False
1318,2,165,TargetPresentation,1765539333.7201767,1404.6105091571808,False
1319,2,165,TargetDisplacement,1765539333.84485,1404.735181570053,True
1320,2,165,RightResponse,1765539334.4007325,1405.2910676002502,False
1321,2,166,FeedbackPeriodStarted,1765539334.4208736,1405.3112080097198,False
1322,2,166,startFixDisplay,1765539334.421007,1405.311339378357,False
1323,2,166,startFixPeriod,1765539334.5806427,1405.4709770679474,False
1324,2,166,TargetPresentation,1765539335.1913505,1406.081684589386,False
1325,2,166,TargetRemoval,1765539335.350826,1406.2411601543427,True
1326,2,166,TargetReappeared,1765539335.6006758,1406.491008758545,False
1327,2,166,LeftResponse,1765539335.725901,1406.6162323951721,False
1328,2,167,FeedbackPeriodStarted,1765539335.7462347,1406.6365687847137,False
1329,2,167,startFixDisplay,1765539335.746377,1406.6367099285126,False
1330,2,167,startFixPeriod,1765539335.8852668,1406.7756009101868,False
1331,2,167,TargetPresentation,1765539337.0510864,1407.9414246082306,False
1332,2,167,TargetRemoval,1765539337.1966014,1408.0869328975677,True
1333,2,167,TargetReappeared,1765539337.446517,1408.3368511199951,False
1334,2,167,RightResponse,1765539337.9949038,1408.8852365016937,False
1335,2,168,FeedbackPeriodStarted,1765539338.0151649,1408.90549659729,False
1336,2,168,startFixDisplay,1765539338.0152268,1408.9055581092834,False
1337,2,168,startFixPeriod,1765539338.2999241,1409.1902565956116,False
1338,2,168,TargetPresentation,1765539339.4102643,1410.3005986213684,False
1339,2,168,TargetDisplacement,1765539339.5348408,1410.425172328949,True
1340,2,168,RightResponse,1765539340.083581,1410.9739134311676,False
1341,2,168,FeedbackPeriodStarted,1765539340.0902877,1410.980622291565,False
1342,2,169,startFixDisplay,1765539342.0954692,1412.9858047962189,False
1343,2,169,startFixPeriod,1765539342.2828999,1413.1732323169708,False
1344,2,169,TargetPresentation,1765539343.4556503,1414.3459839820862,False
1345,2,169,TargetDisplacement,1765539343.6012826,1414.491616487503,True
1346,2,169,RightResponse,1765539344.3372746,1415.227608203888,False
1347,2,170,FeedbackPeriodStarted,1765539344.3576114,1415.2479457855225,False
1348,2,170,startFixDisplay,1765539344.3577511,1415.2480838298798,False
1349,2,170,startFixPeriod,1765539344.9615047,1415.851836681366,False
1350,2,170,TargetPresentation,1765539345.9052126,1416.7955474853516,False
1351,2,170,TargetDisplacement,1765539346.0369349,1416.9272665977478,True
1352,2,170,RightResponse,1765539346.5022707,1417.3926038742065,False
1353,2,171,FeedbackPeriodStarted,1765539346.5225146,1417.412846326828,False
1354,2,171,startFixDisplay,1765539346.5225792,1417.4129102230072,False
1355,2,171,startFixPeriod,1765539346.9945784,1417.8849124908447,False
1356,2,171,TargetPresentation,1765539347.8343112,1418.7246458530426,False
1357,2,171,TargetRemoval,1765539347.8827944,1418.773128271103,True
1358,2,171,TargetReappeared,1765539348.132586,1419.022920370102,False
1359,2,171,RightResponse,1765539348.4799771,1419.3703105449677,False
1360,2,172,FeedbackPeriodStarted,1765539348.5002055,1419.3905398845673,False
1361,2,172,startFixDisplay,1765539348.500404,1419.3907370567322,False
1362,2,172,startFixPeriod,1765539348.7366695,1419.6270031929016,False
1363,2,172,TargetPresentation,1765539349.7980208,1420.6883549690247,False
1364,2,172,TargetDisplacement,1765539349.9504852,1420.8408167362213,True
1365,2,172,RightResponse,1765539350.5200863,1421.4104208946228,False
1366,2,173,FeedbackPeriodStarted,1765539350.5472457,1421.4375801086426,False
1367,2,173,startFixDisplay,1765539350.5473886,1421.43772149086,False
1368,2,173,startFixPeriod,1765539350.8388002,1421.7291338443756,False
1369,2,173,TargetPresentation,1765539351.4217854,1422.3121197223663,False
1370,2,173,TargetDisplacement,1765539351.5395489,1422.4298803806305,True
1371,2,173,LeftResponse,1765539352.1298034,1423.0201370716095,False
1372,2,174,FeedbackPeriodStarted,1765539352.1501951,1423.0405299663544,False
1373,2,174,startFixDisplay,1765539352.150341,1423.0406739711761,False
1374,2,174,startFixPeriod,1765539352.344662,1423.2349967956543,False
1375,2,174,TargetPresentation,1765539353.7879124,1424.6782455444336,False
1376,2,174,TargetDisplacement,1765539353.9612508,1424.8515846729279,True
1377,2,174,LeftResponse,1765539354.433532,1425.3238642215729,False
1378,2,174,FeedbackPeriodStarted,1765539354.4399934,1425.3303258419037,False
1379,2,175,startFixDisplay,1765539356.4523368,1427.3426711559296,False
1380,2,175,startFixPeriod,1765539356.6745493,1427.5648837089539,False
1381,2,175,TargetPresentation,1765539357.4031405,1428.293475151062,False
1382,2,175,TargetRemoval,1765539357.6044288,1428.49476313591,True
1383,2,175,TargetReappeared,1765539357.8541024,1428.7444343566895,False
1384,2,175,RightResponse,1765539358.1180258,1429.0083577632904,False
1385,2,176,FeedbackPeriodStarted,1765539358.1385477,1429.0288817882538,False
1386,2,176,startFixDisplay,1765539358.1386774,1429.0290105342865,False
1387,2,176,startFixPeriod,1765539358.4233031,1429.3136377334595,False
1388,2,176,TargetPresentation,1765539359.1587803,1430.0491139888763,False
1389,2,176,TargetDisplacement,1765539359.2835417,1430.1738755702972,True
1390,2,176,RightResponse,1765539359.9291117,1430.8194439411163,False
1391,2,177,FeedbackPeriodStarted,1765539359.949706,1430.8400402069092,False
1392,2,177,startFixDisplay,1765539359.9499073,1430.8402395248413,False
1393,2,177,startFixPeriod,1765539360.1164103,1431.0067446231842,False
1394,2,177,TargetPresentation,1765539360.7825205,1431.6728522777557,False
1395,2,177,TargetDisplacement,1765539360.9072719,1431.7976059913635,True
1396,2,177,LeftResponse,1765539361.29614,1432.1864726543427,False
1397,2,178,FeedbackPeriodStarted,1765539361.3166518,1432.2069857120514,False
1398,2,178,startFixDisplay,1765539361.3168015,1432.2071344852448,False
1399,2,178,startFixPeriod,1765539361.4695232,1432.3598577976227,False
1400,2,178,TargetPresentation,1765539362.4409647,1433.3312990665436,False
1401,2,178,TargetDisplacement,1765539362.662766,1433.5530998706818,True
1402,2,178,LeftResponse,1765539363.1002345,1433.9905667304993,False
1403,2,179,FeedbackPeriodStarted,1765539363.1206706,1434.0110020637512,False
1404,2,179,startFixDisplay,1765539363.1207328,1434.0110638141632,False
1405,2,179,startFixPeriod,1765539363.9884243,1434.878758430481,False
1406,2,179,TargetPresentation,1765539365.202729,1436.0930635929108,False
1407,2,179,TargetRemoval,1765539365.3483586,1436.238692522049,True
1408,2,179,TargetReappeared,1765539365.5982769,1436.4886236190796,False
1409,2,179,RightResponse,1765539365.7440803,1436.6344122886658,False
1410,2,180,FeedbackPeriodStarted,1765539365.7646723,1436.6550064086914,False
1411,2,180,startFixDisplay,1765539365.764806,1436.6551389694214,False
1412,2,180,startFixPeriod,1765539366.1671965,1437.057531118393,False
1413,2,180,TargetPresentation,1765539367.3121645,1438.202496767044,False
1414,2,180,TargetRemoval,1765539367.4299028,1438.3202366828918,True
1415,2,180,TargetReappeared,1765539367.6799524,1438.5702860355377,False
1416,2,180,RightResponse,1765539367.9230192,1438.8133518695831,False
1417,2,180,FeedbackPeriodStarted,1765539367.9367173,1438.8270516395569,False
1418,2,181,startFixDisplay,1765539369.9418542,1440.8321857452393,False
1419,2,181,startFixPeriod,1765539369.948653,1440.838984489441,False
1420,2,181,TargetPresentation,1765539370.8233874,1441.7137219905853,False
1421,2,181,TargetDisplacement,1765539370.989722,1441.8800556659698,True
1422,2,181,RightResponse,1765539371.475883,1442.3662157058716,False
1423,2,182,FeedbackPeriodStarted,1765539371.5032904,1442.393625497818,False
1424,2,182,startFixDisplay,1765539371.503436,1442.393768787384,False
1425,2,182,startFixPeriod,1765539372.0377045,1442.928039073944,False
1426,2,182,TargetPresentation,1765539373.293606,1444.1839396953583,False
1427,2,182,TargetRemoval,1765539373.4115047,1444.301836013794,True
1428,2,182,TargetReappeared,1765539373.661347,1444.5516793727875,False
1429,2,182,RightResponse,1765539374.02958,1444.9199135303497,False
1430,2,183,FeedbackPeriodStarted,1765539374.0498574,1444.940188884735,False
1431,2,183,startFixDisplay,1765539374.0499232,1444.9402542114258,False
1432,2,183,startFixPeriod,1765539374.667599,1445.557932138443,False
1433,2,183,TargetPresentation,1765539376.1317422,1447.022076368332,False
1434,2,183,TargetDisplacement,1765539376.1386082,1447.0289423465729,True
1435,2,183,LeftResponse,1765539376.7148275,1447.6051592826843,False
1436,2,184,FeedbackPeriodStarted,1765539376.7353058,1447.625640153885,False
1437,2,184,startFixDisplay,1765539376.735455,1447.625787973404,False
1438,2,184,startFixPeriod,1765539376.8957837,1447.786127090454,False
1439,2,184,TargetPresentation,1765539378.1994796,1449.0898122787476,False
1440,2,184,TargetRemoval,1765539378.206499,1449.0968334674835,True
1441,2,184,TargetReappeared,1765539378.4562397,1449.346572637558,False
1442,2,184,RightResponse,1765539378.9422722,1449.8326046466827,False
1443,2,185,FeedbackPeriodStarted,1765539378.962776,1449.8531107902527,False
1444,2,185,startFixDisplay,1765539378.9628866,1449.8532178401947,False
1445,2,185,startFixPeriod,1765539379.3305585,1450.2208905220032,False
1446,2,185,TargetPresentation,1765539379.8648937,1450.7552258968353,False
1447,2,185,TargetDisplacement,1765539379.9965866,1450.886920452118,True
1448,2,185,LeftResponse,1765539380.5175369,1451.4078705310822,False
1449,2,186,FeedbackPeriodStarted,1765539380.5378735,1451.428207874298,False
1450,2,186,startFixDisplay,1765539380.5380187,1451.4283516407013,False
1451,2,186,startFixPeriod,1765539380.9612963,1451.8516311645508,False
1452,2,186,TargetPresentation,1765539381.5719597,1452.4622943401337,False
1453,2,186,TargetRemoval,1765539381.7035985,1452.5939300060272,True
1454,2,186,TargetReappeared,1765539381.9536717,1452.844006538391,False
1455,2,186,RightResponse,1765539382.2799613,1453.1702930927277,False
1456,2,186,FeedbackPeriodStarted,1765539382.2866704,1453.177004814148,False
1457,2,187,startFixDisplay,1765539384.2987618,1455.18909573555,False
1458,2,187,startFixPeriod,1765539384.4932477,1455.3835802078247,False
1459,2,187,TargetPresentation,1765539385.506405,1456.3967394828796,False
1460,2,187,TargetDisplacement,1765539385.6519983,1456.5423321723938,True
1461,2,187,RightResponse,1765539386.2214036,1457.111736536026,False
1462,2,188,FeedbackPeriodStarted,1765539386.241654,1457.1319859027863,False
1463,2,188,startFixDisplay,1765539386.2417188,1457.132050037384,False
1464,2,188,startFixPeriod,1765539386.7207747,1457.6111099720001,False
1465,2,188,TargetPresentation,1765539387.303618,1458.1939523220062,False
1466,2,188,TargetDisplacement,1765539387.4284368,1458.3187708854675,True
1467,2,188,RightResponse,1765539387.8172076,1458.7075400352478,False
1468,2,189,FeedbackPeriodStarted,1765539387.837713,1458.7280473709106,False
1469,2,189,startFixDisplay,1765539387.8378506,1458.7281835079193,False
1470,2,189,startFixPeriod,1765539387.9836094,1458.873943567276,False
1471,2,189,TargetPresentation,1765539389.2465584,1460.1368930339813,False
1472,2,189,TargetDisplacement,1765539389.3920035,1460.2823350429535,True
1473,2,189,LeftResponse,1765539389.7742295,1460.6645624637604,False
1474,2,190,FeedbackPeriodStarted,1765539389.8015864,1460.6919209957123,False
1475,2,190,startFixDisplay,1765539389.801731,1460.6920642852783,False
1476,2,190,startFixPeriod,1765539390.2110932,1461.101427078247,False
1477,2,190,TargetPresentation,1765539391.4461405,1462.3364725112915,False
1478,2,190,TargetRemoval,1765539391.626424,1462.516757965088,True
1479,2,190,TargetReappeared,1765539391.876382,1462.7667164802551,False
1480,2,190,LeftResponse,1765539392.036292,1462.9266250133514,False
1481,2,191,FeedbackPeriodStarted,1765539392.0567634,1462.947098493576,False
1482,2,191,startFixDisplay,1765539392.0569253,1462.947258234024,False
1483,2,191,startFixPeriod,1765539392.570325,1463.4606595039368,False
1484,2,191,TargetPresentation,1765539393.0700803,1463.960415840149,False
1485,2,191,TargetDisplacement,1765539393.21561,1464.1059439182281,True
1486,2,191,RightResponse,1765539393.7155108,1464.6058428287506,False
1487,2,192,FeedbackPeriodStarted,1765539393.7358303,1464.6261627674103,False
1488,2,192,startFixDisplay,1765539393.7359214,1464.6262528896332,False
1489,2,192,startFixPeriod,1765539394.1246235,1465.0149579048157,False
1490,2,192,TargetPresentation,1765539395.526426,1466.416760444641,False
1491,2,192,TargetDisplacement,1765539395.734214,1466.6245455741882,True
1492,2,192,RightResponse,1765539396.2341666,1467.1244983673096,False
1493,2,192,FeedbackPeriodStarted,1765539396.2409978,1467.131329536438,False
1494,2,193,startFixDisplay,1765539398.2531352,1469.1434664726257,False
1495,2,193,startFixPeriod,1765539398.4755614,1469.3658969402313,False
1496,2,193,TargetPresentation,1765539399.599636,1470.4899702072144,False
1497,2,193,TargetRemoval,1765539399.759104,1470.6494355201721,True
1498,2,193,TargetReappeared,1765539400.0089812,1470.8993155956268,False
1499,2,193,RightResponse,1765539400.106267,1470.9965989589691,False
1500,2,194,FeedbackPeriodStarted,1765539400.12685,1471.017183303833,False
1501,2,194,startFixDisplay,1765539400.1269734,1471.0173058509827,False
1502,2,194,startFixPeriod,1765539400.4946182,1471.3849515914917,False
1503,2,194,TargetPresentation,1765539401.799224,1472.6895563602448,False
1504,2,194,TargetRemoval,1765539401.9517486,1472.842080116272,True
1505,2,194,TargetReappeared,1765539402.201675,1473.0920090675354,False
1506,2,194,LeftResponse,1765539402.2503338,1473.1406652927399,False
1507,2,195,FeedbackPeriodStarted,1765539402.270981,1473.1613130569458,False
1508,2,195,startFixDisplay,1765539402.271072,1473.1614036560059,False
1509,2,195,startFixPeriod,1765539402.9372294,1473.8275611400604,False
1510,2,195,TargetPresentation,1765539404.1447208,1475.0350551605225,False
1511,2,195,TargetDisplacement,1765539404.345757,1475.2360908985138,True
1512,2,195,LeftResponse,1765539404.7416534,1475.6319861412048,False
1513,2,196,FeedbackPeriodStarted,1765539404.7626326,1475.652967453003,False
1514,2,196,startFixDisplay,1765539404.762778,1475.653110742569,False
1515,2,196,startFixPeriod,1765539405.5048003,1476.3951342105865,False
1516,2,196,TargetPresentation,1765539406.0737627,1476.9640967845917,False
1517,2,196,TargetDisplacement,1765539406.2053378,1477.0956692695618,True
1518,2,196,RightResponse,1765539407.0039358,1477.8942697048187,False
1519,2,197,FeedbackPeriodStarted,1765539407.0242379,1477.914571762085,False
1520,2,197,startFixDisplay,1765539407.0243764,1477.9147090911865,False
1521,2,197,startFixPeriod,1765539407.3019786,1478.192313194275,False
1522,2,197,TargetPresentation,1765539407.905591,1478.7959253787994,False
1523,2,197,TargetDisplacement,1765539408.0511231,1478.9414546489716,True
1524,2,197,LeftResponse,1765539408.8705463,1479.7608802318573,False
1525,2,197,FeedbackPeriodStarted,1765539408.9118836,1479.8022186756134,False
1526,3,198,startFixDisplay,1765539494.0677469,1564.9580810070038,False
1527,3,198,startFixPeriod,1765539494.0746627,1564.9649968147278,False
1528,3,198,TargetPresentation,1765539495.358516,1566.2488489151,False
1529,3,198,TargetDisplacement,1765539495.5250235,1566.4153578281403,True
1530,3,198,RightResponse,1765539495.9973233,1566.8876571655273,False
1531,3,199,FeedbackPeriodStarted,1765539496.0245697,1566.9149041175842,False
1532,3,199,startFixDisplay,1765539496.0247116,1566.915044784546,False
1533,3,199,startFixPeriod,1765539496.1982067,1567.0885410308838,False
1534,3,199,TargetPresentation,1765539497.1765306,1568.0668649673462,False
1535,3,199,TargetRemoval,1765539497.3012218,1568.1915533542633,True
1536,3,199,TargetReappeared,1765539497.551312,1568.4416465759277,False
1537,3,199,LeftResponse,1765539497.6417613,1568.5320949554443,False
1538,3,200,FeedbackPeriodStarted,1765539497.6622105,1568.552544593811,False
1539,3,200,startFixDisplay,1765539497.6622987,1568.5526297092438,False
1540,3,200,startFixPeriod,1765539497.8565753,1568.7469081878662,False
1541,3,200,TargetPresentation,1765539498.7169836,1569.6073169708252,False
1542,3,200,TargetDisplacement,1765539498.7240171,1569.614351272583,True
1543,3,200,LeftResponse,1765539499.2515757,1570.1419084072113,False
1544,3,201,FeedbackPeriodStarted,1765539499.2789052,1570.1692390441895,False
1545,3,201,startFixDisplay,1765539499.2790413,1570.1693742275238,False
1546,3,201,startFixPeriod,1765539499.5428956,1570.4332304000854,False
1547,3,201,TargetPresentation,1765539500.826399,1571.7167313098907,False
1548,3,201,TargetDisplacement,1765539500.9582675,1571.8486013412476,True
1549,3,201,LeftResponse,1765539501.3053243,1572.1956565380096,False
1550,3,202,FeedbackPeriodStarted,1765539501.3259304,1572.2162644863129,False
1551,3,202,startFixDisplay,1765539501.3260942,1572.216427564621,False
1552,3,202,startFixPeriod,1765539501.5689502,1572.4592835903168,False
1553,3,202,TargetPresentation,1765539502.5195763,1573.4099080562592,False
1554,3,202,TargetDisplacement,1765539502.6582892,1573.5486226081848,True
1555,3,202,LeftResponse,1765539502.992358,1573.8826913833618,False
1556,3,203,FeedbackPeriodStarted,1765539503.0120704,1573.9024028778076,False
1557,3,203,startFixDisplay,1765539503.0121386,1573.9024696350098,False
1558,3,203,startFixPeriod,1765539503.2414205,1574.1317553520203,False
1559,3,203,TargetPresentation,1765539504.5320225,1575.422357082367,False
1560,3,203,TargetRemoval,1765539504.6636636,1575.5539972782135,True
1561,3,203,TargetReappeared,1765539504.9135053,1575.803837299347,False
1562,3,203,RightResponse,1765539505.0734205,1575.9637656211853,False
1563,3,204,FeedbackPeriodStarted,1765539505.0938807,1575.9842147827148,False
1564,3,204,startFixDisplay,1765539505.0940182,1575.9843513965607,False
1565,3,204,startFixPeriod,1765539505.295296,1576.1856298446655,False
1566,3,204,TargetPresentation,1765539506.3570533,1577.2474122047424,False
1567,3,204,TargetDisplacement,1765539506.3639338,1577.254268169403,True
1568,3,204,RightResponse,1765539506.8498914,1577.740225315094,False
1569,3,204,FeedbackPeriodStarted,1765539506.8564959,1577.746827840805,False
1570,3,205,startFixDisplay,1765539508.8686671,1579.7590012550354,False
1571,3,205,startFixPeriod,1765539509.132575,1580.0229091644287,False
1572,3,205,TargetPresentation,1765539510.5619755,1581.4523100852966,False
1573,3,205,TargetRemoval,1765539510.7007718,1581.5911059379578,True
1574,3,205,TargetReappeared,1765539510.9505625,1581.840896844864,False
1575,3,205,LeftResponse,1765539511.0409586,1581.9312903881073,False
1576,3,206,FeedbackPeriodStarted,1765539511.0614855,1581.951818704605,False
1577,3,206,startFixDisplay,1765539511.0615938,1581.9519257545471,False
1578,3,206,startFixPeriod,1765539511.3669822,1582.2573165893555,False
1579,3,206,TargetPresentation,1765539511.9983737,1582.8887078762054,False
1580,3,206,TargetRemoval,1765539512.1161132,1583.0064446926117,True
1581,3,206,TargetReappeared,1765539512.3661404,1583.256474494934,False
1582,3,206,RightResponse,1765539512.3801534,1583.2704846858978,False
1583,3,207,FeedbackPeriodStarted,1765539512.400749,1583.2910830974579,False
1584,3,207,startFixDisplay,1765539512.4008965,1583.2912292480469,False
1585,3,207,startFixPeriod,1765539512.6576545,1583.547988653183,False
1586,3,207,TargetPresentation,1765539513.6082318,1584.4985642433167,False
1587,3,207,TargetDisplacement,1765539513.746885,1584.6372191905975,True
1588,3,207,RightResponse,1765539514.2538745,1585.1442081928253,False
1589,3,208,FeedbackPeriodStarted,1765539514.2742753,1585.1646099090576,False
1590,3,208,startFixDisplay,1765539514.2743998,1585.1647307872772,False
1591,3,208,startFixPeriod,1765539514.4200985,1585.3104333877563,False
1592,3,208,TargetPresentation,1765539515.1486976,1586.0390319824219,False
1593,3,208,TargetRemoval,1765539515.2803051,1586.1706366539001,True
1594,3,208,TargetReappeared,1765539515.5303836,1586.4207170009613,False
1595,3,208,RightResponse,1765539515.537414,1586.4277458190918,False
1596,3,209,FeedbackPeriodStarted,1765539515.557983,1586.4483172893524,False
1597,3,209,startFixDisplay,1765539515.5582054,1586.4485387802124,False
1598,3,209,startFixPeriod,1765539515.8078914,1586.698225736618,False
1599,3,209,TargetPresentation,1765539517.1679673,1588.058301448822,False
1600,3,209,TargetDisplacement,1765539517.2996294,1588.1899633407593,True
1601,3,209,RightResponse,1765539517.8134794,1588.703810930252,False
1602,3,210,FeedbackPeriodStarted,1765539517.8339665,1588.7243008613586,False
1603,3,210,startFixDisplay,1765539517.8341465,1588.724479675293,False
1604,3,210,startFixPeriod,1765539518.0978696,1588.9882040023804,False
1605,3,210,TargetPresentation,1765539518.71529,1589.6056220531464,False
1606,3,210,TargetDisplacement,1765539518.8955889,1589.7859225273132,True
1607,3,210,RightResponse,1765539519.4093928,1590.2997252941132,False
1608,3,210,FeedbackPeriodStarted,1765539519.4160352,1590.3063690662384,False
1609,3,211,startFixDisplay,1765539521.4284487,1592.318783044815,False
1610,3,211,startFixPeriod,1765539521.4353654,1592.3256990909576,False
1611,3,211,TargetPresentation,1765539522.3167815,1593.2071158885956,False
1612,3,211,TargetDisplacement,1765539522.5386963,1593.429030418396,True
1613,3,211,LeftResponse,1765539522.6918154,1593.582149028778,False
1614,3,212,FeedbackPeriodStarted,1765539522.712137,1593.602471113205,False
1615,3,212,startFixDisplay,1765539522.7122867,1593.6026196479797,False
1616,3,212,startFixPeriod,1765539522.9828818,1593.8732161521912,False
1617,3,212,TargetPresentation,1765539524.0515168,1594.94185090065,False
1618,3,212,TargetDisplacement,1765539524.2318704,1595.1222043037415,True
1619,3,212,LeftResponse,1765539524.4127173,1595.3030512332916,False
1620,3,213,FeedbackPeriodStarted,1765539524.432971,1595.3233051300049,False
1621,3,213,startFixDisplay,1765539524.4331336,1595.323466539383,False
1622,3,213,startFixPeriod,1765539524.662188,1595.552520275116,False
1623,3,213,TargetPresentation,1765539525.5365403,1596.4268748760223,False
1624,3,213,TargetDisplacement,1765539525.6544113,1596.5447449684143,True
1625,3,213,LeftResponse,1765539526.0014162,1596.8917479515076,False
1626,3,214,FeedbackPeriodStarted,1765539526.0221705,1596.9125046730042,False
1627,3,214,startFixDisplay,1765539526.0223074,1596.912640094757,False
1628,3,214,startFixPeriod,1765539526.181851,1597.072185754776,False
1629,3,214,TargetPresentation,1765539527.326622,1598.2169542312622,False
1630,3,214,TargetRemoval,1765539527.5001976,1598.3905291557312,True
1631,3,214,TargetReappeared,1765539527.7501135,1598.6404480934143,False
1632,3,214,LeftResponse,1765539527.8332613,1598.7235927581787,False
1633,3,215,FeedbackPeriodStarted,1765539527.854042,1598.744376897812,False
1634,3,215,startFixDisplay,1765539527.8542006,1598.7445335388184,False
1635,3,215,startFixPeriod,1765539528.1038904,1598.994225025177,False
1636,3,215,TargetPresentation,1765539529.366793,1600.2571258544922,False
1637,3,215,TargetDisplacement,1765539529.505461,1600.3957924842834,True
1638,3,215,RightResponse,1765539529.8182776,1600.7086100578308,False
1639,3,216,FeedbackPeriodStarted,1765539529.8454895,1600.7358236312866,False
1640,3,216,startFixDisplay,1765539529.8456275,1600.7359607219696,False
1641,3,216,startFixPeriod,1765539530.0954297,1600.9857618808746,False
1642,3,216,TargetPresentation,1765539530.8171499,1601.7074844837189,False
1643,3,216,TargetDisplacement,1765539530.9903536,1601.8806850910187,True
1644,3,216,LeftResponse,1765539531.3169577,1602.2072911262512,False
1645,3,216,FeedbackPeriodStarted,1765539531.3235056,1602.2138376235962,False
1646,3,217,startFixDisplay,1765539533.3358386,1604.2261724472046,False
1647,3,217,startFixPeriod,1765539533.5995524,1604.4898846149445,False
1648,3,217,TargetPresentation,1765539534.4254906,1605.3158252239227,False
1649,3,217,TargetRemoval,1765539534.5571356,1605.4474692344666,True
1650,3,217,TargetReappeared,1765539534.8071353,1605.6974697113037,False
1651,3,217,LeftResponse,1765539534.9667273,1605.857058763504,False
1652,3,218,FeedbackPeriodStarted,1765539534.9873233,1605.8776576519012,False
1653,3,218,startFixDisplay,1765539534.987474,1605.8778069019318,False
1654,3,218,startFixPeriod,1765539535.2026334,1606.0929670333862,False
1655,3,218,TargetPresentation,1765539536.4100003,1607.30033493042,False
1656,3,218,TargetDisplacement,1765539536.6040459,1607.494377374649,True
1657,3,218,RightResponse,1765539536.9861977,1607.8765306472778,False
1658,3,219,FeedbackPeriodStarted,1765539537.00696,1607.8973169326782,False
1659,3,219,startFixDisplay,1765539537.0072496,1607.897583246231,False
1660,3,219,startFixPeriod,1765539537.2842512,1608.1745841503143,False
1661,3,219,TargetPresentation,1765539538.5958292,1609.486163854599,False
1662,3,219,TargetDisplacement,1765539538.7137148,1609.60404920578,True
1663,3,219,RightResponse,1765539538.9985273,1609.8888595104218,False
1664,3,220,FeedbackPeriodStarted,1765539539.0188873,1609.9092214107513,False
1665,3,220,startFixDisplay,1765539539.0190268,1609.9093596935272,False
1666,3,220,startFixPeriod,1765539539.2272744,1610.1176080703735,False
1667,3,220,TargetPresentation,1765539540.115407,1611.0057389736176,False
1668,3,220,TargetDisplacement,1765539540.281822,1611.1721558570862,True
1669,3,220,LeftResponse,1765539540.6014647,1611.4918129444122,False
1670,3,221,FeedbackPeriodStarted,1765539540.6218526,1611.5121867656708,False
1671,3,221,startFixDisplay,1765539540.6219883,1611.512321472168,False
1672,3,221,startFixPeriod,1765539540.7745702,1611.66490316391,False
1673,3,221,TargetPresentation,1765539541.676629,1612.5669617652893,False
1674,3,221,TargetDisplacement,1765539541.8015025,1612.691833972931,True
1675,3,221,RightResponse,1765539542.19748,1613.0878117084503,False
1676,3,222,FeedbackPeriodStarted,1765539542.2178488,1613.1081829071045,False
1677,3,222,startFixDisplay,1765539542.2179787,1613.1083118915558,False
1678,3,222,startFixPeriod,1765539542.377586,1613.2679188251495,False
1679,3,222,TargetPresentation,1765539543.6960878,1614.5864231586456,False
1680,3,222,TargetRemoval,1765539543.813833,1614.7041664123535,True
1681,3,222,TargetReappeared,1765539544.0637047,1614.9540383815765,False
1682,3,222,LeftResponse,1765539544.5286868,1615.419019460678,False
1683,3,222,FeedbackPeriodStarted,1765539544.5354295,1615.4257636070251,False
1684,3,223,startFixDisplay,1765539546.5478237,1617.4381577968597,False
1685,3,223,startFixPeriod,1765539546.8116095,1617.7019424438477,False
1686,3,223,TargetPresentation,1765539547.5472517,1618.4375863075256,False
1687,3,223,TargetRemoval,1765539547.692782,1618.583116054535,True
1688,3,223,TargetReappeared,1765539547.9427085,1618.8330419063568,False
1689,3,223,RightResponse,1765539548.1928308,1619.0831644535065,False
1690,3,224,FeedbackPeriodStarted,1765539548.2135594,1619.1038935184479,False
1691,3,224,startFixDisplay,1765539548.2136896,1619.1040222644806,False
1692,3,224,startFixPeriod,1765539548.4282956,1619.3186297416687,False
1693,3,224,TargetPresentation,1765539549.5664778,1620.4568121433258,False
1694,3,224,TargetDisplacement,1765539549.7189596,1620.609293460846,True
1695,3,224,LeftResponse,1765539550.2744792,1621.1648118495941,False
1696,3,225,FeedbackPeriodStarted,1765539550.3018954,1621.1922297477722,False
1697,3,225,startFixDisplay,1765539550.3020318,1621.1923649311066,False
1698,3,225,startFixPeriod,1765539550.4476724,1621.3380048274994,False
1699,3,225,TargetPresentation,1765539551.1208968,1622.0112318992615,False
1700,3,225,TargetRemoval,1765539551.2525232,1622.1428575515747,True
1701,3,225,TargetReappeared,1765539551.502457,1622.392789363861,False
1702,3,225,RightResponse,1765539551.5514042,1622.4417366981506,False
1703,3,226,FeedbackPeriodStarted,1765539551.578661,1622.468995332718,False
1704,3,226,startFixDisplay,1765539551.578791,1622.469123840332,False
1705,3,226,startFixPeriod,1765539551.8216398,1622.7119734287262,False
1706,3,226,TargetPresentation,1765539552.93887,1623.8292045593262,False
1707,3,226,TargetRemoval,1765539553.0704315,1623.9607629776,True
1708,3,226,TargetReappeared,1765539553.3204384,1624.2107727527618,False
1709,3,226,RightResponse,1765539553.4454815,1624.3358135223389,False
1710,3,227,FeedbackPeriodStarted,1765539553.4660847,1624.3564212322235,False
1711,3,227,startFixDisplay,1765539553.4662495,1624.3565826416016,False
1712,3,227,startFixPeriod,1765539553.7298748,1624.62020945549,False
1713,3,227,TargetPresentation,1765539554.826269,1625.7166030406952,False
1714,3,227,TargetDisplacement,1765539554.9648817,1625.855215549469,True
1715,3,227,LeftResponse,1765539555.4441676,1626.334499835968,False
1716,3,228,FeedbackPeriodStarted,1765539555.4714468,1626.3617808818817,False
1717,3,228,startFixDisplay,1765539555.471567,1626.361897945404,False
1718,3,228,startFixPeriod,1765539555.6172497,1626.5075826644897,False
1719,3,228,TargetPresentation,1765539556.5123785,1627.4027104377747,False
1720,3,228,TargetDisplacement,1765539556.6928453,1627.5831801891327,True
1721,3,228,LeftResponse,1765539557.2343047,1628.1246371269226,False
1722,3,228,FeedbackPeriodStarted,1765539557.240844,1628.1311783790588,False
1723,3,229,startFixDisplay,1765539559.25312,1630.1434516906738,False
1724,3,229,startFixPeriod,1765539559.4407103,1630.3310434818268,False
1725,3,229,TargetPresentation,1765539560.4261456,1631.3164825439453,False
1726,3,229,TargetRemoval,1765539560.648051,1631.5384047031403,True
1727,3,229,TargetReappeared,1765539560.89795,1631.7882840633392,False
1728,3,229,RightResponse,1765539561.4116724,1632.3020050525665,False
1729,3,230,FeedbackPeriodStarted,1765539561.4389632,1632.329297542572,False
1730,3,230,startFixDisplay,1765539561.4391735,1632.3295047283173,False
1731,3,230,startFixPeriod,1765539561.577978,1632.4683122634888,False
1732,3,230,TargetPresentation,1765539562.6326313,1633.5229632854462,False
1733,3,230,TargetRemoval,1765539562.840603,1633.730934381485,True
1734,3,230,TargetReappeared,1765539563.0906334,1633.9809665679932,False
1735,3,230,LeftResponse,1765539563.13266,1634.0229926109314,False
1736,3,231,FeedbackPeriodStarted,1765539563.1599727,1634.050306558609,False
1737,3,231,startFixDisplay,1765539563.1601443,1634.0504775047302,False
1738,3,231,startFixPeriod,1765539563.465309,1634.3556411266327,False
1739,3,231,TargetPresentation,1765539564.8323147,1635.722647190094,False
1740,3,231,TargetRemoval,1765539565.0057087,1635.8960444927216,True
1741,3,231,TargetReappeared,1765539565.2556849,1636.146018743515,False
1742,3,231,LeftResponse,1765539565.3739407,1636.264274597168,False
1743,3,232,FeedbackPeriodStarted,1765539565.4012446,1636.2915790081024,False
1744,3,232,startFixDisplay,1765539565.4013648,1636.2916958332062,False
1745,3,232,startFixPeriod,1765539565.803783,1636.694117307663,False
1746,3,232,TargetPresentation,1765539566.9834998,1637.8738343715668,False
1747,3,232,TargetDisplacement,1765539567.129108,1638.01944231987,True
1748,3,232,RightResponse,1765539567.545694,1638.4360275268555,False
1749,3,233,FeedbackPeriodStarted,1765539567.5662057,1638.45653963089,False
1750,3,233,startFixDisplay,1765539567.5663462,1638.4566791057587,False
1751,3,233,startFixPeriod,1765539567.809229,1638.6995782852173,False
1752,3,233,TargetPresentation,1765539569.1137345,1640.0040674209595,False
1753,3,233,TargetRemoval,1765539569.2593184,1640.1496496200562,True
1754,3,233,TargetReappeared,1765539569.5093238,1640.3996584415436,False
1755,3,233,RightResponse,1765539569.794084,1640.684417963028,False
1756,3,234,FeedbackPeriodStarted,1765539569.814418,1640.704752445221,False
1757,3,234,startFixDisplay,1765539569.814557,1640.7048902511597,False
1758,3,234,startFixPeriod,1765539570.0228138,1640.913147687912,False
1759,3,234,TargetPresentation,1765539570.8277082,1641.7180409431458,False
1760,3,234,TargetRemoval,1765539571.0149038,1641.9052376747131,True
1761,3,234,TargetReappeared,1765539571.2649643,1642.1552996635437,False
1762,3,234,LeftResponse,1765539571.3621702,1642.2525026798248,False
1763,3,234,FeedbackPeriodStarted,1765539571.3758774,1642.2662115097046,False
1764,3,235,startFixDisplay,1765539573.3881743,1644.278516292572,False
1765,3,235,startFixPeriod,1765539573.3950264,1644.2853608131409,False
1766,3,235,TargetPresentation,1765539574.692698,1645.583030462265,False
1767,3,235,TargetDisplacement,1765539574.9007936,1645.7911274433136,True
1768,3,235,RightResponse,1765539575.3314657,1646.2217993736267,False
1769,3,236,FeedbackPeriodStarted,1765539575.3518617,1646.2421958446503,False
1770,3,236,startFixDisplay,1765539575.3520088,1646.242341518402,False
1771,3,236,startFixPeriod,1765539575.6504776,1646.5408141613007,False
1772,3,236,TargetPresentation,1765539576.9270086,1647.8173425197601,False
1773,3,236,TargetRemoval,1765539577.0934272,1647.983758687973,True
1774,3,236,TargetReappeared,1765539577.3435104,1648.2338445186615,False
1775,3,236,RightResponse,1765539577.8988738,1648.7892076969147,False
1776,3,237,FeedbackPeriodStarted,1765539577.9191954,1648.8095271587372,False
1777,3,237,startFixDisplay,1765539577.919257,1648.8095881938934,False
1778,3,237,startFixPeriod,1765539578.148448,1649.0387818813324,False
1779,3,237,TargetPresentation,1765539579.3419614,1650.232295513153,False
1780,3,237,TargetDisplacement,1765539579.473532,1650.3638634681702,True
1781,3,237,LeftResponse,1765539580.0012589,1650.891591310501,False
1782,3,238,FeedbackPeriodStarted,1765539580.0286808,1650.919014930725,False
1783,3,238,startFixDisplay,1765539580.0288134,1650.9191462993622,False
1784,3,238,startFixPeriod,1765539580.1953902,1651.0857245922089,False
1785,3,238,TargetPresentation,1765539581.5971146,1652.4874510765076,False
1786,3,238,TargetRemoval,1765539581.7287416,1652.619075536728,True
1787,3,238,TargetReappeared,1765539581.978698,1652.8690302371979,False
1788,3,238,RightResponse,1765539582.437146,1653.327479839325,False
1789,3,239,FeedbackPeriodStarted,1765539582.4643881,1653.354719877243,False
1790,3,239,startFixDisplay,1765539582.4644554,1653.3547866344452,False
1791,3,239,startFixPeriod,1765539582.672731,1653.5630655288696,False
1792,3,239,TargetPresentation,1765539583.8384385,1654.7287731170654,False
1793,3,239,TargetRemoval,1765539583.9076378,1654.7979719638824,True
1794,3,239,TargetReappeared,1765539584.1575735,1655.0479078292847,False
1795,3,239,LeftResponse,1765539584.699296,1655.5896298885345,False
1796,3,240,FeedbackPeriodStarted,1765539584.719496,1655.6098306179047,False
1797,3,240,startFixDisplay,1765539584.7196453,1655.6099784374237,False
1798,3,240,startFixPeriod,1765539584.9764717,1655.8668053150177,False
1799,3,240,TargetPresentation,1765539586.454372,1657.3447043895721,False
1800,3,240,TargetDisplacement,1765539586.6277804,1657.5181140899658,True
1801,3,240,LeftResponse,1765539587.620508,1658.5108411312103,False
1802,3,240,FeedbackPeriodStarted,1765539587.6272097,1658.5175445079803,False
1803,3,241,startFixDisplay,1765539589.6392806,1660.5296144485474,False
1804,3,241,startFixPeriod,1765539589.9238994,1660.8142335414886,False
1805,3,241,TargetPresentation,1765539591.0757904,1661.9661221504211,False
1806,3,241,TargetRemoval,1765539591.256135,1662.1464688777924,True
1807,3,241,TargetReappeared,1765539591.5060925,1662.396427154541,False
1808,3,241,LeftResponse,1765539591.6383421,1662.5286757946014,False
1809,3,242,FeedbackPeriodStarted,1765539591.6656253,1662.5559594631195,False
1810,3,242,startFixDisplay,1765539591.6657214,1662.5560524463654,False
1811,3,242,startFixPeriod,1765539592.5816164,1663.4719498157501,False
1812,3,242,TargetPresentation,1765539593.7126262,1664.6029584407806,False
1813,3,242,TargetDisplacement,1765539593.865142,1664.7554733753204,True
1814,3,242,LeftResponse,1765539594.5315287,1665.421860218048,False
1815,3,243,FeedbackPeriodStarted,1765539594.5520186,1665.4423503875732,False
1816,3,243,startFixDisplay,1765539594.552097,1665.4424283504486,False
1817,3,243,startFixPeriod,1765539594.753543,1665.6438751220703,False
1818,3,243,TargetPresentation,1765539595.4473927,1666.3377270698547,False
1819,3,243,TargetDisplacement,1765539595.5998836,1666.490215063095,True
1820,3,243,LeftResponse,1765539596.1485856,1667.038919210434,False
1821,3,244,FeedbackPeriodStarted,1765539596.1689591,1667.0592935085297,False
1822,3,244,startFixDisplay,1765539596.1691208,1667.059454202652,False
1823,3,244,startFixPeriod,1765539596.585549,1667.4758825302124,False
1824,3,244,TargetPresentation,1765539597.8205845,1668.7109189033508,False
1825,3,244,TargetDisplacement,1765539597.9870267,1668.8773605823517,True
1826,3,244,RightResponse,1765539598.5078514,1669.3981835842133,False
1827,3,245,FeedbackPeriodStarted,1765539598.5282183,1669.418553352356,False
1828,3,245,startFixDisplay,1765539598.5283523,1669.4186849594116,False
1829,3,245,startFixPeriod,1765539598.7434752,1669.6338095664978,False
1830,3,245,TargetPresentation,1765539599.7844048,1670.6747391223907,False
1831,3,245,TargetDisplacement,1765539599.929957,1670.8202905654907,True
1832,3,245,RightResponse,1765539600.7768383,1671.6671731472015,False
1833,3,246,FeedbackPeriodStarted,1765539600.7973297,1671.6876635551453,False
1834,3,246,startFixDisplay,1765539600.797469,1671.6878018379211,False
1835,3,246,startFixPeriod,1765539600.9987473,1671.8890812397003,False
1836,3,246,TargetPresentation,1765539602.1505792,1673.0409116744995,False
1837,3,246,TargetRemoval,1765539602.282247,1673.172578573227,True
1838,3,246,TargetReappeared,1765539602.5323102,1673.4226446151733,False
1839,3,246,RightResponse,1765539603.177832,1674.0681657791138,False
1840,3,246,FeedbackPeriodStarted,1765539603.1914601,1674.0817942619324,False
1841,3,247,startFixDisplay,1765539605.2035942,1676.0939283370972,False
1842,3,247,startFixPeriod,1765539605.3912034,1676.2815375328064,False
1843,3,247,TargetPresentation,1765539606.5359898,1677.4263219833374,False
1844,3,247,TargetDisplacement,1765539606.660852,1677.5511858463287,True
1845,3,247,LeftResponse,1765539607.0913644,1677.9816958904266,False
1846,3,248,FeedbackPeriodStarted,1765539607.1118636,1678.0021979808807,False
1847,3,248,startFixDisplay,1765539607.1120043,1678.0023369789124,False
1848,3,248,startFixPeriod,1765539607.382605,1678.2729394435883,False
1849,3,248,TargetPresentation,1765539608.1736743,1679.0640079975128,False
1850,3,248,TargetRemoval,1765539608.3954933,1679.2858247756958,True
1851,3,248,TargetReappeared,1765539608.6455128,1679.535846710205,False
1852,3,248,RightResponse,1765539608.9582415,1679.8485753536224,False
1853,3,249,FeedbackPeriodStarted,1765539608.9855173,1679.8758537769318,False
1854,3,249,startFixDisplay,1765539608.9856672,1679.876000404358,False
1855,3,249,startFixPeriod,1765539609.5337818,1680.424115896225,False
1856,3,249,TargetPresentation,1765539610.12352,1681.0138545036316,False
1857,3,249,TargetDisplacement,1765539610.2414145,1681.1317462921143,True
1858,3,249,LeftResponse,1765539610.9635403,1681.8538727760315,False
1859,3,250,FeedbackPeriodStarted,1765539610.990903,1681.881237745285,False
1860,3,250,startFixDisplay,1765539610.9910529,1681.8814158439636,False
1861,3,250,startFixPeriod,1765539611.2615397,1682.1518728733063,False
1862,3,250,TargetPresentation,1765539612.434295,1683.3246297836304,False
1863,3,250,TargetRemoval,1765539612.5728831,1683.4632148742676,True
1864,3,250,TargetReappeared,1765539612.8228388,1683.7131731510162,False
1865,3,250,LeftResponse,1765539613.2672179,1684.1575503349304,False
1866,3,251,FeedbackPeriodStarted,1765539613.2946455,1684.1849794387817,False
1867,3,251,startFixDisplay,1765539613.2947812,1684.185114145279,False
1868,3,251,startFixPeriod,1765539613.4959764,1684.3863105773926,False
1869,3,251,TargetPresentation,1765539614.1134715,1685.0038039684296,False
1870,3,251,TargetDisplacement,1765539614.2382767,1685.1286079883575,True
1871,3,251,LeftResponse,1765539615.0506098,1685.9409437179565,False
1872,3,252,FeedbackPeriodStarted,1765539615.070933,1685.9612674713135,False
1873,3,252,startFixDisplay,1765539615.0711093,1685.9614429473877,False
1874,3,252,startFixPeriod,1765539615.258444,1686.1487774848938,False
1875,3,252,TargetPresentation,1765539615.9453597,1686.8356938362122,False
1876,3,252,TargetDisplacement,1765539616.0978894,1686.9882230758667,True
1877,3,252,RightResponse,1765539616.826863,1687.7171952724457,False
1878,3,252,FeedbackPeriodStarted,1765539616.8335996,1687.7239339351654,False
1879,3,253,startFixDisplay,1765539618.8456113,1689.7359426021576,False
1880,3,253,startFixPeriod,1765539619.0956964,1689.9860289096832,False
1881,3,253,TargetPresentation,1765539620.5876508,1691.4779834747314,False
1882,3,253,TargetRemoval,1765539620.767929,1691.6582629680634,True
1883,3,253,TargetReappeared,1765539621.0177488,1691.9080803394318,False
1884,3,253,LeftResponse,1765539621.198881,1692.0892131328583,False
1885,3,254,FeedbackPeriodStarted,1765539621.2188168,1692.1091485023499,False
1886,3,254,startFixDisplay,1765539621.218883,1692.1092143058777,False
1887,3,254,startFixPeriod,1765539621.982402,1692.8727350234985,False
1888,3,254,TargetPresentation,1765539622.6277325,1693.51806473732,False
1889,3,254,TargetRemoval,1765539622.7595334,1693.6498672962189,True
1890,3,254,TargetReappeared,1765539623.0093377,1693.899671792984,False
1891,3,254,LeftResponse,1765539623.328806,1694.219139099121,False
1892,3,255,FeedbackPeriodStarted,1765539623.3562536,1694.2465887069702,False
1893,3,255,startFixDisplay,1765539623.3564346,1694.2467677593231,False
1894,3,255,startFixPeriod,1765539623.5993085,1694.4896450042725,False
1895,3,255,TargetPresentation,1765539624.9454448,1695.8357796669006,False
1896,3,255,TargetDisplacement,1765539625.0631864,1695.9535200595856,True
1897,3,255,RightResponse,1765539625.5215297,1696.4118633270264,False
1898,3,256,FeedbackPeriodStarted,1765539625.5419414,1696.4322755336761,False
1899,3,256,startFixDisplay,1765539625.5420969,1696.432430267334,False
1900,3,256,startFixPeriod,1765539625.8891299,1696.7794649600983,False
1901,3,256,TargetPresentation,1765539626.825918,1697.716252565384,False
1902,3,256,TargetRemoval,1765539626.971454,1697.8617877960205,True
1903,3,256,TargetReappeared,1765539627.2214086,1698.1117432117462,False
1904,3,256,LeftResponse,1765539627.5478208,1698.438152551651,False
1905,3,257,FeedbackPeriodStarted,1765539627.5681608,1698.458494901657,False
1906,3,257,startFixDisplay,1765539627.5683017,1698.4586346149445,False
1907,3,257,startFixPeriod,1765539627.8805826,1698.7709155082703,False
1908,3,257,TargetPresentation,1765539628.8243768,1699.7147109508514,False
1909,3,257,TargetDisplacement,1765539629.0045013,1699.894832611084,True
1910,3,257,RightResponse,1765539629.463038,1700.3533716201782,False
1911,3,258,FeedbackPeriodStarted,1765539629.4903023,1700.3806364536285,False
1912,3,258,startFixDisplay,1765539629.4904366,1700.3807694911957,False
1913,3,258,startFixPeriod,1765539629.7542255,1700.644559621811,False
1914,3,258,TargetPresentation,1765539630.323288,1701.2136235237122,False
1915,3,258,TargetDisplacement,1765539630.454799,1701.3451302051544,True
1916,3,258,RightResponse,1765539631.086691,1701.9770233631134,False
1917,3,258,FeedbackPeriodStarted,1765539631.093198,1701.9835321903229,False
1918,3,259,startFixDisplay,1765539633.105626,1703.9959602355957,False
1919,3,259,startFixPeriod,1765539633.2931178,1704.1834528446198,False
1920,3,259,TargetPresentation,1765539634.1395066,1705.0298390388489,False
1921,3,259,TargetRemoval,1765539634.2852256,1705.17555975914,True
1922,3,259,TargetReappeared,1765539634.5350835,1705.425418138504,False
1923,3,259,RightResponse,1765539635.0212288,1705.9115617275238,False
1924,3,260,FeedbackPeriodStarted,1765539635.0485814,1705.9389154911041,False
1925,3,260,startFixDisplay,1765539635.0487373,1705.9390707015991,False
1926,3,260,startFixPeriod,1765539635.2012634,1706.0915975570679,False
1927,3,260,TargetPresentation,1765539636.1379662,1707.0282983779907,False
1928,3,260,TargetDisplacement,1765539636.2627015,1707.1530330181122,True
1929,3,260,LeftResponse,1765539637.0334268,1707.9237606525421,False
1930,3,261,FeedbackPeriodStarted,1765539637.06077,1707.9511044025421,False
1931,3,261,startFixDisplay,1765539637.0609078,1707.9512407779694,False
1932,3,261,startFixPeriod,1765539637.2483563,1708.1386907100677,False
1933,3,261,TargetPresentation,1765539637.8243382,1708.7146728038788,False
1934,3,261,TargetDisplacement,1765539637.9559808,1708.8463146686554,True
1935,3,261,LeftResponse,1765539638.740698,1709.6310322284698,False
1936,3,262,FeedbackPeriodStarted,1765539638.7607477,1709.651079416275,False
1937,3,262,startFixDisplay,1765539638.7608097,1709.6511406898499,False
1938,3,262,startFixPeriod,1765539638.9901006,1709.880435705185,False
1939,3,262,TargetPresentation,1765539640.2183154,1711.1086497306824,False
1940,3,262,TargetDisplacement,1765539640.3847294,1711.2750630378723,True
1941,3,262,RightResponse,1765539640.9333696,1711.823703289032,False
1942,3,263,FeedbackPeriodStarted,1765539640.9535406,1711.843872308731,False
1943,3,263,startFixDisplay,1765539640.9536033,1711.8439345359802,False
1944,3,263,startFixPeriod,1765539641.252159,1712.1424934864044,False
1945,3,263,TargetPresentation,1765539641.8142898,1712.7046248912811,False
1946,3,263,TargetRemoval,1765539641.9458334,1712.8361649513245,True
1947,3,263,TargetReappeared,1765539642.1958427,1713.086177110672,False
1948,3,263,RightResponse,1765539642.6194773,1713.50981092453,False
1949,3,263,FeedbackPeriodStarted,1765539642.6606288,1713.5509626865387,False
1950,4,264,startFixDisplay,1765539690.1305351,1761.0208666324615,False
1951,4,264,startFixPeriod,1765539690.3112967,1761.2016308307648,False
1952,4,264,TargetPresentation,1765539691.0952644,1761.9855961799622,False
1953,4,264,TargetDisplacement,1765539691.2269213,1762.117252588272,True
1954,4,264,RightResponse,1765539692.0807154,1762.971046924591,False
1955,4,265,FeedbackPeriodStarted,1765539692.101319,1762.9916512966156,False
1956,4,265,startFixDisplay,1765539692.1013882,1762.9917192459106,False
1957,4,265,startFixPeriod,1765539692.309768,1763.2001023292542,False
1958,4,265,TargetPresentation,1765539693.8016043,1764.6919367313385,False
1959,4,265,TargetDisplacement,1765539693.8085794,1764.6989133358002,True
1960,4,265,RightResponse,1765539694.5166578,1765.406991481781,False
1961,4,266,FeedbackPeriodStarted,1765539694.5438914,1765.434225320816,False
1962,4,266,startFixDisplay,1765539694.5440083,1765.4343395233154,False
1963,4,266,startFixPeriod,1765539694.7037392,1765.5940732955933,False
1964,4,266,TargetPresentation,1765539696.1747313,1767.0650656223297,False
1965,4,266,TargetDisplacement,1765539696.2995746,1767.189908504486,True
1966,4,266,RightResponse,1765539696.7995806,1767.6899135112762,False
1967,4,267,FeedbackPeriodStarted,1765539696.8269722,1767.717306137085,False
1968,4,267,startFixDisplay,1765539696.827146,1767.717479467392,False
1969,4,267,startFixPeriod,1765539697.0907733,1767.9811069965363,False
1970,4,267,TargetPresentation,1765539698.4854417,1769.375776052475,False
1971,4,267,TargetDisplacement,1765539698.4923997,1769.3827340602875,True
1972,4,267,RightResponse,1765539699.1519759,1770.0423233509064,False
1973,4,268,FeedbackPeriodStarted,1765539699.1723104,1770.062644481659,False
1974,4,268,startFixDisplay,1765539699.1724584,1770.062791109085,False
1975,4,268,startFixPeriod,1765539699.623469,1770.5138034820557,False
1976,4,268,TargetPresentation,1765539700.9142015,1771.804536819458,False
1977,4,268,TargetDisplacement,1765539701.0250196,1771.91535115242,True
1978,4,268,RightResponse,1765539701.5943413,1772.4846742153168,False
1979,4,269,FeedbackPeriodStarted,1765539701.6147242,1772.5050559043884,False
1980,4,269,startFixDisplay,1765539701.6147897,1772.505120754242,False
1981,4,269,startFixPeriod,1765539701.8440077,1772.7343397140503,False
1982,4,269,TargetPresentation,1765539702.5517228,1773.442057132721,False
1983,4,269,TargetDisplacement,1765539702.5586586,1773.4489924907684,True
1984,4,269,LeftResponse,1765539703.0794563,1773.9697902202606,False
1985,4,270,FeedbackPeriodStarted,1765539703.0996945,1773.990026473999,False
1986,4,270,startFixDisplay,1765539703.0998192,1773.9901504516602,False
1987,4,270,startFixPeriod,1765539703.5302458,1774.4205803871155,False
1988,4,270,TargetPresentation,1765539704.8624349,1775.7527689933777,False
1989,4,270,TargetDisplacement,1765539704.869208,1775.7595422267914,True
1990,4,270,LeftResponse,1765539705.3970783,1776.2874126434326,False
1991,4,270,FeedbackPeriodStarted,1765539705.410679,1776.3010132312775,False
1992,4,271,startFixDisplay,1765539707.4227693,1778.3131034374237,False
1993,4,271,startFixPeriod,1765539707.6520157,1778.5423500537872,False
1994,4,271,TargetPresentation,1765539708.6859417,1779.576276063919,False
1995,4,271,TargetRemoval,1765539708.8384583,1779.7287924289703,True
1996,4,271,TargetReappeared,1765539709.0882792,1779.9786114692688,False
1997,4,271,RightResponse,1765539709.2758846,1780.1662170886993,False
1998,4,272,FeedbackPeriodStarted,1765539709.303334,1780.1936678886414,False
1999,4,272,startFixDisplay,1765539709.3034723,1780.1938049793243,False
2000,4,272,startFixPeriod,1765539709.5672107,1780.4575448036194,False
2001,4,272,TargetPresentation,1765539710.5592775,1781.4496095180511,False
2002,4,272,TargetRemoval,1765539710.5663624,1781.456694841385,True
2003,4,272,TargetReappeared,1765539710.8162081,1781.7065422534943,False
2004,4,272,LeftResponse,1765539711.156339,1782.0466713905334,False
2005,4,273,FeedbackPeriodStarted,1765539711.1768403,1782.0671744346619,False
2006,4,273,startFixDisplay,1765539711.1769938,1782.0673251152039,False
2007,4,273,startFixPeriod,1765539711.4477088,1782.3380453586578,False
2008,4,273,TargetPresentation,1765539712.5995207,1783.4898550510406,False
2009,4,273,TargetRemoval,1765539712.696485,1783.586818933487,True
2010,4,273,TargetReappeared,1765539712.9465096,1783.8368439674377,False
2011,4,273,RightResponse,1765539713.2104402,1784.100772857666,False
2012,4,274,FeedbackPeriodStarted,1765539713.2377326,1784.128066778183,False
2013,4,274,startFixDisplay,1765539713.2378316,1784.1281628608704,False
2014,4,274,startFixPeriod,1765539713.5224512,1784.412784576416,False
2015,4,274,TargetPresentation,1765539714.237103,1785.127435684204,False
2016,4,274,TargetDisplacement,1765539714.3827195,1785.2730531692505,True
2017,4,274,LeftResponse,1765539715.1741173,1786.064450263977,False
2018,4,275,FeedbackPeriodStarted,1765539715.1944485,1786.0847799777985,False
2019,4,275,startFixDisplay,1765539715.1945095,1786.0848407745361,False
2020,4,275,startFixPeriod,1765539715.437603,1786.3279373645782,False
2021,4,275,TargetPresentation,1765539716.1662152,1787.05654835701,False
2022,4,275,TargetDisplacement,1765539716.173206,1787.0635404586792,True
2023,4,275,LeftResponse,1765539717.1310034,1788.0213367938995,False
2024,4,276,FeedbackPeriodStarted,1765539717.1512842,1788.0416159629822,False
2025,4,276,startFixDisplay,1765539717.1513507,1788.0416820049286,False
2026,4,276,startFixPeriod,1765539717.3180902,1788.208422422409,False
2027,4,276,TargetPresentation,1765539717.8384993,1788.7288341522217,False
2028,4,276,TargetDisplacement,1765539717.956341,1788.8466746807098,True
2029,4,276,LeftResponse,1765539718.60908,1789.499412059784,False
2030,4,276,FeedbackPeriodStarted,1765539718.6156404,1789.505972146988,False
2031,4,277,startFixDisplay,1765539720.6278088,1791.518142938614,False
2032,4,277,startFixPeriod,1765539720.634689,1791.5250208377838,False
2033,4,277,TargetPresentation,1765539721.1414967,1792.0318310260773,False
2034,4,277,TargetRemoval,1765539721.294032,1792.184363603592,True
2035,4,277,TargetReappeared,1765539721.5439625,1792.4342954158783,False
2036,4,277,LeftResponse,1765539721.94675,1792.8370838165283,False
2037,4,278,FeedbackPeriodStarted,1765539721.9740353,1792.8643672466278,False
2038,4,278,startFixDisplay,1765539721.9741182,1792.8644490242004,False
2039,4,278,startFixPeriod,1765539722.203198,1793.0935320854187,False
2040,4,278,TargetPresentation,1765539722.987329,1793.8776633739471,False
2041,4,278,TargetDisplacement,1765539723.105229,1793.9955627918243,True
2042,4,278,RightResponse,1765539723.8064036,1794.696736574173,False
2043,4,279,FeedbackPeriodStarted,1765539723.8336704,1794.7240045070648,False
2044,4,279,startFixDisplay,1765539723.8338068,1794.7241396903992,False
2045,4,279,startFixPeriod,1765539724.1739042,1795.0642385482788,False
2046,4,279,TargetPresentation,1765539725.554716,1796.4450504779816,False
2047,4,279,TargetDisplacement,1765539725.665788,1796.5561230182648,True
2048,4,279,LeftResponse,1765539726.193232,1797.0835638046265,False
2049,4,280,FeedbackPeriodStarted,1765539726.2137494,1797.1040835380554,False
2050,4,280,startFixDisplay,1765539726.2139013,1797.1042323112488,False
2051,4,280,startFixPeriod,1765539726.4151504,1797.3054823875427,False
2052,4,280,TargetPresentation,1765539727.2339165,1798.124249458313,False
2053,4,280,TargetRemoval,1765539727.2408743,1798.1312084197998,True
2054,4,280,TargetReappeared,1765539727.4907458,1798.3810801506042,False
2055,4,280,RightResponse,1765539728.0045762,1798.8949100971222,False
2056,4,281,FeedbackPeriodStarted,1765539728.0318818,1798.9222135543823,False
2057,4,281,startFixDisplay,1765539728.031946,1798.9222769737244,False
2058,4,281,startFixPeriod,1765539728.247115,1799.1374475955963,False
2059,4,281,TargetPresentation,1765539728.8230073,1799.7133407592773,False
2060,4,281,TargetRemoval,1765539728.9407353,1799.8310668468475,True
2061,4,281,TargetReappeared,1765539729.190757,1800.0810914039612,False
2062,4,281,RightResponse,1765539729.5102086,1800.4005408287048,False
2063,4,282,FeedbackPeriodStarted,1765539729.537696,1800.4280302524567,False
2064,4,282,startFixDisplay,1765539729.537813,1800.428143978119,False
2065,4,282,startFixPeriod,1765539730.0165977,1800.9069321155548,False
2066,4,282,TargetPresentation,1765539731.154515,1802.0448496341705,False
2067,4,282,TargetRemoval,1765539731.2724977,1802.1628320217133,True
2068,4,282,TargetReappeared,1765539731.5224025,1802.412737607956,False
2069,4,282,LeftResponse,1765539731.7860286,1802.67636013031,False
2070,4,282,FeedbackPeriodStarted,1765539731.7928607,1802.68319272995,False
2071,4,283,startFixDisplay,1765539733.805113,1804.6954498291016,False
2072,4,283,startFixPeriod,1765539733.8954768,1804.7858107089996,False
2073,4,283,TargetPresentation,1765539735.2139297,1806.104263305664,False
2074,4,283,TargetDisplacement,1765539735.345666,1806.2360000610352,True
2075,4,283,RightResponse,1765539736.032937,1806.923269033432,False
2076,4,284,FeedbackPeriodStarted,1765539736.053247,1806.9435787200928,False
2077,4,284,startFixDisplay,1765539736.0533142,1806.943645477295,False
2078,4,284,startFixPeriod,1765539736.4005163,1807.290851354599,False
2079,4,284,TargetPresentation,1765539737.0250485,1807.915381193161,False
2080,4,284,TargetRemoval,1765539737.1774795,1808.0678107738495,True
2081,4,284,TargetReappeared,1765539737.4273334,1808.317667722702,False
2082,4,284,RightResponse,1765539738.0314503,1808.9217834472656,False
2083,4,285,FeedbackPeriodStarted,1765539738.051858,1808.9421920776367,False
2084,4,285,startFixDisplay,1765539738.0519998,1808.9423325061798,False
2085,4,285,startFixPeriod,1765539738.1976864,1809.0880208015442,False
2086,4,285,TargetPresentation,1765539739.5230825,1810.4134154319763,False
2087,4,285,TargetDisplacement,1765539739.64768,1810.5380115509033,True
2088,4,285,RightResponse,1765539740.4463434,1811.3366768360138,False
2089,4,286,FeedbackPeriodStarted,1765539740.466571,1811.3569054603577,False
2090,4,286,startFixDisplay,1765539740.4667056,1811.3570387363434,False
2091,4,286,startFixPeriod,1765539740.674891,1811.5652236938477,False
2092,4,286,TargetPresentation,1765539742.0002172,1812.8905515670776,False
2093,4,286,TargetRemoval,1765539742.1319988,1813.0223300457,True
2094,4,286,TargetReappeared,1765539742.38192,1813.2722523212433,False
2095,4,286,RightResponse,1765539742.895559,1813.7858908176422,False
2096,4,287,FeedbackPeriodStarted,1765539742.9159873,1813.8063192367554,False
2097,4,287,startFixDisplay,1765539742.9160676,1813.8063991069794,False
2098,4,287,startFixPeriod,1765539743.0828254,1813.9731590747833,False
2099,4,287,TargetPresentation,1765539744.512297,1815.402630329132,False
2100,4,287,TargetDisplacement,1765539744.664841,1815.5551750659943,True
2101,4,287,RightResponse,1765539745.2064118,1816.0967440605164,False
2102,4,288,FeedbackPeriodStarted,1765539745.233751,1816.124085187912,False
2103,4,288,startFixDisplay,1765539745.2338886,1816.124221086502,False
2104,4,288,startFixPeriod,1765539745.407387,1816.2977211475372,False
2105,4,288,TargetPresentation,1765539746.3094826,1817.199816942215,False
2106,4,288,TargetRemoval,1765539746.538346,1817.4286799430847,True
2107,4,288,TargetReappeared,1765539746.788238,1817.678570985794,False
2108,4,288,RightResponse,1765539747.0174224,1817.907755613327,False
2109,4,288,FeedbackPeriodStarted,1765539747.031178,1817.921510219574,False
2110,4,289,startFixDisplay,1765539749.0432823,1819.933616399765,False
2111,4,289,startFixPeriod,1765539749.4667861,1820.357120513916,False
2112,4,289,TargetPresentation,1765539750.4173238,1821.3076581954956,False
2113,4,289,TargetDisplacement,1765539750.4311066,1821.3214406967163,True
2114,4,289,RightResponse,1765539751.3752313,1822.2655639648438,False
2115,4,290,FeedbackPeriodStarted,1765539751.402551,1822.2928853034973,False
2116,4,290,startFixDisplay,1765539751.4026887,1822.2930216789246,False
2117,4,290,startFixPeriod,1765539751.569164,1822.4594960212708,False
2118,4,290,TargetPresentation,1765539752.276996,1823.1673300266266,False
2119,4,290,TargetRemoval,1765539752.3047512,1823.1950860023499,True
2120,4,290,TargetReappeared,1765539752.554594,1823.444928407669,False
2121,4,290,LeftResponse,1765539753.151288,1824.0416195392609,False
2122,4,291,FeedbackPeriodStarted,1765539753.1718488,1824.0621807575226,False
2123,4,291,startFixDisplay,1765539753.171909,1824.0622401237488,False
2124,4,291,startFixPeriod,1765539753.331756,1824.2221035957336,False
2125,4,291,TargetPresentation,1765539754.344922,1825.235256433487,False
2126,4,291,TargetDisplacement,1765539754.3518562,1825.242190361023,True
2127,4,291,LeftResponse,1765539755.087655,1825.977988243103,False
2128,4,292,FeedbackPeriodStarted,1765539755.1150155,1826.0053498744965,False
2129,4,292,startFixDisplay,1765539755.1151874,1826.005518913269,False
2130,4,292,startFixPeriod,1765539755.3094294,1826.1997637748718,False
2131,4,292,TargetPresentation,1765539756.579254,1827.4695868492126,False
2132,4,292,TargetRemoval,1765539756.717941,1827.6082725524902,True
2133,4,292,TargetReappeared,1765539756.9678056,1827.858139514923,False
2134,4,292,RightResponse,1765539757.3914163,1828.2817492485046,False
2135,4,293,FeedbackPeriodStarted,1765539757.418716,1828.3090500831604,False
2136,4,293,startFixDisplay,1765539757.4188564,1828.3091895580292,False
2137,4,293,startFixPeriod,1765539757.640967,1828.5313012599945,False
2138,4,293,TargetPresentation,1765539759.0703335,1829.9606666564941,False
2139,4,293,TargetDisplacement,1765539759.2297623,1830.1200959682465,True
2140,4,293,LeftResponse,1765539759.9312062,1830.8215382099152,False
2141,4,294,FeedbackPeriodStarted,1765539759.9514334,1830.8417675495148,False
2142,4,294,startFixDisplay,1765539759.9515738,1830.8419065475464,False
2143,4,294,startFixPeriod,1765539761.394902,1832.2852337360382,False
2144,4,294,TargetPresentation,1765539761.950035,1832.8403673171997,False
2145,4,294,TargetRemoval,1765539762.0678685,1832.9582018852234,True
2146,4,294,TargetReappeared,1765539762.3178988,1833.2082328796387,False
2147,4,294,RightResponse,1765539762.8592238,1833.7495563030243,False
2148,4,294,FeedbackPeriodStarted,1765539762.8660119,1833.75634598732,False
2149,4,295,startFixDisplay,1765539764.878203,1835.7685370445251,False
2150,4,295,startFixPeriod,1765539765.0588627,1835.9491958618164,False
2151,4,295,TargetPresentation,1765539766.467332,1837.3576645851135,False
2152,4,295,TargetRemoval,1765539766.613011,1837.5033450126648,True
2153,4,295,TargetReappeared,1765539766.8628542,1837.7531864643097,False
2154,4,295,RightResponse,1765539767.4113438,1838.3016760349274,False
2155,4,296,FeedbackPeriodStarted,1765539767.4317687,1838.3221027851105,False
2156,4,296,startFixDisplay,1765539767.4318635,1838.322194814682,False
2157,4,296,startFixPeriod,1765539767.640148,1838.5304815769196,False
2158,4,296,TargetPresentation,1765539768.3894963,1839.2798309326172,False
2159,4,296,TargetDisplacement,1765539768.5698876,1839.4602217674255,True
2160,4,296,LeftResponse,1765539769.29195,1840.1822843551636,False
2161,4,297,FeedbackPeriodStarted,1765539769.312234,1840.2025682926178,False
2162,4,297,startFixDisplay,1765539769.312374,1840.2027068138123,False
2163,4,297,startFixPeriod,1765539769.7495737,1840.639907836914,False
2164,4,297,TargetPresentation,1765539771.081912,1841.9722464084625,False
2165,4,297,TargetRemoval,1765539771.0887978,1841.9791295528412,True
2166,4,297,TargetReappeared,1765539771.338633,1842.2289674282074,False
2167,4,297,RightResponse,1765539771.9008574,1842.7911899089813,False
2168,4,298,FeedbackPeriodStarted,1765539771.928303,1842.8186349868774,False
2169,4,298,startFixDisplay,1765539771.9283714,1842.8187024593353,False
2170,4,298,startFixPeriod,1765539772.2269342,1843.1172692775726,False
2171,4,298,TargetPresentation,1765539772.775048,1843.665382385254,False
2172,4,298,TargetRemoval,1765539772.899765,1843.7900986671448,True
2173,4,298,TargetReappeared,1765539773.149754,1844.0400884151459,False
2174,4,298,RightResponse,1765539773.61491,1844.5052435398102,False
2175,4,299,FeedbackPeriodStarted,1765539773.6353009,1844.5256352424622,False
2176,4,299,startFixDisplay,1765539773.6354494,1844.5257823467255,False
2177,4,299,startFixPeriod,1765539773.7881994,1844.678546667099,False
2178,4,299,TargetPresentation,1765539774.9677896,1845.8581240177155,False
2179,4,299,TargetDisplacement,1765539774.9747381,1845.8650703430176,True
2180,4,299,LeftResponse,1765539776.085351,1846.9756836891174,False
2181,4,300,FeedbackPeriodStarted,1765539776.1125844,1847.002918958664,False
2182,4,300,startFixDisplay,1765539776.1127284,1847.0030612945557,False
2183,4,300,startFixPeriod,1765539776.3971934,1847.2875263690948,False
2184,4,300,TargetPresentation,1765539777.6809776,1848.571311712265,False
2185,4,300,TargetDisplacement,1765539777.8125808,1848.7029147148132,True
2186,4,300,RightResponse,1765539778.6041355,1849.4944682121277,False
2187,4,300,FeedbackPeriodStarted,1765539778.610787,1849.5011212825775,False
2188,4,301,startFixDisplay,1765539780.6228511,1851.5131826400757,False
2189,4,301,startFixPeriod,1765539780.8659856,1851.7563199996948,False
2190,4,301,TargetPresentation,1765539781.4141092,1852.3044412136078,False
2191,4,301,TargetRemoval,1765539781.4212043,1852.3115394115448,True
2192,4,301,TargetReappeared,1765539781.6709065,1852.5612409114838,False
2193,4,301,LeftResponse,1765539782.5316238,1853.4219579696655,False
2194,4,302,FeedbackPeriodStarted,1765539782.5588183,1853.4491500854492,False
2195,4,302,startFixDisplay,1765539782.5588825,1853.4492135047913,False
2196,4,302,startFixPeriod,1765539783.3432474,1854.2335813045502,False
2197,4,302,TargetPresentation,1765539784.7241237,1855.6144576072693,False
2198,4,302,TargetRemoval,1765539784.731036,1855.6213700771332,True
2199,4,302,TargetReappeared,1765539784.9807982,1855.8711326122284,False
2200,4,302,RightResponse,1765539785.383414,1856.2737460136414,False
2201,4,303,FeedbackPeriodStarted,1765539785.4038377,1856.294169664383,False
2202,4,303,startFixDisplay,1765539785.4039042,1856.2942352294922,False
2203,4,303,startFixPeriod,1765539786.5074441,1857.3977785110474,False
2204,4,303,TargetPresentation,1765539787.3261204,1858.2164528369904,False
2205,4,303,TargetDisplacement,1765539787.4508932,1858.3412246704102,True
2206,4,303,RightResponse,1765539787.957859,1858.8481917381287,False
2207,4,304,FeedbackPeriodStarted,1765539787.9852352,1858.875566959381,False
2208,4,304,startFixDisplay,1765539787.9852955,1858.8756265640259,False
2209,4,304,startFixPeriod,1765539788.6029418,1859.4932751655579,False
2210,4,304,TargetPresentation,1765539790.0741293,1860.9644639492035,False
2211,4,304,TargetDisplacement,1765539790.081135,1860.9714674949646,True
2212,4,304,LeftResponse,1765539790.6363237,1861.5266561508179,False
2213,4,305,FeedbackPeriodStarted,1765539790.6636739,1861.554007768631,False
2214,4,305,startFixDisplay,1765539790.66381,1861.5541427135468,False
2215,4,305,startFixPeriod,1765539791.288451,1862.1787853240967,False
2216,4,305,TargetPresentation,1765539792.7664766,1863.6568112373352,False
2217,4,305,TargetDisplacement,1765539792.773423,1863.6637573242188,True
2218,4,305,RightResponse,1765539794.33493,1865.225263118744,False
2219,4,306,FeedbackPeriodStarted,1765539794.3553004,1865.2456345558167,False
2220,4,306,startFixDisplay,1765539794.355433,1865.2457656860352,False
2221,4,306,startFixPeriod,1765539794.6122816,1865.5026156902313,False
2222,4,306,TargetPresentation,1765539795.7293453,1866.6196789741516,False
2223,4,306,TargetDisplacement,1765539795.7362776,1866.626609802246,True
2224,4,306,RightResponse,1765539796.548471,1867.4388043880463,False
2225,4,306,FeedbackPeriodStarted,1765539796.5550342,1867.445368051529,False
2226,4,307,startFixDisplay,1765539798.5672853,1869.457619190216,False
2227,4,307,startFixPeriod,1765539798.9143705,1869.804702758789,False
2228,4,307,TargetPresentation,1765539799.9205866,1870.8109197616577,False
2229,4,307,TargetDisplacement,1765539800.0591545,1870.9494857788086,True
2230,4,307,LeftResponse,1765539800.5313725,1871.421705007553,False
2231,4,308,FeedbackPeriodStarted,1765539800.5587952,1871.4491293430328,False
2232,4,308,startFixDisplay,1765539800.5590003,1871.4493336677551,False
2233,4,308,startFixPeriod,1765539801.058646,1871.9489805698395,False
2234,4,308,TargetPresentation,1765539801.6206095,1872.5109436511993,False
2235,4,308,TargetDisplacement,1765539801.6276155,1872.5179498195648,True
2236,4,308,RightResponse,1765539802.3355806,1873.2259130477905,False
2237,4,309,FeedbackPeriodStarted,1765539802.356082,1873.2464170455933,False
2238,4,309,startFixDisplay,1765539802.3562388,1873.2465715408325,False
2239,4,309,startFixPeriod,1765539802.8626385,1873.75297164917,False
2240,4,309,TargetPresentation,1765539803.6260893,1874.51642203331,False
2241,4,309,TargetRemoval,1765539803.764689,1874.6550226211548,True
2242,4,309,TargetReappeared,1765539804.0147123,1874.9050471782684,False
2243,4,309,LeftResponse,1765539804.1813624,1875.071694612503,False
2244,4,310,FeedbackPeriodStarted,1765539804.2087219,1875.099056005478,False
2245,4,310,startFixDisplay,1765539804.2088616,1875.0991942882538,False
2246,4,310,startFixPeriod,1765539804.666933,1875.5572674274445,False
2247,4,310,TargetPresentation,1765539805.6245258,1876.514859676361,False
2248,4,310,TargetRemoval,1765539805.7492683,1876.639601945877,True
2249,4,310,TargetReappeared,1765539805.9992857,1876.889620065689,False
2250,4,310,RightResponse,1765539806.1452277,1877.0355606079102,False
2251,4,311,FeedbackPeriodStarted,1765539806.17252,1877.0628538131714,False
2252,4,311,startFixDisplay,1765539806.1726859,1877.0630192756653,False
2253,4,311,startFixPeriod,1765539806.6792815,1877.5696144104004,False
2254,4,311,TargetPresentation,1765539807.213509,1878.1038436889648,False
2255,4,311,TargetRemoval,1765539807.3451552,1878.2354867458344,True
2256,4,311,TargetReappeared,1765539807.5952163,1878.4855482578278,False
2257,4,311,LeftResponse,1765539807.685738,1878.5760717391968,False
2258,4,312,FeedbackPeriodStarted,1765539807.7129495,1878.6032819747925,False
2259,4,312,startFixDisplay,1765539807.713037,1878.6033687591553,False
2260,4,312,startFixPeriod,1765539808.545806,1879.4361402988434,False
2261,4,312,TargetPresentation,1765539810.0169668,1880.9073014259338,False
2262,4,312,TargetDisplacement,1765539810.0238006,1880.9141328334808,True
2263,4,312,RightResponse,1765539810.9263186,1881.816652059555,False
2264,4,312,FeedbackPeriodStarted,1765539810.9398584,1881.8301930427551,False
2265,4,313,startFixDisplay,1765539812.951919,1883.8422532081604,False
2266,4,313,startFixPeriod,1765539813.1811244,1884.0714609622955,False
2267,4,313,TargetPresentation,1765539814.374632,1885.264966249466,False
2268,4,313,TargetRemoval,1765539814.582728,1885.4730615615845,True
2269,4,313,TargetReappeared,1765539814.8325903,1885.7229249477386,False
2270,4,313,RightResponse,1765539815.5614498,1886.4517834186554,False
2271,4,314,FeedbackPeriodStarted,1765539815.5817275,1886.472059249878,False
2272,4,314,startFixDisplay,1765539815.5817912,1886.4721221923828,False
2273,4,314,startFixPeriod,1765539815.7417521,1886.6320872306824,False
2274,4,314,TargetPresentation,1765539816.8518603,1887.7421925067902,False
2275,4,314,TargetDisplacement,1765539816.8588595,1887.7491936683655,True
2276,4,314,LeftResponse,1765539817.8581736,1888.7485065460205,False
2277,4,315,FeedbackPeriodStarted,1765539817.885655,1888.775988817215,False
2278,4,315,startFixDisplay,1765539817.8857932,1888.776125907898,False
2279,4,315,startFixPeriod,1765539818.1147141,1889.0050485134125,False
2280,4,315,TargetPresentation,1765539819.516498,1890.4068324565887,False
2281,4,315,TargetDisplacement,1765539819.6481967,1890.5385301113129,True
2282,4,315,RightResponse,1765539820.4257152,1891.3160481452942,False
2283,4,316,FeedbackPeriodStarted,1765539820.4531949,1891.34353017807,False
2284,4,316,startFixDisplay,1765539820.4533525,1891.343685388565,False
2285,4,316,startFixPeriod,1765539821.1680093,1892.0583436489105,False
2286,4,316,TargetPresentation,1765539821.8688612,1892.7591955661774,False
2287,4,316,TargetDisplacement,1765539822.0073376,1892.897668838501,True
2288,4,316,LeftResponse,1765539822.6044133,1893.4947452545166,False
2289,4,317,FeedbackPeriodStarted,1765539822.625,1893.5153341293335,False
2290,4,317,startFixDisplay,1765539822.625318,1893.515653371811,False
2291,4,317,startFixPeriod,1765539823.0484786,1893.938812971115,False
2292,4,317,TargetPresentation,1765539823.8048618,1894.695196390152,False
2293,4,317,TargetDisplacement,1765539823.9295964,1894.8199310302734,True
2294,4,317,LeftResponse,1765539824.4921227,1895.38245511055,False
2295,4,318,FeedbackPeriodStarted,1765539824.519364,1895.4096987247467,False
2296,4,318,startFixDisplay,1765539824.519511,1895.4098439216614,False
2297,4,318,startFixPeriod,1765539824.8803968,1895.7707295417786,False
2298,4,318,TargetPresentation,1765539825.7547295,1896.6450638771057,False
2299,4,318,TargetRemoval,1765539825.9281406,1896.8184745311737,True
2300,4,318,TargetReappeared,1765539826.1779273,1897.0682616233826,False
2301,4,318,LeftResponse,1765539826.5806944,1897.471028327942,False
2302,4,318,FeedbackPeriodStarted,1765539826.5872068,1897.4775412082672,False
2303,4,319,startFixDisplay,1765539828.5996625,1899.4899971485138,False
2304,4,319,startFixPeriod,1765539828.8009396,1899.6912739276886,False
2305,4,319,TargetPresentation,1765539830.1887703,1901.07910490036,False
2306,4,319,TargetDisplacement,1765539830.3481092,1901.2384407520294,True
2307,4,319,RightResponse,1765539830.9037666,1901.7941000461578,False
2308,4,320,FeedbackPeriodStarted,1765539830.9311068,1901.821441411972,False
2309,4,320,startFixDisplay,1765539830.9312515,1901.821584224701,False
2310,4,320,startFixPeriod,1765539831.340455,1902.2307879924774,False
2311,4,320,TargetPresentation,1765539832.5688062,1903.4591405391693,False
2312,4,320,TargetDisplacement,1765539832.7560077,1903.6463415622711,True
2313,4,320,LeftResponse,1765539833.8112001,1904.7015345096588,False
2314,4,321,FeedbackPeriodStarted,1765539833.8386495,1904.728984117508,False
2315,4,321,startFixDisplay,1765539833.8387852,1904.729118347168,False
2316,4,321,startFixPeriod,1765539834.1370416,1905.0273742675781,False
2317,4,321,TargetPresentation,1765539834.879596,1905.76993060112,False
2318,4,321,TargetDisplacement,1765539834.886456,1905.776790380478,True
2319,4,321,LeftResponse,1765539835.8304412,1906.7207741737366,False
2320,4,322,FeedbackPeriodStarted,1765539835.8576849,1906.7480163574219,False
2321,4,322,startFixDisplay,1765539835.8577504,1906.748081445694,False
2322,4,322,startFixPeriod,1765539837.5649116,1908.4552462100983,False
2323,4,322,TargetPresentation,1765539838.9666011,1909.8569333553314,False
2324,4,322,TargetDisplacement,1765539839.1470275,1910.0373589992523,True
2325,4,322,LeftResponse,1765539840.0977209,1910.9880530834198,False
2326,4,323,FeedbackPeriodStarted,1765539840.1182356,1911.0085678100586,False
2327,4,323,startFixDisplay,1765539840.1183035,1911.0086348056793,False
2328,4,323,startFixPeriod,1765539840.5417998,1911.4321329593658,False
2329,4,323,TargetPresentation,1765539841.8880007,1912.778335094452,False
2330,4,323,TargetDisplacement,1765539842.012692,1912.903026342392,True
2331,4,323,RightResponse,1765539842.7554183,1913.6457500457764,False
2332,4,324,FeedbackPeriodStarted,1765539842.775879,1913.6662106513977,False
2333,4,324,startFixDisplay,1765539842.7759447,1913.6662759780884,False
2334,4,324,startFixPeriod,1765539842.9914253,1913.881757736206,False
2335,4,324,TargetPresentation,1765539844.3305495,1915.2208824157715,False
2336,4,324,TargetDisplacement,1765539844.3581567,1915.248488664627,True
2337,4,324,LeftResponse,1765539844.9969203,1915.887253522873,False
2338,4,324,FeedbackPeriodStarted,1765539845.0035934,1915.8939254283905,False
2339,4,325,startFixDisplay,1765539847.1059475,1917.9962813854218,False
2340,4,325,startFixPeriod,1765539847.2935286,1918.1838631629944,False
2341,4,325,TargetPresentation,1765539848.271963,1919.1622972488403,False
2342,4,325,TargetDisplacement,1765539848.4244685,1919.314799785614,True
2343,4,325,RightResponse,1765539849.528211,1920.4185450077057,False
2344,4,326,FeedbackPeriodStarted,1765539849.5555031,1920.4458394050598,False
2345,4,326,startFixDisplay,1765539849.555653,1920.445986032486,False
2346,4,326,startFixPeriod,1765539849.7846696,1920.6750040054321,False
2347,4,326,TargetPresentation,1765539851.2070355,1922.0973677635193,False
2348,4,326,TargetDisplacement,1765539851.3942895,1922.2846233844757,True
2349,4,326,RightResponse,1765539852.3800519,1923.2703952789307,False
2350,4,327,FeedbackPeriodStarted,1765539852.4004478,1923.2907819747925,False
2351,4,327,startFixDisplay,1765539852.4005742,1923.2909071445465,False
2352,4,327,startFixPeriod,1765539852.5810354,1923.47136926651,False
2353,4,327,TargetPresentation,1765539853.7674866,1924.6578178405762,False
2354,4,327,TargetDisplacement,1765539854.2046828,1925.0950164794922,True
2355,4,327,RightResponse,1765539855.1071424,1925.997477531433,False
2356,4,328,FeedbackPeriodStarted,1765539855.1275938,1926.0179278850555,False
2357,4,328,startFixDisplay,1765539855.1277297,1926.0180628299713,False
2358,4,328,startFixPeriod,1765539855.8491948,1926.7395265102386,False
2359,4,328,TargetPresentation,1765539857.1122363,1928.0025703907013,False
2360,4,328,TargetRemoval,1765539857.257874,1928.1482079029083,True
2361,4,328,TargetReappeared,1765539857.507609,1928.3979408740997,False
2362,4,328,RightResponse,1765539858.215774,1929.1061074733734,False
2363,4,329,FeedbackPeriodStarted,1765539858.2361753,1929.1265091896057,False
2364,4,329,startFixDisplay,1765539858.2363029,1929.1266357898712,False
2365,4,329,startFixPeriod,1765539858.4584658,1929.348798751831,False
2366,4,329,TargetPresentation,1765539858.9926994,1929.8830335140228,False
2367,4,329,TargetDisplacement,1765539858.9995275,1929.8898589611053,True
2368,4,329,RightResponse,1765539860.2698069,1931.1601405143738,False
2369,4,329,FeedbackPeriodStarted,1765539860.3040001,1931.19433426857,False
2370,5,330,startFixDisplay,1765539987.2677937,2058.1581251621246,False
2371,5,330,startFixPeriod,1765539987.2747414,2058.1650729179382,False
2372,5,330,TargetPresentation,1765539987.8857355,2058.7760696411133,False
2373,5,330,TargetDisplacement,1765539987.8926723,2058.783006668091,True
2374,5,330,LeftResponse,1765539988.3926332,2059.282966852188,False
2375,5,331,FeedbackPeriodStarted,1765539988.412779,2059.303111076355,False
2376,5,331,startFixDisplay,1765539988.4128475,2059.3031787872314,False
2377,5,331,startFixPeriod,1765539989.7037814,2060.594115972519,False
2378,5,331,TargetPresentation,1765539991.001379,2061.8917133808136,False
2379,5,331,TargetDisplacement,1765539991.0083234,2061.898657798767,True
2380,5,331,LeftResponse,1765539991.5846145,2062.4749467372894,False
2381,5,332,FeedbackPeriodStarted,1765539991.6118352,2062.502167224884,False
2382,5,332,startFixDisplay,1765539991.6119084,2062.5022394657135,False
2383,5,332,startFixPeriod,1765539991.757694,2062.6480276584625,False
2384,5,332,TargetPresentation,1765539993.2286422,2064.1189744472504,False
2385,5,332,TargetDisplacement,1765539993.2357,2064.1260323524475,True
2386,5,332,LeftResponse,1765539993.8603845,2064.750717163086,False
2387,5,333,FeedbackPeriodStarted,1765539993.880741,2064.7710728645325,False
2388,5,333,startFixDisplay,1765539993.8808095,2064.771140575409,False
2389,5,333,startFixPeriod,1765539994.1377356,2065.0280678272247,False
2390,5,333,TargetPresentation,1765539994.7206206,2065.610952615738,False
2391,5,333,TargetDisplacement,1765539994.8524523,2065.742786169052,True
2392,5,333,RightResponse,1765539995.4563117,2066.346643447876,False
2393,5,334,FeedbackPeriodStarted,1765539995.4768822,2066.3672165870667,False
2394,5,334,startFixDisplay,1765539995.4770308,2066.3673634529114,False
2395,5,334,startFixPeriod,1765539995.9140453,2066.804379463196,False
2396,5,334,TargetPresentation,1765539996.7261634,2067.616499185562,False
2397,5,334,TargetDisplacement,1765539996.79532,2067.685653924942,True
2398,5,334,LeftResponse,1765539997.3785555,2068.2688896656036,False
2399,5,335,FeedbackPeriodStarted,1765539997.3991482,2068.2894825935364,False
2400,5,335,startFixDisplay,1765539997.399284,2068.289617061615,False
2401,5,335,startFixPeriod,1765539997.5656228,2068.4559569358826,False
2402,5,335,TargetPresentation,1765539998.2456708,2069.1360051631927,False
2403,5,335,TargetDisplacement,1765539998.4120328,2069.302366256714,True
2404,5,335,LeftResponse,1765539998.932866,2069.823199033737,False
2405,5,336,FeedbackPeriodStarted,1765539998.9602299,2069.8505642414093,False
2406,5,336,startFixDisplay,1765539998.960423,2069.850756406784,False
2407,5,336,startFixPeriod,1765539999.1339052,2070.0242381095886,False
2408,5,336,TargetPresentation,1765540000.4176369,2071.30797123909,False
2409,5,336,TargetRemoval,1765540000.535546,2071.4258801937103,True
2410,5,336,TargetReappeared,1765540000.7854357,2071.6757702827454,False
2411,5,336,LeftResponse,1765540001.4587052,2072.3490376472473,False
2412,5,336,FeedbackPeriodStarted,1765540001.4652324,2072.3555665016174,False
2413,5,337,startFixDisplay,1765540003.4775643,2074.367898464203,False
2414,5,337,startFixPeriod,1765540003.4845364,2074.3748705387115,False
2415,5,337,TargetPresentation,1765540004.2895825,2075.179916858673,False
2416,5,337,TargetDisplacement,1765540004.4213233,2075.311658859253,True
2417,5,337,LeftResponse,1765540005.4626327,2076.3529665470123,False
2418,5,338,FeedbackPeriodStarted,1765540005.4831676,2076.373499393463,False
2419,5,338,startFixDisplay,1765540005.4832346,2076.373565673828,False
2420,5,338,startFixPeriod,1765540005.7675996,2076.657933950424,False
2421,5,338,TargetPresentation,1765540006.5448034,2077.4351353645325,False
2422,5,338,TargetDisplacement,1765540006.6625705,2077.552904367447,True
2423,5,338,LeftResponse,1765540007.3012004,2078.191531896591,False
2424,5,339,FeedbackPeriodStarted,1765540007.3218055,2078.212140083313,False
2425,5,339,startFixDisplay,1765540007.3219361,2078.2122688293457,False
2426,5,339,startFixPeriod,1765540007.5371609,2078.427497148514,False
2427,5,339,TargetPresentation,1765540008.1685247,2079.058859348297,False
2428,5,339,TargetDisplacement,1765540008.3349466,2079.2252802848816,True
2429,5,339,LeftResponse,1765540009.0986164,2079.9889500141144,False
2430,5,340,FeedbackPeriodStarted,1765540009.1260118,2080.016346216202,False
2431,5,340,startFixDisplay,1765540009.1263633,2080.016699075699,False
2432,5,340,startFixPeriod,1765540009.3135204,2080.203854560852,False
2433,5,340,TargetPresentation,1765540010.4167805,2081.307114839554,False
2434,5,340,TargetDisplacement,1765540010.548546,2081.438879966736,True
2435,5,340,RightResponse,1765540011.2912254,2082.1815569400787,False
2436,5,341,FeedbackPeriodStarted,1765540011.311831,2082.2021627426147,False
2437,5,341,startFixDisplay,1765540011.311956,2082.202287197113,False
2438,5,341,startFixPeriod,1765540011.4854023,2082.375736951828,False
2439,5,341,TargetPresentation,1765540012.2278473,2083.1181795597076,False
2440,5,341,TargetDisplacement,1765540012.3665342,2083.256867647171,True
2441,5,341,LeftResponse,1765540013.1580865,2084.0484211444855,False
2442,5,342,FeedbackPeriodStarted,1765540013.192241,2084.0825748443604,False
2443,5,342,startFixDisplay,1765540013.1923792,2084.0827119350433,False
2444,5,342,startFixPeriod,1765540013.3797944,2084.270127058029,False
2445,5,342,TargetPresentation,1765540014.5525174,2085.4428493976593,False
2446,5,342,TargetDisplacement,1765540014.5594673,2085.449801683426,True
2447,5,342,LeftResponse,1765540015.2471502,2086.1374847888947,False
2448,5,342,FeedbackPeriodStarted,1765540015.2602937,2086.150628566742,False
2449,5,343,startFixDisplay,1765540017.272401,2088.1627354621887,False
2450,5,343,startFixPeriod,1765540017.2794228,2088.1697566509247,False
2451,5,343,TargetPresentation,1765540018.438378,2089.328712463379,False
2452,5,343,TargetDisplacement,1765540018.5907705,2089.4811017513275,True
2453,5,343,LeftResponse,1765540019.0908365,2089.9811701774597,False
2454,5,344,FeedbackPeriodStarted,1765540019.1182072,2090.008541584015,False
2455,5,344,startFixDisplay,1765540019.118346,2090.008678674698,False
2456,5,344,startFixPeriod,1765540019.312667,2090.2030012607574,False
2457,5,344,TargetPresentation,1765540020.4785585,2091.3688938617706,False
2458,5,344,TargetDisplacement,1765540020.4853988,2091.3757331371307,True
2459,5,344,LeftResponse,1765540021.1939137,2092.084245443344,False
2460,5,345,FeedbackPeriodStarted,1765540021.220865,2092.1111969947815,False
2461,5,345,startFixDisplay,1765540021.2209322,2092.111263513565,False
2462,5,345,startFixPeriod,1765540021.4429944,2092.3333280086517,False
2463,5,345,TargetPresentation,1765540022.6226423,2093.5129766464233,False
2464,5,345,TargetRemoval,1765540022.7473629,2093.6376967430115,True
2465,5,345,TargetReappeared,1765540022.9973283,2093.8876626491547,False
2466,5,345,RightResponse,1765540023.788624,2094.678957939148,False
2467,5,346,FeedbackPeriodStarted,1765540023.816014,2094.7063484191895,False
2468,5,346,startFixDisplay,1765540023.8161654,2094.7064983844757,False
2469,5,346,startFixPeriod,1765540024.114536,2095.0048701763153,False
2470,5,346,TargetPresentation,1765540025.12764,2096.017974615097,False
2471,5,346,TargetDisplacement,1765540025.2662656,2096.1565992832184,True
2472,5,346,RightResponse,1765540026.0507166,2096.9410502910614,False
2473,5,347,FeedbackPeriodStarted,1765540026.0781484,2096.9684829711914,False
2474,5,347,startFixDisplay,1765540026.0782936,2096.968626499176,False
2475,5,347,startFixPeriod,1765540026.2586288,2097.148962020874,False
2476,5,347,TargetPresentation,1765540027.4244695,2098.3148040771484,False
2477,5,347,TargetDisplacement,1765540027.5561507,2098.446484565735,True
2478,5,347,RightResponse,1765540028.4029655,2099.2932982444763,False
2479,5,348,FeedbackPeriodStarted,1765540028.4303904,2099.320723772049,False
2480,5,348,startFixDisplay,1765540028.430528,2099.320860862732,False
2481,5,348,startFixPeriod,1765540028.6179457,2099.508280277252,False
2482,5,348,TargetPresentation,1765540029.7628148,2100.65314912796,False
2483,5,348,TargetDisplacement,1765540029.9015749,2100.791908979416,True
2484,5,348,RightResponse,1765540030.513038,2101.403370141983,False
2485,5,348,FeedbackPeriodStarted,1765540030.5189998,2101.4093317985535,False
2486,5,349,startFixDisplay,1765540032.5314214,2103.4217553138733,False
2487,5,349,startFixPeriod,1765540032.6286309,2103.518964767456,False
2488,5,349,TargetPresentation,1765540033.6070726,2104.4974048137665,False
2489,5,349,TargetDisplacement,1765540033.7318242,2104.6221578121185,True
2490,5,349,RightResponse,1765540034.1971064,2105.0874395370483,False
2491,5,350,FeedbackPeriodStarted,1765540034.224566,2105.1148977279663,False
2492,5,350,startFixDisplay,1765540034.224626,2105.114957332611,False
2493,5,350,startFixPeriod,1765540034.3773155,2105.2676482200623,False
2494,5,350,TargetPresentation,1765540035.4251556,2106.3154883384705,False
2495,5,350,TargetDisplacement,1765540035.432095,2106.3224279880524,True
2496,5,350,LeftResponse,1765540036.1190288,2107.009360074997,False
2497,5,351,FeedbackPeriodStarted,1765540036.1396937,2107.030028104782,False
2498,5,351,startFixDisplay,1765540036.1398697,2107.0302016735077,False
2499,5,351,startFixPeriod,1765540036.2856374,2107.1759717464447,False
2500,5,351,TargetPresentation,1765540037.4027822,2108.2931139469147,False
2501,5,351,TargetRemoval,1765540037.5345917,2108.424925804138,True
2502,5,351,TargetReappeared,1765540037.784319,2108.6746513843536,False
2503,5,351,LeftResponse,1765540038.1594205,2109.0497534275055,False
2504,5,352,FeedbackPeriodStarted,1765540038.1867745,2109.077108860016,False
2505,5,352,startFixDisplay,1765540038.1869047,2109.0772359371185,False
2506,5,352,startFixPeriod,1765540038.374306,2109.2646400928497,False
2507,5,352,TargetPresentation,1765540039.7758336,2110.6661653518677,False
2508,5,352,TargetDisplacement,1765540039.907715,2110.7980506420135,True
2509,5,352,LeftResponse,1765540040.643634,2111.533965587616,False
2510,5,353,FeedbackPeriodStarted,1765540040.663922,2111.554254055023,False
2511,5,353,startFixDisplay,1765540040.6639893,2111.554320335388,False
2512,5,353,startFixPeriod,1765540040.8168113,2111.707145690918,False
2513,5,353,TargetPresentation,1765540041.9686205,2112.8589527606964,False
2514,5,353,TargetDisplacement,1765540042.1281703,2113.01850438118,True
2515,5,353,RightResponse,1765540042.7045288,2113.5948626995087,False
2516,5,354,FeedbackPeriodStarted,1765540042.724735,2113.6150670051575,False
2517,5,354,startFixDisplay,1765540042.724816,2113.615147590637,False
2518,5,354,startFixPeriod,1765540042.933244,2113.823578119278,False
2519,5,354,TargetPresentation,1765540044.0712547,2114.9615893363953,False
2520,5,354,TargetRemoval,1765540044.0781388,2114.9684720039368,True
2521,5,354,TargetReappeared,1765540044.327915,2115.2182488441467,False
2522,5,354,LeftResponse,1765540044.890167,2115.7804987430573,False
2523,5,354,FeedbackPeriodStarted,1765540044.8969219,2115.787253856659,False
2524,5,355,startFixDisplay,1765540046.9091268,2117.799458026886,False
2525,5,355,startFixPeriod,1765540047.1521196,2118.042451620102,False
2526,5,355,TargetPresentation,1765540047.8668964,2118.7572305202484,False
2527,5,355,TargetRemoval,1765540047.998644,2118.888978242874,True
2528,5,355,TargetReappeared,1765540048.2484128,2119.138744831085,False
2529,5,355,RightResponse,1765540048.6582055,2119.548539161682,False
2530,5,356,FeedbackPeriodStarted,1765540048.6855288,2119.57586312294,False
2531,5,356,startFixDisplay,1765540048.6856592,2119.575991868973,False
2532,5,356,startFixPeriod,1765540049.074258,2119.9645924568176,False
2533,5,356,TargetPresentation,1765540050.0804846,2120.9708189964294,False
2534,5,356,TargetDisplacement,1765540050.2260342,2121.1163680553436,True
2535,5,356,LeftResponse,1765540050.768113,2121.658447265625,False
2536,5,357,FeedbackPeriodStarted,1765540050.79493,2121.685261487961,False
2537,5,357,startFixDisplay,1765540050.7949944,2121.6853256225586,False
2538,5,357,startFixPeriod,1765540051.0380151,2121.928347349167,False
2539,5,357,TargetPresentation,1765540051.9956348,2122.885969400406,False
2540,5,357,TargetRemoval,1765540052.2106192,2123.100953102112,True
2541,5,357,TargetReappeared,1765540052.4605815,2123.350916147232,False
2542,5,357,LeftResponse,1765540053.0502744,2123.94060587883,False
2543,5,358,FeedbackPeriodStarted,1765540053.0709965,2123.9613308906555,False
2544,5,358,startFixDisplay,1765540053.0711467,2123.9614799022675,False
2545,5,358,startFixPeriod,1765540053.2516253,2124.141959667206,False
2546,5,358,TargetPresentation,1765540054.6809375,2125.5712695121765,False
2547,5,358,TargetRemoval,1765540054.8127396,2125.703073501587,True
2548,5,358,TargetReappeared,1765540055.0627186,2125.9530532360077,False
2549,5,358,RightResponse,1765540055.5344949,2126.424827337265,False
2550,5,359,FeedbackPeriodStarted,1765540055.5621755,2126.452509880066,False
2551,5,359,startFixDisplay,1765540055.5623102,2126.4526431560516,False
2552,5,359,startFixPeriod,1765540055.7774127,2126.667746782303,False
2553,5,359,TargetPresentation,1765540056.9847653,2127.875099182129,False
2554,5,359,TargetDisplacement,1765540057.0054462,2127.895780324936,True
2555,5,359,LeftResponse,1765540057.81071,2128.7010555267334,False
2556,5,360,FeedbackPeriodStarted,1765540057.8382585,2128.728593826294,False
2557,5,360,startFixDisplay,1765540057.8384092,2128.7287423610687,False
2558,5,360,startFixPeriod,1765540058.0881462,2128.9784791469574,False
2559,5,360,TargetPresentation,1765540059.1845174,2130.0748496055603,False
2560,5,360,TargetRemoval,1765540059.3925934,2130.282927751541,True
2561,5,360,TargetReappeared,1765540059.6424718,2130.532805919647,False
2562,5,360,RightResponse,1765540060.0450451,2130.9353766441345,False
2563,5,360,FeedbackPeriodStarted,1765540060.0516932,2130.9420273303986,False
2564,5,361,startFixDisplay,1765540062.0640278,2132.9543595314026,False
2565,5,361,startFixPeriod,1765540062.3277752,2133.2181096076965,False
2566,5,361,TargetPresentation,1765540063.188332,2134.078665971756,False
2567,5,361,TargetRemoval,1765540063.4033182,2134.2936527729034,True
2568,5,361,TargetReappeared,1765540063.6532729,2134.5436074733734,False
2569,5,361,RightResponse,1765540064.3821676,2135.2724990844727,False
2570,5,362,FeedbackPeriodStarted,1765540064.402452,2135.292783975601,False
2571,5,362,startFixDisplay,1765540064.402519,2135.292850255966,False
2572,5,362,startFixPeriod,1765540064.5968764,2135.487210035324,False
2573,5,362,TargetPresentation,1765540065.165955,2136.056289434433,False
2574,5,362,TargetRemoval,1765540065.2977123,2136.1880464553833,True
2575,5,362,TargetReappeared,1765540065.5476086,2136.43794298172,False
2576,5,362,LeftResponse,1765540066.3110902,2137.201423406601,False
2577,5,363,FeedbackPeriodStarted,1765540066.3385231,2137.2288570404053,False
2578,5,363,startFixDisplay,1765540066.3386633,2137.228996038437,False
2579,5,363,startFixPeriod,1765540066.5120878,2137.402421951294,False
2580,5,363,TargetPresentation,1765540067.4072342,2138.2975668907166,False
2581,5,363,TargetDisplacement,1765540067.462759,2138.353093147278,True
2582,5,363,LeftResponse,1765540068.3303177,2139.220650911331,False
2583,5,364,FeedbackPeriodStarted,1765540068.357778,2139.2481100559235,False
2584,5,364,startFixDisplay,1765540068.3578463,2139.2481775283813,False
2585,5,364,startFixPeriod,1765540068.5730438,2139.463377714157,False
2586,5,364,TargetPresentation,1765540069.3293347,2140.2196674346924,False
2587,5,364,TargetDisplacement,1765540069.4749153,2140.365249156952,True
2588,5,364,LeftResponse,1765540069.9402606,2140.830594062805,False
2589,5,365,FeedbackPeriodStarted,1765540069.9676251,2140.8579590320587,False
2590,5,365,startFixDisplay,1765540069.9678235,2140.858158826828,False
2591,5,365,startFixPeriod,1765540070.2523289,2141.142663002014,False
2592,5,365,TargetPresentation,1765540071.3278582,2142.2181923389435,False
2593,5,365,TargetRemoval,1765540071.563541,2142.45387506485,True
2594,5,365,TargetReappeared,1765540071.8135128,2142.7038469314575,False
2595,5,365,LeftResponse,1765540072.5076027,2143.3979353904724,False
2596,5,366,FeedbackPeriodStarted,1765540072.5353184,2143.4256525039673,False
2597,5,366,startFixDisplay,1765540072.5354526,2143.4257855415344,False
2598,5,366,startFixPeriod,1765540072.7641573,2143.6544890403748,False
2599,5,366,TargetPresentation,1765540073.7980175,2144.688349723816,False
2600,5,366,TargetDisplacement,1765540073.936876,2144.8272109031677,True
2601,5,366,RightResponse,1765540075.1237292,2146.0140628814697,False
2602,5,366,FeedbackPeriodStarted,1765540075.1303997,2146.02073431015,False
2603,5,367,startFixDisplay,1765540077.1425872,2148.032921075821,False
2604,5,367,startFixPeriod,1765540077.3439608,2148.234295129776,False
2605,5,367,TargetPresentation,1765540077.9128952,2148.80322933197,False
2606,5,367,TargetDisplacement,1765540078.0654435,2148.955777168274,True
2607,5,367,LeftResponse,1765540078.8566835,2149.7470149993896,False
2608,5,368,FeedbackPeriodStarted,1765540078.8773413,2149.7676751613617,False
2609,5,368,startFixDisplay,1765540078.8774734,2149.76780629158,False
2610,5,368,startFixPeriod,1765540079.078614,2149.968945980072,False
2611,5,368,TargetPresentation,1765540079.7657218,2150.6560542583466,False
2612,5,368,TargetRemoval,1765540079.973645,2150.8639764785767,True
2613,5,368,TargetReappeared,1765540080.2237196,2151.1140542030334,False
2614,5,368,LeftResponse,1765540080.9802747,2151.87060713768,False
2615,5,369,FeedbackPeriodStarted,1765540081.0077167,2151.8980510234833,False
2616,5,369,startFixDisplay,1765540081.0078452,2151.8981778621674,False
2617,5,369,startFixPeriod,1765540081.278465,2152.168799638748,False
2618,5,369,TargetPresentation,1765540082.6315136,2153.5218482017517,False
2619,5,369,TargetRemoval,1765540082.784114,2153.674457550049,True
2620,5,369,TargetReappeared,1765540083.0339415,2153.9242749214172,False
2621,5,369,RightResponse,1765540083.8183775,2154.7087109088898,False
2622,5,370,FeedbackPeriodStarted,1765540083.845812,2154.7361464500427,False
2623,5,370,startFixDisplay,1765540083.845938,2154.736270904541,False
2624,5,370,startFixPeriod,1765540084.0123217,2154.9026539325714,False
2625,5,370,TargetPresentation,1765540084.5535176,2155.443849802017,False
2626,5,370,TargetDisplacement,1765540084.5604646,2155.4507970809937,True
2627,5,370,LeftResponse,1765540085.4560354,2156.3463678359985,False
2628,5,371,FeedbackPeriodStarted,1765540085.483298,2156.373631954193,False
2629,5,371,startFixDisplay,1765540085.4834337,2156.3737666606903,False
2630,5,371,startFixPeriod,1765540085.6916761,2156.582010746002,False
2631,5,371,TargetPresentation,1765540087.0309803,2157.9213151931763,False
2632,5,371,TargetDisplacement,1765540087.197278,2158.0876116752625,True
2633,5,371,RightResponse,1765540087.9680448,2158.8583784103394,False
2634,5,372,FeedbackPeriodStarted,1765540087.9953847,2158.8857188224792,False
2635,5,372,startFixDisplay,1765540087.9955146,2158.885847568512,False
2636,5,372,startFixPeriod,1765540088.1481674,2159.038499355316,False
2637,5,372,TargetPresentation,1765540089.473518,2160.363852262497,False
2638,5,372,TargetDisplacement,1765540089.6399047,2160.530238866806,True
2639,5,372,RightResponse,1765540089.9942102,2160.88454413414,False
2640,5,372,FeedbackPeriodStarted,1765540090.0077798,2160.898113965988,False
2641,5,373,startFixDisplay,1765540092.0199683,2162.910304069519,False
2642,5,373,startFixPeriod,1765540092.1240327,2163.0143654346466,False
2643,5,373,TargetPresentation,1765540093.2204115,2164.110743522644,False
2644,5,373,TargetRemoval,1765540093.407766,2164.298097372055,True
2645,5,373,TargetReappeared,1765540093.6576881,2164.548022508621,False
2646,5,373,LeftResponse,1765540094.0533664,2164.943698167801,False
2647,5,374,FeedbackPeriodStarted,1765540094.0809302,2164.9712648391724,False
2648,5,374,startFixDisplay,1765540094.0810828,2164.97141623497,False
2649,5,374,startFixPeriod,1765540094.351561,2165.2418949604034,False
2650,5,374,TargetPresentation,1765540095.5450506,2166.435383081436,False
2651,5,374,TargetDisplacement,1765540095.552038,2166.4423699378967,True
2652,5,374,RightResponse,1765540096.1562796,2167.0466120243073,False
2653,5,375,FeedbackPeriodStarted,1765540096.183345,2167.073679447174,False
2654,5,375,startFixDisplay,1765540096.1834757,2167.073808670044,False
2655,5,375,startFixPeriod,1765540096.3499045,2167.240236759186,False
2656,5,375,TargetPresentation,1765540097.321534,2168.211868286133,False
2657,5,375,TargetDisplacement,1765540097.4462922,2168.336625814438,True
2658,5,375,LeftResponse,1765540098.2514706,2169.141802549362,False
2659,5,376,FeedbackPeriodStarted,1765540098.279035,2169.1693692207336,False
2660,5,376,startFixDisplay,1765540098.2791934,2169.1695263385773,False
2661,5,376,startFixPeriod,1765540098.4594488,2169.349783182144,False
2662,5,376,TargetPresentation,1765540099.7363038,2170.626636505127,False
2663,5,376,TargetDisplacement,1765540099.7432377,2170.633569955826,True
2664,5,376,RightResponse,1765540100.8467038,2171.737035512924,False
2665,5,377,FeedbackPeriodStarted,1765540100.8676324,2171.757968902588,False
2666,5,377,startFixDisplay,1765540100.8678205,2171.7581539154053,False
2667,5,377,startFixPeriod,1765540101.096257,2171.9865894317627,False
2668,5,377,TargetPresentation,1765540102.4287128,2173.319047689438,False
2669,5,377,TargetDisplacement,1765540102.615875,2173.506208896637,True
2670,5,377,RightResponse,1765540103.2547355,2174.1450691223145,False
2671,5,378,FeedbackPeriodStarted,1765540103.28218,2174.1725149154663,False
2672,5,378,startFixDisplay,1765540103.28238,2174.172711133957,False
2673,5,378,startFixPeriod,1765540103.4487467,2174.3390810489655,False
2674,5,378,TargetPresentation,1765540104.10796,2174.998294353485,False
2675,5,378,TargetRemoval,1765540104.1148925,2175.005227088928,True
2676,5,378,TargetReappeared,1765540104.3647084,2175.255043029785,False
2677,5,378,LeftResponse,1765540105.2607007,2176.1510334014893,False
2678,5,378,FeedbackPeriodStarted,1765540105.2737205,2176.1640548706055,False
2679,5,379,startFixDisplay,1765540107.2858222,2178.176156282425,False
2680,5,379,startFixPeriod,1765540107.292807,2178.1831409931183,False
2681,5,379,TargetPresentation,1765540108.6114237,2179.5017580986023,False
2682,5,379,TargetDisplacement,1765540108.8540714,2179.744406223297,True
2683,5,379,LeftResponse,1765540109.6592257,2180.549558401108,False
2684,5,380,FeedbackPeriodStarted,1765540109.68681,2180.577144384384,False
2685,5,380,startFixDisplay,1765540109.6869383,2180.5772712230682,False
2686,5,380,startFixPeriod,1765540109.8672464,2180.7575781345367,False
2687,5,380,TargetPresentation,1765540111.0122552,2181.9025893211365,False
2688,5,380,TargetRemoval,1765540111.1440058,2182.0343401432037,True
2689,5,380,TargetReappeared,1765540111.3938785,2182.2842111587524,False
2690,5,380,RightResponse,1765540111.990769,2182.881101131439,False
2691,5,381,FeedbackPeriodStarted,1765540112.0182812,2182.9086129665375,False
2692,5,381,startFixDisplay,1765540112.0183434,2182.908674478531,False
2693,5,381,startFixPeriod,1765540112.1642442,2183.0545783042908,False
2694,5,381,TargetPresentation,1765540113.378504,2184.2688381671906,False
2695,5,381,TargetDisplacement,1765540113.3853822,2184.2757139205933,True
2696,5,381,LeftResponse,1765540114.4403317,2185.330663204193,False
2697,5,382,FeedbackPeriodStarted,1765540114.4678328,2185.358166694641,False
2698,5,382,startFixDisplay,1765540114.4679718,2185.3583047389984,False
2699,5,382,startFixPeriod,1765540115.841813,2186.732147216797,False
2700,5,382,TargetPresentation,1765540116.459389,2187.3497231006622,False
2701,5,382,TargetRemoval,1765540116.5841916,2187.474522829056,True
2702,5,382,TargetReappeared,1765540116.8341413,2187.724473953247,False
2703,5,382,RightResponse,1765540117.3687778,2188.2591116428375,False
2704,5,383,FeedbackPeriodStarted,1765540117.3960214,2188.286353111267,False
2705,5,383,startFixDisplay,1765540117.3960962,2188.2864274978638,False
2706,5,383,startFixPeriod,1765540117.7709308,2188.6612632274628,False
2707,5,383,TargetPresentation,1765540119.1170447,2190.0073792934418,False
2708,5,383,TargetDisplacement,1765540119.248755,2190.139088869095,True
2709,5,383,LeftResponse,1765540119.9706562,2190.860988855362,False
2710,5,384,FeedbackPeriodStarted,1765540119.9982388,2190.8885729312897,False
2711,5,384,startFixDisplay,1765540119.9983737,2190.8887066841125,False
2712,5,384,startFixPeriod,1765540120.1855578,2191.0758900642395,False
2713,5,384,TargetPresentation,1765540120.70625,2191.5965824127197,False
2714,5,384,TargetRemoval,1765540120.713163,2191.603497505188,True
2715,5,384,TargetReappeared,1765540120.9628372,2191.8531715869904,False
2716,5,384,RightResponse,1765540121.7124808,2192.602812767029,False
2717,5,384,FeedbackPeriodStarted,1765540121.7190337,2192.609367609024,False
2718,5,385,startFixDisplay,1765540123.731376,2194.621710062027,False
2719,5,385,startFixPeriod,1765540123.9952087,2194.8855431079865,False
2720,5,385,TargetPresentation,1765540125.0985367,2195.988868713379,False
2721,5,385,TargetDisplacement,1765540125.1054773,2195.9958097934723,True
2722,5,385,RightResponse,1765540125.9594219,2196.8497545719147,False
2723,5,386,FeedbackPeriodStarted,1765540125.9865994,2196.876933813095,False
2724,5,386,startFixDisplay,1765540125.9867432,2196.877076148987,False
2725,5,386,startFixPeriod,1765540126.486336,2197.3766705989838,False
2726,5,386,TargetPresentation,1765540127.631283,2198.5216152668,False
2727,5,386,TargetDisplacement,1765540127.7561252,2198.646459341049,True
2728,5,386,RightResponse,1765540128.3324118,2199.2227449417114,False
2729,5,387,FeedbackPeriodStarted,1765540128.3596547,2199.2499873638153,False
2730,5,387,startFixDisplay,1765540128.3597417,2199.2500734329224,False
2731,5,387,startFixPeriod,1765540128.547321,2199.4376554489136,False
2732,5,387,TargetPresentation,1765540129.095411,2199.985743999481,False
2733,5,387,TargetRemoval,1765540129.2409172,2200.1312487125397,True
2734,5,387,TargetReappeared,1765540129.4910362,2200.381369113922,False
2735,5,387,LeftResponse,1765540130.2546487,2201.1449818611145,False
2736,5,388,FeedbackPeriodStarted,1765540130.2818882,2201.1722226142883,False
2737,5,388,startFixDisplay,1765540130.2820168,2201.172349691391,False
2738,5,388,startFixPeriod,1765540130.552718,2201.4430520534515,False
2739,5,388,TargetPresentation,1765540131.8571236,2202.7474558353424,False
2740,5,388,TargetDisplacement,1765540131.9888585,2202.879192352295,True
2741,5,388,RightResponse,1765540132.7248487,2203.615182161331,False
2742,5,389,FeedbackPeriodStarted,1765540132.7521944,2203.6425273418427,False
2743,5,389,startFixDisplay,1765540132.7523026,2203.642634868622,False
2744,5,389,startFixPeriod,1765540133.1201534,2204.010488986969,False
2745,5,389,TargetPresentation,1765540134.2719398,2205.1622717380524,False
2746,5,389,TargetDisplacement,1765540134.4592218,2205.3495552539825,True
2747,5,389,RightResponse,1765540135.3339298,2206.2242634296417,False
2748,5,390,FeedbackPeriodStarted,1765540135.3612773,2206.251611471176,False
2749,5,390,startFixDisplay,1765540135.3614023,2206.2517335414886,False
2750,5,390,startFixPeriod,1765540135.5279276,2206.4182620048523,False
2751,5,390,TargetPresentation,1765540136.908863,2207.7991976737976,False
2752,5,390,TargetDisplacement,1765540137.0335906,2207.9239242076874,True
2753,5,390,RightResponse,1765540137.700162,2208.590495824814,False
2754,5,390,FeedbackPeriodStarted,1765540137.706887,2208.597221851349,False
2755,5,391,startFixDisplay,1765540139.7189262,2210.609257698059,False
2756,5,391,startFixPeriod,1765540139.9203851,2210.810717344284,False
2757,5,391,TargetPresentation,1765540140.5449004,2211.43523478508,False
2758,5,391,TargetRemoval,1765540140.9264526,2211.8167865276337,True
2759,5,391,TargetReappeared,1765540141.17629,2212.0666229724884,False
2760,5,391,RightResponse,1765540141.960711,2212.8510439395905,False
2761,5,392,FeedbackPeriodStarted,1765540141.9880116,2212.878343105316,False
2762,5,392,startFixDisplay,1765540141.9880848,2212.8784160614014,False
2763,5,392,startFixPeriod,1765540142.3907223,2213.2810566425323,False
2764,5,392,TargetPresentation,1765540143.3344798,2214.2248146533966,False
2765,5,392,TargetRemoval,1765540143.341399,2214.231733083725,True
2766,5,392,TargetReappeared,1765540143.5910094,2214.4813413619995,False
2767,5,392,RightResponse,1765540144.3269901,2215.21732378006,False
2768,5,393,FeedbackPeriodStarted,1765540144.3542972,2215.2446315288544,False
2769,5,393,startFixDisplay,1765540144.3544323,2215.2447652816772,False
2770,5,393,startFixPeriod,1765540144.5210001,2215.4113330841064,False
2771,5,393,TargetPresentation,1765540145.4714715,2216.3618037700653,False
2772,5,393,TargetDisplacement,1765540145.6101153,2216.5004467964172,True
2773,5,393,LeftResponse,1765540146.3669167,2217.257248878479,False
2774,5,394,FeedbackPeriodStarted,1765540146.3943582,2217.2846925258636,False
2775,5,394,startFixDisplay,1765540146.3945546,2217.284888267517,False
2776,5,394,startFixPeriod,1765540146.8246813,2217.7150132656097,False
2777,5,394,TargetPresentation,1765540147.4561749,2218.3465070724487,False
2778,5,394,TargetDisplacement,1765540147.6434567,2218.533788204193,True
2779,5,394,RightResponse,1765540148.37235,2219.2626826763153,False
2780,5,395,FeedbackPeriodStarted,1765540148.3997686,2219.290102481842,False
2781,5,395,startFixDisplay,1765540148.3999064,2219.2902393341064,False
2782,5,395,startFixPeriod,1765540148.5525563,2219.4428906440735,False
2783,5,395,TargetPresentation,1765540150.0375764,2220.9279108047485,False
2784,5,395,TargetDisplacement,1765540150.1691973,2221.059530735016,True
2785,5,395,RightResponse,1765540150.7039266,2221.5942599773407,False
2786,5,395,FeedbackPeriodStarted,1765540150.7591047,2221.649439096451,False
2787,6,396,startFixDisplay,1765540212.1489394,2283.039270877838,False
2788,6,396,startFixPeriod,1765540212.1557705,2283.0461041927338,False
2789,6,396,TargetPresentation,1765540213.439626,2284.329960346222,False
2790,6,396,TargetRemoval,1765540213.5782366,2284.46856880188,True
2791,6,396,TargetReappeared,1765540213.8283107,2284.718645334244,False
2792,6,396,LeftResponse,1765540214.258767,2285.1491000652313,False
2793,6,397,FeedbackPeriodStarted,1765540214.2861826,2285.1765167713165,False
2794,6,397,startFixDisplay,1765540214.2863166,2285.176649570465,False
2795,6,397,startFixPeriod,1765540214.9732623,2285.863595724106,False
2796,6,397,TargetPresentation,1765540216.0625646,2286.95289683342,False
2797,6,397,TargetDisplacement,1765540216.201277,2287.0916106700897,True
2798,6,397,RightResponse,1765540216.93734,2287.827673435211,False
2799,6,398,FeedbackPeriodStarted,1765540216.9645517,2287.8548834323883,False
2800,6,398,startFixDisplay,1765540216.9646127,2287.854943752289,False
2801,6,398,startFixPeriod,1765540217.2423148,2288.1326489448547,False
2802,6,398,TargetPresentation,1765540217.950104,2288.840438604355,False
2803,6,398,TargetRemoval,1765540218.1095018,2288.9998354911804,True
2804,6,398,TargetReappeared,1765540218.359518,2289.2498512268066,False
2805,6,398,RightResponse,1765540218.83152,2289.721851825714,False
2806,6,399,FeedbackPeriodStarted,1765540218.858898,2289.7492322921753,False
2807,6,399,startFixDisplay,1765540218.8590343,2289.749367237091,False
2808,6,399,startFixPeriod,1765540219.0394313,2289.9297654628754,False
2809,6,399,TargetPresentation,1765540219.7473125,2290.6376469135284,False
2810,6,399,TargetDisplacement,1765540219.9415045,2290.8318383693695,True
2811,6,399,LeftResponse,1765540220.7606664,2291.650998353958,False
2812,6,400,FeedbackPeriodStarted,1765540220.7880886,2291.6784238815308,False
2813,6,400,startFixDisplay,1765540220.7882204,2291.678551673889,False
2814,6,400,startFixPeriod,1765540221.0865343,2291.9768669605255,False
2815,6,400,TargetPresentation,1765540222.2662182,2293.156554222107,False
2816,6,400,TargetRemoval,1765540222.390945,2293.2812790870667,True
2817,6,400,TargetReappeared,1765540222.6407976,2293.531132221222,False
2818,6,400,LeftResponse,1765540223.098824,2293.9891562461853,False
2819,6,401,FeedbackPeriodStarted,1765540223.1265297,2294.0168640613556,False
2820,6,401,startFixDisplay,1765540223.1266754,2294.017008304596,False
2821,6,401,startFixPeriod,1765540223.3902433,2294.2805774211884,False
2822,6,401,TargetPresentation,1765540224.1117728,2295.0021045207977,False
2823,6,401,TargetRemoval,1765540224.2922692,2295.182603120804,True
2824,6,401,TargetReappeared,1765540224.542217,2295.432551383972,False
2825,6,401,LeftResponse,1765540225.0003552,2295.890687942505,False
2826,6,402,FeedbackPeriodStarted,1765540225.027752,2295.9180839061737,False
2827,6,402,startFixDisplay,1765540225.0278144,2295.918145418167,False
2828,6,402,startFixPeriod,1765540225.2222373,2296.112571954727,False
2829,6,402,TargetPresentation,1765540225.8744054,2296.764739513397,False
2830,6,402,TargetDisplacement,1765540225.9991393,2296.8894708156586,True
2831,6,402,RightResponse,1765540226.9154434,2297.805776119232,False
2832,6,402,FeedbackPeriodStarted,1765540226.9292002,2297.819534301758,False
2833,6,403,startFixDisplay,1765540228.9413347,2299.8316690921783,False
2834,6,403,startFixPeriod,1765540228.948221,2299.8385524749756,False
2835,6,403,TargetPresentation,1765540229.9546256,2300.8449602127075,False
2836,6,403,TargetRemoval,1765540230.1003046,2300.990639925003,True
2837,6,403,TargetReappeared,1765540230.3502152,2301.2405495643616,False
2838,6,403,LeftResponse,1765540231.3358305,2302.2261633872986,False
2839,6,404,FeedbackPeriodStarted,1765540231.3629494,2302.2532811164856,False
2840,6,404,startFixDisplay,1765540231.3630133,2302.2533445358276,False
2841,6,404,startFixPeriod,1765540231.5714126,2302.461746931076,False
2842,6,404,TargetPresentation,1765540232.3693728,2303.259706735611,False
2843,6,404,TargetDisplacement,1765540232.507974,2303.3983075618744,True
2844,6,404,LeftResponse,1765540233.4106457,2304.3009781837463,False
2845,6,405,FeedbackPeriodStarted,1765540233.4378028,2304.3281366825104,False
2846,6,405,startFixDisplay,1765540233.4379694,2304.3283038139343,False
2847,6,405,startFixPeriod,1765540233.6947017,2304.585034132004,False
2848,6,405,TargetPresentation,1765540234.791202,2305.6815361976624,False
2849,6,405,TargetRemoval,1765540234.9367995,2305.8271334171295,True
2850,6,405,TargetReappeared,1765540235.1866922,2306.0770268440247,False
2851,6,405,RightResponse,1765540235.6377602,2306.52809214592,False
2852,6,406,FeedbackPeriodStarted,1765540235.6653125,2306.555646419525,False
2853,6,406,startFixDisplay,1765540235.6654506,2306.5557832717896,False
2854,6,406,startFixPeriod,1765540236.24135,2307.131684064865,False
2855,6,406,TargetPresentation,1765540236.9977775,2307.888110399246,False
2856,6,406,TargetDisplacement,1765540237.136425,2308.0267567634583,True
2857,6,406,LeftResponse,1765540237.9207687,2308.8111004829407,False
2858,6,407,FeedbackPeriodStarted,1765540237.9482906,2308.8386249542236,False
2859,6,407,startFixDisplay,1765540237.9484372,2308.8387701511383,False
2860,6,407,startFixPeriod,1765540238.1011362,2308.9914729595184,False
2861,6,407,TargetPresentation,1765540239.3987024,2310.2890350818634,False
2862,6,407,TargetRemoval,1765540239.537272,2310.4276034832,True
2863,6,407,TargetReappeared,1765540239.7873192,2310.6776535511017,False
2864,6,407,LeftResponse,1765540240.2247224,2311.11505484581,False
2865,6,408,FeedbackPeriodStarted,1765540240.2521014,2311.1424379348755,False
2866,6,408,startFixDisplay,1765540240.2522655,2311.142598628998,False
2867,6,408,startFixPeriod,1765540240.4604626,2311.350797176361,False
2868,6,408,TargetPresentation,1765540241.6400304,2312.5303649902344,False
2869,6,408,TargetRemoval,1765540241.757765,2312.6480967998505,True
2870,6,408,TargetReappeared,1765540242.0077374,2312.8980717658997,False
2871,6,408,LeftResponse,1765540242.4519536,2313.3422861099243,False
2872,6,408,FeedbackPeriodStarted,1765540242.458781,2313.3491156101227,False
2873,6,409,startFixDisplay,1765540244.4709084,2315.3612418174744,False
2874,6,409,startFixPeriod,1765540244.6862638,2315.5766127109528,False
2875,6,409,TargetPresentation,1765540245.6853921,2316.5757262706757,False
2876,6,409,TargetRemoval,1765540245.8379507,2316.7282843589783,True
2877,6,409,TargetReappeared,1765540246.08802,2316.9783527851105,False
2878,6,409,LeftResponse,1765540246.490695,2317.3810274600983,False
2879,6,410,FeedbackPeriodStarted,1765540246.517946,2317.408280611038,False
2880,6,410,startFixDisplay,1765540246.5181086,2317.4084417819977,False
2881,6,410,startFixPeriod,1765540246.7124472,2317.6027805805206,False
2882,6,410,TargetPresentation,1765540247.5451753,2318.435509443283,False
2883,6,410,TargetRemoval,1765540247.5521107,2318.4424452781677,True
2884,6,410,TargetReappeared,1765540247.8019085,2318.6922430992126,False
2885,6,410,LeftResponse,1765540248.474979,2319.365311384201,False
2886,6,411,FeedbackPeriodStarted,1765540248.5025392,2319.3928735256195,False
2887,6,411,startFixDisplay,1765540248.5027366,2319.39306974411,False
2888,6,411,startFixPeriod,1765540248.7733824,2319.6637167930603,False
2889,6,411,TargetPresentation,1765540250.1958385,2321.086172580719,False
2890,6,411,TargetDisplacement,1765540250.6259117,2321.5162456035614,True
2891,6,411,LeftResponse,1765540250.9108217,2321.8011553287506,False
2892,6,412,FeedbackPeriodStarted,1765540250.9382575,2321.828589439392,False
2893,6,412,startFixDisplay,1765540250.9383173,2321.8286485671997,False
2894,6,412,startFixPeriod,1765540251.63924,2322.529574394226,False
2895,6,412,TargetPresentation,1765540252.4094093,2323.299743413925,False
2896,6,412,TargetDisplacement,1765540252.568752,2323.459083557129,True
2897,6,412,LeftResponse,1765540253.2768,2324.167131662369,False
2898,6,413,FeedbackPeriodStarted,1765540253.3043175,2324.194649219513,False
2899,6,413,startFixDisplay,1765540253.3043773,2324.1947083473206,False
2900,6,413,startFixPeriod,1765540253.817985,2324.708319425583,False
2901,6,413,TargetPresentation,1765540255.26136,2326.1516942977905,False
2902,6,413,TargetDisplacement,1765540255.386013,2326.276346683502,True
2903,6,413,LeftResponse,1765540256.0040336,2326.894366502762,False
2904,6,414,FeedbackPeriodStarted,1765540256.0314012,2326.921732902527,False
2905,6,414,startFixDisplay,1765540256.0314624,2326.921793460846,False
2906,6,414,startFixPeriod,1765540256.1980982,2327.088433265686,False
2907,6,414,TargetPresentation,1765540256.933692,2327.8240258693695,False
2908,6,414,TargetRemoval,1765540257.0793283,2327.969662427902,True
2909,6,414,TargetReappeared,1765540257.3292,2328.219534635544,False
2910,6,414,LeftResponse,1765540257.8776348,2328.7679674625397,False
2911,6,414,FeedbackPeriodStarted,1765540257.8841016,2328.774433374405,False
2912,6,415,startFixDisplay,1765540259.896409,2330.786740541458,False
2913,6,415,startFixPeriod,1765540260.104681,2330.995014190674,False
2914,6,415,TargetPresentation,1765540260.6113172,2331.5016515254974,False
2915,6,415,TargetRemoval,1765540260.7360432,2331.626377105713,True
2916,6,415,TargetReappeared,1765540260.9860132,2331.8763473033905,False
2917,6,415,LeftResponse,1765540261.4441645,2332.3344972133636,False
2918,6,416,FeedbackPeriodStarted,1765540261.4716434,2332.361977815628,False
2919,6,416,startFixDisplay,1765540261.471779,2332.362112045288,False
2920,6,416,startFixPeriod,1765540262.4084983,2333.2988317012787,False
2921,6,416,TargetPresentation,1765540262.9429085,2333.8332426548004,False
2922,6,416,TargetDisplacement,1765540263.0815392,2333.9718732833862,True
2923,6,416,RightResponse,1765540263.7134302,2334.6037640571594,False
2924,6,417,FeedbackPeriodStarted,1765540263.740685,2334.6310193538666,False
2925,6,417,startFixDisplay,1765540263.7408156,2334.631148338318,False
2926,6,417,startFixPeriod,1765540263.9421115,2334.8324460983276,False
2927,6,417,TargetPresentation,1765540265.2257767,2336.116108894348,False
2928,6,417,TargetDisplacement,1765540265.3575683,2336.247902870178,True
2929,6,417,RightResponse,1765540266.0172265,2336.9075603485107,False
2930,6,418,FeedbackPeriodStarted,1765540266.04453,2336.934864282608,False
2931,6,418,startFixDisplay,1765540266.0446746,2336.935007572174,False
2932,6,418,startFixPeriod,1765540266.2528465,2337.1431810855865,False
2933,6,418,TargetPresentation,1765540266.9953501,2337.885684490204,False
2934,6,418,TargetRemoval,1765540267.175495,2338.0658264160156,True
2935,6,418,TargetReappeared,1765540267.4255428,2338.3158769607544,False
2936,6,418,LeftResponse,1765540267.855816,2338.7461473941803,False
2937,6,419,FeedbackPeriodStarted,1765540267.883383,2338.773717403412,False
2938,6,419,startFixDisplay,1765540267.8835819,2338.773915529251,False
2939,6,419,startFixPeriod,1765540268.105566,2338.9959003925323,False
2940,6,419,TargetPresentation,1765540269.5072856,2340.3976199626923,False
2941,6,419,TargetDisplacement,1765540269.6665597,2340.5568912029266,True
2942,6,419,RightResponse,1765540270.5550275,2341.4453599452972,False
2943,6,420,FeedbackPeriodStarted,1765540270.5826163,2341.4729504585266,False
2944,6,420,startFixDisplay,1765540270.582763,2341.47309589386,False
2945,6,420,startFixPeriod,1765540270.7423718,2341.6327061653137,False
2946,6,420,TargetPresentation,1765540272.227328,2343.117662191391,False
2947,6,420,TargetDisplacement,1765540272.3798492,2343.2701830863953,True
2948,6,420,LeftResponse,1765540273.0669694,2343.9573016166687,False
2949,6,420,FeedbackPeriodStarted,1765540273.073792,2343.9641239643097,False
2950,6,421,startFixDisplay,1765540275.0860054,2345.9763400554657,False
2951,6,421,startFixPeriod,1765540275.308118,2346.1984498500824,False
2952,6,421,TargetPresentation,1765540276.5016563,2347.391988992691,False
2953,6,421,TargetDisplacement,1765540276.640398,2347.530729532242,True
2954,6,421,LeftResponse,1765540277.3764124,2348.2667462825775,False
2955,6,422,FeedbackPeriodStarted,1765540277.403659,2348.2939927577972,False
2956,6,422,startFixDisplay,1765540277.403799,2348.294132232666,False
2957,6,422,startFixPeriod,1765540277.563452,2348.4537863731384,False
2958,6,422,TargetPresentation,1765540278.7776499,2349.6679821014404,False
2959,6,422,TargetRemoval,1765540278.9302914,2349.8206255435944,True
2960,6,422,TargetReappeared,1765540279.180267,2350.070601463318,False
2961,6,422,LeftResponse,1765540279.5829313,2350.4732627868652,False
2962,6,423,FeedbackPeriodStarted,1765540279.610327,2350.5006613731384,False
2963,6,423,startFixDisplay,1765540279.6104634,2350.500796318054,False
2964,6,423,startFixPeriod,1765540279.7839713,2350.674305677414,False
2965,6,423,TargetPresentation,1765540280.748496,2351.638830423355,False
2966,6,423,TargetRemoval,1765540280.9079082,2351.798241376877,True
2967,6,423,TargetReappeared,1765540281.1579018,2352.0482358932495,False
2968,6,423,LeftResponse,1765540281.7271001,2352.6174323558807,False
2969,6,424,FeedbackPeriodStarted,1765540281.754663,2352.6449987888336,False
2970,6,424,startFixDisplay,1765540281.7547755,2352.64510679245,False
2971,6,424,startFixPeriod,1765540281.9836283,2352.8739626407623,False
2972,6,424,TargetPresentation,1765540283.4061596,2354.296492576599,False
2973,6,424,TargetDisplacement,1765540283.5309095,2354.421243429184,True
2974,6,424,LeftResponse,1765540284.2322917,2355.1226251125336,False
2975,6,425,FeedbackPeriodStarted,1765540284.259445,2355.149778842926,False
2976,6,425,startFixDisplay,1765540284.2595809,2355.1499140262604,False
2977,6,425,startFixPeriod,1765540284.5511053,2355.441439151764,False
2978,6,425,TargetPresentation,1765540285.5918937,2356.4822261333466,False
2979,6,425,TargetDisplacement,1765540285.7304955,2356.6208271980286,True
2980,6,425,RightResponse,1765540286.4317987,2357.322131872177,False
2981,6,426,FeedbackPeriodStarted,1765540286.4592512,2357.349585533142,False
2982,6,426,startFixDisplay,1765540286.4593804,2357.349713087082,False
2983,6,426,startFixPeriod,1765540286.944912,2357.835245847702,False
2984,6,426,TargetPresentation,1765540288.3606439,2359.2509779930115,False
2985,6,426,TargetRemoval,1765540288.4854383,2359.3757722377777,True
2986,6,426,TargetReappeared,1765540288.7353816,2359.625715494156,False
2987,6,426,LeftResponse,1765540289.3391573,2360.229489803314,False
2988,6,426,FeedbackPeriodStarted,1765540289.3458757,2360.2362101078033,False
2989,6,427,startFixDisplay,1765540291.3581011,2362.248432636261,False
2990,6,427,startFixPeriod,1765540291.6150875,2362.50542140007,False
2991,6,427,TargetPresentation,1765540292.149391,2363.03972530365,False
2992,6,427,TargetDisplacement,1765540292.3226798,2363.213011264801,True
2993,6,427,RightResponse,1765540293.245975,2364.1363072395325,False
2994,6,428,FeedbackPeriodStarted,1765540293.2731946,2364.163526535034,False
2995,6,428,startFixDisplay,1765540293.2732565,2364.1635875701904,False
2996,6,428,startFixPeriod,1765540293.4192648,2364.309599161148,False
2997,6,428,TargetPresentation,1765540294.8625357,2365.7528698444366,False
2998,6,428,TargetDisplacement,1765540295.0011344,2365.8914680480957,True
2999,6,428,RightResponse,1765540295.6537783,2366.5441102981567,False
3000,6,429,FeedbackPeriodStarted,1765540295.6813326,2366.571667432785,False
3001,6,429,startFixDisplay,1765540295.681486,2366.571818590164,False
3002,6,429,startFixPeriod,1765540295.868674,2366.759007692337,False
3003,6,429,TargetPresentation,1765540296.7915392,2367.6818737983704,False
3004,6,429,TargetDisplacement,1765540296.9232397,2367.8135735988617,True
3005,6,429,RightResponse,1765540297.4095616,2368.2998955249786,False
3006,6,430,FeedbackPeriodStarted,1765540297.4367464,2368.327078104019,False
3007,6,430,startFixDisplay,1765540297.4368148,2368.3271458148956,False
3008,6,430,startFixPeriod,1765540297.7978005,2368.6881325244904,False
3009,6,430,TargetPresentation,1765540299.1162484,2370.006582736969,False
3010,6,430,TargetDisplacement,1765540299.2339134,2370.12424492836,True
3011,6,430,RightResponse,1765540299.7962892,2370.6866211891174,False
3012,6,431,FeedbackPeriodStarted,1765540299.8238497,2370.7141819000244,False
3013,6,431,startFixDisplay,1765540299.8239193,2370.714250564575,False
3014,6,431,startFixPeriod,1765540300.2681246,2371.158462047577,False
3015,6,431,TargetPresentation,1765540301.2672415,2372.1575734615326,False
3016,6,431,TargetRemoval,1765540301.4684606,2372.3587946891785,True
3017,6,431,TargetReappeared,1765540301.7182822,2372.6086163520813,False
3018,6,431,LeftResponse,1765540302.176509,2373.066841840744,False
3019,6,432,FeedbackPeriodStarted,1765540302.203985,2373.094316959381,False
3020,6,432,startFixDisplay,1765540302.2041306,2373.094462633133,False
3021,6,432,startFixPeriod,1765540302.5509775,2373.441310405731,False
3022,6,432,TargetPresentation,1765540303.46008,2374.350417613983,False
3023,6,432,TargetRemoval,1765540303.5847335,2374.4750649929047,True
3024,6,432,TargetReappeared,1765540303.834761,2374.725095510483,False
3025,6,432,RightResponse,1765540304.4037468,2375.294078350067,False
3026,6,432,FeedbackPeriodStarted,1765540304.4106257,2375.3009576797485,False
3027,6,433,startFixDisplay,1765540306.422857,2377.3131909370422,False
3028,6,433,startFixPeriod,1765540306.6380343,2377.5283663272858,False
3029,6,433,TargetPresentation,1765540307.4360414,2378.3263733386993,False
3030,6,433,TargetDisplacement,1765540307.6025534,2378.492885351181,True
3031,6,433,LeftResponse,1765540308.3730195,2379.2633514404297,False
3032,6,434,FeedbackPeriodStarted,1765540308.4005804,2379.290914773941,False
3033,6,434,startFixDisplay,1765540308.4007277,2379.2910606861115,False
3034,6,434,startFixPeriod,1765540308.657329,2379.5476639270782,False
3035,6,434,TargetPresentation,1765540309.5108106,2380.4011430740356,False
3036,6,434,TargetDisplacement,1765540309.5177498,2380.408082008362,True
3037,6,434,RightResponse,1765540310.4617906,2381.3521242141724,False
3038,6,435,FeedbackPeriodStarted,1765540310.4891088,2381.3794419765472,False
3039,6,435,startFixDisplay,1765540310.4893932,2381.3797278404236,False
3040,6,435,startFixPeriod,1765540310.697405,2381.5877528190613,False
3041,6,435,TargetPresentation,1765540312.002077,2382.8924124240875,False
3042,6,435,TargetDisplacement,1765540312.1336977,2383.0240318775177,True
3043,6,435,RightResponse,1765540312.696131,2383.586463689804,False
3044,6,436,FeedbackPeriodStarted,1765540312.7235098,2383.613843679428,False
3045,6,436,startFixDisplay,1765540312.7236483,2383.6139812469482,False
3046,6,436,startFixPeriod,1765540313.3065403,2384.196874856949,False
3047,6,436,TargetPresentation,1765540314.0905485,2384.980880498886,False
3048,6,436,TargetRemoval,1765540314.1945808,2385.084914445877,True
3049,6,436,TargetReappeared,1765540314.4445164,2385.3348507881165,False
3050,6,436,RightResponse,1765540314.8748236,2385.765156030655,False
3051,6,437,FeedbackPeriodStarted,1765540314.9023218,2385.7926540374756,False
3052,6,437,startFixDisplay,1765540314.9023898,2385.7927207946777,False
3053,6,437,startFixPeriod,1765540315.6589062,2386.549239397049,False
3054,6,437,TargetPresentation,1765540316.3040955,2387.194427728653,False
3055,6,437,TargetDisplacement,1765540316.4219315,2387.3122630119324,True
3056,6,437,RightResponse,1765540317.1231742,2388.0135068893433,False
3057,6,438,FeedbackPeriodStarted,1765540317.150534,2388.0408656597137,False
3058,6,438,startFixDisplay,1765540317.1505992,2388.0409305095673,False
3059,6,438,startFixPeriod,1765540319.0728593,2389.9631938934326,False
3060,6,438,TargetPresentation,1765540319.940278,2390.830611228943,False
3061,6,438,TargetDisplacement,1765540319.9472005,2390.8375329971313,True
3062,6,438,LeftResponse,1765540320.7732747,2391.6636085510254,False
3063,6,438,FeedbackPeriodStarted,1765540320.7799306,2391.6702649593353,False
3064,6,439,startFixDisplay,1765540322.791909,2393.682240486145,False
3065,6,439,startFixPeriod,1765540322.7988944,2393.6892256736755,False
3066,6,439,TargetPresentation,1765540323.4305847,2394.320919275284,False
3067,6,439,TargetRemoval,1765540323.4512596,2394.341593503952,True
3068,6,439,TargetReappeared,1765540323.701212,2394.591545820236,False
3069,6,439,RightResponse,1765540324.3189514,2395.2092843055725,False
3070,6,440,FeedbackPeriodStarted,1765540324.3463678,2395.236701488495,False
3071,6,440,startFixDisplay,1765540324.3465054,2395.236836910248,False
3072,6,440,startFixPeriod,1765540324.5269635,2395.4172971248627,False
3073,6,440,TargetPresentation,1765540325.6164267,2396.506761074066,False
3074,6,440,TargetDisplacement,1765540325.6233947,2396.5137288570404,True
3075,6,440,LeftResponse,1765540326.3035445,2397.193878173828,False
3076,6,441,FeedbackPeriodStarted,1765540326.3309667,2397.221300840378,False
3077,6,441,startFixDisplay,1765540326.3311372,2397.221470117569,False
3078,6,441,startFixPeriod,1765540326.5254693,2397.415803670883,False
3079,6,441,TargetPresentation,1765540327.0666356,2397.9569697380066,False
3080,6,441,TargetRemoval,1765540327.2122831,2398.1026170253754,True
3081,6,441,TargetReappeared,1765540327.4621797,2398.3525137901306,False
3082,6,441,RightResponse,1765540327.9551616,2398.845493555069,False
3083,6,442,FeedbackPeriodStarted,1765540327.982352,2398.8726847171783,False
3084,6,442,startFixDisplay,1765540327.9824483,2398.8727803230286,False
3085,6,442,startFixPeriod,1765540328.1422908,2399.032624721527,False
3086,6,442,TargetPresentation,1765540329.196875,2400.0872077941895,False
3087,6,442,TargetDisplacement,1765540329.3493187,2400.2396500110626,True
3088,6,442,LeftResponse,1765540329.8839655,2400.7742969989777,False
3089,6,443,FeedbackPeriodStarted,1765540329.9115489,2400.801880836487,False
3090,6,443,startFixDisplay,1765540329.9116096,2400.80194067955,False
3091,6,443,startFixPeriod,1765540330.0712152,2400.9615478515625,False
3092,6,443,TargetPresentation,1765540331.1815343,2402.0718688964844,False
3093,6,443,TargetRemoval,1765540331.3271024,2402.2174339294434,True
3094,6,443,TargetReappeared,1765540331.5769079,2402.4672396183014,False
3095,6,443,RightResponse,1765540332.2990887,2403.189421892166,False
3096,6,444,FeedbackPeriodStarted,1765540332.326191,2403.216522693634,False
3097,6,444,startFixDisplay,1765540332.3262522,2403.2165834903717,False
3098,6,444,startFixPeriod,1765540332.5277524,2403.4180858135223,False
3099,6,444,TargetPresentation,1765540333.9709659,2404.8612978458405,False
3100,6,444,TargetRemoval,1765540334.1305137,2405.020847797394,True
3101,6,444,TargetReappeared,1765540334.3804784,2405.2708129882812,False
3102,6,444,LeftResponse,1765540334.9498527,2405.840187072754,False
3103,6,444,FeedbackPeriodStarted,1765540334.9564183,2405.846752643585,False
3104,6,445,startFixDisplay,1765540336.9683878,2407.8587198257446,False
3105,6,445,startFixPeriod,1765540337.2671576,2408.1574919223785,False
3106,6,445,TargetPresentation,1765540338.5367887,2409.427120923996,False
3107,6,445,TargetRemoval,1765540338.682542,2409.5728759765625,True
3108,6,445,TargetReappeared,1765540338.9323552,2409.8226890563965,False
3109,6,445,LeftResponse,1765540339.4114895,2410.3018233776093,False
3110,6,446,FeedbackPeriodStarted,1765540339.4387004,2410.329032421112,False
3111,6,446,startFixDisplay,1765540339.4387624,2410.329093694687,False
3112,6,446,startFixPeriod,1765540339.640301,2410.5306355953217,False
3113,6,446,TargetPresentation,1765540341.0975246,2411.9878590106964,False
3114,6,446,TargetDisplacement,1765540341.2569025,2412.14723610878,True
3115,6,446,RightResponse,1765540341.8193417,2412.7096769809723,False
3116,6,447,FeedbackPeriodStarted,1765540341.8466544,2412.736988544464,False
3117,6,447,startFixDisplay,1765540341.8467984,2412.737131357193,False
3118,6,447,startFixPeriod,1765540342.0550995,2412.9454340934753,False
3119,6,447,TargetPresentation,1765540343.0056815,2413.8960161209106,False
3120,6,447,TargetDisplacement,1765540343.012618,2413.9029500484467,True
3121,6,447,LeftResponse,1765540343.9358754,2414.826208114624,False
3122,6,448,FeedbackPeriodStarted,1765540343.9634168,2414.853749036789,False
3123,6,448,startFixDisplay,1765540343.9635494,2414.8538806438446,False
3124,6,448,startFixPeriod,1765540344.2825067,2415.1728410720825,False
3125,6,448,TargetPresentation,1765540345.3233194,2416.2136540412903,False
3126,6,448,TargetDisplacement,1765540345.4896145,2416.3799483776093,True
3127,6,448,LeftResponse,1765540346.3992286,2417.2895617485046,False
3128,6,449,FeedbackPeriodStarted,1765540346.42645,2417.3167839050293,False
3129,6,449,startFixDisplay,1765540346.4265964,2417.316929101944,False
3130,6,449,startFixPeriod,1765540346.829082,2417.7194151878357,False
3131,6,449,TargetPresentation,1765540347.370389,2418.2607233524323,False
3132,6,449,TargetRemoval,1765540347.557646,2418.4479801654816,True
3133,6,449,TargetReappeared,1765540347.807593,2418.6979281902313,False
3134,6,449,RightResponse,1765540348.5987997,2419.489131450653,False
3135,6,450,FeedbackPeriodStarted,1765540348.6262238,2419.5165579319,False
3136,6,450,startFixDisplay,1765540348.6263914,2419.516724586487,False
3137,6,450,startFixPeriod,1765540348.7788975,2419.669231414795,False
3138,6,450,TargetPresentation,1765540349.6810179,2420.571352481842,False
3139,6,450,TargetDisplacement,1765540349.8750515,2420.765383005142,True
3140,6,450,LeftResponse,1765540350.5765355,2421.4668691158295,False
3141,6,450,FeedbackPeriodStarted,1765540350.5831227,2421.4734551906586,False
3142,6,451,startFixDisplay,1765540352.6023386,2423.4926731586456,False
3143,6,451,startFixPeriod,1765540352.831501,2423.721836566925,False
3144,6,451,TargetPresentation,1765540353.3726828,2424.263016462326,False
3145,6,451,TargetDisplacement,1765540353.524957,2424.415288209915,True
3146,6,451,LeftResponse,1765540354.2193246,2425.109657049179,False
3147,6,452,FeedbackPeriodStarted,1765540354.2467408,2425.137074947357,False
3148,6,452,startFixDisplay,1765540354.2468798,2425.1372125148773,False
3149,6,452,startFixPeriod,1765540354.6355245,2425.525859117508,False
3150,6,452,TargetPresentation,1765540355.2947948,2426.1851291656494,False
3151,6,452,TargetDisplacement,1765540355.4472063,2426.33753991127,True
3152,6,452,RightResponse,1765540356.3289552,2427.2192866802216,False
3153,6,453,FeedbackPeriodStarted,1765540356.3563619,2427.246696472168,False
3154,6,453,startFixDisplay,1765540356.356507,2427.2468400001526,False
3155,6,453,startFixPeriod,1765540356.5437846,2427.4341185092926,False
3156,6,453,TargetPresentation,1765540357.7858365,2428.6761708259583,False
3157,6,453,TargetRemoval,1765540357.9591644,2428.8494958877563,True
3158,6,453,TargetReappeared,1765540358.2092357,2429.099570274353,False
3159,6,453,LeftResponse,1765540358.6257925,2429.516126394272,False
3160,6,454,FeedbackPeriodStarted,1765540358.6530461,2429.5433790683746,False
3161,6,454,startFixDisplay,1765540358.653162,2429.5434939861298,False
3162,6,454,startFixPeriod,1765540358.9168627,2429.807196855545,False
3163,6,454,TargetPresentation,1765540359.6594346,2430.549768447876,False
3164,6,454,TargetRemoval,1765540359.791245,2430.6815803050995,True
3165,6,454,TargetReappeared,1765540360.040928,2430.9312601089478,False
3166,6,454,LeftResponse,1765540360.5478268,2431.4381601810455,False
3167,6,455,FeedbackPeriodStarted,1765540360.5752456,2431.465579509735,False
3168,6,455,startFixDisplay,1765540360.5753808,2431.465713739395,False
3169,6,455,startFixPeriod,1765540360.8598669,2431.750200510025,False
3170,6,455,TargetPresentation,1765540362.1783326,2433.068666934967,False
3171,6,455,TargetDisplacement,1765540362.1851966,2433.075528383255,True
3172,6,455,RightResponse,1765540363.0945842,2433.9849183559418,False
3173,6,456,FeedbackPeriodStarted,1765540363.1218255,2434.0121574401855,False
3174,6,456,startFixDisplay,1765540363.1219463,2434.012277841568,False
3175,6,456,startFixPeriod,1765540363.8436546,2434.7339890003204,False
3176,6,456,TargetPresentation,1765540364.3431478,2435.2334818840027,False
3177,6,456,TargetDisplacement,1765540364.4887497,2435.379083633423,True
3178,6,456,RightResponse,1765540365.2593234,2436.149655342102,False
3179,6,456,FeedbackPeriodStarted,1765540365.2659466,2436.1562793254852,False
3180,6,457,startFixDisplay,1765540367.2783642,2438.168699502945,False
3181,6,457,startFixPeriod,1765540367.4866652,2438.376999616623,False
3182,6,457,TargetPresentation,1765540368.7426414,2439.6329758167267,False
3183,6,457,TargetRemoval,1765540368.9020526,2439.7924015522003,True
3184,6,457,TargetReappeared,1765540369.1520264,2440.0423612594604,False
3185,6,457,LeftResponse,1765540369.527114,2440.4174473285675,False
3186,6,458,FeedbackPeriodStarted,1765540369.5543568,2440.4446909427643,False
3187,6,458,startFixDisplay,1765540369.554489,2440.4448215961456,False
3188,6,458,startFixPeriod,1765540369.845956,2440.73628950119,False
3189,6,458,TargetPresentation,1765540370.4566205,2441.346955060959,False
3190,6,458,TargetDisplacement,1765540370.463509,2441.3538434505463,True
3191,6,458,RightResponse,1765540371.4072216,2442.297553062439,False
3192,6,459,FeedbackPeriodStarted,1765540371.4349117,2442.3252460956573,False
3193,6,459,startFixDisplay,1765540371.4350197,2442.325350999832,False
3194,6,459,startFixPeriod,1765540371.5807216,2442.47105383873,False
3195,6,459,TargetPresentation,1765540373.0378745,2443.928209066391,False
3196,6,459,TargetDisplacement,1765540373.1694295,2444.0597610473633,True
3197,6,459,RightResponse,1765540373.8016212,2444.691954135895,False
3198,6,460,FeedbackPeriodStarted,1765540373.8287458,2444.7190799713135,False
3199,6,460,startFixDisplay,1765540373.8288682,2444.719200849533,False
3200,6,460,startFixPeriod,1765540374.8421254,2445.732459783554,False
3201,6,460,TargetPresentation,1765540375.737149,2446.6274812221527,False
3202,6,460,TargetDisplacement,1765540375.9036155,2446.7939496040344,True
3203,6,460,RightResponse,1765540376.3897777,2447.280111551285,False
3204,6,461,FeedbackPeriodStarted,1765540376.4172592,2447.3075909614563,False
3205,6,461,startFixDisplay,1765540376.41738,2447.3077113628387,False
3206,6,461,startFixPeriod,1765540376.604537,2447.494871854782,False
3207,6,461,TargetPresentation,1765540377.1180434,2448.008377790451,False
3208,6,461,TargetDisplacement,1765540377.325956,2448.2162873744965,True
3209,6,461,RightResponse,1765540378.2147384,2449.105072259903,False
3210,6,461,FeedbackPeriodStarted,1765540378.262861,2449.1531929969788,False
3211,7,462,startFixDisplay,1765540433.7476006,2504.6379346847534,False
3212,7,462,startFixPeriod,1765540434.080787,2504.9711203575134,False
3213,7,462,TargetPresentation,1765540434.9343102,2505.8246438503265,False
3214,7,462,TargetDisplacement,1765540435.0174546,2505.9077887535095,True
3215,7,462,RightResponse,1765540435.5455415,2506.4358747005463,False
3216,7,463,FeedbackPeriodStarted,1765540435.5724583,2506.4627928733826,False
3217,7,463,startFixDisplay,1765540435.5725973,2506.462930202484,False
3218,7,463,startFixPeriod,1765540436.2249746,2507.1153078079224,False
3219,7,463,TargetPresentation,1765540437.3283134,2508.218647480011,False
3220,7,463,TargetRemoval,1765540437.3352523,2508.225586414337,True
3221,7,463,TargetReappeared,1765540437.5850277,2508.475362300873,False
3222,7,463,RightResponse,1765540438.334599,2509.2249314785004,False
3223,7,464,FeedbackPeriodStarted,1765540438.3619902,2509.2523238658905,False
3224,7,464,startFixDisplay,1765540438.3621583,2509.2524914741516,False
3225,7,464,startFixPeriod,1765540442.3938587,2513.284193754196,False
3226,7,464,TargetPresentation,1765540443.06691,2513.957244873047,False
3227,7,464,TargetRemoval,1765540443.2262697,2514.116601228714,True
3228,7,464,TargetReappeared,1765540443.476319,2514.3666536808014,False
3229,7,464,LeftResponse,1765540443.9207044,2514.8110361099243,False
3230,7,465,FeedbackPeriodStarted,1765540443.9479787,2514.838313102722,False
3231,7,465,startFixDisplay,1765540443.9481452,2514.838478088379,False
3232,7,465,startFixPeriod,1765540444.1285577,2515.0188920497894,False
3233,7,465,TargetPresentation,1765540445.1833246,2516.0736587047577,False
3234,7,465,TargetDisplacement,1765540445.335788,2516.2261214256287,True
3235,7,465,LeftResponse,1765540446.0162122,2516.906546354294,False
3236,7,466,FeedbackPeriodStarted,1765540446.043531,2516.93386554718,False
3237,7,466,startFixDisplay,1765540446.0436606,2516.933993577957,False
3238,7,466,startFixPeriod,1765540446.3073826,2517.197715997696,False
3239,7,466,TargetPresentation,1765540447.202489,2518.0928213596344,False
3240,7,466,TargetDisplacement,1765540447.3272657,2518.21759724617,True
3241,7,466,LeftResponse,1765540448.111586,2519.0019178390503,False
3242,7,467,FeedbackPeriodStarted,1765540448.1391659,2519.029497861862,False
3243,7,467,startFixDisplay,1765540448.1392322,2519.02956366539,False
3244,7,467,startFixPeriod,1765540448.6526527,2519.5429849624634,False
3245,7,467,TargetPresentation,1765540449.6867466,2520.577080965042,False
3246,7,467,TargetDisplacement,1765540449.6937459,2520.584080696106,True
3247,7,467,RightResponse,1765540450.6515577,2521.541890859604,False
3248,7,468,FeedbackPeriodStarted,1765540450.6859376,2521.5762717723846,False
3249,7,468,startFixDisplay,1765540450.6861074,2521.5764405727386,False
3250,7,468,startFixPeriod,1765540450.8454814,2521.735813856125,False
3251,7,468,TargetPresentation,1765540451.98345,2522.873781681061,False
3252,7,468,TargetDisplacement,1765540452.108268,2522.998601913452,True
3253,7,468,LeftResponse,1765540452.983108,2523.873442173004,False
3254,7,468,FeedbackPeriodStarted,1765540452.9894636,2523.8797953128815,False
3255,7,469,startFixDisplay,1765540455.001696,2525.892028093338,False
3256,7,469,startFixPeriod,1765540455.0991676,2525.9895026683807,False
3257,7,469,TargetPresentation,1765540456.500899,2527.3912332057953,False
3258,7,469,TargetRemoval,1765540456.5078363,2527.39817070961,True
3259,7,469,TargetReappeared,1765540456.757573,2527.64790725708,False
3260,7,469,LeftResponse,1765540457.5555596,2528.4458911418915,False
3261,7,470,FeedbackPeriodStarted,1765540457.583227,2528.4735610485077,False
3262,7,470,startFixDisplay,1765540457.5833557,2528.4736874103546,False
3263,7,470,startFixPeriod,1765540458.1177,2529.0080347061157,False
3264,7,470,TargetPresentation,1765540459.5123873,2530.4027202129364,False
3265,7,470,TargetRemoval,1765540459.5193534,2530.4096851348877,True
3266,7,470,TargetReappeared,1765540459.769147,2530.659479379654,False
3267,7,470,LeftResponse,1765540460.303666,2531.194000005722,False
3268,7,471,FeedbackPeriodStarted,1765540460.3310452,2531.2213792800903,False
3269,7,471,startFixDisplay,1765540460.331211,2531.2215440273285,False
3270,7,471,startFixPeriod,1765540460.6364443,2531.526777267456,False
3271,7,471,TargetPresentation,1765540461.5871558,2532.4774878025055,False
3272,7,471,TargetRemoval,1765540461.5941622,2532.4844954013824,True
3273,7,471,TargetReappeared,1765540461.843996,2532.7343304157257,False
3274,7,471,LeftResponse,1765540462.4686124,2533.358945608139,False
3275,7,472,FeedbackPeriodStarted,1765540462.4960444,2533.3863785266876,False
3276,7,472,startFixDisplay,1765540462.4962895,2533.3866233825684,False
3277,7,472,startFixPeriod,1765540462.7807212,2533.671055793762,False
3278,7,472,TargetPresentation,1765540463.7383335,2534.6286680698395,False
3279,7,472,TargetDisplacement,1765540463.7452867,2534.635619163513,True
3280,7,472,RightResponse,1765540464.6960382,2535.5863716602325,False
3281,7,473,FeedbackPeriodStarted,1765540464.7234323,2535.6137640476227,False
3282,7,473,startFixDisplay,1765540464.723496,2535.6138269901276,False
3283,7,473,startFixPeriod,1765540465.1192417,2536.0095760822296,False
3284,7,473,TargetPresentation,1765540465.792253,2536.682585000992,False
3285,7,473,TargetDisplacement,1765540465.81298,2536.7033140659332,True
3286,7,473,RightResponse,1765540466.528146,2537.4184794425964,False
3287,7,474,FeedbackPeriodStarted,1765540466.555486,2537.445820569992,False
3288,7,474,startFixDisplay,1765540466.5556376,2537.4459705352783,False
3289,7,474,startFixPeriod,1765540466.7775617,2537.667895793915,False
3290,7,474,TargetPresentation,1765540468.2207599,2539.111091852188,False
3291,7,474,TargetRemoval,1765540468.33875,2539.229083776474,True
3292,7,474,TargetReappeared,1765540468.588641,2539.4789731502533,False
3293,7,474,RightResponse,1765540469.2132614,2540.1035928726196,False
3294,7,474,FeedbackPeriodStarted,1765540469.2200248,2540.1103568077087,False
3295,7,475,startFixDisplay,1765540471.2392473,2542.129581451416,False
3296,7,475,startFixPeriod,1765540471.4336696,2542.324004173279,False
3297,7,475,TargetPresentation,1765540472.4954603,2543.3857958316803,False
3298,7,475,TargetDisplacement,1765540472.6409566,2543.53129029274,True
3299,7,475,LeftResponse,1765540473.3768387,2544.2671728134155,False
3300,7,476,FeedbackPeriodStarted,1765540473.4040904,2544.294422149658,False
3301,7,476,startFixDisplay,1765540473.4041533,2544.294484615326,False
3302,7,476,startFixPeriod,1765540473.5848489,2544.47518324852,False
3303,7,476,TargetPresentation,1765540474.764464,2545.6547980308533,False
3304,7,476,TargetRemoval,1765540474.7713175,2545.661649942398,True
3305,7,476,TargetReappeared,1765540475.021155,2545.9114892482758,False
3306,7,476,LeftResponse,1765540475.6596134,2546.549945831299,False
3307,7,477,FeedbackPeriodStarted,1765540475.6871092,2546.577441215515,False
3308,7,477,startFixDisplay,1765540475.6871731,2546.57750415802,False
3309,7,477,startFixPeriod,1765540475.9024224,2546.792756795883,False
3310,7,477,TargetPresentation,1765540476.8323336,2547.7226679325104,False
3311,7,477,TargetDisplacement,1765540476.8598835,2547.7502176761627,True
3312,7,477,LeftResponse,1765540477.3597689,2548.250101327896,False
3313,7,478,FeedbackPeriodStarted,1765540477.3871315,2548.2774629592896,False
3314,7,478,startFixDisplay,1765540477.3871903,2548.2775213718414,False
3315,7,478,startFixPeriod,1765540477.6233895,2548.5137219429016,False
3316,7,478,TargetPresentation,1765540478.3866847,2549.2770190238953,False
3317,7,478,TargetRemoval,1765540478.5602703,2549.450608730316,True
3318,7,478,TargetReappeared,1765540478.8099608,2549.7002935409546,False
3319,7,478,RightResponse,1765540479.3166316,2550.2069640159607,False
3320,7,479,FeedbackPeriodStarted,1765540479.3440325,2550.2343668937683,False
3321,7,479,startFixDisplay,1765540479.3441935,2550.2345266342163,False
3322,7,479,startFixPeriod,1765540479.4829934,2550.3733274936676,False
3323,7,479,TargetPresentation,1765540480.274004,2551.164338827133,False
3324,7,479,TargetRemoval,1765540480.2878854,2551.178219795227,True
3325,7,479,TargetReappeared,1765540480.5376377,2551.4279701709747,False
3326,7,479,RightResponse,1765540481.100009,2551.9903428554535,False
3327,7,480,FeedbackPeriodStarted,1765540481.1274104,2552.017744541168,False
3328,7,480,startFixDisplay,1765540481.1275456,2552.0178785324097,False
3329,7,480,startFixPeriod,1765540481.3356092,2552.225941181183,False
3330,7,480,TargetPresentation,1765540482.6680996,2553.558434486389,False
3331,7,480,TargetDisplacement,1765540482.6750114,2553.5653455257416,True
3332,7,480,LeftResponse,1765540483.2927928,2554.183126926422,False
3333,7,480,FeedbackPeriodStarted,1765540483.299274,2554.189606666565,False
3334,7,481,startFixDisplay,1765540485.3186767,2556.2090108394623,False
3335,7,481,startFixPeriod,1765540485.624074,2556.5144062042236,False
3336,7,481,TargetPresentation,1765540487.1090956,2557.9994282722473,False
3337,7,481,TargetDisplacement,1765540487.1159992,2558.0063338279724,True
3338,7,481,RightResponse,1765540488.02538,2558.9157140254974,False
3339,7,482,FeedbackPeriodStarted,1765540488.0524352,2558.9427671432495,False
3340,7,482,startFixDisplay,1765540488.0524948,2558.9428260326385,False
3341,7,482,startFixPeriod,1765540488.6911764,2559.5815086364746,False
3342,7,482,TargetPresentation,1765540489.5238814,2560.414216041565,False
3343,7,482,TargetDisplacement,1765540489.5307996,2560.421133995056,True
3344,7,482,LeftResponse,1765540490.1208858,2561.0112187862396,False
3345,7,483,FeedbackPeriodStarted,1765540490.1481566,2561.03848862648,False
3346,7,483,startFixDisplay,1765540490.1482193,2561.0385506153107,False
3347,7,483,startFixPeriod,1765540490.3218064,2561.21214056015,False
3348,7,483,TargetPresentation,1765540491.3973546,2562.2876880168915,False
3349,7,483,TargetRemoval,1765540491.4113073,2562.301641702652,True
3350,7,483,TargetReappeared,1765540491.6611156,2562.5514504909515,False
3351,7,483,LeftResponse,1765540492.1057363,2562.9960691928864,False
3352,7,484,FeedbackPeriodStarted,1765540492.1330156,2563.023347377777,False
3353,7,484,startFixDisplay,1765540492.1330917,2563.0234229564667,False
3354,7,484,startFixPeriod,1765540492.452115,2563.342449903488,False
3355,7,484,TargetPresentation,1765540493.6317935,2564.5221276283264,False
3356,7,484,TargetDisplacement,1765540493.6386356,2564.5289676189423,True
3357,7,484,LeftResponse,1765540494.1524174,2565.0427491664886,False
3358,7,485,FeedbackPeriodStarted,1765540494.1797686,2565.0701026916504,False
3359,7,485,startFixDisplay,1765540494.1799085,2565.0702414512634,False
3360,7,485,startFixPeriod,1765540494.450539,2565.3408715724945,False
3361,7,485,TargetPresentation,1765540495.595462,2566.485794067383,False
3362,7,485,TargetRemoval,1765540495.602471,2566.4928052425385,True
3363,7,485,TargetReappeared,1765540495.8522654,2566.742598772049,False
3364,7,485,RightResponse,1765540496.331477,2567.2218105793,False
3365,7,486,FeedbackPeriodStarted,1765540496.3655858,2567.255918979645,False
3366,7,486,startFixDisplay,1765540496.3656795,2567.256011247635,False
3367,7,486,startFixPeriod,1765540496.511411,2567.4017448425293,False
3368,7,486,TargetPresentation,1765540497.885431,2568.7757651805878,False
3369,7,486,TargetDisplacement,1765540497.8923738,2568.78270816803,True
3370,7,486,RightResponse,1765540498.4754791,2569.365812063217,False
3371,7,486,FeedbackPeriodStarted,1765540498.4891405,2569.3794751167297,False
3372,7,487,startFixDisplay,1765540500.5081613,2571.398495197296,False
3373,7,487,startFixPeriod,1765540500.7442825,2571.6346163749695,False
3374,7,487,TargetPresentation,1765540501.7503629,2572.6406965255737,False
3375,7,487,TargetRemoval,1765540501.757256,2572.6475880146027,True
3376,7,487,TargetReappeared,1765540502.007244,2572.8975784778595,False
3377,7,487,LeftResponse,1765540502.2156143,2573.1059470176697,False
3378,7,488,FeedbackPeriodStarted,1765540502.2499726,2573.1403064727783,False
3379,7,488,startFixDisplay,1765540502.2501416,2573.140474796295,False
3380,7,488,startFixPeriod,1765540505.5530827,2576.443417787552,False
3381,7,488,TargetPresentation,1765540506.0943131,2576.9846453666687,False
3382,7,488,TargetRemoval,1765540506.101283,2576.991617679596,True
3383,7,488,TargetReappeared,1765540506.3510945,2577.2414293289185,False
3384,7,488,LeftResponse,1765540506.9478703,2577.838203191757,False
3385,7,489,FeedbackPeriodStarted,1765540506.9823399,2577.8726737499237,False
3386,7,489,startFixDisplay,1765540506.9824889,2577.8728199005127,False
3387,7,489,startFixPeriod,1765540507.3016157,2578.191947698593,False
3388,7,489,TargetPresentation,1765540508.3981066,2579.288438796997,False
3389,7,489,TargetDisplacement,1765540508.4050179,2579.2953522205353,True
3390,7,489,LeftResponse,1765540508.9185183,2579.8088505268097,False
3391,7,490,FeedbackPeriodStarted,1765540508.9459639,2579.8362953662872,False
3392,7,490,startFixDisplay,1765540508.946026,2579.836357116699,False
3393,7,490,startFixPeriod,1765540509.1266074,2580.0169410705566,False
3394,7,490,TargetPresentation,1765540510.3479612,2581.238295316696,False
3395,7,490,TargetRemoval,1765540510.5212708,2581.411604642868,True
3396,7,490,TargetReappeared,1765540510.7712224,2581.661556482315,False
3397,7,490,LeftResponse,1765540511.3821607,2582.2724945545197,False
3398,7,491,FeedbackPeriodStarted,1765540511.4163606,2582.306694507599,False
3399,7,491,startFixDisplay,1765540511.4164977,2582.3068306446075,False
3400,7,491,startFixPeriod,1765540511.631687,2582.522020816803,False
3401,7,491,TargetPresentation,1765540512.2631123,2583.153446674347,False
3402,7,491,TargetDisplacement,1765540512.2699807,2583.160312652588,True
3403,7,491,RightResponse,1765540513.255592,2584.145924806595,False
3404,7,492,FeedbackPeriodStarted,1765540513.289914,2584.180247783661,False
3405,7,492,startFixDisplay,1765540513.2900505,2584.180383205414,False
3406,7,492,startFixPeriod,1765540513.4913354,2584.3816697597504,False
3407,7,492,TargetPresentation,1765540514.851407,2585.7417392730713,False
3408,7,492,TargetDisplacement,1765540514.858318,2585.7486526966095,True
3409,7,492,LeftResponse,1765540515.628678,2586.5190114974976,False
3410,7,492,FeedbackPeriodStarted,1765540515.6352232,2586.525554895401,False
3411,7,493,startFixDisplay,1765540517.654587,2588.544919490814,False
3412,7,493,startFixPeriod,1765540517.6615493,2588.551881790161,False
3413,7,493,TargetPresentation,1765540518.3347502,2589.2250831127167,False
3414,7,493,TargetDisplacement,1765540518.4872222,2589.3775560855865,True
3415,7,493,LeftResponse,1765540519.431404,2590.321737766266,False
3416,7,494,FeedbackPeriodStarted,1765540519.458851,2590.3491876125336,False
3417,7,494,startFixDisplay,1765540519.4589908,2590.349323987961,False
3418,7,494,startFixPeriod,1765540519.6323795,2590.522714138031,False
3419,7,494,TargetPresentation,1765540520.354129,2591.2444639205933,False
3420,7,494,TargetDisplacement,1765540520.3610163,2591.251350879669,True
3421,7,494,RightResponse,1765540521.145384,2592.035716533661,False
3422,7,495,FeedbackPeriodStarted,1765540521.172592,2592.062923669815,False
3423,7,495,startFixDisplay,1765540521.1726549,2592.062986135483,False
3424,7,495,startFixPeriod,1765540521.3741171,2592.2644522190094,False
3425,7,495,TargetPresentation,1765540521.894544,2592.784878015518,False
3426,7,495,TargetDisplacement,1765540521.908311,2592.7986447811127,True
3427,7,495,LeftResponse,1765540522.5539286,2593.4442625045776,False
3428,7,496,FeedbackPeriodStarted,1765540522.5814157,2593.471750020981,False
3429,7,496,startFixDisplay,1765540522.5815625,2593.471895456314,False
3430,7,496,startFixPeriod,1765540522.7826135,2593.672946214676,False
3431,7,496,TargetPresentation,1765540523.8861005,2594.7764353752136,False
3432,7,496,TargetRemoval,1765540523.89299,2594.7833230495453,True
3433,7,496,TargetReappeared,1765540524.1427746,2595.033107995987,False
3434,7,496,RightResponse,1765540525.4196908,2596.3100237846375,False
3435,7,497,FeedbackPeriodStarted,1765540525.4471226,2596.337457180023,False
3436,7,497,startFixDisplay,1765540525.4472663,2596.3375990390778,False
3437,7,497,startFixPeriod,1765540526.2661924,2597.1565265655518,False
3438,7,497,TargetPresentation,1765540527.2654123,2598.155744791031,False
3439,7,497,TargetDisplacement,1765540527.4455266,2598.335858106613,True
3440,7,497,RightResponse,1765540528.0010478,2598.89138007164,False
3441,7,498,FeedbackPeriodStarted,1765540528.0285013,2598.918835878372,False
3442,7,498,startFixDisplay,1765540528.0286555,2598.9189887046814,False
3443,7,498,startFixPeriod,1765540528.278491,2599.1688256263733,False
3444,7,498,TargetPresentation,1765540528.8335893,2599.7239220142365,False
3445,7,498,TargetDisplacement,1765540528.9652765,2599.855610370636,True
3446,7,498,RightResponse,1765540529.492771,2600.383102416992,False
3447,7,498,FeedbackPeriodStarted,1765540529.499634,2600.389968395233,False
3448,7,499,startFixDisplay,1765540531.5187519,2602.40908575058,False
3449,7,499,startFixPeriod,1765540531.5256622,2602.415995836258,False
3450,7,499,TargetPresentation,1765540532.4072533,2603.297587633133,False
3451,7,499,TargetRemoval,1765540532.414187,2603.3045196533203,True
3452,7,499,TargetReappeared,1765540532.6639564,2603.5542907714844,False
3453,7,499,RightResponse,1765540533.2262642,2604.1165959835052,False
3454,7,500,FeedbackPeriodStarted,1765540533.2534864,2604.14381814003,False
3455,7,500,startFixDisplay,1765540533.2535508,2604.143882036209,False
3456,7,500,startFixPeriod,1765540533.406361,2604.2966933250427,False
3457,7,500,TargetPresentation,1765540534.7942698,2605.684602499008,False
3458,7,500,TargetDisplacement,1765540534.801217,2605.6915514469147,True
3459,7,500,RightResponse,1765540535.5021005,2606.392432451248,False
3460,7,501,FeedbackPeriodStarted,1765540535.529501,2606.419832468033,False
3461,7,501,startFixDisplay,1765540535.5295646,2606.419895887375,False
3462,7,501,startFixPeriod,1765540535.710104,2606.6004383563995,False
3463,7,501,TargetPresentation,1765540537.1673858,2608.0577204227448,False
3464,7,501,TargetDisplacement,1765540537.1743426,2608.064677000046,True
3465,7,501,LeftResponse,1765540537.7783935,2608.6687269210815,False
3466,7,502,FeedbackPeriodStarted,1765540537.8056345,2608.6959686279297,False
3467,7,502,startFixDisplay,1765540537.8057766,2608.6961097717285,False
3468,7,502,startFixPeriod,1765540537.979307,2608.869641304016,False
3469,7,502,TargetPresentation,1765540538.6384835,2609.5288162231445,False
3470,7,502,TargetRemoval,1765540538.7633114,2609.6536452770233,True
3471,7,502,TargetReappeared,1765540539.0132225,2609.903557062149,False
3472,7,502,RightResponse,1765540539.5684288,2610.4587602615356,False
3473,7,503,FeedbackPeriodStarted,1765540539.5958624,2610.486196041107,False
3474,7,503,startFixDisplay,1765540539.5960023,2610.4863352775574,False
3475,7,503,startFixPeriod,1765540540.0609887,2610.951323032379,False
3476,7,503,TargetPresentation,1765540541.3447266,2612.2350606918335,False
3477,7,503,TargetDisplacement,1765540541.5110955,2612.4014296531677,True
3478,7,503,RightResponse,1765540542.0250292,2612.9153628349304,False
3479,7,504,FeedbackPeriodStarted,1765540542.0522702,2612.9426040649414,False
3480,7,504,startFixDisplay,1765540542.0524092,2612.94274187088,False
3481,7,504,startFixPeriod,1765540542.4757674,2613.366101026535,False
3482,7,504,TargetPresentation,1765540543.5443327,2614.434667110443,False
3483,7,504,TargetRemoval,1765540543.655672,2614.5460040569305,True
3484,7,504,TargetReappeared,1765540543.905175,2614.795509338379,False
3485,7,504,RightResponse,1765540544.4953516,2615.3856852054596,False
3486,7,504,FeedbackPeriodStarted,1765540544.5019412,2615.392275571823,False
3487,7,505,startFixDisplay,1765540546.521097,2617.4114332199097,False
3488,7,505,startFixPeriod,1765540546.708484,2617.5988178253174,False
3489,7,505,TargetPresentation,1765540547.8187964,2618.7091290950775,False
3490,7,505,TargetDisplacement,1765540547.9505723,2618.8409037590027,True
3491,7,505,RightResponse,1765540548.491897,2619.3822293281555,False
3492,7,506,FeedbackPeriodStarted,1765540548.5195172,2619.4098513126373,False
3493,7,506,startFixDisplay,1765540548.5196488,2619.4099817276,False
3494,7,506,startFixPeriod,1765540549.0262284,2619.916563272476,False
3495,7,506,TargetPresentation,1765540550.2197237,2621.110058069229,False
3496,7,506,TargetDisplacement,1765540550.351434,2621.241767883301,True
3497,7,506,RightResponse,1765540550.7197213,2621.6100537776947,False
3498,7,507,FeedbackPeriodStarted,1765540550.7467985,2621.6371302604675,False
3499,7,507,startFixDisplay,1765540550.7468586,2621.6371896266937,False
3500,7,507,startFixPeriod,1765540550.934406,2621.8247406482697,False
3501,7,507,TargetPresentation,1765540552.0447078,2622.9350397586823,False
3502,7,507,TargetRemoval,1765540552.2041447,2623.094478368759,True
3503,7,507,TargetReappeared,1765540552.4541495,2623.344484090805,False
3504,7,507,RightResponse,1765540552.9816632,2623.871994972229,False
3505,7,508,FeedbackPeriodStarted,1765540553.0091505,2623.899484872818,False
3506,7,508,startFixDisplay,1765540553.009285,2623.899617910385,False
3507,7,508,startFixPeriod,1765540553.2172883,2624.107620239258,False
3508,7,508,TargetPresentation,1765540553.9321115,2624.8224465847015,False
3509,7,508,TargetDisplacement,1765540554.105431,2624.9957625865936,True
3510,7,508,LeftResponse,1765540554.7304459,2625.6207780838013,False
3511,7,509,FeedbackPeriodStarted,1765540554.7646418,2625.654976129532,False
3512,7,509,startFixDisplay,1765540554.7647722,2625.655105113983,False
3513,7,509,startFixPeriod,1765540554.9803777,2625.8707139492035,False
3514,7,509,TargetPresentation,1765540556.464782,2627.3551139831543,False
3515,7,509,TargetDisplacement,1765540556.6033807,2627.493712425232,True
3516,7,509,RightResponse,1765540557.422713,2628.313046693802,False
3517,7,510,FeedbackPeriodStarted,1765540557.4500315,2628.340366125107,False
3518,7,510,startFixDisplay,1765540557.4501948,2628.340528011322,False
3519,7,510,startFixPeriod,1765540557.6098192,2628.5001509189606,False
3520,7,510,TargetPresentation,1765540559.0045805,2629.894914150238,False
3521,7,510,TargetDisplacement,1765540559.1988156,2630.089149236679,True
3522,7,510,RightResponse,1765540559.7196681,2630.6100018024445,False
3523,7,510,FeedbackPeriodStarted,1765540559.7262897,2630.616624355316,False
3524,7,511,startFixDisplay,1765540561.745342,2632.635675907135,False
3525,7,511,startFixPeriod,1765540562.016195,2632.9065294265747,False
3526,7,511,TargetPresentation,1765540562.7864141,2633.676748752594,False
3527,7,511,TargetRemoval,1765540562.7932937,2633.6836280822754,True
3528,7,511,TargetReappeared,1765540563.0430198,2633.9333539009094,False
3529,7,511,RightResponse,1765540563.6817722,2634.572104215622,False
3530,7,512,FeedbackPeriodStarted,1765540563.7090788,2634.599413871765,False
3531,7,512,startFixDisplay,1765540563.7092223,2634.599555015564,False
3532,7,512,startFixPeriod,1765540563.8549993,2634.74533367157,False
3533,7,512,TargetPresentation,1765540564.923545,2635.81387758255,False
3534,7,512,TargetRemoval,1765540565.0343761,2635.9247076511383,True
3535,7,512,TargetReappeared,1765540565.2843862,2636.1747200489044,False
3536,7,512,LeftResponse,1765540565.7285,2636.6188316345215,False
3537,7,513,FeedbackPeriodStarted,1765540565.7629995,2636.6533312797546,False
3538,7,513,startFixDisplay,1765540565.7630725,2636.6534037590027,False
3539,7,513,startFixPeriod,1765540566.3737903,2637.2641229629517,False
3540,7,513,TargetPresentation,1765540567.289728,2638.1800599098206,False
3541,7,513,TargetDisplacement,1765540567.2966843,2638.18701672554,True
3542,7,513,RightResponse,1765540568.115603,2639.0059344768524,False
3543,7,514,FeedbackPeriodStarted,1765540568.1432197,2639.0335540771484,False
3544,7,514,startFixDisplay,1765540568.1433504,2639.0336833000183,False
3545,7,514,startFixPeriod,1765540568.6152213,2639.505555152893,False
3546,7,514,TargetPresentation,1765540569.8086925,2640.6990270614624,False
3547,7,514,TargetRemoval,1765540569.9472518,2640.837596178055,True
3548,7,514,TargetReappeared,1765540570.1972473,2641.087581396103,False
3549,7,514,RightResponse,1765540570.6417212,2641.5320529937744,False
3550,7,515,FeedbackPeriodStarted,1765540570.6690128,2641.55934715271,False
3551,7,515,startFixDisplay,1765540570.6691852,2641.559518098831,False
3552,7,515,startFixPeriod,1765540570.821835,2641.712169647217,False
3553,7,515,TargetPresentation,1765540571.4115796,2642.3019132614136,False
3554,7,515,TargetDisplacement,1765540571.5502589,2642.440592765808,True
3555,7,515,RightResponse,1765540572.445821,2643.3361537456512,False
3556,7,516,FeedbackPeriodStarted,1765540572.4729805,2643.3633122444153,False
3557,7,516,startFixDisplay,1765540572.4730442,2643.36337518692,False
3558,7,516,startFixPeriod,1765540572.6467962,2643.5371294021606,False
3559,7,516,TargetPresentation,1765540573.3545341,2644.2448682785034,False
3560,7,516,TargetRemoval,1765540573.5000331,2644.3903670310974,True
3561,7,516,TargetReappeared,1765540573.74994,2644.6402723789215,False
3562,7,516,RightResponse,1765540574.1597502,2645.0500831604004,False
3563,7,516,FeedbackPeriodStarted,1765540574.1734133,2645.0637476444244,False
3564,7,517,startFixDisplay,1765540576.1924055,2647.0827395915985,False
3565,7,517,startFixPeriod,1765540576.4702137,2647.360548019409,False
3566,7,517,TargetPresentation,1765540577.9481745,2648.838509082794,False
3567,7,517,TargetDisplacement,1765540578.1145785,2649.0049097537994,True
3568,7,517,RightResponse,1765540578.7184916,2649.6088230609894,False
3569,7,518,FeedbackPeriodStarted,1765540578.7459757,2649.636309862137,False
3570,7,518,startFixDisplay,1765540578.7461295,2649.6364624500275,False
3571,7,518,startFixPeriod,1765540578.9613206,2649.8516550064087,False
3572,7,518,TargetPresentation,1765540579.8147845,2650.705117225647,False
3573,7,518,TargetDisplacement,1765540579.8217208,2650.71205329895,True
3574,7,518,RightResponse,1765540580.5087981,2651.399131298065,False
3575,7,519,FeedbackPeriodStarted,1765540580.536364,2651.426698207855,False
3576,7,519,startFixDisplay,1765540580.5364516,2651.426782846451,False
3577,7,519,startFixPeriod,1765540580.6891308,2651.5794653892517,False
3578,7,519,TargetPresentation,1765540582.00056,2652.890892982483,False
3579,7,519,TargetRemoval,1765540582.0075185,2652.8978509902954,True
3580,7,519,TargetReappeared,1765540582.2573857,2653.1477200984955,False
3581,7,519,LeftResponse,1765540582.68093,2653.571263074875,False
3582,7,520,FeedbackPeriodStarted,1765540582.7083206,2653.5986547470093,False
3583,7,520,startFixDisplay,1765540582.7084513,2653.5987842082977,False
3584,7,520,startFixPeriod,1765540583.3812623,2654.271594285965,False
3585,7,520,TargetPresentation,1765540584.6652403,2655.5555748939514,False
3586,7,520,TargetDisplacement,1765540584.796784,2655.687115430832,True
3587,7,520,RightResponse,1765540585.4009757,2656.2913088798523,False
3588,7,521,FeedbackPeriodStarted,1765540585.428389,2656.318723678589,False
3589,7,521,startFixDisplay,1765540585.4285228,2656.318855524063,False
3590,7,521,startFixPeriod,1765540585.7546089,2656.6449422836304,False
3591,7,521,TargetPresentation,1765540587.066096,2657.9564311504364,False
3592,7,521,TargetRemoval,1765540587.0729609,2657.96329331398,True
3593,7,521,TargetReappeared,1765540587.3228629,2658.2131972312927,False
3594,7,521,RightResponse,1765540587.7255528,2658.6158854961395,False
3595,7,522,FeedbackPeriodStarted,1765540587.7529118,2658.64324593544,False
3596,7,522,startFixDisplay,1765540587.75305,2658.643383026123,False
3597,7,522,startFixPeriod,1765540587.9890063,2658.8793408870697,False
3598,7,522,TargetPresentation,1765540589.2587578,2660.149090051651,False
3599,7,522,TargetDisplacement,1765540589.4252694,2660.315603017807,True
3600,7,522,RightResponse,1765540590.0639558,2660.954288005829,False
3601,7,522,FeedbackPeriodStarted,1765540590.0704393,2660.960772037506,False
3602,7,523,startFixDisplay,1765540592.089783,2662.980115175247,False
3603,7,523,startFixPeriod,1765540592.346675,2663.237009525299,False
3604,7,523,TargetPresentation,1765540593.047528,2663.9378623962402,False
3605,7,523,TargetRemoval,1765540593.207051,2664.097404241562,True
3606,7,523,TargetReappeared,1765540593.45689,2664.347222328186,False
3607,7,523,RightResponse,1765540593.9288478,2664.819179534912,False
3608,7,524,FeedbackPeriodStarted,1765540593.956477,2664.8468112945557,False
3609,7,524,startFixDisplay,1765540593.9566226,2664.8469557762146,False
3610,7,524,startFixPeriod,1765540594.1647747,2665.055108308792,False
3611,7,524,TargetPresentation,1765540595.2610517,2666.1514024734497,False
3612,7,524,TargetDisplacement,1765540595.4484646,2666.3387961387634,True
3613,7,524,LeftResponse,1765540596.0454328,2666.935765504837,False
3614,7,525,FeedbackPeriodStarted,1765540596.0727923,2666.9631266593933,False
3615,7,525,startFixDisplay,1765540596.0729115,2666.9632427692413,False
3616,7,525,startFixPeriod,1765540596.23957,2667.129903793335,False
3617,7,525,TargetPresentation,1765540597.5509799,2668.44131398201,False
3618,7,525,TargetRemoval,1765540597.7105186,2668.6008501052856,True
3619,7,525,TargetReappeared,1765540597.9603407,2668.8506734371185,False
3620,7,525,RightResponse,1765540598.286831,2669.1771647930145,False
3621,7,526,FeedbackPeriodStarted,1765540598.314146,2669.2044801712036,False
3622,7,526,startFixDisplay,1765540598.3142903,2669.2046229839325,False
3623,7,526,startFixPeriod,1765540598.4878592,2669.3781917095184,False
3624,7,526,TargetPresentation,1765540599.9379368,2670.828269004822,False
3625,7,526,TargetDisplacement,1765540600.4096985,2671.300032377243,True
3626,7,526,LeftResponse,1765540600.5697346,2671.4600682258606,False
3627,7,527,FeedbackPeriodStarted,1765540600.597284,2671.4876182079315,False
3628,7,527,startFixDisplay,1765540600.597418,2671.48775100708,False
3629,7,527,startFixPeriod,1765540600.8747516,2671.7650837898254,False
3630,7,527,TargetPresentation,1765540601.5339913,2672.424323797226,False
3631,7,527,TargetDisplacement,1765540601.5410068,2672.4313411712646,True
3632,7,527,RightResponse,1765540602.137898,2673.028230190277,False
3633,7,527,FeedbackPeriodStarted,1765540602.1862278,2673.0765619277954,False
