,blockID,trialNumber,triggerName,timestamp_sys,timestamp_psyc,triggerSent_Serial00
0,pract,-1,StartPractice,1764339422.8910015,327.83638858795166,False
1,pract,0,startFixDisplay,1764339422.9080281,327.8534173965454,False
2,pract,0,startFixPeriod,1764339423.241186,328.18657326698303,False
3,pract,0,TargetPresentation,1764339424.372263,329.31765246391296,False
4,pract,0,TargetDisplacement,1764339424.5525956,329.497985124588,True
5,pract,0,RightResponse,1764339424.9831228,329.92851066589355,False
6,pract,0,FeedbackPeriodStarted,1764339424.9966938,329.94210290908813,False
7,pract,1,startFixDisplay,1764339425.503186,330.44857597351074,False
8,pract,1,startFixPeriod,1764339425.5657017,330.51109075546265,False
9,pract,1,TargetPresentation,1764339426.8009737,331.7463631629944,False
10,pract,1,TargetDisplacement,1764339426.9465606,331.89194989204407,True
11,pract,1,LeftResponse,1764339427.4674327,332.4128198623657,False
12,pract,1,FeedbackPeriodStarted,1764339427.474056,332.41944313049316,False
13,pract,2,startFixDisplay,1764339427.9804323,332.92582273483276,False
14,pract,2,startFixPeriod,1764339428.4941359,333.43952560424805,False
15,pract,2,TargetPresentation,1764339429.153188,334.09857630729675,False
16,pract,2,TargetDisplacement,1764339429.3058727,334.2512619495392,True
17,pract,2,RightResponse,1764339430.0834355,335.0288236141205,False
18,pract,2,FeedbackPeriodStarted,1764339430.0898926,335.0352818965912,False
19,pract,3,startFixDisplay,1764339430.5964608,335.541850566864,False
20,pract,3,startFixPeriod,1764339430.6033108,335.54869771003723,False
21,pract,3,TargetPresentation,1764339431.4501653,336.3955543041229,False
22,pract,3,TargetRemoval,1764339431.637399,336.58278822898865,True
23,pract,3,TargetReappeared,1764339431.887298,336.8326861858368,False
24,pract,3,LeftResponse,1764339432.4840815,337.4294683933258,False
25,pract,3,FeedbackPeriodStarted,1764339432.497815,337.443204164505,False
26,pract,4,startFixDisplay,1764339433.0043008,337.9496908187866,False
27,pract,4,startFixPeriod,1764339433.2749586,338.22034788131714,False
28,pract,4,TargetPresentation,1764339434.0592005,339.00458812713623,False
29,pract,4,TargetDisplacement,1764339434.2116997,339.15708899497986,True
30,pract,4,RightResponse,1764339435.2462883,340.19167852401733,False
31,pract,4,FeedbackPeriodStarted,1764339435.2664776,340.2118647098541,False
32,pract,5,startFixDisplay,1764339435.7728145,340.7182013988495,False
33,pract,5,startFixPeriod,1764339436.0367725,340.9821619987488,False
34,pract,5,TargetPresentation,1764339436.8278885,341.77327823638916,False
35,pract,5,TargetRemoval,1764339436.9597127,341.9051022529602,True
36,pract,5,TargetReappeared,1764339437.2094996,342.15488743782043,False
37,pract,5,RightResponse,1764339437.8203163,342.76570439338684,False
38,pract,5,FeedbackPeriodStarted,1764339437.8339465,342.7793333530426,False
39,pract,6,startFixDisplay,1764339438.3403826,343.28576946258545,False
40,pract,6,startFixPeriod,1764339438.7431126,343.68850207328796,False
41,pract,6,TargetPresentation,1764339439.9574378,344.9028272628784,False
42,pract,6,TargetDisplacement,1764339439.9780662,344.92345571517944,True
43,pract,6,RightResponse,1764339440.9635267,345.9089136123657,False
44,pract,6,FeedbackPeriodStarted,1764339440.9705384,345.91592812538147,False
45,pract,-1,EndPractice,1764339441.46394,346.40932726860046,False
46,0,0,startFixDisplay,1764339443.87777,348.82316064834595,False
47,0,0,startFixPeriod,1764339444.141559,349.0869460105896,False
48,0,0,TargetPresentation,1764339445.4184434,350.363831281662,False
49,0,0,TargetDisplacement,1764339445.5639613,350.50935077667236,True
50,0,0,LeftResponse,1764339446.612134,351.5575215816498,False
51,0,1,FeedbackPeriodStarted,1764339446.6327236,351.57811403274536,False
52,0,1,startFixDisplay,1764339446.632873,351.5782616138458,False
53,0,1,startFixPeriod,1764339446.8409212,351.78631067276,False
54,0,1,TargetPresentation,1764339447.8192909,352.7646789550781,False
55,0,1,TargetDisplacement,1764339447.9717991,352.917188167572,True
56,0,1,RightResponse,1764339448.9852955,353.93068385124207,False
57,0,2,FeedbackPeriodStarted,1764339449.005725,353.95111560821533,False
58,0,2,startFixDisplay,1764339449.0058725,353.9512610435486,False
59,0,2,startFixPeriod,1764339449.1655147,354.1109035015106,False
60,0,2,TargetPresentation,1764339449.9358153,354.8812053203583,False
61,0,2,TargetDisplacement,1764339450.081347,355.02673387527466,True
62,0,2,LeftResponse,1764339450.935249,355.88063645362854,False
63,0,3,FeedbackPeriodStarted,1764339450.9555988,355.90099000930786,False
64,0,3,startFixDisplay,1764339450.9557505,355.9011390209198,False
65,0,3,startFixPeriod,1764339451.3165925,356.2619802951813,False
66,0,3,TargetPresentation,1764339452.2257006,357.17109084129333,False
67,0,3,TargetRemoval,1764339452.3851624,357.3305516242981,True
68,0,3,TargetReappeared,1764339452.6350791,357.5804691314697,False
69,0,3,RightResponse,1764339453.2252743,358.17066383361816,False
70,0,4,FeedbackPeriodStarted,1764339453.2455106,358.1909010410309,False
71,0,4,startFixDisplay,1764339453.2457535,358.19114327430725,False
72,0,4,startFixPeriod,1764339453.4607737,358.4061634540558,False
73,0,4,TargetPresentation,1764339453.9950206,358.9404103755951,False
74,0,4,TargetRemoval,1764339454.2238727,359.1692621707916,True
75,0,4,TargetReappeared,1764339454.4738789,359.41926884651184,False
76,0,4,LeftResponse,1764339455.112376,360.057763338089,False
77,0,5,FeedbackPeriodStarted,1764339455.1259627,360.0713531970978,False
78,0,5,startFixDisplay,1764339455.1261048,360.0714933872223,False
79,0,5,startFixPeriod,1764339455.320442,360.26583099365234,False
80,0,5,TargetPresentation,1764339455.8545587,360.7999484539032,False
81,0,5,TargetRemoval,1764339455.9934003,360.9387903213501,True
82,0,5,TargetReappeared,1764339456.2433205,361.1887106895447,False
83,0,5,RightResponse,1764339456.8890212,361.83441042900085,False
84,0,6,FeedbackPeriodStarted,1764339456.9092286,361.8546154499054,False
85,0,6,startFixDisplay,1764339456.909292,361.8546781539917,False
86,0,6,startFixPeriod,1764339457.0829363,362.02832651138306,False
87,0,6,TargetPresentation,1764339458.2834234,363.22881269454956,False
88,0,6,TargetDisplacement,1764339458.4567778,363.4021677970886,True
89,0,6,RightResponse,1764339459.2481806,364.1935701370239,False
90,0,6,FeedbackPeriodStarted,1764339459.2617002,364.2070906162262,False
91,0,7,startFixDisplay,1764339461.26694,366.2123303413391,False
92,0,7,startFixPeriod,1764339461.5170963,366.4624865055084,False
93,0,7,TargetPresentation,1764339462.4120054,367.35739302635193,False
94,0,7,TargetDisplacement,1764339462.5299518,367.47534132003784,True
95,0,7,RightResponse,1764339463.25168,368.19706678390503,False
96,0,8,FeedbackPeriodStarted,1764339463.265412,368.21080207824707,False
97,0,8,startFixDisplay,1764339463.265559,368.2109475135803,False
98,0,8,startFixPeriod,1764339463.4459314,368.391321182251,False
99,0,8,TargetPresentation,1764339464.5146039,369.45999360084534,False
100,0,8,TargetRemoval,1764339464.6462886,369.59167528152466,True
101,0,8,TargetReappeared,1764339464.896256,369.8416440486908,False
102,0,8,LeftResponse,1764339465.4310136,370.37640404701233,False
103,0,9,FeedbackPeriodStarted,1764339465.444239,370.38962626457214,False
104,0,9,startFixDisplay,1764339465.4443083,370.38969469070435,False
105,0,9,startFixPeriod,1764339465.7220917,370.6674814224243,False
106,0,9,TargetPresentation,1764339466.665815,371.6112051010132,False
107,0,9,TargetDisplacement,1764339466.846111,371.7915008068085,True
108,0,9,RightResponse,1764339467.6375127,372.5829019546509,False
109,0,10,FeedbackPeriodStarted,1764339467.6509616,372.5963523387909,False
110,0,10,startFixDisplay,1764339467.6511166,372.5965049266815,False
111,0,10,startFixPeriod,1764339467.8383784,372.78376817703247,False
112,0,10,TargetPresentation,1764339469.281887,374.2272779941559,False
113,0,10,TargetRemoval,1764339469.434289,374.37967824935913,True
114,0,10,TargetReappeared,1764339469.684203,374.6295928955078,False
115,0,10,RightResponse,1764339470.2463903,375.19177770614624,False
116,0,11,FeedbackPeriodStarted,1764339470.2668998,375.21228981018066,False
117,0,11,startFixDisplay,1764339470.2670462,375.2124342918396,False
118,0,11,startFixPeriod,1764339470.593226,375.53861594200134,False
119,0,11,TargetPresentation,1764339471.1900785,376.1354684829712,False
120,0,11,TargetRemoval,1764339471.432676,376.3780653476715,True
121,0,11,TargetReappeared,1764339471.6827073,376.62809705734253,False
122,0,11,LeftResponse,1764339472.2380552,377.18344497680664,False
123,0,12,FeedbackPeriodStarted,1764339472.2514775,377.1968677043915,False
124,0,12,startFixDisplay,1764339472.251634,377.1970224380493,False
125,0,12,startFixPeriod,1764339472.4181418,377.3635301589966,False
126,0,12,TargetPresentation,1764339472.9870932,377.9324815273285,False
127,0,12,TargetDisplacement,1764339473.1605496,378.10593938827515,True
128,0,12,LeftResponse,1764339474.167108,379.11249709129333,False
129,0,12,FeedbackPeriodStarted,1764339474.173544,379.118932723999,False
130,0,13,startFixDisplay,1764339476.1790001,381.12439012527466,False
131,0,13,startFixPeriod,1764339476.4289706,381.37436056137085,False
132,0,13,TargetPresentation,1764339477.8722003,382.81758975982666,False
133,0,13,TargetRemoval,1764339477.8792403,382.82462882995605,True
134,0,13,TargetReappeared,1764339478.1290247,383.0744135379791,False
135,0,13,LeftResponse,1764339478.6703022,383.61568999290466,False
136,0,14,FeedbackPeriodStarted,1764339478.6839516,383.629341840744,False
137,0,14,startFixDisplay,1764339478.6840906,383.6294791698456,False
138,0,14,startFixPeriod,1764339478.871354,383.81674098968506,False
139,0,14,TargetPresentation,1764339479.3988526,384.344242811203,False
140,0,14,TargetDisplacement,1764339479.6484673,384.5938537120819,True
141,0,14,RightResponse,1764339480.6413279,385.58671712875366,False
142,0,15,FeedbackPeriodStarted,1764339480.6545494,385.5999369621277,False
143,0,15,startFixDisplay,1764339480.6546702,385.600056886673,False
144,0,15,startFixPeriod,1764339480.8699276,385.81531739234924,False
145,0,15,TargetPresentation,1764339482.0912812,387.03668427467346,False
146,0,15,TargetDisplacement,1764339482.2228408,387.1682302951813,True
147,0,15,RightResponse,1764339482.9934027,387.9387900829315,False
148,0,16,FeedbackPeriodStarted,1764339483.006989,387.95237946510315,False
149,0,16,startFixDisplay,1764339483.007133,387.9525213241577,False
150,0,16,startFixPeriod,1764339483.2361283,388.1815173625946,False
151,0,16,TargetPresentation,1764339484.6724865,389.6178765296936,False
152,0,16,TargetRemoval,1764339484.9777315,389.9231209754944,True
153,0,16,TargetReappeared,1764339485.2278082,390.17319893836975,False
154,0,16,RightResponse,1764339485.56086,390.5062475204468,False
155,0,17,FeedbackPeriodStarted,1764339485.5814087,390.5267975330353,False
156,0,17,startFixDisplay,1764339485.5815096,390.5268967151642,False
157,0,17,startFixPeriod,1764339485.8105187,390.7559070587158,False
158,0,17,TargetPresentation,1764339486.4002802,391.3456676006317,False
159,0,17,TargetDisplacement,1764339486.4418902,391.3872799873352,True
160,0,17,RightResponse,1764339487.5453973,392.490784406662,False
161,0,18,FeedbackPeriodStarted,1764339487.5589032,392.5042905807495,False
162,0,18,startFixDisplay,1764339487.5589669,392.5043532848358,False
163,0,18,startFixPeriod,1764339487.7328334,392.6782262325287,False
164,0,18,TargetPresentation,1764339488.683279,393.6286687850952,False
165,0,18,TargetDisplacement,1764339488.8149269,393.76031613349915,True
166,0,18,LeftResponse,1764339489.4607437,394.40613317489624,False
167,0,18,FeedbackPeriodStarted,1764339489.4742799,394.41967034339905,False
168,0,19,startFixDisplay,1764339491.4795847,396.4249758720398,False
169,0,19,startFixPeriod,1764339491.6601992,396.60558915138245,False
170,0,19,TargetPresentation,1764339492.2847264,397.2301161289215,False
171,0,19,TargetDisplacement,1764339492.4648557,397.4102449417114,True
172,0,19,LeftResponse,1764339493.3811517,398.326539516449,False
173,0,20,FeedbackPeriodStarted,1764339493.3946056,398.33999276161194,False
174,0,20,startFixDisplay,1764339493.394724,398.34011054039,False
175,0,20,startFixPeriod,1764339493.582227,398.52761578559875,False
176,0,20,TargetPresentation,1764339494.2483716,399.1937596797943,False
177,0,20,TargetRemoval,1764339494.4912343,399.4366238117218,True
178,0,20,TargetReappeared,1764339494.741059,399.68644642829895,False
179,0,20,LeftResponse,1764339495.2618282,400.2072169780731,False
180,0,21,FeedbackPeriodStarted,1764339495.275249,400.2206394672394,False
181,0,21,startFixDisplay,1764339495.2754166,400.2208049297333,False
182,0,21,startFixPeriod,1764339495.448821,400.3942105770111,False
183,0,21,TargetPresentation,1764339496.531296,401.4766857624054,False
184,0,21,TargetRemoval,1764339497.2806044,402.22599148750305,True
185,0,21,TargetReappeared,1764339497.530556,402.47594380378723,False
186,0,21,RightResponse,1764339498.9811502,403.9265396595001,False
187,0,22,FeedbackPeriodStarted,1764339498.9945807,403.9399735927582,False
188,0,22,startFixDisplay,1764339498.9947329,403.9401216506958,False
189,0,22,startFixPeriod,1764339499.1612358,404.10662317276,False
190,0,22,TargetPresentation,1764339499.7579448,404.7033348083496,False
191,0,22,TargetDisplacement,1764339499.8133092,404.7586989402771,True
192,0,22,RightResponse,1764339500.5771594,405.5225486755371,False
193,0,23,FeedbackPeriodStarted,1764339500.5973663,405.54275345802307,False
194,0,23,startFixDisplay,1764339500.597483,405.5428698062897,False
195,0,23,startFixPeriod,1764339500.7503088,405.69569873809814,False
196,0,23,TargetPresentation,1764339502.0548406,407.0002303123474,False
197,0,23,TargetDisplacement,1764339502.7762942,407.7216808795929,True
198,0,23,LeftResponse,1764339502.9984753,407.9438626766205,False
199,0,24,FeedbackPeriodStarted,1764339503.012208,407.9575984477997,False
200,0,24,startFixDisplay,1764339503.0123365,407.957722902298,False
201,0,24,startFixPeriod,1764339503.0191805,407.9645700454712,False
202,0,24,TargetPresentation,1764339504.3933105,409.3387005329132,False
203,0,24,TargetRemoval,1764339504.6499357,409.5953254699707,True
204,0,24,TargetReappeared,1764339504.899953,409.8453438282013,False
205,0,24,LeftResponse,1764339505.6354048,410.580792427063,False
206,0,24,FeedbackPeriodStarted,1764339505.6422467,410.5876498222351,False
207,0,25,startFixDisplay,1764339507.6475093,412.59289956092834,False
208,0,25,startFixPeriod,1764339507.897407,412.84279704093933,False
209,0,25,TargetPresentation,1764339508.7163572,413.66174721717834,False
210,0,25,TargetRemoval,1764339508.9173357,413.8627223968506,True
211,0,25,TargetReappeared,1764339509.167236,414.1126232147217,False
212,0,25,RightResponse,1764339509.9585218,414.90390944480896,False
213,0,26,FeedbackPeriodStarted,1764339509.9790864,414.92447686195374,False
214,0,26,startFixDisplay,1764339509.9792309,414.92461943626404,False
215,0,26,startFixPeriod,1764339510.222157,415.1675477027893,False
216,0,26,TargetPresentation,1764339511.6028793,416.5482687950134,False
217,0,26,TargetDisplacement,1764339512.3452857,417.29067492485046,True
218,0,26,RightResponse,1764339513.3725624,418.31796622276306,False
219,0,27,FeedbackPeriodStarted,1764339513.3860114,418.33139872550964,False
220,0,27,startFixDisplay,1764339513.3860834,418.3314697742462,False
221,0,27,startFixPeriod,1764339513.573438,418.5188262462616,False
222,0,27,TargetPresentation,1764339514.5796938,419.5250835418701,False
223,0,27,TargetDisplacement,1764339514.7114203,419.65680718421936,True
224,0,27,LeftResponse,1764339516.4882784,421.43366742134094,False
225,0,28,FeedbackPeriodStarted,1764339516.5016346,421.44702196121216,False
226,0,28,startFixDisplay,1764339516.5017023,421.4470889568329,False
227,0,28,startFixPeriod,1764339516.703136,421.64852499961853,False
228,0,28,TargetPresentation,1764339517.6399102,422.5852999687195,False
229,0,28,TargetDisplacement,1764339517.7853568,422.7307434082031,True
230,0,28,RightResponse,1764339518.9584653,423.90385270118713,False
231,0,29,FeedbackPeriodStarted,1764339518.9789739,423.924364566803,False
232,0,29,startFixDisplay,1764339518.9791055,423.9244918823242,False
233,0,29,startFixPeriod,1764339519.1595247,424.1049144268036,False
234,0,29,TargetPresentation,1764339519.9782126,424.9235997200012,False
235,0,29,TargetRemoval,1764339520.1795883,425.12497901916504,True
236,0,29,TargetReappeared,1764339520.4294078,425.3747978210449,False
237,0,29,LeftResponse,1764339521.1025581,426.047945022583,False
238,0,30,FeedbackPeriodStarted,1764339521.1162121,426.06160283088684,False
239,0,30,startFixDisplay,1764339521.1163359,426.06172227859497,False
240,0,30,startFixPeriod,1764339521.421621,426.36701130867004,False
241,0,30,TargetPresentation,1764339522.3377044,427.28309440612793,False
242,0,30,TargetDisplacement,1764339522.4901605,427.43554949760437,True
243,0,30,RightResponse,1764339523.5730746,428.5184643268585,False
244,0,30,FeedbackPeriodStarted,1764339523.586618,428.53200817108154,False
245,0,31,startFixDisplay,1764339525.5918496,430.53723978996277,False
246,0,31,startFixPeriod,1764339525.807165,430.75255370140076,False
247,0,31,TargetPresentation,1764339527.0701034,432.01549339294434,False
248,0,31,TargetDisplacement,1764339527.1947865,432.14017629623413,True
249,0,31,LeftResponse,1764339528.1458979,433.0912868976593,False
250,0,32,FeedbackPeriodStarted,1764339528.1592796,433.10467004776,False
251,0,32,startFixDisplay,1764339528.1594245,433.10481309890747,False
252,0,32,startFixPeriod,1764339528.388408,433.33379578590393,False
253,0,32,TargetPresentation,1764339529.3044434,434.2498335838318,False
254,0,32,TargetDisplacement,1764339529.4360874,434.3814740180969,True
255,0,32,LeftResponse,1764339530.4012177,435.3466079235077,False
256,0,33,FeedbackPeriodStarted,1764339530.4143722,435.3597593307495,False
257,0,33,startFixDisplay,1764339530.4144394,435.3598258495331,False
258,0,33,startFixPeriod,1764339530.622808,435.5681974887848,False
259,0,33,TargetPresentation,1764339531.6914473,436.63683557510376,False
260,0,33,TargetRemoval,1764339531.8926334,436.83802318573,True
261,0,33,TargetReappeared,1764339532.1424336,437.0878236293793,False
262,0,33,LeftResponse,1764339532.8021889,437.74757862091064,False
263,0,34,FeedbackPeriodStarted,1764339532.8223367,437.7677273750305,False
264,0,34,startFixDisplay,1764339532.8224833,437.7678716182709,False
265,0,34,startFixPeriod,1764339533.0653973,438.01078701019287,False
266,0,34,TargetPresentation,1764339533.7871542,438.73254466056824,False
267,0,34,TargetDisplacement,1764339533.9464092,438.89179587364197,True
268,0,34,RightResponse,1764339534.9804828,439.92586946487427,False
269,0,35,FeedbackPeriodStarted,1764339534.9942741,439.93966460227966,False
270,0,35,startFixDisplay,1764339534.9944127,439.9398009777069,False
271,0,35,startFixPeriod,1764339535.174829,440.1202187538147,False
272,0,35,TargetPresentation,1764339535.8061779,440.7515654563904,False
273,0,35,TargetDisplacement,1764339535.9310749,440.87646436691284,True
274,0,35,RightResponse,1764339537.0001104,441.9454996585846,False
275,0,36,FeedbackPeriodStarted,1764339537.013537,441.9589273929596,False
276,0,36,startFixDisplay,1764339537.0137508,441.9591398239136,False
277,0,36,startFixPeriod,1764339537.2079282,442.15331506729126,False
278,0,36,TargetPresentation,1764339538.0059593,442.9513490200043,False
279,0,36,TargetRemoval,1764339538.1377,443.08308935165405,True
280,0,36,TargetReappeared,1764339538.3875973,443.3329870700836,False
281,0,36,RightResponse,1764339539.3175206,444.262907743454,False
282,0,36,FeedbackPeriodStarted,1764339539.324294,444.26968145370483,False
283,0,37,startFixDisplay,1764339541.329588,446.2749788761139,False
284,0,37,startFixPeriod,1764339541.6280375,446.5734272003174,False
285,0,37,TargetPresentation,1764339542.7384067,447.6837966442108,False
286,0,37,TargetDisplacement,1764339542.911733,447.8571228981018,True
287,0,37,RightResponse,1764339543.9530864,448.8984761238098,False
288,0,38,FeedbackPeriodStarted,1764339543.9664545,448.9118449687958,False
289,0,38,startFixDisplay,1764339543.9666173,448.9120063781738,False
290,0,38,startFixPeriod,1764339544.1817987,449.12718868255615,False
291,0,38,TargetPresentation,1764339544.9796603,449.9250500202179,False
292,0,38,TargetDisplacement,1764339545.125261,450.0706503391266,True
293,0,38,LeftResponse,1764339547.0129175,451.9583055973053,False
294,0,39,FeedbackPeriodStarted,1764339547.0265372,451.9719274044037,False
295,0,39,startFixDisplay,1764339547.0267022,451.9720904827118,False
296,0,39,startFixPeriod,1764339547.3459885,452.29137897491455,False
297,0,39,TargetPresentation,1764339548.2341294,453.17951941490173,False
298,0,39,TargetRemoval,1764339548.3796828,453.3250722885132,True
299,0,39,TargetReappeared,1764339548.6295917,453.5749795436859,False
300,0,39,LeftResponse,1764339549.448861,454.3942503929138,False
301,0,40,FeedbackPeriodStarted,1764339549.4621716,454.4075622558594,False
302,0,40,startFixDisplay,1764339549.4623065,454.4076929092407,False
303,0,40,startFixPeriod,1764339549.6496706,454.59506034851074,False
304,0,40,TargetPresentation,1764339551.0790162,456.02440333366394,False
305,0,40,TargetDisplacement,1764339551.2524643,456.19785380363464,True
306,0,40,LeftResponse,1764339552.245052,457.1904399394989,False
307,0,41,FeedbackPeriodStarted,1764339552.2585287,457.20391631126404,False
308,0,41,startFixDisplay,1764339552.2586052,457.2039918899536,False
309,0,41,startFixPeriod,1764339552.4460418,457.3914315700531,False
310,0,41,TargetPresentation,1764339553.8338313,458.77922081947327,False
311,0,41,TargetDisplacement,1764339554.0558321,459.00122141838074,True
312,0,41,RightResponse,1764339555.1941721,460.13955998420715,False
313,0,42,FeedbackPeriodStarted,1764339555.2146492,460.16004037857056,False
314,0,42,startFixDisplay,1764339555.2148085,460.1601974964142,False
315,0,42,startFixPeriod,1764339555.4367368,460.3821265697479,False
316,0,42,TargetPresentation,1764339556.394421,461.3398082256317,False
317,0,42,TargetDisplacement,1764339556.644157,461.58954668045044,True
318,0,42,LeftResponse,1764339557.990508,462.9358956813812,False
319,0,42,FeedbackPeriodStarted,1764339557.9972146,462.9426028728485,False
320,0,43,startFixDisplay,1764339560.002423,464.9478099346161,False
321,0,43,startFixPeriod,1764339560.2732775,465.2186670303345,False
322,0,43,TargetPresentation,1764339561.5223167,466.4677064418793,False
323,0,43,TargetDisplacement,1764339561.6748958,466.6202850341797,True
324,0,43,LeftResponse,1764339562.5076256,467.45301246643066,False
325,0,44,FeedbackPeriodStarted,1764339562.5214067,467.46679401397705,False
326,0,44,startFixDisplay,1764339562.5214715,467.46685767173767,False
327,0,44,startFixPeriod,1764339562.6880505,467.63344168663025,False
328,0,44,TargetPresentation,1764339563.5000134,468.44540095329285,False
329,0,44,TargetDisplacement,1764339563.6802065,468.6255931854248,True
330,0,44,LeftResponse,1764339564.4993944,469.44478130340576,False
331,0,45,FeedbackPeriodStarted,1764339564.512795,469.4581823348999,False
332,0,45,startFixDisplay,1764339564.512864,469.45825028419495,False
333,0,45,startFixPeriod,1764339564.887753,469.83314275741577,False
334,0,45,TargetPresentation,1764339565.4637775,470.4091680049896,False
335,0,45,TargetDisplacement,1764339565.6093435,470.55473279953003,True
336,0,45,RightResponse,1764339567.2335317,472.1789197921753,False
337,0,46,FeedbackPeriodStarted,1764339567.253761,472.19914841651917,False
338,0,46,startFixDisplay,1764339567.253826,472.1992120742798,False
339,0,46,startFixPeriod,1764339567.5038395,472.4492287635803,False
340,0,46,TargetPresentation,1764339568.0520644,472.99745440483093,False
341,0,46,TargetDisplacement,1764339568.2460818,473.1914710998535,True
342,0,46,LeftResponse,1764339569.245873,474.1912622451782,False
343,0,47,FeedbackPeriodStarted,1764339569.266161,474.2115514278412,False
344,0,47,startFixDisplay,1764339569.266296,474.2116825580597,False
345,0,47,startFixPeriod,1764339569.4607344,474.4061243534088,False
346,0,47,TargetPresentation,1764339570.0366075,474.9819996356964,False
347,0,47,TargetDisplacement,1764339570.1960208,475.141410112381,True
348,0,47,FeedbackPeriodStarted,1764339572.2015505,477.1469407081604,False
349,0,48,startFixDisplay,1764339572.707916,477.6533064842224,False
350,0,48,startFixPeriod,1764339573.075761,478.0211491584778,False
351,0,48,TargetPresentation,1764339574.165274,479.11066198349,False
352,0,48,TargetDisplacement,1764339574.3039029,479.2492926120758,True
353,0,48,LeftResponse,1764339574.9705222,479.91591000556946,False
354,0,48,FeedbackPeriodStarted,1764339574.9769835,479.9223737716675,False
355,0,49,startFixDisplay,1764339576.9823089,481.9276990890503,False
356,0,49,startFixPeriod,1764339577.1073341,482.0527238845825,False
357,0,49,TargetPresentation,1764339578.3911166,483.33650636672974,False
358,0,49,TargetRemoval,1764339578.5368462,483.4822359085083,True
359,0,49,TargetReappeared,1764339578.7866263,483.7320156097412,False
360,0,49,LeftResponse,1764339579.3974915,484.3428792953491,False
361,0,50,FeedbackPeriodStarted,1764339579.4179585,484.36334562301636,False
362,0,50,startFixDisplay,1764339579.4180212,484.3634076118469,False
363,0,50,startFixPeriod,1764339579.619342,484.56472969055176,False
364,0,50,TargetPresentation,1764339580.7503765,485.6957654953003,False
365,0,50,TargetDisplacement,1764339580.8889937,485.83438301086426,True
366,0,50,LeftResponse,1764339581.8470845,486.79247403144836,False
367,0,51,FeedbackPeriodStarted,1764339581.8605015,486.80590558052063,False
368,0,51,startFixDisplay,1764339581.8606482,486.8060348033905,False
369,0,51,startFixPeriod,1764339582.1938217,487.13921189308167,False
370,0,51,TargetPresentation,1764339583.1998537,488.1452434062958,False
371,0,51,TargetRemoval,1764339583.477348,488.4227373600006,True
372,0,51,TargetReappeared,1764339583.727336,488.6727259159088,False
373,0,51,RightResponse,1764339584.5047677,489.45015597343445,False
374,0,52,FeedbackPeriodStarted,1764339584.525097,489.47048783302307,False
375,0,52,startFixDisplay,1764339584.5252428,489.4706313610077,False
376,0,52,startFixPeriod,1764339584.7404118,489.6857991218567,False
377,0,52,TargetPresentation,1764339585.399593,490.34498167037964,False
378,0,52,TargetRemoval,1764339585.5452375,490.4906277656555,True
379,0,52,TargetReappeared,1764339585.7951238,490.7405135631561,False
380,0,52,LeftResponse,1764339586.8915017,491.83688831329346,False
381,0,53,FeedbackPeriodStarted,1764339586.905094,491.8504812717438,False
382,0,53,startFixDisplay,1764339586.9051614,491.85054779052734,False
383,0,53,startFixPeriod,1764339587.071847,492.0172350406647,False
384,0,53,TargetPresentation,1764339588.549854,493.4952437877655,False
385,0,53,TargetDisplacement,1764339588.7510111,493.696400642395,True
386,0,53,LeftResponse,1764339589.9516995,494.89708638191223,False
387,0,54,FeedbackPeriodStarted,1764339589.965208,494.9105956554413,False
388,0,54,startFixDisplay,1764339589.9652762,494.910662651062,False
389,0,54,startFixPeriod,1764339590.1945963,495.1399874687195,False
390,0,54,TargetPresentation,1764339591.3949091,496.3402991294861,False
391,0,54,TargetRemoval,1764339591.554345,496.4997341632843,True
392,0,54,TargetReappeared,1764339591.8042512,496.74964118003845,False
393,0,54,RightResponse,1764339592.4083633,497.35375237464905,False
394,0,54,FeedbackPeriodStarted,1764339592.414858,497.36024832725525,False
395,0,55,startFixDisplay,1764339594.420153,499.36554288864136,False
396,0,55,startFixPeriod,1764339594.906115,499.85150384902954,False
397,0,55,TargetPresentation,1764339595.5514169,500.4968044757843,False
398,0,55,TargetRemoval,1764339595.6900399,500.6354286670685,True
399,0,55,TargetReappeared,1764339595.940056,500.8854470252991,False
400,0,55,RightResponse,1764339596.6062512,501.55163955688477,False
401,0,56,FeedbackPeriodStarted,1764339596.6267762,501.57216691970825,False
402,0,56,startFixDisplay,1764339596.6269157,501.57230401039124,False
403,0,56,startFixPeriod,1764339596.9529698,501.89835953712463,False
404,0,56,TargetPresentation,1764339598.3616056,503.3069956302643,False
405,0,56,TargetDisplacement,1764339598.5350063,503.4803957939148,True
406,0,56,LeftResponse,1764339599.458332,504.40371918678284,False
407,0,57,FeedbackPeriodStarted,1764339599.4716845,504.41707158088684,False
408,0,57,startFixDisplay,1764339599.4717486,504.4171350002289,False
409,0,57,startFixPeriod,1764339599.7495925,504.694983959198,False
410,0,57,TargetPresentation,1764339600.7348607,505.6802501678467,False
411,0,57,TargetDisplacement,1764339600.9359324,505.8813190460205,True
412,0,57,LeftResponse,1764339601.7897108,506.73509883880615,False
413,0,58,FeedbackPeriodStarted,1764339601.8102627,506.75565361976624,False
414,0,58,startFixDisplay,1764339601.8103974,506.75578594207764,False
415,0,58,startFixPeriod,1764339602.032384,506.977774143219,False
416,0,58,TargetPresentation,1764339603.4687052,508.4140946865082,False
417,0,58,TargetRemoval,1764339603.690619,508.6360054016113,True
418,0,58,TargetReappeared,1764339603.9406369,508.8860239982605,False
419,0,58,RightResponse,1764339604.6137812,509.5591688156128,False
420,0,59,FeedbackPeriodStarted,1764339604.6273954,509.57278275489807,False
421,0,59,startFixDisplay,1764339604.6274621,509.5728485584259,False
422,0,59,startFixPeriod,1764339604.821915,509.76730489730835,False
423,0,59,TargetPresentation,1764339606.0779474,511.0233373641968,False
424,0,59,TargetDisplacement,1764339606.2650335,511.21042013168335,True
425,0,59,LeftResponse,1764339607.3893235,512.3347103595734,False
426,0,60,FeedbackPeriodStarted,1764339607.4030912,512.3484816551208,False
427,0,60,startFixDisplay,1764339607.4032366,512.3486249446869,False
428,0,60,startFixPeriod,1764339607.6118405,512.5572319030762,False
429,0,60,TargetPresentation,1764339608.2080882,513.153475522995,False
430,0,60,TargetDisplacement,1764339608.4023798,513.3477697372437,True
431,0,60,LeftResponse,1764339609.360386,514.3057749271393,False
432,0,60,FeedbackPeriodStarted,1764339609.3668501,514.3122408390045,False
433,0,61,startFixDisplay,1764339611.3721704,516.31756067276,False
434,0,61,startFixPeriod,1764339611.3791647,516.3245539665222,False
435,0,61,TargetPresentation,1764339612.003757,516.9491472244263,False
436,0,61,TargetRemoval,1764339612.2118084,517.1571979522705,True
437,0,61,TargetReappeared,1764339612.4616501,517.4070401191711,False
438,0,61,RightResponse,1764339613.0448494,517.9902386665344,False
439,0,62,FeedbackPeriodStarted,1764339613.065339,518.0107262134552,False
440,0,62,startFixDisplay,1764339613.0654657,518.0108523368835,False
441,0,62,startFixPeriod,1764339613.2805967,518.2259860038757,False
442,0,62,TargetPresentation,1764339614.2937646,519.2391543388367,False
443,0,62,TargetRemoval,1764339614.4254022,519.3707911968231,True
444,0,62,TargetReappeared,1764339614.6753395,519.6207294464111,False
445,0,62,LeftResponse,1764339615.2931006,520.2384881973267,False
446,0,63,FeedbackPeriodStarted,1764339615.3135488,520.2589361667633,False
447,0,63,startFixDisplay,1764339615.313635,520.2590215206146,False
448,0,63,startFixPeriod,1764339615.507985,520.4533751010895,False
449,0,63,TargetPresentation,1764339616.84036,521.7857489585876,False
450,0,63,TargetDisplacement,1764339616.8680544,521.8134412765503,True
451,0,63,LeftResponse,1764339617.5204206,522.4658079147339,False
452,0,64,FeedbackPeriodStarted,1764339617.5340106,522.4793975353241,False
453,0,64,startFixDisplay,1764339617.5340736,522.4794600009918,False
454,0,64,startFixPeriod,1764339617.7840056,522.729395866394,False
455,0,64,TargetPresentation,1764339619.171832,524.117222070694,False
456,0,64,TargetDisplacement,1764339619.3590944,524.3044810295105,True
457,0,64,RightResponse,1764339620.1297543,525.0751438140869,False
458,0,65,FeedbackPeriodStarted,1764339620.1431787,525.0885694026947,False
459,0,65,startFixDisplay,1764339620.1433158,525.0887041091919,False
460,0,65,startFixPeriod,1764339620.3932464,525.3386352062225,False
461,0,65,TargetPresentation,1764339621.662889,526.6082787513733,False
462,0,65,TargetRemoval,1764339621.8362854,526.781674861908,True
463,0,65,TargetReappeared,1764339622.0862002,527.0315878391266,False
464,0,65,RightResponse,1764339622.7663114,527.7116990089417,False
465,0,65,FeedbackPeriodStarted,1764339622.8008847,527.7462749481201,False
466,1,66,startFixDisplay,1764339768.367866,673.3132562637329,False
467,1,66,startFixPeriod,1764339768.4234633,673.3688519001007,False
468,1,66,TargetPresentation,1764339769.6865206,674.6319093704224,False
469,1,66,TargetDisplacement,1764339769.8181825,674.7635717391968,True
470,1,66,RightResponse,1764339770.269614,675.215003490448,False
471,1,67,FeedbackPeriodStarted,1764339770.2901354,675.2355227470398,False
472,1,67,startFixDisplay,1764339770.2902055,675.2355918884277,False
473,1,67,startFixPeriod,1764339770.5052874,675.4506764411926,False
474,1,67,TargetPresentation,1764339771.8304653,676.7758531570435,False
475,1,67,TargetRemoval,1764339771.969244,676.9146332740784,True
476,1,67,TargetReappeared,1764339772.2190974,677.164487361908,False
477,1,67,LeftResponse,1764339772.7537038,677.6990928649902,False
478,1,68,FeedbackPeriodStarted,1764339772.767139,677.7125263214111,False
479,1,68,startFixDisplay,1764339772.767204,677.7125906944275,False
480,1,68,startFixPeriod,1764339772.9268053,677.8721928596497,False
481,1,68,TargetPresentation,1764339773.5655026,678.5108907222748,False
482,1,68,TargetDisplacement,1764339773.5723734,678.5177609920502,True
483,1,68,LeftResponse,1764339774.828444,679.7738318443298,False
484,1,69,FeedbackPeriodStarted,1764339774.8488603,679.7942473888397,False
485,1,69,startFixDisplay,1764339774.848931,679.7943177223206,False
486,1,69,startFixPeriod,1764339775.0433621,679.9887521266937,False
487,1,69,TargetPresentation,1764339776.40348,681.3488693237305,False
488,1,69,TargetDisplacement,1764339776.5421062,681.4874954223633,True
489,1,69,LeftResponse,1764339777.389003,682.3343920707703,False
490,1,70,FeedbackPeriodStarted,1764339777.4095957,682.3549864292145,False
491,1,70,startFixDisplay,1764339777.4097648,682.355153799057,False
492,1,70,startFixPeriod,1764339777.597005,682.5423946380615,False
493,1,70,TargetPresentation,1764339778.6794527,683.6248426437378,False
494,1,70,TargetDisplacement,1764339778.8042314,683.7496206760406,True
495,1,70,RightResponse,1764339779.5680082,684.513397693634,False
496,1,71,FeedbackPeriodStarted,1764339779.5814023,684.5267927646637,False
497,1,71,startFixDisplay,1764339779.5815573,684.5269458293915,False
498,1,71,startFixPeriod,1764339779.7550364,684.7004251480103,False
499,1,71,TargetPresentation,1764339780.6362379,685.5816280841827,False
500,1,71,TargetDisplacement,1764339780.7749214,685.720311164856,True
501,1,71,RightResponse,1764339781.531703,686.4770903587341,False
502,1,72,FeedbackPeriodStarted,1764339781.5451648,686.4905552864075,False
503,1,72,startFixDisplay,1764339781.545314,686.4907023906708,False
504,1,72,startFixPeriod,1764339781.739615,686.6850023269653,False
505,1,72,TargetPresentation,1764339782.974669,687.920058965683,False
506,1,72,TargetDisplacement,1764339783.1342251,688.0796151161194,True
507,1,72,RightResponse,1764339783.8353777,688.7807657718658,False
508,1,72,FeedbackPeriodStarted,1764339783.8421848,688.7875757217407,False
509,1,73,startFixDisplay,1764339785.8472996,690.7926895618439,False
510,1,73,startFixPeriod,1764339786.062496,691.0078842639923,False
511,1,73,TargetPresentation,1764339787.3046677,692.2500567436218,False
512,1,73,TargetDisplacement,1764339787.4363403,692.3817293643951,True
513,1,73,RightResponse,1764339788.3040125,693.2494003772736,False
514,1,74,FeedbackPeriodStarted,1764339788.3244781,693.2698655128479,False
515,1,74,startFixDisplay,1764339788.3245459,693.26993227005,False
516,1,74,startFixPeriod,1764339788.6439037,693.589293718338,False
517,1,74,TargetPresentation,1764339789.525174,694.4705638885498,False
518,1,74,TargetDisplacement,1764339789.7055366,694.6509263515472,True
519,1,74,LeftResponse,1764339790.5799067,695.5252940654755,False
520,1,75,FeedbackPeriodStarted,1764339790.6004946,695.5458822250366,False
521,1,75,startFixDisplay,1764339790.600562,695.5459487438202,False
522,1,75,startFixPeriod,1764339790.80899,695.7543802261353,False
523,1,75,TargetPresentation,1764339792.2660968,697.2114872932434,False
524,1,75,TargetRemoval,1764339792.4671216,697.4125084877014,True
525,1,75,TargetReappeared,1764339792.7171848,697.6625742912292,False
526,1,75,LeftResponse,1764339793.3210723,698.2664618492126,False
527,1,76,FeedbackPeriodStarted,1764339793.341512,698.2869021892548,False
528,1,76,startFixDisplay,1764339793.3416922,698.2870810031891,False
529,1,76,startFixPeriod,1764339793.9384115,698.8838005065918,False
530,1,76,TargetPresentation,1764339795.1040893,700.0494773387909,False
531,1,76,TargetDisplacement,1764339795.2843933,700.2297825813293,True
532,1,76,RightResponse,1764339795.9161577,700.8615465164185,False
533,1,77,FeedbackPeriodStarted,1764339795.9298651,700.875256061554,False
534,1,77,startFixDisplay,1764339795.9300194,700.8754079341888,False
535,1,77,startFixPeriod,1764339796.1310978,701.0764877796173,False
536,1,77,TargetPresentation,1764339796.651514,701.59690284729,False
537,1,77,TargetDisplacement,1764339796.7832794,701.7286686897278,True
538,1,77,LeftResponse,1764339797.5745623,702.5199491977692,False
539,1,78,FeedbackPeriodStarted,1764339797.5882032,702.5335936546326,False
540,1,78,startFixDisplay,1764339797.5883021,702.533688545227,False
541,1,78,startFixPeriod,1764339797.7618253,702.7072153091431,False
542,1,78,TargetPresentation,1764339798.2752178,703.2206077575684,False
543,1,78,TargetDisplacement,1764339798.906538,703.8519246578217,True
544,1,78,RightResponse,1764339799.1983905,704.1437797546387,False
545,1,78,FeedbackPeriodStarted,1764339799.2049248,704.150313615799,False
546,1,79,startFixDisplay,1764339801.210331,706.155720949173,False
547,1,79,startFixPeriod,1764339801.328412,706.2738020420074,False
548,1,79,TargetPresentation,1764339802.1681514,707.1135411262512,False
549,1,79,TargetDisplacement,1764339802.320637,707.2660262584686,True
550,1,79,RightResponse,1764339803.1882691,708.1336579322815,False
551,1,80,FeedbackPeriodStarted,1764339803.208795,708.1541855335236,False
552,1,80,startFixDisplay,1764339803.209,708.1543893814087,False
553,1,80,startFixPeriod,1764339803.423993,708.3693828582764,False
554,1,80,TargetPresentation,1764339803.9931116,708.9385008811951,False
555,1,80,TargetDisplacement,1764339804.1593738,709.1047604084015,True
556,1,80,LeftResponse,1764339805.0966487,710.0420358181,False
557,1,81,FeedbackPeriodStarted,1764339805.1099923,710.0553793907166,False
558,1,81,startFixDisplay,1764339805.1100554,710.0554418563843,False
559,1,81,startFixPeriod,1764339805.3045359,710.2499258518219,False
560,1,81,TargetPresentation,1764339805.8873684,710.8327565193176,False
561,1,81,TargetRemoval,1764339806.1717832,711.1171724796295,True
562,1,81,TargetReappeared,1764339806.4217498,711.367139339447,False
563,1,81,RightResponse,1764339807.0324495,711.9778378009796,False
564,1,82,FeedbackPeriodStarted,1764339807.0461743,711.9915614128113,False
565,1,82,startFixDisplay,1764339807.0462365,711.9916229248047,False
566,1,82,startFixPeriod,1764339807.3237374,712.269127368927,False
567,1,82,TargetPresentation,1764339808.0593982,713.0047881603241,False
568,1,82,TargetDisplacement,1764339808.2325854,713.1779720783234,True
569,1,82,LeftResponse,1764339809.065768,714.0111563205719,False
570,1,83,FeedbackPeriodStarted,1764339809.0861819,714.0315721035004,False
571,1,83,startFixDisplay,1764339809.0863264,714.0317146778107,False
572,1,83,startFixPeriod,1764339809.2806177,714.2260055541992,False
573,1,83,TargetPresentation,1764339810.522698,715.4680864810944,False
574,1,83,TargetDisplacement,1764339810.6959991,715.6413886547089,True
575,1,83,LeftResponse,1764339811.5221298,716.4675176143646,False
576,1,84,FeedbackPeriodStarted,1764339811.5426447,716.488035440445,False
577,1,84,startFixDisplay,1764339811.5427985,716.4881870746613,False
578,1,84,startFixPeriod,1764339811.7022839,716.6476740837097,False
579,1,84,TargetPresentation,1764339812.944407,717.8897953033447,False
580,1,84,TargetRemoval,1764339813.0900927,718.035481929779,True
581,1,84,TargetReappeared,1764339813.339992,718.2853820323944,False
582,1,84,RightResponse,1764339813.971452,718.9168395996094,False
583,1,84,FeedbackPeriodStarted,1764339813.9782712,718.9236600399017,False
584,1,85,startFixDisplay,1764339815.9834268,720.9288136959076,False
585,1,85,startFixPeriod,1764339816.1779444,721.1233341693878,False
586,1,85,TargetPresentation,1764339816.7400684,721.6854581832886,False
587,1,85,TargetDisplacement,1764339816.9202964,721.8656854629517,True
588,1,85,RightResponse,1764339817.6144795,722.5598661899567,False
589,1,86,FeedbackPeriodStarted,1764339817.6281352,722.5735256671906,False
590,1,86,startFixDisplay,1764339817.6282802,722.5736684799194,False
591,1,86,startFixPeriod,1764339817.8154671,722.7608551979065,False
592,1,86,TargetPresentation,1764339819.0090954,723.9544832706451,False
593,1,86,TargetDisplacement,1764339819.244889,724.1902792453766,True
594,1,86,LeftResponse,1764339820.0292926,724.9746799468994,False
595,1,87,FeedbackPeriodStarted,1764339820.0498343,724.9952247142792,False
596,1,87,startFixDisplay,1764339820.0499778,724.9953663349152,False
597,1,87,startFixPeriod,1764339820.306804,725.2521922588348,False
598,1,87,TargetPresentation,1764339821.486417,726.4318070411682,False
599,1,87,TargetRemoval,1764339821.6943238,726.6397104263306,True
600,1,87,TargetReappeared,1764339821.9443948,726.8897848129272,False
601,1,87,LeftResponse,1764339822.70766,727.6530468463898,False
602,1,88,FeedbackPeriodStarted,1764339822.7212632,727.6666505336761,False
603,1,88,startFixDisplay,1764339822.721327,727.666713476181,False
604,1,88,startFixPeriod,1764339822.9436135,727.889004945755,False
605,1,88,TargetPresentation,1764339823.5472064,728.4925944805145,False
606,1,88,TargetDisplacement,1764339823.7483654,728.6937546730042,True
607,1,88,LeftResponse,1764339824.5396483,729.4850358963013,False
608,1,89,FeedbackPeriodStarted,1764339824.5533671,729.4987545013428,False
609,1,89,startFixDisplay,1764339824.5534317,729.498818397522,False
610,1,89,startFixPeriod,1764339824.7199621,729.6653521060944,False
611,1,89,TargetPresentation,1764339825.8371446,730.7825345993042,False
612,1,89,TargetDisplacement,1764339826.0590668,731.0044565200806,True
613,1,89,LeftResponse,1764339826.8780184,731.8234062194824,False
614,1,90,FeedbackPeriodStarted,1764339826.8986619,731.8440494537354,False
615,1,90,startFixDisplay,1764339826.8987365,731.8441226482391,False
616,1,90,startFixPeriod,1764339827.0931556,732.0385456085205,False
617,1,90,TargetPresentation,1764339828.5503206,733.4957106113434,False
618,1,90,TargetDisplacement,1764339828.709745,733.6551342010498,True
619,1,90,RightResponse,1764339829.6398664,734.585254907608,False
620,1,90,FeedbackPeriodStarted,1764339829.6464946,734.5918819904327,False
621,1,91,startFixDisplay,1764339831.6518834,736.5972735881805,False
622,1,91,startFixPeriod,1764339831.9643774,736.9097664356232,False
623,1,91,TargetPresentation,1764339833.359103,738.3044927120209,False
624,1,91,TargetRemoval,1764339833.5394444,738.4848349094391,True
625,1,91,TargetReappeared,1764339833.7892535,738.7346405982971,False
626,1,91,LeftResponse,1764339834.4417787,739.3871665000916,False
627,1,92,FeedbackPeriodStarted,1764339834.462211,739.4076011180878,False
628,1,92,startFixDisplay,1764339834.4623516,739.4077398777008,False
629,1,92,startFixPeriod,1764339834.698281,739.6436686515808,False
630,1,92,TargetPresentation,1764339836.01673,740.9621200561523,False
631,1,92,TargetDisplacement,1764339836.2247677,741.1701571941376,True
632,1,92,RightResponse,1764339836.877371,741.8227603435516,False
633,1,93,FeedbackPeriodStarted,1764339836.8978205,741.8432104587555,False
634,1,93,startFixDisplay,1764339836.897989,741.8433783054352,False
635,1,93,startFixPeriod,1764339837.1061642,742.0515534877777,False
636,1,93,TargetPresentation,1764339838.3758729,743.3212599754333,False
637,1,93,TargetRemoval,1764339838.5909538,743.5363428592682,True
638,1,93,TargetReappeared,1764339838.8409762,743.7863662242889,False
639,1,93,LeftResponse,1764339839.3685212,744.313910484314,False
640,1,94,FeedbackPeriodStarted,1764339839.3889267,744.3343169689178,False
641,1,94,startFixDisplay,1764339839.38907,744.3344588279724,False
642,1,94,startFixPeriod,1764339839.5972655,744.5426540374756,False
643,1,94,TargetPresentation,1764339841.0059166,745.9513063430786,False
644,1,94,TargetDisplacement,1764339841.1583657,746.1037549972534,True
645,1,94,LeftResponse,1764339842.1026077,747.0479984283447,False
646,1,95,FeedbackPeriodStarted,1764339842.122901,747.068291425705,False
647,1,95,startFixDisplay,1764339842.1230466,747.0684351921082,False
648,1,95,startFixPeriod,1764339842.3520737,747.2974638938904,False
649,1,95,TargetPresentation,1764339843.4692023,748.4145922660828,False
650,1,95,TargetDisplacement,1764339843.7605643,748.7059590816498,True
651,1,95,LeftResponse,1764339844.4341102,749.3794994354248,False
652,1,96,FeedbackPeriodStarted,1764339844.4543753,749.3997623920441,False
653,1,96,startFixDisplay,1764339844.4544427,749.3998293876648,False
654,1,96,startFixPeriod,1764339844.6418924,749.5872821807861,False
655,1,96,TargetPresentation,1764339845.3289928,750.2743833065033,False
656,1,96,TargetDisplacement,1764339845.5438313,750.4892208576202,True
657,1,96,RightResponse,1764339846.5300646,751.47545337677,False
658,1,96,FeedbackPeriodStarted,1764339846.5431695,751.4885597229004,False
659,1,97,startFixDisplay,1764339848.5484223,753.4938123226166,False
660,1,97,startFixPeriod,1764339848.5553493,753.5007383823395,False
661,1,97,TargetPresentation,1764339849.7142851,754.6596729755402,False
662,1,97,TargetDisplacement,1764339849.8946266,754.8400166034698,True
663,1,97,LeftResponse,1764339850.7134898,755.6588764190674,False
664,1,98,FeedbackPeriodStarted,1764339850.7272103,755.6725976467133,False
665,1,98,startFixDisplay,1764339850.7273343,755.6727206707001,False
666,1,98,startFixPeriod,1764339850.998026,755.9434156417847,False
667,1,98,TargetPresentation,1764339852.0041976,756.9495873451233,False
668,1,98,TargetRemoval,1764339852.1289551,757.0743443965912,True
669,1,98,TargetReappeared,1764339852.3788207,757.3242104053497,False
670,1,98,RightResponse,1764339852.947877,757.8932640552521,False
671,1,99,FeedbackPeriodStarted,1764339852.9615884,757.9069764614105,False
672,1,99,startFixDisplay,1764339852.9616725,757.9070599079132,False
673,1,99,startFixPeriod,1764339853.1422813,758.0876700878143,False
674,1,99,TargetPresentation,1764339854.592488,759.5378758907318,False
675,1,99,TargetRemoval,1764339854.738184,759.6835708618164,True
676,1,99,TargetReappeared,1764339854.9879932,759.9333832263947,False
677,1,99,LeftResponse,1764339855.5781314,760.5235204696655,False
678,1,100,FeedbackPeriodStarted,1764339855.5985086,760.5438990592957,False
679,1,100,startFixDisplay,1764339855.5986805,760.5440690517426,False
680,1,100,startFixPeriod,1764339855.820726,760.7661151885986,False
681,1,100,TargetPresentation,1764339856.6046746,761.5500626564026,False
682,1,100,TargetDisplacement,1764339856.798947,761.7443363666534,True
683,1,100,RightResponse,1764339857.5277703,762.4731574058533,False
684,1,101,FeedbackPeriodStarted,1764339857.54839,762.4937798976898,False
685,1,101,startFixDisplay,1764339857.5484974,762.4938838481903,False
686,1,101,startFixPeriod,1764339857.7289746,762.6743643283844,False
687,1,101,TargetPresentation,1764339858.8738818,763.8192715644836,False
688,1,101,TargetRemoval,1764339859.0264244,763.9718136787415,True
689,1,101,TargetReappeared,1764339859.2763546,764.2217445373535,False
690,1,101,LeftResponse,1764339859.790102,764.7354912757874,False
691,1,102,FeedbackPeriodStarted,1764339859.8036475,764.7490382194519,False
692,1,102,startFixDisplay,1764339859.8037934,764.7491822242737,False
693,1,102,startFixPeriod,1764339859.9841378,764.9295263290405,False
694,1,102,TargetPresentation,1764339860.6711195,765.6165065765381,False
695,1,102,TargetRemoval,1764339860.9346664,765.8800559043884,True
696,1,102,TargetReappeared,1764339861.1845326,766.1299204826355,False
697,1,102,LeftResponse,1764339861.8581064,766.8034937381744,False
698,1,102,FeedbackPeriodStarted,1764339861.8644872,766.8098754882812,False
699,1,103,startFixDisplay,1764339863.8698328,768.8152227401733,False
700,1,103,startFixPeriod,1764339864.1544218,769.0998089313507,False
701,1,103,TargetPresentation,1764339865.4867628,770.4321503639221,False
702,1,103,TargetDisplacement,1764339865.6463547,770.5917439460754,True
703,1,103,LeftResponse,1764339866.3336606,771.2790484428406,False
704,1,104,FeedbackPeriodStarted,1764339866.3541093,771.2994997501373,False
705,1,104,startFixDisplay,1764339866.3542528,771.2996413707733,False
706,1,104,startFixPeriod,1764339866.6179655,771.563355922699,False
707,1,104,TargetPresentation,1764339867.3118243,772.2572154998779,False
708,1,104,TargetDisplacement,1764339867.5544329,772.4998219013214,True
709,1,104,LeftResponse,1764339868.1652563,773.1106431484222,False
710,1,105,FeedbackPeriodStarted,1764339868.178922,773.1243093013763,False
711,1,105,startFixDisplay,1764339868.178988,773.1243743896484,False
712,1,105,startFixPeriod,1764339868.352704,773.298094034195,False
713,1,105,TargetPresentation,1764339869.6710765,774.6164667606354,False
714,1,105,TargetRemoval,1764339870.1635864,775.1089730262756,True
715,1,105,TargetReappeared,1764339870.4134781,775.3588678836823,False
716,1,105,LeftResponse,1764339871.961255,776.9066467285156,False
717,1,106,FeedbackPeriodStarted,1764339871.9815998,776.9269909858704,False
718,1,106,startFixDisplay,1764339871.9817822,776.9271712303162,False
719,1,106,startFixPeriod,1764339872.1621313,777.1075196266174,False
720,1,106,TargetPresentation,1764339873.327851,778.2732396125793,False
721,1,106,TargetDisplacement,1764339873.4874597,778.4328463077545,True
722,1,106,LeftResponse,1764339874.424631,779.370020866394,False
723,1,107,FeedbackPeriodStarted,1764339874.444851,779.3902382850647,False
724,1,107,startFixDisplay,1764339874.444916,779.3903021812439,False
725,1,107,startFixPeriod,1764339874.653101,779.5984909534454,False
726,1,107,TargetPresentation,1764339875.798261,780.7436509132385,False
727,1,107,TargetDisplacement,1764339875.9507666,780.896157503128,True
728,1,107,LeftResponse,1764339876.9363847,781.8817718029022,False
729,1,108,FeedbackPeriodStarted,1764339876.9500465,781.895437002182,False
730,1,108,startFixDisplay,1764339876.9502494,781.8956372737885,False
731,1,108,startFixPeriod,1764339877.1234736,782.0688636302948,False
732,1,108,TargetPresentation,1764339878.0325103,782.9778974056244,False
733,1,108,TargetDisplacement,1764339878.1990316,783.144421339035,True
734,1,108,RightResponse,1764339878.913982,783.8593699932098,False
735,1,108,FeedbackPeriodStarted,1764339878.92062,783.8660109043121,False
736,1,109,startFixDisplay,1764339880.9259603,785.8713505268097,False
737,1,109,startFixPeriod,1764339881.141304,786.0866920948029,False
738,1,109,TargetPresentation,1764339882.2098603,787.1552503108978,False
739,1,109,TargetDisplacement,1764339882.3901517,787.335541009903,True
740,1,109,RightResponse,1764339883.0705984,788.0159859657288,False
741,1,110,FeedbackPeriodStarted,1764339883.083999,788.0293862819672,False
742,1,110,startFixDisplay,1764339883.084067,788.0294535160065,False
743,1,110,startFixPeriod,1764339883.4658725,788.4112627506256,False
744,1,110,TargetPresentation,1764339884.936964,789.8823540210724,False
745,1,110,TargetRemoval,1764339885.0754893,790.0208759307861,True
746,1,110,TargetReappeared,1764339885.3255465,790.2709362506866,False
747,1,110,RightResponse,1764339885.9434314,790.8888199329376,False
748,1,111,FeedbackPeriodStarted,1764339885.963768,790.9091582298279,False
749,1,111,startFixDisplay,1764339885.963914,790.9093024730682,False
750,1,111,startFixPeriod,1764339886.1233974,791.0687849521637,False
751,1,111,TargetPresentation,1764339887.2129118,792.1583020687103,False
752,1,111,TargetRemoval,1764339887.372376,792.3177652359009,True
753,1,111,TargetReappeared,1764339887.622369,792.5677592754364,False
754,1,111,LeftResponse,1764339888.1777546,793.1231420040131,False
755,1,112,FeedbackPeriodStarted,1764339888.1980994,793.1434864997864,False
756,1,112,startFixDisplay,1764339888.1981642,793.1435506343842,False
757,1,112,startFixPeriod,1764339888.4273212,793.3727107048035,False
758,1,112,TargetPresentation,1764339889.4126213,794.3580090999603,False
759,1,112,TargetDisplacement,1764339889.6206226,794.5660092830658,True
760,1,112,RightResponse,1764339890.4327857,795.3781728744507,False
761,1,113,FeedbackPeriodStarted,1764339890.4533947,795.3987848758698,False
762,1,113,startFixDisplay,1764339890.453538,795.3989264965057,False
763,1,113,startFixPeriod,1764339890.835022,795.7804119586945,False
764,1,113,TargetPresentation,1764339891.6192555,796.5646455287933,False
765,1,113,TargetDisplacement,1764339891.792512,796.7379014492035,True
766,1,113,LeftResponse,1764339892.6464872,797.591876745224,False
767,1,114,FeedbackPeriodStarted,1764339892.6601052,797.6055014133453,False
768,1,114,startFixDisplay,1764339892.6602848,797.6056728363037,False
769,1,114,startFixPeriod,1764339892.8543546,797.7997446060181,False
770,1,114,TargetPresentation,1764339893.9508016,798.896192073822,False
771,1,114,TargetRemoval,1764339894.0893378,799.0347242355347,True
772,1,114,TargetReappeared,1764339894.339316,799.2847058773041,False
773,1,114,LeftResponse,1764339894.9433117,799.8887009620667,False
774,1,114,FeedbackPeriodStarted,1764339894.949891,799.8952813148499,False
775,1,115,startFixDisplay,1764339896.9551358,801.9005224704742,False
776,1,115,startFixPeriod,1764339897.1425807,802.0879685878754,False
777,1,115,TargetPresentation,1764339897.6769822,802.6223721504211,False
778,1,115,TargetRemoval,1764339897.8642519,802.8096415996552,True
779,1,115,TargetReappeared,1764339898.1141317,803.0595197677612,False
780,1,115,RightResponse,1764339898.7317178,803.6771049499512,False
781,1,116,FeedbackPeriodStarted,1764339898.7593224,803.7047126293182,False
782,1,116,startFixDisplay,1764339898.7594204,803.7048070430756,False
783,1,116,startFixPeriod,1764339898.9537175,803.8991048336029,False
784,1,116,TargetPresentation,1764339900.4248817,805.3702716827393,False
785,1,116,TargetRemoval,1764339900.5634491,805.5088357925415,True
786,1,116,TargetReappeared,1764339900.8134518,805.7588391304016,False
787,1,116,LeftResponse,1764339901.3826427,806.3280301094055,False
788,1,117,FeedbackPeriodStarted,1764339901.4032114,806.3486025333405,False
789,1,117,startFixDisplay,1764339901.4033673,806.3487555980682,False
790,1,117,startFixPeriod,1764339901.8404505,806.7858381271362,False
791,1,117,TargetPresentation,1764339903.0824916,808.0278813838959,False
792,1,117,TargetDisplacement,1764339903.228022,808.1734116077423,True
793,1,117,RightResponse,1764339904.2969925,809.2423801422119,False
794,1,118,FeedbackPeriodStarted,1764339904.3174357,809.2628231048584,False
795,1,118,startFixDisplay,1764339904.3175025,809.2628889083862,False
796,1,118,startFixPeriod,1764339904.5188456,809.4642338752747,False
797,1,118,TargetPresentation,1764339905.9691727,810.914562702179,False
798,1,118,TargetDisplacement,1764339906.093999,811.0393891334534,True
799,1,118,LeftResponse,1764339906.7741868,811.7195746898651,False
800,1,119,FeedbackPeriodStarted,1764339906.7947648,811.7401552200317,False
801,1,119,startFixDisplay,1764339906.7948985,811.7402868270874,False
802,1,119,startFixPeriod,1764339907.009996,811.955385684967,False
803,1,119,TargetPresentation,1764339907.6552467,812.6006367206573,False
804,1,119,TargetRemoval,1764339907.7871187,812.7325081825256,True
805,1,119,TargetReappeared,1764339908.037036,812.9824261665344,False
806,1,119,RightResponse,1764339908.6338978,813.5792856216431,False
807,1,120,FeedbackPeriodStarted,1764339908.647389,813.5927767753601,False
808,1,120,startFixDisplay,1764339908.6475499,813.5929379463196,False
809,1,120,startFixPeriod,1764339908.99461,813.9399988651276,False
810,1,120,TargetPresentation,1764339910.2436461,815.189035654068,False
811,1,120,TargetRemoval,1764339910.41688,815.3622694015503,True
812,1,120,TargetReappeared,1764339910.6668372,815.6122250556946,False
813,1,120,LeftResponse,1764339911.1734562,816.1188430786133,False
814,1,120,FeedbackPeriodStarted,1764339911.1802344,816.1256251335144,False
815,1,121,startFixDisplay,1764339913.1855567,818.1309463977814,False
816,1,121,startFixPeriod,1764339913.3869667,818.332356929779,False
817,1,121,TargetPresentation,1764339914.6498692,819.5952594280243,False
818,1,121,TargetDisplacement,1764339914.7883947,819.7337815761566,True
819,1,121,LeftResponse,1764339915.5454333,820.490823507309,False
820,1,122,FeedbackPeriodStarted,1764339915.565681,820.5110709667206,False
821,1,122,startFixDisplay,1764339915.5658147,820.511203289032,False
822,1,122,startFixPeriod,1764339915.843378,820.7887680530548,False
823,1,122,TargetPresentation,1764339916.891018,821.8364078998566,False
824,1,122,TargetDisplacement,1764339917.1824796,822.1278691291809,True
825,1,122,RightResponse,1764339917.8491776,822.7945668697357,False
826,1,123,FeedbackPeriodStarted,1764339917.8763785,822.8217692375183,False
827,1,123,startFixDisplay,1764339917.876522,822.8219106197357,False
828,1,123,startFixPeriod,1764339918.0707495,823.0161392688751,False
829,1,123,TargetPresentation,1764339919.5558918,824.5012829303741,False
830,1,123,TargetDisplacement,1764339919.6943703,824.6397571563721,True
831,1,123,LeftResponse,1764339920.5761614,825.5215508937836,False
832,1,124,FeedbackPeriodStarted,1764339920.603403,825.5487902164459,False
833,1,124,startFixDisplay,1764339920.6034675,825.5488538742065,False
834,1,124,startFixPeriod,1764339920.8186839,825.7640733718872,False
835,1,124,TargetPresentation,1764339922.123203,827.0685932636261,False
836,1,124,TargetRemoval,1764339922.268879,827.2142686843872,True
837,1,124,TargetReappeared,1764339922.5187075,827.4640953540802,False
838,1,124,RightResponse,1764339923.3031695,828.2485589981079,False
839,1,125,FeedbackPeriodStarted,1764339923.3235803,828.2689681053162,False
840,1,125,startFixDisplay,1764339923.323656,828.26904296875,False
841,1,125,startFixPeriod,1764339923.6081636,828.5535535812378,False
842,1,125,TargetPresentation,1764339924.8988755,829.8442652225494,False
843,1,125,TargetDisplacement,1764339925.0444028,829.98978972435,True
844,1,125,RightResponse,1764339925.7595174,830.7049067020416,False
845,1,126,FeedbackPeriodStarted,1764339925.779943,830.7253334522247,False
846,1,126,startFixDisplay,1764339925.7800875,830.7254757881165,False
847,1,126,startFixPeriod,1764339925.9535878,830.898975610733,False
848,1,126,TargetPresentation,1764339926.8209298,831.7663180828094,False
849,1,126,TargetRemoval,1764339927.0220942,831.967483997345,True
850,1,126,TargetReappeared,1764339927.2719653,832.2173550128937,False
851,1,126,LeftResponse,1764339927.7718208,832.717209815979,False
852,1,126,FeedbackPeriodStarted,1764339927.785412,832.7308025360107,False
853,1,127,startFixDisplay,1764339929.7906718,834.7360620498657,False
854,1,127,startFixPeriod,1764339930.026649,834.9720370769501,False
855,1,127,TargetPresentation,1764339930.6374536,835.5828416347504,False
856,1,127,TargetRemoval,1764339930.8871152,835.8325021266937,True
857,1,127,TargetReappeared,1764339931.1369793,836.0823695659637,False
858,1,127,RightResponse,1764339932.004629,836.9500176906586,False
859,1,128,FeedbackPeriodStarted,1764339932.0250802,836.970470905304,False
860,1,128,startFixDisplay,1764339932.0252821,836.9706723690033,False
861,1,128,startFixPeriod,1764339932.2125347,837.1579246520996,False
862,1,128,TargetPresentation,1764339933.5377076,838.4830946922302,False
863,1,128,TargetRemoval,1764339933.732074,838.6774632930756,True
864,1,128,TargetReappeared,1764339933.9820592,838.9274492263794,False
865,1,128,RightResponse,1764339934.5997965,839.5451858043671,False
866,1,129,FeedbackPeriodStarted,1764339934.620252,839.565642118454,False
867,1,129,startFixDisplay,1764339934.6203964,839.5657846927643,False
868,1,129,startFixPeriod,1764339934.7868054,839.7321929931641,False
869,1,129,TargetPresentation,1764339936.0426931,840.9880809783936,False
870,1,129,TargetRemoval,1764339936.230246,841.1756365299225,True
871,1,129,TargetReappeared,1764339936.479915,841.425304889679,False
872,1,129,RightResponse,1764339937.118749,842.0641372203827,False
873,1,130,FeedbackPeriodStarted,1764339937.139122,842.0845122337341,False
874,1,130,startFixDisplay,1764339937.1392634,842.0846519470215,False
875,1,130,startFixPeriod,1764339937.146037,842.0914263725281,False
876,1,130,TargetPresentation,1764339938.5756428,843.5210316181183,False
877,1,130,TargetDisplacement,1764339939.0959516,844.041341304779,True
878,1,130,LeftResponse,1764339939.8387463,844.7841355800629,False
879,1,131,FeedbackPeriodStarted,1764339939.859297,844.8046841621399,False
880,1,131,startFixDisplay,1764339939.8594184,844.8048052787781,False
881,1,131,startFixPeriod,1764339940.0674465,845.012834072113,False
882,1,131,TargetPresentation,1764339941.5385966,846.4839854240417,False
883,1,131,TargetRemoval,1764339941.6772778,846.6226670742035,True
884,1,131,TargetReappeared,1764339941.927211,846.8725988864899,False
885,1,131,LeftResponse,1764339942.766925,847.7123126983643,False
886,1,131,FeedbackPeriodStarted,1764339942.8084981,847.7538869380951,False
887,2,132,startFixDisplay,1764340089.9297347,994.8751249313354,False
888,2,132,startFixPeriod,1764340089.964475,994.9098620414734,False
889,2,132,TargetPresentation,1764340091.158091,996.1034812927246,False
890,2,132,TargetDisplacement,1764340091.3174894,996.262876033783,True
891,2,132,RightResponse,1764340092.1575084,997.1028974056244,False
892,2,133,FeedbackPeriodStarted,1764340092.1780193,997.123409986496,False
893,2,133,startFixDisplay,1764340092.1781619,997.1235506534576,False
894,2,133,startFixPeriod,1764340092.3445039,997.2898919582367,False
895,2,133,TargetPresentation,1764340093.593746,998.5391359329224,False
896,2,133,TargetRemoval,1764340093.7393088,998.6846961975098,True
897,2,133,TargetReappeared,1764340093.989178,998.934567451477,False
898,2,133,RightResponse,1764340094.59312,999.5385091304779,False
899,2,134,FeedbackPeriodStarted,1764340094.613584,999.5589733123779,False
900,2,134,startFixDisplay,1764340094.6136978,999.5590853691101,False
901,2,134,startFixPeriod,1764340094.9191868,999.8645775318146,False
902,2,134,TargetPresentation,1764340096.1889224,1001.1343123912811,False
903,2,134,TargetDisplacement,1764340096.3413918,1001.2867813110352,True
904,2,134,LeftResponse,1764340097.0355244,1001.9809112548828,False
905,2,135,FeedbackPeriodStarted,1764340097.0562615,1002.0016489028931,False
906,2,135,startFixDisplay,1764340097.0563254,1002.001711845398,False
907,2,135,startFixPeriod,1764340097.2783208,1002.2237091064453,False
908,2,135,TargetPresentation,1764340097.791884,1002.7372739315033,False
909,2,135,TargetDisplacement,1764340097.986,1002.9313895702362,True
910,2,135,RightResponse,1764340098.8120651,1003.7574543952942,False
911,2,136,FeedbackPeriodStarted,1764340098.8324623,1003.777850151062,False
912,2,136,startFixDisplay,1764340098.8325286,1003.7779150009155,False
913,2,136,startFixPeriod,1764340098.9852889,1003.9306778907776,False
914,2,136,TargetPresentation,1764340099.6237319,1004.5691204071045,False
915,2,136,TargetRemoval,1764340099.776309,1004.7216956615448,True
916,2,136,TargetReappeared,1764340100.0262566,1004.9716467857361,False
917,2,136,LeftResponse,1764340100.623272,1005.5686614513397,False
918,2,137,FeedbackPeriodStarted,1764340100.6436946,1005.5890853404999,False
919,2,137,startFixDisplay,1764340100.6438468,1005.5892350673676,False
920,2,137,startFixPeriod,1764340100.8381207,1005.783510684967,False
921,2,137,TargetPresentation,1764340101.5043304,1006.4497208595276,False
922,2,137,TargetDisplacement,1764340101.6428714,1006.5882606506348,True
923,2,137,LeftResponse,1764340102.4686677,1007.4140546321869,False
924,2,138,FeedbackPeriodStarted,1764340102.489506,1007.4348964691162,False
925,2,138,startFixDisplay,1764340102.4896307,1007.4350171089172,False
926,2,138,startFixPeriod,1764340102.7184613,1007.6638488769531,False
927,2,138,TargetPresentation,1764340103.551232,1008.4966218471527,False
928,2,138,TargetDisplacement,1764340103.6967757,1008.642165184021,True
929,2,138,LeftResponse,1764340104.4952323,1009.4406216144562,False
930,2,138,FeedbackPeriodStarted,1764340104.5017304,1009.4471209049225,False
931,2,139,startFixDisplay,1764340106.5071242,1011.4525146484375,False
932,2,139,startFixPeriod,1764340106.8611476,1011.8065373897552,False
933,2,139,TargetPresentation,1764340108.2420692,1013.1874589920044,False
934,2,139,TargetDisplacement,1764340108.429071,1013.374457359314,True
935,2,139,LeftResponse,1764340109.1025982,1014.0479867458344,False
936,2,140,FeedbackPeriodStarted,1764340109.1232421,1014.0686326026917,False
937,2,140,startFixDisplay,1764340109.123396,1014.0687839984894,False
938,2,140,startFixPeriod,1764340109.2759385,1014.221328496933,False
939,2,140,TargetPresentation,1764340109.7892907,1014.7346804141998,False
940,2,140,TargetDisplacement,1764340109.928074,1014.8734631538391,True
941,2,140,RightResponse,1764340110.6155498,1015.5609390735626,False
942,2,141,FeedbackPeriodStarted,1764340110.6358922,1015.5812833309174,False
943,2,141,startFixDisplay,1764340110.6360426,1015.5814306735992,False
944,2,141,startFixPeriod,1764340110.8580806,1015.8034706115723,False
945,2,141,TargetPresentation,1764340112.2527318,1017.1981210708618,False
946,2,141,TargetDisplacement,1764340112.4260707,1017.3714599609375,True
947,2,141,LeftResponse,1764340113.030134,1017.975522518158,False
948,2,142,FeedbackPeriodStarted,1764340113.050547,1017.9959342479706,False
949,2,142,startFixDisplay,1764340113.0506232,1017.9960095882416,False
950,2,142,startFixPeriod,1764340113.2381046,1018.1834948062897,False
951,2,142,TargetPresentation,1764340114.7230344,1019.6684231758118,False
952,2,142,TargetRemoval,1764340114.9101741,1019.8555610179901,True
953,2,142,TargetReappeared,1764340115.1602893,1020.1056792736053,False
954,2,142,LeftResponse,1764340115.7016008,1020.6469895839691,False
955,2,143,FeedbackPeriodStarted,1764340115.7220619,1020.6674492359161,False
956,2,143,startFixDisplay,1764340115.7221248,1020.6675112247467,False
957,2,143,startFixPeriod,1764340115.9788787,1020.9242668151855,False
958,2,143,TargetPresentation,1764340117.0821936,1022.0275807380676,False
959,2,143,TargetRemoval,1764340117.5193775,1022.464766740799,True
960,2,143,TargetReappeared,1764340117.7693715,1022.7147614955902,False
961,2,143,RightResponse,1764340118.373308,1023.318696975708,False
962,2,144,FeedbackPeriodStarted,1764340118.3936722,1023.3390595912933,False
963,2,144,startFixDisplay,1764340118.3937397,1023.3391261100769,False
964,2,144,startFixPeriod,1764340118.6019418,1023.5473318099976,False
965,2,144,TargetPresentation,1764340119.1016681,1024.0470552444458,False
966,2,144,TargetDisplacement,1764340119.2818978,1024.227287054062,True
967,2,144,RightResponse,1764340120.5798025,1025.5251903533936,False
968,2,144,FeedbackPeriodStarted,1764340120.586434,1025.531821012497,False
969,2,145,startFixDisplay,1764340122.5918326,1027.537222623825,False
970,2,145,startFixPeriod,1764340122.9111395,1027.856528520584,False
971,2,145,TargetPresentation,1764340123.9242969,1028.8696868419647,False
972,2,145,TargetDisplacement,1764340124.0836787,1029.0290656089783,True
973,2,145,RightResponse,1764340124.8056495,1029.7510361671448,False
974,2,146,FeedbackPeriodStarted,1764340124.8261755,1029.7715656757355,False
975,2,146,startFixDisplay,1764340124.8263173,1029.7717056274414,False
976,2,146,startFixPeriod,1764340125.0066612,1029.9520485401154,False
977,2,146,TargetPresentation,1764340126.2071872,1031.152577161789,False
978,2,146,TargetDisplacement,1764340126.3666372,1031.3120238780975,True
979,2,146,LeftResponse,1764340127.0123374,1031.9577267169952,False
980,2,147,FeedbackPeriodStarted,1764340127.0328221,1031.9782123565674,False
981,2,147,startFixDisplay,1764340127.0329638,1031.9783520698547,False
982,2,147,startFixPeriod,1764340127.2202814,1032.1656708717346,False
983,2,147,TargetPresentation,1764340128.6635177,1033.6089057922363,False
984,2,147,TargetDisplacement,1764340128.8092196,1033.7546091079712,True
985,2,147,RightResponse,1764340129.4687083,1034.4140968322754,False
986,2,148,FeedbackPeriodStarted,1764340129.4891307,1034.4345190525055,False
987,2,148,startFixDisplay,1764340129.489231,1034.434618473053,False
988,2,148,startFixPeriod,1764340129.676646,1034.6220347881317,False
989,2,148,TargetPresentation,1764340130.759087,1035.704476594925,False
990,2,148,TargetDisplacement,1764340130.9046905,1035.8500771522522,True
991,2,148,RightResponse,1764340131.6407788,1036.586166858673,False
992,2,149,FeedbackPeriodStarted,1764340131.6610277,1036.6064145565033,False
993,2,149,startFixDisplay,1764340131.6611488,1036.6065356731415,False
994,2,149,startFixPeriod,1764340131.8554873,1036.8008768558502,False
995,2,149,TargetPresentation,1764340133.2710948,1038.2164850234985,False
996,2,149,TargetDisplacement,1764340133.416667,1038.3620564937592,True
997,2,149,LeftResponse,1764340134.06242,1039.0078082084656,False
998,2,150,FeedbackPeriodStarted,1764340134.082861,1039.0282514095306,False
999,2,150,startFixDisplay,1764340134.0830073,1039.0283958911896,False
1000,2,150,startFixPeriod,1764340134.256474,1039.2018642425537,False
1001,2,150,TargetPresentation,1764340135.595717,1040.5411067008972,False
1002,2,150,TargetRemoval,1764340135.7551606,1040.70054936409,True
1003,2,150,TargetReappeared,1764340136.005072,1040.9504628181458,False
1004,2,150,LeftResponse,1764340136.6019135,1041.5473005771637,False
1005,2,150,FeedbackPeriodStarted,1764340136.6087365,1041.554123878479,False
1006,2,151,startFixDisplay,1764340138.6209733,1043.566363811493,False
1007,2,151,startFixPeriod,1764340138.877782,1043.8231718540192,False
1008,2,151,TargetPresentation,1764340139.4884527,1044.4338397979736,False
1009,2,151,TargetDisplacement,1764340139.6479,1044.5932896137238,True
1010,2,151,LeftResponse,1764340140.3977692,1045.343157529831,False
1011,2,152,FeedbackPeriodStarted,1764340140.4181764,1045.3635666370392,False
1012,2,152,startFixDisplay,1764340140.4183128,1045.3637013435364,False
1013,2,152,startFixPeriod,1764340140.8276384,1045.773027420044,False
1014,2,152,TargetPresentation,1764340141.410512,1046.355901479721,False
1015,2,152,TargetDisplacement,1764340141.5631032,1046.5084927082062,True
1016,2,152,LeftResponse,1764340142.278295,1047.223684310913,False
1017,2,153,FeedbackPeriodStarted,1764340142.298623,1047.2440102100372,False
1018,2,153,startFixDisplay,1764340142.2986898,1047.2440762519836,False
1019,2,153,startFixPeriod,1764340142.4861507,1047.4315407276154,False
1020,2,153,TargetPresentation,1764340143.7282925,1048.6736824512482,False
1021,2,153,TargetRemoval,1764340143.8876739,1048.8330628871918,True
1022,2,153,TargetReappeared,1764340144.1377304,1049.0831201076508,False
1023,2,153,LeftResponse,1764340144.8457534,1049.7911422252655,False
1024,2,154,FeedbackPeriodStarted,1764340144.866023,1049.8114104270935,False
1025,2,154,startFixDisplay,1764340144.866091,1049.8114774227142,False
1026,2,154,startFixPeriod,1764340145.2548337,1050.2002232074738,False
1027,2,154,TargetPresentation,1764340146.3928041,1051.3381922245026,False
1028,2,154,TargetDisplacement,1764340146.5384316,1051.4838209152222,True
1029,2,154,LeftResponse,1764340147.1979558,1052.1433441638947,False
1030,2,155,FeedbackPeriodStarted,1764340147.2185323,1052.1639218330383,False
1031,2,155,startFixDisplay,1764340147.2186787,1052.1640651226044,False
1032,2,155,startFixPeriod,1764340147.5725083,1052.517897605896,False
1033,2,155,TargetPresentation,1764340148.7937572,1053.7391464710236,False
1034,2,155,TargetDisplacement,1764340148.9393876,1053.8847784996033,True
1035,2,155,RightResponse,1764340149.6056967,1054.551084280014,False
1036,2,156,FeedbackPeriodStarted,1764340149.6262321,1054.5716190338135,False
1037,2,156,startFixDisplay,1764340149.6262956,1054.5716819763184,False
1038,2,156,startFixPeriod,1764340149.8414147,1054.7868027687073,False
1039,2,156,TargetPresentation,1764340150.9100964,1055.8554859161377,False
1040,2,156,TargetDisplacement,1764340151.0627058,1056.0080950260162,True
1041,2,156,LeftResponse,1764340151.888729,1056.8341171741486,False
1042,2,156,FeedbackPeriodStarted,1764340151.9024868,1056.8478739261627,False
1043,2,157,startFixDisplay,1764340153.907557,1058.8529436588287,False
1044,2,157,startFixPeriod,1764340154.2062633,1059.1516530513763,False
1045,2,157,TargetPresentation,1764340154.7473874,1059.6927769184113,False
1046,2,157,TargetRemoval,1764340154.920702,1059.8660883903503,True
1047,2,157,TargetReappeared,1764340155.1706836,1060.1160731315613,False
1048,2,157,RightResponse,1764340155.6774821,1060.6228699684143,False
1049,2,158,FeedbackPeriodStarted,1764340155.6979423,1060.6433322429657,False
1050,2,158,startFixDisplay,1764340155.698085,1060.6434733867645,False
1051,2,158,startFixPeriod,1764340156.051949,1060.99733877182,False
1052,2,158,TargetPresentation,1764340156.7319934,1061.6773827075958,False
1053,2,158,TargetDisplacement,1764340156.919155,1061.864543914795,True
1054,2,158,LeftResponse,1764340157.5510619,1062.4964497089386,False
1055,2,159,FeedbackPeriodStarted,1764340157.5714731,1062.5168626308441,False
1056,2,159,startFixDisplay,1764340157.571644,1062.5170323848724,False
1057,2,159,startFixPeriod,1764340157.738146,1062.6835355758667,False
1058,2,159,TargetPresentation,1764340158.626358,1063.5717477798462,False
1059,2,159,TargetRemoval,1764340158.771921,1063.7173099517822,True
1060,2,159,TargetReappeared,1764340159.0217733,1063.9671604633331,False
1061,2,159,RightResponse,1764340159.556081,1064.501467704773,False
1062,2,160,FeedbackPeriodStarted,1764340159.5768616,1064.5222508907318,False
1063,2,160,startFixDisplay,1764340159.576986,1064.5223743915558,False
1064,2,160,startFixPeriod,1764340159.76447,1064.709860086441,False
1065,2,160,TargetPresentation,1764340160.7913527,1065.736739873886,False
1066,2,160,TargetDisplacement,1764340160.9577038,1065.9030930995941,True
1067,2,160,LeftResponse,1764340161.7145178,1066.6599054336548,False
1068,2,161,FeedbackPeriodStarted,1764340161.7349086,1066.6802983283997,False
1069,2,161,startFixDisplay,1764340161.735049,1066.6804368495941,False
1070,2,161,startFixPeriod,1764340162.0473142,1066.9927036762238,False
1071,2,161,TargetPresentation,1764340163.3102112,1068.2556009292603,False
1072,2,161,TargetRemoval,1764340163.483552,1068.4289410114288,True
1073,2,161,TargetReappeared,1764340163.7335157,1068.6789045333862,False
1074,2,161,LeftResponse,1764340164.330311,1069.2756986618042,False
1075,2,162,FeedbackPeriodStarted,1764340164.3509831,1069.2963726520538,False
1076,2,162,startFixDisplay,1764340164.3511286,1069.2965166568756,False
1077,2,162,startFixPeriod,1764340164.5244792,1069.469866991043,False
1078,2,162,TargetPresentation,1764340165.162873,1070.10826253891,False
1079,2,162,TargetRemoval,1764340165.3362317,1070.2816207408905,True
1080,2,162,TargetReappeared,1764340165.5861444,1070.5315337181091,False
1081,2,162,LeftResponse,1764340166.1344469,1071.0798337459564,False
1082,2,162,FeedbackPeriodStarted,1764340166.1413374,1071.086727142334,False
1083,2,163,startFixDisplay,1764340168.14655,1073.0919392108917,False
1084,2,163,startFixPeriod,1764340168.4173934,1073.362780570984,False
1085,2,163,TargetPresentation,1764340169.0835948,1074.0289862155914,False
1086,2,163,TargetDisplacement,1764340169.2429063,1074.1882953643799,True
1087,2,163,LeftResponse,1764340169.9648018,1074.9101884365082,False
1088,2,164,FeedbackPeriodStarted,1764340169.9854338,1074.9308235645294,False
1089,2,164,startFixDisplay,1764340169.985608,1074.9309973716736,False
1090,2,164,startFixPeriod,1764340170.1660302,1075.1114196777344,False
1091,2,164,TargetPresentation,1764340170.769621,1075.7150104045868,False
1092,2,164,TargetDisplacement,1764340171.1164482,1076.06183719635,True
1093,2,164,LeftResponse,1764340171.630192,1076.575579881668,False
1094,2,165,FeedbackPeriodStarted,1764340171.650777,1076.5961663722992,False
1095,2,165,startFixDisplay,1764340171.6509817,1076.596372127533,False
1096,2,165,startFixPeriod,1764340171.8799736,1076.825362920761,False
1097,2,165,TargetPresentation,1764340172.7056725,1077.6510605812073,False
1098,2,165,TargetRemoval,1764340173.0038686,1077.9492571353912,True
1099,2,165,TargetReappeared,1764340173.2537646,1078.1991517543793,False
1100,2,165,LeftResponse,1764340173.843905,1078.7892932891846,False
1101,2,166,FeedbackPeriodStarted,1764340173.8642278,1078.8096151351929,False
1102,2,166,startFixDisplay,1764340173.8642948,1078.8096809387207,False
1103,2,166,startFixPeriod,1764340174.3224616,1079.267851114273,False
1104,2,166,TargetPresentation,1764340175.7657487,1080.7111361026764,False
1105,2,166,TargetRemoval,1764340175.9530516,1080.8984413146973,True
1106,2,166,TargetReappeared,1764340176.2029479,1081.1483373641968,False
1107,2,166,RightResponse,1764340177.084433,1082.0298211574554,False
1108,2,167,FeedbackPeriodStarted,1764340177.1048484,1082.0502378940582,False
1109,2,167,startFixDisplay,1764340177.1049876,1082.050375699997,False
1110,2,167,startFixPeriod,1764340177.479802,1082.4251914024353,False
1111,2,167,TargetPresentation,1764340178.9299831,1083.8753728866577,False
1112,2,167,TargetDisplacement,1764340179.1310754,1084.0764644145966,True
1113,2,167,LeftResponse,1764340180.0406058,1084.985993862152,False
1114,2,168,FeedbackPeriodStarted,1764340180.0609372,1085.006326675415,False
1115,2,168,startFixDisplay,1764340180.0610843,1085.0064723491669,False
1116,2,168,startFixPeriod,1764340180.2483413,1085.1937301158905,False
1117,2,168,TargetPresentation,1764340181.2476149,1086.1930034160614,False
1118,2,168,TargetDisplacement,1764340181.3794215,1086.324810743332,True
1119,2,168,LeftResponse,1764340182.1497874,1087.095175743103,False
1120,2,168,FeedbackPeriodStarted,1764340182.1564906,1087.1018772125244,False
1121,2,169,startFixDisplay,1764340184.1617222,1089.107108592987,False
1122,2,169,startFixPeriod,1764340184.495138,1089.440527677536,False
1123,2,169,TargetPresentation,1764340185.7718232,1090.7172124385834,False
1124,2,169,TargetRemoval,1764340185.9383278,1090.8837172985077,True
1125,2,169,TargetReappeared,1764340186.1881163,1091.1335039138794,False
1126,2,169,RightResponse,1764340186.8479257,1091.7933144569397,False
1127,2,170,FeedbackPeriodStarted,1764340186.8681033,1091.8134925365448,False
1128,2,170,startFixDisplay,1764340186.868244,1091.8136324882507,False
1129,2,170,startFixPeriod,1764340187.0556083,1092.0009970664978,False
1130,2,170,TargetPresentation,1764340188.5198128,1093.465202331543,False
1131,2,170,TargetDisplacement,1764340188.699961,1093.6453499794006,True
1132,2,170,LeftResponse,1764340189.6926558,1094.638043642044,False
1133,2,171,FeedbackPeriodStarted,1764340189.7130766,1094.6584658622742,False
1134,2,171,startFixDisplay,1764340189.7132146,1094.6586029529572,False
1135,2,171,startFixPeriod,1764340189.9074106,1094.8527994155884,False
1136,2,171,TargetPresentation,1764340190.816657,1095.7620449066162,False
1137,2,171,TargetDisplacement,1764340190.9622152,1095.9076046943665,True
1138,2,171,LeftResponse,1764340191.843603,1096.788990020752,False
1139,2,172,FeedbackPeriodStarted,1764340191.8641772,1096.8095664978027,False
1140,2,172,startFixDisplay,1764340191.8643157,1096.8097040653229,False
1141,2,172,startFixPeriod,1764340192.1418376,1097.0872268676758,False
1142,2,172,TargetPresentation,1764340192.9676569,1097.9130442142487,False
1143,2,172,TargetDisplacement,1764340193.1410463,1098.0864355564117,True
1144,2,172,LeftResponse,1764340193.987764,1098.9331517219543,False
1145,2,173,FeedbackPeriodStarted,1764340194.0083878,1098.9537770748138,False
1146,2,173,startFixDisplay,1764340194.0085933,1098.9539847373962,False
1147,2,173,startFixPeriod,1764340194.216681,1099.1620688438416,False
1148,2,173,TargetPresentation,1764340194.986889,1099.9322786331177,False
1149,2,173,TargetDisplacement,1764340195.194889,1100.1402776241302,True
1150,2,173,LeftResponse,1764340196.0209677,1100.9663553237915,False
1151,2,174,FeedbackPeriodStarted,1764340196.041505,1100.986891746521,False
1152,2,174,startFixDisplay,1764340196.0415583,1100.986944437027,False
1153,2,174,startFixPeriod,1764340196.2497308,1101.1951189041138,False
1154,2,174,TargetPresentation,1764340197.7001193,1102.6455085277557,False
1155,2,174,TargetRemoval,1764340197.8525448,1102.7979311943054,True
1156,2,174,TargetReappeared,1764340198.1025922,1103.0479807853699,False
1157,2,174,RightResponse,1764340198.678564,1103.6239631175995,False
1158,2,174,FeedbackPeriodStarted,1764340198.6854239,1103.6308131217957,False
1159,2,175,startFixDisplay,1764340200.6905057,1105.6358923912048,False
1160,2,175,startFixPeriod,1764340200.9266617,1105.872049331665,False
1161,2,175,TargetPresentation,1764340201.4401348,1106.3855216503143,False
1162,2,175,TargetDisplacement,1764340201.5580454,1106.5034346580505,True
1163,2,175,RightResponse,1764340202.6062272,1107.5516164302826,False
1164,2,176,FeedbackPeriodStarted,1764340202.626587,1107.5719740390778,False
1165,2,176,startFixDisplay,1764340202.6266537,1107.5720400810242,False
1166,2,176,startFixPeriod,1764340202.9321141,1107.8775041103363,False
1167,2,176,TargetPresentation,1764340204.3824277,1109.3278179168701,False
1168,2,176,TargetDisplacement,1764340204.5140781,1109.4594674110413,True
1169,2,176,LeftResponse,1764340205.3054452,1110.250832080841,False
1170,2,177,FeedbackPeriodStarted,1764340205.3258278,1110.2712149620056,False
1171,2,177,startFixDisplay,1764340205.3258905,1110.2712767124176,False
1172,2,177,startFixPeriod,1764340205.5341222,1110.479511976242,False
1173,2,177,TargetPresentation,1764340206.2211924,1111.1665823459625,False
1174,2,177,TargetDisplacement,1764340206.4222538,1111.367642879486,True
1175,2,177,RightResponse,1764340207.151003,1112.0963895320892,False
1176,2,178,FeedbackPeriodStarted,1764340207.1717963,1112.11718583107,False
1177,2,178,startFixDisplay,1764340207.1719995,1112.1173882484436,False
1178,2,178,startFixPeriod,1764340207.407776,1112.3531653881073,False
1179,2,178,TargetPresentation,1764340208.684452,1113.6298415660858,False
1180,2,178,TargetDisplacement,1764340208.8370333,1113.782422542572,True
1181,2,178,LeftResponse,1764340209.6979444,1114.6433320045471,False
1182,2,179,FeedbackPeriodStarted,1764340209.7183232,1114.6637127399445,False
1183,2,179,startFixDisplay,1764340209.7184653,1114.6638536453247,False
1184,2,179,startFixPeriod,1764340209.9266274,1114.8720161914825,False
1185,2,179,TargetPresentation,1764340210.5094557,1115.4548449516296,False
1186,2,179,TargetRemoval,1764340210.6620488,1115.6074378490448,True
1187,2,179,TargetReappeared,1764340210.9119864,1115.8573744297028,False
1188,2,179,LeftResponse,1764340211.8975081,1116.8428955078125,False
1189,2,180,FeedbackPeriodStarted,1764340211.9180925,1116.8634819984436,False
1190,2,180,startFixDisplay,1764340211.9182415,1116.8636298179626,False
1191,2,180,startFixPeriod,1764340212.258159,1117.2035484313965,False
1192,2,180,TargetPresentation,1764340213.5348823,1118.480271577835,False
1193,2,180,TargetDisplacement,1764340213.6944287,1118.6398174762726,True
1194,2,180,LeftResponse,1764340214.4163954,1119.3617820739746,False
1195,2,180,FeedbackPeriodStarted,1764340214.4230785,1119.3684675693512,False
1196,2,181,startFixDisplay,1764340216.4352765,1121.3806657791138,False
1197,2,181,startFixPeriod,1764340216.6852098,1121.6305985450745,False
1198,2,181,TargetPresentation,1764340217.3375978,1122.2829875946045,False
1199,2,181,TargetDisplacement,1764340217.5108232,1122.4562120437622,True
1200,2,181,LeftResponse,1764340218.3579211,1123.30330991745,False
1201,2,182,FeedbackPeriodStarted,1764340218.378259,1123.3236467838287,False
1202,2,182,startFixDisplay,1764340218.3783522,1123.3237390518188,False
1203,2,182,startFixPeriod,1764340218.5588238,1123.5042123794556,False
1204,2,182,TargetPresentation,1764340219.9535608,1124.8989479541779,False
1205,2,182,TargetDisplacement,1764340220.0852199,1125.0306088924408,True
1206,2,182,LeftResponse,1764340220.9669242,1125.9123132228851,False
1207,2,183,FeedbackPeriodStarted,1764340220.987311,1125.9327001571655,False
1208,2,183,startFixDisplay,1764340220.987513,1125.932902097702,False
1209,2,183,startFixPeriod,1764340221.1886566,1126.1340448856354,False
1210,2,183,TargetPresentation,1764340222.1948261,1127.140215396881,False
1211,2,183,TargetDisplacement,1764340222.3334668,1127.2788558006287,True
1212,2,183,LeftResponse,1764340223.0903726,1128.0357613563538,False
1213,2,184,FeedbackPeriodStarted,1764340223.1106036,1128.0559906959534,False
1214,2,184,startFixDisplay,1764340223.1106732,1128.0560593605042,False
1215,2,184,startFixPeriod,1764340223.270463,1128.2158527374268,False
1216,2,184,TargetPresentation,1764340224.1447654,1129.0901539325714,False
1217,2,184,TargetDisplacement,1764340224.290318,1129.2357070446014,True
1218,2,184,LeftResponse,1764340225.0887074,1130.0340943336487,False
1219,2,185,FeedbackPeriodStarted,1764340225.1090894,1130.0544788837433,False
1220,2,185,startFixDisplay,1764340225.1092272,1130.054615497589,False
1221,2,185,startFixPeriod,1764340225.2896805,1130.2350676059723,False
1222,2,185,TargetPresentation,1764340226.2195,1131.1648874282837,False
1223,2,185,TargetDisplacement,1764340226.3650553,1131.3104445934296,True
1224,2,185,LeftResponse,1764340227.1010306,1132.0464193820953,False
1225,2,186,FeedbackPeriodStarted,1764340227.1214254,1132.066814661026,False
1226,2,186,startFixDisplay,1764340227.1215649,1132.0669767856598,False
1227,2,186,startFixPeriod,1764340227.3157976,1132.2611846923828,False
1228,2,186,TargetPresentation,1764340227.8849185,1132.830307483673,False
1229,2,186,TargetDisplacement,1764340228.0164595,1132.9618458747864,True
1230,2,186,LeftResponse,1764340229.0648181,1134.0102062225342,False
1231,2,186,FeedbackPeriodStarted,1764340229.0783942,1134.0237836837769,False
1232,2,187,startFixDisplay,1764340231.0834856,1136.0288722515106,False
1233,2,187,startFixPeriod,1764340231.3544326,1136.2998223304749,False
1234,2,187,TargetPresentation,1764340232.4577713,1137.403160572052,False
1235,2,187,TargetDisplacement,1764340232.6032736,1137.5486602783203,True
1236,2,187,LeftResponse,1764340233.3671691,1138.3125581741333,False
1237,2,188,FeedbackPeriodStarted,1764340233.3874347,1138.3328239917755,False
1238,2,188,startFixDisplay,1764340233.3876154,1138.33300614357,False
1239,2,188,startFixPeriod,1764340233.5471218,1138.4925093650818,False
1240,2,188,TargetPresentation,1764340234.123015,1139.0684025287628,False
1241,2,188,TargetRemoval,1764340234.261695,1139.2070844173431,True
1242,2,188,TargetReappeared,1764340234.511523,1139.4569110870361,False
1243,2,188,LeftResponse,1764340235.0740292,1140.0194182395935,False
1244,2,189,FeedbackPeriodStarted,1764340235.0944345,1140.039823770523,False
1245,2,189,startFixDisplay,1764340235.094601,1140.0399897098541,False
1246,2,189,startFixPeriod,1764340235.2747264,1140.2201137542725,False
1247,2,189,TargetPresentation,1764340236.0938287,1141.0392179489136,False
1248,2,189,TargetDisplacement,1764340236.2462354,1141.1916246414185,True
1249,2,189,LeftResponse,1764340237.037882,1141.983271598816,False
1250,2,190,FeedbackPeriodStarted,1764340237.058152,1142.0035409927368,False
1251,2,190,startFixDisplay,1764340237.0582936,1142.0036816596985,False
1252,2,190,startFixPeriod,1764340237.4328704,1142.3782577514648,False
1253,2,190,TargetPresentation,1764340238.0990875,1143.0444767475128,False
1254,2,190,TargetDisplacement,1764340238.2932968,1143.2386860847473,True
1255,2,190,LeftResponse,1764340239.1886022,1144.1339890956879,False
1256,2,191,FeedbackPeriodStarted,1764340239.20925,1144.1546392440796,False
1257,2,191,startFixDisplay,1764340239.209396,1144.154783964157,False
1258,2,191,startFixPeriod,1764340239.4245327,1144.3699216842651,False
1259,2,191,TargetPresentation,1764340240.694366,1145.6397562026978,False
1260,2,191,TargetDisplacement,1764340240.8398578,1145.7852466106415,True
1261,2,191,LeftResponse,1764340241.610535,1146.5559227466583,False
1262,2,192,FeedbackPeriodStarted,1764340241.6310267,1146.5764164924622,False
1263,2,192,startFixDisplay,1764340241.631158,1146.5765461921692,False
1264,2,192,startFixPeriod,1764340241.8323348,1146.7777245044708,False
1265,2,192,TargetPresentation,1764340242.9703357,1147.9157252311707,False
1266,2,192,TargetRemoval,1764340243.1505322,1148.0959186553955,True
1267,2,192,TargetReappeared,1764340243.4004567,1148.345844745636,False
1268,2,192,LeftResponse,1764340243.955554,1148.900940656662,False
1269,2,192,FeedbackPeriodStarted,1764340243.962494,1148.9078810214996,False
1270,2,193,startFixDisplay,1764340245.967816,1150.9132053852081,False
1271,2,193,startFixPeriod,1764340246.2108514,1151.156240940094,False
1272,2,193,TargetPresentation,1764340247.6611795,1152.6065695285797,False
1273,2,193,TargetDisplacement,1764340247.8066354,1152.7520220279694,True
1274,2,193,RightResponse,1764340248.5774257,1153.5228147506714,False
1275,2,194,FeedbackPeriodStarted,1764340248.5977502,1153.5431396961212,False
1276,2,194,startFixDisplay,1764340248.5978916,1153.5432796478271,False
1277,2,194,startFixPeriod,1764340248.9379709,1153.8833606243134,False
1278,2,194,TargetPresentation,1764340249.9926543,1154.9380414485931,False
1279,2,194,TargetDisplacement,1764340250.1938965,1155.1392862796783,True
1280,2,194,LeftResponse,1764340250.8531065,1155.7984941005707,False
1281,2,195,FeedbackPeriodStarted,1764340250.8737144,1155.8191013336182,False
1282,2,195,startFixDisplay,1764340250.8737764,1155.8191628456116,False
1283,2,195,startFixPeriod,1764340251.137584,1156.082971572876,False
1284,2,195,TargetPresentation,1764340252.5808876,1157.5262763500214,False
1285,2,195,TargetDisplacement,1764340252.7126255,1157.658014535904,True
1286,2,195,RightResponse,1764340253.698261,1158.6436483860016,False
1287,2,196,FeedbackPeriodStarted,1764340253.7187512,1158.6641402244568,False
1288,2,196,startFixDisplay,1764340253.7188876,1158.6642758846283,False
1289,2,196,startFixPeriod,1764340254.1143546,1159.059741973877,False
1290,2,196,TargetPresentation,1764340255.2941291,1160.2395193576813,False
1291,2,196,TargetDisplacement,1764340255.4604647,1160.4058532714844,True
1292,2,196,LeftResponse,1764340256.1199958,1161.0653834342957,False
1293,2,197,FeedbackPeriodStarted,1764340256.1404808,1161.0858702659607,False
1294,2,197,startFixDisplay,1764340256.1406167,1161.0860028266907,False
1295,2,197,startFixPeriod,1764340256.550069,1161.4954583644867,False
1296,2,197,TargetPresentation,1764340257.8684082,1162.8137979507446,False
1297,2,197,TargetRemoval,1764340258.000108,1162.9454972743988,True
1298,2,197,TargetReappeared,1764340258.2500124,1163.1954019069672,False
1299,2,197,RightResponse,1764340259.0621815,1164.0075707435608,False
1300,2,197,FeedbackPeriodStarted,1764340259.1035366,1164.0489265918732,False
1301,3,198,startFixDisplay,1764340386.6497796,1291.5951662063599,False
1302,3,198,startFixPeriod,1764340386.656788,1291.6021773815155,False
1303,3,198,TargetPresentation,1764340387.3230498,1292.2684381008148,False
1304,3,198,TargetRemoval,1764340387.510313,1292.455701828003,True
1305,3,198,TargetReappeared,1764340387.7602518,1292.7056415081024,False
1306,3,198,RightResponse,1764340388.3639553,1293.3093428611755,False
1307,3,199,FeedbackPeriodStarted,1764340388.3845747,1293.3299617767334,False
1308,3,199,startFixDisplay,1764340388.38464,1293.3300261497498,False
1309,3,199,startFixPeriod,1764340388.5651126,1293.5105020999908,False
1310,3,199,TargetPresentation,1764340389.3978672,1294.3432562351227,False
1311,3,199,TargetDisplacement,1764340389.5226183,1294.4680049419403,True
1312,3,199,LeftResponse,1764340390.4595778,1295.40496468544,False
1313,3,200,FeedbackPeriodStarted,1764340390.480222,1295.425611257553,False
1314,3,200,startFixDisplay,1764340390.480358,1295.4257459640503,False
1315,3,200,startFixPeriod,1764340390.702333,1295.6477222442627,False
1316,3,200,TargetPresentation,1764340391.458715,1296.4041032791138,False
1317,3,200,TargetRemoval,1764340391.597372,1296.5427613258362,True
1318,3,200,TargetReappeared,1764340391.8473911,1296.7927808761597,False
1319,3,200,RightResponse,1764340392.4581795,1297.4035670757294,False
1320,3,201,FeedbackPeriodStarted,1764340392.4785604,1297.4239473342896,False
1321,3,201,startFixDisplay,1764340392.478632,1297.4240181446075,False
1322,3,201,startFixPeriod,1764340392.6799989,1297.6253869533539,False
1323,3,201,TargetPresentation,1764340393.4570541,1298.4024412631989,False
1324,3,201,TargetRemoval,1764340393.6027927,1298.5481815338135,True
1325,3,201,TargetReappeared,1764340393.8526695,1298.7980589866638,False
1326,3,201,LeftResponse,1764340394.4637885,1299.4091753959656,False
1327,3,202,FeedbackPeriodStarted,1764340394.4840214,1299.429410457611,False
1328,3,202,startFixDisplay,1764340394.484159,1299.429547071457,False
1329,3,202,startFixPeriod,1764340394.6922832,1299.6376721858978,False
1330,3,202,TargetPresentation,1764340396.1356957,1301.0810842514038,False
1331,3,202,TargetDisplacement,1764340396.2882264,1301.2336156368256,True
1332,3,202,LeftResponse,1764340397.1837494,1302.1291375160217,False
1333,3,203,FeedbackPeriodStarted,1764340397.204139,1302.1495270729065,False
1334,3,203,startFixDisplay,1764340397.204243,1302.1496307849884,False
1335,3,203,startFixPeriod,1764340397.648382,1302.5937712192535,False
1336,3,203,TargetPresentation,1764340398.841978,1303.7873675823212,False
1337,3,203,TargetRemoval,1764340399.0082335,1303.953622341156,True
1338,3,203,TargetReappeared,1764340399.25817,1304.2035593986511,False
1339,3,203,RightResponse,1764340399.7858357,1304.73122549057,False
1340,3,204,FeedbackPeriodStarted,1764340399.813201,1304.758590221405,False
1341,3,204,startFixDisplay,1764340399.813362,1304.7587485313416,False
1342,3,204,startFixPeriod,1764340400.014603,1304.9599905014038,False
1343,3,204,TargetPresentation,1764340400.9582198,1305.9036095142365,False
1344,3,204,TargetDisplacement,1764340401.1039274,1306.0493166446686,True
1345,3,204,RightResponse,1764340401.9716892,1306.9170773029327,False
1346,3,204,FeedbackPeriodStarted,1764340401.985289,1306.9306786060333,False
1347,3,205,startFixDisplay,1764340403.990367,1308.9357538223267,False
1348,3,205,startFixPeriod,1764340404.2474072,1309.1927952766418,False
1349,3,205,TargetPresentation,1764340404.8233678,1309.7687549591064,False
1350,3,205,TargetRemoval,1764340404.955048,1309.900437116623,True
1351,3,205,TargetReappeared,1764340405.2051187,1310.1505091190338,False
1352,3,205,RightResponse,1764340405.767252,1310.7126410007477,False
1353,3,206,FeedbackPeriodStarted,1764340405.787617,1310.7330038547516,False
1354,3,206,startFixDisplay,1764340405.7876794,1310.7330656051636,False
1355,3,206,startFixPeriod,1764340406.051585,1310.9969735145569,False
1356,3,206,TargetPresentation,1764340407.3491995,1312.2945890426636,False
1357,3,206,TargetDisplacement,1764340407.508601,1312.4539904594421,True
1358,3,206,LeftResponse,1764340408.2862206,1313.2316093444824,False
1359,3,207,FeedbackPeriodStarted,1764340408.3065996,1313.2519867420197,False
1360,3,207,startFixDisplay,1764340408.3066666,1313.2520530223846,False
1361,3,207,startFixPeriod,1764340408.4664474,1313.4118375778198,False
1362,3,207,TargetPresentation,1764340409.8541503,1314.7995400428772,False
1363,3,207,TargetDisplacement,1764340409.9927018,1314.9380884170532,True
1364,3,207,LeftResponse,1764340410.7773592,1315.7227482795715,False
1365,3,208,FeedbackPeriodStarted,1764340410.7977257,1315.7431149482727,False
1366,3,208,startFixDisplay,1764340410.7978654,1315.7432534694672,False
1367,3,208,startFixPeriod,1764340410.99893,1315.9443192481995,False
1368,3,208,TargetPresentation,1764340411.9635057,1316.9088926315308,False
1369,3,208,TargetDisplacement,1764340412.1230083,1317.0683975219727,True
1370,3,208,LeftResponse,1764340413.011741,1317.9571290016174,False
1371,3,209,FeedbackPeriodStarted,1764340413.0320878,1317.9774768352509,False
1372,3,209,startFixDisplay,1764340413.0323095,1317.9776978492737,False
1373,3,209,startFixPeriod,1764340413.2473297,1318.192719221115,False
1374,3,209,TargetPresentation,1764340413.9481459,1318.893535375595,False
1375,3,209,TargetRemoval,1764340414.128338,1319.0737245082855,True
1376,3,209,TargetReappeared,1764340414.3783674,1319.3237574100494,False
1377,3,209,RightResponse,1764340414.9959264,1319.9413135051727,False
1378,3,210,FeedbackPeriodStarted,1764340415.0166187,1319.9620056152344,False
1379,3,210,startFixDisplay,1764340415.0166824,1319.9620687961578,False
1380,3,210,startFixPeriod,1764340415.3843973,1320.3297863006592,False
1381,3,210,TargetPresentation,1764340416.1338165,1321.079205751419,False
1382,3,210,TargetDisplacement,1764340416.3628628,1321.3082523345947,True
1383,3,210,RightResponse,1764340417.050249,1321.9956376552582,False
1384,3,210,FeedbackPeriodStarted,1764340417.0636988,1322.0090856552124,False
1385,3,211,startFixDisplay,1764340419.068891,1324.014277458191,False
1386,3,211,startFixPeriod,1764340419.270461,1324.2158508300781,False
1387,3,211,TargetPresentation,1764340419.9018908,1324.8472802639008,False
1388,3,211,TargetDisplacement,1764340420.0752974,1325.020686864853,True
1389,3,211,LeftResponse,1764340420.7626064,1325.7079946994781,False
1390,3,212,FeedbackPeriodStarted,1764340420.7829201,1325.7283072471619,False
1391,3,212,startFixDisplay,1764340420.7829826,1325.7283689975739,False
1392,3,212,startFixPeriod,1764340420.949724,1325.8951125144958,False
1393,3,212,TargetPresentation,1764340422.122361,1327.0677506923676,False
1394,3,212,TargetDisplacement,1764340422.2678936,1327.213282585144,True
1395,3,212,RightResponse,1764340423.135647,1328.0810344219208,False
1396,3,213,FeedbackPeriodStarted,1764340423.1561294,1328.1015188694,False
1397,3,213,startFixDisplay,1764340423.1562705,1328.101658821106,False
1398,3,213,startFixPeriod,1764340423.5100596,1328.4554467201233,False
1399,3,213,TargetPresentation,1764340424.398424,1329.343813419342,False
1400,3,213,TargetDisplacement,1764340424.5508997,1329.4962890148163,True
1401,3,213,LeftResponse,1764340425.231154,1330.1765406131744,False
1402,3,214,FeedbackPeriodStarted,1764340425.2517135,1330.1971006393433,False
1403,3,214,startFixDisplay,1764340425.2517824,1330.1971685886383,False
1404,3,214,startFixPeriod,1764340425.5433586,1330.4887466430664,False
1405,3,214,TargetPresentation,1764340426.4662483,1331.4116377830505,False
1406,3,214,TargetDisplacement,1764340426.6603546,1331.6057434082031,True
1407,3,214,RightResponse,1764340427.444796,1332.390183210373,False
1408,3,215,FeedbackPeriodStarted,1764340427.4652646,1332.4106538295746,False
1409,3,215,startFixDisplay,1764340427.4654038,1332.4107918739319,False
1410,3,215,startFixPeriod,1764340427.6387792,1332.5841670036316,False
1411,3,215,TargetPresentation,1764340428.6241152,1333.5695037841797,False
1412,3,215,TargetDisplacement,1764340428.7767196,1333.7221083641052,True
1413,3,215,LeftResponse,1764340429.5059268,1334.4513165950775,False
1414,3,216,FeedbackPeriodStarted,1764340429.5260608,1334.471447467804,False
1415,3,216,startFixDisplay,1764340429.5261228,1334.4715089797974,False
1416,3,216,startFixPeriod,1764340429.6858387,1334.6312282085419,False
1417,3,216,TargetPresentation,1764340430.5186052,1335.463995218277,False
1418,3,216,TargetDisplacement,1764340430.6502447,1335.595633983612,True
1419,3,216,LeftResponse,1764340431.3167899,1336.262176990509,False
1420,3,216,FeedbackPeriodStarted,1764340431.3234527,1336.2688419818878,False
1421,3,217,startFixDisplay,1764340433.3286104,1338.2739968299866,False
1422,3,217,startFixPeriod,1764340433.3357177,1338.281106710434,False
1423,3,217,TargetPresentation,1764340434.5501974,1339.4955849647522,False
1424,3,217,TargetDisplacement,1764340434.7512243,1339.6966135501862,True
1425,3,217,LeftResponse,1764340435.5705147,1340.5159034729004,False
1426,3,218,FeedbackPeriodStarted,1764340435.5907936,1340.5361807346344,False
1427,3,218,startFixDisplay,1764340435.590862,1340.5362482070923,False
1428,3,218,startFixPeriod,1764340435.9725573,1340.917944908142,False
1429,3,218,TargetPresentation,1764340437.1106749,1342.056062221527,False
1430,3,218,TargetDisplacement,1764340437.2562563,1342.2016427516937,True
1431,3,218,RightResponse,1764340437.9921987,1342.9375874996185,False
1432,3,219,FeedbackPeriodStarted,1764340438.012499,1342.9578862190247,False
1433,3,219,startFixDisplay,1764340438.012637,1342.9580240249634,False
1434,3,219,startFixPeriod,1764340438.2209816,1343.1663694381714,False
1435,3,219,TargetPresentation,1764340439.4490855,1344.3944728374481,False
1436,3,219,TargetDisplacement,1764340439.6016943,1344.5470838546753,True
1437,3,219,RightResponse,1764340440.3029118,1345.2482998371124,False
1438,3,220,FeedbackPeriodStarted,1764340440.3232908,1345.268679857254,False
1439,3,220,startFixDisplay,1764340440.3234348,1345.268822669983,False
1440,3,220,startFixPeriod,1764340440.788337,1345.7337262630463,False
1441,3,220,TargetPresentation,1764340441.9056213,1346.8510093688965,False
1442,3,220,TargetDisplacement,1764340442.0926769,1347.038063287735,True
1443,3,220,RightResponse,1764340442.7455966,1347.690987110138,False
1444,3,221,FeedbackPeriodStarted,1764340442.7658842,1347.7112736701965,False
1445,3,221,startFixDisplay,1764340442.7660322,1347.7114202976227,False
1446,3,221,startFixPeriod,1764340443.1822767,1348.1276659965515,False
1447,3,221,TargetPresentation,1764340443.7929802,1348.7383694648743,False
1448,3,221,TargetRemoval,1764340443.966333,1348.9117195606232,True
1449,3,221,TargetReappeared,1764340444.2162938,1349.1616837978363,False
1450,3,221,RightResponse,1764340444.7925227,1349.737911939621,False
1451,3,222,FeedbackPeriodStarted,1764340444.8127623,1349.7581496238708,False
1452,3,222,startFixDisplay,1764340444.8128235,1349.7582099437714,False
1453,3,222,startFixPeriod,1764340445.1807895,1350.1261775493622,False
1454,3,222,TargetPresentation,1764340446.145306,1351.0906965732574,False
1455,3,222,TargetDisplacement,1764340446.3185475,1351.263934135437,True
1456,3,222,LeftResponse,1764340447.0475912,1351.9929780960083,False
1457,3,222,FeedbackPeriodStarted,1764340447.054155,1351.9995436668396,False
1458,3,223,startFixDisplay,1764340449.066538,1354.0119247436523,False
1459,3,223,startFixPeriod,1764340449.1846113,1354.1300013065338,False
1460,3,223,TargetPresentation,1764340450.4128742,1355.3582639694214,False
1461,3,223,TargetRemoval,1764340450.586235,1355.5316245555878,True
1462,3,223,TargetReappeared,1764340450.8360748,1355.7814626693726,False
1463,3,223,LeftResponse,1764340451.3498647,1356.2952525615692,False
1464,3,224,FeedbackPeriodStarted,1764340451.3707087,1356.3160963058472,False
1465,3,224,startFixDisplay,1764340451.370779,1356.3161656856537,False
1466,3,224,startFixPeriod,1764340451.5717056,1356.517094373703,False
1467,3,224,TargetPresentation,1764340452.4944534,1357.439842224121,False
1468,3,224,TargetDisplacement,1764340452.6402085,1357.5855975151062,True
1469,3,224,LeftResponse,1764340453.4037516,1358.349139213562,False
1470,3,225,FeedbackPeriodStarted,1764340453.424216,1358.3696053028107,False
1471,3,225,startFixDisplay,1764340453.424354,1358.369742155075,False
1472,3,225,startFixPeriod,1764340453.611745,1358.5571331977844,False
1473,3,225,TargetPresentation,1764340454.3749945,1359.3203828334808,False
1474,3,225,TargetDisplacement,1764340454.5345128,1359.479902267456,True
1475,3,225,LeftResponse,1764340455.1455028,1360.0908915996552,False
1476,3,226,FeedbackPeriodStarted,1764340455.1659112,1360.1113007068634,False
1477,3,226,startFixDisplay,1764340455.1660538,1360.1114420890808,False
1478,3,226,startFixPeriod,1764340455.4019208,1360.3473088741302,False
1479,3,226,TargetPresentation,1764340456.803683,1361.7490727901459,False
1480,3,226,TargetRemoval,1764340456.9491873,1361.89457654953,True
1481,3,226,TargetReappeared,1764340457.1991162,1362.1445055007935,False
1482,3,226,RightResponse,1764340457.8237722,1362.7691593170166,False
1483,3,227,FeedbackPeriodStarted,1764340457.844361,1362.7897503376007,False
1484,3,227,startFixDisplay,1764340457.8445528,1362.7899432182312,False
1485,3,227,startFixPeriod,1764340458.0734513,1363.0188384056091,False
1486,3,227,TargetPresentation,1764340459.5169024,1364.4622919559479,False
1487,3,227,TargetDisplacement,1764340459.6693494,1364.6147384643555,True
1488,3,227,LeftResponse,1764340460.4886544,1365.4340434074402,False
1489,3,228,FeedbackPeriodStarted,1764340460.5089605,1365.4543495178223,False
1490,3,228,startFixDisplay,1764340460.5091004,1365.4544887542725,False
1491,3,228,startFixPeriod,1764340460.967011,1365.9124007225037,False
1492,3,228,TargetPresentation,1764340462.3965998,1367.3419926166534,False
1493,3,228,TargetDisplacement,1764340462.5698395,1367.515228509903,True
1494,3,228,RightResponse,1764340463.7358854,1368.6812732219696,False
1495,3,228,FeedbackPeriodStarted,1764340463.7496777,1368.695065021515,False
1496,3,229,startFixDisplay,1764340465.761792,1370.7071812152863,False
1497,3,229,startFixPeriod,1764340465.949352,1370.8947417736053,False
1498,3,229,TargetPresentation,1764340467.2815464,1372.2269341945648,False
1499,3,229,TargetDisplacement,1764340467.4271665,1372.372555732727,True
1500,3,229,LeftResponse,1764340468.2601433,1373.2055315971375,False
1501,3,230,FeedbackPeriodStarted,1764340468.280687,1373.2260763645172,False
1502,3,230,startFixDisplay,1764340468.2808297,1373.2262177467346,False
1503,3,230,startFixPeriod,1764340468.6832066,1373.6285960674286,False
1504,3,230,TargetPresentation,1764340469.9876766,1374.9330656528473,False
1505,3,230,TargetRemoval,1764340470.272197,1375.2175867557526,True
1506,3,230,TargetReappeared,1764340470.5221357,1375.4675254821777,False
1507,3,230,RightResponse,1764340471.2232893,1376.16867852211,False
1508,3,231,FeedbackPeriodStarted,1764340471.2435873,1376.1889746189117,False
1509,3,231,startFixDisplay,1764340471.2436576,1376.1890437602997,False
1510,3,231,startFixPeriod,1764340471.6392584,1376.5846467018127,False
1511,3,231,TargetPresentation,1764340472.964756,1377.9101440906525,False
1512,3,231,TargetRemoval,1764340473.0963967,1378.0417835712433,True
1513,3,231,TargetReappeared,1764340473.3463635,1378.2917532920837,False
1514,3,231,LeftResponse,1764340474.0541487,1378.9995362758636,False
1515,3,232,FeedbackPeriodStarted,1764340474.0748632,1379.0202531814575,False
1516,3,232,startFixDisplay,1764340474.0750191,1379.020406961441,False
1517,3,232,startFixPeriod,1764340474.3456266,1379.2910182476044,False
1518,3,232,TargetPresentation,1764340475.0809555,1380.0263447761536,False
1519,3,232,TargetRemoval,1764340475.2474804,1380.1928691864014,True
1520,3,232,TargetReappeared,1764340475.497466,1380.442855834961,False
1521,3,232,RightResponse,1764340476.5594025,1381.5047914981842,False
1522,3,233,FeedbackPeriodStarted,1764340476.5796998,1381.525086402893,False
1523,3,233,startFixDisplay,1764340476.5797615,1381.525147676468,False
1524,3,233,startFixPeriod,1764340476.9338365,1381.8792254924774,False
1525,3,233,TargetPresentation,1764340477.6763783,1382.6217663288116,False
1526,3,233,TargetDisplacement,1764340477.8843155,1382.829704284668,True
1527,3,233,LeftResponse,1764340479.0019627,1383.947350025177,False
1528,3,234,FeedbackPeriodStarted,1764340479.0223446,1383.9677340984344,False
1529,3,234,startFixDisplay,1764340479.0224903,1383.9678785800934,False
1530,3,234,startFixPeriod,1764340479.2167642,1384.1621530056,False
1531,3,234,TargetPresentation,1764340480.5282795,1385.4736695289612,False
1532,3,234,TargetDisplacement,1764340480.7084649,1385.6538541316986,True
1533,3,234,RightResponse,1764340481.7290323,1386.674420118332,False
1534,3,234,FeedbackPeriodStarted,1764340481.7355492,1386.6809360980988,False
1535,3,235,startFixDisplay,1764340483.7478838,1388.69327044487,False
1536,3,235,startFixPeriod,1764340483.7547605,1388.7001492977142,False
1537,3,235,TargetPresentation,1764340485.2119565,1390.1573457717896,False
1538,3,235,TargetDisplacement,1764340485.350746,1390.2961349487305,True
1539,3,235,RightResponse,1764340486.1905956,1391.135983467102,False
1540,3,236,FeedbackPeriodStarted,1764340486.2110415,1391.1564285755157,False
1541,3,236,startFixDisplay,1764340486.2111075,1391.1564939022064,False
1542,3,236,startFixPeriod,1764340486.6137753,1391.5591650009155,False
1543,3,236,TargetPresentation,1764340487.7448423,1392.6902313232422,False
1544,3,236,TargetDisplacement,1764340487.8972874,1392.8426764011383,True
1545,3,236,LeftResponse,1764340488.7305095,1393.6758975982666,False
1546,3,237,FeedbackPeriodStarted,1764340488.7508872,1393.6962785720825,False
1547,3,237,startFixDisplay,1764340488.7510278,1393.696415901184,False
1548,3,237,startFixPeriod,1764340489.0632493,1394.0086390972137,False
1549,3,237,TargetPresentation,1764340490.0139172,1394.959306716919,False
1550,3,237,TargetRemoval,1764340490.1663895,1395.111778974533,True
1551,3,237,TargetReappeared,1764340490.4161909,1395.3615803718567,False
1552,3,237,LeftResponse,1764340491.034228,1395.9796168804169,False
1553,3,238,FeedbackPeriodStarted,1764340491.0545456,1395.9999325275421,False
1554,3,238,startFixDisplay,1764340491.0546305,1396.0000166893005,False
1555,3,238,startFixPeriod,1764340491.4849298,1396.4303193092346,False
1556,3,238,TargetPresentation,1764340492.7685132,1397.7139008045197,False
1557,3,238,TargetDisplacement,1764340492.9072714,1397.8526604175568,True
1558,3,238,RightResponse,1764340493.9209154,1398.8663046360016,False
1559,3,239,FeedbackPeriodStarted,1764340493.9481807,1398.8935675621033,False
1560,3,239,startFixDisplay,1764340493.9482434,1398.893630027771,False
1561,3,239,startFixPeriod,1764340494.184291,1399.1296801567078,False
1562,3,239,TargetPresentation,1764340495.3985465,1400.3439362049103,False
1563,3,239,TargetDisplacement,1764340495.557969,1400.5033583641052,True
1564,3,239,RightResponse,1764340496.4049175,1401.3503050804138,False
1565,3,240,FeedbackPeriodStarted,1764340496.425334,1401.3707211017609,False
1566,3,240,startFixDisplay,1764340496.4254704,1401.370857000351,False
1567,3,240,startFixPeriod,1764340496.626791,1401.57218003273,False
1568,3,240,TargetPresentation,1764340497.7300982,1402.6754877567291,False
1569,3,240,TargetDisplacement,1764340497.8686903,1402.814079284668,True
1570,3,240,LeftResponse,1764340498.6460354,1403.5914227962494,False
1571,3,240,FeedbackPeriodStarted,1764340498.6528282,1403.598215341568,False
1572,3,241,startFixDisplay,1764340500.6651335,1405.6105225086212,False
1573,3,241,startFixPeriod,1764340500.963552,1405.9089415073395,False
1574,3,241,TargetPresentation,1764340501.6437225,1406.5891122817993,False
1575,3,241,TargetRemoval,1764340501.816949,1406.7623357772827,True
1576,3,241,TargetReappeared,1764340502.0669281,1407.0123164653778,False
1577,3,241,RightResponse,1764340502.7678983,1407.713285446167,False
1578,3,242,FeedbackPeriodStarted,1764340502.7885277,1407.733916759491,False
1579,3,242,startFixDisplay,1764340502.788659,1407.7340455055237,False
1580,3,242,startFixPeriod,1764340503.1424658,1408.087854385376,False
1581,3,242,TargetPresentation,1764340503.9541552,1408.8995418548584,False
1582,3,242,TargetRemoval,1764340504.0928798,1409.0382664203644,True
1583,3,242,TargetReappeared,1764340504.3427968,1409.288183927536,False
1584,3,242,LeftResponse,1764340505.0162551,1409.9616439342499,False
1585,3,243,FeedbackPeriodStarted,1764340505.043714,1409.9891033172607,False
1586,3,243,startFixDisplay,1764340505.0438564,1409.9892446994781,False
1587,3,243,startFixPeriod,1764340505.5711956,1410.5165855884552,False
1588,3,243,TargetPresentation,1764340506.6259003,1411.5712881088257,False
1589,3,243,TargetDisplacement,1764340506.7783906,1411.7237770557404,True
1590,3,243,LeftResponse,1764340507.7640908,1412.7094786167145,False
1591,3,244,FeedbackPeriodStarted,1764340507.7916627,1412.7370522022247,False
1592,3,244,startFixDisplay,1764340507.791809,1412.7371971607208,False
1593,3,244,startFixPeriod,1764340508.0138004,1412.9591896533966,False
1594,3,244,TargetPresentation,1764340508.894923,1413.8403124809265,False
1595,3,244,TargetDisplacement,1764340509.0683484,1414.0137474536896,True
1596,3,244,LeftResponse,1764340509.8458078,1414.7911958694458,False
1597,3,245,FeedbackPeriodStarted,1764340509.8734047,1414.818796157837,False
1598,3,245,startFixDisplay,1764340509.873592,1414.8189804553986,False
1599,3,245,startFixPeriod,1764340510.2550008,1415.2003889083862,False
1600,3,245,TargetPresentation,1764340511.4347348,1416.3801231384277,False
1601,3,245,TargetDisplacement,1764340511.6010277,1416.5464169979095,True
1602,3,245,LeftResponse,1764340512.3439162,1417.2893030643463,False
1603,3,246,FeedbackPeriodStarted,1764340512.3643818,1417.3097705841064,False
1604,3,246,startFixDisplay,1764340512.3645103,1417.3098983764648,False
1605,3,246,startFixPeriod,1764340512.5796533,1417.5250415802002,False
1606,3,246,TargetPresentation,1764340513.6759326,1418.6213219165802,False
1607,3,246,TargetDisplacement,1764340513.8771088,1418.8224983215332,True
1608,3,246,LeftResponse,1764340514.7725275,1419.717915058136,False
1609,3,246,FeedbackPeriodStarted,1764340514.779165,1419.7245543003082,False
1610,3,247,startFixDisplay,1764340516.7843773,1421.7297639846802,False
1611,3,247,startFixPeriod,1764340517.0344343,1421.9798238277435,False
1612,3,247,TargetPresentation,1764340518.408404,1423.3537917137146,False
1613,3,247,TargetDisplacement,1764340518.540134,1423.4855229854584,True
1614,3,247,LeftResponse,1764340519.3106868,1424.2560744285583,False
1615,3,248,FeedbackPeriodStarted,1764340519.3310583,1424.2764449119568,False
1616,3,248,startFixDisplay,1764340519.3311195,1424.276505947113,False
1617,3,248,startFixPeriod,1764340520.1015444,1425.0469346046448,False
1618,3,248,TargetPresentation,1764340520.920408,1425.8657975196838,False
1619,3,248,TargetDisplacement,1764340521.0728784,1426.0182673931122,True
1620,3,248,LeftResponse,1764340522.0308454,1426.976232290268,False
1621,3,249,FeedbackPeriodStarted,1764340522.0512834,1426.9966728687286,False
1622,3,249,startFixDisplay,1764340522.0514219,1426.9968101978302,False
1623,3,249,startFixPeriod,1764340522.4608374,1427.4062252044678,False
1624,3,249,TargetPresentation,1764340523.8486185,1428.7940061092377,False
1625,3,249,TargetDisplacement,1764340524.0080373,1428.9534265995026,True
1626,3,249,LeftResponse,1764340524.9590952,1429.9044842720032,False
1627,3,250,FeedbackPeriodStarted,1764340524.9795327,1429.9249222278595,False
1628,3,250,startFixDisplay,1764340524.9797552,1429.9251418113708,False
1629,3,250,startFixPeriod,1764340525.5000386,1430.4454281330109,False
1630,3,250,TargetPresentation,1764340526.0482285,1430.9936182498932,False
1631,3,250,TargetRemoval,1764340526.22159,1431.166976928711,True
1632,3,250,TargetReappeared,1764340526.4716594,1431.4170479774475,False
1633,3,250,RightResponse,1764340527.3046746,1432.2500627040863,False
1634,3,251,FeedbackPeriodStarted,1764340527.325015,1432.2704043388367,False
1635,3,251,startFixDisplay,1764340527.3251624,1432.2705507278442,False
1636,3,251,startFixPeriod,1764340527.5401976,1432.4855871200562,False
1637,3,251,TargetPresentation,1764340528.8377495,1433.7831366062164,False
1638,3,251,TargetDisplacement,1764340529.0111434,1433.9565331935883,True
1639,3,251,RightResponse,1764340529.9829361,1434.9283232688904,False
1640,3,252,FeedbackPeriodStarted,1764340530.0033958,1434.948784828186,False
1641,3,252,startFixDisplay,1764340530.0035355,1434.948923587799,False
1642,3,252,startFixPeriod,1764340530.232603,1435.177993297577,False
1643,3,252,TargetPresentation,1764340531.7105172,1436.6559052467346,False
1644,3,252,TargetDisplacement,1764340531.8839061,1436.8292949199677,True
1645,3,252,LeftResponse,1764340532.8557124,1437.8011002540588,False
1646,3,252,FeedbackPeriodStarted,1764340532.8624516,1437.8078410625458,False
1647,3,253,startFixDisplay,1764340534.8746068,1439.8199973106384,False
1648,3,253,startFixPeriod,1764340535.2218156,1440.1672053337097,False
1649,3,253,TargetPresentation,1764340535.7975914,1440.7429790496826,False
1650,3,253,TargetDisplacement,1764340535.9709923,1440.9163813591003,True
1651,3,253,LeftResponse,1764340536.8457534,1441.7911539077759,False
1652,3,254,FeedbackPeriodStarted,1764340536.866227,1441.8116166591644,False
1653,3,254,startFixDisplay,1764340536.8663719,1441.811760187149,False
1654,3,254,startFixPeriod,1764340537.1160119,1442.0614013671875,False
1655,3,254,TargetPresentation,1764340537.6504085,1442.5957980155945,False
1656,3,254,TargetDisplacement,1764340537.858412,1442.8038008213043,True
1657,3,254,LeftResponse,1764340538.7540867,1443.6994757652283,False
1658,3,255,FeedbackPeriodStarted,1764340538.7743092,1443.719696521759,False
1659,3,255,startFixDisplay,1764340538.7743764,1443.719762802124,False
1660,3,255,startFixPeriod,1764340539.1907895,1444.1361773014069,False
1661,3,255,TargetPresentation,1764340540.453712,1445.3991014957428,False
1662,3,255,TargetDisplacement,1764340540.5855002,1445.5308895111084,True
1663,3,255,LeftResponse,1764340541.342001,1446.2873878479004,False
1664,3,256,FeedbackPeriodStarted,1764340541.3625982,1446.3079853057861,False
1665,3,256,startFixDisplay,1764340541.3626616,1446.3080480098724,False
1666,3,256,startFixPeriod,1764340541.5917017,1446.5370888710022,False
1667,3,256,TargetPresentation,1764340542.8198118,1447.7651991844177,False
1668,3,256,TargetDisplacement,1764340542.9653726,1447.9107592105865,True
1669,3,256,RightResponse,1764340543.8264792,1448.7718687057495,False
1670,3,257,FeedbackPeriodStarted,1764340543.8466854,1448.792073249817,False
1671,3,257,startFixDisplay,1764340543.8467655,1448.792151927948,False
1672,3,257,startFixPeriod,1764340544.138322,1449.083711862564,False
1673,3,257,TargetPresentation,1764340545.19997,1450.1453576087952,False
1674,3,257,TargetDisplacement,1764340545.338633,1450.2840220928192,True
1675,3,257,LeftResponse,1764340546.136988,1451.0823748111725,False
1676,3,258,FeedbackPeriodStarted,1764340546.1574633,1451.1028504371643,False
1677,3,258,startFixDisplay,1764340546.1575255,1451.1029117107391,False
1678,3,258,startFixPeriod,1764340546.3866603,1451.3320491313934,False
1679,3,258,TargetPresentation,1764340547.45533,1452.4007196426392,False
1680,3,258,TargetDisplacement,1764340547.6007626,1452.5461492538452,True
1681,3,258,LeftResponse,1764340548.3922596,1453.337648153305,False
1682,3,258,FeedbackPeriodStarted,1764340548.3989842,1453.344373703003,False
1683,3,259,startFixDisplay,1764340550.4110718,1455.3564608097076,False
1684,3,259,startFixPeriod,1764340550.6264055,1455.5717952251434,False
1685,3,259,TargetPresentation,1764340552.0697024,1457.0150923728943,False
1686,3,259,TargetRemoval,1764340552.222211,1457.167599439621,True
1687,3,259,TargetReappeared,1764340552.4721842,1457.4175734519958,False
1688,3,259,RightResponse,1764340553.138473,1458.0838596820831,False
1689,3,260,FeedbackPeriodStarted,1764340553.1589634,1458.1043503284454,False
1690,3,260,startFixDisplay,1764340553.159027,1458.104413509369,False
1691,3,260,startFixPeriod,1764340553.485284,1458.4306738376617,False
1692,3,260,TargetPresentation,1764340554.671849,1459.6172370910645,False
1693,3,260,TargetRemoval,1764340554.8590376,1459.8044264316559,True
1694,3,260,TargetReappeared,1764340555.1088781,1460.0542652606964,False
1695,3,260,RightResponse,1764340555.7266793,1460.6720662117004,False
1696,3,261,FeedbackPeriodStarted,1764340555.7472289,1460.6926183700562,False
1697,3,261,startFixDisplay,1764340555.7473671,1460.6927535533905,False
1698,3,261,startFixPeriod,1764340555.9554534,1460.9008407592773,False
1699,3,261,TargetPresentation,1764340556.7119489,1461.6573402881622,False
1700,3,261,TargetDisplacement,1764340556.9058924,1461.8512790203094,True
1701,3,261,LeftResponse,1764340557.926536,1462.8719251155853,False
1702,3,262,FeedbackPeriodStarted,1764340557.94682,1462.892207145691,False
1703,3,262,startFixDisplay,1764340557.9468873,1462.892273426056,False
1704,3,262,startFixPeriod,1764340558.3217552,1463.2671446800232,False
1705,3,262,TargetPresentation,1764340559.2585087,1464.2038974761963,False
1706,3,262,TargetDisplacement,1764340559.4247863,1464.3701729774475,True
1707,3,262,LeftResponse,1764340560.1814988,1465.1268866062164,False
1708,3,263,FeedbackPeriodStarted,1764340560.2021003,1465.147489786148,False
1709,3,263,startFixDisplay,1764340560.2022402,1465.147628545761,False
1710,3,263,startFixPeriod,1764340560.8129504,1465.7583379745483,False
1711,3,263,TargetPresentation,1764340561.4166334,1466.3620235919952,False
1712,3,263,TargetDisplacement,1764340561.562149,1466.507538318634,True
1713,3,263,LeftResponse,1764340562.4577677,1467.4031555652618,False
1714,3,263,FeedbackPeriodStarted,1764340562.5059428,1467.4513320922852,False
1715,4,264,startFixDisplay,1764340756.3476603,1661.293046951294,False
1716,4,264,startFixPeriod,1764340756.5560312,1661.5014204978943,False
1717,4,264,TargetPresentation,1764340757.5344355,1662.479826450348,False
1718,4,264,TargetDisplacement,1764340757.7007556,1662.646142244339,True
1719,4,264,LeftResponse,1764340758.5683887,1663.5137758255005,False
1720,4,265,FeedbackPeriodStarted,1764340758.5891926,1663.5345840454102,False
1721,4,265,startFixDisplay,1764340758.5893428,1663.5347309112549,False
1722,4,265,startFixPeriod,1764340758.783313,1663.728699684143,False
1723,4,265,TargetPresentation,1764340759.865851,1664.811238527298,False
1724,4,265,TargetDisplacement,1764340760.018385,1664.9637715816498,True
1725,4,265,LeftResponse,1764340760.89981,1665.845196723938,False
1726,4,266,FeedbackPeriodStarted,1764340760.9204795,1665.865865945816,False
1727,4,266,startFixDisplay,1764340760.9205263,1665.865912437439,False
1728,4,266,startFixPeriod,1764340761.0940297,1666.0394163131714,False
1729,4,266,TargetPresentation,1764340762.1488206,1667.094209909439,False
1730,4,266,TargetDisplacement,1764340762.3082821,1667.2536687850952,True
1731,4,266,RightResponse,1764340763.0165582,1667.961947441101,False
1732,4,267,FeedbackPeriodStarted,1764340763.0368757,1667.982262134552,False
1733,4,267,startFixDisplay,1764340763.0369227,1667.9823088645935,False
1734,4,267,startFixPeriod,1764340763.2312443,1668.1766319274902,False
1735,4,267,TargetPresentation,1764340763.9252334,1668.8706226348877,False
1736,4,267,TargetRemoval,1764340764.063922,1669.0093085765839,True
1737,4,267,TargetReappeared,1764340764.31381,1669.2591984272003,False
1738,4,267,LeftResponse,1764340764.8689718,1669.814358472824,False
1739,4,268,FeedbackPeriodStarted,1764340764.8896027,1669.834989309311,False
1740,4,268,startFixDisplay,1764340764.8896966,1669.8350830078125,False
1741,4,268,startFixPeriod,1764340765.0979133,1670.0433025360107,False
1742,4,268,TargetPresentation,1764340765.888936,1670.8343250751495,False
1743,4,268,TargetDisplacement,1764340766.0484633,1670.993849992752,True
1744,4,268,LeftResponse,1764340766.7983484,1671.7437372207642,False
1745,4,269,FeedbackPeriodStarted,1764340766.818727,1671.764113664627,False
1746,4,269,startFixDisplay,1764340766.8187757,1671.7641620635986,False
1747,4,269,startFixPeriod,1764340767.1517994,1672.0971865653992,False
1748,4,269,TargetPresentation,1764340768.3107252,1673.2561140060425,False
1749,4,269,TargetDisplacement,1764340768.477094,1673.4224803447723,True
1750,4,269,RightResponse,1764340769.1989374,1674.1443238258362,False
1751,4,270,FeedbackPeriodStarted,1764340769.2196867,1674.165073633194,False
1752,4,270,startFixDisplay,1764340769.2197394,1674.1651258468628,False
1753,4,270,startFixPeriod,1764340769.4069362,1674.3523228168488,False
1754,4,270,TargetPresentation,1764340770.2605557,1675.2059440612793,False
1755,4,270,TargetRemoval,1764340770.406122,1675.3515083789825,True
1756,4,270,TargetReappeared,1764340770.6561458,1675.601535320282,False
1757,4,270,LeftResponse,1764340771.3013625,1676.2467489242554,False
1758,4,270,FeedbackPeriodStarted,1764340771.3084257,1676.2538151741028,False
1759,4,271,startFixDisplay,1764340773.3205261,1678.265912771225,False
1760,4,271,startFixPeriod,1764340773.5427775,1678.488166809082,False
1761,4,271,TargetPresentation,1764340774.625184,1679.5705707073212,False
1762,4,271,TargetDisplacement,1764340774.749959,1679.695345401764,True
1763,4,271,LeftResponse,1764340775.6035857,1680.5489721298218,False
1764,4,272,FeedbackPeriodStarted,1764340775.6242828,1680.5696694850922,False
1765,4,272,startFixDisplay,1764340775.6243289,1680.5697152614594,False
1766,4,272,startFixPeriod,1764340776.06855,1681.0139393806458,False
1767,4,272,TargetPresentation,1764340776.9220054,1681.8673946857452,False
1768,4,272,TargetDisplacement,1764340777.0884128,1682.0337989330292,True
1769,4,272,RightResponse,1764340778.0600562,1683.0054428577423,False
1770,4,273,FeedbackPeriodStarted,1764340778.0807283,1683.0261149406433,False
1771,4,273,startFixDisplay,1764340778.0808218,1683.0262084007263,False
1772,4,273,startFixPeriod,1764340778.2750175,1683.2204041481018,False
1773,4,273,TargetPresentation,1764340779.4825337,1684.4279205799103,False
1774,4,273,TargetDisplacement,1764340779.6489193,1684.5943057537079,True
1775,4,273,LeftResponse,1764340780.4335036,1685.3788924217224,False
1776,4,274,FeedbackPeriodStarted,1764340780.4538732,1685.3992595672607,False
1777,4,274,startFixDisplay,1764340780.453922,1685.3993082046509,False
1778,4,274,startFixPeriod,1764340780.7245073,1685.6698944568634,False
1779,4,274,TargetPresentation,1764340781.8279517,1686.7733416557312,False
1780,4,274,TargetRemoval,1764340782.0152156,1686.9606022834778,True
1781,4,274,TargetReappeared,1764340782.2651236,1687.2105140686035,False
1782,4,274,RightResponse,1764340782.917651,1687.8630392551422,False
1783,4,275,FeedbackPeriodStarted,1764340782.9381042,1687.8834908008575,False
1784,4,275,startFixDisplay,1764340782.9381528,1687.883539199829,False
1785,4,275,startFixPeriod,1764340783.3267694,1688.2721586227417,False
1786,4,275,TargetPresentation,1764340784.6311622,1689.5765488147736,False
1787,4,275,TargetRemoval,1764340784.7907612,1689.7361478805542,True
1788,4,275,TargetReappeared,1764340785.040747,1689.9861340522766,False
1789,4,275,RightResponse,1764340785.672215,1690.6176018714905,False
1790,4,276,FeedbackPeriodStarted,1764340785.6928458,1690.6382327079773,False
1791,4,276,startFixDisplay,1764340785.692965,1690.6383519172668,False
1792,4,276,startFixPeriod,1764340786.06069,1691.0060765743256,False
1793,4,276,TargetPresentation,1764340787.1084688,1692.053855895996,False
1794,4,276,TargetDisplacement,1764340787.302783,1692.2481696605682,True
1795,4,276,RightResponse,1764340788.1562638,1693.1016504764557,False
1796,4,276,FeedbackPeriodStarted,1764340788.163116,1693.108502626419,False
1797,4,277,startFixDisplay,1764340790.175443,1695.1208295822144,False
1798,4,277,startFixPeriod,1764340790.1824532,1695.1278398036957,False
1799,4,277,TargetPresentation,1764340790.758315,1695.7037017345428,False
1800,4,277,TargetDisplacement,1764340790.9248552,1695.8702418804169,True
1801,4,277,LeftResponse,1764340791.660537,1696.6059238910675,False
1802,4,278,FeedbackPeriodStarted,1764340791.681261,1696.6266477108002,False
1803,4,278,startFixDisplay,1764340791.681299,1696.626685142517,False
1804,4,278,startFixPeriod,1764340792.1808536,1697.126240491867,False
1805,4,278,TargetPresentation,1764340792.8055475,1697.7509367465973,False
1806,4,278,TargetDisplacement,1764340792.9788034,1697.924190044403,True
1807,4,278,LeftResponse,1764340793.8532803,1698.7986664772034,False
1808,4,279,FeedbackPeriodStarted,1764340793.8739488,1698.8193354606628,False
1809,4,279,startFixDisplay,1764340793.873995,1698.81938123703,False
1810,4,279,startFixPeriod,1764340794.2904983,1699.2358877658844,False
1811,4,279,TargetPresentation,1764340795.150907,1700.096293926239,False
1812,4,279,TargetDisplacement,1764340795.310369,1700.255755662918,True
1813,4,279,LeftResponse,1764340796.01863,1700.964019536972,False
1814,4,280,FeedbackPeriodStarted,1764340796.0389302,1700.9843165874481,False
1815,4,280,startFixDisplay,1764340796.0389767,1700.984363079071,False
1816,4,280,startFixPeriod,1764340796.379042,1701.3244302272797,False
1817,4,280,TargetPresentation,1764340797.003524,1701.9489109516144,False
1818,4,280,TargetRemoval,1764340797.156186,1702.101572751999,True
1819,4,280,TargetReappeared,1764340797.4061415,1702.3515305519104,False
1820,4,280,RightResponse,1764340798.0375443,1702.982931137085,False
1821,4,281,FeedbackPeriodStarted,1764340798.058207,1703.0035939216614,False
1822,4,281,startFixDisplay,1764340798.0582712,1703.0036578178406,False
1823,4,281,startFixPeriod,1764340798.2735076,1703.2188968658447,False
1824,4,281,TargetPresentation,1764340799.3419259,1704.2873125076294,False
1825,4,281,TargetDisplacement,1764340799.50844,1704.4538264274597,True
1826,4,281,LeftResponse,1764340800.480359,1705.4257476329803,False
1827,4,282,FeedbackPeriodStarted,1764340800.5007303,1705.446116924286,False
1828,4,282,startFixDisplay,1764340800.5007765,1705.446162700653,False
1829,4,282,startFixPeriod,1764340801.0074868,1705.952876329422,False
1830,4,282,TargetPresentation,1764340801.6042428,1706.5496318340302,False
1831,4,282,TargetDisplacement,1764340801.7359886,1706.6813776493073,True
1832,4,282,LeftResponse,1764340802.4438465,1707.389233827591,False
1833,4,282,FeedbackPeriodStarted,1764340802.4507291,1707.396118402481,False
1834,4,283,startFixDisplay,1764340804.4629653,1709.4083518981934,False
1835,4,283,startFixPeriod,1764340804.4699333,1709.4153196811676,False
1836,4,283,TargetPresentation,1764340805.3788853,1710.3242721557617,False
1837,4,283,TargetDisplacement,1764340805.5662313,1710.5116181373596,True
1838,4,283,RightResponse,1764340806.3856251,1711.331015586853,False
1839,4,284,FeedbackPeriodStarted,1764340806.4058728,1711.3512597084045,False
1840,4,284,startFixDisplay,1764340806.4059277,1711.3513140678406,False
1841,4,284,startFixPeriod,1764340806.6557527,1711.6011397838593,False
1842,4,284,TargetPresentation,1764340807.7453039,1712.69069480896,False
1843,4,284,TargetDisplacement,1764340807.904687,1712.8500740528107,True
1844,4,284,LeftResponse,1764340808.6476533,1713.59304022789,False
1845,4,285,FeedbackPeriodStarted,1764340808.668119,1713.6135082244873,False
1846,4,285,startFixDisplay,1764340808.6682525,1713.6136405467987,False
1847,4,285,startFixPeriod,1764340808.8762279,1713.821614742279,False
1848,4,285,TargetPresentation,1764340809.7990353,1714.7444219589233,False
1849,4,285,TargetDisplacement,1764340809.937942,1714.8833312988281,True
1850,4,285,LeftResponse,1764340810.7776656,1715.7230520248413,False
1851,4,286,FeedbackPeriodStarted,1764340810.7984638,1715.743852853775,False
1852,4,286,startFixDisplay,1764340810.7986217,1715.7440097332,False
1853,4,286,startFixPeriod,1764340811.1869788,1716.13236618042,False
1854,4,286,TargetPresentation,1764340811.9781158,1716.9235067367554,False
1855,4,286,TargetDisplacement,1764340812.1166654,1717.0620520114899,True
1856,4,286,LeftResponse,1764340812.8663247,1717.811712026596,False
1857,4,287,FeedbackPeriodStarted,1764340812.8869123,1717.8322987556458,False
1858,4,287,startFixDisplay,1764340812.8869603,1717.8323464393616,False
1859,4,287,startFixPeriod,1764340813.0883048,1718.0336937904358,False
1860,4,287,TargetPresentation,1764340814.1221287,1719.0675163269043,False
1861,4,287,TargetRemoval,1764340814.2677653,1719.2131516933441,True
1862,4,287,TargetReappeared,1764340814.517741,1719.4631304740906,False
1863,4,287,LeftResponse,1764340815.1076658,1720.0530529022217,False
1864,4,288,FeedbackPeriodStarted,1764340815.128217,1720.073603630066,False
1865,4,288,startFixDisplay,1764340815.1282635,1720.0736498832703,False
1866,4,288,startFixPeriod,1764340815.530716,1720.476103067398,False
1867,4,288,TargetPresentation,1764340816.3148735,1721.2602603435516,False
1868,4,288,TargetDisplacement,1764340816.5021353,1721.4475219249725,True
1869,4,288,LeftResponse,1764340817.2309406,1722.1763272285461,False
1870,4,288,FeedbackPeriodStarted,1764340817.237716,1722.183102607727,False
1871,4,289,startFixDisplay,1764340819.2500086,1724.195395231247,False
1872,4,289,startFixPeriod,1764340819.5831983,1724.5285859107971,False
1873,4,289,TargetPresentation,1764340821.0057826,1725.951173067093,False
1874,4,289,TargetDisplacement,1764340821.192926,1726.1383125782013,True
1875,4,289,LeftResponse,1764340822.0119982,1726.9573857784271,False
1876,4,290,FeedbackPeriodStarted,1764340822.0325594,1726.977945804596,False
1877,4,290,startFixDisplay,1764340822.0326123,1726.9779987335205,False
1878,4,290,startFixPeriod,1764340822.1993015,1727.144690990448,False
1879,4,290,TargetPresentation,1764340823.5037875,1728.4491758346558,False
1880,4,290,TargetRemoval,1764340823.6771202,1728.6225068569183,True
1881,4,290,TargetReappeared,1764340823.9270399,1728.8724269866943,False
1882,4,290,RightResponse,1764340824.614366,1729.559754371643,False
1883,4,291,FeedbackPeriodStarted,1764340824.6346958,1729.5800824165344,False
1884,4,291,startFixDisplay,1764340824.6347551,1729.580141544342,False
1885,4,291,startFixPeriod,1764340824.8429446,1729.788331747055,False
1886,4,291,TargetPresentation,1764340825.5992925,1730.544678926468,False
1887,4,291,TargetRemoval,1764340825.779634,1730.7250204086304,True
1888,4,291,TargetReappeared,1764340826.029603,1730.9749929904938,False
1889,4,291,LeftResponse,1764340826.765427,1731.7108161449432,False
1890,4,292,FeedbackPeriodStarted,1764340826.7927394,1731.738126039505,False
1891,4,292,startFixDisplay,1764340826.7927861,1731.738172531128,False
1892,4,292,startFixPeriod,1764340827.278625,1732.2240126132965,False
1893,4,292,TargetPresentation,1764340828.381791,1733.3271777629852,False
1894,4,292,TargetDisplacement,1764340828.5691636,1733.5145502090454,True
1895,4,292,LeftResponse,1764340829.360708,1734.306096792221,False
1896,4,293,FeedbackPeriodStarted,1764340829.3810003,1734.3263866901398,False
1897,4,293,startFixDisplay,1764340829.381047,1734.3264334201813,False
1898,4,293,startFixPeriod,1764340829.6378932,1734.5832824707031,False
1899,4,293,TargetPresentation,1764340830.5884943,1735.5338826179504,False
1900,4,293,TargetDisplacement,1764340830.7826726,1735.7280592918396,True
1901,4,293,RightResponse,1764340831.574195,1736.5195837020874,False
1902,4,294,FeedbackPeriodStarted,1764340831.5945494,1736.5399360656738,False
1903,4,294,startFixDisplay,1764340831.5946019,1736.5399882793427,False
1904,4,294,startFixPeriod,1764340831.809802,1736.7551891803741,False
1905,4,294,TargetPresentation,1764340832.7952237,1737.7406141757965,False
1906,4,294,TargetDisplacement,1764340832.9337995,1737.8791861534119,True
1907,4,294,LeftResponse,1764340833.8087103,1738.7540972232819,False
1908,4,294,FeedbackPeriodStarted,1764340833.8152916,1738.7606823444366,False
1909,4,295,startFixDisplay,1764340835.8274,1740.772786617279,False
1910,4,295,startFixPeriod,1764340836.1396399,1741.0850267410278,False
1911,4,295,TargetPresentation,1764340836.7712796,1741.7166690826416,False
1912,4,295,TargetDisplacement,1764340836.9237182,1741.8691048622131,True
1913,4,295,LeftResponse,1764340837.5830476,1742.5284340381622,False
1914,4,296,FeedbackPeriodStarted,1764340837.6038098,1742.5491967201233,False
1915,4,296,startFixDisplay,1764340837.6038585,1742.5492448806763,False
1916,4,296,startFixPeriod,1764340838.0480707,1742.993460893631,False
1917,4,296,TargetPresentation,1764340838.734992,1743.6803827285767,False
1918,4,296,TargetRemoval,1764340838.866816,1743.8122067451477,True
1919,4,296,TargetReappeared,1764340839.116632,1744.0620186328888,False
1920,4,296,LeftResponse,1764340839.9009755,1744.8463623523712,False
1921,4,297,FeedbackPeriodStarted,1764340839.921424,1744.8668105602264,False
1922,4,297,startFixDisplay,1764340839.921477,1744.8668639659882,False
1923,4,297,startFixPeriod,1764340840.3586612,1745.3040480613708,False
1924,4,297,TargetPresentation,1764340841.177386,1746.1227729320526,False
1925,4,297,TargetDisplacement,1764340841.3578997,1746.3032865524292,True
1926,4,297,RightResponse,1764340842.343256,1747.2886426448822,False
1927,4,298,FeedbackPeriodStarted,1764340842.3639727,1747.309359550476,False
1928,4,298,startFixDisplay,1764340842.3640294,1747.3094158172607,False
1929,4,298,startFixPeriod,1764340842.683297,1747.6286873817444,False
1930,4,298,TargetPresentation,1764340843.5782661,1748.5236530303955,False
1931,4,298,TargetDisplacement,1764340843.758839,1748.7042288780212,True
1932,4,298,LeftResponse,1764340844.5225067,1749.4678950309753,False
1933,4,299,FeedbackPeriodStarted,1764340844.5429995,1749.4883890151978,False
1934,4,299,startFixDisplay,1764340844.5431342,1749.488522529602,False
1935,4,299,startFixPeriod,1764340844.8065314,1749.7519183158875,False
1936,4,299,TargetPresentation,1764340845.923822,1750.869211435318,False
1937,4,299,TargetDisplacement,1764340846.062441,1751.007827758789,True
1938,4,299,LeftResponse,1764340846.8469737,1751.7923622131348,False
1939,4,300,FeedbackPeriodStarted,1764340846.8674915,1751.8128805160522,False
1940,4,300,startFixDisplay,1764340846.8676438,1751.8130316734314,False
1941,4,300,startFixPeriod,1764340847.256115,1752.2015039920807,False
1942,4,300,TargetPresentation,1764340848.3942046,1753.3395953178406,False
1943,4,300,TargetDisplacement,1764340848.5605173,1753.5059039592743,True
1944,4,300,LeftResponse,1764340849.3169534,1754.2623398303986,False
1945,4,300,FeedbackPeriodStarted,1764340849.3238409,1754.269228219986,False
1946,4,301,startFixDisplay,1764340851.3362136,1756.2816030979156,False
1947,4,301,startFixPeriod,1764340851.5928588,1756.538245677948,False
1948,4,301,TargetPresentation,1764340853.0709488,1758.0163359642029,False
1949,4,301,TargetRemoval,1764340853.216683,1758.1620700359344,True
1950,4,301,TargetReappeared,1764340853.466581,1758.4119679927826,False
1951,4,301,LeftResponse,1764340854.167893,1759.1132793426514,False
1952,4,302,FeedbackPeriodStarted,1764340854.1880674,1759.1334538459778,False
1953,4,302,startFixDisplay,1764340854.18812,1759.1335060596466,False
1954,4,302,startFixPeriod,1764340854.368556,1759.3139429092407,False
1955,4,302,TargetPresentation,1764340855.15274,1760.0981276035309,False
1956,4,302,TargetDisplacement,1764340855.291591,1760.2369821071625,True
1957,4,302,LeftResponse,1764340856.2634776,1761.2088680267334,False
1958,4,303,FeedbackPeriodStarted,1764340856.283671,1761.2290575504303,False
1959,4,303,startFixDisplay,1764340856.2837243,1761.2291107177734,False
1960,4,303,startFixPeriod,1764340856.49204,1761.4374284744263,False
1961,4,303,TargetPresentation,1764340857.290003,1762.2353920936584,False
1962,4,303,TargetRemoval,1764340857.4773173,1762.4227063655853,True
1963,4,303,TargetReappeared,1764340857.7270536,1762.6724417209625,False
1964,4,303,LeftResponse,1764340858.3378046,1763.283191204071,False
1965,4,304,FeedbackPeriodStarted,1764340858.3585079,1763.3038942813873,False
1966,4,304,startFixDisplay,1764340858.358604,1763.3039908409119,False
1967,4,304,startFixPeriod,1764340858.6083767,1763.5537662506104,False
1968,4,304,TargetPresentation,1764340859.6353524,1764.5807416439056,False
1969,4,304,TargetDisplacement,1764340859.8226697,1764.7680587768555,True
1970,4,304,RightResponse,1764340860.641581,1765.5869681835175,False
1971,4,305,FeedbackPeriodStarted,1764340860.6621819,1765.6075682640076,False
1972,4,305,startFixDisplay,1764340860.6622286,1765.6076147556305,False
1973,4,305,startFixPeriod,1764340860.8426344,1765.7880215644836,False
1974,4,305,TargetPresentation,1764340861.807124,1766.752510547638,False
1975,4,305,TargetRemoval,1764340861.9459572,1766.891343832016,True
1976,4,305,TargetReappeared,1764340862.1958663,1767.141257762909,False
1977,4,305,LeftResponse,1764340862.7999175,1767.745304107666,False
1978,4,306,FeedbackPeriodStarted,1764340862.8202164,1767.7656030654907,False
1979,4,306,startFixDisplay,1764340862.8202624,1767.765648841858,False
1980,4,306,startFixPeriod,1764340863.0077455,1767.9531347751617,False
1981,4,306,TargetPresentation,1764340864.3607512,1769.3061380386353,False
1982,4,306,TargetRemoval,1764340864.499593,1769.4449820518494,True
1983,4,306,TargetReappeared,1764340864.7494266,1769.6948161125183,False
1984,4,306,RightResponse,1764340865.6657426,1770.6111314296722,False
1985,4,306,FeedbackPeriodStarted,1764340865.6723242,1770.6177134513855,False
1986,4,307,startFixDisplay,1764340867.6844966,1772.6298832893372,False
1987,4,307,startFixPeriod,1764340867.6914284,1772.636815071106,False
1988,4,307,TargetPresentation,1764340868.9753451,1773.9207346439362,False
1989,4,307,TargetDisplacement,1764340869.1208422,1774.0662286281586,True
1990,4,307,LeftResponse,1764340869.9818528,1774.9272391796112,False
1991,4,308,FeedbackPeriodStarted,1764340870.0021393,1774.947526216507,False
1992,4,308,startFixDisplay,1764340870.0021942,1774.947580575943,False
1993,4,308,startFixPeriod,1764340870.1619256,1775.1073157787323,False
1994,4,308,TargetPresentation,1764340871.4317067,1776.377093076706,False
1995,4,308,TargetDisplacement,1764340871.570557,1776.5159480571747,True
1996,4,308,LeftResponse,1764340872.5489535,1777.4943406581879,False
1997,4,309,FeedbackPeriodStarted,1764340872.5695806,1777.5149676799774,False
1998,4,309,startFixDisplay,1764340872.5696375,1777.5150241851807,False
1999,4,309,startFixPeriod,1764340872.895704,1777.8410906791687,False
2000,4,309,TargetPresentation,1764340874.2489066,1779.1942930221558,False
2001,4,309,TargetDisplacement,1764340874.4014971,1779.3468835353851,True
2002,4,309,LeftResponse,1764340875.4148052,1780.3601915836334,False
2003,4,310,FeedbackPeriodStarted,1764340875.4353766,1780.3807632923126,False
2004,4,310,startFixDisplay,1764340875.4354239,1780.3808100223541,False
2005,4,310,startFixPeriod,1764340875.6227994,1780.5681858062744,False
2006,4,310,TargetPresentation,1764340876.5387087,1781.4840953350067,False
2007,4,310,TargetDisplacement,1764340876.7260964,1781.6714832782745,True
2008,4,310,LeftResponse,1764340877.676832,1782.6222188472748,False
2009,4,311,FeedbackPeriodStarted,1764340877.6975048,1782.642891407013,False
2010,4,311,startFixDisplay,1764340877.6975522,1782.642938375473,False
2011,4,311,startFixPeriod,1764340877.9127378,1782.8581256866455,False
2012,4,311,TargetPresentation,1764340879.1686335,1784.1140208244324,False
2013,4,311,TargetRemoval,1764340879.3142855,1784.259672164917,True
2014,4,311,TargetReappeared,1764340879.564171,1784.509557723999,False
2015,4,311,LeftResponse,1764340880.272061,1785.217447757721,False
2016,4,312,FeedbackPeriodStarted,1764340880.2927172,1785.2381041049957,False
2017,4,312,startFixDisplay,1764340880.2927878,1785.2381749153137,False
2018,4,312,startFixPeriod,1764340880.7507641,1785.6961514949799,False
2019,4,312,TargetPresentation,1764340881.2919862,1786.237372636795,False
2020,4,312,TargetDisplacement,1764340881.4792638,1786.4246504306793,True
2021,4,312,RightResponse,1764340882.4926696,1787.438056230545,False
2022,4,312,FeedbackPeriodStarted,1764340882.4994786,1787.4448692798615,False
2023,4,313,startFixDisplay,1764340884.5116723,1789.4570593833923,False
2024,4,313,startFixPeriod,1764340884.5186386,1789.464025735855,False
2025,4,313,TargetPresentation,1764340885.8996727,1790.8450622558594,False
2026,4,313,TargetDisplacement,1764340886.0660975,1791.011487007141,True
2027,4,313,LeftResponse,1764340886.8642006,1791.8095874786377,False
2028,4,314,FeedbackPeriodStarted,1764340886.8847911,1791.8301775455475,False
2029,4,314,startFixDisplay,1764340886.8848383,1791.8302245140076,False
2030,4,314,startFixPeriod,1764340887.0515506,1791.9969401359558,False
2031,4,314,TargetPresentation,1764340887.5579386,1792.5033252239227,False
2032,4,314,TargetDisplacement,1764340887.7036881,1792.649074792862,True
2033,4,314,LeftResponse,1764340888.57842,1793.5238087177277,False
2034,4,315,FeedbackPeriodStarted,1764340888.5988317,1793.544218301773,False
2035,4,315,startFixDisplay,1764340888.5988786,1793.544264793396,False
2036,4,315,startFixPeriod,1764340889.0360303,1793.9814193248749,False
2037,4,315,TargetPresentation,1764340889.695357,1794.6407470703125,False
2038,4,315,TargetDisplacement,1764340889.8963168,1794.8417031764984,True
2039,4,315,LeftResponse,1764340890.7431378,1795.688524723053,False
2040,4,316,FeedbackPeriodStarted,1764340890.7637148,1795.7091012001038,False
2041,4,316,startFixDisplay,1764340890.763761,1795.709147453308,False
2042,4,316,startFixPeriod,1764340890.992762,1795.9381487369537,False
2043,4,316,TargetPresentation,1764340892.2418027,1797.1871893405914,False
2044,4,316,TargetDisplacement,1764340892.4013083,1797.346694946289,True
2045,4,316,LeftResponse,1764340893.1301582,1798.0755450725555,False
2046,4,317,FeedbackPeriodStarted,1764340893.1508732,1798.0962624549866,False
2047,4,317,startFixDisplay,1764340893.1510267,1798.0964169502258,False
2048,4,317,startFixPeriod,1764340893.4284184,1798.3738074302673,False
2049,4,317,TargetPresentation,1764340894.0597935,1799.0051798820496,False
2050,4,317,TargetRemoval,1764340894.2817845,1799.2271711826324,True
2051,4,317,TargetReappeared,1764340894.5316472,1799.4770345687866,False
2052,4,317,RightResponse,1764340895.4063606,1800.3517491817474,False
2053,4,318,FeedbackPeriodStarted,1764340895.4338043,1800.3791933059692,False
2054,4,318,startFixDisplay,1764340895.4339325,1800.379320859909,False
2055,4,318,startFixPeriod,1764340895.6349921,1800.5803792476654,False
2056,4,318,TargetPresentation,1764340896.5996175,1801.5450069904327,False
2057,4,318,TargetRemoval,1764340896.772991,1801.718377828598,True
2058,4,318,TargetReappeared,1764340897.0228045,1801.9681918621063,False
2059,4,318,LeftResponse,1764340897.925087,1802.8704733848572,False
2060,4,318,FeedbackPeriodStarted,1764340897.9317486,1802.8771352767944,False
2061,4,319,startFixDisplay,1764340899.9440544,1804.8894407749176,False
2062,4,319,startFixPeriod,1764340899.950982,1804.8963685035706,False
2063,4,319,TargetPresentation,1764340901.4292135,1806.3746027946472,False
2064,4,319,TargetRemoval,1764340901.6303465,1806.5757355690002,True
2065,4,319,TargetReappeared,1764340901.8800526,1806.8254389762878,False
2066,4,319,LeftResponse,1764340902.5189137,1807.4643025398254,False
2067,4,320,FeedbackPeriodStarted,1764340902.5392492,1807.484635591507,False
2068,4,320,startFixDisplay,1764340902.539343,1807.4847297668457,False
2069,4,320,startFixPeriod,1764340902.789121,1807.73450756073,False
2070,4,320,TargetPresentation,1764340903.91326,1808.8586468696594,False
2071,4,320,TargetDisplacement,1764340904.093611,1809.0389976501465,True
2072,4,320,LeftResponse,1764340905.176189,1810.1215753555298,False
2073,4,321,FeedbackPeriodStarted,1764340905.1969004,1810.142287015915,False
2074,4,321,startFixDisplay,1764340905.1969478,1810.1423342227936,False
2075,4,321,startFixPeriod,1764340905.37059,1810.3159782886505,False
2076,4,321,TargetPresentation,1764340906.390496,1811.3358829021454,False
2077,4,321,TargetDisplacement,1764340906.5292196,1811.4746062755585,True
2078,4,321,LeftResponse,1764340907.278837,1812.2242240905762,False
2079,4,322,FeedbackPeriodStarted,1764340907.2994587,1812.2448456287384,False
2080,4,322,startFixDisplay,1764340907.2995164,1812.2449033260345,False
2081,4,322,startFixPeriod,1764340907.5214982,1812.4668850898743,False
2082,4,322,TargetPresentation,1764340908.375144,1813.3205330371857,False
2083,4,322,TargetDisplacement,1764340908.513878,1813.4592671394348,True
2084,4,322,LeftResponse,1764340909.3604705,1814.305857181549,False
2085,4,323,FeedbackPeriodStarted,1764340909.3812609,1814.326649904251,False
2086,4,323,startFixDisplay,1764340909.3813832,1814.3267712593079,False
2087,4,323,startFixPeriod,1764340909.582417,1814.527803659439,False
2088,4,323,TargetPresentation,1764340910.1029966,1815.048386335373,False
2089,4,323,TargetDisplacement,1764340910.2554467,1815.200833082199,True
2090,4,323,LeftResponse,1764340911.1510675,1816.0964562892914,False
2091,4,324,FeedbackPeriodStarted,1764340911.1714096,1816.1167962551117,False
2092,4,324,startFixDisplay,1764340911.171446,1816.1168320178986,False
2093,4,324,startFixPeriod,1764340911.3657846,1816.3111715316772,False
2094,4,324,TargetPresentation,1764340912.1984286,1817.1438159942627,False
2095,4,324,TargetDisplacement,1764340912.3510346,1817.2964210510254,True
2096,4,324,LeftResponse,1764340913.2809904,1818.2263767719269,False
2097,4,324,FeedbackPeriodStarted,1764340913.2878304,1818.2332170009613,False
2098,4,325,startFixDisplay,1764340915.3002558,1820.2456436157227,False
2099,4,325,startFixPeriod,1764340915.3071806,1820.252568244934,False
2100,4,325,TargetPresentation,1764340916.6950347,1821.6404242515564,False
2101,4,325,TargetRemoval,1764340916.8475294,1821.7929158210754,True
2102,4,325,TargetReappeared,1764340917.0973463,1822.0427331924438,False
2103,4,325,RightResponse,1764340917.7428432,1822.6882297992706,False
2104,4,326,FeedbackPeriodStarted,1764340917.763499,1822.7088854312897,False
2105,4,326,startFixDisplay,1764340917.7635465,1822.708932876587,False
2106,4,326,startFixPeriod,1764340918.1731422,1823.1185290813446,False
2107,4,326,TargetPresentation,1764340919.5955384,1824.54092669487,False
2108,4,326,TargetDisplacement,1764340919.7549868,1824.70037317276,True
2109,4,326,LeftResponse,1764340920.449119,1825.3945062160492,False
2110,4,327,FeedbackPeriodStarted,1764340920.469723,1825.4151093959808,False
2111,4,327,startFixDisplay,1764340920.4697707,1825.415156841278,False
2112,4,327,startFixPeriod,1764340920.7057261,1825.6511130332947,False
2113,4,327,TargetPresentation,1764340921.4481325,1826.3935191631317,False
2114,4,327,TargetDisplacement,1764340921.60771,1826.5530965328217,True
2115,4,327,LeftResponse,1764340922.4682589,1827.413645029068,False
2116,4,328,FeedbackPeriodStarted,1764340922.4889803,1827.4343667030334,False
2117,4,328,startFixDisplay,1764340922.4890273,1827.4344136714935,False
2118,4,328,startFixPeriod,1764340922.6695507,1827.6149380207062,False
2119,4,328,TargetPresentation,1764340923.3495426,1828.2949295043945,False
2120,4,328,TargetRemoval,1764340923.495142,1828.440528869629,True
2121,4,328,TargetReappeared,1764340923.7449481,1828.6903347969055,False
2122,4,328,RightResponse,1764340924.3140647,1829.2594513893127,False
2123,4,329,FeedbackPeriodStarted,1764340924.341806,1829.28719496727,False
2124,4,329,startFixDisplay,1764340924.3419352,1829.2873232364655,False
2125,4,329,startFixPeriod,1764340924.5221972,1829.4675846099854,False
2126,4,329,TargetPresentation,1764340925.681043,1830.6264295578003,False
2127,4,329,TargetDisplacement,1764340925.8543963,1830.7997827529907,True
2128,4,329,LeftResponse,1764340926.6247542,1831.570140838623,False
2129,4,329,FeedbackPeriodStarted,1764340926.6593883,1831.604775428772,False
2130,5,330,startFixDisplay,1764341084.8554747,1989.8008613586426,False
2131,5,330,startFixPeriod,1764341084.862523,1989.8079121112823,False
2132,5,330,TargetPresentation,1764341086.2712464,1991.216635942459,False
2133,5,330,TargetRemoval,1764341086.416808,1991.3621945381165,True
2134,5,330,TargetReappeared,1764341086.666694,1991.6120808124542,False
2135,5,330,RightResponse,1764341087.4438484,1992.3892350196838,False
2136,5,331,FeedbackPeriodStarted,1764341087.4645607,1992.4099473953247,False
2137,5,331,startFixDisplay,1764341087.4646275,1992.4100141525269,False
2138,5,331,startFixPeriod,1764341087.6936398,1992.6390264034271,False
2139,5,331,TargetPresentation,1764341088.533277,1993.4786655902863,False
2140,5,331,TargetRemoval,1764341088.6719773,1993.6173639297485,True
2141,5,331,TargetReappeared,1764341088.9217663,1993.8671531677246,False
2142,5,331,RightResponse,1764341089.497833,1994.443219423294,False
2143,5,332,FeedbackPeriodStarted,1764341089.5185008,1994.4638874530792,False
2144,5,332,startFixDisplay,1764341089.5185473,1994.463933467865,False
2145,5,332,startFixPeriod,1764341089.733697,1994.6790843009949,False
2146,5,332,TargetPresentation,1764341090.3929844,1995.3383717536926,False
2147,5,332,TargetDisplacement,1764341090.5524075,1995.4977941513062,True
2148,5,332,RightResponse,1764341091.3089247,1996.254311800003,False
2149,5,333,FeedbackPeriodStarted,1764341091.329678,1996.275064945221,False
2150,5,333,startFixDisplay,1764341091.3297741,1996.2751605510712,False
2151,5,333,startFixPeriod,1764341091.5240376,1996.4694259166718,False
2152,5,333,TargetPresentation,1764341092.655013,1997.6003997325897,False
2153,5,333,TargetRemoval,1764341092.8146505,1997.760036945343,True
2154,5,333,TargetReappeared,1764341093.064491,1998.0098805427551,False
2155,5,333,LeftResponse,1764341093.5019622,1998.4473509788513,False
2156,5,334,FeedbackPeriodStarted,1764341093.5224519,1998.4678409099579,False
2157,5,334,startFixDisplay,1764341093.5226064,1998.4679956436157,False
2158,5,334,startFixPeriod,1764341093.7027774,1998.6481642723083,False
2159,5,334,TargetPresentation,1764341094.8129966,1999.7583832740784,False
2160,5,334,TargetDisplacement,1764341094.9517727,1999.8971593379974,True
2161,5,334,RightResponse,1764341095.5417144,2000.4871008396149,False
2162,5,335,FeedbackPeriodStarted,1764341095.5625377,2000.507926940918,False
2163,5,335,startFixDisplay,1764341095.562708,2000.5080955028534,False
2164,5,335,startFixPeriod,1764341095.7636888,2000.7090756893158,False
2165,5,335,TargetPresentation,1764341097.0751014,2002.020488023758,False
2166,5,335,TargetDisplacement,1764341097.2485979,2002.1939845085144,True
2167,5,335,LeftResponse,1764341098.047135,2002.992523908615,False
2168,5,336,FeedbackPeriodStarted,1764341098.067392,2003.012778520584,False
2169,5,336,startFixDisplay,1764341098.0674393,2003.0128257274628,False
2170,5,336,startFixPeriod,1764341098.2201443,2003.165531873703,False
2171,5,336,TargetPresentation,1764341099.4344614,2004.3798480033875,False
2172,5,336,TargetRemoval,1764341099.5872002,2004.5325901508331,True
2173,5,336,TargetReappeared,1764341099.8369892,2004.7823781967163,False
2174,5,336,LeftResponse,1764341100.2881823,2005.233568906784,False
2175,5,336,FeedbackPeriodStarted,1764341100.2948287,2005.240215063095,False
2176,5,337,startFixDisplay,1764341102.307153,2007.252539396286,False
2177,5,337,startFixPeriod,1764341102.6056318,2007.551019191742,False
2178,5,337,TargetPresentation,1764341103.3758664,2008.3212530612946,False
2179,5,337,TargetRemoval,1764341103.5631742,2008.5085606575012,True
2180,5,337,TargetReappeared,1764341103.8130517,2008.758440732956,False
2181,5,337,LeftResponse,1764341104.2224934,2009.1678805351257,False
2182,5,338,FeedbackPeriodStarted,1764341104.2431438,2009.1885304450989,False
2183,5,338,startFixDisplay,1764341104.2432072,2009.188593864441,False
2184,5,338,startFixPeriod,1764341104.4235523,2009.3689391613007,False
2185,5,338,TargetPresentation,1764341105.1384363,2010.083826303482,False
2186,5,338,TargetDisplacement,1764341105.3325725,2010.2779593467712,True
2187,5,338,LeftResponse,1764341105.9020708,2010.8474595546722,False
2188,5,339,FeedbackPeriodStarted,1764341105.9294584,2010.8748474121094,False
2189,5,339,startFixDisplay,1764341105.929614,2010.8750035762787,False
2190,5,339,startFixPeriod,1764341106.1168842,2011.0622737407684,False
2191,5,339,TargetPresentation,1764341107.3797386,2012.325126171112,False
2192,5,339,TargetDisplacement,1764341107.5669253,2012.5123119354248,True
2193,5,339,RightResponse,1764341108.4556105,2013.4009997844696,False
2194,5,340,FeedbackPeriodStarted,1764341108.4759529,2013.4213395118713,False
2195,5,340,startFixDisplay,1764341108.4760003,2013.4213864803314,False
2196,5,340,startFixPeriod,1764341108.7467494,2013.692138671875,False
2197,5,340,TargetPresentation,1764341109.884681,2014.8300676345825,False
2198,5,340,TargetDisplacement,1764341110.023464,2014.9688529968262,True
2199,5,340,LeftResponse,1764341110.641293,2015.5866811275482,False
2200,5,341,FeedbackPeriodStarted,1764341110.661752,2015.6071388721466,False
2201,5,341,startFixDisplay,1764341110.6618462,2015.6072325706482,False
2202,5,341,startFixPeriod,1764341110.8561914,2015.8015797138214,False
2203,5,341,TargetPresentation,1764341111.758333,2016.7037236690521,False
2204,5,341,TargetDisplacement,1764341111.9108524,2016.8562388420105,True
2205,5,341,LeftResponse,1764341112.70928,2017.6546695232391,False
2206,5,342,FeedbackPeriodStarted,1764341112.736527,2017.6819140911102,False
2207,5,342,startFixDisplay,1764341112.7365916,2017.6819784641266,False
2208,5,342,startFixPeriod,1764341112.9102013,2017.8555932044983,False
2209,5,342,TargetPresentation,1764341113.937048,2018.8824346065521,False
2210,5,342,TargetRemoval,1764341114.0898483,2019.0352387428284,True
2211,5,342,TargetReappeared,1764341114.339728,2019.2851226329803,False
2212,5,342,RightResponse,1764341114.8599777,2019.8053641319275,False
2213,5,342,FeedbackPeriodStarted,1764341114.866885,2019.8122718334198,False
2214,5,343,startFixDisplay,1764341116.8792264,2021.824615240097,False
2215,5,343,startFixPeriod,1764341117.1567175,2022.1021041870117,False
2216,5,343,TargetPresentation,1764341117.6701758,2022.6155624389648,False
2217,5,343,TargetDisplacement,1764341117.864529,2022.8099155426025,True
2218,5,343,LeftResponse,1764341118.4127893,2023.3581762313843,False
2219,5,344,FeedbackPeriodStarted,1764341118.4334779,2023.3788647651672,False
2220,5,344,startFixDisplay,1764341118.433526,2023.3789122104645,False
2221,5,344,startFixPeriod,1764341118.690411,2023.6358003616333,False
2222,5,344,TargetPresentation,1764341119.9325588,2024.877948999405,False
2223,5,344,TargetDisplacement,1764341120.1057618,2025.0511481761932,True
2224,5,344,RightResponse,1764341120.65405,2025.5994365215302,False
2225,5,345,FeedbackPeriodStarted,1764341120.6747754,2025.6201622486115,False
2226,5,345,startFixDisplay,1764341120.6748228,2025.6202092170715,False
2227,5,345,startFixPeriod,1764341120.8760757,2025.821464061737,False
2228,5,345,TargetPresentation,1764341122.3056703,2027.2510590553284,False
2229,5,345,TargetRemoval,1764341122.4374084,2027.382797241211,True
2230,5,345,TargetReappeared,1764341122.687128,2027.6325147151947,False
2231,5,345,RightResponse,1764341123.2423754,2028.187762260437,False
2232,5,346,FeedbackPeriodStarted,1764341123.263206,2028.2085967063904,False
2233,5,346,startFixDisplay,1764341123.263334,2028.2087223529816,False
2234,5,346,startFixPeriod,1764341123.4506142,2028.3960008621216,False
2235,5,346,TargetPresentation,1764341124.338677,2029.284063577652,False
2236,5,346,TargetDisplacement,1764341124.4913533,2029.4367423057556,True
2237,5,346,LeftResponse,1764341125.095108,2030.0404949188232,False
2238,5,347,FeedbackPeriodStarted,1764341125.1157646,2030.0611515045166,False
2239,5,347,startFixDisplay,1764341125.1158202,2030.0612065792084,False
2240,5,347,startFixPeriod,1764341125.5948133,2030.540200471878,False
2241,5,347,TargetPresentation,1764341126.3927913,2031.3381795883179,False
2242,5,347,TargetDisplacement,1764341126.545392,2031.4907817840576,True
2243,5,347,RightResponse,1764341127.0727365,2032.0181233882904,False
2244,5,348,FeedbackPeriodStarted,1764341127.0933805,2032.038766860962,False
2245,5,348,startFixDisplay,1764341127.0934265,2032.0388128757477,False
2246,5,348,startFixPeriod,1764341127.2878478,2032.2332365512848,False
2247,5,348,TargetPresentation,1764341127.9054735,2032.8508627414703,False
2248,5,348,TargetRemoval,1764341128.078711,2033.0240976810455,True
2249,5,348,TargetReappeared,1764341128.3287501,2033.2741391658783,False
2250,5,348,RightResponse,1764341128.8148448,2033.7602314949036,False
2251,5,348,FeedbackPeriodStarted,1764341128.8213868,2033.7667775154114,False
2252,5,349,startFixDisplay,1764341130.8337016,2035.7790884971619,False
2253,5,349,startFixPeriod,1764341131.0765615,2036.0219678878784,False
2254,5,349,TargetPresentation,1764341132.575338,2037.5207269191742,False
2255,5,349,TargetRemoval,1764341132.7626426,2037.7080295085907,True
2256,5,349,TargetReappeared,1764341133.0126128,2037.9580037593842,False
2257,5,349,LeftResponse,1764341133.5056357,2038.451022386551,False
2258,5,350,FeedbackPeriodStarted,1764341133.5328362,2038.4782230854034,False
2259,5,350,startFixDisplay,1764341133.5328913,2038.4782779216766,False
2260,5,350,startFixPeriod,1764341133.761868,2038.7072546482086,False
2261,5,350,TargetPresentation,1764341134.664136,2039.6095254421234,False
2262,5,350,TargetDisplacement,1764341134.7541926,2039.6995816230774,True
2263,5,350,RightResponse,1764341135.3440733,2040.28946018219,False
2264,5,351,FeedbackPeriodStarted,1764341135.3717017,2040.317088842392,False
2265,5,351,startFixDisplay,1764341135.37175,2040.3171365261078,False
2266,5,351,startFixPeriod,1764341135.5798438,2040.525230884552,False
2267,5,351,TargetPresentation,1764341136.6625135,2041.607902765274,False
2268,5,351,TargetDisplacement,1764341136.8565927,2041.80197930336,True
2269,5,351,LeftResponse,1764341137.9326205,2042.878009557724,False
2270,5,352,FeedbackPeriodStarted,1764341137.952971,2042.898357629776,False
2271,5,352,startFixDisplay,1764341137.9530187,2042.8984048366547,False
2272,5,352,startFixPeriod,1764341138.147287,2043.092673778534,False
2273,5,352,TargetPresentation,1764341139.632373,2044.5777621269226,False
2274,5,352,TargetRemoval,1764341139.8197086,2044.7650952339172,True
2275,5,352,TargetReappeared,1764341140.0697896,2045.0151779651642,False
2276,5,352,LeftResponse,1764341140.5624022,2045.507789850235,False
2277,5,353,FeedbackPeriodStarted,1764341140.5898643,2045.535250902176,False
2278,5,353,startFixDisplay,1764341140.589913,2045.5352990627289,False
2279,5,353,startFixPeriod,1764341140.7703679,2045.7157564163208,False
2280,5,353,TargetPresentation,1764341141.9429657,2046.888352394104,False
2281,5,353,TargetRemoval,1764341142.123444,2047.0688331127167,True
2282,5,353,TargetReappeared,1764341142.3731601,2047.3185472488403,False
2283,5,353,LeftResponse,1764341142.852078,2047.7974650859833,False
2284,5,354,FeedbackPeriodStarted,1764341142.8797503,2047.8251371383667,False
2285,5,354,startFixDisplay,1764341142.8798048,2047.8251912593842,False
2286,5,354,startFixPeriod,1764341143.1227422,2048.0681290626526,False
2287,5,354,TargetPresentation,1764341144.3231878,2049.2685782909393,False
2288,5,354,TargetDisplacement,1764341144.4479365,2049.3933231830597,True
2289,5,354,LeftResponse,1764341145.0101259,2049.955512523651,False
2290,5,354,FeedbackPeriodStarted,1764341145.0169506,2049.9623374938965,False
2291,5,355,startFixDisplay,1764341147.0292244,2051.97461104393,False
2292,5,355,startFixPeriod,1764341147.299973,2052.2453620433807,False
2293,5,355,TargetPresentation,1764341148.028734,2052.974123954773,False
2294,5,355,TargetRemoval,1764341148.2159176,2053.16130399704,True
2295,5,355,TargetReappeared,1764341148.4657664,2053.4111535549164,False
2296,5,355,LeftResponse,1764341148.83401,2053.7793967723846,False
2297,5,356,FeedbackPeriodStarted,1764341148.8611553,2053.8065423965454,False
2298,5,356,startFixDisplay,1764341148.8612123,2053.8065984249115,False
2299,5,356,startFixPeriod,1764341149.0971394,2054.042526245117,False
2300,5,356,TargetPresentation,1764341149.9437306,2054.889117717743,False
2301,5,356,TargetDisplacement,1764341150.0894377,2055.0348241329193,True
2302,5,356,LeftResponse,1764341150.7351985,2055.6805872917175,False
2303,5,357,FeedbackPeriodStarted,1764341150.7555358,2055.7009224891663,False
2304,5,357,startFixDisplay,1764341150.7555902,2055.700976371765,False
2305,5,357,startFixPeriod,1764341150.9499767,2055.8953659534454,False
2306,5,357,TargetPresentation,1764341152.0532086,2056.998597383499,False
2307,5,357,TargetDisplacement,1764341152.240434,2057.1858203411102,True
2308,5,357,LeftResponse,1764341152.7054777,2057.6508643627167,False
2309,5,358,FeedbackPeriodStarted,1764341152.726189,2057.6715755462646,False
2310,5,358,startFixDisplay,1764341152.7262359,2057.6716220378876,False
2311,5,358,startFixPeriod,1764341152.948243,2057.8936297893524,False
2312,5,358,TargetPresentation,1764341154.3499582,2059.295345544815,False
2313,5,358,TargetDisplacement,1764341154.4956262,2059.4410128593445,True
2314,5,358,LeftResponse,1764341155.0439973,2059.989384174347,False
2315,5,359,FeedbackPeriodStarted,1764341155.0716312,2060.017017841339,False
2316,5,359,startFixDisplay,1764341155.071685,2060.017071723938,False
2317,5,359,startFixPeriod,1764341155.2589605,2060.2043476104736,False
2318,5,359,TargetPresentation,1764341156.0291672,2060.974553823471,False
2319,5,359,TargetDisplacement,1764341156.195716,2061.1411027908325,True
2320,5,359,LeftResponse,1764341156.681605,2061.6269915103912,False
2321,5,360,FeedbackPeriodStarted,1764341156.7023175,2061.6477041244507,False
2322,5,360,startFixDisplay,1764341156.702366,2061.6477525234222,False
2323,5,360,startFixPeriod,1764341156.8896332,2061.835020303726,False
2324,5,360,TargetPresentation,1764341157.8680594,2062.8134462833405,False
2325,5,360,TargetRemoval,1764341158.0484192,2062.993805885315,True
2326,5,360,TargetReappeared,1764341158.2982256,2063.2436125278473,False
2327,5,360,RightResponse,1764341158.7843375,2063.729726076126,False
2328,5,360,FeedbackPeriodStarted,1764341158.790885,2063.7362711429596,False
2329,5,361,startFixDisplay,1764341160.8032165,2065.748603105545,False
2330,5,361,startFixPeriod,1764341161.0739162,2066.01930308342,False
2331,5,361,TargetPresentation,1764341161.9897857,2066.9351720809937,False
2332,5,361,TargetRemoval,1764341162.149375,2067.094761610031,True
2333,5,361,TargetReappeared,1764341162.399328,2067.344716310501,False
2334,5,361,LeftResponse,1764341162.9406333,2067.886020421982,False
2335,5,362,FeedbackPeriodStarted,1764341162.9612582,2067.906644821167,False
2336,5,362,startFixDisplay,1764341162.9613063,2067.906692504883,False
2337,5,362,startFixPeriod,1764341163.1695156,2068.114902496338,False
2338,5,362,TargetPresentation,1764341164.3213737,2069.266760110855,False
2339,5,362,TargetRemoval,1764341164.4947748,2069.44016122818,True
2340,5,362,TargetReappeared,1764341164.7446275,2069.690014600754,False
2341,5,362,LeftResponse,1764341165.2096825,2070.1550691127777,False
2342,5,363,FeedbackPeriodStarted,1764341165.230324,2070.1757106781006,False
2343,5,363,startFixDisplay,1764341165.2303722,2070.1757583618164,False
2344,5,363,startFixPeriod,1764341165.4593585,2070.4047458171844,False
2345,5,363,TargetPresentation,1764341166.8402143,2071.785601377487,False
2346,5,363,TargetDisplacement,1764341166.8748581,2071.8202447891235,True
2347,5,363,LeftResponse,1764341167.4440632,2072.3894505500793,False
2348,5,364,FeedbackPeriodStarted,1764341167.4646916,2072.4100782871246,False
2349,5,364,startFixDisplay,1764341167.464728,2072.41011428833,False
2350,5,364,startFixPeriod,1764341167.8879778,2072.8333649635315,False
2351,5,364,TargetPresentation,1764341168.5402458,2073.485632419586,False
2352,5,364,TargetDisplacement,1764341168.7067792,2073.65216588974,True
2353,5,364,LeftResponse,1764341169.352228,2074.297614336014,False
2354,5,365,FeedbackPeriodStarted,1764341169.3799353,2074.3253219127655,False
2355,5,365,startFixDisplay,1764341169.3800356,2074.325423002243,False
2356,5,365,startFixPeriod,1764341169.6784527,2074.623843193054,False
2357,5,365,TargetPresentation,1764341170.5595007,2075.5048875808716,False
2358,5,365,TargetDisplacement,1764341170.7123554,2075.657744884491,True
2359,5,365,LeftResponse,1764341171.357615,2076.303001642227,False
2360,5,366,FeedbackPeriodStarted,1764341171.3783848,2076.323771715164,False
2361,5,366,startFixDisplay,1764341171.3784213,2076.323807477951,False
2362,5,366,startFixPeriod,1764341171.5588377,2076.5042250156403,False
2363,5,366,TargetPresentation,1764341172.3775373,2077.3229241371155,False
2364,5,366,TargetDisplacement,1764341172.3914092,2077.3367960453033,True
2365,5,366,LeftResponse,1764341172.932827,2077.8782136440277,False
2366,5,366,FeedbackPeriodStarted,1764341172.9396803,2077.8850667476654,False
2367,5,367,startFixDisplay,1764341174.9519083,2079.897294998169,False
2368,5,367,startFixPeriod,1764341174.9589562,2079.9043452739716,False
2369,5,367,TargetPresentation,1764341176.1940668,2081.1394534111023,False
2370,5,367,TargetDisplacement,1764341176.325827,2081.271213531494,True
2371,5,367,LeftResponse,1764341176.8950403,2081.840426683426,False
2372,5,368,FeedbackPeriodStarted,1764341176.9156718,2081.861058950424,False
2373,5,368,startFixDisplay,1764341176.9157243,2081.861110687256,False
2374,5,368,startFixPeriod,1764341177.1168914,2082.06227850914,False
2375,5,368,TargetPresentation,1764341178.2549648,2083.2003519535065,False
2376,5,368,TargetRemoval,1764341178.4424272,2083.387817621231,True
2377,5,368,TargetReappeared,1764341178.6922631,2083.6376535892487,False
2378,5,368,RightResponse,1764341179.316753,2084.2621400356293,False
2379,5,369,FeedbackPeriodStarted,1764341179.3375025,2084.282891511917,False
2380,5,369,startFixDisplay,1764341179.3376448,2084.283033132553,False
2381,5,369,startFixPeriod,1764341179.5525742,2084.4979615211487,False
2382,5,369,TargetPresentation,1764341180.489308,2085.4346961975098,False
2383,5,369,TargetRemoval,1764341180.635187,2085.580575942993,True
2384,5,369,TargetReappeared,1764341180.884777,2085.8301634788513,False
2385,5,369,RightResponse,1764341181.453953,2086.3993401527405,False
2386,5,370,FeedbackPeriodStarted,1764341181.4745996,2086.419986009598,False
2387,5,370,startFixDisplay,1764341181.474646,2086.420032262802,False
2388,5,370,startFixPeriod,1764341181.6481586,2086.593544960022,False
2389,5,370,TargetPresentation,1764341182.4808273,2087.426213979721,False
2390,5,370,TargetRemoval,1764341182.619548,2087.5649349689484,True
2391,5,370,TargetReappeared,1764341182.8694375,2087.8148260116577,False
2392,5,370,LeftResponse,1764341183.7438145,2088.6892013549805,False
2393,5,371,FeedbackPeriodStarted,1764341183.7644837,2088.7098701000214,False
2394,5,371,startFixDisplay,1764341183.7645302,2088.7099163532257,False
2395,5,371,startFixPeriod,1764341183.972787,2088.9181747436523,False
2396,5,371,TargetPresentation,1764341184.7430725,2089.6884610652924,False
2397,5,371,TargetDisplacement,1764341184.7499657,2089.695353269577,True
2398,5,371,LeftResponse,1764341185.5895925,2090.5349791049957,False
2399,5,372,FeedbackPeriodStarted,1764341185.6172554,2090.5626430511475,False
2400,5,372,startFixDisplay,1764341185.6173337,2090.5627207756042,False
2401,5,372,startFixPeriod,1764341185.8115213,2090.756908416748,False
2402,5,372,TargetPresentation,1764341186.54015,2091.4855375289917,False
2403,5,372,TargetDisplacement,1764341186.7135644,2091.6589550971985,True
2404,5,372,RightResponse,1764341187.6092145,2092.5546023845673,False
2405,5,372,FeedbackPeriodStarted,1764341187.6226983,2092.568084716797,False
2406,5,373,startFixDisplay,1764341189.634992,2094.5803797245026,False
2407,5,373,startFixPeriod,1764341189.9264283,2094.8718152046204,False
2408,5,373,TargetPresentation,1764341190.6827168,2095.6281037330627,False
2409,5,373,TargetDisplacement,1764341190.6897068,2095.6350932121277,True
2410,5,373,LeftResponse,1764341191.3837764,2096.329162836075,False
2411,5,374,FeedbackPeriodStarted,1764341191.4114478,2096.3568370342255,False
2412,5,374,startFixDisplay,1764341191.4116,2096.3569886684418,False
2413,5,374,startFixPeriod,1764341192.0427926,2096.988179206848,False
2414,5,374,TargetPresentation,1764341192.8131466,2097.758535861969,False
2415,5,374,TargetDisplacement,1764341192.8200152,2097.7654027938843,True
2416,5,374,LeftResponse,1764341193.7360883,2098.6814754009247,False
2417,5,375,FeedbackPeriodStarted,1764341193.7637832,2098.709172964096,False
2418,5,375,startFixDisplay,1764341193.7639165,2098.7093045711517,False
2419,5,375,startFixPeriod,1764341194.1245742,2099.0699610710144,False
2420,5,375,TargetPresentation,1764341195.5817263,2100.5271129608154,False
2421,5,375,TargetDisplacement,1764341195.5887127,2100.534099340439,True
2422,5,375,RightResponse,1764341196.3728516,2101.3182384967804,False
2423,5,376,FeedbackPeriodStarted,1764341196.4006286,2101.34601855278,False
2424,5,376,startFixDisplay,1764341196.4007862,2101.346174955368,False
2425,5,376,startFixPeriod,1764341196.5740154,2101.5194025039673,False
2426,5,376,TargetPresentation,1764341197.760646,2102.7060329914093,False
2427,5,376,TargetRemoval,1764341197.9063256,2102.8517122268677,True
2428,5,376,TargetReappeared,1764341198.1560855,2103.1014721393585,False
2429,5,376,LeftResponse,1764341198.7668865,2103.71227312088,False
2430,5,377,FeedbackPeriodStarted,1764341198.7876463,2103.733035326004,False
2431,5,377,startFixDisplay,1764341198.7877703,2103.7331585884094,False
2432,5,377,startFixPeriod,1764341198.947163,2103.8925511837006,False
2433,5,377,TargetPresentation,1764341199.9601977,2104.905584335327,False
2434,5,377,TargetDisplacement,1764341199.9742339,2104.919623851776,True
2435,5,377,LeftResponse,1764341200.8693204,2105.8147070407867,False
2436,5,378,FeedbackPeriodStarted,1764341200.8901448,2105.8355338573456,False
2437,5,378,startFixDisplay,1764341200.8902886,2105.835678577423,False
2438,5,378,startFixPeriod,1764341201.091331,2106.0367181301117,False
2439,5,378,TargetPresentation,1764341202.146199,2107.091588497162,False
2440,5,378,TargetDisplacement,1764341202.277816,2107.2232024669647,True
2441,5,378,LeftResponse,1764341203.1176987,2108.063085794449,False
2442,5,378,FeedbackPeriodStarted,1764341203.1245139,2108.0699026584625,False
2443,5,379,startFixDisplay,1764341205.1437848,2110.0891740322113,False
2444,5,379,startFixPeriod,1764341205.4282727,2110.3736617565155,False
2445,5,379,TargetPresentation,1764341206.5315857,2111.4769728183746,False
2446,5,379,TargetRemoval,1764341206.7259068,2111.6712968349457,True
2447,5,379,TargetReappeared,1764341206.9758477,2111.9212374687195,False
2448,5,379,RightResponse,1764341207.496441,2112.4418296813965,False
2449,5,380,FeedbackPeriodStarted,1764341207.516811,2112.4621975421906,False
2450,5,380,startFixDisplay,1764341207.516858,2112.4622445106506,False
2451,5,380,startFixPeriod,1764341207.6696415,2112.615032196045,False
2452,5,380,TargetPresentation,1764341208.5855565,2113.5309460163116,False
2453,5,380,TargetDisplacement,1764341208.7588787,2113.704265356064,True
2454,5,380,LeftResponse,1764341209.2933352,2114.2387220859528,False
2455,5,381,FeedbackPeriodStarted,1764341209.314085,2114.2594718933105,False
2456,5,381,startFixDisplay,1764341209.314135,2114.259521484375,False
2457,5,381,startFixPeriod,1764341209.522301,2114.4676876068115,False
2458,5,381,TargetPresentation,1764341210.7157938,2115.6611812114716,False
2459,5,381,TargetDisplacement,1764341210.7505085,2115.695897579193,True
2460,5,381,RightResponse,1764341211.430957,2116.3763449192047,False
2461,5,382,FeedbackPeriodStarted,1764341211.4581778,2116.4035642147064,False
2462,5,382,startFixDisplay,1764341211.4582245,2116.403610944748,False
2463,5,382,startFixPeriod,1764341211.6177762,2116.5631630420685,False
2464,5,382,TargetPresentation,1764341212.686632,2117.6320247650146,False
2465,5,382,TargetRemoval,1764341212.8322556,2117.777645587921,True
2466,5,382,TargetReappeared,1764341213.0819855,2118.0273723602295,False
2467,5,382,RightResponse,1764341213.6719043,2118.617291688919,False
2468,5,383,FeedbackPeriodStarted,1764341213.6996145,2118.6450033187866,False
2469,5,383,startFixDisplay,1764341213.6997426,2118.6451301574707,False
2470,5,383,startFixPeriod,1764341213.8523552,2118.797744512558,False
2471,5,383,TargetPresentation,1764341215.1220963,2120.067484140396,False
2472,5,383,TargetRemoval,1764341215.2817051,2120.2270941734314,True
2473,5,383,TargetReappeared,1764341215.531564,2120.4769711494446,False
2474,5,383,LeftResponse,1764341216.0102851,2120.9556715488434,False
2475,5,384,FeedbackPeriodStarted,1764341216.0310106,2120.9763972759247,False
2476,5,384,startFixDisplay,1764341216.031066,2120.9764523506165,False
2477,5,384,startFixPeriod,1764341216.183775,2121.129161596298,False
2478,5,384,TargetPresentation,1764341216.8012934,2121.7466802597046,False
2479,5,384,TargetDisplacement,1764341216.9331954,2121.878584623337,True
2480,5,384,LeftResponse,1764341218.0922012,2123.0375878810883,False
2481,5,384,FeedbackPeriodStarted,1764341218.0989025,2123.044289112091,False
2482,5,385,startFixDisplay,1764341220.11115,2125.056536912918,False
2483,5,385,startFixPeriod,1764341220.1181006,2125.063487291336,False
2484,5,385,TargetPresentation,1764341221.3256984,2126.2710876464844,False
2485,5,385,TargetDisplacement,1764341221.5060241,2126.4514107704163,True
2486,5,385,LeftResponse,1764341222.4566624,2127.4020488262177,False
2487,5,386,FeedbackPeriodStarted,1764341222.4773595,2127.422746181488,False
2488,5,386,startFixDisplay,1764341222.4774554,2127.4228417873383,False
2489,5,386,startFixPeriod,1764341222.831459,2127.776848077774,False
2490,5,386,TargetPresentation,1764341223.3449464,2128.290335416794,False
2491,5,386,TargetRemoval,1764341223.4697182,2128.415104866028,True
2492,5,386,TargetReappeared,1764341223.719649,2128.6650383472443,False
2493,5,386,LeftResponse,1764341224.559739,2129.5051295757294,False
2494,5,387,FeedbackPeriodStarted,1764341224.586865,2129.532251358032,False
2495,5,387,startFixDisplay,1764341224.5869176,2129.5323045253754,False
2496,5,387,startFixPeriod,1764341225.197661,2130.143051624298,False
2497,5,387,TargetPresentation,1764341226.4465375,2131.3919246196747,False
2498,5,387,TargetDisplacement,1764341226.6132073,2131.558598279953,True
2499,5,387,LeftResponse,1764341227.425156,2132.3705427646637,False
2500,5,388,FeedbackPeriodStarted,1764341227.4457088,2132.3910953998566,False
2501,5,388,startFixDisplay,1764341227.4457567,2132.3911430835724,False
2502,5,388,startFixPeriod,1764341227.6609564,2132.606345653534,False
2503,5,388,TargetPresentation,1764341228.819754,2133.7651405334473,False
2504,5,388,TargetRemoval,1764341228.972364,2133.917750597,True
2505,5,388,TargetReappeared,1764341229.2221856,2134.1675724983215,False
2506,5,388,RightResponse,1764341230.3327157,2135.2781023979187,False
2507,5,389,FeedbackPeriodStarted,1764341230.3531642,2135.2985508441925,False
2508,5,389,startFixDisplay,1764341230.3533037,2135.2986900806427,False
2509,5,389,startFixPeriod,1764341230.575238,2135.5206253528595,False
2510,5,389,TargetPresentation,1764341231.2552376,2136.200624227524,False
2511,5,389,TargetDisplacement,1764341231.4496434,2136.395029783249,True
2512,5,389,LeftResponse,1764341232.1925197,2137.1379084587097,False
2513,5,390,FeedbackPeriodStarted,1764341232.219766,2137.1651525497437,False
2514,5,390,startFixDisplay,1764341232.2198126,2137.1651990413666,False
2515,5,390,startFixPeriod,1764341232.4349859,2137.380373477936,False
2516,5,390,TargetPresentation,1764341233.246757,2138.192143678665,False
2517,5,390,TargetDisplacement,1764341233.3994038,2138.344790458679,True
2518,5,390,LeftResponse,1764341234.0869145,2139.032301902771,False
2519,5,390,FeedbackPeriodStarted,1764341234.093351,2139.0387377738953,False
2520,5,391,startFixDisplay,1764341236.1056302,2141.051016807556,False
2521,5,391,startFixPeriod,1764341236.6262224,2141.571611404419,False
2522,5,391,TargetPresentation,1764341237.694734,2142.640121459961,False
2523,5,391,TargetDisplacement,1764341237.8474402,2142.7928290367126,True
2524,5,391,LeftResponse,1764341238.5205853,2143.4659719467163,False
2525,5,392,FeedbackPeriodStarted,1764341238.5413666,2143.486755847931,False
2526,5,392,startFixDisplay,1764341238.541495,2143.4868829250336,False
2527,5,392,startFixPeriod,1764341238.8952072,2143.8405945301056,False
2528,5,392,TargetPresentation,1764341239.94995,2144.895339012146,False
2529,5,392,TargetDisplacement,1764341240.0748456,2145.0202326774597,True
2530,5,392,LeftResponse,1764341240.7619045,2145.70729136467,False
2531,5,393,FeedbackPeriodStarted,1764341240.7826843,2145.7280733585358,False
2532,5,393,startFixDisplay,1764341240.7828145,2145.7282025814056,False
2533,5,393,startFixPeriod,1764341240.9561543,2145.9015436172485,False
2534,5,393,TargetPresentation,1764341241.7817724,2146.727159500122,False
2535,5,393,TargetDisplacement,1764341241.9760404,2146.9214272499084,True
2536,5,393,LeftResponse,1764341242.607875,2147.5532636642456,False
2537,5,394,FeedbackPeriodStarted,1764341242.6352654,2147.58065199852,False
2538,5,394,startFixDisplay,1764341242.6353123,2147.5806987285614,False
2539,5,394,startFixPeriod,1764341242.850649,2147.7960393428802,False
2540,5,394,TargetPresentation,1764341244.2244194,2149.1698081493378,False
2541,5,394,TargetDisplacement,1764341244.3701043,2149.315490961075,True
2542,5,394,LeftResponse,1764341245.1405084,2150.0858960151672,False
2543,5,395,FeedbackPeriodStarted,1764341245.1610978,2150.106484413147,False
2544,5,395,startFixDisplay,1764341245.1611457,2150.106531858444,False
2545,5,395,startFixPeriod,1764341245.3346756,2150.280062198639,False
2546,5,395,TargetPresentation,1764341245.8828003,2150.8281869888306,False
2547,5,395,TargetDisplacement,1764341246.0284383,2150.973824739456,True
2548,5,395,LeftResponse,1764341246.625328,2151.570714712143,False
2549,5,395,FeedbackPeriodStarted,1764341246.659955,2151.6053414344788,False
2550,6,396,startFixDisplay,1764341323.9122095,2228.8575966358185,False
2551,6,396,startFixPeriod,1764341324.1413836,2229.0867743492126,False
2552,6,396,TargetPresentation,1764341325.5776594,2230.5230469703674,False
2553,6,396,TargetDisplacement,1764341325.5983639,2230.543750524521,True
2554,6,396,LeftResponse,1764341326.521561,2231.4669477939606,False
2555,6,397,FeedbackPeriodStarted,1764341326.5420964,2231.4874832630157,False
2556,6,397,startFixDisplay,1764341326.5421531,2231.487540245056,False
2557,6,397,startFixPeriod,1764341326.930704,2231.8760907649994,False
2558,6,397,TargetPresentation,1764341328.3740623,2233.3194489479065,False
2559,6,397,TargetDisplacement,1764341328.4503944,2233.395781517029,True
2560,6,397,LeftResponse,1764341329.144679,2234.0900661945343,False
2561,6,398,FeedbackPeriodStarted,1764341329.1719906,2234.117377281189,False
2562,6,398,startFixDisplay,1764341329.172044,2234.117430448532,False
2563,6,398,startFixPeriod,1764341329.623207,2234.568596601486,False
2564,6,398,TargetPresentation,1764341330.1990662,2235.144453763962,False
2565,6,398,TargetDisplacement,1764341330.2059119,2235.151299238205,True
2566,6,398,RightResponse,1764341331.0456378,2235.991024494171,False
2567,6,399,FeedbackPeriodStarted,1764341331.0732756,2236.0186624526978,False
2568,6,399,startFixDisplay,1764341331.0733306,2236.018717288971,False
2569,6,399,startFixPeriod,1764341331.4272382,2236.3726246356964,False
2570,6,399,TargetPresentation,1764341332.2113073,2237.156694173813,False
2571,6,399,TargetRemoval,1764341332.384732,2237.33011841774,True
2572,6,399,TargetReappeared,1764341332.6345484,2237.5799350738525,False
2573,6,399,RightResponse,1764341333.1481714,2238.093558073044,False
2574,6,400,FeedbackPeriodStarted,1764341333.175814,2238.1212005615234,False
2575,6,400,startFixDisplay,1764341333.1758678,2238.1212544441223,False
2576,6,400,startFixPeriod,1764341333.3701794,2238.315566301346,False
2577,6,400,TargetPresentation,1764341334.0293083,2238.97469496727,False
2578,6,400,TargetDisplacement,1764341334.202841,2239.1482276916504,True
2579,6,400,LeftResponse,1764341334.9662623,2239.9116489887238,False
2580,6,401,FeedbackPeriodStarted,1764341334.9938943,2239.939281463623,False
2581,6,401,startFixDisplay,1764341334.9939547,2239.939341068268,False
2582,6,401,startFixPeriod,1764341335.1950905,2240.140477657318,False
2583,6,401,TargetPresentation,1764341335.8751273,2240.820514678955,False
2584,6,401,TargetDisplacement,1764341336.0207875,2240.966173887253,True
2585,6,401,LeftResponse,1764341336.832862,2241.7782487869263,False
2586,6,402,FeedbackPeriodStarted,1764341336.8604605,2241.8058474063873,False
2587,6,402,startFixDisplay,1764341336.8605158,2241.805902481079,False
2588,6,402,startFixPeriod,1764341337.0894313,2242.034818172455,False
2589,6,402,TargetPresentation,1764341338.262138,2243.20752453804,False
2590,6,402,TargetDisplacement,1764341338.2691672,2243.214553833008,True
2591,6,402,LeftResponse,1764341338.9423192,2243.8877058029175,False
2592,6,402,FeedbackPeriodStarted,1764341338.9490716,2243.894458055496,False
2593,6,403,startFixDisplay,1764341340.9613972,2245.9067838191986,False
2594,6,403,startFixPeriod,1764341341.1627433,2246.10812997818,False
2595,6,403,TargetPresentation,1764341342.1064932,2247.0518827438354,False
2596,6,403,TargetDisplacement,1764341342.2451038,2247.1904904842377,True
2597,6,403,LeftResponse,1764341342.8629127,2247.8082995414734,False
2598,6,404,FeedbackPeriodStarted,1764341342.890477,2247.835863828659,False
2599,6,404,startFixDisplay,1764341342.8905306,2247.835917234421,False
2600,6,404,startFixPeriod,1764341343.2445493,2248.1899378299713,False
2601,6,404,TargetPresentation,1764341344.680778,2249.6261656284332,False
2602,6,404,TargetRemoval,1764341344.812545,2249.757931470871,True
2603,6,404,TargetReappeared,1764341345.0624883,2250.0078773498535,False
2604,6,404,LeftResponse,1764341345.5621703,2250.507556915283,False
2605,6,405,FeedbackPeriodStarted,1764341345.5828097,2250.528196334839,False
2606,6,405,startFixDisplay,1764341345.5828643,2250.5282509326935,False
2607,6,405,startFixPeriod,1764341345.8603938,2250.8057808876038,False
2608,6,405,TargetPresentation,1764341346.4573321,2251.4027228355408,False
2609,6,405,TargetDisplacement,1764341346.6377122,2251.58310174942,True
2610,6,405,LeftResponse,1764341347.449855,2252.3952436447144,False
2611,6,406,FeedbackPeriodStarted,1764341347.4771595,2252.4225461483,False
2612,6,406,startFixDisplay,1764341347.4772093,2252.4225957393646,False
2613,6,406,startFixPeriod,1764341347.6367686,2252.582155227661,False
2614,6,406,TargetPresentation,1764341348.767911,2253.7132980823517,False
2615,6,406,TargetRemoval,1764341348.9135146,2253.8589010238647,True
2616,6,406,TargetReappeared,1764341349.1634262,2254.1088144779205,False
2617,6,406,RightResponse,1764341349.670056,2254.6154425144196,False
2618,6,407,FeedbackPeriodStarted,1764341349.690696,2254.6360824108124,False
2619,6,407,startFixDisplay,1764341349.6907432,2254.636129617691,False
2620,6,407,startFixPeriod,1764341349.898909,2254.8442964553833,False
2621,6,407,TargetPresentation,1764341351.259219,2256.2046070098877,False
2622,6,407,TargetDisplacement,1764341351.404632,2256.3500185012817,True
2623,6,407,LeftResponse,1764341352.1403136,2257.085700273514,False
2624,6,408,FeedbackPeriodStarted,1764341352.1679666,2257.1133534908295,False
2625,6,408,startFixDisplay,1764341352.168021,2257.113407611847,False
2626,6,408,startFixPeriod,1764341352.3345497,2257.2799365520477,False
2627,6,408,TargetPresentation,1764341353.3822813,2258.327667951584,False
2628,6,408,TargetDisplacement,1764341353.555732,2258.5011184215546,True
2629,6,408,LeftResponse,1764341354.1531162,2259.098502635956,False
2630,6,408,FeedbackPeriodStarted,1764341354.1596396,2259.105030298233,False
2631,6,409,startFixDisplay,1764341356.171772,2261.117158651352,False
2632,6,409,startFixPeriod,1764341356.1786988,2261.124085187912,False
2633,6,409,TargetPresentation,1764341357.649864,2262.5952503681183,False
2634,6,409,TargetDisplacement,1764341357.8234143,2262.7688035964966,True
2635,6,409,LeftResponse,1764341358.4829679,2263.42835521698,False
2636,6,410,FeedbackPeriodStarted,1764341358.5103292,2263.4557185173035,False
2637,6,410,startFixDisplay,1764341358.5104575,2263.4558458328247,False
2638,6,410,startFixPeriod,1764341358.7255344,2263.6709237098694,False
2639,6,410,TargetPresentation,1764341359.3847697,2264.33016037941,False
2640,6,410,TargetRemoval,1764341359.5233023,2264.4686889648438,True
2641,6,410,TargetReappeared,1764341359.7732372,2264.718624353409,False
2642,6,410,RightResponse,1764341360.2659056,2265.2112922668457,False
2643,6,411,FeedbackPeriodStarted,1764341360.286703,2265.232089996338,False
2644,6,411,startFixDisplay,1764341360.2867587,2265.2321450710297,False
2645,6,411,startFixPeriod,1764341360.8348675,2265.7802543640137,False
2646,6,411,TargetPresentation,1764341362.2921069,2267.237495660782,False
2647,6,411,TargetDisplacement,1764341362.4656026,2267.4109919071198,True
2648,6,411,RightResponse,1764341363.2709363,2268.2163240909576,False
2649,6,412,FeedbackPeriodStarted,1764341363.2912252,2268.2366120815277,False
2650,6,412,startFixDisplay,1764341363.2912793,2268.2366659641266,False
2651,6,412,startFixPeriod,1764341363.693675,2268.639061689377,False
2652,6,412,TargetPresentation,1764341364.5055988,2269.450985431671,False
2653,6,412,TargetDisplacement,1764341364.5749965,2269.520383119583,True
2654,6,412,RightResponse,1764341365.220366,2270.1657524108887,False
2655,6,413,FeedbackPeriodStarted,1764341365.2410955,2270.186482191086,False
2656,6,413,startFixDisplay,1764341365.2411535,2270.186539888382,False
2657,6,413,startFixPeriod,1764341365.4978998,2270.443286418915,False
2658,6,413,TargetPresentation,1764341366.642809,2271.5881955623627,False
2659,6,413,TargetRemoval,1764341366.77475,2271.7201387882233,True
2660,6,413,TargetReappeared,1764341367.0245235,2271.969911813736,False
2661,6,413,LeftResponse,1764341367.5450368,2272.4904232025146,False
2662,6,414,FeedbackPeriodStarted,1764341367.5657024,2272.5110895633698,False
2663,6,414,startFixDisplay,1764341367.5657597,2272.511146068573,False
2664,6,414,startFixPeriod,1764341368.0098948,2272.955283641815,False
2665,6,414,TargetPresentation,1764341368.6136553,2273.5590455532074,False
2666,6,414,TargetRemoval,1764341368.6275845,2273.572975873947,True
2667,6,414,TargetReappeared,1764341368.8772058,2273.822592973709,False
2668,6,414,LeftResponse,1764341370.1818256,2275.1272122859955,False
2669,6,414,FeedbackPeriodStarted,1764341370.1888323,2275.1342227458954,False
2670,6,415,startFixDisplay,1764341372.2009492,2277.146335840225,False
2671,6,415,startFixPeriod,1764341372.4230568,2277.3684437274933,False
2672,6,415,TargetPresentation,1764341373.1587315,2278.1041214466095,False
2673,6,415,TargetRemoval,1764341373.1655614,2278.110950231552,True
2674,6,415,TargetReappeared,1764341373.4153373,2278.3607251644135,False
2675,6,415,LeftResponse,1764341374.1303897,2279.075778245926,False
2676,6,416,FeedbackPeriodStarted,1764341374.150802,2279.0961883068085,False
2677,6,416,startFixDisplay,1764341374.150849,2279.0962352752686,False
2678,6,416,startFixPeriod,1764341374.4493878,2279.3947772979736,False
2679,6,416,TargetPresentation,1764341375.5178187,2280.46320605278,False
2680,6,416,TargetDisplacement,1764341375.871676,2280.8170623779297,True
2681,6,416,RightResponse,1764341376.566039,2281.5114278793335,False
2682,6,417,FeedbackPeriodStarted,1764341376.5864654,2281.5318520069122,False
2683,6,417,startFixDisplay,1764341376.5865135,2281.531899690628,False
2684,6,417,startFixPeriod,1764341376.801615,2281.747002363205,False
2685,6,417,TargetPresentation,1764341378.0298853,2282.9752745628357,False
2686,6,417,TargetDisplacement,1764341378.230939,2283.176325559616,True
2687,6,417,LeftResponse,1764341379.1055164,2284.0509033203125,False
2688,6,418,FeedbackPeriodStarted,1764341379.1330574,2284.078444004059,False
2689,6,418,startFixDisplay,1764341379.133112,2284.078498363495,False
2690,6,418,startFixPeriod,1764341379.695225,2284.6406123638153,False
2691,6,418,TargetPresentation,1764341381.0413246,2285.9867112636566,False
2692,6,418,TargetDisplacement,1764341381.069033,2286.014419555664,True
2693,6,418,LeftResponse,1764341381.6314287,2286.5768156051636,False
2694,6,419,FeedbackPeriodStarted,1764341381.6588662,2286.604253053665,False
2695,6,419,startFixDisplay,1764341381.6589108,2286.6043062210083,False
2696,6,419,startFixPeriod,1764341381.9017048,2286.8470916748047,False
2697,6,419,TargetPresentation,1764341382.9495153,2287.894901752472,False
2698,6,419,TargetRemoval,1764341383.136871,2288.08225774765,True
2699,6,419,TargetReappeared,1764341383.3866599,2288.332046508789,False
2700,6,419,LeftResponse,1764341384.0460143,2288.991400718689,False
2701,6,420,FeedbackPeriodStarted,1764341384.0736446,2289.0190320014954,False
2702,6,420,startFixDisplay,1764341384.0736983,2289.0190851688385,False
2703,6,420,startFixPeriod,1764341384.2333598,2289.1787474155426,False
2704,6,420,TargetPresentation,1764341385.0591867,2290.0045776367188,False
2705,6,420,TargetRemoval,1764341385.2601976,2290.205584049225,True
2706,6,420,TargetReappeared,1764341385.5100052,2290.4553916454315,False
2707,6,420,RightResponse,1764341386.3848312,2291.330220222473,False
2708,6,420,FeedbackPeriodStarted,1764341386.3912475,2291.336634159088,False
2709,6,421,startFixDisplay,1764341388.4036007,2293.3489878177643,False
2710,6,421,startFixPeriod,1764341388.6397517,2293.5851423740387,False
2711,6,421,TargetPresentation,1764341389.7289698,2294.674357175827,False
2712,6,421,TargetRemoval,1764341389.9233415,2294.868730545044,True
2713,6,421,TargetReappeared,1764341390.173295,2295.1186847686768,False
2714,6,421,RightResponse,1764341391.269542,2296.214928627014,False
2715,6,422,FeedbackPeriodStarted,1764341391.2902236,2296.2356102466583,False
2716,6,422,startFixDisplay,1764341391.2902708,2296.2356569767,False
2717,6,422,startFixPeriod,1764341391.595627,2296.5410141944885,False
2718,6,422,TargetPresentation,1764341392.3727124,2297.3180990219116,False
2719,6,422,TargetDisplacement,1764341392.8099446,2297.7553310394287,True
2720,6,422,RightResponse,1764341393.5039816,2298.449368238449,False
2721,6,423,FeedbackPeriodStarted,1764341393.524595,2298.469981431961,False
2722,6,423,startFixDisplay,1764341393.5246432,2298.470029115677,False
2723,6,423,startFixPeriod,1764341393.9063208,2298.851708650589,False
2724,6,423,TargetPresentation,1764341394.766686,2299.712072610855,False
2725,6,423,TargetRemoval,1764341394.912379,2299.8577654361725,True
2726,6,423,TargetReappeared,1764341395.1623495,2300.1077382564545,False
2727,6,423,LeftResponse,1764341396.0158746,2300.9612612724304,False
2728,6,424,FeedbackPeriodStarted,1764341396.036519,2300.9819056987762,False
2729,6,424,startFixDisplay,1764341396.0365734,2300.981960296631,False
2730,6,424,startFixPeriod,1764341396.2794976,2301.224885702133,False
2731,6,424,TargetPresentation,1764341396.9316702,2301.877056837082,False
2732,6,424,TargetRemoval,1764341397.292487,2302.2378735542297,True
2733,6,424,TargetReappeared,1764341397.5423021,2302.4876890182495,False
2734,6,424,RightResponse,1764341398.2367077,2303.182096719742,False
2735,6,425,FeedbackPeriodStarted,1764341398.26395,2303.2093369960785,False
2736,6,425,startFixDisplay,1764341398.2640047,2303.2093913555145,False
2737,6,425,startFixPeriod,1764341398.5278318,2303.4732213020325,False
2738,6,425,TargetPresentation,1764341399.0689735,2304.014360189438,False
2739,6,425,TargetRemoval,1764341399.3256097,2304.27099609375,True
2740,6,425,TargetReappeared,1764341399.5754213,2304.520807981491,False
2741,6,425,RightResponse,1764341400.1029153,2305.048301935196,False
2742,6,426,FeedbackPeriodStarted,1764341400.1236293,2305.069015979767,False
2743,6,426,startFixDisplay,1764341400.1236773,2305.069063425064,False
2744,6,426,startFixPeriod,1764341400.3388655,2305.284252643585,False
2745,6,426,TargetPresentation,1764341401.573876,2306.5192625522614,False
2746,6,426,TargetRemoval,1764341401.7612123,2306.7065992355347,True
2747,6,426,TargetReappeared,1764341402.011168,2306.9565546512604,False
2748,6,426,LeftResponse,1764341402.7192652,2307.6646540164948,False
2749,6,426,FeedbackPeriodStarted,1764341402.7257798,2307.6711666584015,False
2750,6,427,startFixDisplay,1764341404.7381868,2309.6835758686066,False
2751,6,427,startFixPeriod,1764341404.7450278,2309.6904146671295,False
2752,6,427,TargetPresentation,1764341405.6401334,2310.585520029068,False
2753,6,427,TargetDisplacement,1764341405.8276205,2310.773009777069,True
2754,6,427,LeftResponse,1764341406.487044,2311.4324321746826,False
2755,6,428,FeedbackPeriodStarted,1764341406.514486,2311.4598727226257,False
2756,6,428,startFixDisplay,1764341406.5145345,2311.45992064476,False
2757,6,428,startFixPeriod,1764341406.7504156,2311.6958026885986,False
2758,6,428,TargetPresentation,1764341407.409701,2312.3550884723663,False
2759,6,428,TargetDisplacement,1764341408.1243057,2313.069692134857,True
2760,6,428,RightResponse,1764341408.8461835,2313.791570186615,False
2761,6,429,FeedbackPeriodStarted,1764341408.8669205,2313.8123095035553,False
2762,6,429,startFixDisplay,1764341408.8670402,2313.8124282360077,False
2763,6,429,startFixPeriod,1764341409.3248467,2314.2702338695526,False
2764,6,429,TargetPresentation,1764341410.5392184,2315.484605073929,False
2765,6,429,TargetDisplacement,1764341411.0178936,2315.9632802009583,True
2766,6,429,LeftResponse,1764341411.7119083,2316.6572947502136,False
2767,6,430,FeedbackPeriodStarted,1764341411.7327461,2316.6781351566315,False
2768,6,430,startFixDisplay,1764341411.7328641,2316.6782524585724,False
2769,6,430,startFixPeriod,1764341411.9269404,2316.872327566147,False
2770,6,430,TargetPresentation,1764341413.1551282,2318.1005148887634,False
2771,6,430,TargetDisplacement,1764341413.3008347,2318.2462210655212,True
2772,6,430,RightResponse,1764341414.0021732,2318.9475617408752,False
2773,6,431,FeedbackPeriodStarted,1764341414.0295563,2318.9749455451965,False
2774,6,431,startFixDisplay,1764341414.0296965,2318.975084543228,False
2775,6,431,startFixPeriod,1764341414.30713,2319.252517223358,False
2776,6,431,TargetPresentation,1764341415.7920346,2320.737421274185,False
2777,6,431,TargetDisplacement,1764341415.9376726,2320.883059501648,True
2778,6,431,RightResponse,1764341416.8746474,2321.820033788681,False
2779,6,432,FeedbackPeriodStarted,1764341416.9022229,2321.84760928154,False
2780,6,432,startFixDisplay,1764341416.9022756,2321.847662448883,False
2781,6,432,startFixPeriod,1764341417.3047369,2322.250123500824,False
2782,6,432,TargetPresentation,1764341418.470429,2323.4158153533936,False
2783,6,432,TargetRemoval,1764341418.6370196,2323.582406282425,True
2784,6,432,TargetReappeared,1764341418.8868434,2323.8322315216064,False
2785,6,432,RightResponse,1764341419.5049143,2324.4503037929535,False
2786,6,432,FeedbackPeriodStarted,1764341419.5182881,2324.4636747837067,False
2787,6,433,startFixDisplay,1764341421.537787,2326.4831767082214,False
2788,6,433,startFixPeriod,1764341421.6138945,2326.559281349182,False
2789,6,433,TargetPresentation,1764341422.377165,2327.322551727295,False
2790,6,433,TargetDisplacement,1764341422.5436308,2327.4890172481537,True
2791,6,433,LeftResponse,1764341423.175204,2328.1205904483795,False
2792,6,434,FeedbackPeriodStarted,1764341423.196023,2328.1414120197296,False
2793,6,434,startFixDisplay,1764341423.196158,2328.141546010971,False
2794,6,434,startFixPeriod,1764341423.3832505,2328.3286368846893,False
2795,6,434,TargetPresentation,1764341424.4311068,2329.376493692398,False
2796,6,434,TargetDisplacement,1764341424.5698287,2329.515215396881,True
2797,6,434,LeftResponse,1764341425.17368,2330.119066476822,False
2798,6,435,FeedbackPeriodStarted,1764341425.1943414,2330.139727830887,False
2799,6,435,startFixDisplay,1764341425.1943886,2330.139774799347,False
2800,6,435,startFixPeriod,1764341425.471944,2330.417331457138,False
2801,6,435,TargetPresentation,1764341426.2562196,2331.2016088962555,False
2802,6,435,TargetRemoval,1764341426.401748,2331.347134590149,True
2803,6,435,TargetReappeared,1764341426.6515923,2331.5969791412354,False
2804,6,435,RightResponse,1764341427.1998947,2332.1452810764313,False
2805,6,436,FeedbackPeriodStarted,1764341427.220553,2332.1659395694733,False
2806,6,436,startFixDisplay,1764341427.220609,2332.165995121002,False
2807,6,436,startFixPeriod,1764341427.5329614,2332.4783499240875,False
2808,6,436,TargetPresentation,1764341428.7126138,2333.658003807068,False
2809,6,436,TargetDisplacement,1764341428.851341,2333.7967302799225,True
2810,6,436,LeftResponse,1764341429.3859854,2334.331372022629,False
2811,6,437,FeedbackPeriodStarted,1764341429.4063334,2334.351719856262,False
2812,6,437,startFixDisplay,1764341429.406381,2334.3517668247223,False
2813,6,437,startFixPeriod,1764341429.8228908,2334.7682797908783,False
2814,6,437,TargetPresentation,1764341431.238254,2336.1836404800415,False
2815,6,437,TargetDisplacement,1764341431.3839626,2336.3293495178223,True
2816,6,437,LeftResponse,1764341432.2793365,2337.224723339081,False
2817,6,438,FeedbackPeriodStarted,1764341432.3068569,2337.2522435188293,False
2818,6,438,startFixDisplay,1764341432.3069036,2337.2522897720337,False
2819,6,438,startFixPeriod,1764341432.577708,2337.5230972766876,False
2820,6,438,TargetPresentation,1764341434.0348415,2338.9802305698395,False
2821,6,438,TargetDisplacement,1764341434.2289567,2339.1743433475494,True
2822,6,438,RightResponse,1764341435.089823,2340.0352113246918,False
2823,6,438,FeedbackPeriodStarted,1764341435.096468,2340.0418570041656,False
2824,6,439,startFixDisplay,1764341437.1086695,2342.054055929184,False
2825,6,439,startFixPeriod,1764341437.115602,2342.0609884262085,False
2826,6,439,TargetPresentation,1764341437.7263782,2342.6717660427094,False
2827,6,439,TargetDisplacement,1764341437.7332442,2342.678630590439,True
2828,6,439,RightResponse,1764341438.9615219,2343.906908273697,False
2829,6,440,FeedbackPeriodStarted,1764341438.9822056,2343.9275920391083,False
2830,6,440,startFixDisplay,1764341438.982252,2343.927638053894,False
2831,6,440,startFixPeriod,1764341439.1905415,2344.135930776596,False
2832,6,440,TargetPresentation,1764341440.3561807,2345.301568031311,False
2833,6,440,TargetDisplacement,1764341440.494904,2345.4402906894684,True
2834,6,440,LeftResponse,1764341441.5084288,2346.4538176059723,False
2835,6,441,FeedbackPeriodStarted,1764341441.5357707,2346.4811573028564,False
2836,6,441,startFixDisplay,1764341441.535828,2346.481214761734,False
2837,6,441,startFixPeriod,1764341441.7092538,2346.654641151428,False
2838,6,441,TargetPresentation,1764341442.6322832,2347.577671289444,False
2839,6,441,TargetDisplacement,1764341442.7779744,2347.7233633995056,True
2840,6,441,LeftResponse,1764341443.4097638,2348.355152606964,False
2841,6,442,FeedbackPeriodStarted,1764341443.4370668,2348.3824532032013,False
2842,6,442,startFixDisplay,1764341443.4371128,2348.382499217987,False
2843,6,442,startFixPeriod,1764341443.6246603,2348.5700492858887,False
2844,6,442,TargetPresentation,1764341444.8457959,2349.791183233261,False
2845,6,442,TargetRemoval,1764341444.8666255,2349.812014579773,True
2846,6,442,TargetReappeared,1764341445.1165316,2350.061920404434,False
2847,6,442,RightResponse,1764341445.6923945,2350.6377811431885,False
2848,6,443,FeedbackPeriodStarted,1764341445.7131994,2350.658588409424,False
2849,6,443,startFixDisplay,1764341445.7133188,2350.658707141876,False
2850,6,443,startFixPeriod,1764341445.7201524,2350.6655416488647,False
2851,6,443,TargetPresentation,1764341446.4556625,2351.401049375534,False
2852,6,443,TargetDisplacement,1764341446.76095,2351.7063364982605,True
2853,6,443,LeftResponse,1764341447.6842291,2352.6296157836914,False
2854,6,444,FeedbackPeriodStarted,1764341447.7115865,2352.656974554062,False
2855,6,444,startFixDisplay,1764341447.711677,2352.657063961029,False
2856,6,444,startFixPeriod,1764341448.0239227,2352.969309568405,False
2857,6,444,TargetPresentation,1764341448.9467726,2353.892161130905,False
2858,6,444,TargetDisplacement,1764341449.286766,2354.232152700424,True
2859,6,444,LeftResponse,1764341450.0020146,2354.94740152359,False
2860,6,444,FeedbackPeriodStarted,1764341450.008552,2354.9539425373077,False
2861,6,445,startFixDisplay,1764341452.027675,2356.9730615615845,False
2862,6,445,startFixPeriod,1764341452.298378,2357.243767261505,False
2863,6,445,TargetPresentation,1764341453.6096969,2358.555083990097,False
2864,6,445,TargetDisplacement,1764341453.7970521,2358.7424387931824,True
2865,6,445,LeftResponse,1764341454.6718545,2359.6172437667847,False
2866,6,446,FeedbackPeriodStarted,1764341454.6991193,2359.644505739212,False
2867,6,446,startFixDisplay,1764341454.6992176,2359.644604206085,False
2868,6,446,startFixPeriod,1764341454.9907734,2359.93616271019,False
2869,6,446,TargetPresentation,1764341456.0870907,2361.0324800014496,False
2870,6,446,TargetDisplacement,1764341456.2950897,2361.240476131439,True
2871,6,446,LeftResponse,1764341456.9127705,2361.858157157898,False
2872,6,447,FeedbackPeriodStarted,1764341456.933487,2361.878873348236,False
2873,6,447,startFixDisplay,1764341456.9335332,2361.878919363022,False
2874,6,447,startFixPeriod,1764341457.2804556,2362.2258427143097,False
2875,6,447,TargetPresentation,1764341458.0090346,2362.9544212818146,False
2876,6,447,TargetDisplacement,1764341458.1548536,2363.100242614746,True
2877,6,447,LeftResponse,1764341459.0781422,2364.0235319137573,False
2878,6,448,FeedbackPeriodStarted,1764341459.0986366,2364.044023036957,False
2879,6,448,startFixDisplay,1764341459.0986829,2364.0440690517426,False
2880,6,448,startFixPeriod,1764341459.4385488,2364.3839354515076,False
2881,6,448,TargetPresentation,1764341460.3475008,2365.2928874492645,False
2882,6,448,TargetDisplacement,1764341460.6042428,2365.5496294498444,True
2883,6,448,RightResponse,1764341461.4232302,2366.3686170578003,False
2884,6,449,FeedbackPeriodStarted,1764341461.4438598,2366.389246225357,False
2885,6,449,startFixDisplay,1764341461.443906,2366.389292240143,False
2886,6,449,startFixPeriod,1764341461.776973,2366.7223603725433,False
2887,6,449,TargetPresentation,1764341462.9636507,2367.909038066864,False
2888,6,449,TargetRemoval,1764341463.1161654,2368.0615520477295,True
2889,6,449,TargetReappeared,1764341463.3661737,2368.311563014984,False
2890,6,449,LeftResponse,1764341463.9420488,2368.887435436249,False
2891,6,450,FeedbackPeriodStarted,1764341463.9696717,2368.9150581359863,False
2892,6,450,startFixDisplay,1764341463.9697185,2368.915104866028,False
2893,6,450,startFixPeriod,1764341464.2058125,2369.151201725006,False
2894,6,450,TargetPresentation,1764341465.57281,2370.51819896698,False
2895,6,450,TargetDisplacement,1764341465.8778973,2370.8232836723328,True
2896,6,450,LeftResponse,1764341466.4886677,2371.434054374695,False
2897,6,450,FeedbackPeriodStarted,1764341466.4955473,2371.4409346580505,False
2898,6,451,startFixDisplay,1764341468.5077968,2373.453183412552,False
2899,6,451,startFixPeriod,1764341468.591105,2373.5364923477173,False
2900,6,451,TargetPresentation,1764341469.2989202,2374.2443068027496,False
2901,6,451,TargetRemoval,1764341469.4793816,2374.4247703552246,True
2902,6,451,TargetReappeared,1764341469.7291563,2374.67454457283,False
2903,6,451,RightResponse,1764341470.1733155,2375.1187024116516,False
2904,6,452,FeedbackPeriodStarted,1764341470.1939816,2375.139368057251,False
2905,6,452,startFixDisplay,1764341470.1940286,2375.139415025711,False
2906,6,452,startFixPeriod,1764341470.548085,2375.4934747219086,False
2907,6,452,TargetPresentation,1764341471.1586478,2376.1040358543396,False
2908,6,452,TargetDisplacement,1764341471.3321223,2376.277509689331,True
2909,6,452,LeftResponse,1764341472.6786826,2377.624071598053,False
2910,6,453,FeedbackPeriodStarted,1764341472.7059138,2377.651300430298,False
2911,6,453,startFixDisplay,1764341472.7059605,2377.651346921921,False
2912,6,453,startFixPeriod,1764341473.0459895,2377.991377353668,False
2913,6,453,TargetPresentation,1764341474.2950346,2379.240421772003,False
2914,6,453,TargetDisplacement,1764341474.4406674,2379.3860540390015,True
2915,6,453,LeftResponse,1764341475.141803,2380.0871906280518,False
2916,6,454,FeedbackPeriodStarted,1764341475.1762106,2380.1215975284576,False
2917,6,454,startFixDisplay,1764341475.1762607,2380.1216468811035,False
2918,6,454,startFixPeriod,1764341475.36364,2380.3090274333954,False
2919,6,454,TargetPresentation,1764341476.8139982,2381.759386062622,False
2920,6,454,TargetDisplacement,1764341477.0359414,2381.981328010559,True
2921,6,454,LeftResponse,1764341477.5776541,2382.523042678833,False
2922,6,455,FeedbackPeriodStarted,1764341477.604945,2382.5503313541412,False
2923,6,455,startFixDisplay,1764341477.6049926,2382.5503787994385,False
2924,6,455,startFixPeriod,1764341477.9867456,2382.932134628296,False
2925,6,455,TargetPresentation,1764341478.860983,2383.80637216568,False
2926,6,455,TargetDisplacement,1764341479.020461,2383.965847969055,True
2927,6,455,LeftResponse,1764341479.839559,2384.784946680069,False
2928,6,456,FeedbackPeriodStarted,1764341479.8601308,2384.805517435074,False
2929,6,456,startFixDisplay,1764341479.860186,2384.805572271347,False
2930,6,456,startFixPeriod,1764341480.0751731,2385.020560026169,False
2931,6,456,TargetPresentation,1764341480.6928425,2385.638229370117,False
2932,6,456,TargetRemoval,1764341480.8939676,2385.839354276657,True
2933,6,456,TargetReappeared,1764341481.1439185,2386.08930683136,False
2934,6,456,RightResponse,1764341481.6851683,2386.630555152893,False
2935,6,456,FeedbackPeriodStarted,1764341481.6919794,2386.637366294861,False
2936,6,457,startFixDisplay,1764341483.7043266,2388.649713754654,False
2937,6,457,startFixPeriod,1764341483.9681573,2388.913546562195,False
2938,6,457,TargetPresentation,1764341485.1268587,2390.0722455978394,False
2939,6,457,TargetDisplacement,1764341485.2933178,2390.238704442978,True
2940,6,457,RightResponse,1764341485.911273,2390.8566596508026,False
2941,6,458,FeedbackPeriodStarted,1764341485.938681,2390.8840675354004,False
2942,6,458,startFixDisplay,1764341485.9387357,2390.884122133255,False
2943,6,458,startFixPeriod,1764341486.237323,2391.182712316513,False
2944,6,458,TargetPresentation,1764341487.194796,2392.14018368721,False
2945,6,458,TargetDisplacement,1764341487.347278,2392.292664527893,True
2946,6,458,LeftResponse,1764341488.1593375,2393.104723930359,False
2947,6,459,FeedbackPeriodStarted,1764341488.179983,2393.125369310379,False
2948,6,459,startFixDisplay,1764341488.18003,2393.1254165172577,False
2949,6,459,startFixPeriod,1764341488.4160492,2393.361436843872,False
2950,6,459,TargetPresentation,1764341489.6857512,2394.6311378479004,False
2951,6,459,TargetDisplacement,1764341489.8594224,2394.804811477661,True
2952,6,459,RightResponse,1764341490.6920707,2395.637457847595,False
2953,6,460,FeedbackPeriodStarted,1764341490.719741,2395.6651277542114,False
2954,6,460,startFixDisplay,1764341490.7197902,2395.66517663002,False
2955,6,460,startFixPeriod,1764341490.8932695,2395.838657617569,False
2956,6,460,TargetPresentation,1764341492.2185063,2397.1638929843903,False
2957,6,460,TargetDisplacement,1764341492.4059062,2397.3512926101685,True
2958,6,460,RightResponse,1764341492.961112,2397.906498670578,False
2959,6,461,FeedbackPeriodStarted,1764341492.9889407,2397.934330701828,False
2960,6,461,startFixDisplay,1764341492.9890661,2397.934454202652,False
2961,6,461,startFixPeriod,1764341493.1831212,2398.1285078525543,False
2962,6,461,TargetPresentation,1764341493.8632581,2398.8086483478546,False
2963,6,461,TargetDisplacement,1764341494.0365531,2398.9819400310516,True
2964,6,461,RightResponse,1764341494.744881,2399.6902701854706,False
2965,6,461,FeedbackPeriodStarted,1764341494.7928874,2399.738274335861,False
2966,7,462,startFixDisplay,1764341603.0767457,2508.0221371650696,False
2967,7,462,startFixPeriod,1764341603.083625,2508.0290157794952,False
2968,7,462,TargetPresentation,1764341603.7010884,2508.6464750766754,False
2969,7,462,TargetRemoval,1764341603.8885581,2508.833948612213,True
2970,7,462,TargetReappeared,1764341604.138271,2509.083657503128,False
2971,7,462,RightResponse,1764341604.7147923,2509.660182237625,False
2972,7,463,FeedbackPeriodStarted,1764341604.741892,2509.6872787475586,False
2973,7,463,startFixDisplay,1764341604.741941,2509.6873273849487,False
2974,7,463,startFixPeriod,1764341604.9363759,2509.881765127182,False
2975,7,463,TargetPresentation,1764341605.4497812,2510.3951692581177,False
2976,7,463,TargetRemoval,1764341605.6162796,2510.561666250229,True
2977,7,463,TargetReappeared,1764341605.8662107,2510.8115990161896,False
2978,7,463,RightResponse,1764341606.407358,2511.3527443408966,False
2979,7,464,FeedbackPeriodStarted,1764341606.4281435,2511.3735303878784,False
2980,7,464,startFixDisplay,1764341606.4281933,2511.3735795021057,False
2981,7,464,startFixPeriod,1764341606.7750368,2511.7204241752625,False
2982,7,464,TargetPresentation,1764341607.3997552,2512.345144510269,False
2983,7,464,TargetDisplacement,1764341607.58,2512.525386571884,True
2984,7,464,LeftResponse,1764341608.239485,2513.184872865677,False
2985,7,465,FeedbackPeriodStarted,1764341608.259976,2513.205362558365,False
2986,7,465,startFixDisplay,1764341608.2600234,2513.205409526825,False
2987,7,465,startFixPeriod,1764341608.613967,2513.559353351593,False
2988,7,465,TargetPresentation,1764341609.6270635,2514.572450399399,False
2989,7,465,TargetRemoval,1764341609.7867808,2514.7321701049805,True
2990,7,465,TargetReappeared,1764341610.036501,2514.98188829422,False
2991,7,465,LeftResponse,1764341610.536438,2515.481827020645,False
2992,7,466,FeedbackPeriodStarted,1764341610.5568373,2515.502223968506,False
2993,7,466,startFixDisplay,1764341610.5568848,2515.5022711753845,False
2994,7,466,startFixPeriod,1764341610.8621697,2515.8075573444366,False
2995,7,466,TargetPresentation,1764341611.6810427,2516.6264309883118,False
2996,7,466,TargetRemoval,1764341611.8474407,2516.792827129364,True
2997,7,466,TargetReappeared,1764341612.0974636,2517.042852640152,False
2998,7,466,LeftResponse,1764341612.6317313,2517.577117919922,False
2999,7,467,FeedbackPeriodStarted,1764341612.6595397,2517.6049315929413,False
3000,7,467,startFixDisplay,1764341612.659851,2517.605244398117,False
3001,7,467,startFixPeriod,1764341612.8399844,2517.785375595093,False
3002,7,467,TargetPresentation,1764341613.67265,2518.618039369583,False
3003,7,467,TargetRemoval,1764341613.804373,2518.749761581421,True
3004,7,467,TargetReappeared,1764341614.054111,2518.999498128891,False
3005,7,467,RightResponse,1764341614.720761,2519.66614985466,False
3006,7,468,FeedbackPeriodStarted,1764341614.7479894,2519.693376302719,False
3007,7,468,startFixDisplay,1764341614.7480443,2519.6934304237366,False
3008,7,468,startFixPeriod,1764341614.9631608,2519.908547401428,False
3009,7,468,TargetPresentation,1764341615.9762635,2520.9216504096985,False
3010,7,468,TargetRemoval,1764341616.129092,2521.0744841098785,True
3011,7,468,TargetReappeared,1764341616.378864,2521.324254512787,False
3012,7,468,RightResponse,1764341616.9205542,2521.8659443855286,False
3013,7,468,FeedbackPeriodStarted,1764341616.9269273,2521.8723142147064,False
3014,7,469,startFixDisplay,1764341618.9391618,2523.8845484256744,False
3015,7,469,startFixPeriod,1764341619.3694131,2524.314799785614,False
3016,7,469,TargetPresentation,1764341620.299244,2525.2446308135986,False
3017,7,469,TargetDisplacement,1764341620.465824,2525.411211013794,True
3018,7,469,LeftResponse,1764341621.1670861,2526.112473011017,False
3019,7,470,FeedbackPeriodStarted,1764341621.1945066,2526.139897584915,False
3020,7,470,startFixDisplay,1764341621.1947773,2526.140168905258,False
3021,7,470,startFixPeriod,1764341621.5414934,2526.486884355545,False
3022,7,470,TargetPresentation,1764341622.700188,2527.645574569702,False
3023,7,470,TargetDisplacement,1764341622.8599236,2527.8053143024445,True
3024,7,470,LeftResponse,1764341623.5333483,2528.478734731674,False
3025,7,471,FeedbackPeriodStarted,1764341623.5605745,2528.505961418152,False
3026,7,471,startFixDisplay,1764341623.5606306,2528.506016969681,False
3027,7,471,startFixPeriod,1764341623.942271,2528.887657880783,False
3028,7,471,TargetPresentation,1764341625.0039423,2529.9493296146393,False
3029,7,471,TargetRemoval,1764341625.1842713,2530.12965798378,True
3030,7,471,TargetReappeared,1764341625.4342446,2530.379632949829,False
3031,7,471,LeftResponse,1764341625.913134,2530.8585212230682,False
3032,7,472,FeedbackPeriodStarted,1764341625.940826,2530.886216402054,False
3033,7,472,startFixDisplay,1764341625.9409971,2530.8863863945007,False
3034,7,472,startFixPeriod,1764341626.4196632,2531.3650538921356,False
3035,7,472,TargetPresentation,1764341627.363182,2532.3085691928864,False
3036,7,472,TargetRemoval,1764341627.5643613,2532.5097477436066,True
3037,7,472,TargetReappeared,1764341627.8143084,2532.7596974372864,False
3038,7,472,LeftResponse,1764341628.244533,2533.1899194717407,False
3039,7,473,FeedbackPeriodStarted,1764341628.2652502,2533.2106370925903,False
3040,7,473,startFixDisplay,1764341628.2653046,2533.210690975189,False
3041,7,473,startFixPeriod,1764341628.6400602,2533.58544754982,False
3042,7,473,TargetPresentation,1764341629.6460922,2534.5914788246155,False
3043,7,473,TargetDisplacement,1764341629.798855,2534.744244337082,True
3044,7,473,LeftResponse,1764341630.4239051,2535.369291305542,False
3045,7,474,FeedbackPeriodStarted,1764341630.451031,2535.3964178562164,False
3046,7,474,startFixDisplay,1764341630.4510856,2535.3964722156525,False
3047,7,474,startFixPeriod,1764341630.7078233,2535.6532101631165,False
3048,7,474,TargetPresentation,1764341631.554395,2536.499781370163,False
3049,7,474,TargetDisplacement,1764341631.6863708,2536.631761789322,True
3050,7,474,LeftResponse,1764341632.373727,2537.319116830826,False
3051,7,474,FeedbackPeriodStarted,1764341632.3802965,2537.32568860054,False
3052,7,475,startFixDisplay,1764341634.3993206,2539.344707250595,False
3053,7,475,startFixPeriod,1764341634.4966965,2539.4420857429504,False
3054,7,475,TargetPresentation,1764341635.1419117,2540.0872983932495,False
3055,7,475,TargetDisplacement,1764341635.3083198,2540.253706216812,True
3056,7,475,RightResponse,1764341636.349753,2541.295139312744,False
3057,7,476,FeedbackPeriodStarted,1764341636.3769648,2541.322351694107,False
3058,7,476,startFixDisplay,1764341636.3770196,2541.3224062919617,False
3059,7,476,startFixPeriod,1764341636.703302,2541.648691892624,False
3060,7,476,TargetPresentation,1764341637.501224,2542.446612596512,False
3061,7,476,TargetDisplacement,1764341637.6400254,2542.5854148864746,True
3062,7,476,LeftResponse,1764341638.2649894,2543.2103793621063,False
3063,7,477,FeedbackPeriodStarted,1764341638.2921433,2543.237530231476,False
3064,7,477,startFixDisplay,1764341638.2921994,2543.2375857830048,False
3065,7,477,startFixPeriod,1764341638.6669054,2543.6122920513153,False
3066,7,477,TargetPresentation,1764341639.5967758,2544.5421645641327,False
3067,7,477,TargetDisplacement,1764341639.770134,2544.715520620346,True
3068,7,477,RightResponse,1764341640.4644778,2545.409866333008,False
3069,7,478,FeedbackPeriodStarted,1764341640.491805,2545.437191724777,False
3070,7,478,startFixDisplay,1764341640.4918518,2545.4372379779816,False
3071,7,478,startFixPeriod,1764341640.908288,2545.853675842285,False
3072,7,478,TargetPresentation,1764341642.1226535,2547.0680425167084,False
3073,7,478,TargetDisplacement,1764341642.309807,2547.255193710327,True
3074,7,478,LeftResponse,1764341642.8583667,2547.803754091263,False
3075,7,479,FeedbackPeriodStarted,1764341642.8788357,2547.8242223262787,False
3076,7,479,startFixDisplay,1764341642.8788824,2547.824268579483,False
3077,7,479,startFixPeriod,1764341643.399393,2548.3447816371918,False
3078,7,479,TargetPresentation,1764341644.3778605,2549.323250055313,False
3079,7,479,TargetRemoval,1764341644.5511138,2549.4965002536774,True
3080,7,479,TargetReappeared,1764341644.8010924,2549.746481657028,False
3081,7,479,LeftResponse,1764341645.509154,2550.4545423984528,False
3082,7,480,FeedbackPeriodStarted,1764341645.5365434,2550.48193025589,False
3083,7,480,startFixDisplay,1764341645.5366018,2550.4819881916046,False
3084,7,480,startFixPeriod,1764341646.036111,2550.9814982414246,False
3085,7,480,TargetPresentation,1764341646.868871,2551.8142595291138,False
3086,7,480,TargetRemoval,1764341647.035419,2551.9808077812195,True
3087,7,480,TargetReappeared,1764341647.2851284,2552.2305154800415,False
3088,7,480,LeftResponse,1764341647.7015915,2552.646978378296,False
3089,7,480,FeedbackPeriodStarted,1764341647.7086184,2552.6540081501007,False
3090,7,481,startFixDisplay,1764341649.720731,2554.6661179065704,False
3091,7,481,startFixPeriod,1764341649.7277622,2554.673151254654,False
3092,7,481,TargetPresentation,1764341650.6022372,2555.547623872757,False
3093,7,481,TargetDisplacement,1764341650.7615814,2555.706967830658,True
3094,7,481,RightResponse,1764341651.601891,2556.547281742096,False
3095,7,482,FeedbackPeriodStarted,1764341651.6290703,2556.5744593143463,False
3096,7,482,startFixDisplay,1764341651.6291943,2556.5745820999146,False
3097,7,482,startFixPeriod,1764341651.9690418,2556.9144287109375,False
3098,7,482,TargetPresentation,1764341653.3707435,2558.3161311149597,False
3099,7,482,TargetRemoval,1764341653.5372581,2558.4826447963715,True
3100,7,482,TargetReappeared,1764341653.787016,2558.7324030399323,False
3101,7,482,LeftResponse,1764341654.217745,2559.163134098053,False
3102,7,483,FeedbackPeriodStarted,1764341654.2519634,2559.1973502635956,False
3103,7,483,startFixDisplay,1764341654.252013,2559.197399377823,False
3104,7,483,startFixPeriod,1764341654.9458954,2559.891282081604,False
3105,7,483,TargetPresentation,1764341655.86192,2560.8073065280914,False
3106,7,483,TargetDisplacement,1764341656.0076032,2560.9529926776886,True
3107,7,483,LeftResponse,1764341656.7362564,2561.681642770767,False
3108,7,484,FeedbackPeriodStarted,1764341656.763835,2561.7092213630676,False
3109,7,484,startFixDisplay,1764341656.7638824,2561.7092685699463,False
3110,7,484,startFixPeriod,1764341656.9373806,2561.882767677307,False
3111,7,484,TargetPresentation,1764341658.3738422,2563.3192315101624,False
3112,7,484,TargetDisplacement,1764341658.5473285,2563.492718219757,True
3113,7,484,LeftResponse,1764341659.2068787,2564.1522676944733,False
3114,7,485,FeedbackPeriodStarted,1764341659.2341285,2564.1795148849487,False
3115,7,485,startFixDisplay,1764341659.2341642,2564.17955994606,False
3116,7,485,startFixPeriod,1764341659.4078493,2564.353238582611,False
3117,7,485,TargetPresentation,1764341660.80251,2565.747899055481,False
3118,7,485,TargetDisplacement,1764341660.996756,2565.9421451091766,True
3119,7,485,RightResponse,1764341661.8159304,2566.7613184452057,False
3120,7,486,FeedbackPeriodStarted,1764341661.8432198,2566.7886066436768,False
3121,7,486,startFixDisplay,1764341661.8432674,2566.788653612137,False
3122,7,486,startFixPeriod,1764341662.190383,2567.135772228241,False
3123,7,486,TargetPresentation,1764341662.773176,2567.7185649871826,False
3124,7,486,TargetDisplacement,1764341662.9118772,2567.8572635650635,True
3125,7,486,LeftResponse,1764341663.8488824,2568.794269800186,False
3126,7,486,FeedbackPeriodStarted,1764341663.855654,2568.8010430336,False
3127,7,487,startFixDisplay,1764341665.8678508,2570.813237428665,False
3128,7,487,startFixPeriod,1764341666.1178718,2571.063261270523,False
3129,7,487,TargetPresentation,1764341667.0893135,2572.034703016281,False
3130,7,487,TargetDisplacement,1764341667.2487001,2572.194086790085,True
3131,7,487,LeftResponse,1764341667.9082892,2572.8536767959595,False
3132,7,488,FeedbackPeriodStarted,1764341667.9289458,2572.87433218956,False
3133,7,488,startFixDisplay,1764341667.9290056,2572.8743920326233,False
3134,7,488,startFixPeriod,1764341668.2966592,2573.2420461177826,False
3135,7,488,TargetPresentation,1764341668.9350984,2573.880487680435,False
3136,7,488,TargetDisplacement,1764341669.1083796,2574.0537662506104,True
3137,7,488,RightResponse,1764341669.7609246,2574.7063114643097,False
3138,7,489,FeedbackPeriodStarted,1764341669.7884762,2574.7338631153107,False
3139,7,489,startFixDisplay,1764341669.7885318,2574.733917951584,False
3140,7,489,startFixPeriod,1764341670.0106475,2574.956036090851,False
3141,7,489,TargetPresentation,1764341671.072227,2576.017614841461,False
3142,7,489,TargetDisplacement,1764341671.2455907,2576.190977334976,True
3143,7,489,LeftResponse,1764341671.794018,2576.7394046783447,False
3144,7,490,FeedbackPeriodStarted,1764341671.814604,2576.75999045372,False
3145,7,490,startFixDisplay,1764341671.8146513,2576.76003742218,False
3146,7,490,startFixPeriod,1764341672.0090148,2576.9544019699097,False
3147,7,490,TargetPresentation,1764341672.9874375,2577.9328269958496,False
3148,7,490,TargetDisplacement,1764341673.1678772,2578.113266468048,True
3149,7,490,LeftResponse,1764341673.681289,2578.6266753673553,False
3150,7,491,FeedbackPeriodStarted,1764341673.702098,2578.6474843025208,False
3151,7,491,startFixDisplay,1764341673.702145,2578.6475315093994,False
3152,7,491,startFixPeriod,1764341673.9103544,2578.8557426929474,False
3153,7,491,TargetPresentation,1764341674.9511225,2579.896509408951,False
3154,7,491,TargetDisplacement,1764341675.096878,2580.0422670841217,True
3155,7,491,LeftResponse,1764341675.6662028,2580.61159157753,False
3156,7,492,FeedbackPeriodStarted,1764341675.693683,2580.6390719413757,False
3157,7,492,startFixDisplay,1764341675.6938052,2580.6391932964325,False
3158,7,492,startFixPeriod,1764341675.9364715,2580.8818588256836,False
3159,7,492,TargetPresentation,1764341677.0674386,2582.0128252506256,False
3160,7,492,TargetDisplacement,1764341677.220096,2582.165482521057,True
3161,7,492,LeftResponse,1764341677.8170524,2582.7624390125275,False
3162,7,492,FeedbackPeriodStarted,1764341677.8239145,2582.7693009376526,False
3163,7,493,startFixDisplay,1764341679.8430636,2584.7884504795074,False
3164,7,493,startFixPeriod,1764341679.940428,2584.885818004608,False
3165,7,493,TargetPresentation,1764341680.6759567,2585.6213459968567,False
3166,7,493,TargetDisplacement,1764341680.856275,2585.8016641139984,True
3167,7,493,RightResponse,1764341681.4950252,2586.4404141902924,False
3168,7,494,FeedbackPeriodStarted,1764341681.5223055,2586.467692375183,False
3169,7,494,startFixDisplay,1764341681.5223522,2586.4677386283875,False
3170,7,494,startFixPeriod,1764341681.8347275,2586.780116558075,False
3171,7,494,TargetPresentation,1764341682.9658194,2587.911208629608,False
3172,7,494,TargetRemoval,1764341683.1391125,2588.0844988822937,True
3173,7,494,TargetReappeared,1764341683.3890705,2588.334460258484,False
3174,7,494,LeftResponse,1764341683.8681853,2588.813576221466,False
3175,7,495,FeedbackPeriodStarted,1764341683.8954604,2588.8408467769623,False
3176,7,495,startFixDisplay,1764341683.8955076,2588.8408937454224,False
3177,7,495,startFixPeriod,1764341684.2633095,2589.208696126938,False
3178,7,495,TargetPresentation,1764341684.964137,2589.909523487091,False
3179,7,495,TargetDisplacement,1764341685.1515176,2590.0969042778015,True
3180,7,495,LeftResponse,1764341685.7761045,2590.7214913368225,False
3181,7,496,FeedbackPeriodStarted,1764341685.8036923,2590.749078989029,False
3182,7,496,startFixDisplay,1764341685.8037405,2590.7491266727448,False
3183,7,496,startFixPeriod,1764341686.0743706,2591.0197579860687,False
3184,7,496,TargetPresentation,1764341687.5593035,2592.5046904087067,False
3185,7,496,TargetRemoval,1764341687.6981637,2592.643552541733,True
3186,7,496,TargetReappeared,1764341687.947974,2592.893362760544,False
3187,7,496,RightResponse,1764341688.7602437,2593.705632209778,False
3188,7,497,FeedbackPeriodStarted,1764341688.7875502,2593.732936859131,False
3189,7,497,startFixDisplay,1764341688.7876084,2593.7329947948456,False
3190,7,497,startFixPeriod,1764341689.0860608,2594.0314502716064,False
3191,7,497,TargetPresentation,1764341690.4390776,2595.3844645023346,False
3192,7,497,TargetDisplacement,1764341690.5846765,2595.5300631523132,True
3193,7,497,LeftResponse,1764341691.1886482,2596.1340358257294,False
3194,7,498,FeedbackPeriodStarted,1764341691.2161908,2596.16157746315,False
3195,7,498,startFixDisplay,1764341691.2162406,2596.1616270542145,False
3196,7,498,startFixPeriod,1764341691.653515,2596.5989043712616,False
3197,7,498,TargetPresentation,1764341692.8399599,2597.7853467464447,False
3198,7,498,TargetRemoval,1764341693.027218,2597.9726045131683,True
3199,7,498,TargetReappeared,1764341693.2771006,2598.222487449646,False
3200,7,498,RightResponse,1764341693.7910342,2598.7364230155945,False
3201,7,498,FeedbackPeriodStarted,1764341693.797648,2598.7430374622345,False
3202,7,499,startFixDisplay,1764341695.8168097,2600.762196302414,False
3203,7,499,startFixPeriod,1764341695.8238273,2600.769216775894,False
3204,7,499,TargetPresentation,1764341697.0450895,2601.990478992462,False
3205,7,499,TargetRemoval,1764341697.2256105,2602.171008348465,True
3206,7,499,TargetReappeared,1764341697.4752278,2602.4206144809723,False
3207,7,499,LeftResponse,1764341697.940369,2602.8857550621033,False
3208,7,500,FeedbackPeriodStarted,1764341697.9678378,2602.913224697113,False
3209,7,500,startFixDisplay,1764341697.9678926,2602.913279056549,False
3210,7,500,startFixPeriod,1764341698.3148012,2603.260188102722,False
3211,7,500,TargetPresentation,1764341698.8908777,2603.8362669944763,False
3212,7,500,TargetRemoval,1764341699.0990267,2604.044413328171,True
3213,7,500,TargetReappeared,1764341699.3488529,2604.2942419052124,False
3214,7,500,LeftResponse,1764341700.1537995,2605.0991859436035,False
3215,7,501,FeedbackPeriodStarted,1764341700.1744835,2605.119870185852,False
3216,7,501,startFixDisplay,1764341700.174532,2605.1199181079865,False
3217,7,501,startFixPeriod,1764341700.549271,2605.4946599006653,False
3218,7,501,TargetPresentation,1764341701.8190815,2606.764469385147,False
3219,7,501,TargetDisplacement,1764341701.992582,2606.937971353531,True
3220,7,501,LeftResponse,1764341702.8253093,2607.770695924759,False
3221,7,502,FeedbackPeriodStarted,1764341702.8529205,2607.7983071804047,False
3222,7,502,startFixDisplay,1764341702.8529706,2607.798356771469,False
3223,7,502,startFixPeriod,1764341703.206821,2608.1522085666656,False
3224,7,502,TargetPresentation,1764341704.3310573,2609.2764468193054,False
3225,7,502,TargetDisplacement,1764341704.5045784,2609.4499695301056,True
3226,7,502,RightResponse,1764341705.1779897,2610.123378276825,False
3227,7,503,FeedbackPeriodStarted,1764341705.2053068,2610.150693655014,False
3228,7,503,startFixDisplay,1764341705.2053561,2610.150742292404,False
3229,7,503,startFixPeriod,1764341705.4135885,2610.358978033066,False
3230,7,503,TargetPresentation,1764341706.3850353,2611.330423593521,False
3231,7,503,TargetDisplacement,1764341706.537654,2611.4830429553986,True
3232,7,503,LeftResponse,1764341707.3495617,2612.294948577881,False
3233,7,504,FeedbackPeriodStarted,1764341707.3702118,2612.3155982494354,False
3234,7,504,startFixDisplay,1764341707.3702598,2612.3156459331512,False
3235,7,504,startFixPeriod,1764341707.585588,2612.5309789180756,False
3236,7,504,TargetPresentation,1764341708.7511964,2613.6965849399567,False
3237,7,504,TargetDisplacement,1764341708.9385474,2613.8839366436005,True
3238,7,504,RightResponse,1764341709.7504067,2614.6957931518555,False
3239,7,504,FeedbackPeriodStarted,1764341709.7574422,2614.7028312683105,False
3240,7,505,startFixDisplay,1764341711.7766612,2616.7220504283905,False
3241,7,505,startFixPeriod,1764341711.7835553,2616.728944301605,False
3242,7,505,TargetPresentation,1764341712.359392,2617.304778814316,False
3243,7,505,TargetRemoval,1764341712.5814168,2617.5268034934998,True
3244,7,505,TargetReappeared,1764341712.831251,2617.7766375541687,False
3245,7,505,RightResponse,1764341713.414635,2618.360024690628,False
3246,7,506,FeedbackPeriodStarted,1764341713.441895,2618.3872816562653,False
3247,7,506,startFixDisplay,1764341713.4419446,2618.3873307704926,False
3248,7,506,startFixPeriod,1764341713.8513584,2618.7967455387115,False
3249,7,506,TargetPresentation,1764341714.843687,2619.7890751361847,False
3250,7,506,TargetRemoval,1764341715.0239608,2619.9693474769592,True
3251,7,506,TargetReappeared,1764341715.273868,2620.2192566394806,False
3252,7,506,RightResponse,1764341716.141412,2621.086799144745,False
3253,7,507,FeedbackPeriodStarted,1764341716.1689088,2621.114295244217,False
3254,7,507,startFixDisplay,1764341716.1689448,2621.114340543747,False
3255,7,507,startFixPeriod,1764341716.737991,2621.6833794116974,False
3256,7,507,TargetPresentation,1764341718.1952446,2623.14063167572,False
3257,7,507,TargetDisplacement,1764341718.340842,2623.2862288951874,True
3258,7,507,LeftResponse,1764341719.0422928,2623.9876792430878,False
3259,7,508,FeedbackPeriodStarted,1764341719.0694602,2624.0148475170135,False
3260,7,508,startFixDisplay,1764341719.0695329,2624.014919757843,False
3261,7,508,startFixPeriod,1764341719.4580977,2624.4034843444824,False
3262,7,508,TargetPresentation,1764341720.0688233,2625.0142135620117,False
3263,7,508,TargetDisplacement,1764341720.256008,2625.2013947963715,True
3264,7,508,LeftResponse,1764341720.8528807,2625.7982671260834,False
3265,7,509,FeedbackPeriodStarted,1764341720.8806286,2625.8260173797607,False
3266,7,509,startFixDisplay,1764341720.8808172,2625.8262057304382,False
3267,7,509,startFixPeriod,1764341721.1651003,2626.110486984253,False
3268,7,509,TargetPresentation,1764341722.1850638,2627.130450487137,False
3269,7,509,TargetDisplacement,1764341722.3377187,2627.283105611801,True
3270,7,509,LeftResponse,1764341722.9972699,2627.9426562786102,False
3271,7,510,FeedbackPeriodStarted,1764341723.024713,2627.970099925995,False
3272,7,510,startFixDisplay,1764341723.0247674,2627.9701538085938,False
3273,7,510,startFixPeriod,1764341723.4967332,2628.4421224594116,False
3274,7,510,TargetPresentation,1764341724.1211598,2629.0665485858917,False
3275,7,510,TargetDisplacement,1764341724.3016205,2629.247009038925,True
3276,7,510,LeftResponse,1764341725.3980997,2630.3434879779816,False
3277,7,510,FeedbackPeriodStarted,1764341725.4116979,2630.3570845127106,False
3278,7,511,startFixDisplay,1764341727.430994,2632.376380443573,False
3279,7,511,startFixPeriod,1764341727.6324036,2632.577793121338,False
3280,7,511,TargetPresentation,1764341728.1944172,2633.1398062705994,False
3281,7,511,TargetRemoval,1764341728.3539152,2633.299301624298,True
3282,7,511,TargetReappeared,1764341728.603683,2633.5490696430206,False
3283,7,511,LeftResponse,1764341729.4503927,2634.395779132843,False
3284,7,512,FeedbackPeriodStarted,1764341729.4710412,2634.416428089142,False
3285,7,512,startFixDisplay,1764341729.4710882,2634.4164745807648,False
3286,7,512,startFixPeriod,1764341729.8945317,2634.8399209976196,False
3287,7,512,TargetPresentation,1764341730.4080417,2635.35343170166,False
3288,7,512,TargetDisplacement,1764341730.5536623,2635.4990513324738,True
3289,7,512,RightResponse,1764341731.206145,2636.1515324115753,False
3290,7,513,FeedbackPeriodStarted,1764341731.233556,2636.178942680359,False
3291,7,513,startFixDisplay,1764341731.2336113,2636.178997516632,False
3292,7,513,startFixPeriod,1764341731.4487314,2636.3941180706024,False
3293,7,513,TargetPresentation,1764341732.760355,2637.70574426651,False
3294,7,513,TargetRemoval,1764341732.9474833,2637.8928697109222,True
3295,7,513,TargetReappeared,1764341733.1973882,2638.1427767276764,False
3296,7,513,LeftResponse,1764341733.7596638,2638.7050516605377,False
3297,7,514,FeedbackPeriodStarted,1764341733.7872481,2638.7326350212097,False
3298,7,514,startFixDisplay,1764341733.7872977,2638.732684135437,False
3299,7,514,startFixPeriod,1764341734.1897924,2639.1351816654205,False
3300,7,514,TargetPresentation,1764341735.1751022,2640.1204907894135,False
3301,7,514,TargetRemoval,1764341735.34153,2640.286916732788,True
3302,7,514,TargetReappeared,1764341735.5914862,2640.536875486374,False
3303,7,514,RightResponse,1764341736.1051667,2641.0505533218384,False
3304,7,515,FeedbackPeriodStarted,1764341736.1325135,2641.07790017128,False
3305,7,515,startFixDisplay,1764341736.1325617,2641.0779480934143,False
3306,7,515,startFixPeriod,1764341736.3337903,2641.2791776657104,False
3307,7,515,TargetPresentation,1764341737.0485833,2641.9939703941345,False
3308,7,515,TargetRemoval,1764341737.242784,2642.188170671463,True
3309,7,515,TargetReappeared,1764341737.492744,2642.4381330013275,False
3310,7,515,RightResponse,1764341737.9300187,2642.875405550003,False
3311,7,516,FeedbackPeriodStarted,1764341737.9576287,2642.9030182361603,False
3312,7,516,startFixDisplay,1764341737.957764,2642.9031517505646,False
3313,7,516,startFixPeriod,1764341738.1866364,2643.132026195526,False
3314,7,516,TargetPresentation,1764341739.0400634,2643.9854502677917,False
3315,7,516,TargetDisplacement,1764341739.2759328,2644.221319437027,True
3316,7,516,LeftResponse,1764341739.9562511,2644.901638031006,False
3317,7,516,FeedbackPeriodStarted,1764341739.9629292,2644.9083166122437,False
3318,7,517,startFixDisplay,1764341741.9821558,2646.927542448044,False
3319,7,517,startFixPeriod,1764341742.2805018,2647.2258887290955,False
3320,7,517,TargetPresentation,1764341743.029998,2647.9753851890564,False
3321,7,517,TargetDisplacement,1764341743.2312772,2648.17666387558,True
3322,7,517,RightResponse,1764341743.8768,2648.822187900543,False
3323,7,518,FeedbackPeriodStarted,1764341743.9043589,2648.849748134613,False
3324,7,518,startFixDisplay,1764341743.9044878,2648.8498759269714,False
3325,7,518,startFixPeriod,1764341744.1056495,2649.0510387420654,False
3326,7,518,TargetPresentation,1764341745.12568,2650.07106924057,False
3327,7,518,TargetDisplacement,1764341745.30596,2650.2513465881348,True
3328,7,518,LeftResponse,1764341745.9655645,2650.910971879959,False
3329,7,519,FeedbackPeriodStarted,1764341745.9929488,2650.938335418701,False
3330,7,519,startFixDisplay,1764341745.9929957,2650.9383821487427,False
3331,7,519,startFixPeriod,1764341746.194262,2651.139650583267,False
3332,7,519,TargetPresentation,1764341746.770208,2651.7155973911285,False
3333,7,519,TargetRemoval,1764341746.985175,2651.9305613040924,True
3334,7,519,TargetReappeared,1764341747.2350795,2652.180466413498,False
3335,7,519,RightResponse,1764341747.6723523,2652.6177384853363,False
3336,7,520,FeedbackPeriodStarted,1764341747.699885,2652.6452713012695,False
3337,7,520,startFixDisplay,1764341747.6999323,2652.6453187465668,False
3338,7,520,startFixPeriod,1764341748.026231,2652.971620798111,False
3339,7,520,TargetPresentation,1764341749.1919384,2654.137325525284,False
3340,7,520,TargetRemoval,1764341749.344426,2654.28981256485,True
3341,7,520,TargetReappeared,1764341749.5944536,2654.539843082428,False
3342,7,520,RightResponse,1764341750.191258,2655.1366453170776,False
3343,7,521,FeedbackPeriodStarted,1764341750.218883,2655.1642723083496,False
3344,7,521,startFixDisplay,1764341750.2190137,2655.164401769638,False
3345,7,521,startFixPeriod,1764341750.42707,2655.3724575042725,False
3346,7,521,TargetPresentation,1764341750.9752343,2655.920621395111,False
3347,7,521,TargetDisplacement,1764341751.2389143,2656.1843008995056,True
3348,7,521,RightResponse,1764341751.9328475,2656.878234386444,False
3349,7,522,FeedbackPeriodStarted,1764341751.9535136,2656.898900270462,False
3350,7,522,startFixDisplay,1764341751.9535613,2656.8989477157593,False
3351,7,522,startFixPeriod,1764341752.1757925,2657.121181488037,False
3352,7,522,TargetPresentation,1764341753.029107,2657.9744946956635,False
3353,7,522,TargetDisplacement,1764341753.1679788,2658.1133654117584,True
3354,7,522,RightResponse,1764341753.910808,2658.8561968803406,False
3355,7,522,FeedbackPeriodStarted,1764341753.9174292,2658.862818956375,False
3356,7,523,startFixDisplay,1764341755.936667,2660.8820559978485,False
3357,7,523,startFixPeriod,1764341756.200348,2661.1457374095917,False
3358,7,523,TargetPresentation,1764341757.1301286,2662.075515270233,False
3359,7,523,TargetRemoval,1764341757.2826867,2662.2280733585358,True
3360,7,523,TargetReappeared,1764341757.5326827,2662.478072166443,False
3361,7,523,RightResponse,1764341758.1921647,2663.137552499771,False
3362,7,524,FeedbackPeriodStarted,1764341758.2196095,2663.1649992465973,False
3363,7,524,startFixDisplay,1764341758.2197428,2663.165130853653,False
3364,7,524,startFixPeriod,1764341758.510973,2663.4563598632812,False
3365,7,524,TargetPresentation,1764341759.246454,2664.1918404102325,False
3366,7,524,TargetDisplacement,1764341759.3852112,2664.330597639084,True
3367,7,524,LeftResponse,1764341760.2944238,2665.239810705185,False
3368,7,525,FeedbackPeriodStarted,1764341760.322043,2665.267429590225,False
3369,7,525,startFixDisplay,1764341760.322092,2665.2674782276154,False
3370,7,525,startFixPeriod,1764341760.6828675,2665.628254890442,False
3371,7,525,TargetPresentation,1764341761.8209834,2666.766369819641,False
3372,7,525,TargetDisplacement,1764341761.952654,2666.898040294647,True
3373,7,525,RightResponse,1764341762.6331375,2667.5785257816315,False
3374,7,526,FeedbackPeriodStarted,1764341762.6604478,2667.6058344841003,False
3375,7,526,startFixDisplay,1764341762.6604946,2667.6058807373047,False
3376,7,526,startFixPeriod,1764341763.4308884,2668.376277923584,False
3377,7,526,TargetPresentation,1764341764.8671584,2669.8125450611115,False
3378,7,526,TargetRemoval,1764341765.0128872,2669.9582760334015,True
3379,7,526,TargetReappeared,1764341765.2626314,2670.208018541336,False
3380,7,526,RightResponse,1764341765.783486,2670.72887468338,False
3381,7,527,FeedbackPeriodStarted,1764341765.8107703,2670.7561569213867,False
3382,7,527,startFixDisplay,1764341765.8108187,2670.7562050819397,False
3383,7,527,startFixPeriod,1764341766.17873,2671.1241195201874,False
3384,7,527,TargetPresentation,1764341766.8031347,2671.748521566391,False
3385,7,527,TargetRemoval,1764341767.0113337,2671.95672249794,True
3386,7,527,TargetReappeared,1764341767.2611082,2672.2064950466156,False
3387,7,527,LeftResponse,1764341767.7192092,2672.6645963191986,False
3388,7,527,FeedbackPeriodStarted,1764341767.767833,2672.713222026825,False
