,blockID,trialNumber,triggerName,timestamp_sys,timestamp_psyc,triggerSent_Serial00
0,pract,-1,StartPractice,1764331991.1043615,469.8890359401703,False
1,pract,0,startFixDisplay,1764331991.1170504,469.9017267227173,False
2,pract,0,startFixPeriod,1764331991.3531063,470.1377830505371,False
3,pract,0,TargetPresentation,1764331992.7479386,471.53261518478394,False
4,pract,0,TargetRemoval,1764331992.7548437,471.53952050209045,True
5,pract,0,TargetReappeared,1764331993.004591,471.789265871048,False
6,pract,0,RightResponse,1764331993.6363375,472.42101430892944,False
7,pract,0,FeedbackPeriodStarted,1764331993.6498132,472.4344873428345,False
8,pract,1,startFixDisplay,1764331994.1563487,472.941025018692,False
9,pract,1,startFixPeriod,1764331994.4132378,473.1979146003723,False
10,pract,1,TargetPresentation,1764331995.5234902,474.3081679344177,False
11,pract,1,TargetDisplacement,1764331995.662102,474.4467785358429,True
12,pract,1,LeftResponse,1764331996.0996175,474.88429164886475,False
13,pract,1,FeedbackPeriodStarted,1764331996.1062837,474.890958070755,False
14,pract,2,startFixDisplay,1764331996.6127956,475.3974721431732,False
15,pract,2,startFixPeriod,1764331996.8904705,475.67514729499817,False
16,pract,2,TargetPresentation,1764331998.06306,476.84773659706116,False
17,pract,2,TargetRemoval,1764331998.070025,476.8547012805939,True
18,pract,2,TargetReappeared,1764331998.319957,477.10463428497314,False
19,pract,2,RightResponse,1764331998.9658077,477.75048542022705,False
20,pract,2,FeedbackPeriodStarted,1764331998.9789677,477.7636420726776,False
21,pract,3,startFixDisplay,1764331999.485514,478.2701907157898,False
22,pract,3,startFixPeriod,1764331999.749378,478.53405475616455,False
23,pract,3,TargetPresentation,1764332000.7208545,479.50553011894226,False
24,pract,3,TargetRemoval,1764332000.859581,479.64425826072693,True
25,pract,3,TargetReappeared,1764332001.1092129,479.8938879966736,False
26,pract,3,LeftResponse,1764332001.3314254,480.11609983444214,False
27,pract,3,FeedbackPeriodStarted,1764332001.3452222,480.1298985481262,False
28,pract,4,startFixDisplay,1764332001.8516629,480.6363368034363,False
29,pract,4,startFixPeriod,1764332002.1294124,480.91408920288086,False
30,pract,4,TargetPresentation,1764332003.2743738,482.0590522289276,False
31,pract,4,TargetDisplacement,1764332003.3991532,482.1838297843933,True
32,pract,4,FeedbackPeriodStarted,1764332005.404789,484.18946599960327,False
33,pract,5,startFixDisplay,1764332005.9110682,484.6957447528839,False
34,pract,5,startFixPeriod,1764332005.9180272,484.70270347595215,False
35,pract,5,TargetPresentation,1764332006.7230172,485.50769424438477,False
36,pract,5,TargetDisplacement,1764332006.7715275,485.5562014579773,True
37,pract,5,LeftResponse,1764332007.451978,486.23665380477905,False
38,pract,5,FeedbackPeriodStarted,1764332007.458496,486.24317264556885,False
39,pract,6,startFixDisplay,1764332007.9650486,486.7497251033783,False
40,pract,6,startFixPeriod,1764332008.1872451,486.9719226360321,False
41,pract,6,TargetPresentation,1764332009.0753703,487.8600468635559,False
42,pract,6,TargetDisplacement,1764332009.2210798,488.00575590133667,True
43,pract,6,RightResponse,1764332010.0124664,488.7971432209015,False
44,pract,6,FeedbackPeriodStarted,1764332010.0191283,488.8038046360016,False
45,pract,7,startFixDisplay,1764332010.5255508,489.310227394104,False
46,pract,7,startFixPeriod,1764332010.789313,489.57398986816406,False
47,pract,7,TargetPresentation,1764332012.0246027,490.80927991867065,False
48,pract,7,TargetDisplacement,1764332012.1631541,490.9478304386139,True
49,pract,7,LeftResponse,1764332012.6701283,491.45480489730835,False
50,pract,7,FeedbackPeriodStarted,1764332012.676672,491.46134853363037,False
51,pract,8,startFixDisplay,1764332013.1831725,491.9678463935852,False
52,pract,8,startFixPeriod,1764332013.4539285,492.238605260849,False
53,pract,8,TargetPresentation,1764332014.3491213,493.133798122406,False
54,pract,8,TargetRemoval,1764332014.4808037,493.2654802799225,True
55,pract,8,TargetReappeared,1764332014.7307074,493.5153841972351,False
56,pract,8,RightResponse,1764332015.7579415,494.5426182746887,False
57,pract,8,FeedbackPeriodStarted,1764332015.7645235,494.549200296402,False
58,pract,9,startFixDisplay,1764332016.2710536,495.0557301044464,False
59,pract,9,startFixPeriod,1764332016.4794035,495.264080286026,False
60,pract,9,TargetPresentation,1764332017.1246655,495.90934109687805,False
61,pract,9,TargetRemoval,1764332017.2425497,496.027227640152,True
62,pract,9,TargetReappeared,1764332017.4924397,496.27711510658264,False
63,pract,9,LeftResponse,1764332018.1659458,496.950621843338,False
64,pract,9,FeedbackPeriodStarted,1764332018.1863205,496.9709973335266,False
65,pract,10,startFixDisplay,1764332018.692784,497.4774606227875,False
66,pract,10,startFixPeriod,1764332019.0119843,497.79666090011597,False
67,pract,10,TargetPresentation,1764332020.3374264,499.1221032142639,False
68,pract,10,TargetRemoval,1764332020.4760823,499.26075887680054,True
69,pract,10,TargetReappeared,1764332020.7260027,499.5106794834137,False
70,pract,10,RightResponse,1764332021.2188416,500.00351643562317,False
71,pract,10,FeedbackPeriodStarted,1764332021.2324972,500.017174243927,False
72,pract,11,startFixDisplay,1764332021.739022,500.5236988067627,False
73,pract,11,startFixPeriod,1764332021.995915,500.7805917263031,False
74,pract,11,TargetPresentation,1764332023.1894133,501.97408843040466,False
75,pract,11,TargetDisplacement,1764332023.3072503,502.09192419052124,True
76,pract,11,FeedbackPeriodStarted,1764332025.3126729,504.0973494052887,False
77,pract,12,startFixDisplay,1764332025.8191738,504.60385036468506,False
78,pract,12,startFixPeriod,1764332026.11789,504.9025664329529,False
79,pract,12,TargetPresentation,1764332027.609525,506.39419984817505,False
80,pract,12,TargetDisplacement,1764332027.7482188,506.5328950881958,True
81,pract,12,RightResponse,1764332028.1369307,506.92160654067993,False
82,pract,12,FeedbackPeriodStarted,1764332028.143745,506.92841935157776,False
83,pract,13,startFixDisplay,1764332028.650287,507.434960603714,False
84,pract,13,startFixPeriod,1764332028.8793871,507.6640636920929,False
85,pract,13,TargetPresentation,1764332030.3018675,509.0865445137024,False
86,pract,13,TargetRemoval,1764332030.350431,509.13510727882385,True
87,pract,13,TargetReappeared,1764332030.6002262,509.384902715683,False
88,pract,13,LeftResponse,1764332031.2597768,510.0444526672363,False
89,pract,13,FeedbackPeriodStarted,1764332031.2734244,510.0580987930298,False
90,pract,14,startFixDisplay,1764332031.7797942,510.5644705295563,False
91,pract,14,startFixPeriod,1764332032.0088048,510.7934818267822,False
92,pract,14,TargetPresentation,1764332033.0012867,511.785964012146,False
93,pract,14,TargetDisplacement,1764332033.1329272,511.9176037311554,True
94,pract,14,RightResponse,1764332034.021344,512.8060183525085,False
95,pract,14,FeedbackPeriodStarted,1764332034.0282304,512.8129069805145,False
96,pract,15,startFixDisplay,1764332034.5346112,513.319287776947,False
97,pract,15,startFixPeriod,1764332034.5415914,513.3262679576874,False
98,pract,15,TargetPresentation,1764332035.6311445,514.4158210754395,False
99,pract,15,TargetDisplacement,1764332035.7628186,514.5474946498871,True
100,pract,15,LeftResponse,1764332037.0608873,515.8455629348755,False
101,pract,15,FeedbackPeriodStarted,1764332037.074257,515.8589310646057,False
102,pract,16,startFixDisplay,1764332037.5808368,516.365514755249,False
103,pract,16,startFixPeriod,1764332037.587786,516.3724620342255,False
104,pract,16,TargetPresentation,1764332038.5038366,517.2885131835938,False
105,pract,16,TargetDisplacement,1764332038.64256,517.4272360801697,True
106,pract,16,RightResponse,1764332040.1625042,518.9471793174744,False
107,pract,16,FeedbackPeriodStarted,1764332040.1761243,518.9608008861542,False
108,pract,17,startFixDisplay,1764332040.6826055,519.4672818183899,False
109,pract,17,startFixPeriod,1764332040.8838305,519.6685061454773,False
110,pract,17,TargetPresentation,1764332041.7582278,520.5429046154022,False
111,pract,17,TargetRemoval,1764332041.8900332,520.6747093200684,True
112,pract,17,TargetReappeared,1764332042.1399205,520.9245963096619,False
113,pract,17,LeftResponse,1764332042.917417,521.7020936012268,False
114,pract,17,FeedbackPeriodStarted,1764332042.9239268,521.7086009979248,False
115,pract,18,startFixDisplay,1764332043.4304407,522.2151169776917,False
116,pract,18,startFixPeriod,1764332043.5276034,522.3122782707214,False
117,pract,18,TargetPresentation,1764332044.2632241,523.0479016304016,False
118,pract,18,TargetRemoval,1764332044.394978,523.1796541213989,True
119,pract,18,TargetReappeared,1764332044.6448638,523.4295406341553,False
120,pract,18,LeftResponse,1764332045.526393,524.3110699653625,False
121,pract,18,FeedbackPeriodStarted,1764332045.533052,524.3177287578583,False
122,pract,19,startFixDisplay,1764332046.0395813,524.8242599964142,False
123,pract,19,startFixPeriod,1764332046.2755303,525.060206413269,False
124,pract,19,TargetPresentation,1764332046.830636,525.6153123378754,False
125,pract,19,TargetDisplacement,1764332046.955511,525.7401850223541,True
126,pract,19,FeedbackPeriodStarted,1764332048.9608982,527.7455749511719,False
127,pract,20,startFixDisplay,1764332049.4674358,528.2521123886108,False
128,pract,20,startFixPeriod,1764332049.4744298,528.2591061592102,False
129,pract,20,TargetPresentation,1764332050.6124687,529.3971431255341,False
130,pract,20,TargetDisplacement,1764332050.7512152,529.535891532898,True
131,pract,20,RightResponse,1764332051.9034395,530.688116312027,False
132,pract,20,FeedbackPeriodStarted,1764332051.909983,530.694659948349,False
133,pract,21,startFixDisplay,1764332052.4234428,531.2081174850464,False
134,pract,21,startFixPeriod,1764332052.6733713,531.4580483436584,False
135,pract,21,TargetPresentation,1764332053.7142527,532.4989297389984,False
136,pract,21,TargetDisplacement,1764332053.852861,532.6375374794006,True
137,pract,21,LeftResponse,1764332054.5747542,533.3594291210175,False
138,pract,21,FeedbackPeriodStarted,1764332054.5884287,533.3731031417847,False
139,pract,22,startFixDisplay,1764332055.0948539,533.8795280456543,False
140,pract,22,startFixPeriod,1764332055.3449063,534.1295826435089,False
141,pract,22,TargetPresentation,1764332056.3094444,535.0941212177277,False
142,pract,22,TargetDisplacement,1764332056.4480646,535.2327401638031,True
143,pract,22,RightResponse,1764332056.9688025,535.7534785270691,False
144,pract,22,FeedbackPeriodStarted,1764332056.9823434,535.7670176029205,False
145,pract,23,startFixDisplay,1764332057.4889364,536.2736129760742,False
146,pract,23,startFixPeriod,1764332057.718054,536.5027306079865,False
147,pract,23,TargetPresentation,1764332059.1197255,537.9043998718262,False
148,pract,23,TargetDisplacement,1764332059.2514539,538.0361301898956,True
149,pract,23,LeftResponse,1764332060.1605957,538.9452698230743,False
150,pract,23,FeedbackPeriodStarted,1764332060.1675096,538.9521839618683,False
151,pract,24,startFixDisplay,1764332060.7502475,539.5349216461182,False
152,pract,24,startFixPeriod,1764332061.034963,539.8196396827698,False
153,pract,24,TargetPresentation,1764332062.5060155,541.2906930446625,False
154,pract,24,TargetDisplacement,1764332062.637655,541.4223289489746,True
155,pract,24,RightResponse,1764332063.3459058,542.130583524704,False
156,pract,24,FeedbackPeriodStarted,1764332063.352612,542.1372866630554,False
157,pract,25,startFixDisplay,1764332063.8589635,542.6436398029327,False
158,pract,25,startFixPeriod,1764332064.0324636,542.8171401023865,False
159,pract,25,TargetPresentation,1764332065.1150033,543.8996798992157,False
160,pract,25,TargetDisplacement,1764332065.2398183,544.0244946479797,True
161,pract,25,LeftResponse,1764332066.4059408,545.1906177997589,False
162,pract,25,FeedbackPeriodStarted,1764332066.412561,545.1972374916077,False
163,pract,26,startFixDisplay,1764332066.9191282,545.7038054466248,False
164,pract,26,startFixPeriod,1764332067.1620927,545.9467697143555,False
165,pract,26,TargetPresentation,1764332067.8351524,546.6198291778564,False
166,pract,26,TargetRemoval,1764332067.9738848,546.7585611343384,True
167,pract,26,TargetReappeared,1764332068.2237012,547.008377790451,False
168,pract,26,RightResponse,1764332068.7930572,547.5777339935303,False
169,pract,26,FeedbackPeriodStarted,1764332068.8065417,547.5912187099457,False
170,pract,27,startFixDisplay,1764332069.3130462,548.097722530365,False
171,pract,27,startFixPeriod,1764332069.5629818,548.3476574420929,False
172,pract,27,TargetPresentation,1764332070.929915,549.7145919799805,False
173,pract,27,TargetDisplacement,1764332071.082494,549.8671703338623,True
174,pract,27,LeftResponse,1764332071.825366,550.6100418567657,False
175,pract,27,FeedbackPeriodStarted,1764332071.8319428,550.616619348526,False
176,pract,28,startFixDisplay,1764332072.3384144,551.1230883598328,False
177,pract,28,startFixPeriod,1764332072.3454075,551.1300814151764,False
178,pract,28,TargetPresentation,1764332073.511263,552.2959399223328,False
179,pract,28,TargetDisplacement,1764332073.6499572,552.4346332550049,True
180,pract,28,RightResponse,1764332074.3301854,553.1148610115051,False
181,pract,28,FeedbackPeriodStarted,1764332074.3369846,553.1216614246368,False
182,pract,29,startFixDisplay,1764332074.8503997,553.6350736618042,False
183,pract,29,startFixPeriod,1764332075.14198,553.9266567230225,False
184,pract,29,TargetPresentation,1764332076.606186,555.3908636569977,False
185,pract,29,TargetRemoval,1764332076.7378004,555.5224764347076,True
186,pract,29,TargetReappeared,1764332076.987753,555.7724280357361,False
187,pract,29,RightResponse,1764332077.7790482,556.563725233078,False
188,pract,29,FeedbackPeriodStarted,1764332077.785671,556.5703477859497,False
189,pract,30,startFixDisplay,1764332078.2921743,557.0768511295319,False
190,pract,30,startFixPeriod,1764332078.5143416,557.2990174293518,False
191,pract,30,TargetPresentation,1764332079.5760581,558.3607351779938,False
192,pract,30,TargetRemoval,1764332079.7146792,558.4993531703949,True
193,pract,30,TargetReappeared,1764332079.964538,558.7492134571075,False
194,pract,30,LeftResponse,1764332080.6448054,559.4294810295105,False
195,pract,30,FeedbackPeriodStarted,1764332080.6514566,559.436133146286,False
196,pract,-1,EndPractice,1764332081.1454022,559.9300761222839,False
197,0,0,startFixDisplay,1764332131.237043,610.0217204093933,False
198,0,0,startFixPeriod,1764332131.9448295,610.7295048236847,False
199,0,0,TargetPresentation,1764332133.256366,612.041042804718,False
200,0,0,TargetDisplacement,1764332133.2632606,612.047937631607,True
201,0,0,RightResponse,1764332134.8594782,613.6441543102264,False
202,0,1,FeedbackPeriodStarted,1764332134.8730683,613.6577446460724,False
203,0,1,startFixDisplay,1764332134.8732016,613.6578772068024,False
204,0,1,startFixPeriod,1764332135.0675857,613.8522639274597,False
205,0,1,TargetPresentation,1764332136.274854,615.0595304965973,False
206,0,1,TargetDisplacement,1764332136.420427,615.2051010131836,True
207,0,1,RightResponse,1764332137.329687,616.1143612861633,False
208,0,2,FeedbackPeriodStarted,1764332137.3433661,616.1280426979065,False
209,0,2,startFixDisplay,1764332137.3434992,616.1281745433807,False
210,0,2,startFixPeriod,1764332137.5238345,616.3085100650787,False
211,0,2,TargetPresentation,1764332138.2593715,617.0440483093262,False
212,0,2,TargetDisplacement,1764332138.3980901,617.1827666759491,True
213,0,2,LeftResponse,1764332139.2936497,618.0783267021179,False
214,0,3,FeedbackPeriodStarted,1764332139.3071253,618.0918016433716,False
215,0,3,startFixDisplay,1764332139.307316,618.0919919013977,False
216,0,3,startFixPeriod,1764332139.487639,618.2723133563995,False
217,0,3,TargetPresentation,1764332140.757408,619.5420827865601,False
218,0,3,TargetRemoval,1764332140.8892975,619.673974275589,True
219,0,3,TargetReappeared,1764332141.1391082,619.9237847328186,False
220,0,3,RightResponse,1764332141.9859169,620.7705936431885,False
221,0,4,FeedbackPeriodStarted,1764332141.9995198,620.7841963768005,False
222,0,4,startFixDisplay,1764332141.9996662,620.7843415737152,False
223,0,4,startFixPeriod,1764332142.3394916,621.1241662502289,False
224,0,4,TargetPresentation,1764332143.644111,622.4287877082825,False
225,0,4,TargetDisplacement,1764332143.7897692,622.5744433403015,True
226,0,4,RightResponse,1764332144.907303,623.6919803619385,False
227,0,5,FeedbackPeriodStarted,1764332144.9207888,623.7054653167725,False
228,0,5,startFixDisplay,1764332144.920921,623.705596446991,False
229,0,5,startFixPeriod,1764332145.5037744,624.288450717926,False
230,0,5,TargetPresentation,1764332146.5514653,625.3361418247223,False
231,0,5,TargetRemoval,1764332146.6485596,625.433233499527,True
232,0,5,TargetReappeared,1764332146.8984451,625.6831214427948,False
233,0,5,RightResponse,1764332147.5025182,626.2871952056885,False
234,0,6,FeedbackPeriodStarted,1764332147.522949,626.3076257705688,False
235,0,6,startFixDisplay,1764332147.5231373,626.3078136444092,False
236,0,6,startFixPeriod,1764332147.9254818,626.7101585865021,False
237,0,6,TargetPresentation,1764332149.063423,627.8480980396271,False
238,0,6,TargetDisplacement,1764332149.2160566,628.0007328987122,True
239,0,6,LeftResponse,1764332150.0976546,628.8823311328888,False
240,0,6,FeedbackPeriodStarted,1764332150.118137,628.9028134346008,False
241,0,7,startFixDisplay,1764332152.1235318,630.9082086086273,False
242,0,7,startFixPeriod,1764332152.526132,631.3108088970184,False
243,0,7,TargetPresentation,1764332153.4281478,632.212824344635,False
244,0,7,TargetDisplacement,1764332153.6014082,632.3860819339752,True
245,0,7,LeftResponse,1764332154.7607472,633.5454251766205,False
246,0,8,FeedbackPeriodStarted,1764332154.7811837,633.5658602714539,False
247,0,8,startFixDisplay,1764332154.781316,633.5659916400909,False
248,0,8,startFixPeriod,1764332154.9616566,633.7463319301605,False
249,0,8,TargetPresentation,1764332155.9123206,634.6969971656799,False
250,0,8,TargetDisplacement,1764332155.9261026,634.7107787132263,True
251,0,8,RightResponse,1764332156.9812303,635.7659072875977,False
252,0,9,FeedbackPeriodStarted,1764332156.9947274,635.7794036865234,False
253,0,9,startFixDisplay,1764332156.9948595,635.779534816742,False
254,0,9,startFixPeriod,1764332157.2722774,636.0569536685944,False
255,0,9,TargetPresentation,1764332158.0981348,636.8828094005585,False
256,0,9,TargetRemoval,1764332158.2298572,637.0145337581635,True
257,0,9,TargetReappeared,1764332158.479769,637.2644457817078,False
258,0,9,RightResponse,1764332159.2224867,638.0071635246277,False
259,0,10,FeedbackPeriodStarted,1764332159.2360568,638.0207333564758,False
260,0,10,startFixDisplay,1764332159.2361934,638.0208687782288,False
261,0,10,startFixPeriod,1764332159.4026074,638.1872825622559,False
262,0,10,TargetPresentation,1764332160.3115876,639.0962643623352,False
263,0,10,TargetDisplacement,1764332160.3185036,639.103178024292,True
264,0,10,LeftResponse,1764332162.0189812,640.8036577701569,False
265,0,11,FeedbackPeriodStarted,1764332162.0324595,640.8171362876892,False
266,0,11,startFixDisplay,1764332162.032599,640.8172731399536,False
267,0,11,startFixPeriod,1764332162.3517296,641.1364057064056,False
268,0,11,TargetPresentation,1764332163.4341896,642.2188663482666,False
269,0,11,TargetRemoval,1764332163.5866888,642.3713626861572,True
270,0,11,TargetReappeared,1764332163.836675,642.621351480484,False
271,0,11,LeftResponse,1764332164.530615,643.3152890205383,False
272,0,12,FeedbackPeriodStarted,1764332164.5444055,643.3290820121765,False
273,0,12,startFixDisplay,1764332164.5445375,643.3292129039764,False
274,0,12,startFixPeriod,1764332164.724855,643.5095314979553,False
275,0,12,TargetPresentation,1764332165.953108,644.7377848625183,False
276,0,12,TargetRemoval,1764332166.1405306,644.9252047538757,True
277,0,12,TargetReappeared,1764332166.3902278,645.174902677536,False
278,0,12,RightResponse,1764332167.0011454,645.7858221530914,False
279,0,12,FeedbackPeriodStarted,1764332167.007758,645.792432308197,False
280,0,13,startFixDisplay,1764332169.0131266,647.7978038787842,False
281,0,13,startFixPeriod,1764332169.0200572,647.8047332763672,False
282,0,13,TargetPresentation,1764332169.9568887,648.7415654659271,False
283,0,13,TargetDisplacement,1764332170.0954938,648.8801679611206,True
284,0,13,RightResponse,1764332171.0743034,649.8589777946472,False
285,0,14,FeedbackPeriodStarted,1764332171.0879061,649.8725821971893,False
286,0,14,startFixDisplay,1764332171.0880604,649.8727359771729,False
287,0,14,startFixPeriod,1764332171.698559,650.4832336902618,False
288,0,14,TargetPresentation,1764332172.7880132,651.5726900100708,False
289,0,14,TargetDisplacement,1764332172.926752,651.7114284038544,True
290,0,14,LeftResponse,1764332174.4326952,653.2173705101013,False
291,0,15,FeedbackPeriodStarted,1764332174.4463181,653.2309918403625,False
292,0,15,startFixDisplay,1764332174.4463658,653.2310395240784,False
293,0,15,startFixPeriod,1764332174.7309458,653.5156226158142,False
294,0,15,TargetPresentation,1764332175.251419,654.0360958576202,False
295,0,15,TargetDisplacement,1764332175.3969183,654.1815922260284,True
296,0,15,RightResponse,1764332176.3064249,655.0910992622375,False
297,0,16,FeedbackPeriodStarted,1764332176.3199506,655.1046271324158,False
298,0,16,startFixDisplay,1764332176.3200848,655.1047601699829,False
299,0,16,startFixPeriod,1764332176.5350902,655.319766998291,False
300,0,16,TargetPresentation,1764332177.2081811,655.9928576946259,False
301,0,16,TargetDisplacement,1764332177.3538465,656.1385202407837,True
302,0,16,RightResponse,1764332178.1105514,656.8952283859253,False
303,0,17,FeedbackPeriodStarted,1764332178.1240957,656.9087719917297,False
304,0,17,startFixDisplay,1764332178.1242313,656.9089066982269,False
305,0,17,startFixPeriod,1764332178.2698848,657.0545613765717,False
306,0,17,TargetPresentation,1764332179.2274835,658.0121600627899,False
307,0,17,TargetRemoval,1764332179.4078183,658.1924951076508,True
308,0,17,TargetReappeared,1764332179.6576476,658.4423227310181,False
309,0,17,LeftResponse,1764332180.3447468,659.1294207572937,False
310,0,18,FeedbackPeriodStarted,1764332180.3584723,659.143149137497,False
311,0,18,startFixDisplay,1764332180.3585558,659.1432294845581,False
312,0,18,startFixPeriod,1764332180.5667365,659.3514132499695,False
313,0,18,TargetPresentation,1764332181.6145127,660.3991892337799,False
314,0,18,TargetDisplacement,1764332181.7669537,660.5516276359558,True
315,0,18,RightResponse,1764332182.725065,661.5097417831421,False
316,0,18,FeedbackPeriodStarted,1764332182.7316139,661.5162880420685,False
317,0,19,startFixDisplay,1764332184.7370386,663.5217158794403,False
318,0,19,startFixPeriod,1764332184.966056,663.7507328987122,False
319,0,19,TargetPresentation,1764332185.6530225,664.4376990795135,False
320,0,19,TargetDisplacement,1764332185.7986698,664.5833463668823,True
321,0,19,LeftResponse,1764332186.7636006,665.5482778549194,False
322,0,20,FeedbackPeriodStarted,1764332186.777062,665.5617384910583,False
323,0,20,startFixDisplay,1764332186.7771945,665.5618698596954,False
324,0,20,startFixPeriod,1764332187.0477426,665.832418680191,False
325,0,20,TargetPresentation,1764332187.915111,666.6997880935669,False
326,0,20,TargetDisplacement,1764332188.046896,666.8315725326538,True
327,0,20,RightResponse,1764332188.6788292,667.4635066986084,False
328,0,21,FeedbackPeriodStarted,1764332188.69918,667.483856678009,False
329,0,21,startFixDisplay,1764332188.6993127,667.4839878082275,False
330,0,21,startFixPeriod,1764332188.9143257,667.6990025043488,False
331,0,21,TargetPresentation,1764332189.6429331,668.4276099205017,False
332,0,21,TargetDisplacement,1764332189.8232934,668.6079702377319,True
333,0,21,RightResponse,1764332190.7188416,669.5035183429718,False
334,0,22,FeedbackPeriodStarted,1764332190.801721,669.5863952636719,False
335,0,22,startFixDisplay,1764332190.8017728,669.5864462852478,False
336,0,22,startFixPeriod,1764332191.0167732,669.8014476299286,False
337,0,22,TargetPresentation,1764332192.071576,670.8562512397766,False
338,0,22,TargetDisplacement,1764332192.1687071,670.953385591507,True
339,0,22,LeftResponse,1764332192.9323714,671.717048406601,False
340,0,23,FeedbackPeriodStarted,1764332192.945859,671.7305355072021,False
341,0,23,startFixDisplay,1764332192.945992,671.7306671142578,False
342,0,23,startFixPeriod,1764332193.1123984,671.897075176239,False
343,0,23,TargetPresentation,1764332194.3197732,673.1044471263885,False
344,0,23,TargetDisplacement,1764332194.4585876,673.2432644367218,True
345,0,23,LeftResponse,1764332195.5065737,674.2912485599518,False
346,0,24,FeedbackPeriodStarted,1764332195.520153,674.3048274517059,False
347,0,24,startFixDisplay,1764332195.5202053,674.304878950119,False
348,0,24,startFixPeriod,1764332195.7007532,674.4854278564453,False
349,0,24,TargetPresentation,1764332196.616624,675.4013011455536,False
350,0,24,TargetDisplacement,1764332196.7762237,675.5609004497528,True
351,0,24,RightResponse,1764332197.8729227,676.6575992107391,False
352,0,24,FeedbackPeriodStarted,1764332197.8795905,676.6642670631409,False
353,0,25,startFixDisplay,1764332199.8849106,678.6695873737335,False
354,0,25,startFixPeriod,1764332199.891831,678.676507472992,False
355,0,25,TargetPresentation,1764332201.2796981,680.0643723011017,False
356,0,25,TargetDisplacement,1764332201.425364,680.210040807724,True
357,0,25,RightResponse,1764332202.105486,680.8901605606079,False
358,0,26,FeedbackPeriodStarted,1764332202.1193395,680.9040167331696,False
359,0,26,startFixDisplay,1764332202.1194804,680.9041557312012,False
360,0,26,startFixPeriod,1764332202.3275368,681.1122136116028,False
361,0,26,TargetPresentation,1764332203.7153006,682.499977350235,False
362,0,26,TargetDisplacement,1764332203.8540225,682.638699054718,True
363,0,26,LeftResponse,1764332204.5899696,683.3746464252472,False
364,0,27,FeedbackPeriodStarted,1764332204.603469,683.388142824173,False
365,0,27,startFixDisplay,1764332204.6035168,683.3881905078888,False
366,0,27,startFixPeriod,1764332205.005994,683.7906708717346,False
367,0,27,TargetPresentation,1764332205.5471766,684.33185338974,False
368,0,27,TargetRemoval,1764332205.6651793,684.4498572349548,True
369,0,27,TargetReappeared,1764332205.9149191,684.6995959281921,False
370,0,27,LeftResponse,1764332206.5465512,685.331226348877,False
371,0,28,FeedbackPeriodStarted,1764332206.5602782,685.3449549674988,False
372,0,28,startFixDisplay,1764332206.560415,685.3450903892517,False
373,0,28,startFixPeriod,1764332206.7336276,685.5183017253876,False
374,0,28,TargetPresentation,1764332208.1771033,686.9617803096771,False
375,0,28,TargetDisplacement,1764332208.315717,687.1003909111023,True
376,0,28,RightResponse,1764332209.107205,687.8918817043304,False
377,0,29,FeedbackPeriodStarted,1764332209.1207795,687.905455827713,False
378,0,29,startFixDisplay,1764332209.1209846,687.9056606292725,False
379,0,29,startFixPeriod,1764332209.3150475,688.0997240543365,False
380,0,29,TargetPresentation,1764332210.5640757,689.3487524986267,False
381,0,29,TargetDisplacement,1764332210.6820333,689.4667098522186,True
382,0,29,LeftResponse,1764332211.4109373,690.195613861084,False
383,0,30,FeedbackPeriodStarted,1764332211.4245424,690.2092192173004,False
384,0,30,startFixDisplay,1764332211.4246874,690.2093632221222,False
385,0,30,startFixPeriod,1764332211.6259005,690.4105770587921,False
386,0,30,TargetPresentation,1764332212.4446936,691.2293679714203,False
387,0,30,TargetDisplacement,1764332212.583219,691.3678929805756,True
388,0,30,LeftResponse,1764332213.6592503,692.4439270496368,False
389,0,30,FeedbackPeriodStarted,1764332213.6659098,692.4505851268768,False
390,0,31,startFixDisplay,1764332215.6712365,694.4559135437012,False
391,0,31,startFixPeriod,1764332215.6781423,694.4628186225891,False
392,0,31,TargetPresentation,1764332216.3098593,695.0945365428925,False
393,0,31,TargetRemoval,1764332216.4761431,695.2608194351196,True
394,0,31,TargetReappeared,1764332216.726024,695.5107009410858,False
395,0,31,LeftResponse,1764332217.4896052,696.2742822170258,False
396,0,32,FeedbackPeriodStarted,1764332217.510106,696.2947835922241,False
397,0,32,startFixDisplay,1764332217.5102565,696.2949323654175,False
398,0,32,startFixPeriod,1764332217.7807992,696.5654754638672,False
399,0,32,TargetPresentation,1764332218.800826,697.585503578186,False
400,0,32,TargetDisplacement,1764332218.9394858,697.7241621017456,True
401,0,32,LeftResponse,1764332219.9252157,698.7098922729492,False
402,0,33,FeedbackPeriodStarted,1764332219.9456515,698.7303259372711,False
403,0,33,startFixDisplay,1764332219.9457226,698.7303960323334,False
404,0,33,startFixPeriod,1764332220.139934,698.9246084690094,False
405,0,33,TargetPresentation,1764332221.0559123,699.8405866622925,False
406,0,33,TargetRemoval,1764332221.0627768,699.8474509716034,True
407,0,33,TargetReappeared,1764332221.3129373,700.0976140499115,False
408,0,33,RightResponse,1764332222.0554578,700.8401348590851,False
409,0,34,FeedbackPeriodStarted,1764332222.0690002,700.8536744117737,False
410,0,34,startFixDisplay,1764332222.0690646,700.8537383079529,False
411,0,34,startFixPeriod,1764332222.3952687,701.1799449920654,False
412,0,34,TargetPresentation,1764332222.9158251,701.7005021572113,False
413,0,34,TargetDisplacement,1764332223.0543115,701.8389854431152,True
414,0,34,LeftResponse,1764332224.1787052,702.9633803367615,False
415,0,35,FeedbackPeriodStarted,1764332224.1994402,702.9841175079346,False
416,0,35,startFixDisplay,1764332224.1996017,702.9842774868011,False
417,0,35,startFixPeriod,1764332224.4145095,703.1991863250732,False
418,0,35,TargetPresentation,1764332224.9904544,703.7751314640045,False
419,0,35,TargetDisplacement,1764332224.9974067,703.7820858955383,True
420,0,35,LeftResponse,1764332226.0524333,704.837110042572,False
421,0,36,FeedbackPeriodStarted,1764332226.0728648,704.8575420379639,False
422,0,36,startFixDisplay,1764332226.0730107,704.8576862812042,False
423,0,36,startFixPeriod,1764332226.3783863,705.1630635261536,False
424,0,36,TargetPresentation,1764332227.0720792,705.8567559719086,False
425,0,36,TargetRemoval,1764332227.217788,706.0024645328522,True
426,0,36,TargetReappeared,1764332227.4676101,706.2522871494293,False
427,0,36,RightResponse,1764332228.2381346,707.022810459137,False
428,0,36,FeedbackPeriodStarted,1764332228.244775,707.029452085495,False
429,0,37,startFixDisplay,1764332230.2501347,709.0348117351532,False
430,0,37,startFixPeriod,1764332230.2571135,709.041791677475,False
431,0,37,TargetPresentation,1764332231.4507463,710.2354211807251,False
432,0,37,TargetDisplacement,1764332231.589388,710.374064207077,True
433,0,37,LeftResponse,1764332232.5962365,711.3809139728546,False
434,0,38,FeedbackPeriodStarted,1764332232.623332,711.4080092906952,False
435,0,38,startFixDisplay,1764332232.6234696,711.4081432819366,False
436,0,38,startFixPeriod,1764332232.9842098,711.7688872814178,False
437,0,38,TargetPresentation,1764332233.9348483,712.7195253372192,False
438,0,38,TargetRemoval,1764332234.07363,712.8583040237427,True
439,0,38,TargetReappeared,1764332234.3234496,713.1081266403198,False
440,0,38,RightResponse,1764332234.8856838,713.6703605651855,False
441,0,39,FeedbackPeriodStarted,1764332234.9062567,713.6909332275391,False
442,0,39,startFixDisplay,1764332234.9064062,713.6910817623138,False
443,0,39,startFixPeriod,1764332235.3158088,714.1004858016968,False
444,0,39,TargetPresentation,1764332235.9887772,714.7734522819519,False
445,0,39,TargetDisplacement,1764332236.1413658,714.9260423183441,True
446,0,39,LeftResponse,1764332237.0786343,715.8633115291595,False
447,0,40,FeedbackPeriodStarted,1764332237.099027,715.8837044239044,False
448,0,40,startFixDisplay,1764332237.099186,715.8838617801666,False
449,0,40,startFixPeriod,1764332237.3281024,716.1127796173096,False
450,0,40,TargetPresentation,1764332238.3204398,717.1051154136658,False
451,0,40,TargetDisplacement,1764332238.4451401,717.2298169136047,True
452,0,40,RightResponse,1764332239.2366254,718.0213010311127,False
453,0,41,FeedbackPeriodStarted,1764332239.257028,718.0417046546936,False
454,0,41,startFixDisplay,1764332239.2571743,718.0418498516083,False
455,0,41,startFixPeriod,1764332239.4791553,718.2638323307037,False
456,0,41,TargetPresentation,1764332240.6797223,719.4643993377686,False
457,0,41,TargetRemoval,1764332240.6865966,719.4712710380554,True
458,0,41,TargetReappeared,1764332240.9363155,719.720992565155,False
459,0,41,RightResponse,1764332241.443132,720.227808713913,False
460,0,42,FeedbackPeriodStarted,1764332241.456826,720.241500377655,False
461,0,42,startFixDisplay,1764332241.4568944,720.2415680885315,False
462,0,42,startFixPeriod,1764332241.7275338,720.5122096538544,False
463,0,42,TargetPresentation,1764332242.3311458,721.115820646286,False
464,0,42,TargetRemoval,1764332242.4697318,721.2544057369232,True
465,0,42,TargetReappeared,1764332242.7197442,721.5044205188751,False
466,0,42,RightResponse,1764332243.3927612,722.1774542331696,False
467,0,42,FeedbackPeriodStarted,1764332243.3996382,722.184312582016,False
468,0,43,startFixDisplay,1764332245.405004,724.1896805763245,False
469,0,43,startFixPeriod,1764332245.411809,724.1964828968048,False
470,0,43,TargetPresentation,1764332246.903845,725.6885197162628,False
471,0,43,TargetRemoval,1764332247.0426772,725.827351808548,True
472,0,43,TargetReappeared,1764332247.2924247,726.0771014690399,False
473,0,43,LeftResponse,1764332248.01455,726.7992272377014,False
474,0,44,FeedbackPeriodStarted,1764332248.0349276,726.8196048736572,False
475,0,44,startFixDisplay,1764332248.0350804,726.8197560310364,False
476,0,44,startFixPeriod,1764332248.2154107,727.0000877380371,False
477,0,44,TargetPresentation,1764332248.944017,727.72869348526,False
478,0,44,TargetRemoval,1764332249.1104803,727.895156621933,True
479,0,44,TargetReappeared,1764332249.3603537,728.1450309753418,False
480,0,44,LeftResponse,1764332250.0337884,728.8184654712677,False
481,0,45,FeedbackPeriodStarted,1764332250.0543454,728.8390243053436,False
482,0,45,startFixDisplay,1764332250.0545082,728.8391835689545,False
483,0,45,startFixPeriod,1764332250.5537934,729.3384704589844,False
484,0,45,TargetPresentation,1764332251.4906912,730.2753658294678,False
485,0,45,TargetDisplacement,1764332251.6292794,730.4139533042908,True
486,0,45,RightResponse,1764332252.4624283,731.2471058368683,False
487,0,46,FeedbackPeriodStarted,1764332252.482733,731.2674074172974,False
488,0,46,startFixDisplay,1764332252.482802,731.267475605011,False
489,0,46,startFixPeriod,1764332252.8992033,731.6838798522949,False
490,0,46,TargetPresentation,1764332253.801412,732.5860893726349,False
491,0,46,TargetRemoval,1764332253.8084314,732.5931072235107,True
492,0,46,TargetReappeared,1764332254.0581532,732.8428301811218,False
493,0,46,RightResponse,1764332254.876913,733.6615877151489,False
494,0,47,FeedbackPeriodStarted,1764332254.8905892,733.6752636432648,False
495,0,47,startFixDisplay,1764332254.8906546,733.6753280162811,False
496,0,47,startFixPeriod,1764332255.2028887,733.9875640869141,False
497,0,47,TargetPresentation,1764332255.7789865,734.5636615753174,False
498,0,47,TargetDisplacement,1764332255.799719,734.5843963623047,True
499,0,47,RightResponse,1764332257.0975938,735.8822700977325,False
500,0,48,FeedbackPeriodStarted,1764332257.1182,735.9028744697571,False
501,0,48,startFixDisplay,1764332257.1183212,735.9029951095581,False
502,0,48,startFixPeriod,1764332257.7637265,736.5484116077423,False
503,0,48,TargetPresentation,1764332258.4019442,737.1866209506989,False
504,0,48,TargetDisplacement,1764332258.540601,737.3252785205841,True
505,0,48,LeftResponse,1764332259.23485,738.0195264816284,False
506,0,48,FeedbackPeriodStarted,1764332259.2414505,738.026127576828,False
507,0,49,startFixDisplay,1764332261.246805,740.0314819812775,False
508,0,49,startFixPeriod,1764332261.2537205,740.0383942127228,False
509,0,49,TargetPresentation,1764332262.0589898,740.843667268753,False
510,0,49,TargetDisplacement,1764332262.2113454,740.9960222244263,True
511,0,49,LeftResponse,1764332263.0513716,741.8360471725464,False
512,0,50,FeedbackPeriodStarted,1764332263.0717132,741.8563873767853,False
513,0,50,startFixDisplay,1764332263.0717819,741.8564555644989,False
514,0,50,startFixPeriod,1764332263.4812279,742.2659046649933,False
515,0,50,TargetPresentation,1764332264.7788448,743.5635199546814,False
516,0,50,TargetRemoval,1764332264.9314125,743.7160890102386,True
517,0,50,TargetReappeared,1764332265.181296,743.9659714698792,False
518,0,50,LeftResponse,1764332265.8686593,744.6533365249634,False
519,0,51,FeedbackPeriodStarted,1764332265.8821545,744.6668312549591,False
520,0,51,startFixDisplay,1764332265.8823462,744.667022228241,False
521,0,51,startFixPeriod,1764332266.2012966,744.9859735965729,False
522,0,51,TargetPresentation,1764332267.048021,745.832700252533,False
523,0,51,TargetRemoval,1764332267.1656966,745.9503703117371,True
524,0,51,TargetReappeared,1764332267.415674,746.2003486156464,False
525,0,51,RightResponse,1764332268.012793,746.7974700927734,False
526,0,52,FeedbackPeriodStarted,1764332268.0332465,746.8179233074188,False
527,0,52,startFixDisplay,1764332268.0333874,746.8180632591248,False
528,0,52,startFixPeriod,1764332268.3316984,747.1163733005524,False
529,0,52,TargetPresentation,1764332269.2059834,747.9906580448151,False
530,0,52,TargetDisplacement,1764332269.3378136,748.1224882602692,True
531,0,52,LeftResponse,1764332270.510813,749.2954893112183,False
532,0,53,FeedbackPeriodStarted,1764332270.5313196,749.3159971237183,False
533,0,53,startFixDisplay,1764332270.5314667,749.3161420822144,False
534,0,53,startFixPeriod,1764332270.76719,749.5518667697906,False
535,0,53,TargetPresentation,1764332271.4473321,750.2320094108582,False
536,0,53,TargetRemoval,1764332271.6137502,750.3984265327454,True
537,0,53,TargetReappeared,1764332271.8635604,750.648236989975,False
538,0,53,LeftResponse,1764332272.460727,751.2454040050507,False
539,0,54,FeedbackPeriodStarted,1764332272.4810946,751.2657704353333,False
540,0,54,startFixDisplay,1764332272.4811957,751.2658698558807,False
541,0,54,startFixPeriod,1764332272.7798357,751.5645136833191,False
542,0,54,TargetPresentation,1764332273.5428667,752.3275439739227,False
543,0,54,TargetDisplacement,1764332274.7918227,753.5764989852905,True
544,0,54,LeftResponse,1764332276.7905228,755.5751988887787,False
545,0,54,FeedbackPeriodStarted,1764332276.7972963,755.5819735527039,False
546,0,55,startFixDisplay,1764332278.802586,757.5872647762299,False
547,0,55,startFixPeriod,1764332278.8095496,757.5942258834839,False
548,0,55,TargetPresentation,1764332280.141795,758.9264695644379,False
549,0,55,TargetRemoval,1764332280.2806165,759.0652933120728,True
550,0,55,TargetReappeared,1764332280.5304294,759.3151063919067,False
551,0,55,LeftResponse,1764332281.1067405,759.8914148807526,False
552,0,56,FeedbackPeriodStarted,1764332281.1272545,759.9119324684143,False
553,0,56,startFixDisplay,1764332281.127414,759.9120895862579,False
554,0,56,startFixPeriod,1764332281.2452567,760.0299339294434,False
555,0,56,TargetPresentation,1764332281.793436,760.5781133174896,False
556,0,56,TargetDisplacement,1764332282.355339,761.1400153636932,True
557,0,56,RightResponse,1764332283.2231808,762.0078580379486,False
558,0,57,FeedbackPeriodStarted,1764332283.2366776,762.0213549137115,False
559,0,57,startFixDisplay,1764332283.2368293,762.0215046405792,False
560,0,57,startFixPeriod,1764332283.5073853,762.2920613288879,False
561,0,57,TargetPresentation,1764332284.4441078,763.228785276413,False
562,0,57,TargetDisplacement,1764332284.561989,763.3466656208038,True
563,0,57,LeftResponse,1764332285.291072,764.0757477283478,False
564,0,58,FeedbackPeriodStarted,1764332285.3113623,764.0960369110107,False
565,0,58,startFixDisplay,1764332285.311425,764.0960986614227,False
566,0,58,startFixPeriod,1764332285.6515622,764.4362637996674,False
567,0,58,TargetPresentation,1764332286.4355974,765.2202732563019,False
568,0,58,TargetRemoval,1764332286.5673394,765.3520159721375,True
569,0,58,TargetReappeared,1764332286.8172982,765.6019752025604,False
570,0,58,LeftResponse,1764332287.4212813,766.205958366394,False
571,0,59,FeedbackPeriodStarted,1764332287.4485517,766.2332260608673,False
572,0,59,startFixDisplay,1764332287.4486282,766.2333018779755,False
573,0,59,startFixPeriod,1764332287.6846936,766.4693737030029,False
574,0,59,TargetPresentation,1764332288.9754283,767.7601056098938,False
575,0,59,TargetDisplacement,1764332289.1210234,767.9057004451752,True
576,0,59,RightResponse,1764332289.8430185,768.6276960372925,False
577,0,60,FeedbackPeriodStarted,1764332289.8563764,768.6410508155823,False
578,0,60,startFixDisplay,1764332289.8564398,768.6411135196686,False
579,0,60,startFixPeriod,1764332290.272989,769.0576658248901,False
580,0,60,TargetPresentation,1764332291.1542459,769.9389233589172,False
581,0,60,TargetDisplacement,1764332291.3067732,770.0914497375488,True
582,0,60,LeftResponse,1764332292.132791,770.9174664020538,False
583,0,60,FeedbackPeriodStarted,1764332292.139494,770.9241697788239,False
584,0,61,startFixDisplay,1764332294.1447928,772.9294695854187,False
585,0,61,startFixPeriod,1764332294.1517098,772.9363858699799,False
586,0,61,TargetPresentation,1764332294.7625892,773.5472645759583,False
587,0,61,TargetDisplacement,1764332294.9149964,773.6996729373932,True
588,0,61,RightResponse,1764332296.0256484,774.8103246688843,False
589,0,62,FeedbackPeriodStarted,1764332296.0461197,774.8307964801788,False
590,0,62,startFixDisplay,1764332296.0462658,774.8309412002563,False
591,0,62,startFixPeriod,1764332296.3099632,775.094640493393,False
592,0,62,TargetPresentation,1764332297.1078918,775.8925688266754,False
593,0,62,TargetRemoval,1764332297.2605898,776.0452682971954,True
594,0,62,TargetReappeared,1764332297.510407,776.2950839996338,False
595,0,62,RightResponse,1764332298.2668855,777.0515606403351,False
596,0,63,FeedbackPeriodStarted,1764332298.2805195,777.0651965141296,False
597,0,63,startFixDisplay,1764332298.2807007,777.0653762817383,False
598,0,63,startFixPeriod,1764332298.4749238,777.259599685669,False
599,0,63,TargetPresentation,1764332299.071679,777.8563544750214,False
600,0,63,TargetRemoval,1764332299.2242038,778.0088801383972,True
601,0,63,TargetReappeared,1764332299.4741125,778.2587895393372,False
602,0,63,LeftResponse,1764332300.2168052,779.0014815330505,False
603,0,64,FeedbackPeriodStarted,1764332300.230357,779.015031337738,False
604,0,64,startFixDisplay,1764332300.2304814,779.0151555538177,False
605,0,64,startFixPeriod,1764332300.6329083,779.4175839424133,False
606,0,64,TargetPresentation,1764332301.7154312,780.5001084804535,False
607,0,64,TargetRemoval,1764332301.8610358,780.6457118988037,True
608,0,64,TargetReappeared,1764332302.11095,780.8956248760223,False
609,0,64,RightResponse,1764332302.923004,781.707679271698,False
610,0,65,FeedbackPeriodStarted,1764332302.9365993,781.7212736606598,False
611,0,65,startFixDisplay,1764332302.9366682,781.7213418483734,False
612,0,65,startFixPeriod,1764332303.172682,781.9573583602905,False
613,0,65,TargetPresentation,1764332303.693127,782.4778037071228,False
614,0,65,TargetRemoval,1764332303.7001462,782.484824180603,True
615,0,65,TargetReappeared,1764332303.9498858,782.7345628738403,False
616,0,65,RightResponse,1764332304.8313177,783.6159937381744,False
617,0,65,FeedbackPeriodStarted,1764332304.86562,783.650294303894,False
618,1,66,startFixDisplay,1764332370.1549408,848.9396152496338,False
619,1,66,startFixPeriod,1764332370.1619034,848.9465794563293,False
620,1,66,TargetPresentation,1764332370.9323888,849.7170658111572,False
621,1,66,TargetRemoval,1764332371.1056304,849.8903043270111,True
622,1,66,TargetReappeared,1764332371.3556328,850.1403086185455,False
623,1,66,LeftResponse,1764332372.001131,850.7858073711395,False
624,1,67,FeedbackPeriodStarted,1764332372.0216477,850.8063220977783,False
625,1,67,startFixDisplay,1764332372.0217226,850.8063962459564,False
626,1,67,startFixPeriod,1764332372.2715569,851.0562317371368,False
627,1,67,TargetPresentation,1764332373.5067267,852.2914040088654,False
628,1,67,TargetDisplacement,1764332373.6454077,852.4300844669342,True
629,1,67,RightResponse,1764332374.4437702,853.2284460067749,False
630,1,68,FeedbackPeriodStarted,1764332374.4571755,853.2418501377106,False
631,1,68,startFixDisplay,1764332374.4572432,853.2419168949127,False
632,1,68,startFixPeriod,1764332374.679415,853.4640901088715,False
633,1,68,TargetPresentation,1764332375.324619,854.1092963218689,False
634,1,68,TargetDisplacement,1764332375.3316045,854.1162824630737,True
635,1,68,LeftResponse,1764332376.3172736,855.1019508838654,False
636,1,69,FeedbackPeriodStarted,1764332376.3375957,855.1222705841064,False
637,1,69,startFixDisplay,1764332376.337668,855.1223413944244,False
638,1,69,startFixPeriod,1764332376.5527534,855.3374280929565,False
639,1,69,TargetPresentation,1764332377.5520399,856.3367173671722,False
640,1,69,TargetDisplacement,1764332377.5589466,856.3436236381531,True
641,1,69,LeftResponse,1764332378.4267492,857.2114245891571,False
642,1,70,FeedbackPeriodStarted,1764332378.447163,857.231840133667,False
643,1,70,startFixDisplay,1764332378.4473073,857.2319827079773,False
644,1,70,startFixPeriod,1764332378.62769,857.4123666286469,False
645,1,70,TargetPresentation,1764332379.5090303,858.2937083244324,False
646,1,70,TargetDisplacement,1764332379.6753852,858.460061788559,True
647,1,70,RightResponse,1764332380.4458466,859.2305209636688,False
648,1,71,FeedbackPeriodStarted,1764332380.4595246,859.2442014217377,False
649,1,71,startFixDisplay,1764332380.4597049,859.2443807125092,False
650,1,71,startFixPeriod,1764332380.7093923,859.4940671920776,False
651,1,71,TargetPresentation,1764332382.1111903,860.8958673477173,False
652,1,71,TargetDisplacement,1764332382.2566693,861.0413432121277,True
653,1,71,RightResponse,1764332383.2285383,862.0132138729095,False
654,1,72,FeedbackPeriodStarted,1764332383.248879,862.0335531234741,False
655,1,72,startFixDisplay,1764332383.2489984,862.0336723327637,False
656,1,72,startFixPeriod,1764332383.6724532,862.4571306705475,False
657,1,72,TargetPresentation,1764332384.40094,863.1856162548065,False
658,1,72,TargetDisplacement,1764332384.581289,863.365965127945,True
659,1,72,RightResponse,1764332385.3657708,864.1504468917847,False
660,1,72,FeedbackPeriodStarted,1764332385.3724878,864.1571621894836,False
661,1,73,startFixDisplay,1764332387.3776944,866.1623711585999,False
662,1,73,startFixPeriod,1764332387.5929518,866.3776285648346,False
663,1,73,TargetPresentation,1764332388.349317,867.1339917182922,False
664,1,73,TargetRemoval,1764332388.494978,867.2796552181244,True
665,1,73,TargetReappeared,1764332388.7448802,867.5295567512512,False
666,1,73,RightResponse,1764332389.3418636,868.1265394687653,False
667,1,74,FeedbackPeriodStarted,1764332389.3622756,868.1469526290894,False
668,1,74,startFixDisplay,1764332389.3624208,868.147096157074,False
669,1,74,startFixPeriod,1764332389.577601,868.3622789382935,False
670,1,74,TargetPresentation,1764332390.4587414,869.2434158325195,False
671,1,74,TargetRemoval,1764332390.6182432,869.4029200077057,True
672,1,74,TargetReappeared,1764332390.8682377,869.652914762497,False
673,1,74,RightResponse,1764332391.7496033,870.5342791080475,False
674,1,75,FeedbackPeriodStarted,1764332391.7701206,870.5547976493835,False
675,1,75,startFixDisplay,1764332391.770332,870.5550084114075,False
676,1,75,startFixPeriod,1764332392.0685828,870.8532600402832,False
677,1,75,TargetPresentation,1764332393.400925,872.1856002807617,False
678,1,75,TargetDisplacement,1764332393.5464268,872.3311007022858,True
679,1,75,RightResponse,1764332394.5667582,873.3514325618744,False
680,1,76,FeedbackPeriodStarted,1764332394.5873995,873.3720767498016,False
681,1,76,startFixDisplay,1764332394.5875483,873.3722233772278,False
682,1,76,startFixPeriod,1764332394.8164048,873.601081609726,False
683,1,76,TargetPresentation,1764332395.864213,874.6488902568817,False
684,1,76,TargetDisplacement,1764332396.016781,874.8014574050903,True
685,1,76,LeftResponse,1764332397.196787,875.981461763382,False
686,1,77,FeedbackPeriodStarted,1764332397.210439,875.9951179027557,False
687,1,77,startFixDisplay,1764332397.2106042,875.9952800273895,False
688,1,77,startFixPeriod,1764332397.5089037,876.2935817241669,False
689,1,77,TargetPresentation,1764332398.3207345,877.1054091453552,False
690,1,77,TargetDisplacement,1764332399.7846782,878.5693550109863,True
691,1,77,RightResponse,1764332400.7288609,879.5135369300842,False
692,1,78,FeedbackPeriodStarted,1764332400.749245,879.5339217185974,False
693,1,78,startFixDisplay,1764332400.7493877,879.5340631008148,False
694,1,78,startFixPeriod,1764332401.0756073,879.8602838516235,False
695,1,78,TargetPresentation,1764332402.0608644,880.8455390930176,False
696,1,78,TargetRemoval,1764332402.0955808,880.8802556991577,True
697,1,78,TargetReappeared,1764332402.3454158,881.1300928592682,False
698,1,78,LeftResponse,1764332403.1713374,881.9560148715973,False
699,1,78,FeedbackPeriodStarted,1764332403.1778924,881.9625687599182,False
700,1,79,startFixDisplay,1764332405.1832397,883.9679162502289,False
701,1,79,startFixPeriod,1764332405.1903327,883.9750094413757,False
702,1,79,TargetPresentation,1764332406.0577557,884.8424310684204,False
703,1,79,TargetDisplacement,1764332406.2103198,884.994993686676,True
704,1,79,LeftResponse,1764332407.2308085,886.0154860019684,False
705,1,80,FeedbackPeriodStarted,1764332407.2581277,886.0428047180176,False
706,1,80,startFixDisplay,1764332407.2583127,886.0429866313934,False
707,1,80,startFixPeriod,1764332407.4594216,886.2440981864929,False
708,1,80,TargetPresentation,1764332408.1880352,886.9727127552032,False
709,1,80,TargetRemoval,1764332408.347374,887.1320478916168,True
710,1,80,TargetReappeared,1764332408.597417,887.3820943832397,False
711,1,80,RightResponse,1764332409.048772,887.8334484100342,False
712,1,81,FeedbackPeriodStarted,1764332409.069141,887.8538179397583,False
713,1,81,startFixDisplay,1764332409.0692859,887.8539614677429,False
714,1,81,startFixPeriod,1764332409.1802266,887.9649033546448,False
715,1,81,TargetPresentation,1764332410.2279599,889.0126342773438,False
716,1,81,TargetRemoval,1764332410.3321505,889.1168282032013,True
717,1,81,TargetReappeared,1764332410.5819476,889.3666248321533,False
718,1,81,LeftResponse,1764332411.213607,889.998281955719,False
719,1,82,FeedbackPeriodStarted,1764332411.2342098,890.0188868045807,False
720,1,82,startFixDisplay,1764332411.2343378,890.019011259079,False
721,1,82,startFixPeriod,1764332411.5395339,890.3242099285126,False
722,1,82,TargetPresentation,1764332412.7538311,891.538507938385,False
723,1,82,TargetDisplacement,1764332412.927183,891.7118594646454,True
724,1,82,LeftResponse,1764332413.7950847,892.5797612667084,False
725,1,83,FeedbackPeriodStarted,1764332413.8154237,892.600100517273,False
726,1,83,startFixDisplay,1764332413.8155527,892.6002283096313,False
727,1,83,startFixPeriod,1764332414.3500164,893.1346943378448,False
728,1,83,TargetPresentation,1764332415.5988984,894.3835759162903,False
729,1,83,TargetRemoval,1764332415.793114,894.5777907371521,True
730,1,83,TargetReappeared,1764332416.04291,894.8275847434998,False
731,1,83,LeftResponse,1764332416.7232811,895.5079581737518,False
732,1,84,FeedbackPeriodStarted,1764332416.7437048,895.5283818244934,False
733,1,84,startFixDisplay,1764332416.74385,895.528525352478,False
734,1,84,startFixPeriod,1764332417.0214217,895.8060982227325,False
735,1,84,TargetPresentation,1764332418.249663,897.0343382358551,False
736,1,84,TargetDisplacement,1764332418.402203,897.1868801116943,True
737,1,84,LeftResponse,1764332419.4434998,898.2281913757324,False
738,1,84,FeedbackPeriodStarted,1764332419.4501243,898.234801530838,False
739,1,85,startFixDisplay,1764332421.4552875,900.2399644851685,False
740,1,85,startFixPeriod,1764332421.7676797,900.5523540973663,False
741,1,85,TargetPresentation,1764332422.9890466,901.7737236022949,False
742,1,85,TargetDisplacement,1764332423.1413915,901.9260656833649,True
743,1,85,RightResponse,1764332423.9537652,902.7384421825409,False
744,1,86,FeedbackPeriodStarted,1764332423.9740784,902.758752822876,False
745,1,86,startFixDisplay,1764332423.9741468,902.7588202953339,False
746,1,86,startFixPeriod,1764332424.2866821,903.0713584423065,False
747,1,86,TargetPresentation,1764332425.27887,904.0635461807251,False
748,1,86,TargetDisplacement,1764332425.4660246,904.2507014274597,True
749,1,86,LeftResponse,1764332426.3963418,905.1810188293457,False
750,1,87,FeedbackPeriodStarted,1764332426.4166749,905.2013490200043,False
751,1,87,startFixDisplay,1764332426.4167428,905.2014164924622,False
752,1,87,startFixPeriod,1764332426.6319466,905.4166233539581,False
753,1,87,TargetPresentation,1764332427.58939,906.3740644454956,False
754,1,87,TargetRemoval,1764332427.7212133,906.5058898925781,True
755,1,87,TargetReappeared,1764332427.9711857,906.7558629512787,False
756,1,87,LeftResponse,1764332428.60981,907.39448595047,False
757,1,88,FeedbackPeriodStarted,1764332428.6303153,907.4149930477142,False
758,1,88,startFixDisplay,1764332428.6304674,907.4151427745819,False
759,1,88,startFixPeriod,1764332428.9288218,907.7134990692139,False
760,1,88,TargetPresentation,1764332429.9279904,908.7126677036285,False
761,1,88,TargetDisplacement,1764332430.0736737,908.8583505153656,True
762,1,88,RightResponse,1764332431.0384676,909.8231415748596,False
763,1,89,FeedbackPeriodStarted,1764332431.0519047,909.8365790843964,False
764,1,89,startFixDisplay,1764332431.0519695,909.8366432189941,False
765,1,89,startFixPeriod,1764332431.2741122,910.058789730072,False
766,1,89,TargetPresentation,1764332431.9749522,910.7596278190613,False
767,1,89,TargetRemoval,1764332432.1344194,910.9190936088562,True
768,1,89,TargetReappeared,1764332432.3844926,911.1691670417786,False
769,1,89,LeftResponse,1764332433.2522244,912.0368995666504,False
770,1,90,FeedbackPeriodStarted,1764332433.2723932,912.0570676326752,False
771,1,90,startFixDisplay,1764332433.2724614,912.0571346282959,False
772,1,90,startFixPeriod,1764332433.6681173,912.4527940750122,False
773,1,90,TargetPresentation,1764332434.7158747,913.500551700592,False
774,1,90,TargetDisplacement,1764332434.8962705,913.680947303772,True
775,1,90,LeftResponse,1764332435.7083952,914.4930710792542,False
776,1,90,FeedbackPeriodStarted,1764332435.7150838,914.4997606277466,False
777,1,91,startFixDisplay,1764332437.720374,916.5050482749939,False
778,1,91,startFixPeriod,1764332437.7273593,916.5120360851288,False
779,1,91,TargetPresentation,1764332438.4698782,917.2545547485352,False
780,1,91,TargetDisplacement,1764332438.629372,917.4140458106995,True
781,1,91,RightResponse,1764332439.427701,918.2123765945435,False
782,1,92,FeedbackPeriodStarted,1764332439.4482458,918.2329227924347,False
783,1,92,startFixDisplay,1764332439.448373,918.2330467700958,False
784,1,92,startFixPeriod,1764332439.6703932,918.4550702571869,False
785,1,92,TargetPresentation,1764332440.4198627,919.2045388221741,False
786,1,92,TargetRemoval,1764332441.544228,920.3289048671722,True
787,1,92,TargetReappeared,1764332441.7936182,920.5782930850983,False
788,1,92,LeftResponse,1764332442.8489182,921.6335959434509,False
789,1,93,FeedbackPeriodStarted,1764332442.8691905,921.6538677215576,False
790,1,93,startFixDisplay,1764332442.8693433,921.6540188789368,False
791,1,93,startFixPeriod,1764332443.1052537,921.8899297714233,False
792,1,93,TargetPresentation,1764332444.5901463,923.3748230934143,False
793,1,93,TargetRemoval,1764332444.7357728,923.5204493999481,True
794,1,93,TargetReappeared,1764332444.985741,923.7704176902771,False
795,1,93,RightResponse,1764332445.693773,924.4784488677979,False
796,1,94,FeedbackPeriodStarted,1764332445.7141752,924.4988522529602,False
797,1,94,startFixDisplay,1764332445.7143216,924.4989972114563,False
798,1,94,startFixPeriod,1764332446.0127115,924.7973880767822,False
799,1,94,TargetPresentation,1764332446.8662581,925.6509351730347,False
800,1,94,TargetDisplacement,1764332446.99798,925.7826566696167,True
801,1,94,RightResponse,1764332448.1987712,926.9834463596344,False
802,1,95,FeedbackPeriodStarted,1764332448.2191596,927.0038363933563,False
803,1,95,startFixDisplay,1764332448.2193031,927.0039784908295,False
804,1,95,startFixPeriod,1764332448.670319,927.4549949169159,False
805,1,95,TargetPresentation,1764332449.4058223,928.1904966831207,False
806,1,95,TargetDisplacement,1764332449.5375862,928.3222634792328,True
807,1,95,LeftResponse,1764332450.6204922,929.4051673412323,False
808,1,96,FeedbackPeriodStarted,1764332450.6409519,929.4256291389465,False
809,1,96,startFixDisplay,1764332450.6411045,929.42577958107,False
810,1,96,startFixPeriod,1764332450.8837707,929.6684448719025,False
811,1,96,TargetPresentation,1764332451.6679907,930.4526681900024,False
812,1,96,TargetDisplacement,1764332451.8066347,930.5913112163544,True
813,1,96,LeftResponse,1764332453.1460037,931.9306783676147,False
814,1,96,FeedbackPeriodStarted,1764332453.1529887,931.937665939331,False
815,1,97,startFixDisplay,1764332455.1580732,933.942747592926,False
816,1,97,startFixPeriod,1764332455.1651003,933.9497766494751,False
817,1,97,TargetPresentation,1764332455.8939102,934.6785864830017,False
818,1,97,TargetRemoval,1764332456.0672436,934.8519201278687,True
819,1,97,TargetReappeared,1764332456.317308,935.1019852161407,False
820,1,97,RightResponse,1764332457.3236115,936.1082878112793,False
821,1,98,FeedbackPeriodStarted,1764332457.343996,936.1286730766296,False
822,1,98,startFixDisplay,1764332457.344141,936.1288163661957,False
823,1,98,startFixPeriod,1764332457.5313976,936.3160722255707,False
824,1,98,TargetPresentation,1764332458.5930245,937.3777012825012,False
825,1,98,TargetDisplacement,1764332458.7734292,937.5581057071686,True
826,1,98,LeftResponse,1764332459.7384098,938.5230865478516,False
827,1,99,FeedbackPeriodStarted,1764332459.75886,938.5435371398926,False
828,1,99,startFixDisplay,1764332459.7590098,938.5436851978302,False
829,1,99,startFixPeriod,1764332459.967172,938.7518482208252,False
830,1,99,TargetPresentation,1764332461.202096,939.9867730140686,False
831,1,99,TargetRemoval,1764332461.299284,940.0839607715607,True
832,1,99,TargetReappeared,1764332461.5491638,940.3338389396667,False
833,1,99,LeftResponse,1764332462.3752735,941.1599507331848,False
834,1,100,FeedbackPeriodStarted,1764332462.395651,941.1803278923035,False
835,1,100,startFixDisplay,1764332462.395799,941.1804745197296,False
836,1,100,startFixPeriod,1764332462.728926,941.5136032104492,False
837,1,100,TargetPresentation,1764332463.6517107,942.436386346817,False
838,1,100,TargetRemoval,1764332463.8112633,942.5959401130676,True
839,1,100,TargetReappeared,1764332464.0612102,942.8458878993988,False
840,1,100,LeftResponse,1764332464.6582143,943.4428904056549,False
841,1,101,FeedbackPeriodStarted,1764332464.6785553,943.4632320404053,False
842,1,101,startFixDisplay,1764332464.6786754,943.4633491039276,False
843,1,101,startFixPeriod,1764332464.9701974,943.7548747062683,False
844,1,101,TargetPresentation,1764332465.7819586,944.5666358470917,False
845,1,101,TargetDisplacement,1764332465.8026125,944.5872867107391,True
846,1,101,RightResponse,1764332466.906128,945.6908023357391,False
847,1,102,FeedbackPeriodStarted,1764332466.919789,945.7044634819031,False
848,1,102,startFixDisplay,1764332466.9198527,945.704526424408,False
849,1,102,startFixPeriod,1764332467.1907115,945.9753885269165,False
850,1,102,TargetPresentation,1764332468.1065495,946.8912267684937,False
851,1,102,TargetDisplacement,1764332468.286858,947.0715317726135,True
852,1,102,LeftResponse,1764332469.1407485,947.9254243373871,False
853,1,102,FeedbackPeriodStarted,1764332469.1473224,947.931999206543,False
854,1,103,startFixDisplay,1764332471.1526616,949.9373383522034,False
855,1,103,startFixPeriod,1764332471.1595292,949.9442031383514,False
856,1,103,TargetPresentation,1764332472.4712648,951.2559416294098,False
857,1,103,TargetDisplacement,1764332472.616806,951.4014828205109,True
858,1,103,LeftResponse,1764332473.5400007,952.3246757984161,False
859,1,104,FeedbackPeriodStarted,1764332473.5673938,952.3520684242249,False
860,1,104,startFixDisplay,1764332473.5675209,952.3521947860718,False
861,1,104,startFixPeriod,1764332473.8657613,952.6504361629486,False
862,1,104,TargetPresentation,1764332475.3578174,954.1424949169159,False
863,1,104,TargetRemoval,1764332475.496499,954.2811753749847,True
864,1,104,TargetReappeared,1764332475.7464523,954.531129360199,False
865,1,104,RightResponse,1764332476.5031564,955.2878334522247,False
866,1,105,FeedbackPeriodStarted,1764332476.5235553,955.3082327842712,False
867,1,105,startFixDisplay,1764332476.5237641,955.3084399700165,False
868,1,105,startFixPeriod,1764332476.7526755,955.5373530387878,False
869,1,105,TargetPresentation,1764332477.6684988,956.4531757831573,False
870,1,105,TargetRemoval,1764332477.9461603,956.730838060379,True
871,1,105,TargetReappeared,1764332478.1960113,956.9806883335114,False
872,1,105,LeftResponse,1764332479.0496578,957.834333896637,False
873,1,106,FeedbackPeriodStarted,1764332479.0702264,957.8549032211304,False
874,1,106,startFixDisplay,1764332479.070371,957.8550462722778,False
875,1,106,startFixPeriod,1764332479.701767,958.4864418506622,False
876,1,106,TargetPresentation,1764332480.312331,959.0970079898834,False
877,1,106,TargetDisplacement,1764332480.4926567,959.2773330211639,True
878,1,106,RightResponse,1764332481.6585014,960.4431757926941,False
879,1,107,FeedbackPeriodStarted,1764332481.6725028,960.457177400589,False
880,1,107,startFixDisplay,1764332481.6726348,960.4573090076447,False
881,1,107,startFixPeriod,1764332481.9359639,960.7206394672394,False
882,1,107,TargetPresentation,1764332483.4001355,962.1848125457764,False
883,1,107,TargetRemoval,1764332483.5526922,962.3373684883118,True
884,1,107,TargetReappeared,1764332483.8027613,962.5874381065369,False
885,1,107,LeftResponse,1764332484.8166897,963.6013646125793,False
886,1,108,FeedbackPeriodStarted,1764332484.8364794,963.6211562156677,False
887,1,108,startFixDisplay,1764332484.8366535,963.621328830719,False
888,1,108,startFixPeriod,1764332485.017075,963.8017520904541,False
889,1,108,TargetPresentation,1764332486.5089707,965.2936477661133,False
890,1,108,TargetRemoval,1764332486.6545973,965.4392755031586,True
891,1,108,TargetReappeared,1764332486.9044158,965.6890902519226,False
892,1,108,RightResponse,1764332487.8620524,966.6467266082764,False
893,1,108,FeedbackPeriodStarted,1764332487.8690174,966.6536943912506,False
894,1,109,startFixDisplay,1764332489.874455,968.6591296195984,False
895,1,109,startFixPeriod,1764332490.318503,969.1031799316406,False
896,1,109,TargetPresentation,1764332491.2968235,970.0814990997314,False
897,1,109,TargetRemoval,1764332491.4353383,970.2200119495392,True
898,1,109,TargetReappeared,1764332491.685272,970.4699487686157,False
899,1,109,LeftResponse,1764332492.3934374,971.1781146526337,False
900,1,110,FeedbackPeriodStarted,1764332492.4139183,971.1985950469971,False
901,1,110,startFixDisplay,1764332492.4141467,971.1988227367401,False
902,1,110,startFixPeriod,1764332492.7817795,971.5664548873901,False
903,1,110,TargetPresentation,1764332493.9683554,972.7530326843262,False
904,1,110,TargetDisplacement,1764332494.1000948,972.8847713470459,True
905,1,110,RightResponse,1764332495.1897957,973.9744701385498,False
906,1,111,FeedbackPeriodStarted,1764332495.2103448,973.9950213432312,False
907,1,111,startFixDisplay,1764332495.210491,973.9951663017273,False
908,1,111,startFixPeriod,1764332495.4255438,974.2102208137512,False
909,1,111,TargetPresentation,1764332496.2443645,975.0290415287018,False
910,1,111,TargetDisplacement,1764332496.3969696,975.1816463470459,True
911,1,111,RightResponse,1764332497.2438698,976.0285472869873,False
912,1,112,FeedbackPeriodStarted,1764332497.2643087,976.0489857196808,False
913,1,112,startFixDisplay,1764332497.2644465,976.0491218566895,False
914,1,112,startFixPeriod,1764332497.4656975,976.250373840332,False
915,1,112,TargetPresentation,1764332498.2845132,977.0691905021667,False
916,1,112,TargetDisplacement,1764332498.443833,977.2285070419312,True
917,1,112,RightResponse,1764332499.2489562,978.0336306095123,False
918,1,113,FeedbackPeriodStarted,1764332499.2696636,978.0543403625488,False
919,1,113,startFixDisplay,1764332499.2698188,978.0544943809509,False
920,1,113,startFixPeriod,1764332499.4918919,978.2765691280365,False
921,1,113,TargetPresentation,1764332500.78956,979.5742349624634,False
922,1,113,TargetDisplacement,1764332500.9557817,979.7404553890228,True
923,1,113,LeftResponse,1764332502.010998,980.7956740856171,False
924,1,114,FeedbackPeriodStarted,1764332502.0314188,980.81609582901,False
925,1,114,startFixDisplay,1764332502.0315642,980.8162612915039,False
926,1,114,startFixPeriod,1764332502.4132433,981.1979205608368,False
927,1,114,TargetPresentation,1764332502.9128003,981.6974747180939,False
928,1,114,TargetDisplacement,1764332503.0930853,981.8777620792389,True
929,1,114,RightResponse,1764332504.0230649,982.8077392578125,False
930,1,114,FeedbackPeriodStarted,1764332504.0298867,982.8145611286163,False
931,1,115,startFixDisplay,1764332506.0421581,984.8268344402313,False
932,1,115,startFixPeriod,1764332506.2921517,985.0768291950226,False
933,1,115,TargetPresentation,1764332507.5688765,986.3535513877869,False
934,1,115,TargetRemoval,1764332507.721375,986.5060527324677,True
935,1,115,TargetReappeared,1764332507.971314,986.7559909820557,False
936,1,115,LeftResponse,1764332509.1859303,987.9706087112427,False
937,1,116,FeedbackPeriodStarted,1764332509.2064056,987.991082906723,False
938,1,116,startFixDisplay,1764332509.2065582,987.9912338256836,False
939,1,116,startFixPeriod,1764332509.4216027,988.2062819004059,False
940,1,116,TargetPresentation,1764332509.9628105,988.7474858760834,False
941,1,116,TargetDisplacement,1764332509.983497,988.7681713104248,True
942,1,116,RightResponse,1764332511.038803,989.8234794139862,False
943,1,117,FeedbackPeriodStarted,1764332511.059111,989.8437883853912,False
944,1,117,startFixDisplay,1764332511.059266,989.8439419269562,False
945,1,117,startFixPeriod,1764332511.0660012,989.8506779670715,False
946,1,117,TargetPresentation,1764332512.134689,990.9193661212921,False
947,1,117,TargetRemoval,1764332513.5154557,992.3001322746277,True
948,1,117,TargetReappeared,1764332513.7654254,992.5501029491425,False
949,1,117,LeftResponse,1764332514.6259847,993.4106600284576,False
950,1,118,FeedbackPeriodStarted,1764332514.6465545,993.4312314987183,False
951,1,118,startFixDisplay,1764332514.6467183,993.4313938617706,False
952,1,118,startFixPeriod,1764332514.8410032,993.6256835460663,False
953,1,118,TargetPresentation,1764332515.7915921,994.5762696266174,False
954,1,118,TargetDisplacement,1764332516.749036,995.533712387085,True
955,1,118,RightResponse,1764332516.936871,995.72154545784,False
956,1,119,FeedbackPeriodStarted,1764332516.957243,995.7419197559357,False
957,1,119,startFixDisplay,1764332516.9573836,995.7420587539673,False
958,1,119,startFixPeriod,1764332517.283492,996.0681684017181,False
959,1,119,TargetPresentation,1764332518.0327215,996.8173959255219,False
960,1,119,TargetRemoval,1764332518.1923492,996.9770255088806,True
961,1,119,TargetReappeared,1764332518.4422717,997.2269487380981,False
962,1,119,LeftResponse,1764332519.1155326,997.9002072811127,False
963,1,120,FeedbackPeriodStarted,1764332519.1360357,997.9207100868225,False
964,1,120,startFixDisplay,1764332519.136103,997.9207766056061,False
965,1,120,startFixPeriod,1764332519.275057,998.0597343444824,False
966,1,120,TargetPresentation,1764332520.5865014,999.3711783885956,False
967,1,120,TargetDisplacement,1764332520.711246,999.4959223270416,True
968,1,120,LeftResponse,1764332521.641454,1000.4261295795441,False
969,1,120,FeedbackPeriodStarted,1764332521.6480696,1000.4327466487885,False
970,1,121,startFixDisplay,1764332523.6533477,1002.438022851944,False
971,1,121,startFixPeriod,1764332524.0768716,1002.8615472316742,False
972,1,121,TargetPresentation,1764332525.1454937,1003.9301688671112,False
973,1,121,TargetRemoval,1764332525.3048568,1004.0895307064056,True
974,1,121,TargetReappeared,1764332525.5549483,1004.3396253585815,False
975,1,121,LeftResponse,1764332526.6931105,1005.4777863025665,False
976,1,122,FeedbackPeriodStarted,1764332526.7135913,1005.4982688426971,False
977,1,122,startFixDisplay,1764332526.7137291,1005.4984042644501,False
978,1,122,startFixPeriod,1764332526.8941705,1005.678848028183,False
979,1,122,TargetPresentation,1764332527.9833784,1006.7680554389954,False
980,1,122,TargetDisplacement,1764332528.1569188,1006.9415953159332,True
981,1,122,LeftResponse,1764332529.17714,1007.9618153572083,False
982,1,123,FeedbackPeriodStarted,1764332529.1977177,1007.982394695282,False
983,1,123,startFixDisplay,1764332529.197893,1007.9825665950775,False
984,1,123,startFixPeriod,1764332529.392137,1008.1768140792847,False
985,1,123,TargetPresentation,1764332530.4053109,1009.1899881362915,False
986,1,123,TargetDisplacement,1764332530.578572,1009.3632457256317,True
987,1,123,RightResponse,1764332532.265106,1011.0497815608978,False
988,1,124,FeedbackPeriodStarted,1764332532.285654,1011.0703310966492,False
989,1,124,startFixDisplay,1764332532.2858076,1011.0704832077026,False
990,1,124,startFixPeriod,1764332532.493904,1011.2785797119141,False
991,1,124,TargetPresentation,1764332533.548419,1012.3330936431885,False
992,1,124,TargetRemoval,1764332533.6943243,1012.479001045227,True
993,1,124,TargetReappeared,1764332533.9442213,1012.7288987636566,False
994,1,124,LeftResponse,1764332535.0338514,1013.8185284137726,False
995,1,125,FeedbackPeriodStarted,1764332535.0542657,1013.8389427661896,False
996,1,125,startFixDisplay,1764332535.0544105,1013.839085817337,False
997,1,125,startFixPeriod,1764332535.2486763,1014.0333511829376,False
998,1,125,TargetPresentation,1764332535.7483704,1014.5330471992493,False
999,1,125,TargetRemoval,1764332537.191505,1015.9761815071106,True
1000,1,125,TargetReappeared,1764332537.44149,1016.2261672019958,False
1001,1,125,LeftResponse,1764332538.4894814,1017.2741584777832,False
1002,1,126,FeedbackPeriodStarted,1764332538.5098932,1017.2945702075958,False
1003,1,126,startFixDisplay,1764332538.5100863,1017.294762134552,False
1004,1,126,startFixPeriod,1764332538.7113383,1017.496015548706,False
1005,1,126,TargetPresentation,1764332539.6134074,1018.3980846405029,False
1006,1,126,TargetDisplacement,1764332539.779735,1018.5644116401672,True
1007,1,126,RightResponse,1764332540.8624935,1019.6471679210663,False
1008,1,126,FeedbackPeriodStarted,1764332540.8691664,1019.653843164444,False
1009,1,127,startFixDisplay,1764332542.8744338,1021.6591079235077,False
1010,1,127,startFixPeriod,1764332542.8814216,1021.6660957336426,False
1011,1,127,TargetPresentation,1764332544.2624211,1023.0470960140228,False
1012,1,127,TargetDisplacement,1764332544.4079473,1023.1926212310791,True
1013,1,127,RightResponse,1764332545.220493,1024.005169391632,False
1014,1,128,FeedbackPeriodStarted,1764332545.2407992,1024.0254759788513,False
1015,1,128,startFixDisplay,1764332545.2409437,1024.0256190299988,False
1016,1,128,startFixPeriod,1764332545.4212656,1024.2059426307678,False
1017,1,128,TargetPresentation,1764332546.1152492,1024.8999264240265,False
1018,1,128,TargetDisplacement,1764332546.2955952,1025.0802721977234,True
1019,1,128,LeftResponse,1764332546.9482992,1025.7329761981964,False
1020,1,129,FeedbackPeriodStarted,1764332546.9684818,1025.7531561851501,False
1021,1,129,startFixDisplay,1764332546.9685454,1025.7532188892365,False
1022,1,129,startFixPeriod,1764332547.2393749,1026.0240519046783,False
1023,1,129,TargetPresentation,1764332548.3704967,1027.1551735401154,False
1024,1,129,TargetRemoval,1764332550.223022,1029.0076982975006,True
1025,1,129,TargetReappeared,1764332550.4730132,1029.2576899528503,False
1026,1,129,LeftResponse,1764332551.2712784,1030.055954694748,False
1027,1,130,FeedbackPeriodStarted,1764332551.2916331,1030.0763075351715,False
1028,1,130,startFixDisplay,1764332551.2917068,1030.0763804912567,False
1029,1,130,startFixPeriod,1764332551.4514115,1030.236085653305,False
1030,1,130,TargetPresentation,1764332552.034236,1030.8189129829407,False
1031,1,130,TargetDisplacement,1764332552.2145152,1030.9991912841797,True
1032,1,130,LeftResponse,1764332553.1586094,1031.9432847499847,False
1033,1,131,FeedbackPeriodStarted,1764332553.179054,1031.9637305736542,False
1034,1,131,startFixDisplay,1764332553.1792586,1031.9639346599579,False
1035,1,131,startFixPeriod,1764332553.36642,1032.1510944366455,False
1036,1,131,TargetPresentation,1764332554.4003744,1033.1850509643555,False
1037,1,131,TargetRemoval,1764332554.5530286,1033.3377048969269,True
1038,1,131,TargetReappeared,1764332554.8029482,1033.5876250267029,False
1039,1,131,RightResponse,1764332555.3235111,1034.1081862449646,False
1040,1,131,FeedbackPeriodStarted,1764332555.3647184,1034.1493923664093,False
1041,2,132,startFixDisplay,1764332612.251087,1091.0357632637024,False
1042,2,132,startFixPeriod,1764332612.25808,1091.0427565574646,False
1043,2,132,TargetPresentation,1764332613.3475592,1092.1322362422943,False
1044,2,132,TargetDisplacement,1764332613.507042,1092.2917189598083,True
1045,2,132,LeftResponse,1764332613.9724255,1092.7570996284485,False
1046,2,133,FeedbackPeriodStarted,1764332613.9926913,1092.7773654460907,False
1047,2,133,startFixDisplay,1764332613.9927523,1092.7774260044098,False
1048,2,133,startFixPeriod,1764332614.2635493,1093.0482263565063,False
1049,2,133,TargetPresentation,1764332614.915709,1093.7003836631775,False
1050,2,133,TargetDisplacement,1764332615.0822713,1093.8669476509094,True
1051,2,133,LeftResponse,1764332615.6792028,1094.463877439499,False
1052,2,134,FeedbackPeriodStarted,1764332615.6997662,1094.484442949295,False
1053,2,134,startFixDisplay,1764332615.699908,1094.4845833778381,False
1054,2,134,startFixPeriod,1764332615.922099,1094.706776380539,False
1055,2,134,TargetPresentation,1764332616.442368,1095.2270448207855,False
1056,2,134,TargetDisplacement,1764332616.5877812,1095.3724551200867,True
1057,2,134,RightResponse,1764332617.2684278,1096.0531039237976,False
1058,2,135,FeedbackPeriodStarted,1764332617.2888188,1096.0734956264496,False
1059,2,135,startFixDisplay,1764332617.2889519,1096.0736272335052,False
1060,2,135,startFixPeriod,1764332617.5596414,1096.3443176746368,False
1061,2,135,TargetPresentation,1764332618.850119,1097.6347937583923,False
1062,2,135,TargetDisplacement,1764332618.995708,1097.7803976535797,True
1063,2,135,LeftResponse,1764332619.5858948,1098.370569229126,False
1064,2,136,FeedbackPeriodStarted,1764332619.6065207,1098.3911981582642,False
1065,2,136,startFixDisplay,1764332619.6067014,1098.391377210617,False
1066,2,136,startFixPeriod,1764332619.8217099,1098.606386423111,False
1067,2,136,TargetPresentation,1764332621.2996635,1100.0843410491943,False
1068,2,136,TargetDisplacement,1764332621.452227,1100.2369034290314,True
1069,2,136,LeftResponse,1764332622.4450226,1101.2296986579895,False
1070,2,137,FeedbackPeriodStarted,1764332622.4652915,1101.2499678134918,False
1071,2,137,startFixDisplay,1764332622.4654272,1101.2501027584076,False
1072,2,137,startFixPeriod,1764332622.6388288,1101.423504114151,False
1073,2,137,TargetPresentation,1764332623.7491045,1102.5337808132172,False
1074,2,137,TargetRemoval,1764332623.9225185,1102.7071950435638,True
1075,2,137,TargetReappeared,1764332624.1725092,1102.9571871757507,False
1076,2,137,LeftResponse,1764332624.7972896,1103.5819659233093,False
1077,2,138,FeedbackPeriodStarted,1764332624.8177469,1103.6024224758148,False
1078,2,138,startFixDisplay,1764332624.8178556,1103.602530002594,False
1079,2,138,startFixPeriod,1764332625.1438584,1103.9285328388214,False
1080,2,138,TargetPresentation,1764332625.7615037,1104.5461869239807,False
1081,2,138,TargetDisplacement,1764332625.9903562,1104.7750327587128,True
1082,2,138,RightResponse,1764332626.9134195,1105.698094367981,False
1083,2,138,FeedbackPeriodStarted,1764332626.9200866,1105.7047617435455,False
1084,2,139,startFixDisplay,1764332628.9254167,1107.710090637207,False
1085,2,139,startFixPeriod,1764332628.9325042,1107.7171807289124,False
1086,2,139,TargetPresentation,1764332630.1330938,1108.9177703857422,False
1087,2,139,TargetDisplacement,1764332630.2716837,1109.056357383728,True
1088,2,139,RightResponse,1764332631.1672611,1109.951937675476,False
1089,2,140,FeedbackPeriodStarted,1764332631.1877143,1109.9723908901215,False
1090,2,140,startFixDisplay,1764332631.1878395,1109.972512960434,False
1091,2,140,startFixPeriod,1764332631.4584806,1110.2431573867798,False
1092,2,140,TargetPresentation,1764332632.4368453,1111.221519947052,False
1093,2,140,TargetDisplacement,1764332632.616974,1111.4016478061676,True
1094,2,140,LeftResponse,1764332633.6306357,1112.4153108596802,False
1095,2,141,FeedbackPeriodStarted,1764332633.6510704,1112.4357478618622,False
1096,2,141,startFixDisplay,1764332633.651217,1112.435891866684,False
1097,2,141,startFixPeriod,1764332633.8663368,1112.6510136127472,False
1098,2,141,TargetPresentation,1764332634.372894,1113.1575696468353,False
1099,2,141,TargetDisplacement,1764332634.5601058,1113.3447823524475,True
1100,2,141,RightResponse,1764332635.2751462,1114.0598225593567,False
1101,2,142,FeedbackPeriodStarted,1764332635.295633,1114.0803179740906,False
1102,2,142,startFixDisplay,1764332635.2957945,1114.0804696083069,False
1103,2,142,startFixPeriod,1764332635.489992,1114.274668455124,False
1104,2,142,TargetPresentation,1764332636.3713236,1115.1560006141663,False
1105,2,142,TargetDisplacement,1764332637.8838253,1116.6684999465942,True
1106,2,142,RightResponse,1764332638.1824043,1116.9670786857605,False
1107,2,143,FeedbackPeriodStarted,1764332638.2030697,1116.9877467155457,False
1108,2,143,startFixDisplay,1764332638.2032154,1116.9878907203674,False
1109,2,143,startFixPeriod,1764332638.4460082,1117.2306838035583,False
1110,2,143,TargetPresentation,1764332639.403741,1118.1884162425995,False
1111,2,143,TargetDisplacement,1764332639.5839272,1118.3686032295227,True
1112,2,143,RightResponse,1764332640.3754833,1119.16015958786,False
1113,2,144,FeedbackPeriodStarted,1764332640.395788,1119.1804647445679,False
1114,2,144,startFixDisplay,1764332640.395921,1119.1805963516235,False
1115,2,144,startFixPeriod,1764332640.4305172,1119.2151939868927,False
1116,2,144,TargetPresentation,1764332641.256349,1120.0410265922546,False
1117,2,144,TargetDisplacement,1764332641.4504488,1120.2351224422455,True
1118,2,144,LeftResponse,1764332642.0823245,1120.867000579834,False
1119,2,144,FeedbackPeriodStarted,1764332642.0890155,1120.8736922740936,False
1120,2,145,startFixDisplay,1764332644.0946681,1122.879341840744,False
1121,2,145,startFixPeriod,1764332644.1011684,1122.885844707489,False
1122,2,145,TargetPresentation,1764332644.8992004,1123.6838772296906,False
1123,2,145,TargetRemoval,1764332645.0587473,1123.8434212207794,True
1124,2,145,TargetReappeared,1764332645.3085368,1124.093211889267,False
1125,2,145,RightResponse,1764332645.981902,1124.7665758132935,False
1126,2,146,FeedbackPeriodStarted,1764332646.002611,1124.7872891426086,False
1127,2,146,startFixDisplay,1764332646.0027707,1124.7874460220337,False
1128,2,146,startFixPeriod,1764332646.2940645,1125.078741312027,False
1129,2,146,TargetPresentation,1764332647.563863,1126.348537683487,False
1130,2,146,TargetDisplacement,1764332647.709375,1126.494048833847,True
1131,2,146,RightResponse,1764332648.743883,1127.5285577774048,False
1132,2,147,FeedbackPeriodStarted,1764332648.7642572,1127.5489342212677,False
1133,2,147,startFixDisplay,1764332648.7644007,1127.5490760803223,False
1134,2,147,startFixPeriod,1764332648.986283,1127.7709596157074,False
1135,2,147,TargetPresentation,1764332649.8607652,1128.6454417705536,False
1136,2,147,TargetDisplacement,1764332650.041139,1128.82581615448,True
1137,2,147,RightResponse,1764332650.9504983,1129.7351744174957,False
1138,2,148,FeedbackPeriodStarted,1764332650.9708357,1129.755509853363,False
1139,2,148,startFixDisplay,1764332650.9709036,1129.7555770874023,False
1140,2,148,startFixPeriod,1764332651.2554705,1130.0401475429535,False
1141,2,148,TargetPresentation,1764332652.5668654,1131.3515405654907,False
1142,2,148,TargetDisplacement,1764332652.7196045,1131.5042834281921,True
1143,2,148,LeftResponse,1764332653.5802023,1132.36487698555,False
1144,2,149,FeedbackPeriodStarted,1764332653.6007967,1132.3854734897614,False
1145,2,149,startFixDisplay,1764332653.6009386,1132.3856139183044,False
1146,2,149,startFixPeriod,1764332653.767449,1132.5521259307861,False
1147,2,149,TargetPresentation,1764332655.0165136,1133.8011903762817,False
1148,2,149,TargetDisplacement,1764332655.1827657,1133.9674396514893,True
1149,2,149,RightResponse,1764332655.932657,1134.7173323631287,False
1150,2,150,FeedbackPeriodStarted,1764332655.9531434,1134.737820148468,False
1151,2,150,startFixDisplay,1764332655.9532845,1134.7379598617554,False
1152,2,150,startFixPeriod,1764332656.2239535,1135.0086302757263,False
1153,2,150,TargetPresentation,1764332656.785913,1135.570590019226,False
1154,2,150,TargetDisplacement,1764332656.9314647,1135.7161412239075,True
1155,2,150,LeftResponse,1764332657.6811452,1136.4658203125,False
1156,2,150,FeedbackPeriodStarted,1764332657.6879208,1136.4725952148438,False
1157,2,151,startFixDisplay,1764332659.6931508,1138.4778254032135,False
1158,2,151,startFixPeriod,1764332659.7001283,1138.4848041534424,False
1159,2,151,TargetPresentation,1764332660.2138307,1138.9985072612762,False
1160,2,151,TargetDisplacement,1764332661.7056074,1140.4902846813202,True
1161,2,151,RightResponse,1764332662.1987004,1140.9833755493164,False
1162,2,152,FeedbackPeriodStarted,1764332662.2190447,1141.0037214756012,False
1163,2,152,startFixDisplay,1764332662.2191844,1141.0038595199585,False
1164,2,152,startFixPeriod,1764332662.3924963,1141.1771721839905,False
1165,2,152,TargetPresentation,1764332662.9546738,1141.73934841156,False
1166,2,152,TargetRemoval,1764332663.4402685,1142.2249445915222,True
1167,2,152,TargetReappeared,1764332663.6902943,1142.4749715328217,False
1168,2,152,RightResponse,1764332664.3567362,1143.1414127349854,False
1169,2,153,FeedbackPeriodStarted,1764332664.3770707,1143.1617472171783,False
1170,2,153,startFixDisplay,1764332664.3772132,1143.1618881225586,False
1171,2,153,startFixPeriod,1764332664.5992837,1143.383960723877,False
1172,2,153,TargetPresentation,1764332665.161299,1143.9459755420685,False
1173,2,153,TargetDisplacement,1764332666.5697968,1145.3544731140137,True
1174,2,153,LeftResponse,1764332667.3057463,1146.0904228687286,False
1175,2,154,FeedbackPeriodStarted,1764332667.3260946,1146.1107695102692,False
1176,2,154,startFixDisplay,1764332667.3261611,1146.1108348369598,False
1177,2,154,startFixPeriod,1764332667.5136945,1146.2983696460724,False
1178,2,154,TargetPresentation,1764332668.3879423,1147.1726191043854,False
1179,2,154,TargetDisplacement,1764332668.5544462,1147.3391227722168,True
1180,2,154,RightResponse,1764332669.4498577,1148.234533071518,False
1181,2,155,FeedbackPeriodStarted,1764332669.4703467,1148.255023241043,False
1182,2,155,startFixDisplay,1764332669.4704885,1148.2551634311676,False
1183,2,155,startFixPeriod,1764332669.6578968,1148.442570924759,False
1184,2,155,TargetPresentation,1764332670.275394,1149.060068845749,False
1185,2,155,TargetDisplacement,1764332670.4209976,1149.2056739330292,True
1186,2,155,RightResponse,1764332671.4412322,1150.2259068489075,False
1187,2,156,FeedbackPeriodStarted,1764332671.4619615,1150.2466390132904,False
1188,2,156,startFixDisplay,1764332671.4621162,1150.2467918395996,False
1189,2,156,startFixPeriod,1764332671.6770556,1150.4617319107056,False
1190,2,156,TargetPresentation,1764332672.7527177,1151.5373947620392,False
1191,2,156,TargetDisplacement,1764332672.8981428,1151.6828165054321,True
1192,2,156,LeftResponse,1764332673.8907819,1152.6754562854767,False
1193,2,156,FeedbackPeriodStarted,1764332673.8976018,1152.6822764873505,False
1194,2,157,startFixDisplay,1764332675.902686,1154.687360048294,False
1195,2,157,startFixPeriod,1764332676.145812,1154.9305012226105,False
1196,2,157,TargetPresentation,1764332677.5127764,1156.2974531650543,False
1197,2,157,TargetDisplacement,1764332677.6861267,1156.4708030223846,True
1198,2,157,RightResponse,1764332678.498459,1157.2831361293793,False
1199,2,158,FeedbackPeriodStarted,1764332678.5188475,1157.303524017334,False
1200,2,158,startFixDisplay,1764332678.5189817,1157.3036570549011,False
1201,2,158,startFixPeriod,1764332678.7063446,1157.4910216331482,False
1202,2,158,TargetPresentation,1764332680.1705236,1158.955200433731,False
1203,2,158,TargetRemoval,1764332680.3230565,1159.1077325344086,True
1204,2,158,TargetReappeared,1764332680.5729055,1159.3575820922852,False
1205,2,158,LeftResponse,1764332681.2254162,1160.0100922584534,False
1206,2,159,FeedbackPeriodStarted,1764332681.2458951,1160.0305695533752,False
1207,2,159,startFixDisplay,1764332681.2459567,1160.030630350113,False
1208,2,159,startFixPeriod,1764332681.468105,1160.2527828216553,False
1209,2,159,TargetPresentation,1764332682.5366244,1161.321300983429,False
1210,2,159,TargetRemoval,1764332682.6684883,1161.4531650543213,True
1211,2,159,TargetReappeared,1764332682.918296,1161.7029728889465,False
1212,2,159,LeftResponse,1764332683.5222125,1162.3068885803223,False
1213,2,160,FeedbackPeriodStarted,1764332683.5427248,1162.3274013996124,False
1214,2,160,startFixDisplay,1764332683.542859,1162.327532529831,False
1215,2,160,startFixPeriod,1764332683.785743,1162.5704200267792,False
1216,2,160,TargetPresentation,1764332685.1943388,1163.9790155887604,False
1217,2,160,TargetRemoval,1764332685.3676467,1164.152322769165,True
1218,2,160,TargetReappeared,1764332685.6177473,1164.4024226665497,False
1219,2,160,RightResponse,1764332686.3532188,1165.1378936767578,False
1220,2,161,FeedbackPeriodStarted,1764332686.3738375,1165.1585140228271,False
1221,2,161,startFixDisplay,1764332686.3739784,1165.158653497696,False
1222,2,161,startFixPeriod,1764332686.6862886,1165.470965385437,False
1223,2,161,TargetPresentation,1764332687.2344165,1166.0190930366516,False
1224,2,161,TargetRemoval,1764332687.4216473,1166.2063236236572,True
1225,2,161,TargetReappeared,1764332687.6716537,1166.456330537796,False
1226,2,161,LeftResponse,1764332688.3451817,1167.1298577785492,False
1227,2,162,FeedbackPeriodStarted,1764332688.3653367,1167.1500132083893,False
1228,2,162,startFixDisplay,1764332688.3654897,1167.1501653194427,False
1229,2,162,startFixPeriod,1764332688.871927,1167.65660405159,False
1230,2,162,TargetPresentation,1764332690.2527611,1169.0374355316162,False
1231,2,162,TargetDisplacement,1764332690.426195,1169.210871219635,True
1232,2,162,RightResponse,1764332691.2870967,1170.0717730522156,False
1233,2,162,FeedbackPeriodStarted,1764332691.3007152,1170.0853917598724,False
1234,2,163,startFixDisplay,1764332693.31286,1172.0975363254547,False
1235,2,163,startFixPeriod,1764332693.6183803,1172.4030559062958,False
1236,2,163,TargetPresentation,1764332694.2080574,1172.9927339553833,False
1237,2,163,TargetDisplacement,1764332694.3676653,1173.15234208107,True
1238,2,163,LeftResponse,1764332695.2838712,1174.0685472488403,False
1239,2,164,FeedbackPeriodStarted,1764332695.3044534,1174.0891282558441,False
1240,2,164,startFixDisplay,1764332695.3045213,1174.0891947746277,False
1241,2,164,startFixPeriod,1764332695.5194583,1174.3041338920593,False
1242,2,164,TargetPresentation,1764332696.234306,1175.0189826488495,False
1243,2,164,TargetRemoval,1764332696.4076622,1175.1923379898071,True
1244,2,164,TargetReappeared,1764332696.6576495,1175.4423291683197,False
1245,2,164,LeftResponse,1764332697.3726392,1176.1573140621185,False
1246,2,165,FeedbackPeriodStarted,1764332697.3930385,1176.1777153015137,False
1247,2,165,startFixDisplay,1764332697.3931785,1176.1778535842896,False
1248,2,165,startFixPeriod,1764332697.6151314,1176.399807691574,False
1249,2,165,TargetPresentation,1764332698.246554,1177.031229019165,False
1250,2,165,TargetDisplacement,1764332698.426905,1177.2115786075592,True
1251,2,165,RightResponse,1764332699.2462242,1178.030900478363,False
1252,2,166,FeedbackPeriodStarted,1764332699.2664764,1178.0511512756348,False
1253,2,166,startFixDisplay,1764332699.2665806,1178.0512549877167,False
1254,2,166,startFixPeriod,1764332699.4609644,1178.2456409931183,False
1255,2,166,TargetPresentation,1764332700.3491297,1179.1338050365448,False
1256,2,166,TargetDisplacement,1764332700.515525,1179.300201177597,True
1257,2,166,RightResponse,1764332701.4943783,1180.279054403305,False
1258,2,167,FeedbackPeriodStarted,1764332701.5148146,1180.2994911670685,False
1259,2,167,startFixDisplay,1764332701.5150194,1180.2996952533722,False
1260,2,167,startFixPeriod,1764332701.8201244,1180.6048016548157,False
1261,2,167,TargetPresentation,1764332703.2705357,1182.055210351944,False
1262,2,167,TargetDisplacement,1764332703.4439645,1182.228640794754,True
1263,2,167,RightResponse,1764332704.4228153,1183.2074913978577,False
1264,2,168,FeedbackPeriodStarted,1764332704.4430048,1183.2276792526245,False
1265,2,168,startFixDisplay,1764332704.4430676,1183.227741241455,False
1266,2,168,startFixPeriod,1764332704.7484987,1183.5331728458405,False
1267,2,168,TargetPresentation,1764332705.449378,1184.2340548038483,False
1268,2,168,TargetRemoval,1764332705.6226573,1184.4073312282562,True
1269,2,168,TargetReappeared,1764332705.8727758,1184.6574528217316,False
1270,2,168,RightResponse,1764332706.698747,1185.4834232330322,False
1271,2,168,FeedbackPeriodStarted,1764332706.7051551,1185.4898302555084,False
1272,2,169,startFixDisplay,1764332708.710818,1187.4954919815063,False
1273,2,169,startFixPeriod,1764332708.71747,1187.5021460056305,False
1274,2,169,TargetPresentation,1764332709.467133,1188.251809835434,False
1275,2,169,TargetDisplacement,1764332709.6543913,1188.4390678405762,True
1276,2,169,LeftResponse,1764332710.4527824,1189.2374575138092,False
1277,2,170,FeedbackPeriodStarted,1764332710.4731276,1189.2578043937683,False
1278,2,170,startFixDisplay,1764332710.4732764,1189.2579517364502,False
1279,2,170,startFixPeriod,1764332710.681403,1189.4660813808441,False
1280,2,170,TargetPresentation,1764332711.5488,1190.333476781845,False
1281,2,170,TargetDisplacement,1764332711.7428954,1190.5275692939758,True
1282,2,170,RightResponse,1764332712.4301164,1191.2147905826569,False
1283,2,171,FeedbackPeriodStarted,1764332712.4507594,1191.235435962677,False
1284,2,171,startFixDisplay,1764332712.4509025,1191.235577583313,False
1285,2,171,startFixPeriod,1764332712.7007058,1191.4853825569153,False
1286,2,171,TargetPresentation,1764332713.9775083,1192.7621853351593,False
1287,2,171,TargetDisplacement,1764332714.130069,1192.9147455692291,True
1288,2,171,RightResponse,1764332714.8312094,1193.6158850193024,False
1289,2,172,FeedbackPeriodStarted,1764332714.8586655,1193.643342256546,False
1290,2,172,startFixDisplay,1764332714.858877,1193.6435508728027,False
1291,2,172,startFixPeriod,1764332715.0668237,1193.8514997959137,False
1292,2,172,TargetPresentation,1764332716.0937939,1194.878468990326,False
1293,2,172,TargetRemoval,1764332716.274139,1195.0588147640228,True
1294,2,172,TargetReappeared,1764332716.5241294,1195.3088057041168,False
1295,2,172,RightResponse,1764332717.2181816,1196.0028579235077,False
1296,2,173,FeedbackPeriodStarted,1764332717.238688,1196.0233645439148,False
1297,2,173,startFixDisplay,1764332717.2388287,1196.023502111435,False
1298,2,173,startFixPeriod,1764332717.4608731,1196.245549917221,False
1299,2,173,TargetPresentation,1764332718.4391482,1197.2238233089447,False
1300,2,173,TargetDisplacement,1764332718.5986774,1197.3833515644073,True
1301,2,173,RightResponse,1764332719.882733,1198.6674075126648,False
1302,2,174,FeedbackPeriodStarted,1764332719.9032516,1198.687928199768,False
1303,2,174,startFixDisplay,1764332719.9033942,1198.6880695819855,False
1304,2,174,startFixPeriod,1764332720.0768108,1198.8614873886108,False
1305,2,174,TargetPresentation,1764332721.4645789,1200.249255657196,False
1306,2,174,TargetDisplacement,1764332721.6171637,1200.4018397331238,True
1307,2,174,RightResponse,1764332722.6096368,1201.394310951233,False
1308,2,174,FeedbackPeriodStarted,1764332722.6164265,1201.4011030197144,False
1309,2,175,startFixDisplay,1764332724.6218274,1203.4065034389496,False
1310,2,175,startFixPeriod,1764332724.6287777,1203.4134531021118,False
1311,2,175,TargetPresentation,1764332725.690624,1204.475301027298,False
1312,2,175,TargetRemoval,1764332725.8499422,1204.6346163749695,True
1313,2,175,TargetReappeared,1764332726.099999,1204.8846752643585,False
1314,2,175,RightResponse,1764332726.8289056,1205.6135811805725,False
1315,2,176,FeedbackPeriodStarted,1764332726.8562076,1205.6408841609955,False
1316,2,176,startFixDisplay,1764332726.8563592,1205.6410343647003,False
1317,2,176,startFixPeriod,1764332727.0436947,1205.8283717632294,False
1318,2,176,TargetPresentation,1764332728.2370982,1207.0217730998993,False
1319,2,176,TargetDisplacement,1764332728.6672287,1207.4519047737122,True
1320,2,176,RightResponse,1764332729.8193598,1208.6040341854095,False
1321,2,177,FeedbackPeriodStarted,1764332729.839947,1208.6246211528778,False
1322,2,177,startFixDisplay,1764332729.8400135,1208.6246871948242,False
1323,2,177,startFixPeriod,1764332730.041364,1208.8260409832,False
1324,2,177,TargetPresentation,1764332730.5478578,1209.332534313202,False
1325,2,177,TargetDisplacement,1764332730.7143114,1209.4989876747131,True
1326,2,177,RightResponse,1764332731.6930828,1210.4777574539185,False
1327,2,178,FeedbackPeriodStarted,1764332731.7136147,1210.4982917308807,False
1328,2,178,startFixDisplay,1764332731.7137654,1210.4984407424927,False
1329,2,178,startFixPeriod,1764332731.9841866,1210.7688632011414,False
1330,2,178,TargetPresentation,1764332732.7960443,1211.5807185173035,False
1331,2,178,TargetRemoval,1764332732.9624362,1211.7471101284027,True
1332,2,178,TargetReappeared,1764332733.2124634,1211.9971404075623,False
1333,2,178,LeftResponse,1764332733.7608724,1212.5455465316772,False
1334,2,179,FeedbackPeriodStarted,1764332733.7813044,1212.5659804344177,False
1335,2,179,startFixDisplay,1764332733.781444,1212.5661194324493,False
1336,2,179,startFixPeriod,1764332733.920192,1212.704867362976,False
1337,2,179,TargetPresentation,1764332734.5309227,1213.3155975341797,False
1338,2,179,TargetDisplacement,1764332734.697333,1213.4820094108582,True
1339,2,179,LeftResponse,1764332735.7247765,1214.509452342987,False
1340,2,180,FeedbackPeriodStarted,1764332735.744969,1214.5296430587769,False
1341,2,180,startFixDisplay,1764332735.7450914,1214.5297651290894,False
1342,2,180,startFixPeriod,1764332735.988067,1214.772742509842,False
1343,2,180,TargetPresentation,1764332737.292554,1216.0772306919098,False
1344,2,180,TargetDisplacement,1764332737.4451106,1216.2297866344452,True
1345,2,180,LeftResponse,1764332738.174174,1216.9588499069214,False
1346,2,180,FeedbackPeriodStarted,1764332738.1806865,1216.9653615951538,False
1347,2,181,startFixDisplay,1764332740.1859245,1218.9705984592438,False
1348,2,181,startFixPeriod,1764332740.4013143,1219.1859912872314,False
1349,2,181,TargetPresentation,1764332741.2548187,1220.039495229721,False
1350,2,181,TargetDisplacement,1764332741.504484,1220.2891602516174,True
1351,2,181,LeftResponse,1764332742.1225426,1220.9072196483612,False
1352,2,182,FeedbackPeriodStarted,1764332742.1427734,1220.927447795868,False
1353,2,182,startFixDisplay,1764332742.142841,1220.9275147914886,False
1354,2,182,startFixPeriod,1764332742.3163366,1221.1010122299194,False
1355,2,182,TargetPresentation,1764332742.9688218,1221.7534987926483,False
1356,2,182,TargetDisplacement,1764332743.1419396,1221.9266135692596,True
1357,2,182,LeftResponse,1764332744.0930789,1222.8777551651,False
1358,2,183,FeedbackPeriodStarted,1764332744.113548,1222.8982243537903,False
1359,2,183,startFixDisplay,1764332744.1137156,1222.8983912467957,False
1360,2,183,startFixPeriod,1764332744.314944,1223.099620103836,False
1361,2,183,TargetPresentation,1764332745.0991375,1223.883814573288,False
1362,2,183,TargetDisplacement,1764332745.2792747,1224.0639503002167,True
1363,2,183,RightResponse,1764332746.049905,1224.8345804214478,False
1364,2,184,FeedbackPeriodStarted,1764332746.0702586,1224.8549330234528,False
1365,2,184,startFixDisplay,1764332746.0703263,1224.854999780655,False
1366,2,184,startFixPeriod,1764332746.2230754,1225.0077521800995,False
1367,2,184,TargetPresentation,1764332747.2916508,1226.0763268470764,False
1368,2,184,TargetRemoval,1764332747.4511862,1226.2358622550964,True
1369,2,184,TargetReappeared,1764332747.7012134,1226.4858901500702,False
1370,2,184,LeftResponse,1764332748.2981274,1227.0828034877777,False
1371,2,185,FeedbackPeriodStarted,1764332748.3255293,1227.1102056503296,False
1372,2,185,startFixDisplay,1764332748.3257616,1227.110437631607,False
1373,2,185,startFixPeriod,1764332748.5199122,1227.3045887947083,False
1374,2,185,TargetPresentation,1764332750.011846,1228.7965230941772,False
1375,2,185,TargetDisplacement,1764332750.1505353,1228.935209274292,True
1376,2,185,RightResponse,1764332750.907255,1229.6919312477112,False
1377,2,186,FeedbackPeriodStarted,1764332750.9276483,1229.712322473526,False
1378,2,186,startFixDisplay,1764332750.927712,1229.7123854160309,False
1379,2,186,startFixPeriod,1764332751.14294,1229.9276168346405,False
1380,2,186,TargetPresentation,1764332751.954896,1230.7395732402802,False
1381,2,186,TargetDisplacement,1764332752.1143203,1230.8989970684052,True
1382,2,186,LeftResponse,1764332752.9474347,1231.7321112155914,False
1383,2,186,FeedbackPeriodStarted,1764332752.9609427,1231.7456171512604,False
1384,2,187,startFixDisplay,1764332754.9661622,1233.750836133957,False
1385,2,187,startFixPeriod,1764332754.9730887,1233.7577650547028,False
1386,2,187,TargetPresentation,1764332755.9516907,1234.7363648414612,False
1387,2,187,TargetRemoval,1764332756.118084,1234.9027597904205,True
1388,2,187,TargetReappeared,1764332756.3679366,1235.152613401413,False
1389,2,187,RightResponse,1764332757.1594574,1235.9441335201263,False
1390,2,188,FeedbackPeriodStarted,1764332757.1797497,1235.964426279068,False
1391,2,188,startFixDisplay,1764332757.1798763,1235.9645500183105,False
1392,2,188,startFixPeriod,1764332757.3880439,1236.17271900177,False
1393,2,188,TargetPresentation,1764332758.012649,1236.7973263263702,False
1394,2,188,TargetRemoval,1764332758.1720374,1236.956713438034,True
1395,2,188,TargetReappeared,1764332758.4219112,1237.2065861225128,False
1396,2,188,RightResponse,1764332759.095276,1237.8799514770508,False
1397,2,189,FeedbackPeriodStarted,1764332759.115676,1237.900349855423,False
1398,2,189,startFixDisplay,1764332759.115752,1237.9004259109497,False
1399,2,189,startFixPeriod,1764332759.358825,1238.1435017585754,False
1400,2,189,TargetPresentation,1764332760.6701438,1239.4548194408417,False
1401,2,189,TargetRemoval,1764332760.8436139,1239.6282908916473,True
1402,2,189,TargetReappeared,1764332761.0934904,1239.8781678676605,False
1403,2,189,RightResponse,1764332761.7459688,1240.5306432247162,False
1404,2,190,FeedbackPeriodStarted,1764332761.7664495,1240.5511260032654,False
1405,2,190,startFixDisplay,1764332761.7666056,1240.551281452179,False
1406,2,190,startFixPeriod,1764332762.037078,1240.821753025055,False
1407,2,190,TargetPresentation,1764332762.710213,1241.494889497757,False
1408,2,190,TargetDisplacement,1764332762.9113386,1241.6960144042969,True
1409,2,190,RightResponse,1764332763.6748967,1242.4595708847046,False
1410,2,191,FeedbackPeriodStarted,1764332763.6954916,1242.4801683425903,False
1411,2,191,startFixDisplay,1764332763.6956606,1242.4803340435028,False
1412,2,191,startFixPeriod,1764332763.8829114,1242.6675882339478,False
1413,2,191,TargetPresentation,1764332764.5353901,1243.3200681209564,False
1414,2,191,TargetDisplacement,1764332764.7016356,1243.4863126277924,True
1415,2,191,LeftResponse,1764332765.40978,1244.194454908371,False
1416,2,192,FeedbackPeriodStarted,1764332765.4301462,1244.2148206233978,False
1417,2,192,startFixDisplay,1764332765.43021,1244.2148835659027,False
1418,2,192,startFixPeriod,1764332765.6662521,1244.4509284496307,False
1419,2,192,TargetPresentation,1764332766.6308217,1245.4154958724976,False
1420,2,192,TargetRemoval,1764332766.8111422,1245.5958185195923,True
1421,2,192,TargetReappeared,1764332767.06112,1245.8457963466644,False
1422,2,192,RightResponse,1764332767.9633224,1246.7479982376099,False
1423,2,192,FeedbackPeriodStarted,1764332767.9701042,1246.7547788619995,False
1424,2,193,startFixDisplay,1764332769.9823287,1248.7670049667358,False
1425,2,193,startFixPeriod,1764332770.3086324,1249.0933096408844,False
1426,2,193,TargetPresentation,1764332770.933031,1249.7177081108093,False
1427,2,193,TargetDisplacement,1764332771.1063926,1249.8910691738129,True
1428,2,193,LeftResponse,1764332771.7934685,1250.5781424045563,False
1429,2,194,FeedbackPeriodStarted,1764332771.814162,1250.5988388061523,False
1430,2,194,startFixDisplay,1764332771.8142955,1250.5989711284637,False
1431,2,194,startFixPeriod,1764332771.9946597,1250.7793345451355,False
1432,2,194,TargetPresentation,1764332773.0841668,1251.8688435554504,False
1433,2,194,TargetRemoval,1764332773.2853727,1252.0700497627258,True
1434,2,194,TargetReappeared,1764332773.535204,1252.319880247116,False
1435,2,194,RightResponse,1764332774.1249974,1252.90967130661,False
1436,2,195,FeedbackPeriodStarted,1764332774.145713,1252.930389881134,False
1437,2,195,startFixDisplay,1764332774.1458545,1252.93052983284,False
1438,2,195,startFixPeriod,1764332774.3886445,1253.173321723938,False
1439,2,195,TargetPresentation,1764332775.2352197,1254.0198967456818,False
1440,2,195,TargetRemoval,1764332776.5742958,1255.3589715957642,True
1441,2,195,TargetReappeared,1764332776.8242624,1255.608939409256,False
1442,2,195,LeftResponse,1764332777.3310344,1256.1157093048096,False
1443,2,196,FeedbackPeriodStarted,1764332777.3585105,1256.1431889533997,False
1444,2,196,startFixDisplay,1764332777.3586855,1256.1433608531952,False
1445,2,196,startFixPeriod,1764332777.5251858,1256.309862613678,False
1446,2,196,TargetPresentation,1764332778.6562045,1257.4408812522888,False
1447,2,196,TargetDisplacement,1764332778.8364954,1257.621169090271,True
1448,2,196,RightResponse,1764332779.5517688,1258.3364582061768,False
1449,2,197,FeedbackPeriodStarted,1764332779.5720365,1258.3567135334015,False
1450,2,197,startFixDisplay,1764332779.5721793,1258.3568544387817,False
1451,2,197,startFixPeriod,1764332779.752559,1258.5372331142426,False
1452,2,197,TargetPresentation,1764332780.425551,1259.2102272510529,False
1453,2,197,TargetDisplacement,1764332780.9251041,1259.7097804546356,True
1454,2,197,RightResponse,1764332782.0775206,1260.8621973991394,False
1455,2,197,FeedbackPeriodStarted,1764332782.1187756,1260.9034526348114,False
1456,3,198,startFixDisplay,1764333018.7952456,1497.579921722412,False
1457,3,198,startFixPeriod,1764333018.9966087,1497.7812860012054,False
1458,3,198,TargetPresentation,1764333019.5239468,1498.308620929718,False
1459,3,198,TargetDisplacement,1764333019.6766238,1498.4613008499146,True
1460,3,198,FeedbackPeriodStarted,1764333021.6820762,1500.4667530059814,False
1461,3,199,startFixDisplay,1764333022.1953926,1500.9800686836243,False
1462,3,199,startFixPeriod,1764333022.2022996,1500.9869759082794,False
1463,3,199,TargetPresentation,1764333023.1323738,1501.9170503616333,False
1464,3,199,TargetDisplacement,1764333023.3056695,1502.090347290039,True
1465,3,199,LeftResponse,1764333023.7501454,1502.5348205566406,False
1466,3,200,FeedbackPeriodStarted,1764333023.7774863,1502.5621628761292,False
1467,3,200,startFixDisplay,1764333023.777644,1502.562319278717,False
1468,3,200,startFixPeriod,1764333023.9580011,1502.74267745018,False
1469,3,200,TargetPresentation,1764333025.3597372,1504.1444120407104,False
1470,3,200,TargetRemoval,1764333025.5331497,1504.3178262710571,True
1471,3,200,TargetReappeared,1764333025.7829878,1504.5676634311676,False
1472,3,200,LeftResponse,1764333025.991607,1504.7762835025787,False
1473,3,201,FeedbackPeriodStarted,1764333026.011874,1504.7965505123138,False
1474,3,201,startFixDisplay,1764333026.0120513,1504.7967252731323,False
1475,3,201,startFixPeriod,1764333026.2201953,1505.004872083664,False
1476,3,201,TargetPresentation,1764333027.6357572,1506.4204473495483,False
1477,3,201,TargetDisplacement,1764333027.7882488,1506.5729253292084,True
1478,3,201,RightResponse,1764333028.2468157,1507.0314917564392,False
1479,3,202,FeedbackPeriodStarted,1764333028.2740207,1507.058697462082,False
1480,3,202,startFixDisplay,1764333028.2741532,1507.0588285923004,False
1481,3,202,startFixPeriod,1764333028.433693,1507.2183697223663,False
1482,3,202,TargetPresentation,1764333029.0791273,1507.8638043403625,False
1483,3,202,TargetDisplacement,1764333029.2385435,1508.0232195854187,True
1484,3,202,LeftResponse,1764333029.7318459,1508.516522884369,False
1485,3,203,FeedbackPeriodStarted,1764333029.7520058,1508.5366823673248,False
1486,3,203,startFixDisplay,1764333029.7521474,1508.5368225574493,False
1487,3,203,startFixPeriod,1764333029.974263,1508.758939743042,False
1488,3,203,TargetPresentation,1764333031.02896,1509.8136367797852,False
1489,3,203,TargetRemoval,1764333031.2022495,1509.9869258403778,True
1490,3,203,TargetReappeared,1764333031.4522376,1510.236914396286,False
1491,3,203,RightResponse,1764333031.5496776,1510.334353685379,False
1492,3,204,FeedbackPeriodStarted,1764333031.5699394,1510.3546137809753,False
1493,3,204,startFixDisplay,1764333031.5700035,1510.3546769618988,False
1494,3,204,startFixPeriod,1764333032.0212324,1510.8059091567993,False
1495,3,204,TargetPresentation,1764333032.715055,1511.4997301101685,False
1496,3,204,TargetDisplacement,1764333032.8815038,1511.6661801338196,True
1497,3,204,LeftResponse,1764333033.6937277,1512.478404045105,False
1498,3,204,FeedbackPeriodStarted,1764333033.700452,1512.4851288795471,False
1499,3,205,startFixDisplay,1764333035.7057788,1514.4904551506042,False
1500,3,205,startFixPeriod,1764333035.712692,1514.4973776340485,False
1501,3,205,TargetPresentation,1764333036.3928494,1515.1775245666504,False
1502,3,205,TargetDisplacement,1764333036.5453153,1515.3299918174744,True
1503,3,205,RightResponse,1764333037.239757,1516.0244336128235,False
1504,3,206,FeedbackPeriodStarted,1764333037.2599587,1516.0446331501007,False
1505,3,206,startFixDisplay,1764333037.260096,1516.0447697639465,False
1506,3,206,startFixPeriod,1764333037.4406426,1516.2253181934357,False
1507,3,206,TargetPresentation,1764333038.592506,1517.3771827220917,False
1508,3,206,TargetDisplacement,1764333038.772761,1517.5574369430542,True
1509,3,206,RightResponse,1764333039.2867985,1518.0714745521545,False
1510,3,207,FeedbackPeriodStarted,1764333039.3070924,1518.0917694568634,False
1511,3,207,startFixDisplay,1764333039.3072333,1518.0919089317322,False
1512,3,207,startFixPeriod,1764333039.6541588,1518.438835144043,False
1513,3,207,TargetPresentation,1764333040.3064353,1519.0911121368408,False
1514,3,207,TargetDisplacement,1764333040.3134377,1519.0981147289276,True
1515,3,207,LeftResponse,1764333041.0073414,1519.7920162677765,False
1516,3,208,FeedbackPeriodStarted,1764333041.0280719,1519.812748670578,False
1517,3,208,startFixDisplay,1764333041.02822,1519.8128955364227,False
1518,3,208,startFixPeriod,1764333041.208561,1519.993237733841,False
1519,3,208,TargetPresentation,1764333041.916203,1520.700877904892,False
1520,3,208,TargetRemoval,1764333042.0965872,1520.8812611103058,True
1521,3,208,TargetReappeared,1764333042.3465626,1521.131266117096,False
1522,3,208,RightResponse,1764333043.0200067,1521.8046815395355,False
1523,3,209,FeedbackPeriodStarted,1764333043.0402844,1521.8249607086182,False
1524,3,209,startFixDisplay,1764333043.0404167,1521.8250920772552,False
1525,3,209,startFixPeriod,1764333043.1861224,1521.9707973003387,False
1526,3,209,TargetPresentation,1764333044.4907227,1523.2753989696503,False
1527,3,209,TargetDisplacement,1764333044.6848,1523.4694764614105,True
1528,3,209,LeftResponse,1764333045.3653731,1524.1500492095947,False
1529,3,210,FeedbackPeriodStarted,1764333045.3926177,1524.1772944927216,False
1530,3,210,startFixDisplay,1764333045.3927588,1524.177434206009,False
1531,3,210,startFixPeriod,1764333045.6981063,1524.4827826023102,False
1532,3,210,TargetPresentation,1764333046.39199,1525.1766653060913,False
1533,3,210,TargetDisplacement,1764333046.5513442,1525.3360178470612,True
1534,3,210,LeftResponse,1764333047.197125,1525.9817996025085,False
1535,3,210,FeedbackPeriodStarted,1764333047.2038321,1525.9885075092316,False
1536,3,211,startFixDisplay,1764333049.2159889,1528.000663280487,False
1537,3,211,startFixPeriod,1764333049.2229578,1528.0076315402985,False
1538,3,211,TargetPresentation,1764333049.951768,1528.7364447116852,False
1539,3,211,TargetRemoval,1764333050.159776,1528.9444525241852,True
1540,3,211,TargetReappeared,1764333050.409693,1529.1943678855896,False
1541,3,211,LeftResponse,1764333051.173123,1529.957797050476,False
1542,3,212,FeedbackPeriodStarted,1764333051.1936393,1529.9783136844635,False
1543,3,212,startFixDisplay,1764333051.1937063,1529.97837972641,False
1544,3,212,startFixPeriod,1764333051.499077,1530.2837529182434,False
1545,3,212,TargetPresentation,1764333052.0680037,1530.852680683136,False
1546,3,212,TargetDisplacement,1764333053.511199,1532.295872926712,True
1547,3,212,LeftResponse,1764333054.3859165,1533.1705915927887,False
1548,3,213,FeedbackPeriodStarted,1764333054.4063368,1533.1910109519958,False
1549,3,213,startFixDisplay,1764333054.406403,1533.191076517105,False
1550,3,213,startFixPeriod,1764333054.6286707,1533.4133460521698,False
1551,3,213,TargetPresentation,1764333055.759752,1534.544429063797,False
1552,3,213,TargetDisplacement,1764333055.9122875,1534.6969637870789,True
1553,3,213,RightResponse,1764333056.7246099,1535.5092861652374,False
1554,3,214,FeedbackPeriodStarted,1764333056.7587583,1535.5434324741364,False
1555,3,214,startFixDisplay,1764333056.7588217,1535.5434954166412,False
1556,3,214,startFixPeriod,1764333056.9601474,1535.744822025299,False
1557,3,214,TargetPresentation,1764333057.681862,1536.4665369987488,False
1558,3,214,TargetRemoval,1764333057.855212,1536.6398885250092,True
1559,3,214,TargetReappeared,1764333058.1050687,1536.8897454738617,False
1560,3,214,RightResponse,1764333058.7298255,1537.5145013332367,False
1561,3,215,FeedbackPeriodStarted,1764333058.7502525,1537.5349290370941,False
1562,3,215,startFixDisplay,1764333058.7503934,1537.5350687503815,False
1563,3,215,startFixPeriod,1764333059.0488465,1537.8335223197937,False
1564,3,215,TargetPresentation,1764333060.0201876,1538.8048639297485,False
1565,3,215,TargetRemoval,1764333060.1936874,1538.9783639907837,True
1566,3,215,TargetReappeared,1764333060.4436638,1539.2283420562744,False
1567,3,215,RightResponse,1764333061.0614653,1539.846141576767,False
1568,3,216,FeedbackPeriodStarted,1764333061.0886462,1539.8733208179474,False
1569,3,216,startFixDisplay,1764333061.0887182,1539.8733916282654,False
1570,3,216,startFixPeriod,1764333061.4150438,1540.1997208595276,False
1571,3,216,TargetPresentation,1764333062.691767,1541.4764416217804,False
1572,3,216,TargetDisplacement,1764333062.8720407,1541.6567146778107,True
1573,3,216,LeftResponse,1764333063.5108876,1542.2955627441406,False
1574,3,216,FeedbackPeriodStarted,1764333063.517445,1542.3021214008331,False
1575,3,217,startFixDisplay,1764333065.5295749,1544.3142490386963,False
1576,3,217,startFixPeriod,1764333065.8006072,1544.5852828025818,False
1577,3,217,TargetPresentation,1764333067.0287066,1545.813381433487,False
1578,3,217,TargetDisplacement,1764333067.1673162,1545.9519922733307,True
1579,3,217,LeftResponse,1764333067.8477435,1546.6324198246002,False
1580,3,218,FeedbackPeriodStarted,1764333067.8750813,1546.6597576141357,False
1581,3,218,startFixDisplay,1764333067.8752203,1546.6598954200745,False
1582,3,218,startFixPeriod,1764333068.0694327,1546.8541095256805,False
1583,3,218,TargetPresentation,1764333068.8327076,1547.6173825263977,False
1584,3,218,TargetRemoval,1764333069.0269046,1547.8115804195404,True
1585,3,218,TargetReappeared,1764333069.2768707,1548.0615475177765,False
1586,3,218,RightResponse,1764333070.1167977,1548.9014739990234,False
1587,3,219,FeedbackPeriodStarted,1764333070.137266,1548.9219427108765,False
1588,3,219,startFixDisplay,1764333070.1374133,1548.9220886230469,False
1589,3,219,startFixPeriod,1764333070.3872027,1549.1718797683716,False
1590,3,219,TargetPresentation,1764333071.8373396,1550.6220164299011,False
1591,3,219,TargetDisplacement,1764333071.9830453,1550.7677221298218,True
1592,3,219,RightResponse,1764333072.7189403,1551.5036160945892,False
1593,3,220,FeedbackPeriodStarted,1764333072.7393508,1551.5240273475647,False
1594,3,220,startFixDisplay,1764333072.7394905,1551.5241658687592,False
1595,3,220,startFixPeriod,1764333072.940714,1551.7253909111023,False
1596,3,220,TargetPresentation,1764333074.3977942,1553.1824691295624,False
1597,3,220,TargetRemoval,1764333074.5712764,1553.3559532165527,True
1598,3,220,TargetReappeared,1764333074.821103,1553.60577750206,False
1599,3,220,LeftResponse,1764333075.3211248,1554.1058003902435,False
1600,3,221,FeedbackPeriodStarted,1764333075.3484063,1554.1330826282501,False
1601,3,221,startFixDisplay,1764333075.348545,1554.1332204341888,False
1602,3,221,startFixPeriod,1764333075.5706475,1554.3553245067596,False
1603,3,221,TargetPresentation,1764333076.2714381,1555.0561146736145,False
1604,3,221,TargetRemoval,1764333076.4378061,1555.2224822044373,True
1605,3,221,TargetReappeared,1764333076.6878192,1555.4724960327148,False
1606,3,221,LeftResponse,1764333077.395807,1556.1804811954498,False
1607,3,222,FeedbackPeriodStarted,1764333077.4163146,1556.2009925842285,False
1608,3,222,startFixDisplay,1764333077.4164681,1556.2011437416077,False
1609,3,222,startFixPeriod,1764333077.6314466,1556.4161231517792,False
1610,3,222,TargetPresentation,1764333079.0054388,1557.790115594864,False
1611,3,222,TargetDisplacement,1764333079.1926203,1557.9772942066193,True
1612,3,222,RightResponse,1764333080.0602028,1558.8448770046234,False
1613,3,222,FeedbackPeriodStarted,1764333080.0669286,1558.8516027927399,False
1614,3,223,startFixDisplay,1764333082.0792685,1560.8639447689056,False
1615,3,223,startFixPeriod,1764333082.121037,1560.905713558197,False
1616,3,223,TargetPresentation,1764333082.8427734,1561.6274502277374,False
1617,3,223,TargetDisplacement,1764333082.9815264,1561.766203403473,True
1618,3,223,RightResponse,1764333083.5993447,1562.3840203285217,False
1619,3,224,FeedbackPeriodStarted,1764333083.6267166,1562.4113931655884,False
1620,3,224,startFixDisplay,1764333083.6268597,1562.411535024643,False
1621,3,224,startFixPeriod,1764333083.8697913,1562.6544680595398,False
1622,3,224,TargetPresentation,1764333084.7509508,1563.5356271266937,False
1623,3,224,TargetDisplacement,1764333084.8965492,1563.6812229156494,True
1624,3,224,LeftResponse,1764333085.6046934,1564.389369726181,False
1625,3,225,FeedbackPeriodStarted,1764333085.625038,1564.4097125530243,False
1626,3,225,startFixDisplay,1764333085.6251056,1564.4097790718079,False
1627,3,225,startFixPeriod,1764333085.6808245,1564.4655010700226,False
1628,3,225,TargetPresentation,1764333086.652286,1565.4369623661041,False
1629,3,225,TargetDisplacement,1764333086.811745,1565.5964188575745,True
1630,3,225,RightResponse,1764333087.7559674,1566.540643453598,False
1631,3,226,FeedbackPeriodStarted,1764333087.7762256,1566.5609021186829,False
1632,3,226,startFixDisplay,1764333087.7763672,1566.561042547226,False
1633,3,226,startFixPeriod,1764333088.0053728,1566.7900495529175,False
1634,3,226,TargetPresentation,1764333088.9768443,1567.761521100998,False
1635,3,226,TargetDisplacement,1764333090.253433,1569.0381088256836,True
1636,3,226,LeftResponse,1764333091.2667704,1570.0514447689056,False
1637,3,227,FeedbackPeriodStarted,1764333091.2872884,1570.071962594986,False
1638,3,227,startFixDisplay,1764333091.2874074,1570.0720813274384,False
1639,3,227,startFixPeriod,1764333091.440196,1570.22487282753,False
1640,3,227,TargetPresentation,1764333092.1617587,1570.946435213089,False
1641,3,227,TargetRemoval,1764333092.3490782,1571.1337523460388,True
1642,3,227,TargetReappeared,1764333092.5989335,1571.38360953331,False
1643,3,227,LeftResponse,1764333093.2445333,1572.0292074680328,False
1644,3,228,FeedbackPeriodStarted,1764333093.265029,1572.0497057437897,False
1645,3,228,startFixDisplay,1764333093.265161,1572.0498361587524,False
1646,3,228,startFixPeriod,1764333093.4872758,1572.2719526290894,False
1647,3,228,TargetPresentation,1764333094.1116455,1572.8963220119476,False
1648,3,228,TargetRemoval,1764333094.2919965,1573.0766706466675,True
1649,3,228,TargetReappeared,1764333094.5419064,1573.3265833854675,False
1650,3,228,RightResponse,1764333095.1324463,1573.9171209335327,False
1651,3,228,FeedbackPeriodStarted,1764333095.1385639,1573.923261165619,False
1652,3,229,startFixDisplay,1764333097.1507568,1575.935430765152,False
1653,3,229,startFixPeriod,1764333097.1718106,1575.956486940384,False
1654,3,229,TargetPresentation,1764333097.6852431,1576.4699175357819,False
1655,3,229,TargetDisplacement,1764333098.1085896,1576.8932664394379,True
1656,3,229,RightResponse,1764333098.6222415,1577.4069166183472,False
1657,3,230,FeedbackPeriodStarted,1764333098.6496325,1577.434306383133,False
1658,3,230,startFixDisplay,1764333098.6497412,1577.4344148635864,False
1659,3,230,startFixPeriod,1764333098.85096,1577.6356348991394,False
1660,3,230,TargetPresentation,1764333099.8086517,1578.593326330185,False
1661,3,230,TargetRemoval,1764333100.8770516,1579.6617255210876,True
1662,3,230,TargetReappeared,1764333101.1270413,1579.9117166996002,False
1663,3,230,RightResponse,1764333101.8975415,1580.68221616745,False
1664,3,231,FeedbackPeriodStarted,1764333101.9180093,1580.7026858329773,False
1665,3,231,startFixDisplay,1764333101.9181402,1580.7028155326843,False
1666,3,231,startFixPeriod,1764333102.1539254,1580.9386003017426,False
1667,3,231,TargetPresentation,1764333102.8132296,1581.5979044437408,False
1668,3,231,TargetDisplacement,1764333103.049021,1581.8336946964264,True
1669,3,231,LeftResponse,1764333103.9722652,1582.7569398880005,False
1670,3,232,FeedbackPeriodStarted,1764333103.9927707,1582.7774469852448,False
1671,3,232,startFixDisplay,1764333103.992912,1582.7775874137878,False
1672,3,232,startFixPeriod,1764333104.2287216,1583.013397693634,False
1673,3,232,TargetPresentation,1764333105.4293432,1584.2140200138092,False
1674,3,232,TargetDisplacement,1764333105.5816932,1584.3663668632507,True
1675,3,232,LeftResponse,1764333106.3940377,1585.17871260643,False
1676,3,233,FeedbackPeriodStarted,1764333106.4143987,1585.1990730762482,False
1677,3,233,startFixDisplay,1764333106.4144661,1585.1991395950317,False
1678,3,233,startFixPeriod,1764333106.6366096,1585.421284198761,False
1679,3,233,TargetPresentation,1764333107.1779099,1585.9625871181488,False
1680,3,233,TargetDisplacement,1764333107.3789349,1586.163608789444,True
1681,3,233,RightResponse,1764333107.906859,1586.691533088684,False
1682,3,234,FeedbackPeriodStarted,1764333107.9270954,1586.711769580841,False
1683,3,234,startFixDisplay,1764333107.927159,1586.711832523346,False
1684,3,234,startFixPeriod,1764333108.2672772,1587.0519526004791,False
1685,3,234,TargetPresentation,1764333109.613492,1588.3981688022614,False
1686,3,234,TargetRemoval,1764333109.7869785,1588.5716524124146,True
1687,3,234,TargetReappeared,1764333110.0368502,1588.8215265274048,False
1688,3,234,LeftResponse,1764333110.807368,1589.5920445919037,False
1689,3,234,FeedbackPeriodStarted,1764333110.8210063,1589.6056809425354,False
1690,3,235,startFixDisplay,1764333112.8331404,1591.6178171634674,False
1691,3,235,startFixPeriod,1764333113.089955,1591.8746299743652,False
1692,3,235,TargetPresentation,1764333114.4084117,1593.1930885314941,False
1693,3,235,TargetDisplacement,1764333114.5400336,1593.3247072696686,True
1694,3,235,RightResponse,1764333115.442637,1594.22731423378,False
1695,3,236,FeedbackPeriodStarted,1764333115.4631271,1594.247803926468,False
1696,3,236,startFixDisplay,1764333115.4632776,1594.2479529380798,False
1697,3,236,startFixPeriod,1764333115.6781616,1594.4628386497498,False
1698,3,236,TargetPresentation,1764333116.4623072,1595.2469840049744,False
1699,3,236,TargetDisplacement,1764333116.635654,1595.4203279018402,True
1700,3,236,RightResponse,1764333117.253446,1596.038120508194,False
1701,3,237,FeedbackPeriodStarted,1764333117.2740648,1596.0587391853333,False
1702,3,237,startFixDisplay,1764333117.2741282,1596.0588018894196,False
1703,3,237,startFixPeriod,1764333117.5032609,1596.2879378795624,False
1704,3,237,TargetPresentation,1764333118.5093682,1597.294044494629,False
1705,3,237,TargetDisplacement,1764333118.6549258,1597.439602136612,True
1706,3,237,RightResponse,1764333119.5020137,1598.286689043045,False
1707,3,238,FeedbackPeriodStarted,1764333119.5223923,1598.3070664405823,False
1708,3,238,startFixDisplay,1764333119.522453,1598.3071265220642,False
1709,3,238,startFixPeriod,1764333119.7307198,1598.5153970718384,False
1710,3,238,TargetPresentation,1764333121.097792,1599.8824694156647,False
1711,3,238,TargetRemoval,1764333122.3742871,1601.1589632034302,True
1712,3,238,TargetReappeared,1764333122.6242526,1601.4089288711548,False
1713,3,238,LeftResponse,1764333123.290687,1602.0753633975983,False
1714,3,239,FeedbackPeriodStarted,1764333123.3109484,1602.0956225395203,False
1715,3,239,startFixDisplay,1764333123.31101,1602.095683336258,False
1716,3,239,startFixPeriod,1764333123.5193987,1602.304075717926,False
1717,3,239,TargetPresentation,1764333124.5670848,1603.351760149002,False
1718,3,239,TargetRemoval,1764333124.7404466,1603.5251224040985,True
1719,3,239,TargetReappeared,1764333124.9903605,1603.7750372886658,False
1720,3,239,RightResponse,1764333125.5458367,1604.3305122852325,False
1721,3,240,FeedbackPeriodStarted,1764333125.5661814,1604.3508560657501,False
1722,3,240,startFixDisplay,1764333125.5662448,1604.3509182929993,False
1723,3,240,startFixPeriod,1764333125.8787687,1604.6634557247162,False
1724,3,240,TargetPresentation,1764333127.1623192,1605.946995973587,False
1725,3,240,TargetDisplacement,1764333127.3287706,1606.113446712494,True
1726,3,240,LeftResponse,1764333128.030031,1606.814706325531,False
1727,3,240,FeedbackPeriodStarted,1764333128.0436423,1606.8283171653748,False
1728,3,241,startFixDisplay,1764333130.055767,1608.8404428958893,False
1729,3,241,startFixPeriod,1764333130.0626862,1608.8473625183105,False
1730,3,241,TargetPresentation,1764333130.944248,1609.728925228119,False
1731,3,241,TargetDisplacement,1764333131.1035554,1609.8882312774658,True
1732,3,241,RightResponse,1764333131.84662,1610.6312963962555,False
1733,3,242,FeedbackPeriodStarted,1764333131.8668633,1610.6515400409698,False
1734,3,242,startFixDisplay,1764333131.8670053,1610.6516807079315,False
1735,3,242,startFixPeriod,1764333132.0958843,1610.880560874939,False
1736,3,242,TargetPresentation,1764333132.6164422,1611.4011189937592,False
1737,3,242,TargetRemoval,1764333133.0049183,1611.7895948886871,True
1738,3,242,TargetReappeared,1764333133.2548048,1612.0394814014435,False
1739,3,242,RightResponse,1764333133.747736,1612.5324110984802,False
1740,3,243,FeedbackPeriodStarted,1764333133.7682557,1612.5529329776764,False
1741,3,243,startFixDisplay,1764333133.768402,1612.5530772209167,False
1742,3,243,startFixPeriod,1764333133.983387,1612.7680637836456,False
1743,3,243,TargetPresentation,1764333135.1283271,1613.9130036830902,False
1744,3,243,TargetDisplacement,1764333135.2947147,1614.0793907642365,True
1745,3,243,LeftResponse,1764333136.0860777,1614.8707523345947,False
1746,3,244,FeedbackPeriodStarted,1764333136.1066303,1614.891304731369,False
1747,3,244,startFixDisplay,1764333136.106695,1614.8913683891296,False
1748,3,244,startFixPeriod,1764333136.3219452,1615.1066210269928,False
1749,3,244,TargetPresentation,1764333137.4599576,1616.2446327209473,False
1750,3,244,TargetDisplacement,1764333137.6123486,1616.3970248699188,True
1751,3,244,LeftResponse,1764333138.3275957,1617.1122751235962,False
1752,3,245,FeedbackPeriodStarted,1764333138.3478284,1617.1325027942657,False
1753,3,245,startFixDisplay,1764333138.347892,1617.132565498352,False
1754,3,245,startFixPeriod,1764333138.5909104,1617.3755853176117,False
1755,3,245,TargetPresentation,1764333139.7288654,1618.513542175293,False
1756,3,245,TargetRemoval,1764333139.874592,1618.6592659950256,True
1757,3,245,TargetReappeared,1764333140.1244323,1618.909108877182,False
1758,3,245,RightResponse,1764333140.8740582,1619.658732175827,False
1759,3,246,FeedbackPeriodStarted,1764333140.8945465,1619.6792232990265,False
1760,3,246,startFixDisplay,1764333140.8946955,1619.6793689727783,False
1761,3,246,startFixPeriod,1764333141.1168714,1619.9015464782715,False
1762,3,246,TargetPresentation,1764333141.9356396,1620.7203166484833,False
1763,3,246,TargetDisplacement,1764333142.3862987,1621.170972585678,True
1764,3,246,RightResponse,1764333142.865618,1621.6502945423126,False
1765,3,246,FeedbackPeriodStarted,1764333142.8720973,1621.6567714214325,False
1766,3,247,startFixDisplay,1764333144.8844802,1623.6691567897797,False
1767,3,247,startFixPeriod,1764333144.8914976,1623.6761741638184,False
1768,3,247,TargetPresentation,1764333145.9948537,1624.7795279026031,False
1769,3,247,TargetRemoval,1764333146.154391,1624.9390676021576,True
1770,3,247,TargetReappeared,1764333146.404272,1625.1889474391937,False
1771,3,247,RightResponse,1764333146.8903198,1625.6749966144562,False
1772,3,248,FeedbackPeriodStarted,1764333146.9107206,1625.6953973770142,False
1773,3,248,startFixDisplay,1764333146.910863,1625.6955378055573,False
1774,3,248,startFixPeriod,1764333147.2438161,1626.028490781784,False
1775,3,248,TargetPresentation,1764333148.6177843,1627.4024593830109,False
1776,3,248,TargetDisplacement,1764333148.7704358,1627.555112361908,True
1777,3,248,RightResponse,1764333149.485359,1628.270033121109,False
1778,3,249,FeedbackPeriodStarted,1764333149.5059464,1628.2906231880188,False
1779,3,249,startFixDisplay,1764333149.5060792,1628.2907545566559,False
1780,3,249,startFixPeriod,1764333149.7210255,1628.5057020187378,False
1781,3,249,TargetPresentation,1764333150.845397,1629.6300745010376,False
1782,3,249,TargetRemoval,1764333150.9630785,1629.747754573822,True
1783,3,249,TargetReappeared,1764333151.2130024,1629.9976782798767,False
1784,3,249,RightResponse,1764333151.7266643,1630.5113394260406,False
1785,3,250,FeedbackPeriodStarted,1764333151.7541685,1630.5388453006744,False
1786,3,250,startFixDisplay,1764333151.7542968,1630.53897190094,False
1787,3,250,startFixPeriod,1764333151.8792,1630.6638765335083,False
1788,3,250,TargetPresentation,1764333152.4897592,1631.2744343280792,False
1789,3,250,TargetRemoval,1764333152.7811942,1631.5658707618713,True
1790,3,250,TargetReappeared,1764333153.0309868,1631.8156628608704,False
1791,3,250,LeftResponse,1764333153.6350794,1632.4197552204132,False
1792,3,251,FeedbackPeriodStarted,1764333153.6623626,1632.4470393657684,False
1793,3,251,startFixDisplay,1764333153.6625004,1632.447175502777,False
1794,3,251,startFixPeriod,1764333153.9192154,1632.703890800476,False
1795,3,251,TargetPresentation,1764333154.4536643,1633.2383415699005,False
1796,3,251,TargetRemoval,1764333154.6338632,1633.418536901474,True
1797,3,251,TargetReappeared,1764333154.8837488,1633.6684255599976,False
1798,3,251,RightResponse,1764333155.5017745,1634.2864503860474,False
1799,3,252,FeedbackPeriodStarted,1764333155.5219321,1634.3066065311432,False
1800,3,252,startFixDisplay,1764333155.521995,1634.3066687583923,False
1801,3,252,startFixPeriod,1764333155.7373033,1634.521980047226,False
1802,3,252,TargetPresentation,1764333156.3897195,1635.1743960380554,False
1803,3,252,TargetDisplacement,1764333156.3965502,1635.1812269687653,True
1804,3,252,LeftResponse,1764333157.6597204,1636.444396495819,False
1805,3,252,FeedbackPeriodStarted,1764333157.6731348,1636.4578094482422,False
1806,3,253,startFixDisplay,1764333159.6853662,1638.4700407981873,False
1807,3,253,startFixPeriod,1764333159.6925097,1638.4771859645844,False
1808,3,253,TargetPresentation,1764333160.4835167,1639.2681934833527,False
1809,3,253,TargetDisplacement,1764333160.6429484,1639.4276220798492,True
1810,3,253,LeftResponse,1764333161.6150472,1640.3997230529785,False
1811,3,254,FeedbackPeriodStarted,1764333161.6423948,1640.4270718097687,False
1812,3,254,startFixDisplay,1764333161.6426108,1640.4272875785828,False
1813,3,254,startFixPeriod,1764333161.8298326,1640.6145088672638,False
1814,3,254,TargetPresentation,1764333162.37098,1641.1556570529938,False
1815,3,254,TargetDisplacement,1764333162.578995,1641.3636710643768,True
1816,3,254,LeftResponse,1764333163.2386706,1642.0233466625214,False
1817,3,255,FeedbackPeriodStarted,1764333163.265929,1642.0506031513214,False
1818,3,255,startFixDisplay,1764333163.2659938,1642.0506672859192,False
1819,3,255,startFixPeriod,1764333163.4119065,1642.1965832710266,False
1820,3,255,TargetPresentation,1764333164.071077,1642.8557515144348,False
1821,3,255,TargetDisplacement,1764333164.2305622,1643.0152361392975,True
1822,3,255,RightResponse,1764333165.1400714,1643.924747467041,False
1823,3,256,FeedbackPeriodStarted,1764333165.1603816,1643.9450578689575,False
1824,3,256,startFixDisplay,1764333165.1605241,1643.9451994895935,False
1825,3,256,startFixPeriod,1764333165.3826346,1644.167311668396,False
1826,3,256,TargetPresentation,1764333166.5067556,1645.2914323806763,False
1827,3,256,TargetDisplacement,1764333166.652222,1645.4368979930878,True
1828,3,256,RightResponse,1764333167.526955,1646.3116300106049,False
1829,3,257,FeedbackPeriodStarted,1764333167.5543458,1646.339022397995,False
1830,3,257,startFixDisplay,1764333167.5544856,1646.3391609191895,False
1831,3,257,startFixPeriod,1764333167.741845,1646.5265216827393,False
1832,3,257,TargetPresentation,1764333168.3664186,1647.1510961055756,False
1833,3,257,TargetRemoval,1764333168.54662,1647.3312938213348,True
1834,3,257,TargetReappeared,1764333168.796595,1647.5812723636627,False
1835,3,257,RightResponse,1764333169.3798294,1648.1645040512085,False
1836,3,258,FeedbackPeriodStarted,1764333169.4001036,1648.1847805976868,False
1837,3,258,startFixDisplay,1764333169.4002361,1648.1849112510681,False
1838,3,258,startFixPeriod,1764333169.6152942,1648.3999705314636,False
1839,3,258,TargetPresentation,1764333171.0933778,1649.8780534267426,False
1840,3,258,TargetDisplacement,1764333171.2319884,1650.0166645050049,True
1841,3,258,LeftResponse,1764333172.0443218,1650.828997373581,False
1842,3,258,FeedbackPeriodStarted,1764333172.0578055,1650.8424797058105,False
1843,3,259,startFixDisplay,1764333174.0702298,1652.8549070358276,False
1844,3,259,startFixPeriod,1764333174.0770137,1652.8616886138916,False
1845,3,259,TargetPresentation,1764333175.3608928,1654.1455826759338,False
1846,3,259,TargetDisplacement,1764333175.5688798,1654.3535561561584,True
1847,3,259,LeftResponse,1764333176.2908027,1655.075476884842,False
1848,3,260,FeedbackPeriodStarted,1764333176.3115053,1655.096182346344,False
1849,3,260,startFixDisplay,1764333176.3116686,1655.0963439941406,False
1850,3,260,startFixPeriod,1764333176.5613532,1655.346029996872,False
1851,3,260,TargetPresentation,1764333177.3177888,1656.1024658679962,False
1852,3,260,TargetDisplacement,1764333177.7616932,1656.5463693141937,True
1853,3,260,LeftResponse,1764333178.1646557,1656.9493336677551,False
1854,3,261,FeedbackPeriodStarted,1764333178.1850417,1656.9697184562683,False
1855,3,261,startFixDisplay,1764333178.1851745,1656.9698498249054,False
1856,3,261,startFixPeriod,1764333178.337801,1657.1224780082703,False
1857,3,261,TargetPresentation,1764333178.9137635,1657.6984403133392,False
1858,3,261,TargetDisplacement,1764333179.0870767,1657.8717529773712,True
1859,3,261,RightResponse,1764333179.9478672,1658.7325420379639,False
1860,3,262,FeedbackPeriodStarted,1764333179.9751961,1658.7598729133606,False
1861,3,262,startFixDisplay,1764333179.9753356,1658.760010957718,False
1862,3,262,startFixPeriod,1764333180.1628003,1658.9474747180939,False
1863,3,262,TargetPresentation,1764333181.6130002,1660.3976764678955,False
1864,3,262,TargetDisplacement,1764333181.7516358,1660.5363097190857,True
1865,3,262,RightResponse,1764333182.5151095,1661.2997839450836,False
1866,3,263,FeedbackPeriodStarted,1764333182.535623,1661.320297241211,False
1867,3,263,startFixDisplay,1764333182.5356867,1661.3203599452972,False
1868,3,263,startFixPeriod,1764333182.6885357,1661.4732131958008,False
1869,3,263,TargetPresentation,1764333184.1179683,1662.9026455879211,False
1870,3,263,TargetDisplacement,1764333184.270388,1663.0550618171692,True
1871,3,263,RightResponse,1764333185.0687764,1663.8534502983093,False
1872,3,263,FeedbackPeriodStarted,1764333185.1101246,1663.8947987556458,False
1873,4,264,startFixDisplay,1764333264.5827947,1743.3674688339233,False
1874,4,264,startFixPeriod,1764333264.5896976,1743.374371290207,False
1875,4,264,TargetPresentation,1764333265.679257,1744.463933467865,False
1876,4,264,TargetRemoval,1764333265.8388078,1744.623483657837,True
1877,4,264,TargetReappeared,1764333266.088785,1744.8734600543976,False
1878,4,264,RightResponse,1764333266.4496758,1745.2343497276306,False
1879,4,265,FeedbackPeriodStarted,1764333266.4702966,1745.2549731731415,False
1880,4,265,startFixDisplay,1764333266.4704263,1745.2551016807556,False
1881,4,265,startFixPeriod,1764333266.7203157,1745.5049924850464,False
1882,4,265,TargetPresentation,1764333267.9969862,1746.7816627025604,False
1883,4,265,TargetDisplacement,1764333268.170379,1746.9550552368164,True
1884,4,265,LeftResponse,1764333269.0797627,1747.864436864853,False
1885,4,266,FeedbackPeriodStarted,1764333269.1001813,1747.8848581314087,False
1886,4,266,startFixDisplay,1764333269.1003113,1747.8849866390228,False
1887,4,266,startFixPeriod,1764333269.3917952,1748.176471710205,False
1888,4,266,TargetPresentation,1764333270.0509155,1748.8355906009674,False
1889,4,266,TargetRemoval,1764333270.1826303,1748.9673042297363,True
1890,4,266,TargetReappeared,1764333270.4327,1749.2173745632172,False
1891,4,266,RightResponse,1764333271.147527,1749.9322028160095,False
1892,4,267,FeedbackPeriodStarted,1764333271.1749847,1749.959661245346,False
1893,4,267,startFixDisplay,1764333271.1750968,1749.9597704410553,False
1894,4,267,startFixPeriod,1764333271.348665,1750.133343219757,False
1895,4,267,TargetPresentation,1764333271.9591815,1750.7438580989838,False
1896,4,267,TargetRemoval,1764333272.3615336,1751.1462097167969,True
1897,4,267,TargetReappeared,1764333272.6114786,1751.3961548805237,False
1898,4,267,LeftResponse,1764333273.2500465,1752.0347218513489,False
1899,4,268,FeedbackPeriodStarted,1764333273.2774978,1752.062174320221,False
1900,4,268,startFixDisplay,1764333273.2776608,1752.0623362064362,False
1901,4,268,startFixPeriod,1764333273.5760016,1752.3606760501862,False
1902,4,268,TargetPresentation,1764333274.3462358,1753.1309106349945,False
1903,4,268,TargetRemoval,1764333274.5196593,1753.3043358325958,True
1904,4,268,TargetReappeared,1764333274.769425,1753.5541002750397,False
1905,4,268,LeftResponse,1764333275.4634855,1754.2481603622437,False
1906,4,269,FeedbackPeriodStarted,1764333275.4910355,1754.275711774826,False
1907,4,269,startFixDisplay,1764333275.4911716,1754.275847196579,False
1908,4,269,startFixPeriod,1764333275.6786132,1754.4632904529572,False
1909,4,269,TargetPresentation,1764333276.3516114,1755.1362884044647,False
1910,4,269,TargetRemoval,1764333276.5387766,1755.3234527111053,True
1911,4,269,TargetReappeared,1764333276.78878,1755.5734567642212,False
1912,4,269,RightResponse,1764333277.4273994,1756.2120759487152,False
1913,4,270,FeedbackPeriodStarted,1764333277.4477937,1756.2324681282043,False
1914,4,270,startFixDisplay,1764333277.4479055,1756.2325789928436,False
1915,4,270,startFixPeriod,1764333277.5936873,1756.3783638477325,False
1916,4,270,TargetPresentation,1764333278.8149803,1757.59965467453,False
1917,4,270,TargetRemoval,1764333279.0924065,1757.877082824707,True
1918,4,270,TargetReappeared,1764333279.3423111,1758.126987695694,False
1919,4,270,LeftResponse,1764333280.7579167,1759.542590379715,False
1920,4,270,FeedbackPeriodStarted,1764333280.7648356,1759.5495097637177,False
1921,4,271,startFixDisplay,1764333282.7770329,1761.5617117881775,False
1922,4,271,startFixPeriod,1764333283.06154,1761.8462162017822,False
1923,4,271,TargetPresentation,1764333284.3038177,1763.0884945392609,False
1924,4,271,TargetDisplacement,1764333284.4423735,1763.2270498275757,True
1925,4,271,RightResponse,1764333285.261836,1764.0465104579926,False
1926,4,272,FeedbackPeriodStarted,1764333285.2819498,1764.0666241645813,False
1927,4,272,startFixDisplay,1764333285.2820141,1764.066687822342,False
1928,4,272,startFixPeriod,1764333285.4834392,1764.2681157588959,False
1929,4,272,TargetPresentation,1764333286.274299,1765.0589756965637,False
1930,4,272,TargetDisplacement,1764333286.42004,1765.2047164440155,True
1931,4,272,RightResponse,1764333287.4474328,1766.232108592987,False
1932,4,273,FeedbackPeriodStarted,1764333287.4678457,1766.2525222301483,False
1933,4,273,startFixDisplay,1764333287.4679873,1766.2526607513428,False
1934,4,273,startFixPeriod,1764333287.6622584,1766.446935415268,False
1935,4,273,TargetPresentation,1764333288.3700845,1767.1547591686249,False
1936,4,273,TargetDisplacement,1764333288.5155907,1767.300267457962,True
1937,4,273,RightResponse,1764333289.2932954,1768.077971458435,False
1938,4,274,FeedbackPeriodStarted,1764333289.32055,1768.105226278305,False
1939,4,274,startFixDisplay,1764333289.3207042,1768.1053795814514,False
1940,4,274,startFixPeriod,1764333289.5288377,1768.3135135173798,False
1941,4,274,TargetPresentation,1764333290.2574973,1769.0421743392944,False
1942,4,274,TargetDisplacement,1764333290.3961015,1769.180777311325,True
1943,4,274,RightResponse,1764333291.8398764,1770.6245529651642,False
1944,4,275,FeedbackPeriodStarted,1764333291.8602507,1770.6449275016785,False
1945,4,275,startFixDisplay,1764333291.8604615,1770.645137310028,False
1946,4,275,startFixPeriod,1764333292.0547419,1770.8394186496735,False
1947,4,275,TargetPresentation,1764333293.2621098,1772.0467858314514,False
1948,4,275,TargetDisplacement,1764333293.4353971,1772.220073223114,True
1949,4,275,LeftResponse,1764333294.4140246,1773.1986989974976,False
1950,4,276,FeedbackPeriodStarted,1764333294.434624,1773.2193009853363,False
1951,4,276,startFixDisplay,1764333294.4347634,1773.219438791275,False
1952,4,276,startFixPeriod,1764333294.6220953,1773.4067714214325,False
1953,4,276,TargetPresentation,1764333295.482465,1774.2671415805817,False
1954,4,276,TargetDisplacement,1764333295.6280148,1774.4126887321472,True
1955,4,276,RightResponse,1764333296.4751287,1775.2598040103912,False
1956,4,276,FeedbackPeriodStarted,1764333296.4886866,1775.2733607292175,False
1957,4,277,startFixDisplay,1764333298.500874,1777.2855505943298,False
1958,4,277,startFixPeriod,1764333298.7438545,1777.5285313129425,False
1959,4,277,TargetPresentation,1764333300.2148776,1778.999552488327,False
1960,4,277,TargetRemoval,1764333300.3813317,1779.166007757187,True
1961,4,277,TargetReappeared,1764333300.6312256,1779.415902376175,False
1962,4,277,RightResponse,1764333301.1659071,1779.9505808353424,False
1963,4,278,FeedbackPeriodStarted,1764333301.186285,1779.9709618091583,False
1964,4,278,startFixDisplay,1764333301.186432,1779.9711072444916,False
1965,4,278,startFixPeriod,1764333301.408469,1780.1931459903717,False
1966,4,278,TargetPresentation,1764333302.8032732,1781.5879509449005,False
1967,4,278,TargetDisplacement,1764333302.9487176,1781.7333915233612,True
1968,4,278,RightResponse,1764333303.9068584,1782.6915347576141,False
1969,4,279,FeedbackPeriodStarted,1764333303.934185,1782.718861579895,False
1970,4,279,startFixDisplay,1764333303.9343178,1782.718992948532,False
1971,4,279,startFixPeriod,1764333304.121541,1782.9062178134918,False
1972,4,279,TargetPresentation,1764333305.3638012,1784.1484780311584,False
1973,4,279,TargetDisplacement,1764333305.502328,1784.287003993988,True
1974,4,279,LeftResponse,1764333306.522831,1785.307505607605,False
1975,4,280,FeedbackPeriodStarted,1764333306.550264,1785.3349404335022,False
1976,4,280,startFixDisplay,1764333306.5504608,1785.3351368904114,False
1977,4,280,startFixPeriod,1764333306.7723682,1785.5570447444916,False
1978,4,280,TargetPresentation,1764333308.035202,1786.8198764324188,False
1979,4,280,TargetDisplacement,1764333308.1599452,1786.944619178772,True
1980,4,280,RightResponse,1764333308.9582644,1787.7429385185242,False
1981,4,281,FeedbackPeriodStarted,1764333308.978862,1787.7635390758514,False
1982,4,281,startFixDisplay,1764333308.979011,1787.763686656952,False
1983,4,281,startFixPeriod,1764333309.492527,1788.277203798294,False
1984,4,281,TargetPresentation,1764333310.512474,1789.2971510887146,False
1985,4,281,TargetRemoval,1764333312.115288,1790.8999643325806,True
1986,4,281,TargetReappeared,1764333312.3652928,1791.149968624115,False
1987,4,281,LeftResponse,1764333313.191277,1791.975952386856,False
1988,4,282,FeedbackPeriodStarted,1764333313.2186146,1792.0032913684845,False
1989,4,282,startFixDisplay,1764333313.218763,1792.0034384727478,False
1990,4,282,startFixPeriod,1764333313.5448947,1792.329570055008,False
1991,4,282,TargetPresentation,1764333314.738258,1793.5229361057281,False
1992,4,282,TargetRemoval,1764333314.870015,1793.6546909809113,True
1993,4,282,TargetReappeared,1764333315.119985,1793.904659986496,False
1994,4,282,RightResponse,1764333315.7170262,1794.5017004013062,False
1995,4,282,FeedbackPeriodStarted,1764333315.7235367,1794.508210659027,False
1996,4,283,startFixDisplay,1764333317.7359288,1796.5206072330475,False
1997,4,283,startFixPeriod,1764333317.7428682,1796.5275447368622,False
1998,4,283,TargetPresentation,1764333318.5965257,1797.3812024593353,False
1999,4,283,TargetDisplacement,1764333318.7697299,1797.5544037818909,True
2000,4,283,LeftResponse,1764333319.5752368,1798.359913110733,False
2001,4,284,FeedbackPeriodStarted,1764333319.6025107,1798.3871874809265,False
2002,4,284,startFixDisplay,1764333319.6026604,1798.3873357772827,False
2003,4,284,startFixPeriod,1764333319.8455493,1798.6302258968353,False
2004,4,284,TargetPresentation,1764333320.8723905,1799.657066822052,False
2005,4,284,TargetDisplacement,1764333321.0249603,1799.8096339702606,True
2006,4,284,RightResponse,1764333321.83721,1800.6218855381012,False
2007,4,285,FeedbackPeriodStarted,1764333321.857705,1800.6423797607422,False
2008,4,285,startFixDisplay,1764333321.8577724,1800.6424458026886,False
2009,4,285,startFixPeriod,1764333322.1631973,1800.9478738307953,False
2010,4,285,TargetPresentation,1764333323.1831093,1801.967783689499,False
2011,4,285,TargetDisplacement,1764333323.3565176,1802.1411936283112,True
2012,4,285,RightResponse,1764333324.2520487,1803.0367240905762,False
2013,4,286,FeedbackPeriodStarted,1764333324.2723713,1803.0570454597473,False
2014,4,286,startFixDisplay,1764333324.2724345,1803.057107925415,False
2015,4,286,startFixPeriod,1764333324.4668915,1803.2515668869019,False
2016,4,286,TargetPresentation,1764333325.6118104,1804.3964869976044,False
2017,4,286,TargetDisplacement,1764333325.7713134,1804.5559899806976,True
2018,4,286,RightResponse,1764333326.500023,1805.284696817398,False
2019,4,287,FeedbackPeriodStarted,1764333326.5208154,1805.3054921627045,False
2020,4,287,startFixDisplay,1764333326.5209467,1805.30562210083,False
2021,4,287,startFixPeriod,1764333326.708235,1805.4929099082947,False
2022,4,287,TargetPresentation,1764333327.6864796,1806.4711563587189,False
2023,4,287,TargetRemoval,1764333327.839057,1806.623732805252,True
2024,4,287,TargetReappeared,1764333328.08897,1806.873646736145,False
2025,4,287,LeftResponse,1764333328.942753,1807.727429151535,False
2026,4,288,FeedbackPeriodStarted,1764333328.963258,1807.7479348182678,False
2027,4,288,startFixDisplay,1764333328.9634643,1807.7481422424316,False
2028,4,288,startFixPeriod,1764333329.310304,1808.094980955124,False
2029,4,288,TargetPresentation,1764333330.2541192,1809.0387935638428,False
2030,4,288,TargetDisplacement,1764333330.3996947,1809.1843709945679,True
2031,4,288,RightResponse,1764333331.1492915,1809.9339654445648,False
2032,4,288,FeedbackPeriodStarted,1764333331.156042,1809.9407165050507,False
2033,4,289,startFixDisplay,1764333333.1682935,1811.9529700279236,False
2034,4,289,startFixPeriod,1764333333.4251819,1812.2098569869995,False
2035,4,289,TargetPresentation,1764333334.4591148,1813.2437899112701,False
2036,4,289,TargetRemoval,1764333334.6324065,1813.417082309723,True
2037,4,289,TargetReappeared,1764333334.882304,1813.6669828891754,False
2038,4,289,LeftResponse,1764333335.6528866,1814.4375627040863,False
2039,4,290,FeedbackPeriodStarted,1764333335.6733153,1814.4579918384552,False
2040,4,290,startFixDisplay,1764333335.6734533,1814.4581286907196,False
2041,4,290,startFixPeriod,1764333335.8399146,1814.6245889663696,False
2042,4,290,TargetPresentation,1764333336.4436884,1815.2283658981323,False
2043,4,290,TargetDisplacement,1764333336.5961456,1815.380821943283,True
2044,4,290,RightResponse,1764333337.4362137,1816.2208886146545,False
2045,4,291,FeedbackPeriodStarted,1764333337.4636755,1816.2483520507812,False
2046,4,291,startFixDisplay,1764333337.4638145,1816.2484900951385,False
2047,4,291,startFixPeriod,1764333337.6581168,1816.442792892456,False
2048,4,291,TargetPresentation,1764333338.2130375,1816.9977145195007,False
2049,4,291,TargetRemoval,1764333338.3657634,1817.1504373550415,True
2050,4,291,TargetReappeared,1764333338.6155517,1817.4002287387848,False
2051,4,291,LeftResponse,1764333339.254286,1818.0389621257782,False
2052,4,292,FeedbackPeriodStarted,1764333339.2746089,1818.0592839717865,False
2053,4,292,startFixDisplay,1764333339.2746959,1818.0593700408936,False
2054,4,292,startFixPeriod,1764333339.489887,1818.274563550949,False
2055,4,292,TargetPresentation,1764333340.6210356,1819.4057116508484,False
2056,4,292,TargetDisplacement,1764333340.7596374,1819.5443131923676,True
2057,4,292,LeftResponse,1764333341.5995514,1820.384226322174,False
2058,4,293,FeedbackPeriodStarted,1764333341.6271508,1820.4118287563324,False
2059,4,293,startFixDisplay,1764333341.6273053,1820.4119806289673,False
2060,4,293,startFixPeriod,1764333341.8560698,1820.6407465934753,False
2061,4,293,TargetPresentation,1764333342.6957164,1821.4803910255432,False
2062,4,293,TargetDisplacement,1764333342.8760312,1821.6607072353363,True
2063,4,293,LeftResponse,1764333343.8478503,1822.632526397705,False
2064,4,294,FeedbackPeriodStarted,1764333343.8683093,1822.6529862880707,False
2065,4,294,startFixDisplay,1764333343.8684487,1822.6531240940094,False
2066,4,294,startFixPeriod,1764333344.0836275,1822.868304491043,False
2067,4,294,TargetPresentation,1764333345.1591685,1823.9438452720642,False
2068,4,294,TargetRemoval,1764333345.3116693,1824.096346616745,True
2069,4,294,TargetReappeared,1764333345.56155,1824.3462250232697,False
2070,4,294,RightResponse,1764333346.137504,1824.9221785068512,False
2071,4,294,FeedbackPeriodStarted,1764333346.1442692,1824.9289441108704,False
2072,4,295,startFixDisplay,1764333348.156597,1826.94127368927,False
2073,4,295,startFixPeriod,1764333348.4134986,1827.198175907135,False
2074,4,295,TargetPresentation,1764333349.3572342,1828.1419112682343,False
2075,4,295,TargetRemoval,1764333349.509832,1828.2945058345795,True
2076,4,295,TargetReappeared,1764333349.7597558,1828.5444326400757,False
2077,4,295,RightResponse,1764333350.502491,1829.2871670722961,False
2078,4,296,FeedbackPeriodStarted,1764333350.522812,1829.3074865341187,False
2079,4,296,startFixDisplay,1764333350.5228817,1829.3075551986694,False
2080,4,296,startFixPeriod,1764333350.7172754,1829.5019521713257,False
2081,4,296,TargetPresentation,1764333352.0634506,1830.8481273651123,False
2082,4,296,TargetDisplacement,1764333352.188097,1830.9727709293365,True
2083,4,296,LeftResponse,1764333353.0838351,1831.8685111999512,False
2084,4,297,FeedbackPeriodStarted,1764333353.1040783,1831.8887526988983,False
2085,4,297,startFixDisplay,1764333353.1041443,1831.888818025589,False
2086,4,297,startFixPeriod,1764333353.2916923,1832.076369047165,False
2087,4,297,TargetPresentation,1764333354.6655982,1833.450273513794,False
2088,4,297,TargetRemoval,1764333354.804281,1833.58895778656,True
2089,4,297,TargetReappeared,1764333355.0541537,1833.8388299942017,False
2090,4,297,LeftResponse,1764333355.9772208,1834.7618954181671,False
2091,4,298,FeedbackPeriodStarted,1764333355.9977746,1834.7824511528015,False
2092,4,298,startFixDisplay,1764333355.9979205,1834.782595872879,False
2093,4,298,startFixPeriod,1764333356.372524,1835.1572003364563,False
2094,4,298,TargetPresentation,1764333357.3161604,1836.1008348464966,False
2095,4,298,TargetRemoval,1764333357.4756515,1836.2603254318237,True
2096,4,298,TargetReappeared,1764333357.7257204,1836.510397195816,False
2097,4,298,LeftResponse,1764333358.4753144,1837.2599902153015,False
2098,4,299,FeedbackPeriodStarted,1764333358.4957044,1837.2803785800934,False
2099,4,299,startFixDisplay,1764333358.495847,1837.2805206775665,False
2100,4,299,startFixPeriod,1764333358.6831615,1837.4678363800049,False
2101,4,299,TargetPresentation,1764333359.2452562,1838.0299305915833,False
2102,4,299,TargetDisplacement,1764333359.4256172,1838.2102909088135,True
2103,4,299,RightResponse,1764333360.3905597,1839.1752350330353,False
2104,4,300,FeedbackPeriodStarted,1764333360.411036,1839.19571185112,False
2105,4,300,startFixDisplay,1764333360.4111445,1839.1958196163177,False
2106,4,300,startFixPeriod,1764333360.6261272,1839.4108016490936,False
2107,4,300,TargetPresentation,1764333361.9930365,1840.7777106761932,False
2108,4,300,TargetRemoval,1764333362.1386817,1840.9233555793762,True
2109,4,300,TargetReappeared,1764333362.3888748,1841.1735520362854,False
2110,4,300,LeftResponse,1764333363.0064392,1841.7911138534546,False
2111,4,300,FeedbackPeriodStarted,1764333363.0132885,1841.7979650497437,False
2112,4,301,startFixDisplay,1764333365.0253952,1843.8100714683533,False
2113,4,301,startFixPeriod,1764333365.2753725,1844.0600492954254,False
2114,4,301,TargetPresentation,1764333366.496672,1845.2813470363617,False
2115,4,301,TargetRemoval,1764333366.6421652,1845.4268391132355,True
2116,4,301,TargetReappeared,1764333366.8921552,1845.6768305301666,False
2117,4,301,LeftResponse,1764333367.5239666,1846.3086428642273,False
2118,4,302,FeedbackPeriodStarted,1764333367.5512435,1846.3359200954437,False
2119,4,302,startFixDisplay,1764333367.5514424,1846.3361179828644,False
2120,4,302,startFixPeriod,1764333367.75955,1846.5442271232605,False
2121,4,302,TargetPresentation,1764333368.6894064,1847.4740812778473,False
2122,4,302,TargetDisplacement,1764333368.8279815,1847.6126577854156,True
2123,4,302,RightResponse,1764333369.6542199,1848.438895225525,False
2124,4,303,FeedbackPeriodStarted,1764333369.6744938,1848.459167957306,False
2125,4,303,startFixDisplay,1764333369.6745605,1848.459234237671,False
2126,4,303,startFixPeriod,1764333369.8828924,1848.6675691604614,False
2127,4,303,TargetPresentation,1764333370.9376633,1849.7223398685455,False
2128,4,303,TargetRemoval,1764333371.1316876,1849.9163613319397,True
2129,4,303,TargetReappeared,1764333371.381857,1850.1665344238281,False
2130,4,303,LeftResponse,1764333371.9853454,1850.7700192928314,False
2131,4,304,FeedbackPeriodStarted,1764333372.0060718,1850.7907462120056,False
2132,4,304,startFixDisplay,1764333372.0061321,1850.7908058166504,False
2133,4,304,startFixPeriod,1764333372.2351434,1851.0198199748993,False
2134,4,304,TargetPresentation,1764333373.3871136,1852.1717898845673,False
2135,4,304,TargetRemoval,1764333373.5813627,1852.3660390377045,True
2136,4,304,TargetReappeared,1764333373.8312004,1852.6158769130707,False
2137,4,304,RightResponse,1764333374.393437,1853.1781125068665,False
2138,4,305,FeedbackPeriodStarted,1764333374.4138598,1853.1985342502594,False
2139,4,305,startFixDisplay,1764333374.4139264,1853.1985998153687,False
2140,4,305,startFixPeriod,1764333374.705589,1853.4902653694153,False
2141,4,305,TargetPresentation,1764333375.7741752,1854.558849811554,False
2142,4,305,TargetDisplacement,1764333375.933557,1854.718232870102,True
2143,4,305,LeftResponse,1764333376.683452,1855.4681277275085,False
2144,4,306,FeedbackPeriodStarted,1764333376.7038407,1855.488515138626,False
2145,4,306,startFixDisplay,1764333376.7039077,1855.488581418991,False
2146,4,306,startFixPeriod,1764333376.9121206,1855.6967968940735,False
2147,4,306,TargetPresentation,1764333378.3138404,1857.0985171794891,False
2148,4,306,TargetDisplacement,1764333378.5079513,1857.2926251888275,True
2149,4,306,LeftResponse,1764333379.2022011,1857.986876487732,False
2150,4,306,FeedbackPeriodStarted,1764333379.2089782,1857.9936566352844,False
2151,4,307,startFixDisplay,1764333381.2210948,1860.0057690143585,False
2152,4,307,startFixPeriod,1764333381.5405142,1860.3251910209656,False
2153,4,307,TargetPresentation,1764333382.5049613,1861.28963804245,False
2154,4,307,TargetRemoval,1764333382.664387,1861.4490633010864,True
2155,4,307,TargetReappeared,1764333382.9143388,1861.6990151405334,False
2156,4,307,LeftResponse,1764333383.4559624,1862.240638256073,False
2157,4,308,FeedbackPeriodStarted,1764333383.4762776,1862.260951757431,False
2158,4,308,startFixDisplay,1764333383.476346,1862.261019706726,False
2159,4,308,startFixPeriod,1764333383.677683,1862.4623596668243,False
2160,4,308,TargetPresentation,1764333385.1488254,1863.933500289917,False
2161,4,308,TargetDisplacement,1764333385.3012965,1864.0859727859497,True
2162,4,308,RightResponse,1764333386.1065638,1864.8912596702576,False
2163,4,309,FeedbackPeriodStarted,1764333386.1338837,1864.9185581207275,False
2164,4,309,startFixDisplay,1764333386.1339445,1864.9186182022095,False
2165,4,309,startFixPeriod,1764333386.328286,1865.1129615306854,False
2166,4,309,TargetPresentation,1764333387.4663568,1866.2510335445404,False
2167,4,309,TargetRemoval,1764333387.6328204,1866.4174942970276,True
2168,4,309,TargetReappeared,1764333387.882764,1866.6674406528473,False
2169,4,309,RightResponse,1764333388.6045055,1867.3891804218292,False
2170,4,310,FeedbackPeriodStarted,1764333388.6251357,1867.4098131656647,False
2171,4,310,startFixDisplay,1764333388.6252773,1867.4099524021149,False
2172,4,310,startFixPeriod,1764333388.8194582,1867.60413479805,False
2173,4,310,TargetPresentation,1764333390.151773,1868.9364473819733,False
2174,4,310,TargetRemoval,1764333390.2974527,1869.082129240036,True
2175,4,310,TargetReappeared,1764333390.5473495,1869.332025527954,False
2176,4,310,RightResponse,1764333391.1582422,1869.94291639328,False
2177,4,311,FeedbackPeriodStarted,1764333391.1785505,1869.963224887848,False
2178,4,311,startFixDisplay,1764333391.1786287,1869.9633021354675,False
2179,4,311,startFixPeriod,1764333391.4633355,1870.248012304306,False
2180,4,311,TargetPresentation,1764333392.4625547,1871.247231245041,False
2181,4,311,TargetDisplacement,1764333392.6152027,1871.3998765945435,True
2182,4,311,LeftResponse,1764333393.4065218,1872.1911976337433,False
2183,4,312,FeedbackPeriodStarted,1764333393.4338994,1872.2185764312744,False
2184,4,312,startFixDisplay,1764333393.4340463,1872.218721628189,False
2185,4,312,startFixPeriod,1764333393.6351864,1872.4198632240295,False
2186,4,312,TargetPresentation,1764333394.3707306,1873.1554079055786,False
2187,4,312,TargetDisplacement,1764333394.8632903,1873.6479663848877,True
2188,4,312,RightResponse,1764333395.3564677,1874.1411437988281,False
2189,4,312,FeedbackPeriodStarted,1764333395.3629537,1874.147629737854,False
2190,4,313,startFixDisplay,1764333397.3751662,1876.15984249115,False
2191,4,313,startFixPeriod,1764333397.6459916,1876.4306664466858,False
2192,4,313,TargetPresentation,1764333398.7631176,1877.547794342041,False
2193,4,313,TargetDisplacement,1764333398.9156275,1877.7003037929535,True
2194,4,313,LeftResponse,1764333399.8041744,1878.5888495445251,False
2195,4,314,FeedbackPeriodStarted,1764333399.8316538,1878.6163301467896,False
2196,4,314,startFixDisplay,1764333399.8317962,1878.616471529007,False
2197,4,314,startFixPeriod,1764333400.0608194,1878.8454961776733,False
2198,4,314,TargetPresentation,1764333401.2335012,1880.0181782245636,False
2199,4,314,TargetDisplacement,1764333401.4207575,1880.2054314613342,True
2200,4,314,LeftResponse,1764333402.45494,1881.239614725113,False
2201,4,315,FeedbackPeriodStarted,1764333402.4754808,1881.260159254074,False
2202,4,315,startFixDisplay,1764333402.4756503,1881.2603256702423,False
2203,4,315,startFixPeriod,1764333402.6768048,1881.4614808559418,False
2204,4,315,TargetPresentation,1764333404.133879,1882.9185557365417,False
2205,4,315,TargetRemoval,1764333404.314227,1883.0989010334015,True
2206,4,315,TargetReappeared,1764333404.5640996,1883.348774433136,False
2207,4,315,LeftResponse,1764333405.4593887,1884.244063615799,False
2208,4,316,FeedbackPeriodStarted,1764333405.486919,1884.2715954780579,False
2209,4,316,startFixDisplay,1764333405.4870574,1884.2717328071594,False
2210,4,316,startFixPeriod,1764333405.709122,1884.493798494339,False
2211,4,316,TargetPresentation,1764333406.4445527,1885.2292280197144,False
2212,4,316,TargetRemoval,1764333406.8816707,1885.6663465499878,True
2213,4,316,TargetReappeared,1764333407.1316705,1885.9163472652435,False
2214,4,316,LeftResponse,1764333407.7079973,1886.4926726818085,False
2215,4,317,FeedbackPeriodStarted,1764333407.7286537,1886.5133278369904,False
2216,4,317,startFixDisplay,1764333407.7287211,1886.513394832611,False
2217,4,317,startFixPeriod,1764333407.9296625,1886.714340209961,False
2218,4,317,TargetPresentation,1764333408.6165524,1887.4012291431427,False
2219,4,317,TargetDisplacement,1764333409.060488,1887.8451640605927,True
2220,4,317,RightResponse,1764333409.8867638,1888.6714401245117,False
2221,4,318,FeedbackPeriodStarted,1764333409.907205,1888.6918840408325,False
2222,4,318,startFixDisplay,1764333409.9074602,1888.6921377182007,False
2223,4,318,startFixPeriod,1764333410.0528717,1888.8375470638275,False
2224,4,318,TargetPresentation,1764333411.281139,1890.065815448761,False
2225,4,318,TargetDisplacement,1764333411.5795093,1890.3641855716705,True
2226,4,318,RightResponse,1764333412.426149,1891.2108235359192,False
2227,4,318,FeedbackPeriodStarted,1764333412.432893,1891.2175691127777,False
2228,4,319,startFixDisplay,1764333414.4452055,1893.2298822402954,False
2229,4,319,startFixPeriod,1764333414.6742759,1893.4589529037476,False
2230,4,319,TargetPresentation,1764333415.7082446,1894.4929189682007,False
2231,4,319,TargetDisplacement,1764333415.8608286,1894.645504951477,True
2232,4,319,LeftResponse,1764333416.5761006,1895.3607761859894,False
2233,4,320,FeedbackPeriodStarted,1764333416.6102426,1895.3949196338654,False
2234,4,320,startFixDisplay,1764333416.6103787,1895.3950538635254,False
2235,4,320,startFixPeriod,1764333416.8045173,1895.589194059372,False
2236,4,320,TargetPresentation,1764333418.2062938,1896.9909682273865,False
2237,4,320,TargetRemoval,1764333418.3520103,1897.1366865634918,True
2238,4,320,TargetReappeared,1764333418.6018915,1897.3865685462952,False
2239,4,320,LeftResponse,1764333419.3167636,1898.1014385223389,False
2240,4,321,FeedbackPeriodStarted,1764333419.3442006,1898.1288771629333,False
2241,4,321,startFixDisplay,1764333419.344341,1898.1290163993835,False
2242,4,321,startFixPeriod,1764333419.573436,1898.3581132888794,False
2243,4,321,TargetPresentation,1764333420.7529294,1899.5376060009003,False
2244,4,321,TargetDisplacement,1764333420.9817839,1899.7664597034454,True
2245,4,321,RightResponse,1764333421.7454038,1900.530079126358,False
2246,4,322,FeedbackPeriodStarted,1764333421.7728705,1900.557547569275,False
2247,4,322,startFixDisplay,1764333421.7730117,1900.557686805725,False
2248,4,322,startFixPeriod,1764333421.9881177,1900.7727930545807,False
2249,4,322,TargetPresentation,1764333422.7098405,1901.4945178031921,False
2250,4,322,TargetDisplacement,1764333422.8829794,1901.6676530838013,True
2251,4,322,LeftResponse,1764333423.646913,1902.431589126587,False
2252,4,323,FeedbackPeriodStarted,1764333423.6741383,1902.458812713623,False
2253,4,323,startFixDisplay,1764333423.674206,1902.4588794708252,False
2254,4,323,startFixPeriod,1764333423.8547955,1902.63947224617,False
2255,4,323,TargetPresentation,1764333425.0898535,1903.8745279312134,False
2256,4,323,TargetDisplacement,1764333425.2215257,1904.0062019824982,True
2257,4,323,RightResponse,1764333425.9922147,1904.7768895626068,False
2258,4,324,FeedbackPeriodStarted,1764333426.0195556,1904.8042323589325,False
2259,4,324,startFixDisplay,1764333426.0197299,1904.8044052124023,False
2260,4,324,startFixPeriod,1764333426.269543,1905.0542199611664,False
2261,4,324,TargetPresentation,1764333427.525505,1906.3101813793182,False
2262,4,324,TargetDisplacement,1764333427.705765,1906.490441083908,True
2263,4,324,RightResponse,1764333428.3790917,1907.1637666225433,False
2264,4,324,FeedbackPeriodStarted,1764333428.3857796,1907.1704561710358,False
2265,4,325,startFixDisplay,1764333430.3980143,1909.1826899051666,False
2266,4,325,startFixPeriod,1764333430.7035072,1909.4881839752197,False
2267,4,325,TargetPresentation,1764333431.973316,1910.7579910755157,False
2268,4,325,TargetDisplacement,1764333432.1120195,1910.8966958522797,True
2269,4,325,RightResponse,1764333432.882545,1911.667221069336,False
2270,4,326,FeedbackPeriodStarted,1764333432.903094,1911.687767982483,False
2271,4,326,startFixDisplay,1764333432.9031565,1911.6878299713135,False
2272,4,326,startFixPeriod,1764333433.1044524,1911.8891291618347,False
2273,4,326,TargetPresentation,1764333434.506177,1913.290852546692,False
2274,4,326,TargetDisplacement,1764333434.6793761,1913.4640498161316,True
2275,4,326,LeftResponse,1764333435.4223092,1914.2069845199585,False
2276,4,327,FeedbackPeriodStarted,1764333435.4427762,1914.2274508476257,False
2277,4,327,startFixDisplay,1764333435.4428446,1914.2275183200836,False
2278,4,327,startFixPeriod,1764333435.671859,1914.4565346240997,False
2279,4,327,TargetPresentation,1764333436.657249,1915.4419243335724,False
2280,4,327,TargetRemoval,1764333436.8235943,1915.6082708835602,True
2281,4,327,TargetReappeared,1764333437.0735443,1915.8582208156586,False
2282,4,327,RightResponse,1764333437.6497288,1916.4344053268433,False
2283,4,328,FeedbackPeriodStarted,1764333437.6702693,1916.4549465179443,False
2284,4,328,startFixDisplay,1764333437.6704218,1916.4550971984863,False
2285,4,328,startFixPeriod,1764333437.9479163,1916.7325932979584,False
2286,4,328,TargetPresentation,1764333438.6278698,1917.4125456809998,False
2287,4,328,TargetDisplacement,1764333439.0718322,1917.8565061092377,True
2288,4,328,LeftResponse,1764333439.7801259,1918.564800977707,False
2289,4,329,FeedbackPeriodStarted,1764333439.8074243,1918.592101097107,False
2290,4,329,startFixDisplay,1764333439.807565,1918.5922558307648,False
2291,4,329,startFixPeriod,1764333440.0920522,1918.8767292499542,False
2292,4,329,TargetPresentation,1764333441.1190405,1919.9037148952484,False
2293,4,329,TargetRemoval,1764333441.30636,1920.091037273407,True
2294,4,329,TargetReappeared,1764333441.5562387,1920.3409156799316,False
2295,4,329,LeftResponse,1764333442.2779658,1921.0626401901245,False
2296,4,329,FeedbackPeriodStarted,1764333442.319406,1921.1040823459625,False
2297,5,330,startFixDisplay,1764333747.0609517,2225.845628261566,False
2298,5,330,startFixPeriod,1764333747.269266,2226.0539429187775,False
2299,5,330,TargetPresentation,1764333747.9630275,2226.7477021217346,False
2300,5,330,TargetDisplacement,1764333748.129537,2226.914213180542,True
2301,5,330,LeftResponse,1764333749.0460837,2227.8307580947876,False
2302,5,331,FeedbackPeriodStarted,1764333749.0733354,2227.8580119609833,False
2303,5,331,startFixDisplay,1764333749.0735426,2227.858218431473,False
2304,5,331,startFixPeriod,1764333749.2816248,2228.066302537918,False
2305,5,331,TargetPresentation,1764333750.4126973,2229.197373867035,False
2306,5,331,TargetDisplacement,1764333750.5789719,2229.3636457920074,True
2307,5,331,RightResponse,1764333751.3356082,2230.120283603668,False
2308,5,332,FeedbackPeriodStarted,1764333751.3562748,2230.140951871872,False
2309,5,332,startFixDisplay,1764333751.356425,2230.141100168228,False
2310,5,332,startFixPeriod,1764333751.529875,2230.314550638199,False
2311,5,332,TargetPresentation,1764333752.9940581,2231.7787325382233,False
2312,5,332,TargetDisplacement,1764333753.146661,2231.9313373565674,True
2313,5,332,RightResponse,1764333753.9519956,2232.736671924591,False
2314,5,333,FeedbackPeriodStarted,1764333753.9722588,2232.756935596466,False
2315,5,333,startFixDisplay,1764333753.9723527,2232.7570264339447,False
2316,5,333,startFixPeriod,1764333754.1736283,2232.958305835724,False
2317,5,333,TargetPresentation,1764333755.6655068,2234.4501836299896,False
2318,5,333,TargetDisplacement,1764333755.797094,2234.5817680358887,True
2319,5,333,LeftResponse,1764333756.491631,2235.276309490204,False
2320,5,334,FeedbackPeriodStarted,1764333756.5189319,2235.3036065101624,False
2321,5,334,startFixDisplay,1764333756.5190036,2235.3036770820618,False
2322,5,334,startFixPeriod,1764333756.7549336,2235.539610385895,False
2323,5,334,TargetPresentation,1764333757.4001877,2236.184863805771,False
2324,5,334,TargetDisplacement,1764333757.5666683,2236.3513445854187,True
2325,5,334,LeftResponse,1764333758.316427,2237.1011035442352,False
2326,5,335,FeedbackPeriodStarted,1764333758.3439064,2237.128582715988,False
2327,5,335,startFixDisplay,1764333758.3440387,2237.1287138462067,False
2328,5,335,startFixPeriod,1764333758.5520897,2237.336766242981,False
2329,5,335,TargetPresentation,1764333759.0794568,2237.8641324043274,False
2330,5,335,TargetRemoval,1764333759.2528377,2238.03751373291,True
2331,5,335,TargetReappeared,1764333759.5027995,2238.2874763011932,False
2332,5,335,RightResponse,1764333760.0998256,2238.88450050354,False
2333,5,336,FeedbackPeriodStarted,1764333760.127196,2238.9118704795837,False
2334,5,336,startFixDisplay,1764333760.12732,2238.911993741989,False
2335,5,336,startFixPeriod,1764333760.432701,2239.2173779010773,False
2336,5,336,TargetPresentation,1764333761.8134332,2240.598109960556,False
2337,5,336,TargetDisplacement,1764333761.979863,2240.7645394802094,True
2338,5,336,RightResponse,1764333762.7020566,2241.4867327213287,False
2339,5,336,FeedbackPeriodStarted,1764333762.7086673,2241.493344783783,False
2340,5,337,startFixDisplay,1764333764.7207978,2243.505474090576,False
2341,5,337,startFixPeriod,1764333764.7832875,2243.567964076996,False
2342,5,337,TargetPresentation,1764333765.7271013,2244.511778116226,False
2343,5,337,TargetDisplacement,1764333765.886643,2244.671319246292,True
2344,5,337,LeftResponse,1764333766.6015604,2245.386234998703,False
2345,5,338,FeedbackPeriodStarted,1764333766.6220162,2245.4066903591156,False
2346,5,338,startFixDisplay,1764333766.62208,2245.406753540039,False
2347,5,338,startFixPeriod,1764333766.8025415,2245.5872161388397,False
2348,5,338,TargetPresentation,1764333768.2459688,2247.030645608902,False
2349,5,338,TargetRemoval,1764333768.3915281,2247.176204442978,True
2350,5,338,TargetReappeared,1764333768.6415007,2247.4261775016785,False
2351,5,338,RightResponse,1764333769.1342328,2247.9189069271088,False
2352,5,339,FeedbackPeriodStarted,1764333769.1548648,2247.939541578293,False
2353,5,339,startFixDisplay,1764333769.1550138,2247.939689397812,False
2354,5,339,startFixPeriod,1764333769.4187768,2248.2034537792206,False
2355,5,339,TargetPresentation,1764333769.9947422,2248.7794194221497,False
2356,5,339,TargetDisplacement,1764333770.1749692,2248.9596457481384,True
2357,5,339,LeftResponse,1764333770.8900235,2249.674699783325,False
2358,5,340,FeedbackPeriodStarted,1764333770.9103513,2249.695025920868,False
2359,5,340,startFixDisplay,1764333770.910425,2249.6950986385345,False
2360,5,340,startFixPeriod,1764333771.1187456,2249.9034225940704,False
2361,5,340,TargetPresentation,1764333771.805717,2250.5903940200806,False
2362,5,340,TargetDisplacement,1764333771.986011,2250.77068734169,True
2363,5,340,LeftResponse,1764333772.7494254,2251.5340995788574,False
2364,5,341,FeedbackPeriodStarted,1764333772.770032,2251.554706096649,False
2365,5,341,startFixDisplay,1764333772.7701113,2251.554785013199,False
2366,5,341,startFixPeriod,1764333772.943818,2251.7284936904907,False
2367,5,341,TargetPresentation,1764333773.7417092,2252.5263860225677,False
2368,5,341,TargetDisplacement,1764333773.9149945,2252.699670314789,True
2369,5,341,LeftResponse,1764333774.6715455,2253.456219434738,False
2370,5,342,FeedbackPeriodStarted,1764333774.6923215,2253.4769983291626,False
2371,5,342,startFixDisplay,1764333774.6924696,2253.47714471817,False
2372,5,342,startFixPeriod,1764333774.914465,2253.699140548706,False
2373,5,342,TargetPresentation,1764333775.9760234,2254.7606985569,False
2374,5,342,TargetDisplacement,1764333776.1424584,2254.9271347522736,True
2375,5,342,RightResponse,1764333776.9410312,2255.725708246231,False
2376,5,342,FeedbackPeriodStarted,1764333776.9474225,2255.7320992946625,False
2377,5,343,startFixDisplay,1764333778.9597282,2257.7444047927856,False
2378,5,343,startFixPeriod,1764333779.1750069,2257.959683895111,False
2379,5,343,TargetPresentation,1764333779.7648313,2258.549508333206,False
2380,5,343,TargetDisplacement,1764333779.9450898,2258.7297661304474,True
2381,5,343,LeftResponse,1764333780.7435353,2259.5282113552094,False
2382,5,344,FeedbackPeriodStarted,1764333780.777786,2259.5624630451202,False
2383,5,344,startFixDisplay,1764333780.7779212,2259.562596797943,False
2384,5,344,startFixPeriod,1764333780.9930108,2259.7776865959167,False
2385,5,344,TargetPresentation,1764333782.0963876,2260.8810634613037,False
2386,5,344,TargetRemoval,1764333782.2627444,2261.0474202632904,True
2387,5,344,TargetReappeared,1764333782.5127084,2261.2973849773407,False
2388,5,344,RightResponse,1764333783.1029058,2261.887582063675,False
2389,5,345,FeedbackPeriodStarted,1764333783.1230597,2261.9077339172363,False
2390,5,345,startFixDisplay,1764333783.1231267,2261.90780043602,False
2391,5,345,startFixPeriod,1764333783.3592334,2262.1439101696014,False
2392,5,345,TargetPresentation,1764333784.809452,2263.5941264629364,False
2393,5,345,TargetDisplacement,1764333784.9897192,2263.7743949890137,True
2394,5,345,RightResponse,1764333785.6283922,2264.4130668640137,False
2395,5,346,FeedbackPeriodStarted,1764333785.6558592,2264.440533399582,False
2396,5,346,startFixDisplay,1764333785.6559408,2264.4406147003174,False
2397,5,346,startFixPeriod,1764333785.8433776,2264.6280524730682,False
2398,5,346,TargetPresentation,1764333787.1201317,2265.904806137085,False
2399,5,346,TargetRemoval,1764333787.2796216,2266.064297914505,True
2400,5,346,TargetReappeared,1764333787.5295374,2266.3142142295837,False
2401,5,346,LeftResponse,1764333788.2098856,2266.9945619106293,False
2402,5,347,FeedbackPeriodStarted,1764333788.2372463,2267.021920442581,False
2403,5,347,startFixDisplay,1764333788.2373118,2267.0219852924347,False
2404,5,347,startFixPeriod,1764333788.487014,2267.2716908454895,False
2405,5,347,TargetPresentation,1764333789.437846,2268.2225227355957,False
2406,5,347,TargetDisplacement,1764333789.9164817,2268.7011585235596,True
2407,5,347,RightResponse,1764333790.3262923,2269.11096739769,False
2408,5,348,FeedbackPeriodStarted,1764333790.3536465,2269.138323545456,False
2409,5,348,startFixDisplay,1764333790.3537898,2269.1384646892548,False
2410,5,348,startFixPeriod,1764333790.6868427,2269.471519470215,False
2411,5,348,TargetPresentation,1764333791.9080787,2270.6927530765533,False
2412,5,348,TargetDisplacement,1764333792.3659613,2271.1506373882294,True
2413,5,348,LeftResponse,1764333793.1713247,2271.9559996128082,False
2414,5,348,FeedbackPeriodStarted,1764333793.177884,2271.9625611305237,False
2415,5,349,startFixDisplay,1764333795.1901004,2273.9747772216797,False
2416,5,349,startFixPeriod,1764333795.4539921,2274.238669395447,False
2417,5,349,TargetPresentation,1764333796.7653644,2275.550040960312,False
2418,5,349,TargetDisplacement,1764333796.9109633,2275.6956396102905,True
2419,5,349,RightResponse,1764333797.5498822,2276.3345584869385,False
2420,5,350,FeedbackPeriodStarted,1764333797.5701334,2276.3548080921173,False
2421,5,350,startFixDisplay,1764333797.5702157,2276.35488986969,False
2422,5,350,startFixPeriod,1764333797.8549132,2276.639590740204,False
2423,5,350,TargetPresentation,1764333798.659655,2277.444331884384,False
2424,5,350,TargetRemoval,1764333798.8122797,2277.596956014633,True
2425,5,350,TargetReappeared,1764333799.062265,2277.8469417095184,False
2426,5,350,RightResponse,1764333799.56203,2278.3467049598694,False
2427,5,351,FeedbackPeriodStarted,1764333799.5824764,2278.3671505451202,False
2428,5,351,startFixDisplay,1764333799.582541,2278.3672144412994,False
2429,5,351,startFixPeriod,1764333799.8185604,2278.603235721588,False
2430,5,351,TargetPresentation,1764333801.0537982,2279.8384749889374,False
2431,5,351,TargetDisplacement,1764333801.2270198,2280.0116934776306,True
2432,5,351,RightResponse,1764333802.0670245,2280.85169839859,False
2433,5,352,FeedbackPeriodStarted,1764333802.0875523,2280.8722290992737,False
2434,5,352,startFixDisplay,1764333802.0877154,2280.8723907470703,False
2435,5,352,startFixPeriod,1764333802.2681105,2281.0527849197388,False
2436,5,352,TargetPresentation,1764333803.46856,2282.2532365322113,False
2437,5,352,TargetRemoval,1764333803.6419094,2282.4265830516815,True
2438,5,352,TargetReappeared,1764333803.8918426,2282.6765191555023,False
2439,5,352,LeftResponse,1764333804.8704212,2283.65509557724,False
2440,5,353,FeedbackPeriodStarted,1764333804.8978674,2283.6825444698334,False
2441,5,353,startFixDisplay,1764333804.8979993,2283.6826746463776,False
2442,5,353,startFixPeriod,1764333805.1060996,2283.8907754421234,False
2443,5,353,TargetPresentation,1764333806.4522283,2285.236902952194,False
2444,5,353,TargetDisplacement,1764333806.6464996,2285.431175470352,True
2445,5,353,RightResponse,1764333807.611278,2286.395952939987,False
2446,5,354,FeedbackPeriodStarted,1764333807.6388626,2286.4235396385193,False
2447,5,354,startFixDisplay,1764333807.639074,2286.423749923706,False
2448,5,354,startFixPeriod,1764333807.8471177,2286.6317942142487,False
2449,5,354,TargetPresentation,1764333808.6659195,2287.45059633255,False
2450,5,354,TargetRemoval,1764333808.85307,2287.6377460956573,True
2451,5,354,TargetReappeared,1764333809.103015,2287.8876898288727,False
2452,5,354,RightResponse,1764333810.1232066,2288.907880783081,False
2453,5,354,FeedbackPeriodStarted,1764333810.130011,2288.914685487747,False
2454,5,355,startFixDisplay,1764333812.1421866,2290.9268634319305,False
2455,5,355,startFixPeriod,1764333812.392137,2291.176812171936,False
2456,5,355,TargetPresentation,1764333813.4330196,2292.2176966667175,False
2457,5,355,TargetDisplacement,1764333813.5924761,2292.3771529197693,True
2458,5,355,LeftResponse,1764333814.557311,2293.341985464096,False
2459,5,356,FeedbackPeriodStarted,1764333814.5847507,2293.3694269657135,False
2460,5,356,startFixDisplay,1764333814.584891,2293.3695664405823,False
2461,5,356,startFixPeriod,1764333814.7860885,2293.5707652568817,False
2462,5,356,TargetPresentation,1764333815.7783647,2294.563041448593,False
2463,5,356,TargetDisplacement,1764333815.965557,2294.7502331733704,True
2464,5,356,LeftResponse,1764333816.7221115,2295.5067858695984,False
2465,5,357,FeedbackPeriodStarted,1764333816.7426825,2295.5273566246033,False
2466,5,357,startFixDisplay,1764333816.7427456,2295.527419090271,False
2467,5,357,startFixPeriod,1764333816.9581113,2295.742787361145,False
2468,5,357,TargetPresentation,1764333818.1168559,2296.901530981064,False
2469,5,357,TargetDisplacement,1764333818.2972283,2297.081904888153,True
2470,5,357,RightResponse,1764333818.9360418,2297.7207181453705,False
2471,5,358,FeedbackPeriodStarted,1764333818.9566293,2297.7413036823273,False
2472,5,358,startFixDisplay,1764333818.9566994,2297.741373062134,False
2473,5,358,startFixPeriod,1764333819.2549243,2298.0395991802216,False
2474,5,358,TargetPresentation,1764333820.4067674,2299.191444158554,False
2475,5,358,TargetDisplacement,1764333820.5661745,2299.350848197937,True
2476,5,358,RightResponse,1764333821.3297539,2300.114428758621,False
2477,5,359,FeedbackPeriodStarted,1764333821.3503096,2300.1349844932556,False
2478,5,359,startFixDisplay,1764333821.3504317,2300.135105371475,False
2479,5,359,startFixPeriod,1764333821.6002839,2300.3849592208862,False
2480,5,359,TargetPresentation,1764333822.4329128,2301.2175896167755,False
2481,5,359,TargetDisplacement,1764333822.599277,2301.383953332901,True
2482,5,359,LeftResponse,1764333823.550339,2302.3350145816803,False
2483,5,360,FeedbackPeriodStarted,1764333823.5712187,2302.355895280838,False
2484,5,360,startFixDisplay,1764333823.571368,2302.3560428619385,False
2485,5,360,startFixPeriod,1764333823.758268,2302.542942762375,False
2486,5,360,TargetPresentation,1764333825.2083802,2303.9930543899536,False
2487,5,360,TargetDisplacement,1764333825.367938,2304.152611732483,True
2488,5,360,LeftResponse,1764333826.193865,2304.9785392284393,False
2489,5,360,FeedbackPeriodStarted,1764333826.2007778,2304.9854543209076,False
2490,5,361,startFixDisplay,1764333828.2130523,2306.9977288246155,False
2491,5,361,startFixPeriod,1764333828.219981,2307.0046577453613,False
2492,5,361,TargetPresentation,1764333829.6425571,2308.427234172821,False
2493,5,361,TargetDisplacement,1764333829.802098,2308.5867743492126,True
2494,5,361,RightResponse,1764333830.6075144,2309.3921904563904,False
2495,5,362,FeedbackPeriodStarted,1764333830.6347554,2309.4194300174713,False
2496,5,362,startFixDisplay,1764333830.634827,2309.4195005893707,False
2497,5,362,startFixPeriod,1764333830.8292165,2309.6138932704926,False
2498,5,362,TargetPresentation,1764333831.9532757,2310.737952232361,False
2499,5,362,TargetRemoval,1764333832.078096,2310.862769842148,True
2500,5,362,TargetReappeared,1764333832.3280067,2311.1126837730408,False
2501,5,362,LeftResponse,1764333832.925096,2311.709772348404,False
2502,5,363,FeedbackPeriodStarted,1764333832.9524598,2311.7371366024017,False
2503,5,363,startFixDisplay,1764333832.9526093,2311.737284898758,False
2504,5,363,startFixPeriod,1764333833.1120646,2311.8967411518097,False
2505,5,363,TargetPresentation,1764333834.4512982,2313.2359750270844,False
2506,5,363,TargetDisplacement,1764333834.5968952,2313.381571292877,True
2507,5,363,RightResponse,1764333835.4508102,2314.2354865074158,False
2508,5,364,FeedbackPeriodStarted,1764333835.4783194,2314.2629976272583,False
2509,5,364,startFixDisplay,1764333835.4784703,2314.2631459236145,False
2510,5,364,startFixPeriod,1764333835.714231,2314.4989063739777,False
2511,5,364,TargetPresentation,1764333837.1645145,2315.9491896629333,False
2512,5,364,TargetRemoval,1764333837.3447926,2316.1294684410095,True
2513,5,364,TargetReappeared,1764333837.594816,2316.3794910907745,False
2514,5,364,LeftResponse,1764333838.281968,2317.0666444301605,False
2515,5,365,FeedbackPeriodStarted,1764333838.3093224,2317.0939967632294,False
2516,5,365,startFixDisplay,1764333838.30939,2317.09406375885,False
2517,5,365,startFixPeriod,1764333838.5523684,2317.337045431137,False
2518,5,365,TargetPresentation,1764333839.8916292,2318.676309108734,False
2519,5,365,TargetDisplacement,1764333840.0371473,2318.8218245506287,True
2520,5,365,RightResponse,1764333840.738072,2319.5227460861206,False
2521,5,366,FeedbackPeriodStarted,1764333840.7657425,2319.5504190921783,False
2522,5,366,startFixDisplay,1764333840.7658808,2319.5505561828613,False
2523,5,366,startFixPeriod,1764333840.9948692,2319.779546737671,False
2524,5,366,TargetPresentation,1764333842.077378,2320.8620545864105,False
2525,5,366,TargetDisplacement,1764333842.2229352,2321.007611513138,True
2526,5,366,LeftResponse,1764333843.0904872,2321.875161409378,False
2527,5,366,FeedbackPeriodStarted,1764333843.0973485,2321.8820226192474,False
2528,5,367,startFixDisplay,1764333845.1095796,2323.8942568302155,False
2529,5,367,startFixPeriod,1764333845.394323,2324.1790006160736,False
2530,5,367,TargetPresentation,1764333846.8514163,2325.636093378067,False
2531,5,367,TargetDisplacement,1764333847.0038807,2325.7885568141937,True
2532,5,367,LeftResponse,1764333847.6151123,2326.3997881412506,False
2533,5,368,FeedbackPeriodStarted,1764333847.6422963,2326.4269711971283,False
2534,5,368,startFixDisplay,1764333847.642374,2326.4270479679108,False
2535,5,368,startFixPeriod,1764333847.9756052,2326.7602846622467,False
2536,5,368,TargetPresentation,1764333849.3008947,2328.085569381714,False
2537,5,368,TargetDisplacement,1764333849.4951437,2328.2798175811768,True
2538,5,368,RightResponse,1764333850.036674,2328.821349620819,False
2539,5,369,FeedbackPeriodStarted,1764333850.0639882,2328.8486626148224,False
2540,5,369,startFixDisplay,1764333850.064056,2328.848729610443,False
2541,5,369,startFixPeriod,1764333850.272285,2329.0569615364075,False
2542,5,369,TargetPresentation,1764333850.7927866,2329.5774641036987,False
2543,5,369,TargetRemoval,1764333851.000789,2329.78546500206,True
2544,5,369,TargetReappeared,1764333851.250753,2330.035429954529,False
2545,5,369,RightResponse,1764333851.8199706,2330.6046447753906,False
2546,5,370,FeedbackPeriodStarted,1764333851.840529,2330.625203371048,False
2547,5,370,startFixDisplay,1764333851.840609,2330.6252825260162,False
2548,5,370,startFixPeriod,1764333852.1737304,2330.95840716362,False
2549,5,370,TargetPresentation,1764333852.8120642,2331.5967395305634,False
2550,5,370,TargetRemoval,1764333853.0062935,2331.790969848633,True
2551,5,370,TargetReappeared,1764333853.2561808,2332.040857553482,False
2552,5,370,RightResponse,1764333853.8947287,2332.6794033050537,False
2553,5,371,FeedbackPeriodStarted,1764333853.9223182,2332.7069952487946,False
2554,5,371,startFixDisplay,1764333853.9224117,2332.7070853710175,False
2555,5,371,startFixPeriod,1764333854.1096656,2332.8943421840668,False
2556,5,371,TargetPresentation,1764333855.5876446,2334.372321367264,False
2557,5,371,TargetDisplacement,1764333856.0384912,2334.8231675624847,True
2558,5,371,LeftResponse,1764333856.5038304,2335.288505554199,False
2559,5,372,FeedbackPeriodStarted,1764333856.531317,2335.315994501114,False
2560,5,372,startFixDisplay,1764333856.5314734,2335.3161487579346,False
2561,5,372,startFixPeriod,1764333856.7393625,2335.5240366458893,False
2562,5,372,TargetPresentation,1764333858.175826,2336.9605028629303,False
2563,5,372,TargetRemoval,1764333858.3631089,2337.147785425186,True
2564,5,372,TargetReappeared,1764333858.6129897,2337.397666454315,False
2565,5,372,RightResponse,1764333859.237834,2338.0225098133087,False
2566,5,372,FeedbackPeriodStarted,1764333859.2444427,2338.02911901474,False
2567,5,373,startFixDisplay,1764333861.2566702,2340.041347026825,False
2568,5,373,startFixPeriod,1764333861.263495,2340.048168897629,False
2569,5,373,TargetPresentation,1764333861.8328128,2340.6174895763397,False
2570,5,373,TargetDisplacement,1764333862.0200179,2340.804694890976,True
2571,5,373,RightResponse,1764333862.589271,2341.373945951462,False
2572,5,374,FeedbackPeriodStarted,1764333862.6237814,2341.4084582328796,False
2573,5,374,startFixDisplay,1764333862.623908,2341.4085836410522,False
2574,5,374,startFixPeriod,1764333862.8320086,2341.616685628891,False
2575,5,374,TargetPresentation,1764333863.6508334,2342.4355103969574,False
2576,5,374,TargetDisplacement,1764333863.8310652,2342.615741252899,True
2577,5,374,RightResponse,1764333864.4351134,2343.219788312912,False
2578,5,375,FeedbackPeriodStarted,1764333864.4625611,2343.247237920761,False
2579,5,375,startFixDisplay,1764333864.4627333,2343.2474086284637,False
2580,5,375,startFixPeriod,1764333864.6848075,2343.4694855213165,False
2581,5,375,TargetPresentation,1764333865.8643007,2344.648977279663,False
2582,5,375,TargetDisplacement,1764333866.0583625,2344.843036174774,True
2583,5,375,LeftResponse,1764333866.8149345,2345.5996086597443,False
2584,5,376,FeedbackPeriodStarted,1764333866.8355813,2345.620255470276,False
2585,5,376,startFixDisplay,1764333866.8356442,2345.620317697525,False
2586,5,376,startFixPeriod,1764333867.2521265,2346.036801099777,False
2587,5,376,TargetPresentation,1764333868.5636404,2347.34831738472,False
2588,5,376,TargetDisplacement,1764333868.7437541,2347.528427839279,True
2589,5,376,LeftResponse,1764333869.37578,2348.1604561805725,False
2590,5,377,FeedbackPeriodStarted,1764333869.4031837,2348.1878612041473,False
2591,5,377,startFixDisplay,1764333869.403337,2348.188012123108,False
2592,5,377,startFixPeriod,1764333869.687756,2348.4724328517914,False
2593,5,377,TargetPresentation,1764333871.1171591,2349.9018359184265,False
2594,5,377,TargetDisplacement,1764333871.269761,2350.0544369220734,True
2595,5,377,LeftResponse,1764333872.0543392,2350.8390130996704,False
2596,5,378,FeedbackPeriodStarted,1764333872.0817168,2350.8663935661316,False
2597,5,378,startFixDisplay,1764333872.081867,2350.866542339325,False
2598,5,378,startFixPeriod,1764333872.3177986,2351.1024820804596,False
2599,5,378,TargetPresentation,1764333873.5667734,2352.351450443268,False
2600,5,378,TargetDisplacement,1764333873.7608645,2352.54554104805,True
2601,5,378,RightResponse,1764333874.3579087,2353.1425845623016,False
2602,5,378,FeedbackPeriodStarted,1764333874.3645363,2353.149210691452,False
2603,5,379,startFixDisplay,1764333876.3768446,2355.161520957947,False
2604,5,379,startFixPeriod,1764333876.6892564,2355.4739332199097,False
2605,5,379,TargetPresentation,1764333877.979985,2356.7646617889404,False
2606,5,379,TargetDisplacement,1764333878.1393914,2356.9240674972534,True
2607,5,379,LeftResponse,1764333878.9654136,2357.7500882148743,False
2608,5,380,FeedbackPeriodStarted,1764333878.9861684,2357.770843029022,False
2609,5,380,startFixDisplay,1764333878.9862375,2357.7709109783173,False
2610,5,380,startFixPeriod,1764333879.2151418,2357.9998183250427,False
2611,5,380,TargetPresentation,1764333880.4294784,2359.214153289795,False
2612,5,380,TargetDisplacement,1764333880.7067866,2359.4914627075195,True
2613,5,380,LeftResponse,1764333881.2762494,2360.060924768448,False
2614,5,381,FeedbackPeriodStarted,1764333881.3035576,2360.0882341861725,False
2615,5,381,startFixDisplay,1764333881.3037143,2360.0883898735046,False
2616,5,381,startFixPeriod,1764333881.6576421,2360.4423191547394,False
2617,5,381,TargetPresentation,1764333883.09392,2361.8785960674286,False
2618,5,381,TargetDisplacement,1764333883.2396889,2362.024365901947,True
2619,5,381,LeftResponse,1764333883.9476976,2362.7323727607727,False
2620,5,382,FeedbackPeriodStarted,1764333883.9750814,2362.7597579956055,False
2621,5,382,startFixDisplay,1764333883.9752827,2362.759958744049,False
2622,5,382,startFixPeriod,1764333884.1903393,2362.9750163555145,False
2623,5,382,TargetPresentation,1764333884.8008504,2363.585526943207,False
2624,5,382,TargetDisplacement,1764333885.0644841,2363.8491604328156,True
2625,5,382,LeftResponse,1764333885.821094,2364.605768442154,False
2626,5,383,FeedbackPeriodStarted,1764333885.8487973,2364.6334738731384,False
2627,5,383,startFixDisplay,1764333885.8489423,2364.6336176395416,False
2628,5,383,startFixPeriod,1764333886.064005,2364.84868144989,False
2629,5,383,TargetPresentation,1764333887.4934015,2366.278078556061,False
2630,5,383,TargetDisplacement,1764333887.6458704,2366.4305441379547,True
2631,5,383,LeftResponse,1764333888.5344799,2367.319155216217,False
2632,5,384,FeedbackPeriodStarted,1764333888.5617883,2367.3464648723602,False
2633,5,384,startFixDisplay,1764333888.5619104,2367.3465855121613,False
2634,5,384,startFixPeriod,1764333888.8257067,2367.6103835105896,False
2635,5,384,TargetPresentation,1764333889.512628,2368.297305583954,False
2636,5,384,TargetRemoval,1764333889.9772866,2368.761960506439,True
2637,5,384,TargetReappeared,1764333890.2271945,2369.0118691921234,False
2638,5,384,RightResponse,1764333890.40819,2369.1928663253784,False
2639,5,384,FeedbackPeriodStarted,1764333890.4214895,2369.2061636447906,False
2640,5,385,startFixDisplay,1764333892.433759,2371.2184360027313,False
2641,5,385,startFixPeriod,1764333892.6838903,2371.468567609787,False
2642,5,385,TargetPresentation,1764333893.9258823,2372.7105588912964,False
2643,5,385,TargetDisplacement,1764333894.161594,2372.9462702274323,True
2644,5,385,RightResponse,1764333894.703233,2373.4879071712494,False
2645,5,386,FeedbackPeriodStarted,1764333894.7240148,2373.5086917877197,False
2646,5,386,startFixDisplay,1764333894.7241738,2373.508849143982,False
2647,5,386,startFixPeriod,1764333894.9111764,2373.6958525180817,False
2648,5,386,TargetPresentation,1764333896.0075147,2374.7921895980835,False
2649,5,386,TargetDisplacement,1764333896.1530697,2374.9377460479736,True
2650,5,386,RightResponse,1764333896.6114652,2375.3961415290833,False
2651,5,387,FeedbackPeriodStarted,1764333896.6388655,2375.423539876938,False
2652,5,387,startFixDisplay,1764333896.6389434,2375.423616886139,False
2653,5,387,startFixPeriod,1764333896.8471363,2375.631812095642,False
2654,5,387,TargetPresentation,1764333897.7769492,2376.5616240501404,False
2655,5,387,TargetDisplacement,1764333897.964177,2376.74885058403,True
2656,5,387,LeftResponse,1764333898.6445312,2377.4292063713074,False
2657,5,388,FeedbackPeriodStarted,1764333898.6719573,2377.456631422043,False
2658,5,388,startFixDisplay,1764333898.6720223,2377.456696033478,False
2659,5,388,startFixPeriod,1764333898.8733501,2377.6580262184143,False
2660,5,388,TargetPresentation,1764333899.6366823,2378.421359062195,False
2661,5,388,TargetRemoval,1764333899.8028946,2378.587568283081,True
2662,5,388,TargetReappeared,1764333900.0529854,2378.837660074234,False
2663,5,388,LeftResponse,1764333900.5251906,2379.3098657131195,False
2664,5,389,FeedbackPeriodStarted,1764333900.5524106,2379.3370847702026,False
2665,5,389,startFixDisplay,1764333900.552476,2379.337149620056,False
2666,5,389,startFixPeriod,1764333900.7677808,2379.5524575710297,False
2667,5,389,TargetPresentation,1764333902.1069188,2380.891595840454,False
2668,5,389,TargetDisplacement,1764333902.308102,2381.0927786827087,True
2669,5,389,RightResponse,1764333902.9261444,2381.7108206748962,False
2670,5,390,FeedbackPeriodStarted,1764333902.9533741,2381.7380509376526,False
2671,5,390,startFixDisplay,1764333902.9535124,2381.738187789917,False
2672,5,390,startFixPeriod,1764333903.1548796,2381.939554452896,False
2673,5,390,TargetPresentation,1764333904.4177215,2383.202398300171,False
2674,5,390,TargetDisplacement,1764333904.424656,2383.209333181381,True
2675,5,390,RightResponse,1764333905.1880069,2383.972681283951,False
2676,5,390,FeedbackPeriodStarted,1764333905.1948462,2383.9795224666595,False
2677,5,391,startFixDisplay,1764333907.2069414,2385.99161529541,False
2678,5,391,startFixPeriod,1764333907.2139587,2385.998632669449,False
2679,5,391,TargetPresentation,1764333908.039769,2386.8244438171387,False
2680,5,391,TargetDisplacement,1764333908.2270846,2387.011758327484,True
2681,5,391,RightResponse,1764333908.865785,2387.650460243225,False
2682,5,392,FeedbackPeriodStarted,1764333908.8932269,2387.6779041290283,False
2683,5,392,startFixDisplay,1764333908.8933778,2387.6780531406403,False
2684,5,392,startFixPeriod,1764333909.101425,2387.88610124588,False
2685,5,392,TargetPresentation,1764333910.0521958,2388.8368725776672,False
2686,5,392,TargetDisplacement,1764333910.0590825,2388.8437588214874,True
2687,5,392,LeftResponse,1764333910.8363688,2389.6210436820984,False
2688,5,393,FeedbackPeriodStarted,1764333910.8638403,2389.6485166549683,False
2689,5,393,startFixDisplay,1764333910.8639207,2389.6485941410065,False
2690,5,393,startFixPeriod,1764333911.1137114,2389.898387670517,False
2691,5,393,TargetPresentation,1764333912.5154781,2391.300154685974,False
2692,5,393,TargetDisplacement,1764333912.6332798,2391.4179558753967,True
2693,5,393,RightResponse,1764333913.5426583,2392.3273334503174,False
2694,5,394,FeedbackPeriodStarted,1764333913.5700212,2392.354695558548,False
2695,5,394,startFixDisplay,1764333913.5700865,2392.3547599315643,False
2696,5,394,startFixPeriod,1764333913.7989872,2392.583661556244,False
2697,5,394,TargetPresentation,1764333915.2494447,2394.034121274948,False
2698,5,394,TargetDisplacement,1764333915.401951,2394.1866273880005,True
2699,5,394,RightResponse,1764333916.0061262,2394.7908022403717,False
2700,5,395,FeedbackPeriodStarted,1764333916.0268939,2394.8115680217743,False
2701,5,395,startFixDisplay,1764333916.0269566,2394.811630010605,False
2702,5,395,startFixPeriod,1764333916.234879,2395.019555568695,False
2703,5,395,TargetPresentation,1764333917.2617667,2396.0464448928833,False
2704,5,395,TargetRemoval,1764333917.434987,2396.219660758972,True
2705,5,395,TargetReappeared,1764333917.684983,2396.4696593284607,False
2706,5,395,LeftResponse,1764333918.226455,2397.011130809784,False
2707,5,395,FeedbackPeriodStarted,1764333918.260881,2397.0455572605133,False
2708,6,396,startFixDisplay,1764333955.884258,2434.668932199478,False
2709,6,396,startFixPeriod,1764333956.1411417,2434.9258167743683,False
2710,6,396,TargetPresentation,1764333956.7101815,2435.4948575496674,False
2711,6,396,TargetDisplacement,1764333956.883504,2435.6681802272797,True
2712,6,396,LeftResponse,1764333957.6401324,2436.4248082637787,False
2713,6,397,FeedbackPeriodStarted,1764333957.660719,2436.44539642334,False
2714,6,397,startFixDisplay,1764333957.6608555,2436.445530653,False
2715,6,397,startFixPeriod,1764333957.8828733,2436.667549610138,False
2716,6,397,TargetPresentation,1764333958.62532,2437.4099946022034,False
2717,6,397,TargetDisplacement,1764333958.784862,2437.569538116455,True
2718,6,397,LeftResponse,1764333959.6663792,2438.4510550498962,False
2719,6,398,FeedbackPeriodStarted,1764333959.693835,2438.4785118103027,False
2720,6,398,startFixDisplay,1764333959.6939673,2438.4786427021027,False
2721,6,398,startFixPeriod,1764333959.895159,2438.6798346042633,False
2722,6,398,TargetPresentation,1764333960.4988306,2439.28350687027,False
2723,6,398,TargetDisplacement,1764333960.6722481,2439.4569220542908,True
2724,6,398,RightResponse,1764333961.6092818,2440.3939583301544,False
2725,6,399,FeedbackPeriodStarted,1764333961.6368318,2440.421507835388,False
2726,6,399,startFixDisplay,1764333961.636962,2440.421637058258,False
2727,6,399,startFixPeriod,1764333961.8380432,2440.6227190494537,False
2728,6,399,TargetPresentation,1764333962.8303936,2441.615068435669,False
2729,6,399,TargetRemoval,1764333962.9830256,2441.767702102661,True
2730,6,399,TargetReappeared,1764333963.2328396,2442.017515897751,False
2731,6,399,RightResponse,1764333963.927098,2442.711774110794,False
2732,6,400,FeedbackPeriodStarted,1764333963.9473548,2442.7320289611816,False
2733,6,400,startFixDisplay,1764333963.9474025,2442.7320761680603,False
2734,6,400,startFixPeriod,1764333964.155752,2442.9404294490814,False
2735,6,400,TargetPresentation,1764333964.6553686,2443.440043449402,False
2736,6,400,TargetDisplacement,1764333964.8149765,2443.5996532440186,True
2737,6,400,RightResponse,1764333965.6200447,2444.404720544815,False
2738,6,401,FeedbackPeriodStarted,1764333965.6475308,2444.432207107544,False
2739,6,401,startFixDisplay,1764333965.647677,2444.432352542877,False
2740,6,401,startFixPeriod,1764333965.8419154,2444.626591205597,False
2741,6,401,TargetPresentation,1764333966.889712,2445.674388885498,False
2742,6,401,TargetDisplacement,1764333967.0631373,2445.847813129425,True
2743,6,401,LeftResponse,1764333967.6949525,2446.4796283245087,False
2744,6,402,FeedbackPeriodStarted,1764333967.715391,2446.500065088272,False
2745,6,402,startFixDisplay,1764333967.7154417,2446.5001151561737,False
2746,6,402,startFixPeriod,1764333967.9444757,2446.729152202606,False
2747,6,402,TargetPresentation,1764333968.978339,2447.7630155086517,False
2748,6,402,TargetDisplacement,1764333969.144866,2447.9295423030853,True
2749,6,402,LeftResponse,1764333969.7280662,2448.5127420425415,False
2750,6,402,FeedbackPeriodStarted,1764333969.7347353,2448.519411802292,False
2751,6,403,startFixDisplay,1764333971.7468932,2450.53156709671,False
2752,6,403,startFixPeriod,1764333971.781717,2450.5663936138153,False
2753,6,403,TargetPresentation,1764333972.7323258,2451.5170023441315,False
2754,6,403,TargetDisplacement,1764333972.8988838,2451.6835606098175,True
2755,6,403,RightResponse,1764333973.6554441,2452.4401199817657,False
2756,6,404,FeedbackPeriodStarted,1764333973.6830318,2452.467708826065,False
2757,6,404,startFixDisplay,1764333973.6831787,2452.4678523540497,False
2758,6,404,startFixPeriod,1764333973.9120061,2452.6966824531555,False
2759,6,404,TargetPresentation,1764333974.821016,2453.605692386627,False
2760,6,404,TargetDisplacement,1764333975.0082633,2453.7929372787476,True
2761,6,404,RightResponse,1764333975.730242,2454.514918088913,False
2762,6,405,FeedbackPeriodStarted,1764333975.7577045,2454.5423805713654,False
2763,6,405,startFixDisplay,1764333975.7578332,2454.5425083637238,False
2764,6,405,startFixPeriod,1764333975.9034586,2454.6881330013275,False
2765,6,405,TargetPresentation,1764333977.305201,2456.0898773670197,False
2766,6,405,TargetDisplacement,1764333977.4647214,2456.2493975162506,True
2767,6,405,LeftResponse,1764333978.124083,2456.9087569713593,False
2768,6,406,FeedbackPeriodStarted,1764333978.1447382,2456.9294147491455,False
2769,6,406,startFixDisplay,1764333978.1448689,2456.929544210434,False
2770,6,406,startFixPeriod,1764333978.3599324,2457.1446092128754,False
2771,6,406,TargetPresentation,1764333979.0608163,2457.8454928398132,False
2772,6,406,TargetDisplacement,1764333979.2133489,2457.9980249404907,True
2773,6,406,LeftResponse,1764333980.011591,2458.796267271042,False
2774,6,407,FeedbackPeriodStarted,1764333980.0390782,2458.8237545490265,False
2775,6,407,startFixDisplay,1764333980.0392628,2458.8239386081696,False
2776,6,407,startFixPeriod,1764333980.2889867,2459.0736632347107,False
2777,6,407,TargetPresentation,1764333981.149424,2459.934100627899,False
2778,6,407,TargetDisplacement,1764333981.281163,2460.065839290619,True
2779,6,407,RightResponse,1764333981.9613688,2460.746043920517,False
2780,6,408,FeedbackPeriodStarted,1764333981.9889581,2460.7736344337463,False
2781,6,408,startFixDisplay,1764333981.989088,2460.773763656616,False
2782,6,408,startFixPeriod,1764333982.2040994,2460.9887742996216,False
2783,6,408,TargetPresentation,1764333983.092233,2461.8769068717957,False
2784,6,408,TargetRemoval,1764333983.2796345,2462.0643107891083,True
2785,6,408,TargetReappeared,1764333983.529607,2462.314285516739,False
2786,6,408,LeftResponse,1764333984.1681695,2462.9528455734253,False
2787,6,408,FeedbackPeriodStarted,1764333984.1748264,2462.9595029354095,False
2788,6,409,startFixDisplay,1764333986.193976,2464.97864985466,False
2789,6,409,startFixPeriod,1764333986.4577873,2465.242463827133,False
2790,6,409,TargetPresentation,1764333987.9080272,2466.692703485489,False
2791,6,409,TargetDisplacement,1764333988.0606387,2466.845314979553,True
2792,6,409,RightResponse,1764333988.6438732,2467.428548812866,False
2793,6,410,FeedbackPeriodStarted,1764333988.6642525,2467.448926448822,False
2794,6,410,startFixDisplay,1764333988.6643012,2467.448974609375,False
2795,6,410,startFixPeriod,1764333988.9698763,2467.7545535564423,False
2796,6,410,TargetPresentation,1764333990.0382771,2468.822951555252,False
2797,6,410,TargetRemoval,1764333990.2257411,2469.0104174613953,True
2798,6,410,TargetReappeared,1764333990.47548,2469.260156393051,False
2799,6,410,RightResponse,1764333991.0239713,2469.8086473941803,False
2800,6,411,FeedbackPeriodStarted,1764333991.0512614,2469.835935354233,False
2801,6,411,startFixDisplay,1764333991.0513098,2469.835983276367,False
2802,6,411,startFixPeriod,1764333991.2527156,2470.0373916625977,False
2803,6,411,TargetPresentation,1764333991.9603982,2470.7450745105743,False
2804,6,411,TargetDisplacement,1764333992.126881,2470.9115545749664,True
2805,6,411,RightResponse,1764333992.7794678,2471.56414270401,False
2806,6,412,FeedbackPeriodStarted,1764333992.7998562,2471.584530353546,False
2807,6,412,startFixDisplay,1764333992.7999105,2471.584584236145,False
2808,6,412,startFixPeriod,1764333993.0220237,2471.8066992759705,False
2809,6,412,TargetPresentation,1764333993.59104,2472.3757162094116,False
2810,6,412,TargetDisplacement,1764333993.8686066,2472.653282880783,True
2811,6,412,LeftResponse,1764333994.6041713,2473.38884472847,False
2812,6,413,FeedbackPeriodStarted,1764333994.624944,2473.409620285034,False
2813,6,413,startFixDisplay,1764333994.6250381,2473.40971159935,False
2814,6,413,startFixPeriod,1764333994.847115,2473.6317913532257,False
2815,6,413,TargetPresentation,1764333995.9849823,2474.7696566581726,False
2816,6,413,TargetRemoval,1764333996.1584458,2474.943121910095,True
2817,6,413,TargetReappeared,1764333996.4083266,2475.1930022239685,False
2818,6,413,LeftResponse,1764333997.2134295,2475.9981043338776,False
2819,6,414,FeedbackPeriodStarted,1764333997.2339063,2476.0185799598694,False
2820,6,414,startFixDisplay,1764333997.2339535,2476.0186269283295,False
2821,6,414,startFixPeriod,1764333997.4491787,2476.233855485916,False
2822,6,414,TargetPresentation,1764333998.3166215,2477.1012983322144,False
2823,6,414,TargetRemoval,1764333998.5523918,2477.3370654582977,True
2824,6,414,TargetReappeared,1764333998.8022447,2477.5869212150574,False
2825,6,414,LeftResponse,1764333999.406325,2478.1910009384155,False
2826,6,414,FeedbackPeriodStarted,1764333999.4129267,2478.1976006031036,False
2827,6,415,startFixDisplay,1764334001.4251983,2480.2098751068115,False
2828,6,415,startFixPeriod,1764334001.494737,2480.279413461685,False
2829,6,415,TargetPresentation,1764334002.6742802,2481.4589552879333,False
2830,6,415,TargetDisplacement,1764334002.8408115,2481.6254875659943,True
2831,6,415,LeftResponse,1764334003.6877239,2482.472399711609,False
2832,6,416,FeedbackPeriodStarted,1764334003.708023,2482.492696762085,False
2833,6,416,startFixDisplay,1764334003.70807,2482.492743730545,False
2834,6,416,startFixPeriod,1764334003.9024847,2482.687160015106,False
2835,6,416,TargetPresentation,1764334004.5617898,2483.3464658260345,False
2836,6,416,TargetRemoval,1764334005.005829,2483.7905061244965,True
2837,6,416,TargetReappeared,1764334005.2556927,2484.0403690338135,False
2838,6,416,LeftResponse,1764334006.0400608,2484.824736595154,False
2839,6,417,FeedbackPeriodStarted,1764334006.0674171,2484.8520936965942,False
2840,6,417,startFixDisplay,1764334006.0675478,2484.8522231578827,False
2841,6,417,startFixPeriod,1764334006.2201645,2485.00484085083,False
2842,6,417,TargetPresentation,1764334007.3304243,2486.115099668503,False
2843,6,417,TargetDisplacement,1764334007.3373356,2486.122011899948,True
2844,6,417,RightResponse,1764334008.1146586,2486.8993334770203,False
2845,6,418,FeedbackPeriodStarted,1764334008.135242,2486.91991853714,False
2846,6,418,startFixDisplay,1764334008.1353502,2486.920023918152,False
2847,6,418,startFixPeriod,1764334008.4337604,2487.218437194824,False
2848,6,418,TargetPresentation,1764334009.6688597,2488.4535360336304,False
2849,6,418,TargetDisplacement,1764334009.84229,2488.6269659996033,True
2850,6,418,RightResponse,1764334010.5435107,2489.3281865119934,False
2851,6,419,FeedbackPeriodStarted,1764334010.5708375,2489.3555138111115,False
2852,6,419,startFixDisplay,1764334010.5709653,2489.355640411377,False
2853,6,419,startFixPeriod,1764334010.779095,2489.5637714862823,False
2854,6,419,TargetPresentation,1764334012.2224257,2491.0071020126343,False
2855,6,419,TargetDisplacement,1764334012.2293663,2491.014042377472,True
2856,6,419,RightResponse,1764334013.5342276,2492.318903684616,False
2857,6,420,FeedbackPeriodStarted,1764334013.5615988,2492.346275806427,False
2858,6,420,startFixDisplay,1764334013.5617352,2492.3464102745056,False
2859,6,420,startFixPeriod,1764334014.123762,2492.908438205719,False
2860,6,420,TargetPresentation,1764334014.824461,2493.609135389328,False
2861,6,420,TargetDisplacement,1764334014.9772265,2493.76190328598,True
2862,6,420,LeftResponse,1764334015.7407255,2494.5254015922546,False
2863,6,420,FeedbackPeriodStarted,1764334015.7473745,2494.5320494174957,False
2864,6,421,startFixDisplay,1764334017.7597153,2496.5443918704987,False
2865,6,421,startFixPeriod,1764334017.7666457,2496.5513248443604,False
2866,6,421,TargetPresentation,1764334018.6827528,2497.4674293994904,False
2867,6,421,TargetDisplacement,1764334018.8283472,2497.6130244731903,True
2868,6,421,LeftResponse,1764334019.4670687,2498.251744747162,False
2869,6,422,FeedbackPeriodStarted,1764334019.4875128,2498.272189617157,False
2870,6,422,startFixDisplay,1764334019.4876766,2498.2723519802094,False
2871,6,422,startFixPeriod,1764334019.7027702,2498.487446784973,False
2872,6,422,TargetPresentation,1764334020.2161908,2499.0008656978607,False
2873,6,422,TargetDisplacement,1764334020.2577605,2499.0424365997314,True
2874,6,422,RightResponse,1764334021.1392941,2499.923970222473,False
2875,6,423,FeedbackPeriodStarted,1764334021.1667805,2499.9514570236206,False
2876,6,423,startFixDisplay,1764334021.166918,2499.951593399048,False
2877,6,423,startFixPeriod,1764334021.3680623,2500.152739048004,False
2878,6,423,TargetPresentation,1764334022.6378589,2501.422534942627,False
2879,6,423,TargetRemoval,1764334022.7835252,2501.5682010650635,True
2880,6,423,TargetReappeared,1764334023.03338,2501.8180565834045,False
2881,6,423,LeftResponse,1764334023.4500098,2502.2346863746643,False
2882,6,424,FeedbackPeriodStarted,1764334023.4774616,2502.2621381282806,False
2883,6,424,startFixDisplay,1764334023.4776192,2502.262294769287,False
2884,6,424,startFixPeriod,1764334023.7619808,2502.5466570854187,False
2885,6,424,TargetPresentation,1764334024.4210498,2503.205723762512,False
2886,6,424,TargetDisplacement,1764334024.6431592,2503.427832841873,True
2887,6,424,LeftResponse,1764334025.2958987,2504.0805752277374,False
2888,6,425,FeedbackPeriodStarted,1764334025.316188,2504.1008620262146,False
2889,6,425,startFixDisplay,1764334025.3162363,2504.100909948349,False
2890,6,425,startFixPeriod,1764334025.5037737,2504.288450241089,False
2891,6,425,TargetPresentation,1764334026.5862408,2505.3709173202515,False
2892,6,425,TargetRemoval,1764334026.7666032,2505.5512793064117,True
2893,6,425,TargetReappeared,1764334027.0163693,2505.8010442256927,False
2894,6,425,LeftResponse,1764334027.3356256,2506.1202993392944,False
2895,6,426,FeedbackPeriodStarted,1764334027.3563006,2506.140974521637,False
2896,6,426,startFixDisplay,1764334027.356349,2506.1410224437714,False
2897,6,426,startFixPeriod,1764334027.5992737,2506.383948326111,False
2898,6,426,TargetPresentation,1764334028.0989451,2506.8836193084717,False
2899,6,426,TargetDisplacement,1764334028.2863314,2507.0710077285767,True
2900,6,426,LeftResponse,1764334029.1192489,2507.903923511505,False
2901,6,426,FeedbackPeriodStarted,1764334029.1258013,2507.9104771614075,False
2902,6,427,startFixDisplay,1764334031.1381686,2509.9228451251984,False
2903,6,427,startFixPeriod,1764334031.1450562,2509.9297301769257,False
2904,6,427,TargetPresentation,1764334032.5745587,2511.359235048294,False
2905,6,427,TargetDisplacement,1764334032.7132084,2511.4978823661804,True
2906,6,427,RightResponse,1764334033.6157868,2512.400462627411,False
2907,6,428,FeedbackPeriodStarted,1764334033.6362026,2512.420879125595,False
2908,6,428,startFixDisplay,1764334033.636397,2512.421073436737,False
2909,6,428,startFixPeriod,1764334033.8859985,2512.67067527771,False
2910,6,428,TargetPresentation,1764334034.5383437,2513.32301902771,False
2911,6,428,TargetRemoval,1764334034.5452855,2513.3299617767334,True
2912,6,428,TargetReappeared,1764334034.7950413,2513.5797176361084,False
2913,6,428,LeftResponse,1764334035.4335296,2514.218204498291,False
2914,6,429,FeedbackPeriodStarted,1764334035.454239,2514.238915205002,False
2915,6,429,startFixDisplay,1764334035.4543765,2514.2390518188477,False
2916,6,429,startFixPeriod,1764334035.724873,2514.509549856186,False
2917,6,429,TargetPresentation,1764334036.8629017,2515.6475780010223,False
2918,6,429,TargetRemoval,1764334037.0224855,2515.8071620464325,True
2919,6,429,TargetReappeared,1764334037.2722764,2516.0569529533386,False
2920,6,429,RightResponse,1764334037.8414407,2516.6261150836945,False
2921,6,430,FeedbackPeriodStarted,1764334037.869003,2516.65367937088,False
2922,6,430,startFixDisplay,1764334037.869133,2516.6538083553314,False
2923,6,430,startFixPeriod,1764334038.084101,2516.8687772750854,False
2924,6,430,TargetPresentation,1764334038.743354,2517.5280306339264,False
2925,6,430,TargetRemoval,1764334038.9930005,2517.7776741981506,True
2926,6,430,TargetReappeared,1764334039.2429643,2518.027638196945,False
2927,6,430,LeftResponse,1764334039.8539672,2518.638643026352,False
2928,6,431,FeedbackPeriodStarted,1764334039.8743167,2518.6589908599854,False
2929,6,431,startFixDisplay,1764334039.8743665,2518.659040212631,False
2930,6,431,startFixPeriod,1764334040.0618172,2518.8464934825897,False
2931,6,431,TargetPresentation,1764334041.3178034,2520.102479696274,False
2932,6,431,TargetDisplacement,1764334041.3246622,2520.109337091446,True
2933,6,431,RightResponse,1764334042.1230254,2520.907701253891,False
2934,6,432,FeedbackPeriodStarted,1764334042.1503878,2520.9350640773773,False
2935,6,432,startFixDisplay,1764334042.1505172,2520.935192346573,False
2936,6,432,startFixPeriod,1764334042.3517303,2521.1364068984985,False
2937,6,432,TargetPresentation,1764334042.9483874,2521.733061313629,False
2938,6,432,TargetDisplacement,1764334043.3300567,2522.114730834961,True
2939,6,432,RightResponse,1764334044.274029,2523.058704137802,False
2940,6,432,FeedbackPeriodStarted,1764334044.28778,2523.0724563598633,False
2941,6,433,startFixDisplay,1764334046.2998178,2525.0844917297363,False
2942,6,433,startFixPeriod,1764334046.3068516,2525.091527700424,False
2943,6,433,TargetPresentation,1764334047.0772555,2525.8619315624237,False
2944,6,433,TargetDisplacement,1764334047.2436545,2526.028330564499,True
2945,6,433,LeftResponse,1764334047.9588268,2526.743502855301,False
2946,6,434,FeedbackPeriodStarted,1764334047.979076,2526.7637498378754,False
2947,6,434,startFixDisplay,1764334047.9791238,2526.763797044754,False
2948,6,434,startFixPeriod,1764334048.1250389,2526.9097154140472,False
2949,6,434,TargetPresentation,1764334048.8675344,2527.652211666107,False
2950,6,434,TargetDisplacement,1764334049.0269313,2527.811604976654,True
2951,6,434,RightResponse,1764334050.06808,2528.8527545928955,False
2952,6,435,FeedbackPeriodStarted,1764334050.095631,2528.8803074359894,False
2953,6,435,startFixDisplay,1764334050.0957553,2528.880430459976,False
2954,6,435,startFixPeriod,1764334050.2830184,2529.067694425583,False
2955,6,435,TargetPresentation,1764334051.580654,2530.365329027176,False
2956,6,435,TargetDisplacement,1764334051.7400248,2530.524698495865,True
2957,6,435,RightResponse,1764334052.6493504,2531.4340257644653,False
2958,6,436,FeedbackPeriodStarted,1764334052.676947,2531.461624145508,False
2959,6,436,startFixDisplay,1764334052.6771414,2531.461817264557,False
2960,6,436,startFixPeriod,1764334052.85738,2531.6420562267303,False
2961,6,436,TargetPresentation,1764334053.8497164,2532.634392976761,False
2962,6,436,TargetDisplacement,1764334054.0092144,2532.793890953064,True
2963,6,436,LeftResponse,1764334054.5994098,2533.384085893631,False
2964,6,437,FeedbackPeriodStarted,1764334054.6198423,2533.4045186042786,False
2965,6,437,startFixDisplay,1764334054.619979,2533.4046545028687,False
2966,6,437,startFixPeriod,1764334054.8211,2533.6057765483856,False
2967,6,437,TargetPresentation,1764334055.5913107,2534.375985145569,False
2968,6,437,TargetDisplacement,1764334055.7508807,2534.535556793213,True
2969,6,437,LeftResponse,1764334056.3827882,2535.167464733124,False
2970,6,438,FeedbackPeriodStarted,1764334056.4101233,2535.1947996616364,False
2971,6,438,startFixDisplay,1764334056.4102523,2535.1949274539948,False
2972,6,438,startFixPeriod,1764334056.6045384,2535.3892147541046,False
2973,6,438,TargetPresentation,1764334057.8674006,2536.65207529068,False
2974,6,438,TargetRemoval,1764334057.9991817,2536.783855676651,True
2975,6,438,TargetReappeared,1764334058.2490544,2537.033730983734,False
2976,6,438,RightResponse,1764334058.769713,2537.5543887615204,False
2977,6,438,FeedbackPeriodStarted,1764334058.7763002,2537.5609765052795,False
2978,6,439,startFixDisplay,1764334060.7886848,2539.5733613967896,False
2979,6,439,startFixPeriod,1764334061.0178459,2539.8025228977203,False
2980,6,439,TargetPresentation,1764334062.405595,2541.1902735233307,False
2981,6,439,TargetDisplacement,1764334062.565127,2541.349803209305,True
2982,6,439,RightResponse,1764334063.2870898,2542.071766138077,False
2983,6,440,FeedbackPeriodStarted,1764334063.3144767,2542.099153280258,False
2984,6,440,startFixDisplay,1764334063.314615,2542.099290370941,False
2985,6,440,startFixPeriod,1764334063.4602199,2542.2448966503143,False
2986,6,440,TargetPresentation,1764334064.3344743,2543.119148492813,False
2987,6,440,TargetRemoval,1764334064.4939857,2543.2786593437195,True
2988,6,440,TargetReappeared,1764334064.744001,2543.5286774635315,False
2989,6,440,LeftResponse,1764334065.2369375,2544.0216121673584,False
2990,6,441,FeedbackPeriodStarted,1764334065.2644327,2544.0491070747375,False
2991,6,441,startFixDisplay,1764334065.2644863,2544.049160003662,False
2992,6,441,startFixPeriod,1764334065.5003536,2544.28502869606,False
2993,6,441,TargetPresentation,1764334066.3816109,2545.1662862300873,False
2994,6,441,TargetRemoval,1764334066.5412006,2545.3258769512177,True
2995,6,441,TargetReappeared,1764334066.7910113,2545.5756862163544,False
2996,6,441,RightResponse,1764334067.3322701,2546.1169443130493,False
2997,6,442,FeedbackPeriodStarted,1764334067.3600352,2546.1447126865387,False
2998,6,442,startFixDisplay,1764334067.3601632,2546.1448385715485,False
2999,6,442,startFixPeriod,1764334067.5751176,2546.359794139862,False
3000,6,442,TargetPresentation,1764334068.5188718,2547.3035485744476,False
3001,6,442,TargetDisplacement,1764334068.726911,2547.5115871429443,True
3002,6,442,RightResponse,1764334069.4281058,2548.2127814292908,False
3003,6,443,FeedbackPeriodStarted,1764334069.455375,2548.240048646927,False
3004,6,443,startFixDisplay,1764334069.4554238,2548.240097284317,False
3005,6,443,startFixPeriod,1764334069.6983783,2548.4830543994904,False
3006,6,443,TargetPresentation,1764334070.63522,2549.4198966026306,False
3007,6,443,TargetDisplacement,1764334071.1554687,2549.940142393112,True
3008,6,443,LeftResponse,1764334071.6901405,2550.4748158454895,False
3009,6,444,FeedbackPeriodStarted,1764334071.7106385,2550.4953124523163,False
3010,6,444,startFixDisplay,1764334071.7107337,2550.4954073429108,False
3011,6,444,startFixPeriod,1764334071.8703256,2550.6550018787384,False
3012,6,444,TargetPresentation,1764334072.716887,2551.501563310623,False
3013,6,444,TargetRemoval,1764334072.8625464,2551.647222518921,True
3014,6,444,TargetReappeared,1764334073.1123984,2551.8970725536346,False
3015,6,444,LeftResponse,1764334073.647049,2552.431725025177,False
3016,6,444,FeedbackPeriodStarted,1764334073.653667,2552.438343524933,False
3017,6,445,startFixDisplay,1764334075.6659563,2554.4506328105927,False
3018,6,445,startFixPeriod,1764334076.1030705,2554.887746334076,False
3019,6,445,TargetPresentation,1764334077.5186539,2556.3033299446106,False
3020,6,445,TargetDisplacement,1764334077.7200136,2556.5046875476837,True
3021,6,445,RightResponse,1764334078.6362104,2557.4208862781525,False
3022,6,446,FeedbackPeriodStarted,1764334078.6567159,2557.441392660141,False
3023,6,446,startFixDisplay,1764334078.6568527,2557.441528081894,False
3024,6,446,startFixPeriod,1764334078.913512,2557.6981885433197,False
3025,6,446,TargetPresentation,1764334079.6837735,2558.4684500694275,False
3026,6,446,TargetDisplacement,1764334079.8572106,2558.641886949539,True
3027,6,446,RightResponse,1764334080.7245498,2559.5092236995697,False
3028,6,447,FeedbackPeriodStarted,1764334080.7455504,2559.5302267074585,False
3029,6,447,startFixDisplay,1764334080.7457108,2559.5303864479065,False
3030,6,447,startFixPeriod,1764334080.863351,2559.6480276584625,False
3031,6,447,TargetPresentation,1764334081.945958,2560.730635404587,False
3032,6,447,TargetDisplacement,1764334082.1123137,2560.8969898223877,True
3033,6,447,RightResponse,1764334082.8272324,2561.6119060516357,False
3034,6,448,FeedbackPeriodStarted,1764334082.8478665,2561.632543325424,False
3035,6,448,startFixDisplay,1764334082.8480031,2561.63267827034,False
3036,6,448,startFixPeriod,1764334083.0491421,2561.8338186740875,False
3037,6,448,TargetPresentation,1764334084.1386738,2562.923350095749,False
3038,6,448,TargetDisplacement,1764334084.305006,2563.089679956436,True
3039,6,448,RightResponse,1764334084.9436584,2563.72833275795,False
3040,6,449,FeedbackPeriodStarted,1764334084.971201,2563.755877494812,False
3041,6,449,startFixDisplay,1764334084.9713697,2563.756043434143,False
3042,6,449,startFixPeriod,1764334085.228023,2564.012699365616,False
3043,6,449,TargetPresentation,1764334086.0746531,2564.8593299388885,False
3044,6,449,TargetDisplacement,1764334086.4701033,2565.254779815674,True
3045,6,449,LeftResponse,1764334087.1018753,2565.8865509033203,False
3046,6,450,FeedbackPeriodStarted,1764334087.1225784,2565.9072530269623,False
3047,6,450,startFixDisplay,1764334087.1226332,2565.9073066711426,False
3048,6,450,startFixPeriod,1764334087.309727,2566.094403743744,False
3049,6,450,TargetPresentation,1764334087.9273145,2566.7119908332825,False
3050,6,450,TargetRemoval,1764334088.0729318,2566.8576078414917,True
3051,6,450,TargetReappeared,1764334088.3228695,2567.107544898987,False
3052,6,450,RightResponse,1764334088.8574681,2567.6421434879303,False
3053,6,450,FeedbackPeriodStarted,1764334088.8709598,2567.655633687973,False
3054,6,451,startFixDisplay,1764334090.883158,2569.6678318977356,False
3055,6,451,startFixPeriod,1764334091.1747875,2569.959464073181,False
3056,6,451,TargetPresentation,1764334092.0283155,2570.8129920959473,False
3057,6,451,TargetDisplacement,1764334092.2015736,2570.9862480163574,True
3058,6,451,LeftResponse,1764334093.0276592,2571.812334060669,False
3059,6,452,FeedbackPeriodStarted,1764334093.055246,2571.839922428131,False
3060,6,452,startFixDisplay,1764334093.055371,2571.8400464057922,False
3061,6,452,startFixPeriod,1764334093.291286,2572.0759625434875,False
3062,6,452,TargetPresentation,1764334094.0406315,2572.8253090381622,False
3063,6,452,TargetDisplacement,1764334094.2139857,2572.998661994934,True
3064,6,452,LeftResponse,1764334095.123317,2573.9079921245575,False
3065,6,453,FeedbackPeriodStarted,1764334095.1507862,2573.9354622364044,False
3066,6,453,startFixDisplay,1764334095.1509182,2573.935593366623,False
3067,6,453,startFixPeriod,1764334095.3729405,2574.1576166152954,False
3068,6,453,TargetPresentation,1764334096.7190478,2575.503724336624,False
3069,6,453,TargetDisplacement,1764334096.871664,2575.65634059906,True
3070,6,453,RightResponse,1764334097.5102146,2576.294888496399,False
3071,6,454,FeedbackPeriodStarted,1764334097.530919,2576.315596342087,False
3072,6,454,startFixDisplay,1764334097.5310466,2576.315721988678,False
3073,6,454,startFixPeriod,1764334097.725259,2576.5099341869354,False
3074,6,454,TargetPresentation,1764334098.5925126,2577.377187013626,False
3075,6,454,TargetDisplacement,1764334098.599544,2577.3842208385468,True
3076,6,454,RightResponse,1764334099.5504627,2578.33513879776,False
3077,6,455,FeedbackPeriodStarted,1764334099.570988,2578.355667114258,False
3078,6,455,startFixDisplay,1764334099.5711396,2578.355814933777,False
3079,6,455,startFixPeriod,1764334099.7861059,2578.570782184601,False
3080,6,455,TargetPresentation,1764334101.1252728,2579.9099490642548,False
3081,6,455,TargetRemoval,1764334101.1322424,2579.9169182777405,True
3082,6,455,TargetReappeared,1764334101.3821929,2580.1668701171875,False
3083,6,455,RightResponse,1764334102.235559,2581.0202326774597,False
3084,6,456,FeedbackPeriodStarted,1764334102.2562306,2581.0409042835236,False
3085,6,456,startFixDisplay,1764334102.2562788,2581.040952205658,False
3086,6,456,startFixPeriod,1764334102.6797726,2581.4644496440887,False
3087,6,456,TargetPresentation,1764334104.1715443,2582.9562187194824,False
3088,6,456,TargetDisplacement,1764334104.2756407,2583.0603170394897,True
3089,6,456,RightResponse,1764334105.0462317,2583.8309078216553,False
3090,6,456,FeedbackPeriodStarted,1764334105.0527651,2583.8374412059784,False
3091,6,457,startFixDisplay,1764334107.0650332,2585.8497071266174,False
3092,6,457,startFixPeriod,1764334107.349731,2586.1344079971313,False
3093,6,457,TargetPresentation,1764334108.3072407,2587.091917037964,False
3094,6,457,TargetRemoval,1764334108.459859,2587.24453496933,True
3095,6,457,TargetReappeared,1764334108.7096817,2587.4943578243256,False
3096,6,457,RightResponse,1764334109.2581167,2588.0427927970886,False
3097,6,458,FeedbackPeriodStarted,1764334109.2856016,2588.0702786445618,False
3098,6,458,startFixDisplay,1764334109.2857413,2588.070416688919,False
3099,6,458,startFixPeriod,1764334109.5008261,2588.285502433777,False
3100,6,458,TargetPresentation,1764334110.132127,2588.9168031215668,False
3101,6,458,TargetDisplacement,1764334111.3187065,2590.103382587433,True
3102,6,458,LeftResponse,1764334112.3737562,2591.158432483673,False
3103,6,459,FeedbackPeriodStarted,1764334112.401176,2591.185849905014,False
3104,6,459,startFixDisplay,1764334112.4012241,2591.1858978271484,False
3105,6,459,startFixPeriod,1764334112.595526,2591.3802003860474,False
3106,6,459,TargetPresentation,1764334113.546141,2592.3308160305023,False
3107,6,459,TargetDisplacement,1764334113.7266672,2592.511343717575,True
3108,6,459,LeftResponse,1764334114.538789,2593.3234651088715,False
3109,6,460,FeedbackPeriodStarted,1764334114.559219,2593.343892812729,False
3110,6,460,startFixDisplay,1764334114.559268,2593.343941450119,False
3111,6,460,startFixPeriod,1764334114.9894466,2593.774120569229,False
3112,6,460,TargetPresentation,1764334116.425954,2595.210628271103,False
3113,6,460,TargetDisplacement,1764334116.585508,2595.3701844215393,True
3114,6,460,LeftResponse,1764334117.3351574,2596.1198329925537,False
3115,6,461,FeedbackPeriodStarted,1764334117.355543,2596.1402168273926,False
3116,6,461,startFixDisplay,1764334117.3556042,2596.140277862549,False
3117,6,461,startFixPeriod,1764334117.5292065,2596.31388258934,False
3118,6,461,TargetPresentation,1764334118.7642603,2597.548934698105,False
3119,6,461,TargetDisplacement,1764334118.9030788,2597.6877529621124,True
3120,6,461,RightResponse,1764334119.8192575,2598.6039323806763,False
3121,6,461,FeedbackPeriodStarted,1764334119.860715,2598.6453914642334,False
3122,7,462,startFixDisplay,1764334136.6530368,2615.4377110004425,False
3123,7,462,startFixPeriod,1764334136.8892508,2615.6739280223846,False
3124,7,462,TargetPresentation,1764334137.603787,2616.3884632587433,False
3125,7,462,TargetDisplacement,1764334137.7633703,2616.548046350479,True
3126,7,462,LeftResponse,1764334138.297989,2617.0826649665833,False
3127,7,463,FeedbackPeriodStarted,1764334138.3187485,2617.103422164917,False
3128,7,463,startFixDisplay,1764334138.3187964,2617.103469848633,False
3129,7,463,startFixPeriod,1764334138.5614183,2617.346093416214,False
3130,7,463,TargetPresentation,1764334139.782773,2618.5674493312836,False
3131,7,463,TargetRemoval,1764334139.9146245,2618.6993012428284,True
3132,7,463,TargetReappeared,1764334140.164305,2618.948979139328,False
3133,7,463,LeftResponse,1764334140.8724985,2619.657173395157,False
3134,7,464,FeedbackPeriodStarted,1764334140.899891,2619.684567451477,False
3135,7,464,startFixDisplay,1764334140.9000278,2619.68470287323,False
3136,7,464,startFixPeriod,1764334141.1011336,2619.8858098983765,False
3137,7,464,TargetPresentation,1764334142.336251,2621.1209268569946,False
3138,7,464,TargetDisplacement,1764334142.4680328,2621.25270652771,True
3139,7,464,RightResponse,1764334143.0859885,2621.870664834976,False
3140,7,465,FeedbackPeriodStarted,1764334143.1133893,2621.8980655670166,False
3141,7,465,startFixDisplay,1764334143.113464,2621.8981375694275,False
3142,7,465,startFixPeriod,1764334143.307794,2622.092470407486,False
3143,7,465,TargetPresentation,1764334144.1960628,2622.980737924576,False
3144,7,465,TargetDisplacement,1764334144.3414955,2623.1261694431305,True
3145,7,465,RightResponse,1764334144.9108634,2623.6955392360687,False
3146,7,466,FeedbackPeriodStarted,1764334144.9383364,2623.7230122089386,False
3147,7,466,startFixDisplay,1764334144.9384832,2623.723158597946,False
3148,7,466,startFixPeriod,1764334145.1534786,2623.938154935837,False
3149,7,466,TargetPresentation,1764334145.777996,2624.5626723766327,False
3150,7,466,TargetDisplacement,1764334145.9444933,2624.729169368744,True
3151,7,466,LeftResponse,1764334146.853788,2625.638463497162,False
3152,7,467,FeedbackPeriodStarted,1764334146.8743188,2625.658994913101,False
3153,7,467,startFixDisplay,1764334146.87452,2625.659196138382,False
3154,7,467,startFixPeriod,1764334147.0687206,2625.8533968925476,False
3155,7,467,TargetPresentation,1764334148.296849,2627.0815250873566,False
3156,7,467,TargetRemoval,1764334148.4634306,2627.2481043338776,True
3157,7,467,TargetReappeared,1764334148.7131484,2627.4978246688843,False
3158,7,467,LeftResponse,1764334149.1993425,2627.984016418457,False
3159,7,468,FeedbackPeriodStarted,1764334149.233636,2628.0183131694794,False
3160,7,468,startFixDisplay,1764334149.233788,2628.0184626579285,False
3161,7,468,startFixPeriod,1764334149.386327,2628.1710023880005,False
3162,7,468,TargetPresentation,1764334150.8781526,2629.6628272533417,False
3163,7,468,TargetDisplacement,1764334151.0169723,2629.8016481399536,True
3164,7,468,RightResponse,1764334151.662487,2630.447160959244,False
3165,7,468,FeedbackPeriodStarted,1764334151.6692367,2630.453910589218,False
3166,7,469,startFixDisplay,1764334153.6884449,2632.4731216430664,False
3167,7,469,startFixPeriod,1764334153.7162397,2632.5009138584137,False
3168,7,469,TargetPresentation,1764334155.0208406,2633.8055171966553,False
3169,7,469,TargetDisplacement,1764334155.249885,2634.0345616340637,True
3170,7,469,RightResponse,1764334155.9300606,2634.714736700058,False
3171,7,470,FeedbackPeriodStarted,1764334155.957536,2634.742212295532,False
3172,7,470,startFixDisplay,1764334155.95768,2634.7423553466797,False
3173,7,470,startFixPeriod,1764334156.2073305,2634.99200630188,False
3174,7,470,TargetPresentation,1764334156.7348225,2635.519499063492,False
3175,7,470,TargetDisplacement,1764334156.922027,2635.7067034244537,True
3176,7,470,RightResponse,1764334157.9075813,2636.6922569274902,False
3177,7,471,FeedbackPeriodStarted,1764334157.9351006,2636.719774723053,False
3178,7,471,startFixDisplay,1764334157.9351485,2636.71982216835,False
3179,7,471,startFixPeriod,1764334158.1295376,2636.9142141342163,False
3180,7,471,TargetPresentation,1764334159.4133067,2638.197983264923,False
3181,7,471,TargetRemoval,1764334159.5519686,2638.3366425037384,True
3182,7,471,TargetReappeared,1764334159.8018906,2638.586566925049,False
3183,7,471,RightResponse,1764334160.4334745,2639.218148946762,False
3184,7,472,FeedbackPeriodStarted,1764334160.4610238,2639.245700597763,False
3185,7,472,startFixDisplay,1764334160.4611604,2639.2458357810974,False
3186,7,472,startFixPeriod,1764334160.731622,2639.516308784485,False
3187,7,472,TargetPresentation,1764334161.7586737,2640.5433502197266,False
3188,7,472,TargetDisplacement,1764334161.911222,2640.6958985328674,True
3189,7,472,RightResponse,1764334162.543462,2641.328138589859,False
3190,7,473,FeedbackPeriodStarted,1764334162.5702991,2641.354973077774,False
3191,7,473,startFixDisplay,1764334162.5703466,2641.355020046234,False
3192,7,473,startFixPeriod,1764334162.778672,2641.563348054886,False
3193,7,473,TargetPresentation,1764334163.7779832,2642.5626583099365,False
3194,7,473,TargetRemoval,1764334163.9444454,2642.7291193008423,True
3195,7,473,TargetReappeared,1764334164.194372,2642.979048728943,False
3196,7,473,RightResponse,1764334164.72193,2643.5066063404083,False
3197,7,474,FeedbackPeriodStarted,1764334164.7492874,2643.5339615345,False
3198,7,474,startFixDisplay,1764334164.7493503,2643.5340237617493,False
3199,7,474,startFixPeriod,1764334164.9576538,2643.742330312729,False
3200,7,474,TargetPresentation,1764334165.9013383,2644.686014890671,False
3201,7,474,TargetDisplacement,1764334166.0884695,2644.8731434345245,True
3202,7,474,LeftResponse,1764334166.886743,2645.671417236328,False
3203,7,474,FeedbackPeriodStarted,1764334166.8935943,2645.6782689094543,False
3204,7,475,startFixDisplay,1764334168.9127905,2647.697467327118,False
3205,7,475,startFixPeriod,1764334169.204292,2647.988967180252,False
3206,7,475,TargetPresentation,1764334169.9883938,2648.773068189621,False
3207,7,475,TargetDisplacement,1764334170.168725,2648.953401327133,True
3208,7,475,RightResponse,1764334170.9117064,2649.696382522583,False
3209,7,476,FeedbackPeriodStarted,1764334170.945857,2649.730533838272,False
3210,7,476,startFixDisplay,1764334170.9459903,2649.730665922165,False
3211,7,476,startFixPeriod,1764334171.14726,2649.9319367408752,False
3212,7,476,TargetPresentation,1764334171.8133435,2650.598019361496,False
3213,7,476,TargetRemoval,1764334171.9727933,2650.757469177246,True
3214,7,476,TargetReappeared,1764334172.22282,2651.0074968338013,False
3215,7,476,RightResponse,1764334172.674116,2651.4587903022766,False
3216,7,477,FeedbackPeriodStarted,1764334172.7014835,2651.4861602783203,False
3217,7,477,startFixDisplay,1764334172.701659,2651.4863340854645,False
3218,7,477,startFixPeriod,1764334172.972212,2651.756888628006,False
3219,7,477,TargetPresentation,1764334173.4787428,2652.2634193897247,False
3220,7,477,TargetDisplacement,1764334174.1239843,2652.9086582660675,True
3221,7,477,RightResponse,1764334174.311768,2653.0964443683624,False
3222,7,478,FeedbackPeriodStarted,1764334174.3389652,2653.123639345169,False
3223,7,478,startFixDisplay,1764334174.339029,2653.1237030029297,False
3224,7,478,startFixPeriod,1764334174.547319,2653.3319957256317,False
3225,7,478,TargetPresentation,1764334175.7548058,2654.539483308792,False
3226,7,478,TargetDisplacement,1764334175.9141927,2654.69886636734,True
3227,7,478,LeftResponse,1764334176.6501179,2655.434793949127,False
3228,7,479,FeedbackPeriodStarted,1764334176.6776376,2655.462314605713,False
3229,7,479,startFixDisplay,1764334176.6777902,2655.4624655246735,False
3230,7,479,startFixPeriod,1764334176.8927674,2655.6774442195892,False
3231,7,479,TargetPresentation,1764334177.8502607,2656.6349351406097,False
3232,7,479,TargetDisplacement,1764334178.0444882,2656.829162120819,True
3233,7,479,RightResponse,1764334178.7248108,2657.5094854831696,False
3234,7,480,FeedbackPeriodStarted,1764334178.7522743,2657.5369505882263,False
3235,7,480,startFixDisplay,1764334178.7524796,2657.5371532440186,False
3236,7,480,startFixPeriod,1764334178.9259644,2657.710639476776,False
3237,7,480,TargetPresentation,1764334180.2650847,2659.0497610569,False
3238,7,480,TargetRemoval,1764334180.4384272,2659.223103284836,True
3239,7,480,TargetReappeared,1764334180.688427,2659.473103761673,False
3240,7,480,RightResponse,1764334181.1257255,2659.9103996753693,False
3241,7,480,FeedbackPeriodStarted,1764334181.1324637,2659.917137861252,False
3242,7,481,startFixDisplay,1764334183.1446688,2661.9293456077576,False
3243,7,481,startFixPeriod,1764334183.1516147,2661.9362931251526,False
3244,7,481,TargetPresentation,1764334184.0400128,2662.8246898651123,False
3245,7,481,TargetDisplacement,1764334184.3172777,2663.101951599121,True
3246,7,481,RightResponse,1764334185.0047817,2663.789457798004,False
3247,7,482,FeedbackPeriodStarted,1764334185.0321434,2663.8168201446533,False
3248,7,482,startFixDisplay,1764334185.0322886,2663.816963672638,False
3249,7,482,startFixPeriod,1764334185.3168268,2664.1015038490295,False
3250,7,482,TargetPresentation,1764334186.4338868,2665.218563079834,False
3251,7,482,TargetDisplacement,1764334186.6003518,2665.3850281238556,True
3252,7,482,LeftResponse,1764334187.3083725,2666.093047142029,False
3253,7,483,FeedbackPeriodStarted,1764334187.3358605,2666.120537042618,False
3254,7,483,startFixDisplay,1764334187.3360004,2666.1206760406494,False
3255,7,483,startFixPeriod,1764334187.5233507,2666.3080263137817,False
3256,7,483,TargetPresentation,1764334188.3631153,2667.1477925777435,False
3257,7,483,TargetRemoval,1764334188.5223718,2667.3070454597473,True
3258,7,483,TargetReappeared,1764334188.7723794,2667.5570561885834,False
3259,7,483,RightResponse,1764334189.5012944,2668.2859704494476,False
3260,7,484,FeedbackPeriodStarted,1764334189.5285027,2668.3131771087646,False
3261,7,484,startFixDisplay,1764334189.5285776,2668.3132512569427,False
3262,7,484,startFixPeriod,1764334190.3128994,2669.0975756645203,False
3263,7,484,TargetPresentation,1764334191.2358286,2670.020505428314,False
3264,7,484,TargetDisplacement,1764334191.3882806,2670.1729567050934,True
3265,7,484,RightResponse,1764334192.0617802,2670.84645652771,False
3266,7,485,FeedbackPeriodStarted,1764334192.0891876,2670.873864889145,False
3267,7,485,startFixDisplay,1764334192.0893342,2670.8740096092224,False
3268,7,485,startFixPeriod,1764334192.4223483,2671.207024335861,False
3269,7,485,TargetPresentation,1764334193.3174782,2672.1021547317505,False
3270,7,485,TargetRemoval,1764334193.497755,2672.282431125641,True
3271,7,485,TargetReappeared,1764334193.7476616,2672.532335996628,False
3272,7,485,RightResponse,1764334194.254619,2673.039295434952,False
3273,7,486,FeedbackPeriodStarted,1764334194.2818463,2673.066522836685,False
3274,7,486,startFixDisplay,1764334194.281986,2673.0666613578796,False
3275,7,486,startFixPeriod,1764334194.5110276,2673.2957043647766,False
3276,7,486,TargetPresentation,1764334195.8640797,2674.6487567424774,False
3277,7,486,TargetDisplacement,1764334196.5092468,2675.293920516968,True
3278,7,486,RightResponse,1764334196.780322,2675.5649971961975,False
3279,7,486,FeedbackPeriodStarted,1764334196.7939086,2675.5785853862762,False
3280,7,487,startFixDisplay,1764334198.8059695,2677.590643644333,False
3281,7,487,startFixPeriod,1764334198.8269565,2677.6116304397583,False
3282,7,487,TargetPresentation,1764334199.8055027,2678.590178966522,False
3283,7,487,TargetDisplacement,1764334199.965018,2678.7496943473816,True
3284,7,487,RightResponse,1764334200.7077837,2679.4924597740173,False
3285,7,488,FeedbackPeriodStarted,1764334200.7351577,2679.5198345184326,False
3286,7,488,startFixDisplay,1764334200.7352996,2679.5199749469757,False
3287,7,488,startFixPeriod,1764334200.922734,2679.707410097122,False
3288,7,488,TargetPresentation,1764334201.6234155,2680.408091068268,False
3289,7,488,TargetRemoval,1764334201.769024,2680.553697824478,True
3290,7,488,TargetReappeared,1764334202.0189297,2680.803606271744,False
3291,7,488,LeftResponse,1764334202.5951872,2681.3798620700836,False
3292,7,489,FeedbackPeriodStarted,1764334202.6224525,2681.4071271419525,False
3293,7,489,startFixDisplay,1764334202.6225133,2681.407186985016,False
3294,7,489,startFixPeriod,1764334202.8308191,2681.6154959201813,False
3295,7,489,TargetPresentation,1764334204.059139,2682.843815088272,False
3296,7,489,TargetDisplacement,1764334204.2393186,2683.0239923000336,True
3297,7,489,RightResponse,1764334205.0309637,2683.815640449524,False
3298,7,490,FeedbackPeriodStarted,1764334205.0581715,2683.8428478240967,False
3299,7,490,startFixDisplay,1764334205.0583124,2683.8429877758026,False
3300,7,490,startFixPeriod,1764334205.065036,2683.8497099876404,False
3301,7,490,TargetPresentation,1764334205.682885,2684.467561483383,False
3302,7,490,TargetDisplacement,1764334205.974141,2684.7588171958923,True
3303,7,490,RightResponse,1764334206.5435305,2685.328206062317,False
3304,7,491,FeedbackPeriodStarted,1764334206.5708883,2685.3555648326874,False
3305,7,491,startFixDisplay,1764334206.5710273,2685.355702638626,False
3306,7,491,startFixPeriod,1764334206.6821072,2685.4667842388153,False
3307,7,491,TargetPresentation,1764334207.8756025,2686.660280227661,False
3308,7,491,TargetDisplacement,1764334208.0279922,2686.8126661777496,True
3309,7,491,LeftResponse,1764334208.7709968,2687.555672645569,False
3310,7,492,FeedbackPeriodStarted,1764334208.7983584,2687.5830352306366,False
3311,7,492,startFixDisplay,1764334208.7984982,2687.5831735134125,False
3312,7,492,startFixPeriod,1764334208.9372196,2687.7218964099884,False
3313,7,492,TargetPresentation,1764334209.8947291,2688.6794033050537,False
3314,7,492,TargetDisplacement,1764334210.0542183,2688.838894844055,True
3315,7,492,RightResponse,1764334210.7344637,2689.5191378593445,False
3316,7,492,FeedbackPeriodStarted,1764334210.7412515,2689.5259256362915,False
3317,7,493,startFixDisplay,1764334212.7608385,2691.5455179214478,False
3318,7,493,startFixPeriod,1764334212.767443,2691.552119731903,False
3319,7,493,TargetPresentation,1764334213.3018918,2692.0865688323975,False
3320,7,493,TargetDisplacement,1764334213.4682431,2692.2529170513153,True
3321,7,493,RightResponse,1764334214.1696684,2692.954343557358,False
3322,7,494,FeedbackPeriodStarted,1764334214.196898,2692.9815740585327,False
3323,7,494,startFixDisplay,1764334214.1970363,2692.9817111492157,False
3324,7,494,startFixPeriod,1764334214.3774931,2693.1621685028076,False
3325,7,494,TargetPresentation,1764334214.8908598,2693.6755363941193,False
3326,7,494,TargetRemoval,1764334214.8978145,2693.6824910640717,True
3327,7,494,TargetReappeared,1764334215.1475594,2693.932235956192,False
3328,7,494,LeftResponse,1764334215.9180813,2694.7027571201324,False
3329,7,495,FeedbackPeriodStarted,1764334215.9454556,2694.730129957199,False
3330,7,495,startFixDisplay,1764334215.9455166,2694.7301902770996,False
3331,7,495,startFixPeriod,1764334215.9524305,2694.7371068000793,False
3332,7,495,TargetPresentation,1764334217.146173,2695.930849790573,False
3333,7,495,TargetDisplacement,1764334217.2985973,2696.083274126053,True
3334,7,495,RightResponse,1764334218.2494092,2697.034083843231,False
3335,7,496,FeedbackPeriodStarted,1764334218.2770422,2697.061718940735,False
3336,7,496,startFixDisplay,1764334218.2771833,2697.061858654022,False
3337,7,496,startFixPeriod,1764334218.6934807,2697.478155851364,False
3338,7,496,TargetPresentation,1764334219.456792,2698.2414689064026,False
3339,7,496,TargetDisplacement,1764334219.6371474,2698.421823501587,True
3340,7,496,RightResponse,1764334220.324449,2699.109123945236,False
3341,7,497,FeedbackPeriodStarted,1764334220.351826,2699.1365027427673,False
3342,7,497,startFixDisplay,1764334220.3519657,2699.1366407871246,False
3343,7,497,startFixPeriod,1764334220.580982,2699.3656589984894,False
3344,7,497,TargetPresentation,1764334221.2330842,2700.0177590847015,False
3345,7,497,TargetDisplacement,1764334221.4134388,2700.198112487793,True
3346,7,497,LeftResponse,1764334222.4270604,2701.2117364406586,False
3347,7,498,FeedbackPeriodStarted,1764334222.4543417,2701.2390184402466,False
3348,7,498,startFixDisplay,1764334222.4544375,2701.2391109466553,False
3349,7,498,startFixPeriod,1764334222.655805,2701.440481901169,False
3350,7,498,TargetPresentation,1764334223.9116583,2702.6963350772858,False
3351,7,498,TargetDisplacement,1764334224.0711007,2702.855777025223,True
3352,7,498,LeftResponse,1764334224.758538,2703.543214082718,False
3353,7,498,FeedbackPeriodStarted,1764334224.7720766,2703.5567531585693,False
3354,7,499,startFixDisplay,1764334226.791215,2705.5758912563324,False
3355,7,499,startFixPeriod,1764334227.0342019,2705.8188762664795,False
3356,7,499,TargetPresentation,1764334227.922421,2706.7070960998535,False
3357,7,499,TargetRemoval,1764334228.2552574,2707.0399310588837,True
3358,7,499,TargetReappeared,1764334228.5051742,2707.289849281311,False
3359,7,499,RightResponse,1764334229.268882,2708.053557872772,False
3360,7,500,FeedbackPeriodStarted,1764334229.3031912,2708.0878682136536,False
3361,7,500,startFixDisplay,1764334229.3033385,2708.0880131721497,False
3362,7,500,startFixPeriod,1764334229.3100684,2708.0947449207306,False
3363,7,500,TargetPresentation,1764334230.0665207,2708.8511950969696,False
3364,7,500,TargetDisplacement,1764334230.2538204,2709.038496494293,True
3365,7,500,RightResponse,1764334231.0869658,2709.871642112732,False
3366,7,501,FeedbackPeriodStarted,1764334231.1142452,2709.898921728134,False
3367,7,501,startFixDisplay,1764334231.1143844,2709.899059534073,False
3368,7,501,startFixPeriod,1764334231.3225553,2710.1072301864624,False
3369,7,501,TargetPresentation,1764334232.7519875,2711.5366621017456,False
3370,7,501,TargetDisplacement,1764334232.9183483,2711.703022003174,True
3371,7,501,LeftResponse,1764334233.6960511,2712.4807271957397,False
3372,7,502,FeedbackPeriodStarted,1764334233.7232852,2712.5079596042633,False
3373,7,502,startFixDisplay,1764334233.723345,2712.508018732071,False
3374,7,502,startFixPeriod,1764334233.8898404,2712.674515724182,False
3375,7,502,TargetPresentation,1764334235.3542044,2714.1388795375824,False
3376,7,502,TargetDisplacement,1764334235.5136209,2714.2982969284058,True
3377,7,502,RightResponse,1764334236.1246386,2714.9093148708344,False
3378,7,503,FeedbackPeriodStarted,1764334236.1521022,2714.9367785453796,False
3379,7,503,startFixDisplay,1764334236.152237,2714.9369122982025,False
3380,7,503,startFixPeriod,1764334236.3464284,2715.1311044692993,False
3381,7,503,TargetPresentation,1764334237.7895994,2716.5742766857147,False
3382,7,503,TargetDisplacement,1764334237.969957,2716.7546331882477,True
3383,7,503,RightResponse,1764334238.775324,2717.560000181198,False
3384,7,504,FeedbackPeriodStarted,1764334238.8027096,2717.587385892868,False
3385,7,504,startFixDisplay,1764334238.8028438,2717.5875191688538,False
3386,7,504,startFixPeriod,1764334238.969395,2717.7540707588196,False
3387,7,504,TargetPresentation,1764334239.6147099,2718.3993866443634,False
3388,7,504,TargetDisplacement,1764334239.704742,2718.489418029785,True
3389,7,504,LeftResponse,1764334240.4059381,2719.190614461899,False
3390,7,504,FeedbackPeriodStarted,1764334240.4126546,2719.1973288059235,False
3391,7,505,startFixDisplay,1764334242.4318063,2721.216482400894,False
3392,7,505,startFixPeriod,1764334242.4943411,2721.2790167331696,False
3393,7,505,TargetPresentation,1764334243.0217607,2721.8064374923706,False
3394,7,505,TargetDisplacement,1764334243.2021103,2721.986784219742,True
3395,7,505,RightResponse,1764334243.7992122,2722.5838882923126,False
3396,7,506,FeedbackPeriodStarted,1764334243.8266187,2722.6112961769104,False
3397,7,506,startFixDisplay,1764334243.8267698,2722.6114451885223,False
3398,7,506,startFixPeriod,1764334244.0279875,2722.8126645088196,False
3399,7,506,TargetPresentation,1764334245.054892,2723.8395686149597,False
3400,7,506,TargetDisplacement,1764334245.2213712,2724.006047487259,True
3401,7,506,RightResponse,1764334245.853111,2724.63778591156,False
3402,7,507,FeedbackPeriodStarted,1764334245.880949,2724.665625810623,False
3403,7,507,startFixDisplay,1764334245.8810825,2724.6657581329346,False
3404,7,507,startFixPeriod,1764334246.1025944,2724.887269973755,False
3405,7,507,TargetPresentation,1764334246.775764,2725.5604395866394,False
3406,7,507,TargetRemoval,1764334246.9352167,2725.7198905944824,True
3407,7,507,TargetReappeared,1764334247.1850493,2725.9697258472443,False
3408,7,507,LeftResponse,1764334247.9070506,2726.6917247772217,False
3409,7,508,FeedbackPeriodStarted,1764334247.9414234,2726.726100206375,False
3410,7,508,startFixDisplay,1764334247.9415927,2726.726270198822,False
3411,7,508,startFixPeriod,1764334248.0942595,2726.878936290741,False
3412,7,508,TargetPresentation,1764334248.6146533,2727.3993287086487,False
3413,7,508,TargetDisplacement,1764334249.218216,2728.002892255783,True
3414,7,508,RightResponse,1764334249.5514908,2728.3361644744873,False
3415,7,509,FeedbackPeriodStarted,1764334249.5789154,2728.3635897636414,False
3416,7,509,startFixDisplay,1764334249.5789776,2728.363651037216,False
3417,7,509,startFixPeriod,1764334249.8429005,2728.62757730484,False
3418,7,509,TargetPresentation,1764334250.6685996,2729.453276157379,False
3419,7,509,TargetDisplacement,1764334250.8489044,2729.633581161499,True
3420,7,509,LeftResponse,1764334251.6194465,2730.4041204452515,False
3421,7,510,FeedbackPeriodStarted,1764334251.6469505,2730.4316272735596,False
3422,7,510,startFixDisplay,1764334251.6470919,2730.431766986847,False
3423,7,510,startFixPeriod,1764334251.861989,2730.6466636657715,False
3424,7,510,TargetPresentation,1764334252.7920027,2731.576679468155,False
3425,7,510,TargetDisplacement,1764334252.9513555,2731.736031770706,True
3426,7,510,LeftResponse,1764334254.7141695,2733.498845100403,False
3427,7,510,FeedbackPeriodStarted,1764334254.7278972,2733.5125739574432,False
3428,7,511,startFixDisplay,1764334256.7470381,2735.5317146778107,False
3429,7,511,startFixPeriod,1764334257.0594525,2735.8441290855408,False
3430,7,511,TargetPresentation,1764334257.892083,2736.676757335663,False
3431,7,511,TargetDisplacement,1764334258.044654,2736.8293302059174,True
3432,7,511,RightResponse,1764334258.8221407,2737.6068165302277,False
3433,7,512,FeedbackPeriodStarted,1764334258.849606,2737.634283542633,False
3434,7,512,startFixDisplay,1764334258.8497515,2737.634426832199,False
3435,7,512,startFixPeriod,1764334259.0648909,2737.84956741333,False
3436,7,512,TargetPresentation,1764334260.4734366,2739.2581124305725,False
3437,7,512,TargetDisplacement,1764334260.6399243,2739.424600839615,True
3438,7,512,RightResponse,1764334261.3063614,2740.0910375118256,False
3439,7,513,FeedbackPeriodStarted,1764334261.3337576,2740.1184339523315,False
3440,7,513,startFixDisplay,1764334261.333897,2740.1185727119446,False
3441,7,513,startFixPeriod,1764334261.5490074,2740.333684206009,False
3442,7,513,TargetPresentation,1764334262.99237,2741.777046918869,False
3443,7,513,TargetDisplacement,1764334263.137877,2741.922553539276,True
3444,7,513,RightResponse,1764334263.769624,2742.5542986392975,False
3445,7,514,FeedbackPeriodStarted,1764334263.7971048,2742.581781387329,False
3446,7,514,startFixDisplay,1764334263.7972426,2742.581918001175,False
3447,7,514,startFixPeriod,1764334263.9708142,2742.7554910182953,False
3448,7,514,TargetPresentation,1764334265.316949,2744.101625919342,False
3449,7,514,TargetRemoval,1764334265.4833558,2744.2680320739746,True
3450,7,514,TargetReappeared,1764334265.733249,2744.5179257392883,False
3451,7,514,LeftResponse,1764334266.3094177,2745.094093322754,False
3452,7,515,FeedbackPeriodStarted,1764334266.3368316,2745.1215081214905,False
3453,7,515,startFixDisplay,1764334266.3369634,2745.121638774872,False
3454,7,515,startFixPeriod,1764334266.5173879,2745.3020622730255,False
3455,7,515,TargetPresentation,1764334267.9952803,2746.7799549102783,False
3456,7,515,TargetRemoval,1764334268.147838,2746.9325144290924,True
3457,7,515,TargetReappeared,1764334268.3978848,2747.182561635971,False
3458,7,515,RightResponse,1764334268.842087,2747.6267609596252,False
3459,7,516,FeedbackPeriodStarted,1764334268.8694992,2747.6541736125946,False
3460,7,516,startFixDisplay,1764334268.8695633,2747.654236793518,False
3461,7,516,startFixPeriod,1764334269.1125185,2747.8971955776215,False
3462,7,516,TargetPresentation,1764334269.931295,2748.715970993042,False
3463,7,516,TargetRemoval,1764334270.1671114,2748.9517874717712,True
3464,7,516,TargetReappeared,1764334270.4170957,2749.2017724514008,False
3465,7,516,RightResponse,1764334270.6601372,2749.444813489914,False
3466,7,516,FeedbackPeriodStarted,1764334270.673775,2749.4584510326385,False
3467,7,517,startFixDisplay,1764334272.6930146,2751.477690935135,False
3468,7,517,startFixPeriod,1764334272.9914684,2751.7761449813843,False
3469,7,517,TargetPresentation,1764334273.6713858,2752.4560623168945,False
3470,7,517,TargetRemoval,1764334273.8588285,2752.6435050964355,True
3471,7,517,TargetReappeared,1764334274.1086876,2752.8933641910553,False
3472,7,517,RightResponse,1764334274.5807045,2753.3653798103333,False
3473,7,518,FeedbackPeriodStarted,1764334274.6081798,2753.392858982086,False
3474,7,518,startFixDisplay,1764334274.6083865,2753.393064022064,False
3475,7,518,startFixPeriod,1764334274.823438,2753.608113050461,False
3476,7,518,TargetPresentation,1764334276.1071432,2754.8918194770813,False
3477,7,518,TargetRemoval,1764334276.2526946,2755.0373709201813,True
3478,7,518,TargetReappeared,1764334276.5026371,2755.2873125076294,False
3479,7,518,RightResponse,1764334277.0372112,2755.821887254715,False
3480,7,519,FeedbackPeriodStarted,1764334277.0646648,2755.8493418693542,False
3481,7,519,startFixDisplay,1764334277.0648139,2755.8494889736176,False
3482,7,519,startFixPeriod,1764334277.2797904,2756.0644674301147,False
3483,7,519,TargetPresentation,1764334278.4524732,2757.2371485233307,False
3484,7,519,TargetDisplacement,1764334279.2363422,2758.0210161209106,True
3485,7,519,RightResponse,1764334279.3757045,2758.160380601883,False
3486,7,520,FeedbackPeriodStarted,1764334279.4029913,2758.1876680850983,False
3487,7,520,startFixDisplay,1764334279.4031072,2758.1877806186676,False
3488,7,520,startFixPeriod,1764334279.6876178,2758.472293615341,False
3489,7,520,TargetPresentation,1764334280.8673334,2759.652008295059,False
3490,7,520,TargetDisplacement,1764334280.8741395,2759.6588146686554,True
3491,7,520,LeftResponse,1764334281.6513393,2760.4360134601593,False
3492,7,521,FeedbackPeriodStarted,1764334281.6789837,2760.4636602401733,False
3493,7,521,startFixDisplay,1764334281.6791234,2760.463798761368,False
3494,7,521,startFixPeriod,1764334281.873318,2760.6579945087433,False
3495,7,521,TargetPresentation,1764334283.365259,2762.149935722351,False
3496,7,521,TargetRemoval,1764334283.517771,2762.3024446964264,True
3497,7,521,TargetReappeared,1764334283.767724,2762.5524003505707,False
3498,7,521,LeftResponse,1764334284.3022544,2763.086930513382,False
3499,7,522,FeedbackPeriodStarted,1764334284.3297284,2763.114405155182,False
3500,7,522,startFixDisplay,1764334284.3298702,2763.1145458221436,False
3501,7,522,startFixPeriod,1764334284.6975594,2763.482234954834,False
3502,7,522,TargetPresentation,1764334285.904856,2764.6895310878754,False
3503,7,522,TargetDisplacement,1764334285.981147,2764.765820980072,True
3504,7,522,RightResponse,1764334286.7653468,2765.5500209331512,False
3505,7,522,FeedbackPeriodStarted,1764334286.7722015,2765.556875705719,False
3506,7,523,startFixDisplay,1764334288.7914917,2767.5761682987213,False
3507,7,523,startFixPeriod,1764334288.7983956,2767.5830714702606,False
3508,7,523,TargetPresentation,1764334289.8672414,2768.6519165039062,False
3509,7,523,TargetRemoval,1764334290.0405056,2768.825179338455,True
3510,7,523,TargetReappeared,1764334290.2904818,2769.0751571655273,False
3511,7,523,RightResponse,1764334290.8390713,2769.6237473487854,False
3512,7,524,FeedbackPeriodStarted,1764334290.8662925,2769.6509692668915,False
3513,7,524,startFixDisplay,1764334290.8664217,2769.65109539032,False
3514,7,524,startFixPeriod,1764334291.0537627,2769.838447570801,False
3515,7,524,TargetPresentation,1764334292.1431568,2770.927831172943,False
3516,7,524,TargetRemoval,1764334292.3235343,2771.1082108020782,True
3517,7,524,TargetReappeared,1764334292.5734096,2771.35808634758,False
3518,7,524,RightResponse,1764334293.1426885,2771.927364587784,False
3519,7,525,FeedbackPeriodStarted,1764334293.1700368,2771.9547135829926,False
3520,7,525,startFixDisplay,1764334293.1701276,2771.9548013210297,False
3521,7,525,startFixPeriod,1764334293.3644044,2772.149080991745,False
3522,7,525,TargetPresentation,1764334294.1832829,2772.9679584503174,False
3523,7,525,TargetRemoval,1764334294.3983026,2773.182979106903,True
3524,7,525,TargetReappeared,1764334294.6482015,2773.4328784942627,False
3525,7,525,RightResponse,1764334295.2799606,2774.06463599205,False
3526,7,526,FeedbackPeriodStarted,1764334295.3142002,2774.098876476288,False
3527,7,526,startFixDisplay,1764334295.3143382,2774.099011659622,False
3528,7,526,startFixPeriod,1764334295.5087159,2774.2933926582336,False
3529,7,526,TargetPresentation,1764334296.7090592,2775.493733882904,False
3530,7,526,TargetRemoval,1764334296.8893092,2775.6739830970764,True
3531,7,526,TargetReappeared,1764334297.1393363,2775.9240119457245,False
3532,7,526,RightResponse,1764334297.6531377,2776.43781375885,False
3533,7,527,FeedbackPeriodStarted,1764334297.6873667,2776.4720408916473,False
3534,7,527,startFixDisplay,1764334297.6874347,2776.472108364105,False
3535,7,527,startFixPeriod,1764334297.85404,2776.6387164592743,False
3536,7,527,TargetPresentation,1764334299.0267107,2777.8113865852356,False
3537,7,527,TargetDisplacement,1764334299.2209597,2778.0056359767914,True
3538,7,527,RightResponse,1764334299.9221098,2778.7067861557007,False
3539,7,527,FeedbackPeriodStarted,1764334299.9702864,2778.754960536957,False
