,blockID,trialNumber,triggerName,timestamp_sys,timestamp_psyc,triggerSent_Serial00
0,pract,-1,StartPractice,1765527320.4270284,320.88540625572205,False
1,pract,0,startFixDisplay,1765527320.4372032,320.8955805301666,False
2,pract,0,startFixPeriod,1765527320.7151,321.17347979545593,False
3,pract,0,TargetPresentation,1765527321.8739216,322.33230113983154,False
4,pract,0,TargetDisplacement,1765527322.0403259,322.49870562553406,True
5,pract,0,FeedbackPeriodStarted,1765527324.0596025,324.51798272132874,False
6,pract,1,startFixDisplay,1765527324.5660605,325.02444100379944,False
7,pract,1,startFixPeriod,1765527324.5729828,325.03136253356934,False
8,pract,1,TargetPresentation,1765527325.7667255,326.2251045703888,False
9,pract,1,TargetDisplacement,1765527325.9260623,326.38443970680237,True
10,pract,1,LeftResponse,1765527327.7030294,328.1614112854004,False
11,pract,1,FeedbackPeriodStarted,1765527327.7097347,328.168114900589,False
12,pract,2,startFixDisplay,1765527328.2159982,328.674378156662,False
13,pract,2,startFixPeriod,1765527328.4938273,328.9522066116333,False
14,pract,2,TargetPresentation,1765527329.3126216,329.7710018157959,False
15,pract,2,TargetDisplacement,1765527329.4442422,329.90261936187744,True
16,pract,2,RightResponse,1765527329.8194208,330.2777998447418,False
17,pract,2,FeedbackPeriodStarted,1765527329.8329945,330.29137229919434,False
18,pract,3,startFixDisplay,1765527330.3393571,330.79773783683777,False
19,pract,3,startFixPeriod,1765527330.610265,331.0686433315277,False
20,pract,3,TargetPresentation,1765527331.5609143,332.0192930698395,False
21,pract,3,NoSaccadeMade,1765527333.5572147,334.0155918598175,False
22,pract,3,FeedbackPeriodStarted,1765527333.5660384,334.02441787719727,False
23,pract,4,startFixDisplay,1765527334.072572,334.53095269203186,False
24,pract,4,startFixPeriod,1765527334.3226268,334.7810072898865,False
25,pract,4,TargetPresentation,1765527335.7727797,336.2311601638794,False
26,pract,4,TargetDisplacement,1765527335.9321747,336.3905518054962,True
27,pract,4,RightResponse,1765527336.4392521,336.8976311683655,False
28,pract,4,FeedbackPeriodStarted,1765527336.4526713,336.91104912757874,False
29,pract,5,startFixDisplay,1765527336.9592502,337.4176309108734,False
30,pract,5,startFixPeriod,1765527336.9801445,337.43852496147156,False
31,pract,5,TargetPresentation,1765527337.8268278,338.28520798683167,False
32,pract,5,TargetDisplacement,1765527338.0070746,338.4654519557953,True
33,pract,5,LeftResponse,1765527338.4654598,338.9238386154175,False
34,pract,5,FeedbackPeriodStarted,1765527338.472012,338.9303922653198,False
35,pract,6,startFixDisplay,1765527338.9784887,339.4368691444397,False
36,pract,6,startFixPeriod,1765527338.9854267,339.4438064098358,False
37,pract,6,TargetPresentation,1765527340.0194597,340.47783756256104,False
38,pract,6,TargetRemoval,1765527340.1650188,340.6233961582184,True
39,pract,6,TargetReappeared,1765527340.4150786,340.8734576702118,False
40,pract,6,RightResponse,1765527340.4846692,340.94304871559143,False
41,pract,6,FeedbackPeriodStarted,1765527340.4913633,340.9497411251068,False
42,pract,7,startFixDisplay,1765527340.997782,341.4561622142792,False
43,pract,7,startFixPeriod,1765527341.2963057,341.75468349456787,False
44,pract,7,TargetPresentation,1765527342.2470727,342.70545291900635,False
45,pract,7,TargetDisplacement,1765527342.3925614,342.8509433269501,True
46,pract,7,LeftResponse,1765527342.7397487,343.1981272697449,False
47,pract,7,FeedbackPeriodStarted,1765527342.746402,343.20478105545044,False
48,pract,8,startFixDisplay,1765527343.2529547,343.7113347053528,False
49,pract,8,startFixPeriod,1765527343.2599049,343.71828269958496,False
50,pract,8,TargetPresentation,1765527344.557738,345.01611828804016,False
51,pract,8,TargetRemoval,1765527344.7658837,345.2242639064789,True
52,pract,8,TargetReappeared,1765527345.0157552,345.47413539886475,False
53,pract,8,RightResponse,1765527345.5848916,346.0432696342468,False
54,pract,8,FeedbackPeriodStarted,1765527345.598354,346.056734085083,False
55,pract,9,startFixDisplay,1765527346.1048825,346.56326246261597,False
56,pract,9,startFixPeriod,1765527346.1258366,346.58421564102173,False
57,pract,9,TargetPresentation,1765527347.0765064,347.53488636016846,False
58,pract,9,TargetRemoval,1765527347.2083395,347.6667196750641,True
59,pract,9,TargetReappeared,1765527347.45822,347.91660022735596,False
60,pract,9,LeftResponse,1765527347.5833,348.0416796207428,False
61,pract,9,FeedbackPeriodStarted,1765527347.5969605,348.0553421974182,False
62,pract,10,startFixDisplay,1765527348.103295,348.56167244911194,False
63,pract,10,startFixPeriod,1765527348.1102571,348.56863498687744,False
64,pract,10,TargetPresentation,1765527348.9709718,349.4293510913849,False
65,pract,10,TargetRemoval,1765527349.1443484,349.6027283668518,True
66,pract,10,TargetReappeared,1765527349.3941977,349.8525776863098,False
67,pract,10,RightResponse,1765527349.7900207,350.2483992576599,False
68,pract,10,FeedbackPeriodStarted,1765527349.796485,350.25486493110657,False
69,pract,11,startFixDisplay,1765527350.302916,350.76129388809204,False
70,pract,11,startFixPeriod,1765527350.3099425,350.76832246780396,False
71,pract,11,TargetPresentation,1765527351.5037344,351.9621150493622,False
72,pract,11,TargetDisplacement,1765527351.614542,352.07292199134827,True
73,pract,11,LeftResponse,1765527351.9203355,352.3787143230438,False
74,pract,11,FeedbackPeriodStarted,1765527351.926792,352.3851718902588,False
75,pract,12,startFixDisplay,1765527352.433309,352.89168977737427,False
76,pract,12,startFixPeriod,1765527352.4401503,352.8985276222229,False
77,pract,12,TargetPresentation,1765527352.953803,353.4121832847595,False
78,pract,12,TargetRemoval,1765527353.078699,353.5370788574219,True
79,pract,12,TargetReappeared,1765527353.3286602,353.787038564682,False
80,pract,12,RightResponse,1765527353.3498065,353.8081862926483,False
81,pract,12,FeedbackPeriodStarted,1765527353.3564296,353.81480860710144,False
82,pract,13,startFixDisplay,1765527353.8626573,354.3210349082947,False
83,pract,13,startFixPeriod,1765527353.8696935,354.32807302474976,False
84,pract,13,TargetPresentation,1765527354.9662876,355.424667596817,False
85,pract,13,TargetRemoval,1765527355.125712,355.5840916633606,True
86,pract,13,TargetReappeared,1765527355.3756351,355.8340153694153,False
87,pract,13,LeftResponse,1765527355.403488,355.86186623573303,False
88,pract,13,FeedbackPeriodStarted,1765527355.4102643,355.8686430454254,False
89,pract,14,startFixDisplay,1765527355.9167016,356.3750822544098,False
90,pract,14,startFixPeriod,1765527355.923705,356.3820848464966,False
91,pract,14,TargetPresentation,1765527357.0064225,357.46480321884155,False
92,pract,14,TargetRemoval,1765527357.2007322,357.65911293029785,True
93,pract,14,TargetReappeared,1765527357.450467,357.9088451862335,False
94,pract,14,RightResponse,1765527357.9363298,358.39470863342285,False
95,pract,14,FeedbackPeriodStarted,1765527357.9499588,358.4083390235901,False
96,pract,15,startFixDisplay,1765527358.456401,358.9147810935974,False
97,pract,15,startFixPeriod,1765527358.463326,358.92170310020447,False
98,pract,15,TargetPresentation,1765527359.2616446,359.72002482414246,False
99,pract,15,TargetRemoval,1765527359.372576,359.8309557437897,True
100,pract,15,TargetReappeared,1765527359.6224396,360.08082008361816,False
101,pract,15,LeftResponse,1765527359.927875,360.3862533569336,False
102,pract,15,FeedbackPeriodStarted,1765527359.9415512,360.39993357658386,False
103,pract,16,startFixDisplay,1765527360.4479043,360.9062840938568,False
104,pract,16,startFixPeriod,1765527360.4548342,360.9132137298584,False
105,pract,16,TargetPresentation,1765527361.6694078,362.12778782844543,False
106,pract,16,TargetRemoval,1765527361.780271,362.2386484146118,True
107,pract,16,TargetReappeared,1765527362.030256,362.4886362552643,False
108,pract,16,RightResponse,1765527362.3774807,362.8358585834503,False
109,pract,16,FeedbackPeriodStarted,1765527362.3909438,362.84932374954224,False
110,pract,17,startFixDisplay,1765527362.8974097,363.35578966140747,False
111,pract,17,startFixPeriod,1765527362.9043305,363.36270785331726,False
112,pract,17,TargetPresentation,1765527363.8829608,364.3413393497467,False
113,pract,17,TargetDisplacement,1765527363.8898861,364.3482663631439,True
114,pract,17,LeftResponse,1765527364.2438736,364.7022521495819,False
115,pract,17,FeedbackPeriodStarted,1765527364.250739,364.70911931991577,False
116,pract,18,startFixDisplay,1765527364.7571182,365.21549916267395,False
117,pract,18,startFixPeriod,1765527364.7640197,365.2223997116089,False
118,pract,18,TargetPresentation,1765527366.1728485,366.6312289237976,False
119,pract,18,TargetDisplacement,1765527366.3114736,366.76985359191895,True
120,pract,18,RightResponse,1765527366.5270872,366.9854669570923,False
121,pract,18,FeedbackPeriodStarted,1765527366.5337698,366.99215030670166,False
122,pract,19,startFixDisplay,1765527367.0402381,367.498619556427,False
123,pract,19,startFixPeriod,1765527367.0470963,367.5054769515991,False
124,pract,19,TargetPresentation,1765527368.1713328,368.6297240257263,False
125,pract,19,TargetDisplacement,1765527368.3723187,368.83069610595703,True
126,pract,19,LeftResponse,1765527368.6780016,369.1363801956177,False
127,pract,19,FeedbackPeriodStarted,1765527368.684772,369.14315271377563,False
128,pract,20,startFixDisplay,1765527369.1911826,369.64956307411194,False
129,pract,20,startFixPeriod,1765527369.1981146,369.656494140625,False
130,pract,20,TargetPresentation,1765527369.8089044,370.2672975063324,False
131,pract,20,TargetRemoval,1765527369.996098,370.4544777870178,True
132,pract,20,TargetReappeared,1765527370.246139,370.70451951026917,False
133,pract,20,RightResponse,1765527370.6073701,371.06574845314026,False
134,pract,20,FeedbackPeriodStarted,1765527370.6207244,371.07910442352295,False
135,pract,21,startFixDisplay,1765527371.127128,371.5855085849762,False
136,pract,21,startFixPeriod,1765527371.1341197,371.5924997329712,False
137,pract,21,TargetPresentation,1765527372.3140106,372.77239084243774,False
138,pract,21,TargetDisplacement,1765527373.2089276,373.66730761528015,True
139,pract,21,FeedbackPeriodStarted,1765527375.2214334,375.67981147766113,False
140,pract,22,startFixDisplay,1765527375.727747,376.18612718582153,False
141,pract,22,startFixPeriod,1765527376.179033,376.6374132633209,False
142,pract,22,TargetPresentation,1765527376.8173609,377.27573919296265,False
143,pract,22,TargetDisplacement,1765527376.9837596,377.4421398639679,True
144,pract,22,RightResponse,1765527377.3451362,377.8035156726837,False
145,pract,22,FeedbackPeriodStarted,1765527377.3516574,377.81003522872925,False
146,pract,23,startFixDisplay,1765527377.8580298,378.3164098262787,False
147,pract,23,startFixPeriod,1765527377.8650086,378.3233861923218,False
148,pract,23,TargetPresentation,1765527379.3224442,379.7808246612549,False
149,pract,23,TargetDisplacement,1765527379.5650709,380.02345061302185,True
150,pract,23,LeftResponse,1765527379.8012812,380.25965881347656,False
151,pract,23,FeedbackPeriodStarted,1765527379.808077,380.26645493507385,False
152,pract,24,startFixDisplay,1765527380.3143759,380.7727539539337,False
153,pract,24,startFixPeriod,1765527380.3214386,380.7798161506653,False
154,pract,24,TargetPresentation,1765527381.168132,381.6265103816986,False
155,pract,24,TargetDisplacement,1765527381.2859664,381.7443461418152,True
156,pract,24,RightResponse,1765527381.543176,382.00155568122864,False
157,pract,24,FeedbackPeriodStarted,1765527381.5498426,382.0082230567932,False
158,pract,25,startFixDisplay,1765527382.0561447,382.51452469825745,False
159,pract,25,startFixPeriod,1765527382.0631273,382.52150678634644,False
160,pract,25,TargetPresentation,1765527382.750284,383.20866441726685,False
161,pract,25,TargetDisplacement,1765527384.0061038,384.464483499527,True
162,pract,25,LeftResponse,1765527384.686501,385.14487981796265,False
163,pract,25,FeedbackPeriodStarted,1765527384.6930583,385.1514391899109,False
164,pract,26,startFixDisplay,1765527385.199539,385.6579189300537,False
165,pract,26,startFixPeriod,1765527385.4355433,385.89392256736755,False
166,pract,26,TargetPresentation,1765527386.1156523,386.57403230667114,False
167,pract,26,TargetDisplacement,1765527386.25431,386.7126896381378,True
168,pract,26,RightResponse,1765527386.615746,387.07412600517273,False
169,pract,26,FeedbackPeriodStarted,1765527386.6222632,387.08064317703247,False
170,pract,27,startFixDisplay,1765527387.1286037,387.5869836807251,False
171,pract,27,startFixPeriod,1765527387.135456,387.5938334465027,False
172,pract,27,TargetPresentation,1765527388.114164,388.5725440979004,False
173,pract,27,TargetDisplacement,1765527388.2390246,388.6974046230316,True
174,pract,27,LeftResponse,1765527388.4891725,388.9475510120392,False
175,pract,27,FeedbackPeriodStarted,1765527388.4956303,388.9540104866028,False
176,pract,28,startFixDisplay,1765527389.0021384,389.4605185985565,False
177,pract,28,startFixPeriod,1765527389.0089772,389.4673545360565,False
178,pract,28,TargetPresentation,1765527390.4316895,390.8900680541992,False
179,pract,28,TargetDisplacement,1765527390.9937298,391.4521095752716,True
180,pract,28,RightResponse,1765527391.5492983,392.0076777935028,False
181,pract,28,FeedbackPeriodStarted,1765527391.5559385,392.01431941986084,False
182,pract,29,startFixDisplay,1765527392.0622761,392.5206570625305,False
183,pract,29,startFixPeriod,1765527392.270647,392.72902631759644,False
184,pract,29,TargetPresentation,1765527393.6098845,394.06826305389404,False
185,pract,29,TargetDisplacement,1765527393.8041365,394.2625164985657,True
186,pract,29,LeftResponse,1765527394.3248281,394.783207654953,False
187,pract,29,FeedbackPeriodStarted,1765527394.3384457,394.79682326316833,False
188,pract,30,startFixDisplay,1765527394.8448184,395.30319929122925,False
189,pract,30,startFixPeriod,1765527394.8517702,395.3101501464844,False
190,pract,30,TargetPresentation,1765527395.705437,396.1638147830963,False
191,pract,30,TargetDisplacement,1765527395.8579717,396.3163514137268,True
192,pract,30,RightResponse,1765527396.163719,396.622097492218,False
193,pract,30,FeedbackPeriodStarted,1765527396.1702564,396.6286344528198,False
194,pract,31,startFixDisplay,1765527396.6767514,397.13513350486755,False
195,pract,31,startFixPeriod,1765527396.6836689,397.1420485973358,False
196,pract,31,TargetPresentation,1765527397.4680145,397.926394701004,False
197,pract,31,TargetDisplacement,1765527397.6760092,398.13438653945923,True
198,pract,31,LeftResponse,1765527397.9191928,398.3775706291199,False
199,pract,31,FeedbackPeriodStarted,1765527397.925989,398.38436913490295,False
200,pract,32,startFixDisplay,1765527398.4323192,398.89069962501526,False
201,pract,32,startFixPeriod,1765527398.4391894,398.8975667953491,False
202,pract,32,TargetPresentation,1765527399.5150473,399.97342801094055,False
203,pract,32,TargetDisplacement,1765527399.5220194,399.9804005622864,True
204,pract,32,RightResponse,1765527399.8553457,400.3137242794037,False
205,pract,32,FeedbackPeriodStarted,1765527399.8617947,400.32017493247986,False
206,pract,33,startFixDisplay,1765527400.3683293,400.82670974731445,False
207,pract,33,startFixPeriod,1765527400.41012,400.86850023269653,False
208,pract,33,TargetPresentation,1765527401.1942956,401.6526756286621,False
209,pract,33,TargetDisplacement,1765527401.6452985,402.10367798805237,True
210,pract,33,LeftResponse,1765527402.360305,402.8186836242676,False
211,pract,33,FeedbackPeriodStarted,1765527402.3667982,402.8251783847809,False
212,pract,34,startFixDisplay,1765527402.873314,403.33169436454773,False
213,pract,34,startFixPeriod,1765527403.0886197,403.5469982624054,False
214,pract,34,TargetPresentation,1765527404.3030238,404.7614026069641,False
215,pract,34,TargetRemoval,1765527404.3099828,404.7683639526367,True
216,pract,34,TargetReappeared,1765527404.5596623,405.0180423259735,False
217,pract,34,RightResponse,1765527404.7196045,405.1779820919037,False
218,pract,34,FeedbackPeriodStarted,1765527404.7262647,405.18464517593384,False
219,pract,35,startFixDisplay,1765527405.2325726,405.6909501552582,False
220,pract,35,startFixPeriod,1765527405.239529,405.697909116745,False
221,pract,35,TargetPresentation,1765527405.7393723,406.1977517604828,False
222,pract,35,TargetDisplacement,1765527405.8987339,406.3571135997772,True
223,pract,35,LeftResponse,1765527406.2323823,406.69076013565063,False
224,pract,35,FeedbackPeriodStarted,1765527406.239031,406.69741129875183,False
225,pract,36,startFixDisplay,1765527406.7453609,407.203741312027,False
226,pract,36,startFixPeriod,1765527406.7523391,407.21071910858154,False
227,pract,36,TargetPresentation,1765527407.827993,408.28638434410095,False
228,pract,36,TargetDisplacement,1765527407.9528258,408.4112060070038,True
229,pract,36,RightResponse,1765527408.1822128,408.6405920982361,False
230,pract,36,FeedbackPeriodStarted,1765527408.1886728,408.6470527648926,False
231,pract,37,startFixDisplay,1765527408.6951697,409.1535499095917,False
232,pract,37,startFixPeriod,1765527408.7020922,409.1604697704315,False
233,pract,37,TargetPresentation,1765527409.8680336,410.3264138698578,False
234,pract,37,TargetDisplacement,1765527410.0553286,410.51370573043823,True
235,pract,37,LeftResponse,1765527410.2360032,410.69438314437866,False
236,pract,37,FeedbackPeriodStarted,1765527410.2427404,410.7011203765869,False
237,pract,38,startFixDisplay,1765527410.749163,411.2075433731079,False
238,pract,38,startFixPeriod,1765527410.756069,411.21444821357727,False
239,pract,38,TargetPresentation,1765527411.7764084,412.23478841781616,False
240,pract,38,TargetDisplacement,1765527411.7833395,412.24172019958496,True
241,pract,38,RightResponse,1765527412.1860728,412.6444523334503,False
242,pract,38,FeedbackPeriodStarted,1765527412.1926773,412.6510581970215,False
243,pract,39,startFixDisplay,1765527412.6989524,413.1573302745819,False
244,pract,39,startFixPeriod,1765527412.9004743,413.3588526248932,False
245,pract,39,TargetPresentation,1765527413.885808,414.34418749809265,False
246,pract,39,TargetDisplacement,1765527413.8926651,414.35104298591614,True
247,pract,39,LeftResponse,1765527414.2120082,414.67038679122925,False
248,pract,39,FeedbackPeriodStarted,1765527414.2187,414.6770796775818,False
249,pract,40,startFixDisplay,1765527414.725226,415.1836063861847,False
250,pract,40,startFixPeriod,1765527414.9822357,415.4406158924103,False
251,pract,40,TargetPresentation,1765527415.9952931,416.45367336273193,False
252,pract,40,TargetDisplacement,1765527416.0022783,416.46066093444824,True
253,pract,40,RightResponse,1765527416.404856,416.86323499679565,False
254,pract,40,FeedbackPeriodStarted,1765527416.4186068,416.8769872188568,False
255,pract,41,startFixDisplay,1765527416.9249654,417.38334560394287,False
256,pract,41,startFixPeriod,1765527416.9318604,417.39024019241333,False
257,pract,41,TargetPresentation,1765527417.7577817,418.21616196632385,False
258,pract,41,TargetDisplacement,1765527418.0004456,418.45882296562195,True
259,pract,41,LeftResponse,1765527418.229755,418.6881322860718,False
260,pract,41,FeedbackPeriodStarted,1765527418.2364738,418.6948518753052,False
261,pract,42,startFixDisplay,1765527418.7428472,419.20122480392456,False
262,pract,42,startFixPeriod,1765527418.749896,419.20827531814575,False
263,pract,42,TargetPresentation,1765527419.8950932,420.3534734249115,False
264,pract,42,TargetDisplacement,1765527419.9019868,420.36036682128906,True
265,pract,42,RightResponse,1765527420.3255424,420.7839217185974,False
266,pract,42,FeedbackPeriodStarted,1765527420.332289,420.79066705703735,False
267,pract,43,startFixDisplay,1765527420.8386178,421.29699897766113,False
268,pract,43,startFixPeriod,1765527420.8455572,421.30393743515015,False
269,pract,43,TargetPresentation,1765527421.6853318,422.1437122821808,False
270,pract,43,TargetRemoval,1765527421.796213,422.25459241867065,True
271,pract,43,TargetReappeared,1765527422.0460641,422.50444412231445,False
272,pract,43,LeftResponse,1765527422.3723965,422.83077669143677,False
273,pract,43,FeedbackPeriodStarted,1765527422.3790607,422.8374409675598,False
274,pract,44,startFixDisplay,1765527422.8855581,423.34393882751465,False
275,pract,44,startFixPeriod,1765527422.892473,423.35085248947144,False
276,pract,44,TargetPresentation,1765527424.1695862,424.62796545028687,False
277,pract,44,TargetDisplacement,1765527424.3081422,424.7665219306946,True
278,pract,44,RightResponse,1765527424.509784,424.9681634902954,False
279,pract,44,FeedbackPeriodStarted,1765527424.516414,424.9747920036316,False
280,pract,45,startFixDisplay,1765527425.0227807,425.48116087913513,False
281,pract,45,startFixPeriod,1765527426.2096202,426.6680006980896,False
282,pract,45,TargetPresentation,1765527427.5418012,428.0001816749573,False
283,pract,45,TargetDisplacement,1765527428.0898619,428.5482416152954,True
284,pract,45,LeftResponse,1765527428.6039057,429.06228518486023,False
285,pract,45,FeedbackPeriodStarted,1765527428.6102498,429.0686273574829,False
286,pract,46,startFixDisplay,1765527429.1169112,429.575293302536,False
287,pract,46,startFixPeriod,1765527429.1237547,429.5821342468262,False
288,pract,46,TargetPresentation,1765527429.6999872,430.15836787223816,False
289,pract,46,TargetDisplacement,1765527429.8732636,430.33164381980896,True
290,pract,46,RightResponse,1765527430.158108,430.61648750305176,False
291,pract,46,FeedbackPeriodStarted,1765527430.171696,430.6300747394562,False
292,pract,47,startFixDisplay,1765527430.678108,431.13648796081543,False
293,pract,47,startFixPeriod,1765527430.685041,431.14342045783997,False
294,pract,47,TargetPresentation,1765527431.2264538,431.6848340034485,False
295,pract,47,TargetDisplacement,1765527431.3859859,431.84436559677124,True
296,pract,47,LeftResponse,1765527431.6708977,432.1292769908905,False
297,pract,47,FeedbackPeriodStarted,1765527431.6774123,432.1357924938202,False
298,pract,48,startFixDisplay,1765527432.1839037,432.64228343963623,False
299,pract,48,startFixPeriod,1765527432.1908808,432.64926052093506,False
300,pract,48,TargetPresentation,1765527433.3707519,433.82913184165955,False
301,pract,48,TargetDisplacement,1765527433.4884279,433.94680762290955,True
302,pract,48,RightResponse,1765527433.6760406,434.13441920280457,False
303,pract,48,FeedbackPeriodStarted,1765527433.6827404,434.1411204338074,False
304,pract,49,startFixDisplay,1765527434.189282,434.6476619243622,False
305,pract,49,startFixPeriod,1765527434.196263,434.6546428203583,False
306,pract,49,TargetPresentation,1765527435.1332529,435.59163308143616,False
307,pract,49,TargetRemoval,1765527435.140264,435.5986454486847,True
308,pract,49,TargetReappeared,1765527435.3899941,435.84837436676025,False
309,pract,49,LeftResponse,1765527435.4595678,435.91794538497925,False
310,pract,49,FeedbackPeriodStarted,1765527435.4662874,435.924667596817,False
311,pract,50,startFixDisplay,1765527435.9726212,436.43099880218506,False
312,pract,50,startFixPeriod,1765527435.9796162,436.43799567222595,False
313,pract,50,TargetPresentation,1765527437.3328905,437.79127073287964,False
314,pract,50,TargetRemoval,1765527437.3397522,437.7981300354004,True
315,pract,50,TargetReappeared,1765527437.589615,438.04799342155457,False
316,pract,50,RightResponse,1765527437.707871,438.1662492752075,False
317,pract,50,FeedbackPeriodStarted,1765527437.7145889,438.17296838760376,False
318,pract,51,startFixDisplay,1765527438.2208655,438.6792459487915,False
319,pract,51,startFixPeriod,1765527438.450117,438.9084975719452,False
320,pract,51,TargetPresentation,1765527439.4214666,439.87984442710876,False
321,pract,51,TargetDisplacement,1765527439.428419,439.88679695129395,True
322,pract,51,LeftResponse,1765527439.7962644,440.2546429634094,False
323,pract,51,FeedbackPeriodStarted,1765527439.8032167,440.2615966796875,False
324,pract,52,startFixDisplay,1765527440.3094451,440.7678225040436,False
325,pract,52,startFixPeriod,1765527440.3164382,440.774817943573,False
326,pract,52,TargetPresentation,1765527441.7253609,442.1837410926819,False
327,pract,52,TargetDisplacement,1765527441.732277,442.19065856933594,True
328,pract,52,RightResponse,1765527442.1000364,442.5584146976471,False
329,pract,52,FeedbackPeriodStarted,1765527442.10701,442.56539011001587,False
330,pract,53,startFixDisplay,1765527442.6132762,443.07165598869324,False
331,pract,53,startFixPeriod,1765527442.6202052,443.0785849094391,False
332,pract,53,TargetPresentation,1765527443.1964025,443.6547827720642,False
333,pract,53,TargetRemoval,1765527443.3766112,443.8349885940552,True
334,pract,53,TargetReappeared,1765527443.626673,444.0850512981415,False
335,pract,53,LeftResponse,1765527443.8490615,444.30744099617004,False
336,pract,53,FeedbackPeriodStarted,1765527443.8555648,444.31394243240356,False
337,pract,54,startFixDisplay,1765527444.3619568,444.8203377723694,False
338,pract,54,startFixPeriod,1765527444.6328216,445.09120178222656,False
339,pract,54,TargetPresentation,1765527445.292034,445.7504141330719,False
340,pract,54,TargetRemoval,1765527445.4444757,445.90285301208496,True
341,pract,54,TargetReappeared,1765527445.694411,446.152791261673,False
342,pract,54,RightResponse,1765527445.7432754,446.20165514945984,False
343,pract,54,FeedbackPeriodStarted,1765527445.7498815,446.2082619667053,False
344,pract,55,startFixDisplay,1765527446.2563221,446.714702129364,False
345,pract,55,startFixPeriod,1765527446.2631888,446.72156596183777,False
346,pract,55,TargetPresentation,1765527447.720504,448.1788823604584,False
347,pract,55,TargetDisplacement,1765527447.886993,448.34537291526794,True
348,pract,55,LeftResponse,1765527448.1372273,448.5956072807312,False
349,pract,55,FeedbackPeriodStarted,1765527448.1436567,448.6020345687866,False
350,pract,56,startFixDisplay,1765527448.650255,449.1086344718933,False
351,pract,56,startFixPeriod,1765527448.6571848,449.1155643463135,False
352,pract,56,TargetPresentation,1765527449.1986387,449.65701699256897,False
353,pract,56,TargetRemoval,1765527449.2054572,449.6638352870941,True
354,pract,56,TargetReappeared,1765527449.4554849,449.9138653278351,False
355,pract,56,RightResponse,1765527449.566837,450.02521657943726,False
356,pract,56,FeedbackPeriodStarted,1765527449.5732841,450.0316617488861,False
357,pract,57,startFixDisplay,1765527450.0796173,450.5379946231842,False
358,pract,57,startFixPeriod,1765527450.0867326,450.54511284828186,False
359,pract,57,TargetPresentation,1765527451.2179441,451.6763246059418,False
360,pract,57,TargetRemoval,1765527451.3497822,451.80816197395325,True
361,pract,57,TargetReappeared,1765527451.5995867,452.0579662322998,False
362,pract,57,LeftResponse,1765527451.6136343,452.07201194763184,False
363,pract,57,FeedbackPeriodStarted,1765527451.6203697,452.0787498950958,False
364,pract,58,startFixDisplay,1765527452.1267502,452.5851309299469,False
365,pract,58,startFixPeriod,1765527452.133672,452.59205174446106,False
366,pract,58,TargetPresentation,1765527453.4452944,453.90367436408997,False
367,pract,58,TargetRemoval,1765527453.5632505,454.0216279029846,True
368,pract,58,TargetReappeared,1765527453.8130977,454.2714784145355,False
369,pract,58,RightResponse,1765527454.1601992,454.6185784339905,False
370,pract,58,FeedbackPeriodStarted,1765527454.166903,454.6252827644348,False
371,pract,59,startFixDisplay,1765527454.6733642,455.13174414634705,False
372,pract,59,startFixPeriod,1765527454.6802824,455.1386618614197,False
373,pract,59,TargetPresentation,1765527455.3673816,455.825758934021,False
374,pract,59,TargetDisplacement,1765527455.3742292,455.83260893821716,True
375,pract,59,LeftResponse,1765527455.7424538,456.2008330821991,False
376,pract,59,FeedbackPeriodStarted,1765527455.7490983,456.20747804641724,False
377,pract,60,startFixDisplay,1765527456.2553513,456.71372866630554,False
378,pract,60,startFixPeriod,1765527456.2623286,456.7207062244415,False
379,pract,60,TargetPresentation,1765527457.7265012,458.18487882614136,False
380,pract,60,TargetDisplacement,1765527457.7334847,458.1918647289276,True
381,pract,60,RightResponse,1765527458.1223228,458.5807001590729,False
382,pract,60,FeedbackPeriodStarted,1765527458.129102,458.58748173713684,False
383,pract,61,startFixDisplay,1765527458.6355882,459.09396839141846,False
384,pract,61,startFixPeriod,1765527458.642462,459.100839138031,False
385,pract,61,TargetPresentation,1765527459.738984,460.19736409187317,False
386,pract,61,TargetDisplacement,1765527459.863956,460.32233595848083,True
387,pract,61,LeftResponse,1765527460.1277921,460.5861704349518,False
388,pract,61,FeedbackPeriodStarted,1765527460.13444,460.5928170681,False
389,pract,62,startFixDisplay,1765527460.640901,461.09927892684937,False
390,pract,62,startFixPeriod,1765527460.647945,461.1063241958618,False
391,pract,62,TargetPresentation,1765527461.432164,461.8905439376831,False
392,pract,62,TargetDisplacement,1765527461.6194544,462.0778343677521,True
393,pract,62,RightResponse,1765527461.827668,462.2860450744629,False
394,pract,62,FeedbackPeriodStarted,1765527461.8346713,462.29305148124695,False
395,pract,63,startFixDisplay,1765527462.3410172,462.7993974685669,False
396,pract,63,startFixPeriod,1765527462.347946,462.806325674057,False
397,pract,63,TargetPresentation,1765527463.4999905,463.9583704471588,False
398,pract,63,TargetDisplacement,1765527463.680345,464.13872480392456,True
399,pract,63,LeftResponse,1765527463.8956416,464.35401916503906,False
400,pract,63,FeedbackPeriodStarted,1765527463.902491,464.36087131500244,False
401,pract,64,startFixDisplay,1765527464.4087548,464.8671324253082,False
402,pract,64,startFixPeriod,1765527464.4158487,464.874228477478,False
403,pract,64,TargetPresentation,1765527465.6579204,466.11629986763,False
404,pract,64,TargetDisplacement,1765527465.76894,466.2273197174072,True
405,pract,64,RightResponse,1765527466.025984,466.48436212539673,False
406,pract,64,FeedbackPeriodStarted,1765527466.0326052,466.490984916687,False
407,pract,65,startFixDisplay,1765527466.5391617,466.99754214286804,False
408,pract,65,startFixPeriod,1765527466.5460715,467.00445103645325,False
409,pract,65,TargetPresentation,1765527467.996507,468.45488595962524,False
410,pract,65,TargetRemoval,1765527468.1976686,468.6560456752777,True
411,pract,65,TargetReappeared,1765527468.4475987,468.90597891807556,False
412,pract,65,LeftResponse,1765527468.7877643,469.2461426258087,False
413,pract,65,FeedbackPeriodStarted,1765527468.7944648,469.25284218788147,False
414,pract,66,startFixDisplay,1765527469.3009143,469.7592945098877,False
415,pract,66,startFixPeriod,1765527469.6549063,470.11328649520874,False
416,pract,66,TargetPresentation,1765527470.8901002,471.34848046302795,False
417,pract,66,TargetRemoval,1765527471.0565417,471.5149190425873,True
418,pract,66,TargetReappeared,1765527471.3064013,471.76478147506714,False
419,pract,66,RightResponse,1765527471.4177907,471.87617087364197,False
420,pract,66,FeedbackPeriodStarted,1765527471.4313498,471.88972997665405,False
421,pract,67,startFixDisplay,1765527471.9377313,472.3961114883423,False
422,pract,67,startFixPeriod,1765527471.9446728,472.4030523300171,False
423,pract,67,TargetPresentation,1765527473.020392,473.47877192497253,False
424,pract,67,TargetDisplacement,1765527473.152218,473.6105978488922,True
425,pract,67,LeftResponse,1765527473.3884594,473.8468382358551,False
426,pract,67,FeedbackPeriodStarted,1765527473.3949413,473.85332131385803,False
427,pract,68,startFixDisplay,1765527473.9014797,474.3598601818085,False
428,pract,68,startFixPeriod,1765527473.9084125,474.3667938709259,False
429,pract,68,TargetPresentation,1765527475.2131178,475.67149806022644,False
430,pract,68,TargetRemoval,1765527475.6087651,476.0671455860138,True
431,pract,68,TargetReappeared,1765527475.8584852,476.31686544418335,False
432,pract,68,RightResponse,1765527476.2677557,476.72613310813904,False
433,pract,68,FeedbackPeriodStarted,1765527476.2748263,476.73320627212524,False
434,pract,69,startFixDisplay,1765527476.781194,477.23957443237305,False
435,pract,69,startFixPeriod,1765527477.0589058,477.517285823822,False
436,pract,69,TargetPresentation,1765527477.9609606,478.41934037208557,False
437,pract,69,TargetDisplacement,1765527478.0927026,478.551082611084,True
438,pract,69,LeftResponse,1765527478.5372696,478.9956488609314,False
439,pract,69,FeedbackPeriodStarted,1765527478.5438416,479.00222158432007,False
440,pract,70,startFixDisplay,1765527479.0502157,479.50859355926514,False
441,pract,70,startFixPeriod,1765527479.0572598,479.5156395435333,False
442,pract,70,TargetPresentation,1765527480.209188,480.6675684452057,False
443,pract,70,TargetDisplacement,1765527480.4312277,480.889607667923,True
444,pract,70,RightResponse,1765527480.6813786,481.1397581100464,False
445,pract,70,FeedbackPeriodStarted,1765527480.6880314,481.1464116573334,False
446,pract,71,startFixDisplay,1765527481.194433,481.6528136730194,False
447,pract,71,startFixPeriod,1765527481.333347,481.79172682762146,False
448,pract,71,TargetPresentation,1765527482.1174128,482.57579278945923,False
449,pract,71,TargetRemoval,1765527482.256127,482.71450686454773,True
450,pract,71,TargetReappeared,1765527482.5061543,482.9645347595215,False
451,pract,71,LeftResponse,1765527482.7698247,483.2282018661499,False
452,pract,71,FeedbackPeriodStarted,1765527482.776624,483.2350010871887,False
453,pract,72,startFixDisplay,1765527483.2831018,483.74148178100586,False
454,pract,72,startFixPeriod,1765527483.2900438,483.7484233379364,False
455,pract,72,TargetPresentation,1765527484.1575952,484.61597514152527,False
456,pract,72,TargetDisplacement,1765527484.3032281,484.7616078853607,True
457,pract,72,RightResponse,1765527484.615769,485.0741477012634,False
458,pract,72,FeedbackPeriodStarted,1765527484.622324,485.08070373535156,False
459,pract,73,startFixDisplay,1765527485.1288831,485.5872628688812,False
460,pract,73,startFixPeriod,1765527485.1359468,485.59432721138,False
461,pract,73,TargetPresentation,1765527486.0797236,486.5381033420563,False
462,pract,73,TargetRemoval,1765527486.2114835,486.66986322402954,True
463,pract,73,TargetReappeared,1765527486.4613295,486.91970705986023,False
464,pract,73,LeftResponse,1765527486.5724597,487.030837059021,False
465,pract,73,FeedbackPeriodStarted,1765527486.5793254,487.03770565986633,False
466,pract,74,startFixDisplay,1765527487.0856957,487.5440764427185,False
467,pract,74,startFixPeriod,1765527487.0926256,487.5510063171387,False
468,pract,74,TargetPresentation,1765527488.4180875,488.8764657974243,False
469,pract,74,TargetRemoval,1765527488.5568259,489.01520562171936,True
470,pract,74,TargetReappeared,1765527488.806733,489.2651116847992,False
471,pract,74,RightResponse,1765527489.0430064,489.50138688087463,False
472,pract,74,FeedbackPeriodStarted,1765527489.056551,489.51492834091187,False
473,pract,75,startFixDisplay,1765527489.5629473,490.02132987976074,False
474,pract,75,startFixPeriod,1765527489.5699294,490.0283091068268,False
475,pract,75,TargetPresentation,1765527490.597064,491.0554440021515,False
476,pract,75,TargetDisplacement,1765527490.742659,491.20103907585144,True
477,pract,75,LeftResponse,1765527491.068803,491.52718019485474,False
478,pract,75,FeedbackPeriodStarted,1765527491.0757093,491.5340893268585,False
479,pract,76,startFixDisplay,1765527491.5822,492.0405807495117,False
480,pract,76,startFixPeriod,1765527491.5891953,492.04757499694824,False
481,pract,76,TargetPresentation,1765527492.8661315,493.3245120048523,False
482,pract,76,TargetRemoval,1765527492.8730114,493.33139157295227,True
483,pract,76,TargetReappeared,1765527493.1228178,493.58119797706604,False
484,pract,76,RightResponse,1765527493.4283252,493.88670444488525,False
485,pract,76,FeedbackPeriodStarted,1765527493.4420233,493.9004030227661,False
486,pract,77,startFixDisplay,1765527493.9484227,494.4068031311035,False
487,pract,77,startFixPeriod,1765527494.0526683,494.51104831695557,False
488,pract,77,TargetPresentation,1765527494.8436327,495.30201268196106,False
489,pract,77,TargetRemoval,1765527496.0301847,496.4885640144348,True
490,pract,77,TargetReappeared,1765527496.28004,496.7384195327759,False
491,pract,77,LeftResponse,1765527497.0644274,497.52280735969543,False
492,pract,77,FeedbackPeriodStarted,1765527497.0710227,497.5294027328491,False
493,pract,78,startFixDisplay,1765527497.5775745,498.0359547138214,False
494,pract,78,startFixPeriod,1765527497.5844765,498.04285645484924,False
495,pract,78,TargetPresentation,1765527499.0626216,499.52100133895874,False
496,pract,78,TargetRemoval,1765527499.2225766,499.68095684051514,True
497,pract,78,TargetReappeared,1765527499.4720962,499.93047618865967,False
498,pract,78,RightResponse,1765527499.6178637,500.07624101638794,False
499,pract,78,FeedbackPeriodStarted,1765527499.6246839,500.0830612182617,False
500,pract,79,startFixDisplay,1765527500.1311262,500.58950686454773,False
501,pract,79,startFixPeriod,1765527500.1380978,500.5964779853821,False
502,pract,79,TargetPresentation,1765527501.0194745,501.477854013443,False
503,pract,79,TargetDisplacement,1765527501.1928499,501.65122985839844,True
504,pract,79,FeedbackPeriodStarted,1765527503.1982927,503.6566700935364,False
505,pract,80,startFixDisplay,1765527503.704738,504.1631178855896,False
506,pract,80,startFixPeriod,1765527503.711679,504.1700584888458,False
507,pract,80,TargetPresentation,1765527504.7248464,505.1832263469696,False
508,pract,80,TargetDisplacement,1765527504.8357377,505.29411482810974,True
509,pract,80,RightResponse,1765527505.1898434,505.64822125434875,False
510,pract,80,FeedbackPeriodStarted,1765527505.1967368,505.65511679649353,False
511,pract,81,startFixDisplay,1765527505.703235,506.1616151332855,False
512,pract,81,startFixPeriod,1765527506.2306788,506.689058303833,False
513,pract,81,TargetPresentation,1765527506.7302563,507.188636302948,False
514,pract,81,TargetDisplacement,1765527506.8689425,507.32732248306274,True
515,pract,81,LeftResponse,1765527507.2230935,507.681471824646,False
516,pract,81,FeedbackPeriodStarted,1765527507.2297857,507.6881630420685,False
517,pract,82,startFixDisplay,1765527507.7363203,508.1947000026703,False
518,pract,82,startFixPeriod,1765527507.7432535,508.20163321495056,False
519,pract,82,TargetPresentation,1765527508.6524205,509.1107997894287,False
520,pract,82,TargetDisplacement,1765527508.6593251,509.11770582199097,True
521,pract,82,FeedbackPeriodStarted,1765527510.6646214,511.1230010986328,False
522,pract,83,startFixDisplay,1765527511.17804,511.6364176273346,False
523,pract,83,startFixPeriod,1765527511.1850193,511.64339876174927,False
524,pract,83,TargetPresentation,1765527512.4064262,512.8648061752319,False
525,pract,83,TargetRemoval,1765527512.5452425,513.0036225318909,True
526,pract,83,TargetReappeared,1765527512.7950616,513.2534415721893,False
527,pract,83,LeftResponse,1765527512.9618757,513.4202535152435,False
528,pract,83,FeedbackPeriodStarted,1765527512.9683516,513.4267289638519,False
529,pract,84,startFixDisplay,1765527513.4748242,513.933201789856,False
530,pract,84,startFixPeriod,1765527513.481766,513.9401431083679,False
531,pract,84,TargetPresentation,1765527514.3632,514.8215775489807,False
532,pract,84,TargetDisplacement,1765527514.404767,514.8631443977356,True
533,pract,84,RightResponse,1765527514.7865663,515.2449436187744,False
534,pract,84,FeedbackPeriodStarted,1765527514.7933953,515.2517726421356,False
535,pract,85,startFixDisplay,1765527515.2997863,515.758163690567,False
536,pract,85,startFixPeriod,1765527515.30682,515.7651994228363,False
537,pract,85,TargetPresentation,1765527516.6045012,517.0628798007965,False
538,pract,85,TargetRemoval,1765527516.6114345,517.0698132514954,True
539,pract,85,TargetReappeared,1765527516.8612146,517.3195946216583,False
540,pract,85,LeftResponse,1765527517.527748,517.986127614975,False
541,pract,85,FeedbackPeriodStarted,1765527517.534285,517.9926648139954,False
542,pract,86,startFixDisplay,1765527518.0409114,518.4992918968201,False
543,pract,86,startFixPeriod,1765527518.0477872,518.5061645507812,False
544,pract,86,TargetPresentation,1765527518.7141013,519.1724812984467,False
545,pract,86,TargetDisplacement,1765527518.8805456,519.3389229774475,True
546,pract,86,FeedbackPeriodStarted,1765527520.8858104,521.3441896438599,False
547,pract,87,startFixDisplay,1765527521.3923988,521.8507761955261,False
548,pract,87,startFixPeriod,1765527521.91302,522.3713998794556,False
549,pract,87,TargetPresentation,1765527523.3007672,523.7591471672058,False
550,pract,87,TargetDisplacement,1765527523.4464743,523.9048542976379,True
551,pract,87,LeftResponse,1765527523.876805,524.3351826667786,False
552,pract,87,FeedbackPeriodStarted,1765527523.8835568,524.3419346809387,False
553,pract,88,startFixDisplay,1765527524.3900611,524.848441362381,False
554,pract,88,startFixPeriod,1765527524.3970542,524.8554339408875,False
555,pract,88,TargetPresentation,1765527525.47266,525.9310393333435,False
556,pract,88,TargetDisplacement,1765527525.6322088,526.0905888080597,True
557,pract,88,RightResponse,1765527526.1182566,526.5766358375549,False
558,pract,88,FeedbackPeriodStarted,1765527526.1248748,526.583251953125,False
559,pract,89,startFixDisplay,1765527526.6313725,527.0897524356842,False
560,pract,89,startFixPeriod,1765527526.6662512,527.1246314048767,False
561,pract,89,TargetPresentation,1765527527.3116224,527.7700023651123,False
562,pract,89,TargetRemoval,1765527527.4711528,527.9295330047607,True
563,pract,89,TargetReappeared,1765527527.7210464,528.179426908493,False
564,pract,89,LeftResponse,1765527527.8736868,528.3320643901825,False
565,pract,89,FeedbackPeriodStarted,1765527527.8806257,528.3390054702759,False
566,pract,90,startFixDisplay,1765527528.3869576,528.845338344574,False
567,pract,90,startFixPeriod,1765527528.3937962,528.8521733283997,False
568,pract,90,TargetPresentation,1765527529.8443067,530.3026866912842,False
569,pract,90,TargetDisplacement,1765527529.9968445,530.4552240371704,True
570,pract,90,RightResponse,1765527530.4135776,530.8719561100006,False
571,pract,90,FeedbackPeriodStarted,1765527530.4202256,530.8786058425903,False
572,pract,91,startFixDisplay,1765527530.9265924,531.3849701881409,False
573,pract,91,startFixPeriod,1765527530.9336536,531.3920338153839,False
574,pract,91,TargetPresentation,1765527532.3909793,532.8493592739105,False
575,pract,91,TargetDisplacement,1765527532.3978698,532.8562483787537,True
576,pract,91,LeftResponse,1765527532.9740436,533.4324231147766,False
577,pract,91,FeedbackPeriodStarted,1765527532.980607,533.4389848709106,False
578,pract,92,startFixDisplay,1765527533.4871688,533.9455485343933,False
579,pract,92,startFixPeriod,1765527533.7093925,534.167772769928,False
580,pract,92,TargetPresentation,1765527534.8473787,535.3057587146759,False
581,pract,92,TargetDisplacement,1765527535.006901,535.4652783870697,True
582,pract,92,RightResponse,1765527535.3195386,535.7779204845428,False
583,pract,92,FeedbackPeriodStarted,1765527535.326179,535.7845604419708,False
584,pract,93,startFixDisplay,1765527535.8324685,536.2908461093903,False
585,pract,93,startFixPeriod,1765527535.8535552,536.3119370937347,False
586,pract,93,TargetPresentation,1765527536.7486925,537.2070727348328,False
587,pract,93,TargetDisplacement,1765527536.7555606,537.2139394283295,True
588,pract,93,LeftResponse,1765527537.1859686,537.6443462371826,False
589,pract,93,FeedbackPeriodStarted,1765527537.1926353,537.6510126590729,False
590,pract,94,startFixDisplay,1765527537.6990705,538.1574478149414,False
591,pract,94,startFixPeriod,1765527537.7060945,538.1644742488861,False
592,pract,94,TargetPresentation,1765527538.9274838,539.3858637809753,False
593,pract,94,TargetDisplacement,1765527539.045499,539.5038793087006,True
594,pract,94,RightResponse,1765527539.3647892,539.8231680393219,False
595,pract,94,FeedbackPeriodStarted,1765527539.3714728,539.8298518657684,False
596,pract,95,startFixDisplay,1765527539.8779376,540.3363151550293,False
597,pract,95,startFixPeriod,1765527539.885023,540.3434028625488,False
598,pract,95,TargetPresentation,1765527541.2382605,541.6966409683228,False
599,pract,95,TargetDisplacement,1765527541.3491435,541.8075232505798,True
600,pract,95,LeftResponse,1765527541.6129894,542.0713677406311,False
601,pract,95,FeedbackPeriodStarted,1765527541.6197736,542.0781507492065,False
602,pract,96,startFixDisplay,1765527542.126288,542.5846679210663,False
603,pract,96,startFixPeriod,1765527542.1332152,542.5915949344635,False
604,pract,96,TargetPresentation,1765527543.306119,543.7644996643066,False
605,pract,96,TargetDisplacement,1765527543.4655666,543.9239463806152,True
606,pract,96,RightResponse,1765527543.7086728,544.1670517921448,False
607,pract,96,FeedbackPeriodStarted,1765527543.7153852,544.1737644672394,False
608,pract,97,startFixDisplay,1765527544.2218742,544.6802542209625,False
609,pract,97,startFixPeriod,1765527544.2288802,544.6872599124908,False
610,pract,97,TargetPresentation,1765527545.144932,545.603312253952,False
611,pract,97,TargetRemoval,1765527545.311422,545.7698018550873,True
612,pract,97,TargetReappeared,1765527545.5612135,546.0195934772491,False
613,pract,97,LeftResponse,1765527545.7210183,546.1793963909149,False
614,pract,97,FeedbackPeriodStarted,1765527545.7277443,546.1861226558685,False
615,pract,98,startFixDisplay,1765527546.2341154,546.692492723465,False
616,pract,98,startFixPeriod,1765527546.525771,546.9841494560242,False
617,pract,98,TargetPresentation,1765527547.9413023,548.3996801376343,False
618,pract,98,TargetDisplacement,1765527548.0939875,548.5523676872253,True
619,pract,98,RightResponse,1765527548.4480052,548.9063827991486,False
620,pract,98,FeedbackPeriodStarted,1765527548.4548304,548.9132077693939,False
621,pract,99,startFixDisplay,1765527548.9612608,549.4196412563324,False
622,pract,99,startFixPeriod,1765527548.9682474,549.4266269207001,False
623,pract,99,TargetPresentation,1765527550.3700142,550.8283939361572,False
624,pract,99,TargetDisplacement,1765527550.376969,550.835346698761,True
625,pract,99,LeftResponse,1765527550.7518702,551.2102475166321,False
626,pract,99,FeedbackPeriodStarted,1765527550.7585962,551.2169761657715,False
627,pract,100,startFixDisplay,1765527551.265075,551.7234554290771,False
628,pract,100,startFixPeriod,1765527551.271931,551.7303087711334,False
629,pract,100,TargetPresentation,1765527552.278202,552.7365820407867,False
630,pract,100,TargetDisplacement,1765527552.2852337,552.7436134815216,True
631,pract,100,RightResponse,1765527552.6185408,553.0769205093384,False
632,pract,100,FeedbackPeriodStarted,1765527552.6251333,553.0835130214691,False
633,pract,101,startFixDisplay,1765527553.1385534,553.5969309806824,False
634,pract,101,startFixPeriod,1765527553.1456978,553.6040782928467,False
635,pract,101,TargetPresentation,1765527554.464117,554.9224967956543,False
636,pract,101,TargetDisplacement,1765527554.6166134,555.0749928951263,True
637,pract,101,LeftResponse,1765527554.9082713,555.3666503429413,False
638,pract,101,FeedbackPeriodStarted,1765527554.914964,555.373343706131,False
639,pract,102,startFixDisplay,1765527555.4215348,555.8799152374268,False
640,pract,102,startFixPeriod,1765527555.42851,555.886901140213,False
641,pract,102,TargetPresentation,1765527556.8303394,557.2887191772461,False
642,pract,102,TargetDisplacement,1765527556.9967875,557.4551672935486,True
643,pract,102,RightResponse,1765527557.55217,558.0105481147766,False
644,pract,102,FeedbackPeriodStarted,1765527557.5589154,558.0172929763794,False
645,pract,103,startFixDisplay,1765527558.0652583,558.5236356258392,False
646,pract,103,startFixPeriod,1765527558.0722969,558.5306766033173,False
647,pract,103,TargetPresentation,1765527558.8773553,559.3357353210449,False
648,pract,103,TargetRemoval,1765527559.0092227,559.4676027297974,True
649,pract,103,TargetReappeared,1765527559.2589998,559.7173795700073,False
650,pract,103,LeftResponse,1765527559.4813113,559.9396908283234,False
651,pract,103,FeedbackPeriodStarted,1765527559.4879894,559.9463696479797,False
652,pract,104,startFixDisplay,1765527559.99436,560.4527404308319,False
653,pract,104,startFixPeriod,1765527560.0013514,560.4597308635712,False
654,pract,104,TargetPresentation,1765527560.7785804,561.2369606494904,False
655,pract,104,TargetDisplacement,1765527560.9729621,561.4313397407532,True
656,pract,104,RightResponse,1765527561.4866922,561.9450716972351,False
657,pract,104,FeedbackPeriodStarted,1765527561.50028,561.9586598873138,False
658,pract,105,startFixDisplay,1765527562.0066886,562.4650688171387,False
659,pract,105,startFixPeriod,1765527562.0136914,562.4720709323883,False
660,pract,105,TargetPresentation,1765527562.6243718,563.0827515125275,False
661,pract,105,TargetDisplacement,1765527562.7561944,563.2145738601685,True
662,pract,105,LeftResponse,1765527563.4226406,563.8810200691223,False
663,pract,105,FeedbackPeriodStarted,1765527563.4293451,563.8877251148224,False
664,pract,106,startFixDisplay,1765527563.9357383,564.3941190242767,False
665,pract,106,startFixPeriod,1765527563.9636407,564.4220190048218,False
666,pract,106,TargetPresentation,1765527565.0184236,565.4768033027649,False
667,pract,106,TargetDisplacement,1765527565.1916504,565.6500277519226,True
668,pract,106,RightResponse,1765527565.4418964,565.9002759456635,False
669,pract,106,FeedbackPeriodStarted,1765527565.4485476,565.9069249629974,False
670,pract,107,startFixDisplay,1765527565.9550035,566.4133841991425,False
671,pract,107,startFixPeriod,1765527566.0800357,566.5384130477905,False
672,pract,107,TargetPresentation,1765527567.3360372,567.794417142868,False
673,pract,107,TargetDisplacement,1765527567.4886043,567.9469842910767,True
674,pract,107,LeftResponse,1765527567.7664661,568.2248456478119,False
675,pract,107,FeedbackPeriodStarted,1765527567.7730908,568.2314684391022,False
676,pract,108,startFixDisplay,1765527568.2796004,568.7379779815674,False
677,pract,108,startFixPeriod,1765527568.2865663,568.7449464797974,False
678,pract,108,TargetPresentation,1765527569.7231152,570.1814954280853,False
679,pract,108,TargetRemoval,1765527569.7299411,570.1883194446564,True
680,pract,108,TargetReappeared,1765527569.9798021,570.4381823539734,False
681,pract,108,RightResponse,1765527570.0841367,570.5425159931183,False
682,pract,108,FeedbackPeriodStarted,1765527570.0906794,570.5490589141846,False
683,pract,109,startFixDisplay,1765527570.597234,571.0556137561798,False
684,pract,109,startFixPeriod,1765527570.8056102,571.2639904022217,False
685,pract,109,TargetPresentation,1765527572.0129452,572.4713242053986,False
686,pract,109,TargetRemoval,1765527572.1863675,572.6447477340698,True
687,pract,109,TargetReappeared,1765527572.4362686,572.8946485519409,False
688,pract,109,RightResponse,1765527573.2760599,573.7344374656677,False
689,pract,109,FeedbackPeriodStarted,1765527573.2827983,573.7411780357361,False
690,pract,110,startFixDisplay,1765527573.7891083,574.2474858760834,False
691,pract,110,startFixPeriod,1765527573.7961934,574.2545728683472,False
692,pract,110,TargetPresentation,1765527575.1840408,575.6424188613892,False
693,pract,110,TargetDisplacement,1765527575.1910143,575.6493928432465,True
694,pract,110,LeftResponse,1765527576.1279936,576.5863723754883,False
695,pract,110,FeedbackPeriodStarted,1765527576.13462,576.592999458313,False
696,pract,111,startFixDisplay,1765527576.6411746,577.0995552539825,False
697,pract,111,startFixPeriod,1765527576.6480548,577.1064321994781,False
698,pract,111,TargetPresentation,1765527577.911187,578.3695669174194,False
699,pract,111,TargetRemoval,1765527578.417654,578.8760335445404,True
700,pract,111,TargetReappeared,1765527578.667563,579.1259429454803,False
701,pract,111,LeftResponse,1765527579.680864,580.139241695404,False
702,pract,111,FeedbackPeriodStarted,1765527579.6874712,580.1458485126495,False
703,pract,112,startFixDisplay,1765527580.1938617,580.6522388458252,False
704,pract,112,startFixPeriod,1765527580.200882,580.6592617034912,False
705,pract,112,TargetPresentation,1765527581.0823512,581.5407311916351,False
706,pract,112,TargetRemoval,1765527581.2279804,581.6863603591919,True
707,pract,112,TargetReappeared,1765527581.4777694,581.9361476898193,False
708,pract,112,RightResponse,1765527581.7972054,582.255585193634,False
709,pract,112,FeedbackPeriodStarted,1765527581.8038497,582.2622270584106,False
710,pract,113,startFixDisplay,1765527582.310275,582.768652677536,False
711,pract,113,startFixPeriod,1765527582.5256374,582.9840171337128,False
712,pract,113,TargetPresentation,1765527583.4069211,583.8653013706207,False
713,pract,113,TargetRemoval,1765527583.413741,583.8721191883087,True
714,pract,113,TargetReappeared,1765527583.663614,584.1219918727875,False
715,pract,113,LeftResponse,1765527584.0247755,584.4831550121307,False
716,pract,113,FeedbackPeriodStarted,1765527584.0314496,584.489830493927,False
717,pract,114,startFixDisplay,1765527584.5378058,584.9961862564087,False
718,pract,114,startFixPeriod,1765527584.7808506,585.239230632782,False
719,pract,114,TargetPresentation,1765527586.1617026,586.620082616806,False
720,pract,114,TargetDisplacement,1765527586.3421395,586.8005192279816,True
721,pract,114,RightResponse,1765527586.7173789,587.1757583618164,False
722,pract,114,FeedbackPeriodStarted,1765527586.7307038,587.189083814621,False
723,pract,115,startFixDisplay,1765527587.2371068,587.6954872608185,False
724,pract,115,startFixPeriod,1765527587.2440484,587.7024278640747,False
725,pract,115,TargetPresentation,1765527588.673551,589.1319310665131,False
726,pract,115,TargetDisplacement,1765527588.6804705,589.1388502120972,True
727,pract,115,RightResponse,1765527589.6869786,590.1453573703766,False
728,pract,115,FeedbackPeriodStarted,1765527589.6936173,590.1519978046417,False
729,pract,116,startFixDisplay,1765527590.2000759,590.6584532260895,False
730,pract,116,startFixPeriod,1765527590.2069647,590.665342092514,False
731,pract,116,TargetPresentation,1765527591.407648,591.8660280704498,False
732,pract,116,TargetDisplacement,1765527591.4145877,591.8729681968689,True
733,pract,116,RightResponse,1765527592.518,592.9763782024384,False
734,pract,116,FeedbackPeriodStarted,1765527592.524679,592.9830584526062,False
735,pract,117,startFixDisplay,1765527593.031094,593.4894711971283,False
736,pract,117,startFixPeriod,1765527593.038055,593.4964320659637,False
737,pract,117,TargetPresentation,1765527593.7322168,594.1905970573425,False
738,pract,117,TargetDisplacement,1765527593.7391293,594.1975090503693,True
739,pract,117,LeftResponse,1765527594.558223,595.0166022777557,False
740,pract,117,FeedbackPeriodStarted,1765527594.5717611,595.0301384925842,False
741,pract,118,startFixDisplay,1765527595.0781302,595.5365076065063,False
742,pract,118,startFixPeriod,1765527595.0852175,595.5435974597931,False
743,pract,118,TargetPresentation,1765527596.008157,596.4665369987488,False
744,pract,118,TargetRemoval,1765527596.0151815,596.4735615253448,True
745,pract,118,TargetReappeared,1765527596.2648983,596.7232778072357,False
746,pract,118,RightResponse,1765527597.0076656,597.4660451412201,False
747,pract,118,FeedbackPeriodStarted,1765527597.0143688,597.4727487564087,False
748,pract,119,startFixDisplay,1765527597.520735,597.9791126251221,False
749,pract,119,startFixPeriod,1765527597.541759,598.0001389980316,False
750,pract,119,TargetPresentation,1765527598.436861,598.89524102211,False
751,pract,119,TargetDisplacement,1765527598.4437969,598.9021768569946,True
752,pract,119,LeftResponse,1765527599.2907417,599.749121427536,False
753,pract,119,FeedbackPeriodStarted,1765527599.2973168,599.755696773529,False
754,pract,120,startFixDisplay,1765527599.8037245,600.2621052265167,False
755,pract,120,startFixPeriod,1765527599.8106642,600.2690439224243,False
756,pract,120,TargetPresentation,1765527601.1916974,601.6500751972198,False
757,pract,120,TargetRemoval,1765527601.3443718,601.802752494812,True
758,pract,120,TargetReappeared,1765527601.5940263,602.0524048805237,False
759,pract,120,LeftResponse,1765527602.607434,603.0658135414124,False
760,pract,120,FeedbackPeriodStarted,1765527602.6139655,603.0723428726196,False
761,pract,121,startFixDisplay,1765527603.1206071,603.5789878368378,False
762,pract,121,startFixPeriod,1765527603.3566577,603.8150365352631,False
763,pract,121,TargetPresentation,1765527604.640396,605.0987758636475,False
764,pract,121,TargetDisplacement,1765527604.6473334,605.1057133674622,True
765,pract,121,FeedbackPeriodStarted,1765527606.652761,607.111141204834,False
766,pract,122,startFixDisplay,1765527607.1591153,607.617495059967,False
767,pract,122,startFixPeriod,1765527607.4160464,607.8744254112244,False
768,pract,122,TargetPresentation,1765527608.6580863,609.1164662837982,False
769,pract,122,TargetRemoval,1765527608.775959,609.2343363761902,True
770,pract,122,TargetReappeared,1765527609.025863,609.4842426776886,False
771,pract,122,RightResponse,1765527609.7407925,610.1991713047028,False
772,pract,122,FeedbackPeriodStarted,1765527609.7473853,610.2057659626007,False
773,pract,123,startFixDisplay,1765527610.2539668,610.7123472690582,False
774,pract,123,startFixPeriod,1765527610.2609951,610.7193722724915,False
775,pract,123,TargetPresentation,1765527610.9410107,611.3993883132935,False
776,pract,123,TargetDisplacement,1765527610.9480042,611.40638422966,True
777,pract,123,LeftResponse,1765527611.7114956,612.1698751449585,False
778,pract,123,FeedbackPeriodStarted,1765527611.7251973,612.1835746765137,False
779,pract,124,startFixDisplay,1765527612.231591,612.6899707317352,False
780,pract,124,startFixPeriod,1765527612.2386856,612.6970655918121,False
781,pract,124,TargetPresentation,1765527612.8146734,613.2730531692505,False
782,pract,124,TargetRemoval,1765527612.9326246,613.3910043239594,True
783,pract,124,TargetReappeared,1765527613.1824133,613.6407930850983,False
784,pract,124,RightResponse,1765527613.7516356,614.2100150585175,False
785,pract,124,FeedbackPeriodStarted,1765527613.758357,614.2167367935181,False
786,pract,125,startFixDisplay,1765527614.2647088,614.7230892181396,False
787,pract,125,startFixPeriod,1765527614.2995458,614.7579259872437,False
788,pract,125,TargetPresentation,1765527615.5971072,616.0554847717285,False
789,pract,125,TargetDisplacement,1765527615.6040988,616.0624768733978,True
790,pract,125,RightResponse,1765527616.2428544,616.7012338638306,False
791,pract,125,FeedbackPeriodStarted,1765527616.2494712,616.7078511714935,False
792,pract,126,startFixDisplay,1765527616.7558136,617.2141909599304,False
793,pract,126,startFixPeriod,1765527616.7628267,617.2212064266205,False
794,pract,126,TargetPresentation,1765527617.3665864,617.8249661922455,False
795,pract,126,TargetDisplacement,1765527617.3734696,617.8318493366241,True
796,pract,126,RightResponse,1765527618.3869734,618.8453528881073,False
797,pract,126,FeedbackPeriodStarted,1765527618.3935611,618.851940870285,False
798,pract,127,startFixDisplay,1765527618.8999226,619.3583002090454,False
799,pract,127,startFixPeriod,1765527618.9069955,619.3653752803802,False
800,pract,127,TargetPresentation,1765527620.1006498,620.5590279102325,False
801,pract,127,TargetDisplacement,1765527620.1075664,620.5659472942352,True
802,pract,127,LeftResponse,1765527621.4332008,621.891580581665,False
803,pract,127,FeedbackPeriodStarted,1765527621.4397404,621.8981204032898,False
804,pract,128,startFixDisplay,1765527621.9461598,622.4045372009277,False
805,pract,128,startFixPeriod,1765527622.2656486,622.7240285873413,False
806,pract,128,TargetPresentation,1765527622.8552325,623.3136103153229,False
807,pract,128,TargetRemoval,1765527623.4450736,623.9034509658813,True
808,pract,128,TargetReappeared,1765527623.6950939,624.1534745693207,False
809,pract,128,RightResponse,1765527624.3896039,624.847983121872,False
810,pract,128,FeedbackPeriodStarted,1765527624.3957932,624.854172706604,False
811,pract,129,startFixDisplay,1765527624.9021983,625.3605756759644,False
812,pract,129,startFixPeriod,1765527624.9092183,625.3675982952118,False
813,pract,129,TargetPresentation,1765527625.6102226,626.0686025619507,False
814,pract,129,TargetDisplacement,1765527625.617163,626.0755431652069,True
815,pract,129,LeftResponse,1765527626.3598378,626.8182151317596,False
816,pract,129,FeedbackPeriodStarted,1765527626.3666363,626.8250167369843,False
817,pract,130,startFixDisplay,1765527626.8729966,627.3313772678375,False
818,pract,130,startFixPeriod,1765527626.8799777,627.3383574485779,False
819,pract,130,TargetPresentation,1765527628.254052,628.712432384491,False
820,pract,130,TargetDisplacement,1765527628.2609382,628.719318151474,True
821,pract,130,RightResponse,1765527629.100768,629.5591473579407,False
822,pract,130,FeedbackPeriodStarted,1765527629.1074562,629.5658359527588,False
823,pract,131,startFixDisplay,1765527629.613918,630.0722980499268,False
824,pract,131,startFixPeriod,1765527629.6348326,630.0932126045227,False
825,pract,131,TargetPresentation,1765527630.6896696,631.1480495929718,False
826,pract,131,TargetRemoval,1765527630.696615,631.1549949645996,True
827,pract,131,TargetReappeared,1765527630.9462748,631.4046523571014,False
828,pract,131,RightResponse,1765527631.6334963,632.0918745994568,False
829,pract,131,FeedbackPeriodStarted,1765527631.640333,632.0987153053284,False
830,pract,132,startFixDisplay,1765527632.14658,632.6049575805664,False
831,pract,132,startFixPeriod,1765527632.153608,632.6119878292084,False
832,pract,132,TargetPresentation,1765527633.347239,633.8056170940399,False
833,pract,132,TargetDisplacement,1765527633.354178,633.8125560283661,True
834,pract,132,RightResponse,1765527634.304921,634.7632982730865,False
835,pract,132,FeedbackPeriodStarted,1765527634.3117678,634.7701478004456,False
836,pract,-1,EndPractice,1765527634.8070319,635.2654094696045,False
837,0,0,startFixDisplay,1765527690.518075,690.9764559268951,False
838,0,0,startFixPeriod,1765527690.7402537,691.1986317634583,False
839,0,0,TargetPresentation,1765527691.8089054,692.2672834396362,False
840,0,0,TargetRemoval,1765527691.9613256,692.4197030067444,True
841,0,0,TargetReappeared,1765527692.2112932,692.6696734428406,False
842,0,0,RightResponse,1765527692.8985329,693.3569114208221,False
843,0,1,FeedbackPeriodStarted,1765527692.9119847,693.3703649044037,False
844,0,1,startFixDisplay,1765527692.9121141,693.3704934120178,False
845,0,1,startFixPeriod,1765527693.2730143,693.7313945293427,False
846,0,1,TargetPresentation,1765527694.001649,694.460028886795,False
847,0,1,TargetDisplacement,1765527694.1959314,694.654308795929,True
848,0,1,LeftResponse,1765527695.3688855,695.8272650241852,False
849,0,2,FeedbackPeriodStarted,1765527695.3822458,695.8406233787537,False
850,0,2,startFixDisplay,1765527695.382296,695.8406732082367,False
851,0,2,startFixPeriod,1765527695.5697622,696.0281438827515,False
852,0,2,TargetPresentation,1765527696.7147624,697.1731424331665,False
853,0,2,TargetRemoval,1765527696.7217226,697.1801028251648,True
854,0,2,TargetReappeared,1765527696.9715598,697.4299404621124,False
855,0,2,LeftResponse,1765527697.7212076,698.1795873641968,False
856,0,3,FeedbackPeriodStarted,1765527697.7416077,698.1999876499176,False
857,0,3,startFixDisplay,1765527697.7417428,698.2001221179962,False
858,0,3,startFixPeriod,1765527697.915161,698.3735389709473,False
859,0,3,TargetPresentation,1765527698.5050004,698.96337890625,False
860,0,3,TargetDisplacement,1765527698.650762,699.1091425418854,True
861,0,3,RightResponse,1765527699.3656654,699.824045419693,False
862,0,4,FeedbackPeriodStarted,1765527699.379114,699.8374915122986,False
863,0,4,startFixDisplay,1765527699.3791625,699.8375396728516,False
864,0,4,startFixPeriod,1765527699.615311,700.0736911296844,False
865,0,4,TargetPresentation,1765527700.1357136,700.5940935611725,False
866,0,4,TargetRemoval,1765527700.5589275,701.0173075199127,True
867,0,4,TargetReappeared,1765527700.8087864,701.267166852951,False
868,0,4,RightResponse,1765527701.4057443,701.8641240596771,False
869,0,5,FeedbackPeriodStarted,1765527701.4192781,701.877658367157,False
870,0,5,startFixDisplay,1765527701.419464,701.8778414726257,False
871,0,5,startFixPeriod,1765527701.835823,702.2942035198212,False
872,0,5,TargetPresentation,1765527703.1888871,703.6472673416138,False
873,0,5,TargetDisplacement,1765527703.4317164,703.8900964260101,True
874,0,5,LeftResponse,1765527704.3202796,704.7786593437195,False
875,0,6,FeedbackPeriodStarted,1765527704.3336964,704.7920763492584,False
876,0,6,startFixDisplay,1765527704.3338532,704.7922325134277,False
877,0,6,startFixPeriod,1765527704.784873,705.2432532310486,False
878,0,6,TargetPresentation,1765527706.0755928,706.5339729785919,False
879,0,6,TargetDisplacement,1765527706.228244,706.686624288559,True
880,0,6,RightResponse,1765527707.0541654,707.5125455856323,False
881,0,6,FeedbackPeriodStarted,1765527707.0676737,707.5260536670685,False
882,0,7,startFixDisplay,1765527709.0730708,709.5314517021179,False
883,0,7,startFixPeriod,1765527709.3924057,709.8507859706879,False
884,0,7,TargetPresentation,1765527710.6206062,711.0789864063263,False
885,0,7,TargetDisplacement,1765527710.7523375,711.2107172012329,True
886,0,7,RightResponse,1765527711.488148,711.9465262889862,False
887,0,8,FeedbackPeriodStarted,1765527711.508696,711.9670760631561,False
888,0,8,startFixDisplay,1765527711.5088303,711.9672091007233,False
889,0,8,startFixPeriod,1765527711.6892428,712.1476230621338,False
890,0,8,TargetPresentation,1765527712.9452949,713.4036757946014,False
891,0,8,TargetRemoval,1765527713.1602776,713.6186573505402,True
892,0,8,TargetReappeared,1765527713.4101148,713.8684949874878,False
893,0,8,LeftResponse,1765527714.0071387,714.4655184745789,False
894,0,9,FeedbackPeriodStarted,1765527714.0205085,714.4788858890533,False
895,0,9,startFixDisplay,1765527714.020567,714.4789440631866,False
896,0,9,startFixPeriod,1765527714.2567058,714.7150859832764,False
897,0,9,TargetPresentation,1765527715.6861272,716.1445047855377,False
898,0,9,TargetDisplacement,1765527715.6930685,716.1514489650726,True
899,0,9,RightResponse,1765527716.692373,717.1507506370544,False
900,0,10,FeedbackPeriodStarted,1765527716.7059176,717.1642951965332,False
901,0,10,startFixDisplay,1765527716.705978,717.1643550395966,False
902,0,10,startFixPeriod,1765527716.8865826,717.344961643219,False
903,0,10,TargetPresentation,1765527717.483342,717.9417207241058,False
904,0,10,TargetRemoval,1765527717.670538,718.128915309906,True
905,0,10,TargetReappeared,1765527717.9205046,718.3788847923279,False
906,0,10,RightResponse,1765527718.5591657,719.0175454616547,False
907,0,11,FeedbackPeriodStarted,1765527718.5795703,719.0379502773285,False
908,0,11,startFixDisplay,1765527718.5797045,719.0380837917328,False
909,0,11,startFixPeriod,1765527718.8017843,719.2601644992828,False
910,0,11,TargetPresentation,1765527719.349985,719.8083651065826,False
911,0,11,TargetDisplacement,1765527719.3569188,719.8153011798859,True
912,0,11,RightResponse,1765527720.1621637,720.6205432415009,False
913,0,12,FeedbackPeriodStarted,1765527720.1824565,720.6408340930939,False
914,0,12,startFixDisplay,1765527720.182504,720.640881061554,False
915,0,12,startFixPeriod,1765527720.3908427,720.8492228984833,False
916,0,12,TargetPresentation,1765527721.5496442,722.0080244541168,False
917,0,12,TargetRemoval,1765527721.7300262,722.1884067058563,True
918,0,12,TargetReappeared,1765527721.9798603,722.4382405281067,False
919,0,12,RightResponse,1765527722.5699675,723.0283472537994,False
920,0,12,FeedbackPeriodStarted,1765527722.5764644,723.0348417758942,False
921,0,13,startFixDisplay,1765527724.5817978,725.0401759147644,False
922,0,13,startFixPeriod,1765527724.82487,725.2832503318787,False
923,0,13,TargetPresentation,1765527726.0113924,726.4697723388672,False
924,0,13,TargetRemoval,1765527726.2056932,726.6640732288361,True
925,0,13,TargetReappeared,1765527726.4554973,726.9138774871826,False
926,0,13,LeftResponse,1765527727.0318034,727.4901828765869,False
927,0,14,FeedbackPeriodStarted,1765527727.0521462,727.5105261802673,False
928,0,14,startFixDisplay,1765527727.0522475,727.5106246471405,False
929,0,14,startFixPeriod,1765527727.2535472,727.7119297981262,False
930,0,14,TargetPresentation,1765527728.3775728,728.8359544277191,False
931,0,14,TargetRemoval,1765527728.3845606,728.8429384231567,True
932,0,14,TargetReappeared,1765527728.6343832,729.0927636623383,False
933,0,14,RightResponse,1765527729.4394174,729.8977949619293,False
934,0,15,FeedbackPeriodStarted,1765527729.453092,729.9114723205566,False
935,0,15,startFixDisplay,1765527729.4532275,729.9116067886353,False
936,0,15,startFixPeriod,1765527729.709916,730.1682960987091,False
937,0,15,TargetPresentation,1765527730.3067205,730.7650997638702,False
938,0,15,TargetRemoval,1765527730.4732912,730.9316713809967,True
939,0,15,TargetReappeared,1765527730.723055,731.181432723999,False
940,0,15,RightResponse,1765527732.090349,732.5487289428711,False
941,0,16,FeedbackPeriodStarted,1765527732.1177194,732.5760996341705,False
942,0,16,startFixDisplay,1765527732.1179066,732.5762867927551,False
943,0,16,startFixPeriod,1765527732.2982666,732.7566471099854,False
944,0,16,TargetPresentation,1765527733.4293382,733.8877186775208,False
945,0,16,TargetDisplacement,1765527733.5470788,734.0054564476013,True
946,0,16,RightResponse,1765527734.5120573,734.9704370498657,False
947,0,17,FeedbackPeriodStarted,1765527734.5255344,734.9839119911194,False
948,0,17,startFixDisplay,1765527734.525585,734.983962059021,False
949,0,17,startFixPeriod,1765527734.7268593,735.185239315033,False
950,0,17,TargetPresentation,1765527735.3652918,735.8236720561981,False
951,0,17,TargetDisplacement,1765527735.6220398,736.0804197788239,True
952,0,17,LeftResponse,1765527736.4273238,736.8857047557831,False
953,0,18,FeedbackPeriodStarted,1765527736.4475842,736.9059617519379,False
954,0,18,startFixDisplay,1765527736.4476335,736.906010389328,False
955,0,18,startFixPeriod,1765527736.711399,737.1697766780853,False
956,0,18,TargetPresentation,1765527737.592655,738.0510332584381,False
957,0,18,TargetDisplacement,1765527737.731456,738.1898362636566,True
958,0,18,LeftResponse,1765527738.8351076,739.2934856414795,False
959,0,18,FeedbackPeriodStarted,1765527738.8416312,739.3000085353851,False
960,0,19,startFixDisplay,1765527740.846988,741.3053686618805,False
961,0,19,startFixPeriod,1765527741.0900111,741.5483915805817,False
962,0,19,TargetPresentation,1765527742.3668897,742.8252711296082,False
963,0,19,TargetDisplacement,1765527742.540216,742.9985961914062,True
964,0,19,LeftResponse,1765527744.2058399,744.6642198562622,False
965,0,20,FeedbackPeriodStarted,1765527744.2194052,744.6777856349945,False
966,0,20,startFixDisplay,1765527744.2195506,744.677930355072,False
967,0,20,startFixPeriod,1765527744.4415777,744.8999569416046,False
968,0,20,TargetPresentation,1765527745.6558592,746.114239692688,False
969,0,20,TargetDisplacement,1765527745.8292878,746.2876672744751,True
970,0,20,LeftResponse,1765527746.6344423,747.0928196907043,False
971,0,21,FeedbackPeriodStarted,1765527746.6479452,747.1063227653503,False
972,0,21,startFixDisplay,1765527746.648042,747.1064193248749,False
973,0,21,startFixPeriod,1765527746.8563554,747.3147337436676,False
974,0,21,TargetPresentation,1765527747.931869,748.3902480602264,False
975,0,21,TargetDisplacement,1765527747.938872,748.3972523212433,True
976,0,21,RightResponse,1765527748.8481114,749.306489944458,False
977,0,22,FeedbackPeriodStarted,1765527748.8685665,749.3269467353821,False
978,0,22,startFixDisplay,1765527748.8687003,749.3270792961121,False
979,0,22,startFixPeriod,1765527749.1116211,749.5700013637543,False
980,0,22,TargetPresentation,1765527750.0136433,750.4720222949982,False
981,0,22,TargetDisplacement,1765527751.0127463,751.4711260795593,True
982,0,22,LeftResponse,1765527752.157732,752.6161096096039,False
983,0,23,FeedbackPeriodStarted,1765527752.1716053,752.6299829483032,False
984,0,23,startFixDisplay,1765527752.1716568,752.6300342082977,False
985,0,23,startFixPeriod,1765527752.4909174,752.9492979049683,False
986,0,23,TargetPresentation,1765527753.7885673,754.2469453811646,False
987,0,23,TargetRemoval,1765527753.9758303,754.4342105388641,True
988,0,23,TargetReappeared,1765527754.225711,754.6840913295746,False
989,0,23,LeftResponse,1765527754.8435006,755.3018794059753,False
990,0,24,FeedbackPeriodStarted,1765527754.8639069,755.3222873210907,False
991,0,24,startFixDisplay,1765527754.8640409,755.3224201202393,False
992,0,24,startFixPeriod,1765527755.0028021,755.4611823558807,False
993,0,24,TargetPresentation,1765527755.675846,756.1342265605927,False
994,0,24,TargetRemoval,1765527756.0575602,756.5159406661987,True
995,0,24,TargetReappeared,1765527756.3072867,756.7656672000885,False
996,0,24,RightResponse,1765527756.8904047,757.3487820625305,False
997,0,24,FeedbackPeriodStarted,1765527756.8971326,757.3555123806,False
998,0,25,startFixDisplay,1765527758.9023004,759.3606781959534,False
999,0,25,startFixPeriod,1765527759.1800656,759.638445854187,False
1000,0,25,TargetPresentation,1765527760.17936,760.6377401351929,False
1001,0,25,TargetDisplacement,1765527760.373526,760.8319039344788,True
1002,0,25,LeftResponse,1765527761.5257063,761.9840862751007,False
1003,0,26,FeedbackPeriodStarted,1765527761.5391726,761.9975502490997,False
1004,0,26,startFixDisplay,1765527761.539223,761.9976000785828,False
1005,0,26,startFixPeriod,1765527761.7128692,762.1712491512299,False
1006,0,26,TargetPresentation,1765527762.677369,763.1357491016388,False
1007,0,26,TargetDisplacement,1765527762.7605515,763.2189288139343,True
1008,0,26,LeftResponse,1765527763.8293746,764.2877521514893,False
1009,0,27,FeedbackPeriodStarted,1765527763.8431313,764.301512002945,False
1010,0,27,startFixDisplay,1765527763.8432689,764.301647901535,False
1011,0,27,startFixPeriod,1765527764.0720425,764.5304224491119,False
1012,0,27,TargetPresentation,1765527764.8285406,765.2869200706482,False
1013,0,27,TargetRemoval,1765527764.988076,765.446456193924,True
1014,0,27,TargetReappeared,1765527765.2378724,765.6962525844574,False
1015,0,27,LeftResponse,1765527765.9458027,766.4041810035706,False
1016,0,28,FeedbackPeriodStarted,1765527765.9663744,766.4247543811798,False
1017,0,28,startFixDisplay,1765527765.9665043,766.4248833656311,False
1018,0,28,startFixPeriod,1765527766.2648704,766.7232501506805,False
1019,0,28,TargetPresentation,1765527767.2224383,767.6808173656464,False
1020,0,28,TargetDisplacement,1765527767.4652288,767.9236061573029,True
1021,0,28,LeftResponse,1765527768.2635581,768.7219367027283,False
1022,0,29,FeedbackPeriodStarted,1765527768.28404,768.7424201965332,False
1023,0,29,startFixDisplay,1765527768.2841966,768.7425737380981,False
1024,0,29,startFixPeriod,1765527768.5894325,769.0478127002716,False
1025,0,29,TargetPresentation,1765527769.2278125,769.6861922740936,False
1026,0,29,TargetDisplacement,1765527769.4636917,769.9220714569092,True
1027,0,29,RightResponse,1765527770.8725762,771.3309545516968,False
1028,0,30,FeedbackPeriodStarted,1765527770.886056,771.3444330692291,False
1029,0,30,startFixDisplay,1765527770.8861022,771.3444793224335,False
1030,0,30,startFixPeriod,1765527771.0667367,771.5251166820526,False
1031,0,30,TargetPresentation,1765527771.843926,772.3023061752319,False
1032,0,30,TargetDisplacement,1765527772.072789,772.5311686992645,True
1033,0,30,RightResponse,1765527772.7949274,773.2533068656921,False
1034,0,30,FeedbackPeriodStarted,1765527772.8014054,773.2597856521606,False
1035,0,31,startFixDisplay,1765527774.8067546,775.2651345729828,False
1036,0,31,startFixPeriod,1765527775.0983288,775.556708574295,False
1037,0,31,TargetPresentation,1765527776.2849417,776.7433214187622,False
1038,0,31,TargetDisplacement,1765527776.4513361,776.9097158908844,True
1039,0,31,LeftResponse,1765527777.0899994,777.5483782291412,False
1040,0,32,FeedbackPeriodStarted,1765527777.103624,777.5620014667511,False
1041,0,32,startFixDisplay,1765527777.1036818,777.5620589256287,False
1042,0,32,startFixPeriod,1765527777.2978137,777.7561922073364,False
1043,0,32,TargetPresentation,1765527778.1584013,778.6167814731598,False
1044,0,32,TargetRemoval,1765527778.4636898,778.9220669269562,True
1045,0,32,TargetReappeared,1765527778.7134533,779.1718327999115,False
1046,0,32,RightResponse,1765527779.4356337,779.8940114974976,False
1047,0,33,FeedbackPeriodStarted,1765527779.4489548,779.9073345661163,False
1048,0,33,startFixDisplay,1765527779.4490812,779.9074599742889,False
1049,0,33,startFixPeriod,1765527779.6572807,780.115660905838,False
1050,0,33,TargetPresentation,1765527780.2192287,780.6776084899902,False
1051,0,33,TargetDisplacement,1765527780.385767,780.8441467285156,True
1052,0,33,RightResponse,1765527781.128684,781.5870630741119,False
1053,0,34,FeedbackPeriodStarted,1765527781.1489117,781.6072888374329,False
1054,0,34,startFixDisplay,1765527781.1489685,781.6073455810547,False
1055,0,34,startFixPeriod,1765527781.3086286,781.7670073509216,False
1056,0,34,TargetPresentation,1765527781.9471838,782.4055638313293,False
1057,0,34,TargetDisplacement,1765527782.3357635,782.7941434383392,True
1058,0,34,RightResponse,1765527782.8148727,783.273255109787,False
1059,0,35,FeedbackPeriodStarted,1765527782.8352149,783.2935945987701,False
1060,0,35,startFixDisplay,1765527782.8353436,783.2937223911285,False
1061,0,35,startFixPeriod,1765527783.043534,783.5019118785858,False
1062,0,35,TargetPresentation,1765527784.3550322,784.8134121894836,False
1063,0,35,TargetDisplacement,1765527784.5423856,785.0007655620575,True
1064,0,35,RightResponse,1765527785.2503388,785.7087161540985,False
1065,0,36,FeedbackPeriodStarted,1765527785.263907,785.722286939621,False
1066,0,36,startFixDisplay,1765527785.2640378,785.722416639328,False
1067,0,36,startFixPeriod,1765527785.5000076,785.9583876132965,False
1068,0,36,TargetPresentation,1765527786.2494266,786.7078068256378,False
1069,0,36,TargetDisplacement,1765527786.5060189,786.9643983840942,True
1070,0,36,RightResponse,1765527787.1100307,787.5684096813202,False
1071,0,36,FeedbackPeriodStarted,1765527787.1166725,787.5750498771667,False
1072,0,37,startFixDisplay,1765527789.1219697,789.5803468227386,False
1073,0,37,startFixPeriod,1765527789.4690118,789.9273908138275,False
1074,0,37,TargetPresentation,1765527790.9332926,791.3916726112366,False
1075,0,37,TargetRemoval,1765527791.0719984,791.5303790569305,True
1076,0,37,TargetReappeared,1765527791.3218873,791.780267238617,False
1077,0,37,RightResponse,1765527791.9257371,792.3841161727905,False
1078,0,38,FeedbackPeriodStarted,1765527791.9460914,792.4044690132141,False
1079,0,38,startFixDisplay,1765527791.9461393,792.4045164585114,False
1080,0,38,startFixPeriod,1765527792.1821895,792.6405694484711,False
1081,0,38,TargetPresentation,1765527793.2578177,793.7161967754364,False
1082,0,38,TargetRemoval,1765527793.2647676,793.7231476306915,True
1083,0,38,TargetReappeared,1765527793.514586,793.9729657173157,False
1084,0,38,LeftResponse,1765527794.271155,794.7295346260071,False
1085,0,39,FeedbackPeriodStarted,1765527794.2916684,794.7500510215759,False
1086,0,39,startFixDisplay,1765527794.2918103,794.7501890659332,False
1087,0,39,startFixPeriod,1765527794.4583266,794.9167063236237,False
1088,0,39,TargetPresentation,1765527795.450538,795.9089179039001,False
1089,0,39,TargetRemoval,1765527795.589264,796.0476434230804,True
1090,0,39,TargetReappeared,1765527795.8391988,796.2975785732269,False
1091,0,39,RightResponse,1765527796.4500358,796.9084148406982,False
1092,0,40,FeedbackPeriodStarted,1765527796.4704716,796.9288516044617,False
1093,0,40,startFixDisplay,1765527796.4706354,796.9290144443512,False
1094,0,40,startFixPeriod,1765527796.6927164,797.1510961055756,False
1095,0,40,TargetPresentation,1765527797.81672,798.2750985622406,False
1096,0,40,TargetDisplacement,1765527798.031821,798.4901983737946,True
1097,0,40,LeftResponse,1765527798.7469368,799.2053163051605,False
1098,0,41,FeedbackPeriodStarted,1765527798.7672937,799.2256731987,False
1099,0,41,startFixDisplay,1765527798.7674215,799.225800037384,False
1100,0,41,startFixPeriod,1765527798.9964967,799.4548764228821,False
1101,0,41,TargetPresentation,1765527799.5237467,799.9821240901947,False
1102,0,41,TargetDisplacement,1765527799.6486003,800.1069777011871,True
1103,0,41,RightResponse,1765527800.2874386,800.7458181381226,False
1104,0,42,FeedbackPeriodStarted,1765527800.3077793,800.7661592960358,False
1105,0,42,startFixDisplay,1765527800.3079672,800.7663464546204,False
1106,0,42,startFixPeriod,1765527800.5092018,800.9675817489624,False
1107,0,42,TargetPresentation,1765527801.126744,801.5851240158081,False
1108,0,42,TargetDisplacement,1765527801.3834174,801.8417971134186,True
1109,0,42,RightResponse,1765527802.223443,802.6818222999573,False
1110,0,42,FeedbackPeriodStarted,1765527802.229983,802.6883628368378,False
1111,0,43,startFixDisplay,1765527804.2352946,804.693674325943,False
1112,0,43,startFixPeriod,1765527804.5684588,805.0268385410309,False
1113,0,43,TargetPresentation,1765527805.859197,806.3175768852234,False
1114,0,43,TargetDisplacement,1765527806.0743103,806.5326905250549,True
1115,0,43,RightResponse,1765527806.7753372,807.2337148189545,False
1116,0,44,FeedbackPeriodStarted,1765527806.7887573,807.2471346855164,False
1117,0,44,startFixDisplay,1765527806.7888064,807.2471833229065,False
1118,0,44,startFixPeriod,1765527806.9832935,807.4416723251343,False
1119,0,44,TargetPresentation,1765527808.2531693,808.711549282074,False
1120,0,44,TargetRemoval,1765527808.4266343,808.885014295578,True
1121,0,44,TargetReappeared,1765527808.676415,809.1347947120667,False
1122,0,44,RightResponse,1765527809.2734857,809.7318651676178,False
1123,0,45,FeedbackPeriodStarted,1765527809.2873337,809.745710849762,False
1124,0,45,startFixDisplay,1765527809.2873814,809.7457582950592,False
1125,0,45,startFixPeriod,1765527809.6201649,810.0785448551178,False
1126,0,45,TargetPresentation,1765527811.049563,811.5079410076141,False
1127,0,45,TargetDisplacement,1765527811.2020826,811.660462141037,True
1128,0,45,LeftResponse,1765527811.8964953,812.3548748493195,False
1129,0,46,FeedbackPeriodStarted,1765527811.9168265,812.3752062320709,False
1130,0,46,startFixDisplay,1765527811.9169588,812.3753378391266,False
1131,0,46,startFixPeriod,1765527812.1112475,812.5696275234222,False
1132,0,46,TargetPresentation,1765527813.0202656,813.478645324707,False
1133,0,46,TargetRemoval,1765527813.1658652,813.6242444515228,True
1134,0,46,TargetReappeared,1765527813.4157825,813.8741624355316,False
1135,0,46,RightResponse,1765527813.8671262,814.32550573349,False
1136,0,47,FeedbackPeriodStarted,1765527813.887461,814.3458385467529,False
1137,0,47,startFixDisplay,1765527813.8875105,814.3458874225616,False
1138,0,47,startFixPeriod,1765527814.1166697,814.5750498771667,False
1139,0,47,TargetPresentation,1765527814.900767,815.3591470718384,False
1140,0,47,TargetRemoval,1765527815.0394714,815.4978513717651,True
1141,0,47,TargetReappeared,1765527815.2893338,815.7477135658264,False
1142,0,47,LeftResponse,1765527815.6989095,816.1572878360748,False
1143,0,48,FeedbackPeriodStarted,1765527815.719427,816.177806854248,False
1144,0,48,startFixDisplay,1765527815.7195828,816.1779615879059,False
1145,0,48,startFixPeriod,1765527816.1150188,816.5733985900879,False
1146,0,48,TargetPresentation,1765527816.684182,817.1425626277924,False
1147,0,48,TargetDisplacement,1765527816.9199367,817.3783166408539,True
1148,0,48,RightResponse,1765527817.9056525,818.364031791687,False
1149,0,48,FeedbackPeriodStarted,1765527817.9122066,818.3705863952637,False
1150,0,49,startFixDisplay,1765527819.917425,820.3758027553558,False
1151,0,49,startFixPeriod,1765527820.3548489,820.8132288455963,False
1152,0,49,TargetPresentation,1765527821.5830224,822.0414004325867,False
1153,0,49,TargetDisplacement,1765527821.7286391,822.187019109726,True
1154,0,49,RightResponse,1765527822.4784195,822.9367978572845,False
1155,0,50,FeedbackPeriodStarted,1765527822.4987543,822.9571316242218,False
1156,0,50,startFixDisplay,1765527822.4987912,822.9571678638458,False
1157,0,50,startFixPeriod,1765527822.7141747,823.172554731369,False
1158,0,50,TargetPresentation,1765527824.0811603,824.5395400524139,False
1159,0,50,TargetDisplacement,1765527824.2058852,824.6642625331879,True
1160,0,50,RightResponse,1765527825.510581,825.9689583778381,False
1161,0,51,FeedbackPeriodStarted,1765527825.5243042,825.9826812744141,False
1162,0,51,startFixDisplay,1765527825.5243523,825.9827291965485,False
1163,0,51,startFixPeriod,1765527825.7257023,826.1840822696686,False
1164,0,51,TargetPresentation,1765527827.1967764,827.6551563739777,False
1165,0,51,TargetDisplacement,1765527827.2037394,827.6621196269989,True
1166,0,51,RightResponse,1765527827.9254806,828.3838582038879,False
1167,0,52,FeedbackPeriodStarted,1765527827.946073,828.4044530391693,False
1168,0,52,startFixDisplay,1765527827.9462066,828.4045853614807,False
1169,0,52,startFixPeriod,1765527828.1820345,828.6404142379761,False
1170,0,52,TargetPresentation,1765527829.0911102,829.5494904518127,False
1171,0,52,TargetRemoval,1765527829.2297754,829.6881549358368,True
1172,0,52,TargetReappeared,1765527829.4796593,829.9380393028259,False
1173,0,52,RightResponse,1765527831.214632,831.6730093955994,False
1174,0,53,FeedbackPeriodStarted,1765527831.2285404,831.6869177818298,False
1175,0,53,startFixDisplay,1765527831.228589,831.6869661808014,False
1176,0,53,startFixPeriod,1765527831.443342,831.9017221927643,False
1177,0,53,TargetPresentation,1765527832.3039396,832.7623198032379,False
1178,0,53,TargetDisplacement,1765527832.421903,832.8802826404572,True
1179,0,53,RightResponse,1765527833.1784542,833.6368339061737,False
1180,0,54,FeedbackPeriodStarted,1765527833.1919389,833.6503186225891,False
1181,0,54,startFixDisplay,1765527833.1920662,833.650444984436,False
1182,0,54,startFixPeriod,1765527833.4833956,833.9417753219604,False
1183,0,54,TargetPresentation,1765527833.9900184,834.4483985900879,False
1184,0,54,TargetRemoval,1765527833.9969566,834.4553365707397,True
1185,0,54,TargetReappeared,1765527834.246716,834.7050955295563,False
1186,0,54,LeftResponse,1765527835.1075282,835.5659072399139,False
1187,0,54,FeedbackPeriodStarted,1765527835.1211832,835.5795636177063,False
1188,0,55,startFixDisplay,1765527837.1263883,837.5847682952881,False
1189,0,55,startFixPeriod,1765527837.2098143,837.6681942939758,False
1190,0,55,TargetPresentation,1765527837.7927208,838.2511007785797,False
1191,0,55,TargetRemoval,1765527837.945306,838.4036855697632,True
1192,0,55,TargetReappeared,1765527838.1951613,838.6535410881042,False
1193,0,55,RightResponse,1765527839.1250212,839.5833995342255,False
1194,0,56,FeedbackPeriodStarted,1765527839.145702,839.6040818691254,False
1195,0,56,startFixDisplay,1765527839.1458335,839.6042122840881,False
1196,0,56,startFixPeriod,1765527839.6384645,840.0968444347382,False
1197,0,56,TargetPresentation,1765527840.8249724,841.2833518981934,False
1198,0,56,TargetDisplacement,1765527841.0123591,841.470739364624,True
1199,0,56,RightResponse,1765527841.65783,842.1162068843842,False
1200,0,57,FeedbackPeriodStarted,1765527841.6713648,842.1297421455383,False
1201,0,57,startFixDisplay,1765527841.671413,842.1297898292542,False
1202,0,57,startFixPeriod,1765527841.8729022,842.3312821388245,False
1203,0,57,TargetPresentation,1765527842.4001622,842.8585422039032,False
1204,0,57,TargetRemoval,1765527842.6152222,843.0736021995544,True
1205,0,57,TargetReappeared,1765527842.8651235,843.3235034942627,False
1206,0,57,RightResponse,1765527843.5940785,844.0524578094482,False
1207,0,58,FeedbackPeriodStarted,1765527843.6143048,844.0726821422577,False
1208,0,58,startFixDisplay,1765527843.6143634,844.0727407932281,False
1209,0,58,startFixPeriod,1765527844.1349325,844.5933110713959,False
1210,0,58,TargetPresentation,1765527845.0439317,845.5023097991943,False
1211,0,58,TargetDisplacement,1765527845.0509825,845.5093622207642,True
1212,0,58,LeftResponse,1765527846.133548,846.5919253826141,False
1213,0,59,FeedbackPeriodStarted,1765527846.1470637,846.6054410934448,False
1214,0,59,startFixDisplay,1765527846.1471107,846.6054875850677,False
1215,0,59,startFixPeriod,1765527846.3554459,846.8138258457184,False
1216,0,59,TargetPresentation,1765527847.1951118,847.6534914970398,False
1217,0,59,TargetDisplacement,1765527847.340694,847.7990713119507,True
1218,0,59,RightResponse,1765527848.3057632,848.7641434669495,False
1219,0,60,FeedbackPeriodStarted,1765527848.3260348,848.7844142913818,False
1220,0,60,startFixDisplay,1765527848.3261793,848.7845587730408,False
1221,0,60,startFixPeriod,1765527848.60377,849.0621497631073,False
1222,0,60,TargetPresentation,1765527849.2767525,849.7351305484772,False
1223,0,60,TargetRemoval,1765527849.4016898,849.8600697517395,True
1224,0,60,TargetReappeared,1765527849.6515586,850.109938621521,False
1225,0,60,LeftResponse,1765527850.456782,850.9151616096497,False
1226,0,60,FeedbackPeriodStarted,1765527850.463404,850.921781539917,False
1227,0,61,startFixDisplay,1765527852.4756567,852.9340372085571,False
1228,0,61,startFixPeriod,1765527852.5035353,852.9619166851044,False
1229,0,61,TargetPresentation,1765527853.634597,854.0929770469666,False
1230,0,61,TargetDisplacement,1765527853.8078828,854.2662601470947,True
1231,0,61,RightResponse,1765527854.529971,854.9883506298065,False
1232,0,62,FeedbackPeriodStarted,1765527854.5504022,855.008781671524,False
1233,0,62,startFixDisplay,1765527854.5505536,855.0089328289032,False
1234,0,62,startFixPeriod,1765527854.7587314,855.2171111106873,False
1235,0,62,TargetPresentation,1765527856.0146747,856.4730546474457,False
1236,0,62,TargetDisplacement,1765527856.021528,856.4799056053162,True
1237,0,62,LeftResponse,1765527857.1181407,857.5765202045441,False
1238,0,63,FeedbackPeriodStarted,1765527857.1385324,857.5969095230103,False
1239,0,63,startFixDisplay,1765527857.1386278,857.5970051288605,False
1240,0,63,startFixPeriod,1765527857.6037161,858.062096118927,False
1241,0,63,TargetPresentation,1765527858.7902837,859.2486634254456,False
1242,0,63,TargetDisplacement,1765527859.0330253,859.491405248642,True
1243,0,63,RightResponse,1765527859.720397,860.1787765026093,False
1244,0,64,FeedbackPeriodStarted,1765527859.733728,860.1921052932739,False
1245,0,64,startFixDisplay,1765527859.7337754,860.192152261734,False
1246,0,64,startFixPeriod,1765527859.9629004,860.4212782382965,False
1247,0,64,TargetPresentation,1765527861.3924417,861.8508219718933,False
1248,0,64,TargetDisplacement,1765527861.544962,862.0033419132233,True
1249,0,64,RightResponse,1765527862.5029588,862.9613382816315,False
1250,0,65,FeedbackPeriodStarted,1765527862.5233452,862.9817247390747,False
1251,0,65,startFixDisplay,1765527862.5234742,862.9818530082703,False
1252,0,65,startFixPeriod,1765527862.7524793,863.2108590602875,False
1253,0,65,TargetPresentation,1765527863.536668,863.9950480461121,False
1254,0,65,TargetRemoval,1765527863.7029605,864.161337852478,True
1255,0,65,TargetReappeared,1765527863.9529822,864.411360502243,False
1256,0,65,LeftResponse,1765527864.8066814,865.2650601863861,False
1257,0,65,FeedbackPeriodStarted,1765527864.8411036,865.2994832992554,False
1258,1,66,startFixDisplay,1765527952.099716,952.558096408844,False
1259,1,66,startFixPeriod,1765527952.1066215,952.5650017261505,False
1260,1,66,TargetPresentation,1765527952.9117966,953.3701767921448,False
1261,1,66,TargetDisplacement,1765527953.0919986,953.5503783226013,True
1262,1,66,RightResponse,1765527953.4878783,953.9462583065033,False
1263,1,67,FeedbackPeriodStarted,1765527953.5082805,953.9666607379913,False
1264,1,67,startFixDisplay,1765527953.5084248,953.9668035507202,False
1265,1,67,startFixPeriod,1765527953.744329,954.2027094364166,False
1266,1,67,TargetPresentation,1765527955.0418835,955.5002613067627,False
1267,1,67,TargetDisplacement,1765527955.256954,955.7153313159943,True
1268,1,67,RightResponse,1765527955.9164035,956.3747808933258,False
1269,1,68,FeedbackPeriodStarted,1765527955.9368637,956.3952414989471,False
1270,1,68,startFixDisplay,1765527955.936933,956.3953101634979,False
1271,1,68,startFixPeriod,1765527956.1383526,956.5967330932617,False
1272,1,68,TargetPresentation,1765527956.7004616,957.158842086792,False
1273,1,68,TargetDisplacement,1765527956.8875842,957.3459615707397,True
1274,1,68,RightResponse,1765527957.575407,958.0337851047516,False
1275,1,69,FeedbackPeriodStarted,1765527957.595381,958.053760766983,False
1276,1,69,startFixDisplay,1765527957.5955694,958.0539484024048,False
1277,1,69,startFixPeriod,1765527957.8662403,958.3246188163757,False
1278,1,69,TargetPresentation,1765527959.1915524,959.6499330997467,False
1279,1,69,TargetDisplacement,1765527959.3648493,959.8232271671295,True
1280,1,69,LeftResponse,1765527960.4824882,960.9408679008484,False
1281,1,70,FeedbackPeriodStarted,1765527960.5028455,960.961225271225,False
1282,1,70,startFixDisplay,1765527960.5029924,960.9613695144653,False
1283,1,70,startFixPeriod,1765527960.6834671,961.1418476104736,False
1284,1,70,TargetPresentation,1765527961.9740305,962.4324088096619,False
1285,1,70,TargetDisplacement,1765527962.1335087,962.5918991565704,True
1286,1,70,RightResponse,1765527962.813787,963.2721655368805,False
1287,1,71,FeedbackPeriodStarted,1765527962.8342707,963.2926483154297,False
1288,1,71,startFixDisplay,1765527962.8343356,963.2927124500275,False
1289,1,71,startFixPeriod,1765527963.0635831,963.5219638347626,False
1290,1,71,TargetPresentation,1765527963.9241147,964.382495880127,False
1291,1,71,TargetRemoval,1765527964.0695734,964.5279536247253,True
1292,1,71,TargetReappeared,1765527964.3194838,964.7778642177582,False
1293,1,71,LeftResponse,1765527965.256468,965.7148475646973,False
1294,1,72,FeedbackPeriodStarted,1765527965.2769096,965.7352871894836,False
1295,1,72,startFixDisplay,1765527965.276975,965.7353518009186,False
1296,1,72,startFixPeriod,1765527965.4922109,965.9505894184113,False
1297,1,72,TargetPresentation,1765527966.7203507,967.1787288188934,False
1298,1,72,TargetDisplacement,1765527966.9563015,967.4146816730499,True
1299,1,72,RightResponse,1765527967.6157386,968.0741167068481,False
1300,1,72,FeedbackPeriodStarted,1765527967.6226304,968.0810124874115,False
1301,1,73,startFixDisplay,1765527969.6275942,970.085972070694,False
1302,1,73,startFixPeriod,1765527969.9193866,970.377765417099,False
1303,1,73,TargetPresentation,1765527970.9184349,971.3768153190613,False
1304,1,73,TargetRemoval,1765527971.0918612,971.5502388477325,True
1305,1,73,TargetReappeared,1765527971.3418388,971.8002190589905,False
1306,1,73,RightResponse,1765527971.9664402,972.4248192310333,False
1307,1,74,FeedbackPeriodStarted,1765527971.986984,972.4453616142273,False
1308,1,74,startFixDisplay,1765527971.987049,972.4454262256622,False
1309,1,74,startFixPeriod,1765527972.1883974,972.6467778682709,False
1310,1,74,TargetPresentation,1765527972.9654968,973.4238789081573,False
1311,1,74,TargetRemoval,1765527973.2221951,973.6805725097656,True
1312,1,74,TargetReappeared,1765527973.471999,973.930379152298,False
1313,1,74,RightResponse,1765527974.0482326,974.5066111087799,False
1314,1,75,FeedbackPeriodStarted,1765527974.0687144,974.5270948410034,False
1315,1,75,startFixDisplay,1765527974.0688546,974.5272336006165,False
1316,1,75,startFixPeriod,1765527974.3811955,974.8395743370056,False
1317,1,75,TargetPresentation,1765527974.9223435,975.3807213306427,False
1318,1,75,TargetDisplacement,1765527975.1235013,975.5818808078766,True
1319,1,75,LeftResponse,1765527975.769249,976.2276287078857,False
1320,1,76,FeedbackPeriodStarted,1765527975.7895012,976.2478790283203,False
1321,1,76,startFixDisplay,1765527975.789584,976.2479610443115,False
1322,1,76,startFixPeriod,1765527975.9840565,976.4424364566803,False
1323,1,76,TargetPresentation,1765527977.448059,977.9064376354218,False
1324,1,76,TargetDisplacement,1765527977.6422727,978.1006510257721,True
1325,1,76,RightResponse,1765527978.3713653,978.8297433853149,False
1326,1,77,FeedbackPeriodStarted,1765527978.3917284,978.8501081466675,False
1327,1,77,startFixDisplay,1765527978.391869,978.8502480983734,False
1328,1,77,startFixPeriod,1765527978.5723126,979.0306930541992,False
1329,1,77,TargetPresentation,1765527979.1691701,979.6275508403778,False
1330,1,77,TargetRemoval,1765527979.3563879,979.8147675991058,True
1331,1,77,TargetReappeared,1765527979.6063104,980.0646896362305,False
1332,1,77,LeftResponse,1765527980.1754923,980.6338713169098,False
1333,1,78,FeedbackPeriodStarted,1765527980.1959863,980.6543664932251,False
1334,1,78,startFixDisplay,1765527980.1961365,980.6545152664185,False
1335,1,78,startFixPeriod,1765527980.4875994,980.9459798336029,False
1336,1,78,TargetPresentation,1765527981.736477,982.1948571205139,False
1337,1,78,TargetRemoval,1765527981.889016,982.3473954200745,True
1338,1,78,TargetReappeared,1765527982.1389885,982.5973689556122,False
1339,1,78,LeftResponse,1765527982.6943183,983.1526970863342,False
1340,1,78,FeedbackPeriodStarted,1765527982.7079225,983.1663002967834,False
1341,1,79,startFixDisplay,1765527984.71322,985.1715972423553,False
1342,1,79,startFixPeriod,1765527985.0256205,985.4840004444122,False
1343,1,79,TargetPresentation,1765527985.5738933,986.0322713851929,False
1344,1,79,TargetDisplacement,1765527985.7748892,986.2332689762115,True
1345,1,79,RightResponse,1765527987.0243068,987.4826850891113,False
1346,1,80,FeedbackPeriodStarted,1765527987.0447958,987.5031759738922,False
1347,1,80,startFixDisplay,1765527987.0448895,987.5032663345337,False
1348,1,80,startFixPeriod,1765527987.2114537,987.66983294487,False
1349,1,80,TargetPresentation,1765527988.10665,988.5650305747986,False
1350,1,80,TargetDisplacement,1765527989.6815567,990.1399366855621,True
1351,1,80,RightResponse,1765527991.2776887,991.7360665798187,False
1352,1,81,FeedbackPeriodStarted,1765527991.2984314,991.7568092346191,False
1353,1,81,startFixDisplay,1765527991.2985,991.7568771839142,False
1354,1,81,startFixPeriod,1765527991.499884,991.9582617282867,False
1355,1,81,TargetPresentation,1765527992.6309006,993.0892791748047,False
1356,1,81,TargetRemoval,1765527992.8943324,993.3527097702026,True
1357,1,81,TargetReappeared,1765527993.1442418,993.6026203632355,False
1358,1,81,RightResponse,1765527994.1299734,994.588351726532,False
1359,1,82,FeedbackPeriodStarted,1765527994.1502209,994.6085984706879,False
1360,1,82,startFixDisplay,1765527994.150285,994.6086621284485,False
1361,1,82,startFixPeriod,1765527994.36551,994.823911190033,False
1362,1,82,TargetPresentation,1765527995.0317268,995.4901072978973,False
1363,1,82,TargetDisplacement,1765527995.7393668,996.1977441310883,True
1364,1,82,LeftResponse,1765527996.4822676,996.9406461715698,False
1365,1,83,FeedbackPeriodStarted,1765527996.5027134,996.9610934257507,False
1366,1,83,startFixDisplay,1765527996.5028472,996.9612259864807,False
1367,1,83,startFixPeriod,1765527996.6970823,997.1554629802704,False
1368,1,83,TargetPresentation,1765527997.4812596,997.939640045166,False
1369,1,83,TargetRemoval,1765527997.6892326,998.1476125717163,True
1370,1,83,TargetReappeared,1765527997.9391692,998.3975496292114,False
1371,1,83,RightResponse,1765527998.5291657,998.9875435829163,False
1372,1,84,FeedbackPeriodStarted,1765527998.5566986,999.015079498291,False
1373,1,84,startFixDisplay,1765527998.556847,999.0152258872986,False
1374,1,84,startFixPeriod,1765527998.7995586,999.2579367160797,False
1375,1,84,TargetPresentation,1765527999.3061688,999.7645492553711,False
1376,1,84,TargetDisplacement,1765527999.5142174,999.972597360611,True
1377,1,84,LeftResponse,1765528000.486068,1000.9444479942322,False
1378,1,84,FeedbackPeriodStarted,1765528000.4996147,1000.9579949378967,False
1379,1,85,startFixDisplay,1765528002.5048347,1002.963211774826,False
1380,1,85,startFixPeriod,1765528002.7966213,1003.255001783371,False
1381,1,85,TargetPresentation,1765528003.4002905,1003.8586704730988,False
1382,1,85,TargetRemoval,1765528003.552864,1004.0112445354462,True
1383,1,85,TargetReappeared,1765528003.8028057,1004.2611861228943,False
1384,1,85,LeftResponse,1765528004.406645,1004.8650243282318,False
1385,1,86,FeedbackPeriodStarted,1765528004.4269638,1004.8853418827057,False
1386,1,86,startFixDisplay,1765528004.4270265,1004.8854036331177,False
1387,1,86,startFixPeriod,1765528004.579898,1005.0382776260376,False
1388,1,86,TargetPresentation,1765528005.5028517,1005.9612321853638,False
1389,1,86,TargetDisplacement,1765528005.6553462,1006.1137256622314,True
1390,1,86,RightResponse,1765528006.9464555,1007.4048340320587,False
1391,1,87,FeedbackPeriodStarted,1765528006.9666708,1007.4250485897064,False
1392,1,87,startFixDisplay,1765528006.96679,1007.4251673221588,False
1393,1,87,startFixPeriod,1765528007.1959586,1007.6543385982513,False
1394,1,87,TargetPresentation,1765528007.945338,1008.4037184715271,False
1395,1,87,TargetDisplacement,1765528008.1255972,1008.583976984024,True
1396,1,87,RightResponse,1765528008.8058016,1009.2641801834106,False
1397,1,88,FeedbackPeriodStarted,1765528008.8263721,1009.284749507904,False
1398,1,88,startFixDisplay,1765528008.8264375,1009.2848145961761,False
1399,1,88,startFixPeriod,1765528009.000154,1009.4585344791412,False
1400,1,88,TargetPresentation,1765528009.749608,1010.2079889774323,False
1401,1,88,TargetRemoval,1765528010.2629662,1010.7213459014893,True
1402,1,88,TargetReappeared,1765528010.512939,1010.9713199138641,False
1403,1,88,RightResponse,1765528011.449679,1011.9080572128296,False
1404,1,89,FeedbackPeriodStarted,1765528011.4702091,1011.9285893440247,False
1405,1,89,startFixDisplay,1765528011.4703493,1011.9287281036377,False
1406,1,89,startFixPeriod,1765528011.6925573,1012.1509380340576,False
1407,1,89,TargetPresentation,1765528012.8720684,1013.3304486274719,False
1408,1,89,TargetRemoval,1765528013.080032,1013.5384092330933,True
1409,1,89,TargetReappeared,1765528013.3300848,1013.7884650230408,False
1410,1,89,LeftResponse,1765528014.5239773,1014.9823570251465,False
1411,1,90,FeedbackPeriodStarted,1765528014.5512104,1015.0095906257629,False
1412,1,90,startFixDisplay,1765528014.551356,1015.0097351074219,False
1413,1,90,startFixPeriod,1765528014.8012614,1015.2596430778503,False
1414,1,90,TargetPresentation,1765528015.814268,1016.272646188736,False
1415,1,90,TargetRemoval,1765528015.9876037,1016.4459834098816,True
1416,1,90,TargetReappeared,1765528016.2374978,1016.695876121521,False
1417,1,90,RightResponse,1765528016.883139,1017.341516494751,False
1418,1,90,FeedbackPeriodStarted,1765528016.8897576,1017.3481385707855,False
1419,1,91,startFixDisplay,1765528018.9019482,1019.3603279590607,False
1420,1,91,startFixPeriod,1765528019.228322,1019.6867017745972,False
1421,1,91,TargetPresentation,1765528020.4009771,1020.8593549728394,False
1422,1,91,TargetDisplacement,1765528020.5673773,1021.0257573127747,True
1423,1,91,RightResponse,1765528021.4074485,1021.8658273220062,False
1424,1,92,FeedbackPeriodStarted,1765528021.4277601,1021.8861403465271,False
1425,1,92,startFixDisplay,1765528021.4278955,1021.88627409935,False
1426,1,92,startFixPeriod,1765528021.6153226,1022.0737020969391,False
1427,1,92,TargetPresentation,1765528022.3924565,1022.8508367538452,False
1428,1,92,TargetDisplacement,1765528022.5796046,1023.0379843711853,True
1429,1,92,RightResponse,1765528023.586335,1024.0447146892548,False
1430,1,93,FeedbackPeriodStarted,1765528023.6066558,1024.065036058426,False
1431,1,93,startFixDisplay,1765528023.6068,1024.0651788711548,False
1432,1,93,startFixPeriod,1765528023.808067,1024.266447544098,False
1433,1,93,TargetPresentation,1765528024.6755056,1025.1338863372803,False
1434,1,93,TargetDisplacement,1765528024.8280118,1025.286391735077,True
1435,1,93,RightResponse,1765528025.7860188,1026.2443985939026,False
1436,1,94,FeedbackPeriodStarted,1765528025.813271,1026.2716517448425,False
1437,1,94,startFixDisplay,1765528025.8133671,1026.2717440128326,False
1438,1,94,startFixPeriod,1765528025.9868948,1026.4452755451202,False
1439,1,94,TargetPresentation,1765528026.993068,1027.4514484405518,False
1440,1,94,TargetRemoval,1765528027.0000408,1027.4584212303162,True
1441,1,94,TargetReappeared,1765528027.2496922,1027.7080721855164,False
1442,1,94,RightResponse,1765528027.874486,1028.3328657150269,False
1443,1,95,FeedbackPeriodStarted,1765528027.9018238,1028.3602015972137,False
1444,1,95,startFixDisplay,1765528027.9018967,1028.3602738380432,False
1445,1,95,startFixPeriod,1765528028.3878589,1028.846239566803,False
1446,1,95,TargetPresentation,1765528029.0331335,1029.491513967514,False
1447,1,95,TargetDisplacement,1765528029.220276,1029.6786534786224,True
1448,1,95,LeftResponse,1765528029.9214811,1030.3798599243164,False
1449,1,96,FeedbackPeriodStarted,1765528029.9418778,1030.4002556800842,False
1450,1,96,startFixDisplay,1765528029.941941,1030.400318145752,False
1451,1,96,startFixPeriod,1765528030.157378,1030.6157579421997,False
1452,1,96,TargetPresentation,1765528031.4965796,1031.954960823059,False
1453,1,96,TargetDisplacement,1765528031.6352682,1032.0936484336853,True
1454,1,96,LeftResponse,1765528032.6486866,1033.107064962387,False
1455,1,96,FeedbackPeriodStarted,1765528032.6553264,1033.1137068271637,False
1456,1,97,startFixDisplay,1765528034.6674592,1035.1258368492126,False
1457,1,97,startFixPeriod,1765528034.9313686,1035.3897488117218,False
1458,1,97,TargetPresentation,1765528036.152659,1036.6110394001007,False
1459,1,97,TargetDisplacement,1765528036.29119,1036.7495696544647,True
1460,1,97,RightResponse,1765528037.1103659,1037.5687448978424,False
1461,1,98,FeedbackPeriodStarted,1765528037.1307614,1037.5891392230988,False
1462,1,98,startFixDisplay,1765528037.1308293,1037.5892062187195,False
1463,1,98,startFixPeriod,1765528037.3253481,1037.7837283611298,False
1464,1,98,TargetPresentation,1765528038.484288,1038.942666053772,False
1465,1,98,TargetRemoval,1765528038.6365538,1039.0949311256409,True
1466,1,98,TargetReappeared,1765528038.8865237,1039.344901561737,False
1467,1,98,LeftResponse,1765528039.5668185,1040.0251977443695,False
1468,1,99,FeedbackPeriodStarted,1765528039.5876153,1040.0459954738617,False
1469,1,99,startFixDisplay,1765528039.5878122,1040.046193599701,False
1470,1,99,startFixPeriod,1765528039.8511264,1040.3095047473907,False
1471,1,99,TargetPresentation,1765528041.0655441,1041.5239231586456,False
1472,1,99,TargetDisplacement,1765528041.655125,1042.1135048866272,True
1473,1,99,RightResponse,1765528042.8420427,1043.3004224300385,False
1474,1,100,FeedbackPeriodStarted,1765528042.8625975,1043.32097530365,False
1475,1,100,startFixDisplay,1765528042.862668,1043.321044921875,False
1476,1,100,startFixPeriod,1765528043.0707936,1043.529171705246,False
1477,1,100,TargetPresentation,1765528044.0909796,1044.5493602752686,False
1478,1,100,TargetDisplacement,1765528044.3613257,1044.8197033405304,True
1479,1,100,RightResponse,1765528045.7358108,1046.1941905021667,False
1480,1,101,FeedbackPeriodStarted,1765528045.756122,1046.2145023345947,False
1481,1,101,startFixDisplay,1765528045.7562528,1046.2146315574646,False
1482,1,101,startFixPeriod,1765528045.9159458,1046.3743262290955,False
1483,1,101,TargetPresentation,1765528047.4077425,1047.8661217689514,False
1484,1,101,TargetDisplacement,1765528047.5672596,1048.0256395339966,True
1485,1,101,LeftResponse,1765528048.3240566,1048.7824363708496,False
1486,1,102,FeedbackPeriodStarted,1765528048.3443973,1048.8027772903442,False
1487,1,102,startFixDisplay,1765528048.344546,1048.8029251098633,False
1488,1,102,startFixPeriod,1765528048.566696,1049.025075674057,False
1489,1,102,TargetPresentation,1765528049.9752362,1050.433614730835,False
1490,1,102,TargetDisplacement,1765528050.1207821,1050.5791618824005,True
1491,1,102,RightResponse,1765528050.7873902,1051.2457687854767,False
1492,1,102,FeedbackPeriodStarted,1765528050.794065,1051.2524428367615,False
1493,1,103,startFixDisplay,1765528052.8061464,1053.2645263671875,False
1494,1,103,startFixPeriod,1765528053.1533885,1053.611768245697,False
1495,1,103,TargetPresentation,1765528053.7847373,1054.2431163787842,False
1496,1,103,TargetRemoval,1765528053.951147,1054.4095242023468,True
1497,1,103,TargetReappeared,1765528054.2011757,1054.6595561504364,False
1498,1,103,RightResponse,1765528054.8121066,1055.2704863548279,False
1499,1,104,FeedbackPeriodStarted,1765528054.8393626,1055.2977426052094,False
1500,1,104,startFixDisplay,1765528054.8395042,1055.297883272171,False
1501,1,104,startFixPeriod,1765528055.047744,1055.50612449646,False
1502,1,104,TargetPresentation,1765528056.0885115,1056.5469100475311,False
1503,1,104,TargetDisplacement,1765528056.2548594,1056.7132394313812,True
1504,1,104,LeftResponse,1765528056.893802,1057.3521811962128,False
1505,1,105,FeedbackPeriodStarted,1765528056.920986,1057.3793637752533,False
1506,1,105,startFixDisplay,1765528056.9210541,1057.3794312477112,False
1507,1,105,startFixPeriod,1765528057.0670102,1057.5253903865814,False
1508,1,105,TargetPresentation,1765528057.8996825,1058.3580610752106,False
1509,1,105,TargetDisplacement,1765528058.4961486,1058.9545278549194,True
1510,1,105,RightResponse,1765528058.8505788,1059.3089573383331,False
1511,1,106,FeedbackPeriodStarted,1765528058.8709354,1059.329315662384,False
1512,1,106,startFixDisplay,1765528058.8710783,1059.3294568061829,False
1513,1,106,startFixPeriod,1765528059.086176,1059.5445561408997,False
1514,1,106,TargetPresentation,1765528059.648235,1060.1066133975983,False
1515,1,106,TargetRemoval,1765528059.8355436,1060.2939212322235,True
1516,1,106,TargetReappeared,1765528060.0854118,1060.5437924861908,False
1517,1,106,LeftResponse,1765528060.9046104,1061.362990140915,False
1518,1,107,FeedbackPeriodStarted,1765528060.9317145,1061.3900921344757,False
1519,1,107,startFixDisplay,1765528060.931777,1061.3901538848877,False
1520,1,107,startFixPeriod,1765528061.5079267,1061.9663071632385,False
1521,1,107,TargetPresentation,1765528062.097666,1062.5560438632965,False
1522,1,107,TargetRemoval,1765528062.2850208,1062.743400812149,True
1523,1,107,TargetReappeared,1765528062.5348535,1062.9932341575623,False
1524,1,107,RightResponse,1765528063.0139368,1063.4723167419434,False
1525,1,108,FeedbackPeriodStarted,1765528063.0412037,1063.4995815753937,False
1526,1,108,startFixDisplay,1765528063.0412672,1063.4996440410614,False
1527,1,108,startFixPeriod,1765528063.3327968,1063.7911751270294,False
1528,1,108,TargetPresentation,1765528064.8107738,1065.2691540718079,False
1529,1,108,TargetDisplacement,1765528064.9633915,1065.4217715263367,True
1530,1,108,RightResponse,1765528065.7201014,1066.1784813404083,False
1531,1,108,FeedbackPeriodStarted,1765528065.7266943,1066.1850740909576,False
1532,1,109,startFixDisplay,1765528067.732414,1068.1907913684845,False
1533,1,109,startFixPeriod,1765528068.0514455,1068.5098259449005,False
1534,1,109,TargetPresentation,1765528068.8841784,1069.3425588607788,False
1535,1,109,TargetDisplacement,1765528069.0366664,1069.4950437545776,True
1536,1,109,RightResponse,1765528070.1473982,1070.6057772636414,False
1537,1,110,FeedbackPeriodStarted,1765528070.167628,1070.6260056495667,False
1538,1,110,startFixDisplay,1765528070.1676943,1070.6260714530945,False
1539,1,110,startFixPeriod,1765528070.3899136,1070.8482928276062,False
1540,1,110,TargetPresentation,1765528071.0422337,1071.5006136894226,False
1541,1,110,TargetRemoval,1765528071.3334126,1071.791790008545,True
1542,1,110,TargetReappeared,1765528071.5834272,1072.0418074131012,False
1543,1,110,LeftResponse,1765528072.3258696,1072.7842471599579,False
1544,1,111,FeedbackPeriodStarted,1765528072.3465562,1072.8049337863922,False
1545,1,111,startFixDisplay,1765528072.3466268,1072.805003643036,False
1546,1,111,startFixPeriod,1765528072.5132866,1072.971667289734,False
1547,1,111,TargetPresentation,1765528073.5956326,1074.0540118217468,False
1548,1,111,TargetRemoval,1765528073.796972,1074.2553520202637,True
1549,1,111,TargetReappeared,1765528074.046853,1074.5052332878113,False
1550,1,111,RightResponse,1765528074.7131858,1075.171565771103,False
1551,1,112,FeedbackPeriodStarted,1765528074.7405357,1075.1989159584045,False
1552,1,112,startFixDisplay,1765528074.7406735,1075.1990523338318,False
1553,1,112,startFixPeriod,1765528074.9626732,1075.421052455902,False
1554,1,112,TargetPresentation,1765528076.3089674,1076.7673478126526,False
1555,1,112,TargetDisplacement,1765528076.4961696,1076.954549074173,True
1556,1,112,LeftResponse,1765528077.22523,1077.683610200882,False
1557,1,113,FeedbackPeriodStarted,1765528077.2454817,1077.7038593292236,False
1558,1,113,startFixDisplay,1765528077.2455683,1077.7039453983307,False
1559,1,113,startFixPeriod,1765528077.4678736,1077.926254272461,False
1560,1,113,TargetPresentation,1765528078.5156546,1078.974033355713,False
1561,1,113,TargetRemoval,1765528078.6680887,1079.1264679431915,True
1562,1,113,TargetReappeared,1765528078.9180462,1079.3764266967773,False
1563,1,113,LeftResponse,1765528079.6400115,1080.0983912944794,False
1564,1,114,FeedbackPeriodStarted,1765528079.667286,1080.1256659030914,False
1565,1,114,startFixDisplay,1765528079.6674194,1080.1257982254028,False
1566,1,114,startFixPeriod,1765528079.9104433,1080.368824005127,False
1567,1,114,TargetPresentation,1765528080.7013628,1081.159743309021,False
1568,1,114,TargetDisplacement,1765528080.992626,1081.4510056972504,True
1569,1,114,LeftResponse,1765528081.6314232,1082.0898027420044,False
1570,1,114,FeedbackPeriodStarted,1765528081.6380231,1082.0964033603668,False
1571,1,115,startFixDisplay,1765528083.6433294,1084.1017093658447,False
1572,1,115,startFixPeriod,1765528083.650232,1084.1086115837097,False
1573,1,115,TargetPresentation,1765528084.4553537,1084.9137318134308,False
1574,1,115,TargetDisplacement,1765528084.6564052,1085.1147825717926,True
1575,1,115,RightResponse,1765528085.3855073,1085.8438863754272,False
1576,1,116,FeedbackPeriodStarted,1765528085.4128644,1085.8712453842163,False
1577,1,116,startFixDisplay,1765528085.4130113,1085.8713898658752,False
1578,1,116,startFixPeriod,1765528085.648895,1086.1072754859924,False
1579,1,116,TargetPresentation,1765528086.2179546,1086.6763339042664,False
1580,1,116,TargetDisplacement,1765528086.3634014,1086.8217787742615,True
1581,1,116,LeftResponse,1765528087.1757085,1087.6340873241425,False
1582,1,117,FeedbackPeriodStarted,1765528087.2030952,1087.6614751815796,False
1583,1,117,startFixDisplay,1765528087.203237,1087.6616158485413,False
1584,1,117,startFixPeriod,1765528087.3836925,1087.8420724868774,False
1585,1,117,TargetPresentation,1765528088.486933,1088.9453132152557,False
1586,1,117,TargetRemoval,1765528089.0489206,1089.507300376892,True
1587,1,117,TargetReappeared,1765528089.298854,1089.7572343349457,False
1588,1,117,LeftResponse,1765528090.013944,1090.472323179245,False
1589,1,118,FeedbackPeriodStarted,1765528090.041074,1090.499451637268,False
1590,1,118,startFixDisplay,1765528090.0411375,1090.4995143413544,False
1591,1,118,startFixPeriod,1765528090.2494812,1090.7078595161438,False
1592,1,118,TargetPresentation,1765528090.7628946,1091.221274614334,False
1593,1,118,TargetDisplacement,1765528090.9849741,1091.4433541297913,True
1594,1,118,RightResponse,1765528091.9497435,1092.4081211090088,False
1595,1,119,FeedbackPeriodStarted,1765528091.9702084,1092.4285883903503,False
1596,1,119,startFixDisplay,1765528091.9703507,1092.4287295341492,False
1597,1,119,startFixPeriod,1765528092.2133067,1092.6716873645782,False
1598,1,119,TargetPresentation,1765528093.6011295,1094.059510231018,False
1599,1,119,TargetDisplacement,1765528093.7606277,1094.219007730484,True
1600,1,119,LeftResponse,1765528094.4964936,1094.954873085022,False
1601,1,120,FeedbackPeriodStarted,1765528094.5168262,1094.975205898285,False
1602,1,120,startFixDisplay,1765528094.5169656,1094.9753444194794,False
1603,1,120,startFixPeriod,1765528094.975023,1095.4334034919739,False
1604,1,120,TargetPresentation,1765528095.8563235,1096.3147039413452,False
1605,1,120,TargetDisplacement,1765528096.32111,1096.7794902324677,True
1606,1,120,LeftResponse,1765528096.6407256,1097.0991044044495,False
1607,1,120,FeedbackPeriodStarted,1765528096.6474147,1097.1057929992676,False
1608,1,121,startFixDisplay,1765528098.659419,1099.1177995204926,False
1609,1,121,startFixPeriod,1765528098.888605,1099.3469834327698,False
1610,1,121,TargetPresentation,1765528099.8740542,1100.3324344158173,False
1611,1,121,TargetRemoval,1765528100.0612905,1100.5196702480316,True
1612,1,121,TargetReappeared,1765528100.311195,1100.7695753574371,False
1613,1,121,LeftResponse,1765528101.012327,1101.47070646286,False
1614,1,122,FeedbackPeriodStarted,1765528101.0326335,1101.491013765335,False
1615,1,122,startFixDisplay,1765528101.032738,1101.4911148548126,False
1616,1,122,startFixPeriod,1765528101.1854856,1101.6438658237457,False
1617,1,122,TargetPresentation,1765528101.962785,1102.4211661815643,False
1618,1,122,TargetRemoval,1765528102.392816,1102.851196050644,True
1619,1,122,TargetReappeared,1765528102.642707,1103.101087808609,False
1620,1,122,LeftResponse,1765528103.5866659,1104.045043706894,False
1621,1,123,FeedbackPeriodStarted,1765528103.6070173,1104.0653972625732,False
1622,1,123,startFixDisplay,1765528103.607161,1104.0655398368835,False
1623,1,123,startFixPeriod,1765528103.8292572,1104.2876374721527,False
1624,1,123,TargetPresentation,1765528104.6688561,1105.127236366272,False
1625,1,123,TargetRemoval,1765528104.8699553,1105.3283350467682,True
1626,1,123,TargetReappeared,1765528105.1198597,1105.5782392024994,False
1627,1,123,RightResponse,1765528105.8001857,1106.2585651874542,False
1628,1,124,FeedbackPeriodStarted,1765528105.8206456,1106.2790267467499,False
1629,1,124,startFixDisplay,1765528105.8207946,1106.279173374176,False
1630,1,124,startFixPeriod,1765528106.0497367,1106.5081164836884,False
1631,1,124,TargetPresentation,1765528106.5979342,1107.0563147068024,False
1632,1,124,TargetDisplacement,1765528106.7295766,1107.1879541873932,True
1633,1,124,LeftResponse,1765528107.5901258,1108.0485036373138,False
1634,1,125,FeedbackPeriodStarted,1765528107.6107533,1108.0691311359406,False
1635,1,125,startFixDisplay,1765528107.6108198,1108.0691969394684,False
1636,1,125,startFixPeriod,1765528107.7567759,1108.2151556015015,False
1637,1,125,TargetPresentation,1765528108.8878534,1109.3462340831757,False
1638,1,125,TargetRemoval,1765528109.2346017,1109.6929790973663,True
1639,1,125,TargetReappeared,1765528109.4846768,1109.9430701732635,False
1640,1,125,RightResponse,1765528110.1718833,1110.6302621364594,False
1641,1,126,FeedbackPeriodStarted,1765528110.1920757,1110.6504535675049,False
1642,1,126,startFixDisplay,1765528110.1921444,1110.6505212783813,False
1643,1,126,startFixPeriod,1765528110.407381,1110.8657591342926,False
1644,1,126,TargetPresentation,1765528111.0457892,1111.5041673183441,False
1645,1,126,TargetDisplacement,1765528111.3303354,1111.7887153625488,True
1646,1,126,RightResponse,1765528112.3367367,1112.7951140403748,False
1647,1,126,FeedbackPeriodStarted,1765528112.3434355,1112.8018136024475,False
1648,1,127,startFixDisplay,1765528114.3556786,1114.8140590190887,False
1649,1,127,startFixPeriod,1765528114.6402495,1115.0986280441284,False
1650,1,127,TargetPresentation,1765528115.8824177,1116.3407971858978,False
1651,1,127,TargetDisplacement,1765528116.0487099,1116.5070896148682,True
1652,1,127,LeftResponse,1765528116.8194659,1117.277845621109,False
1653,1,128,FeedbackPeriodStarted,1765528116.8397589,1117.298136472702,False
1654,1,128,startFixDisplay,1765528116.8398266,1117.2982037067413,False
1655,1,128,startFixPeriod,1765528116.9995785,1117.4579575061798,False
1656,1,128,TargetPresentation,1765528117.860076,1118.3184566497803,False
1657,1,128,TargetRemoval,1765528118.2832296,1118.7416095733643,True
1658,1,128,TargetReappeared,1765528118.533083,1118.9914610385895,False
1659,1,128,LeftResponse,1765528119.1299436,1119.5883209705353,False
1660,1,129,FeedbackPeriodStarted,1765528119.1504755,1119.6088557243347,False
1661,1,129,startFixDisplay,1765528119.150629,1119.6090061664581,False
1662,1,129,startFixPeriod,1765528119.4490755,1119.907455921173,False
1663,1,129,TargetPresentation,1765528120.8229723,1121.2813522815704,False
1664,1,129,TargetRemoval,1765528120.968535,1121.4269123077393,True
1665,1,129,TargetReappeared,1765528121.2185085,1121.6768872737885,False
1666,1,129,LeftResponse,1765528122.4678612,1122.9262399673462,False
1667,1,130,FeedbackPeriodStarted,1765528122.495132,1122.9535119533539,False
1668,1,130,startFixDisplay,1765528122.4952774,1122.9536542892456,False
1669,1,130,startFixPeriod,1765528122.648034,1123.106413602829,False
1670,1,130,TargetPresentation,1765528123.2517495,1123.7101283073425,False
1671,1,130,TargetRemoval,1765528123.4112158,1123.8695962429047,True
1672,1,130,TargetReappeared,1765528123.6611197,1124.1195001602173,False
1673,1,130,LeftResponse,1765528124.4801066,1124.9384863376617,False
1674,1,131,FeedbackPeriodStarted,1765528124.5004306,1124.95880818367,False
1675,1,131,startFixDisplay,1765528124.5004983,1124.9588751792908,False
1676,1,131,startFixPeriod,1765528125.2362564,1125.6946365833282,False
1677,1,131,TargetPresentation,1765528126.0480783,1126.5064587593079,False
1678,1,131,TargetDisplacement,1765528126.4156592,1126.8740365505219,True
1679,1,131,LeftResponse,1765528128.136978,1128.5953557491302,False
1680,1,131,FeedbackPeriodStarted,1765528128.1782362,1128.6366159915924,False
1681,2,132,startFixDisplay,1765528147.1704018,1147.6287815570831,False
1682,2,132,startFixPeriod,1765528147.3649032,1147.8232834339142,False
1683,2,132,TargetPresentation,1765528148.4750683,1148.9334466457367,False
1684,2,132,TargetDisplacement,1765528148.787304,1149.245683670044,True
1685,2,132,RightResponse,1765528149.7244303,1150.1828079223633,False
1686,2,133,FeedbackPeriodStarted,1765528149.7447467,1150.2031242847443,False
1687,2,133,startFixDisplay,1765528149.7448149,1150.2031917572021,False
1688,2,133,startFixPeriod,1765528149.9183846,1150.376765012741,False
1689,2,133,TargetPresentation,1765528150.8483937,1151.30677485466,False
1690,2,133,TargetDisplacement,1765528151.1534672,1151.6118466854095,True
1691,2,133,RightResponse,1765528151.8268013,1152.2851791381836,False
1692,2,134,FeedbackPeriodStarted,1765528151.8473477,1152.3057279586792,False
1693,2,134,startFixDisplay,1765528151.8474917,1152.305870771408,False
1694,2,134,startFixPeriod,1765528152.0904346,1152.5488150119781,False
1695,2,134,TargetPresentation,1765528153.3531256,1153.8115060329437,False
1696,2,134,TargetDisplacement,1765528153.6583996,1154.1167795658112,True
1697,2,134,LeftResponse,1765528154.588845,1155.0472238063812,False
1698,2,135,FeedbackPeriodStarted,1765528154.6160486,1155.0744290351868,False
1699,2,135,startFixDisplay,1765528154.6162732,1155.0746529102325,False
1700,2,135,startFixPeriod,1765528154.838167,1155.2965459823608,False
1701,2,135,TargetPresentation,1765528155.7403765,1156.1987574100494,False
1702,2,135,TargetDisplacement,1765528155.9413722,1156.3997521400452,True
1703,2,135,RightResponse,1765528156.6981866,1157.156566619873,False
1704,2,136,FeedbackPeriodStarted,1765528156.7322948,1157.1906723976135,False
1705,2,136,startFixDisplay,1765528156.7323592,1157.1907362937927,False
1706,2,136,startFixPeriod,1765528157.058782,1157.5171627998352,False
1707,2,136,TargetPresentation,1765528158.1203523,1158.5787320137024,False
1708,2,136,TargetDisplacement,1765528158.3145862,1158.7729659080505,True
1709,2,136,LeftResponse,1765528159.2100604,1159.6684391498566,False
1710,2,137,FeedbackPeriodStarted,1765528159.2304344,1159.688812494278,False
1711,2,137,startFixDisplay,1765528159.2305074,1159.6888842582703,False
1712,2,137,startFixPeriod,1765528159.397108,1159.8554861545563,False
1713,2,137,TargetPresentation,1765528160.8336709,1161.292051076889,False
1714,2,137,TargetRemoval,1765528161.027786,1161.4861633777618,True
1715,2,137,TargetReappeared,1765528161.2776675,1161.7360453605652,False
1716,2,137,RightResponse,1765528161.9440944,1162.402473449707,False
1717,2,138,FeedbackPeriodStarted,1765528161.9646,1162.4229803085327,False
1718,2,138,startFixDisplay,1765528161.9647546,1162.423133611679,False
1719,2,138,startFixPeriod,1765528162.1798074,1162.6381871700287,False
1720,2,138,TargetPresentation,1765528163.1720555,1163.6304349899292,False
1721,2,138,TargetRemoval,1765528163.3522773,1163.810656785965,True
1722,2,138,TargetReappeared,1765528163.602323,1164.060703277588,False
1723,2,138,LeftResponse,1765528164.1368957,1164.5952746868134,False
1724,2,138,FeedbackPeriodStarted,1765528164.1433105,1164.6016910076141,False
1725,2,139,startFixDisplay,1765528166.1556334,1166.6140131950378,False
1726,2,139,startFixPeriod,1765528166.4126198,1166.8710000514984,False
1727,2,139,TargetPresentation,1765528167.7517624,1168.2101428508759,False
1728,2,139,TargetDisplacement,1765528167.9042814,1168.3626611232758,True
1729,2,139,RightResponse,1765528168.5568793,1169.015257358551,False
1730,2,140,FeedbackPeriodStarted,1765528168.5773807,1169.0357587337494,False
1731,2,140,startFixDisplay,1765528168.5774488,1169.0358259677887,False
1732,2,140,startFixPeriod,1765528168.9035983,1169.3619775772095,False
1733,2,140,TargetPresentation,1765528170.1179464,1170.576324224472,False
1734,2,140,TargetRemoval,1765528170.3052013,1170.76358127594,True
1735,2,140,TargetReappeared,1765528170.5551362,1171.013516664505,False
1736,2,140,RightResponse,1765528171.0827942,1171.541172027588,False
1737,2,141,FeedbackPeriodStarted,1765528171.1032293,1171.5616092681885,False
1738,2,141,startFixDisplay,1765528171.1033702,1171.5617492198944,False
1739,2,141,startFixPeriod,1765528171.3254592,1171.7838394641876,False
1740,2,141,TargetPresentation,1765528172.2553592,1172.713740348816,False
1741,2,141,TargetDisplacement,1765528172.4563313,1172.9147112369537,True
1742,2,141,RightResponse,1765528173.0674858,1173.5258655548096,False
1743,2,142,FeedbackPeriodStarted,1765528173.0877655,1173.5461456775665,False
1744,2,142,startFixDisplay,1765528173.0879047,1173.5462837219238,False
1745,2,142,startFixPeriod,1765528173.337663,1173.7960412502289,False
1746,2,142,TargetPresentation,1765528173.9137814,1174.3721611499786,False
1747,2,142,TargetDisplacement,1765528174.066237,1174.5246167182922,True
1748,2,142,LeftResponse,1765528174.6910968,1175.1494762897491,False
1749,2,143,FeedbackPeriodStarted,1765528174.7185118,1175.1769223213196,False
1750,2,143,startFixDisplay,1765528174.7187011,1175.1770799160004,False
1751,2,143,startFixPeriod,1765528174.961557,1175.4199368953705,False
1752,2,143,TargetPresentation,1765528175.4610813,1175.9194612503052,False
1753,2,143,TargetDisplacement,1765528175.571883,1176.0302603244781,True
1754,2,143,LeftResponse,1765528176.2382934,1176.6966722011566,False
1755,2,144,FeedbackPeriodStarted,1765528176.258861,1176.717238664627,False
1756,2,144,startFixDisplay,1765528176.258925,1176.7173020839691,False
1757,2,144,startFixPeriod,1765528176.4810739,1176.9394538402557,False
1758,2,144,TargetPresentation,1765528177.0569453,1177.5153241157532,False
1759,2,144,TargetDisplacement,1765528177.2373595,1177.6957392692566,True
1760,2,144,LeftResponse,1765528177.8277543,1178.286134004593,False
1761,2,144,FeedbackPeriodStarted,1765528177.8343298,1178.292711019516,False
1762,2,145,startFixDisplay,1765528179.8464043,1180.3047842979431,False
1763,2,145,startFixPeriod,1765528180.1171834,1180.5755620002747,False
1764,2,145,TargetPresentation,1765528181.1303837,1181.5887641906738,False
1765,2,145,TargetRemoval,1765528181.2966554,1181.7550325393677,True
1766,2,145,TargetReappeared,1765528181.54669,1182.0050685405731,False
1767,2,145,LeftResponse,1765528182.2269502,1182.6853287220001,False
1768,2,146,FeedbackPeriodStarted,1765528182.2542996,1182.7126796245575,False
1769,2,146,startFixDisplay,1765528182.2544484,1182.712827205658,False
1770,2,146,startFixPeriod,1765528182.5042496,1182.9626288414001,False
1771,2,146,TargetPresentation,1765528183.4341474,1183.8925280570984,False
1772,2,146,TargetDisplacement,1765528183.5797741,1184.0381541252136,True
1773,2,146,RightResponse,1765528184.80111,1185.259488105774,False
1774,2,147,FeedbackPeriodStarted,1765528184.8216596,1185.2800374031067,False
1775,2,147,startFixDisplay,1765528184.8217275,1185.280104637146,False
1776,2,147,startFixPeriod,1765528185.050948,1185.5093266963959,False
1777,2,147,TargetPresentation,1765528186.4526763,1186.9110572338104,False
1778,2,147,TargetRemoval,1765528186.5704913,1187.0288712978363,True
1779,2,147,TargetReappeared,1765528186.8204064,1187.2787873744965,False
1780,2,147,RightResponse,1765528187.6116536,1188.0700318813324,False
1781,2,148,FeedbackPeriodStarted,1765528187.6320877,1188.0904688835144,False
1782,2,148,startFixDisplay,1765528187.6322455,1188.090624332428,False
1783,2,148,startFixPeriod,1765528187.8680885,1188.326467514038,False
1784,2,148,TargetPresentation,1765528188.471734,1188.930112361908,False
1785,2,148,TargetDisplacement,1765528188.665886,1189.124263048172,True
1786,2,148,LeftResponse,1765528189.374191,1189.8325700759888,False
1787,2,149,FeedbackPeriodStarted,1765528189.3944597,1189.8528373241425,False
1788,2,149,startFixDisplay,1765528189.3945408,1189.8529176712036,False
1789,2,149,startFixPeriod,1765528189.6585011,1190.1168801784515,False
1790,2,149,TargetPresentation,1765528190.1928074,1190.651188135147,False
1791,2,149,TargetDisplacement,1765528190.3591957,1190.817575931549,True
1792,2,149,LeftResponse,1765528191.0394747,1191.497854232788,False
1793,2,150,FeedbackPeriodStarted,1765528191.059922,1191.5183019638062,False
1794,2,150,startFixDisplay,1765528191.0600605,1191.5184392929077,False
1795,2,150,startFixPeriod,1765528191.2474875,1191.705867767334,False
1796,2,150,TargetPresentation,1765528191.913472,1192.3718521595001,False
1797,2,150,TargetRemoval,1765528192.1633356,1192.6217157840729,True
1798,2,150,TargetReappeared,1765528192.4131193,1192.8714983463287,False
1799,2,150,RightResponse,1765528193.0518892,1193.5102689266205,False
1800,2,150,FeedbackPeriodStarted,1765528193.0584989,1193.5168766975403,False
1801,2,151,startFixDisplay,1765528195.0707204,1195.5291006565094,False
1802,2,151,startFixPeriod,1765528195.3207674,1195.7791485786438,False
1803,2,151,TargetPresentation,1765528196.4170904,1196.8754706382751,False
1804,2,151,TargetDisplacement,1765528196.5974061,1197.055786371231,True
1805,2,151,RightResponse,1765528197.180664,1197.639044046402,False
1806,2,152,FeedbackPeriodStarted,1765528197.2009869,1197.6593673229218,False
1807,2,152,startFixDisplay,1765528197.2011294,1197.659508228302,False
1808,2,152,startFixPeriod,1765528197.3955505,1197.8539311885834,False
1809,2,152,TargetPresentation,1765528198.03377,1198.4921481609344,False
1810,2,152,TargetRemoval,1765528198.2766051,1198.7349848747253,True
1811,2,152,TargetReappeared,1765528198.5264592,1198.984839439392,False
1812,2,152,RightResponse,1765528199.1722188,1199.6305985450745,False
1813,2,153,FeedbackPeriodStarted,1765528199.1925547,1199.6509358882904,False
1814,2,153,startFixDisplay,1765528199.1927047,1199.6510834693909,False
1815,2,153,startFixPeriod,1765528199.5188231,1199.977202653885,False
1816,2,153,TargetPresentation,1765528200.6635885,1201.1219668388367,False
1817,2,153,TargetDisplacement,1765528200.913385,1201.3717646598816,True
1818,2,153,RightResponse,1765528201.9477274,1202.4061074256897,False
1819,2,154,FeedbackPeriodStarted,1765528201.9681277,1202.4265077114105,False
1820,2,154,startFixDisplay,1765528201.9682698,1202.4266486167908,False
1821,2,154,startFixPeriod,1765528202.1764944,1202.6348748207092,False
1822,2,154,TargetPresentation,1765528203.564312,1204.022690296173,False
1823,2,154,TargetDisplacement,1765528203.7167299,1204.1751070022583,True
1824,2,154,LeftResponse,1765528204.3557408,1204.8141195774078,False
1825,2,155,FeedbackPeriodStarted,1765528204.3830116,1204.8413915634155,False
1826,2,155,startFixDisplay,1765528204.3831596,1204.8415381908417,False
1827,2,155,startFixPeriod,1765528204.6120846,1205.0704636573792,False
1828,2,155,TargetPresentation,1765528205.2851746,1205.7435536384583,False
1829,2,155,TargetDisplacement,1765528205.479338,1205.9377176761627,True
1830,2,155,LeftResponse,1765528205.9793918,1206.4377715587616,False
1831,2,156,FeedbackPeriodStarted,1765528205.9997554,1206.4581356048584,False
1832,2,156,startFixDisplay,1765528205.9999576,1206.4583373069763,False
1833,2,156,startFixPeriod,1765528206.1803763,1206.6387569904327,False
1834,2,156,TargetPresentation,1765528207.130859,1207.589239358902,False
1835,2,156,TargetDisplacement,1765528207.3042846,1207.7626647949219,True
1836,2,156,RightResponse,1765528207.5407174,1207.9990968704224,False
1837,2,156,FeedbackPeriodStarted,1765528207.5471,1208.0054790973663,False
1838,2,157,startFixDisplay,1765528209.5594115,1210.0177915096283,False
1839,2,157,startFixPeriod,1765528209.7746623,1210.2330417633057,False
1840,2,157,TargetPresentation,1765528210.9475455,1211.405925989151,False
1841,2,157,TargetDisplacement,1765528211.1137583,1211.5721378326416,True
1842,2,157,RightResponse,1765528211.6900654,1212.1484427452087,False
1843,2,158,FeedbackPeriodStarted,1765528211.7104652,1212.1688430309296,False
1844,2,158,startFixDisplay,1765528211.7105527,1212.1689298152924,False
1845,2,158,startFixPeriod,1765528212.0091183,1212.4674961566925,False
1846,2,158,TargetPresentation,1765528212.8347943,1213.293172121048,False
1847,2,158,TargetRemoval,1765528212.9943373,1213.4527168273926,True
1848,2,158,TargetReappeared,1765528213.244242,1213.7026205062866,False
1849,2,158,LeftResponse,1765528213.8829446,1214.3413240909576,False
1850,2,159,FeedbackPeriodStarted,1765528213.9032826,1214.3616626262665,False
1851,2,159,startFixDisplay,1765528213.9034228,1214.361801624298,False
1852,2,159,startFixPeriod,1765528214.0770106,1214.5353906154633,False
1853,2,159,TargetPresentation,1765528215.228843,1215.687224149704,False
1854,2,159,TargetDisplacement,1765528215.3813055,1215.8396849632263,True
1855,2,159,RightResponse,1765528216.020173,1216.4785521030426,False
1856,2,160,FeedbackPeriodStarted,1765528216.0404344,1216.4988119602203,False
1857,2,160,startFixDisplay,1765528216.0404983,1216.4988751411438,False
1858,2,160,startFixPeriod,1765528216.2280974,1216.6864755153656,False
1859,2,160,TargetPresentation,1765528216.9982252,1217.4566037654877,False
1860,2,160,TargetRemoval,1765528217.1925719,1217.6509516239166,True
1861,2,160,TargetReappeared,1765528217.4424531,1217.9008338451385,False
1862,2,160,RightResponse,1765528218.0532618,1218.511640071869,False
1863,2,161,FeedbackPeriodStarted,1765528218.0807078,1218.5390882492065,False
1864,2,161,startFixDisplay,1765528218.0808535,1218.5392322540283,False
1865,2,161,startFixPeriod,1765528218.295882,1218.7542622089386,False
1866,2,161,TargetPresentation,1765528218.948021,1219.4063997268677,False
1867,2,161,TargetDisplacement,1765528219.1075923,1219.5659725666046,True
1868,2,161,RightResponse,1765528219.7532456,1220.2116243839264,False
1869,2,162,FeedbackPeriodStarted,1765528219.78073,1220.2391102313995,False
1870,2,162,startFixDisplay,1765528219.7808743,1220.2392530441284,False
1871,2,162,startFixPeriod,1765528220.0583541,1220.5167343616486,False
1872,2,162,TargetPresentation,1765528221.0228422,1221.481220960617,False
1873,2,162,TargetRemoval,1765528221.2101264,1221.6685061454773,True
1874,2,162,TargetReappeared,1765528221.460033,1221.9184131622314,False
1875,2,162,LeftResponse,1765528222.0918503,1222.5502300262451,False
1876,2,162,FeedbackPeriodStarted,1765528222.0984342,1222.5568149089813,False
1877,2,163,startFixDisplay,1765528224.1104934,1224.5688705444336,False
1878,2,163,startFixPeriod,1765528224.325783,1224.7841608524323,False
1879,2,163,TargetPresentation,1765528225.748465,1226.2068457603455,False
1880,2,163,TargetDisplacement,1765528225.8938756,1226.3522531986237,True
1881,2,163,RightResponse,1765528226.5119772,1226.9703559875488,False
1882,2,164,FeedbackPeriodStarted,1765528226.5393043,1226.9976842403412,False
1883,2,164,startFixDisplay,1765528226.539447,1226.9978260993958,False
1884,2,164,startFixPeriod,1765528226.7477925,1227.206173658371,False
1885,2,164,TargetPresentation,1765528227.448565,1227.906946182251,False
1886,2,164,TargetRemoval,1765528227.6080413,1228.066421031952,True
1887,2,164,TargetReappeared,1765528227.8578293,1228.3162093162537,False
1888,2,164,LeftResponse,1765528228.5104084,1228.968787908554,False
1889,2,165,FeedbackPeriodStarted,1765528228.5308685,1228.9892485141754,False
1890,2,165,startFixDisplay,1765528228.5309982,1228.9893770217896,False
1891,2,165,startFixPeriod,1765528228.6974037,1229.1557841300964,False
1892,2,165,TargetPresentation,1765528229.384364,1229.8427443504333,False
1893,2,165,TargetRemoval,1765528229.5438914,1230.0022687911987,True
1894,2,165,TargetReappeared,1765528229.7939045,1230.2522857189178,False
1895,2,165,LeftResponse,1765528230.418637,1230.8770170211792,False
1896,2,166,FeedbackPeriodStarted,1765528230.4389513,1230.8973286151886,False
1897,2,166,startFixDisplay,1765528230.4390123,1230.8973894119263,False
1898,2,166,startFixPeriod,1765528231.001326,1231.4597070217133,False
1899,2,166,TargetPresentation,1765528231.7645605,1232.222941160202,False
1900,2,166,TargetDisplacement,1765528231.9518304,1232.4102075099945,True
1901,2,166,LeftResponse,1765528232.7087414,1233.1671211719513,False
1902,2,167,FeedbackPeriodStarted,1765528232.7359157,1233.1942956447601,False
1903,2,167,startFixDisplay,1765528232.7360618,1233.1944406032562,False
1904,2,167,startFixPeriod,1765528232.9928448,1233.4512231349945,False
1905,2,167,TargetPresentation,1765528234.109927,1234.568305015564,False
1906,2,167,TargetDisplacement,1765528234.2487237,1234.7071034908295,True
1907,2,167,RightResponse,1765528234.8732638,1235.3316411972046,False
1908,2,168,FeedbackPeriodStarted,1765528234.8939457,1235.3523256778717,False
1909,2,168,startFixDisplay,1765528234.8940296,1235.3524067401886,False
1910,2,168,startFixPeriod,1765528235.102145,1235.5605247020721,False
1911,2,168,TargetPresentation,1765528236.0250275,1236.4834055900574,False
1912,2,168,TargetDisplacement,1765528236.2331696,1236.6915497779846,True
1913,2,168,RightResponse,1765528236.8441703,1237.3025486469269,False
1914,2,168,FeedbackPeriodStarted,1765528236.8509028,1237.3092834949493,False
1915,2,169,startFixDisplay,1765528238.863041,1239.3214209079742,False
1916,2,169,startFixPeriod,1765528239.0852227,1239.543601989746,False
1917,2,169,TargetPresentation,1765528239.9457123,1240.4040925502777,False
1918,2,169,TargetRemoval,1765528240.1191075,1240.577487230301,True
1919,2,169,TargetReappeared,1765528240.3690615,1240.8274412155151,False
1920,2,169,RightResponse,1765528240.9590595,1241.4174389839172,False
1921,2,170,FeedbackPeriodStarted,1765528240.979493,1241.4378728866577,False
1922,2,170,startFixDisplay,1765528240.979672,1241.4380507469177,False
1923,2,170,startFixPeriod,1765528241.180834,1241.6392147541046,False
1924,2,170,TargetPresentation,1765528242.3605514,1242.818932056427,False
1925,2,170,TargetDisplacement,1765528242.6795855,1243.1379656791687,True
1926,2,170,RightResponse,1765528243.5890486,1244.0474274158478,False
1927,2,171,FeedbackPeriodStarted,1765528243.6163416,1244.074721813202,False
1928,2,171,startFixDisplay,1765528243.6164832,1244.074862241745,False
1929,2,171,startFixPeriod,1765528243.8038068,1244.2621870040894,False
1930,2,171,TargetPresentation,1765528244.9974477,1245.4558279514313,False
1931,2,171,TargetDisplacement,1765528245.1497211,1245.608098268509,True
1932,2,171,RightResponse,1765528245.8303626,1246.2887408733368,False
1933,2,172,FeedbackPeriodStarted,1765528245.8507411,1246.3091213703156,False
1934,2,172,startFixDisplay,1765528245.8508859,1246.3092648983002,False
1935,2,172,startFixPeriod,1765528246.1632893,1246.621669769287,False
1936,2,172,TargetPresentation,1765528247.641245,1248.0996253490448,False
1937,2,172,TargetRemoval,1765528247.8630712,1248.3214485645294,True
1938,2,172,TargetReappeared,1765528248.1129827,1248.571363210678,False
1939,2,172,LeftResponse,1765528248.6543016,1249.1126792430878,False
1940,2,173,FeedbackPeriodStarted,1765528248.674893,1249.1332728862762,False
1941,2,173,startFixDisplay,1765528248.6750307,1249.1334092617035,False
1942,2,173,startFixPeriod,1765528248.9457448,1249.4041230678558,False
1943,2,173,TargetPresentation,1765528249.7368581,1250.195238351822,False
1944,2,173,TargetDisplacement,1765528249.9448051,1250.4031851291656,True
1945,2,173,LeftResponse,1765528250.687695,1251.146074295044,False
1946,2,174,FeedbackPeriodStarted,1765528250.7080414,1251.1664218902588,False
1947,2,174,startFixDisplay,1765528250.7081628,1251.1665399074554,False
1948,2,174,startFixPeriod,1765528250.9580567,1251.4164371490479,False
1949,2,174,TargetPresentation,1765528251.7977428,1252.256123304367,False
1950,2,174,TargetDisplacement,1765528251.9502058,1252.4085853099823,True
1951,2,174,RightResponse,1765528252.755435,1253.2138130664825,False
1952,2,174,FeedbackPeriodStarted,1765528252.7620099,1253.220389842987,False
1953,2,175,startFixDisplay,1765528254.774294,1255.232673883438,False
1954,2,175,startFixPeriod,1765528254.7813249,1255.2397050857544,False
1955,2,175,TargetPresentation,1765528255.6628,1256.1211791038513,False
1956,2,175,TargetDisplacement,1765528255.8081927,1256.2665700912476,True
1957,2,175,LeftResponse,1765528256.502438,1256.9608166217804,False
1958,2,176,FeedbackPeriodStarted,1765528256.5228746,1256.981252193451,False
1959,2,176,startFixDisplay,1765528256.522938,1256.9813151359558,False
1960,2,176,startFixPeriod,1765528256.71747,1257.1758501529694,False
1961,2,176,TargetPresentation,1765528257.8901074,1258.348486661911,False
1962,2,176,TargetDisplacement,1765528258.0844057,1258.5427854061127,True
1963,2,176,LeftResponse,1765528258.667727,1259.1261055469513,False
1964,2,177,FeedbackPeriodStarted,1765528258.694795,1259.1531727313995,False
1965,2,177,startFixDisplay,1765528258.6948564,1259.1532335281372,False
1966,2,177,startFixPeriod,1765528258.8477638,1259.306144475937,False
1967,2,177,TargetPresentation,1765528260.277126,1260.7355062961578,False
1968,2,177,TargetDisplacement,1765528260.284056,1260.7424359321594,True
1969,2,177,RightResponse,1765528261.1514318,1261.609808921814,False
1970,2,178,FeedbackPeriodStarted,1765528261.172138,1261.6305179595947,False
1971,2,178,startFixDisplay,1765528261.1722798,1261.6306586265564,False
1972,2,178,startFixPeriod,1765528262.0604472,1262.5188250541687,False
1973,2,178,TargetPresentation,1765528263.0112321,1263.4696123600006,False
1974,2,178,TargetDisplacement,1765528263.233012,1263.6913893222809,True
1975,2,178,LeftResponse,1765528263.6150644,1264.0734419822693,False
1976,2,179,FeedbackPeriodStarted,1765528263.6354575,1264.0938353538513,False
1977,2,179,startFixDisplay,1765528263.6355362,1264.093913078308,False
1978,2,179,startFixPeriod,1765528263.8230157,1264.2813956737518,False
1979,2,179,TargetPresentation,1765528265.030424,1265.4888064861298,False
1980,2,179,NoSaccadeMade,1765528267.026757,1267.4851343631744,False
1981,2,180,FeedbackPeriodStarted,1765528267.049486,1267.5078656673431,False
1982,2,180,startFixDisplay,1765528267.0496378,1267.5080168247223,False
1983,2,180,startFixPeriod,1765528267.0564153,1267.5147948265076,False
1984,2,180,TargetPresentation,1765528267.8822472,1268.3406252861023,False
1985,2,180,NoSaccadeMade,1765528269.8787348,1270.3371119499207,False
1986,2,180,FeedbackPeriodStarted,1765528269.887683,1270.3460631370544,False
1987,2,181,startFixDisplay,1765528271.899795,1272.3581726551056,False
1988,2,181,startFixPeriod,1765528272.1706514,1272.6290318965912,False
1989,2,181,TargetPresentation,1765528273.2740877,1273.7324666976929,False
1990,2,181,TargetDisplacement,1765528273.4543862,1273.9127662181854,True
1991,2,181,LeftResponse,1765528274.1345751,1274.5929536819458,False
1992,2,182,FeedbackPeriodStarted,1765528274.1550937,1274.6134712696075,False
1993,2,182,startFixDisplay,1765528274.1551616,1274.6135385036469,False
1994,2,182,startFixPeriod,1765528274.321856,1274.7802364826202,False
1995,2,182,TargetPresentation,1765528275.2239776,1275.6823575496674,False
1996,2,182,TargetDisplacement,1765528275.4112139,1275.8695912361145,True
1997,2,182,RightResponse,1765528275.952861,1276.4112408161163,False
1998,2,183,FeedbackPeriodStarted,1765528275.9730844,1276.4314625263214,False
1999,2,183,startFixDisplay,1765528275.9731534,1276.4315302371979,False
2000,2,183,startFixPeriod,1765528276.1399322,1276.5983128547668,False
2001,2,183,TargetPresentation,1765528277.4999518,1277.9583323001862,False
2002,2,183,TargetRemoval,1765528277.9577754,1278.4161550998688,True
2003,2,183,TargetReappeared,1765528278.2077847,1278.6661648750305,False
2004,2,183,LeftResponse,1765528279.4152853,1279.8736634254456,False
2005,2,184,FeedbackPeriodStarted,1765528279.4357753,1279.8941555023193,False
2006,2,184,startFixDisplay,1765528279.4359195,1279.8942983150482,False
2007,2,184,startFixPeriod,1765528279.6233118,1280.0816903114319,False
2008,2,184,TargetPresentation,1765528280.6502197,1281.1085979938507,False
2009,2,184,TargetDisplacement,1765528280.8027492,1281.2611291408539,True
2010,2,184,LeftResponse,1765528281.705148,1282.163526058197,False
2011,2,185,FeedbackPeriodStarted,1765528281.7256756,1282.1840555667877,False
2012,2,185,startFixDisplay,1765528281.7258193,1282.184198141098,False
2013,2,185,startFixPeriod,1765528282.2323856,1282.6907658576965,False
2014,2,185,TargetPresentation,1765528283.1204934,1283.5788714885712,False
2015,2,185,TargetRemoval,1765528283.2799973,1283.738374710083,True
2016,2,185,TargetReappeared,1765528283.5300257,1283.9884059429169,False
2017,2,185,LeftResponse,1765528284.7724795,1285.2308585643768,False
2018,2,186,FeedbackPeriodStarted,1765528284.7996407,1285.2580206394196,False
2019,2,186,startFixDisplay,1765528284.7997837,1285.2581624984741,False
2020,2,186,startFixPeriod,1765528285.0287926,1285.4871723651886,False
2021,2,186,TargetPresentation,1765528285.8267555,1286.2851343154907,False
2022,2,186,TargetDisplacement,1765528286.0764062,1286.534785747528,True
2023,2,186,RightResponse,1765528286.742834,1287.2012131214142,False
2024,2,186,FeedbackPeriodStarted,1765528286.756682,1287.215062379837,False
2025,2,187,startFixDisplay,1765528288.7687895,1289.2271695137024,False
2026,2,187,startFixPeriod,1765528288.7756867,1289.23406624794,False
2027,2,187,TargetPresentation,1765528289.6642525,1290.122631072998,False
2028,2,187,TargetRemoval,1765528289.8305557,1290.2889378070831,True
2029,2,187,TargetReappeared,1765528290.0804071,1290.5387868881226,False
2030,2,187,LeftResponse,1765528290.7468138,1291.2051930427551,False
2031,2,188,FeedbackPeriodStarted,1765528290.7741644,1291.2325446605682,False
2032,2,188,startFixDisplay,1765528290.774304,1291.2326829433441,False
2033,2,188,startFixPeriod,1765528290.9894118,1291.4477906227112,False
2034,2,188,TargetPresentation,1765528292.002442,1292.4608209133148,False
2035,2,188,TargetRemoval,1765528292.127376,1292.5857560634613,True
2036,2,188,TargetReappeared,1765528292.3771243,1292.8355026245117,False
2037,2,188,LeftResponse,1765528292.9116967,1293.3700754642487,False
2038,2,189,FeedbackPeriodStarted,1765528292.9391713,1293.3975489139557,False
2039,2,189,startFixDisplay,1765528292.9392364,1293.3976135253906,False
2040,2,189,startFixPeriod,1765528293.1059258,1293.5643062591553,False
2041,2,189,TargetPresentation,1765528293.8067164,1294.2650966644287,False
2042,2,189,TargetDisplacement,1765528294.2991893,1294.7575693130493,True
2043,2,189,RightResponse,1765528295.0906196,1295.548998117447,False
2044,2,190,FeedbackPeriodStarted,1765528295.111073,1295.5694530010223,False
2045,2,190,startFixDisplay,1765528295.111201,1295.5695779323578,False
2046,2,190,startFixPeriod,1765528295.298691,1295.7570719718933,False
2047,2,190,TargetPresentation,1765528296.3395383,1296.7979183197021,False
2048,2,190,TargetDisplacement,1765528296.554451,1297.0128309726715,True
2049,2,190,LeftResponse,1765528297.3251195,1297.7834985256195,False
2050,2,191,FeedbackPeriodStarted,1765528297.3523834,1297.8107635974884,False
2051,2,191,startFixDisplay,1765528297.3525496,1297.8109295368195,False
2052,2,191,startFixPeriod,1765528297.498302,1297.9566819667816,False
2053,2,191,TargetPresentation,1765528298.8444245,1299.3028032779694,False
2054,2,191,TargetRemoval,1765528299.0247395,1299.4831190109253,True
2055,2,191,TargetReappeared,1765528299.2747533,1299.7331340312958,False
2056,2,191,RightResponse,1765528300.3227894,1300.7811682224274,False
2057,2,192,FeedbackPeriodStarted,1765528300.350098,1300.8084781169891,False
2058,2,192,startFixDisplay,1765528300.3502626,1300.8086416721344,False
2059,2,192,startFixPeriod,1765528300.5723574,1301.0307369232178,False
2060,2,192,TargetPresentation,1765528301.2939634,1301.7523438930511,False
2061,2,192,TargetDisplacement,1765528301.4881132,1301.9464905261993,True
2062,2,192,RightResponse,1765528302.744361,1303.2027390003204,False
2063,2,192,FeedbackPeriodStarted,1765528302.7511175,1303.209495306015,False
2064,2,193,startFixDisplay,1765528304.7632933,1305.2216732501984,False
2065,2,193,startFixPeriod,1765528304.784221,1305.2425997257233,False
2066,2,193,TargetPresentation,1765528305.9570563,1306.4154365062714,False
2067,2,193,TargetDisplacement,1765528306.10266,1306.5610399246216,True
2068,2,193,LeftResponse,1765528306.9285293,1307.3869075775146,False
2069,2,194,FeedbackPeriodStarted,1765528306.9490852,1307.4074647426605,False
2070,2,194,startFixDisplay,1765528306.9491856,1307.407562494278,False
2071,2,194,startFixPeriod,1765528307.1366906,1307.5950708389282,False
2072,2,194,TargetPresentation,1765528307.9347053,1308.3930852413177,False
2073,2,194,TargetRemoval,1765528308.0940976,1308.5524771213531,True
2074,2,194,TargetReappeared,1765528308.3440866,1308.8024671077728,False
2075,2,194,RightResponse,1765528309.2323208,1309.69069814682,False
2076,2,195,FeedbackPeriodStarted,1765528309.2527645,1309.7111418247223,False
2077,2,195,startFixDisplay,1765528309.2528288,1309.71120595932,False
2078,2,195,startFixPeriod,1765528309.5514395,1310.0098204612732,False
2079,2,195,TargetPresentation,1765528310.224494,1310.6828725337982,False
2080,2,195,TargetRemoval,1765528310.4257238,1310.8841035366058,True
2081,2,195,TargetReappeared,1765528310.6755831,1311.1339638233185,False
2082,2,195,RightResponse,1765528311.4044228,1311.8628005981445,False
2083,2,196,FeedbackPeriodStarted,1765528311.4246914,1311.8830692768097,False
2084,2,196,startFixDisplay,1765528311.424756,1311.8831329345703,False
2085,2,196,startFixPeriod,1765528312.3963509,1312.854728937149,False
2086,2,196,TargetPresentation,1765528313.0763047,1313.5346822738647,False
2087,2,196,TargetDisplacement,1765528313.2705405,1313.7289180755615,True
2088,2,196,RightResponse,1765528314.1801422,1314.638522386551,False
2089,2,197,FeedbackPeriodStarted,1765528314.2073338,1314.6657116413116,False
2090,2,197,startFixDisplay,1765528314.2073932,1314.665770292282,False
2091,2,197,startFixPeriod,1765528314.4781594,1314.9365389347076,False
2092,2,197,TargetPresentation,1765528315.8241825,1316.282562971115,False
2093,2,197,TargetRemoval,1765528315.95598,1316.4143595695496,True
2094,2,197,TargetReappeared,1765528316.2059581,1316.6643373966217,False
2095,2,197,RightResponse,1765528316.8584676,1317.3168454170227,False
2096,2,197,FeedbackPeriodStarted,1765528316.8998652,1317.3582429885864,False
2097,3,198,startFixDisplay,1765528329.0984354,1329.556812763214,False
2098,3,198,startFixPeriod,1765528329.320806,1329.7791864871979,False
2099,3,198,TargetPresentation,1765528329.8343232,1330.2927041053772,False
2100,3,198,TargetRemoval,1765528330.0006864,1330.4590661525726,True
2101,3,198,TargetReappeared,1765528330.250703,1330.709083557129,False
2102,3,198,RightResponse,1765528330.8337464,1331.2921261787415,False
2103,3,199,FeedbackPeriodStarted,1765528330.8540602,1331.3124380111694,False
2104,3,199,startFixDisplay,1765528330.8541253,1331.3125023841858,False
2105,3,199,startFixPeriod,1765528331.0555909,1331.5139694213867,False
2106,3,199,TargetPresentation,1765528331.680123,1332.1385011672974,False
2107,3,199,TargetDisplacement,1765528332.2489457,1332.7073256969452,True
2108,3,199,RightResponse,1765528332.6793993,1333.137778043747,False
2109,3,200,FeedbackPeriodStarted,1765528332.6999245,1333.158302307129,False
2110,3,200,startFixDisplay,1765528332.6999958,1333.1583726406097,False
2111,3,200,startFixPeriod,1765528332.8319407,1333.2903196811676,False
2112,3,200,TargetPresentation,1765528334.164282,1334.6226625442505,False
2113,3,200,TargetDisplacement,1765528334.4208329,1334.8792123794556,True
2114,3,200,LeftResponse,1765528335.4761283,1335.934506893158,False
2115,3,201,FeedbackPeriodStarted,1765528335.4962966,1335.954674243927,False
2116,3,201,startFixDisplay,1765528335.4963646,1335.9547414779663,False
2117,3,201,startFixPeriod,1765528335.801905,1336.2602841854095,False
2118,3,201,TargetPresentation,1765528337.266044,1337.7244219779968,False
2119,3,201,TargetDisplacement,1765528337.4603236,1337.9187042713165,True
2120,3,201,RightResponse,1765528338.1683793,1338.6267580986023,False
2121,3,202,FeedbackPeriodStarted,1765528338.195712,1338.6540920734406,False
2122,3,202,startFixDisplay,1765528338.1958556,1338.6542344093323,False
2123,3,202,startFixPeriod,1765528338.3623562,1338.8207364082336,False
2124,3,202,TargetPresentation,1765528338.9035995,1339.3619782924652,False
2125,3,202,TargetDisplacement,1765528339.1326203,1339.5910003185272,True
2126,3,202,RightResponse,1765528340.0487542,1340.5071322917938,False
2127,3,203,FeedbackPeriodStarted,1765528340.0761864,1340.5345666408539,False
2128,3,203,startFixDisplay,1765528340.0763292,1340.5347082614899,False
2129,3,203,startFixPeriod,1765528340.3193173,1340.7776970863342,False
2130,3,203,TargetPresentation,1765528341.512709,1341.9710881710052,False
2131,3,203,TargetDisplacement,1765528341.7000318,1342.1584115028381,True
2132,3,203,LeftResponse,1765528342.3804822,1342.838860988617,False
2133,3,204,FeedbackPeriodStarted,1765528342.4006755,1342.8590533733368,False
2134,3,204,startFixDisplay,1765528342.4007435,1342.8591203689575,False
2135,3,204,startFixPeriod,1765528342.5536735,1343.0120539665222,False
2136,3,204,TargetPresentation,1765528343.0879488,1343.5463290214539,False
2137,3,204,TargetDisplacement,1765528343.2542973,1343.7126772403717,True
2138,3,204,RightResponse,1765528344.3854704,1344.8438477516174,False
2139,3,204,FeedbackPeriodStarted,1765528344.3924298,1344.8508079051971,False
2140,3,205,startFixDisplay,1765528346.4046657,1346.863046169281,False
2141,3,205,startFixPeriod,1765528346.6337917,1347.0921721458435,False
2142,3,205,TargetPresentation,1765528347.4248197,1347.8832001686096,False
2143,3,205,TargetDisplacement,1765528347.6189184,1348.0772981643677,True
2144,3,205,LeftResponse,1765528348.7296476,1349.1880266666412,False
2145,3,206,FeedbackPeriodStarted,1765528348.749973,1349.208351135254,False
2146,3,206,startFixDisplay,1765528348.7500484,1349.2084257602692,False
2147,3,206,startFixPeriod,1765528348.9236767,1349.3820567131042,False
2148,3,206,TargetPresentation,1765528349.4578624,1349.9162428379059,False
2149,3,206,TargetRemoval,1765528349.5895886,1350.0479683876038,True
2150,3,206,TargetReappeared,1765528349.839548,1350.2979276180267,False
2151,3,206,RightResponse,1765528350.6239345,1351.0823142528534,False
2152,3,207,FeedbackPeriodStarted,1765528350.6513114,1351.109691143036,False
2153,3,207,startFixDisplay,1765528350.6514542,1351.1098327636719,False
2154,3,207,startFixPeriod,1765528351.15799,1351.6163702011108,False
2155,3,207,TargetPresentation,1765528352.3376327,1352.796011686325,False
2156,3,207,TargetDisplacement,1765528352.5595481,1353.0179300308228,True
2157,3,207,RightResponse,1765528353.1082919,1353.5666716098785,False
2158,3,208,FeedbackPeriodStarted,1765528353.128506,1353.5868859291077,False
2159,3,208,startFixDisplay,1765528353.128671,1353.58704996109,False
2160,3,208,startFixPeriod,1765528353.4340665,1353.8924469947815,False
2161,3,208,TargetPresentation,1765528353.9474924,1354.4058728218079,False
2162,3,208,TargetDisplacement,1765528354.1139073,1354.5722870826721,True
2163,3,208,RightResponse,1765528354.6417546,1355.100133895874,False
2164,3,209,FeedbackPeriodStarted,1765528354.6620862,1355.1204664707184,False
2165,3,209,startFixDisplay,1765528354.6622343,1355.120612859726,False
2166,3,209,startFixPeriod,1765528354.8426533,1355.3010325431824,False
2167,3,209,TargetPresentation,1765528356.0154066,1356.4737873077393,False
2168,3,209,TargetRemoval,1765528356.1887724,1356.6471519470215,True
2169,3,209,TargetReappeared,1765528356.438685,1356.8970654010773,False
2170,3,209,LeftResponse,1765528357.2509882,1357.709368944168,False
2171,3,210,FeedbackPeriodStarted,1765528357.2780945,1357.7364747524261,False
2172,3,210,startFixDisplay,1765528357.2782376,1357.7366166114807,False
2173,3,210,startFixPeriod,1765528357.4655826,1357.9239625930786,False
2174,3,210,TargetPresentation,1765528358.8187363,1359.2771170139313,False
2175,3,210,TargetRemoval,1765528358.9713173,1359.4296975135803,True
2176,3,210,TargetReappeared,1765528359.2211418,1359.679520368576,False
2177,3,210,LeftResponse,1765528359.8249707,1360.2833499908447,False
2178,3,210,FeedbackPeriodStarted,1765528359.8385444,1360.2969217300415,False
2179,3,211,startFixDisplay,1765528361.8508744,1362.309254169464,False
2180,3,211,startFixPeriod,1765528362.1632912,1362.62167096138,False
2181,3,211,TargetPresentation,1765528363.537261,1363.995641708374,False
2182,3,211,TargetRemoval,1765528363.6968396,1364.1552195549011,True
2183,3,211,TargetReappeared,1765528363.9466016,1364.4049816131592,False
2184,3,211,RightResponse,1765528364.529566,1364.987943649292,False
2185,3,212,FeedbackPeriodStarted,1765528364.5500677,1365.0084450244904,False
2186,3,212,startFixDisplay,1765528364.5501153,1365.0084924697876,False
2187,3,212,startFixPeriod,1765528364.8764918,1365.3348717689514,False
2188,3,212,TargetPresentation,1765528365.8965476,1366.3549265861511,False
2189,3,212,TargetRemoval,1765528366.1323688,1366.5907487869263,True
2190,3,212,TargetReappeared,1765528366.3822143,1366.8405947685242,False
2191,3,212,RightResponse,1765528367.0276787,1367.4860560894012,False
2192,3,213,FeedbackPeriodStarted,1765528367.048213,1367.5065927505493,False
2193,3,213,startFixDisplay,1765528367.0483425,1367.5067212581635,False
2194,3,213,startFixPeriod,1765528367.3606932,1367.8190729618073,False
2195,3,213,TargetPresentation,1765528368.512538,1368.9709177017212,False
2196,3,213,TargetDisplacement,1765528368.685981,1369.144360780716,True
2197,3,213,RightResponse,1765528369.2895691,1369.747946023941,False
2198,3,214,FeedbackPeriodStarted,1765528369.3103294,1369.768706560135,False
2199,3,214,startFixDisplay,1765528369.310378,1369.7687549591064,False
2200,3,214,startFixPeriod,1765528369.539454,1369.9978339672089,False
2201,3,214,TargetPresentation,1765528370.920555,1371.3789370059967,False
2202,3,214,TargetRemoval,1765528371.07302,1371.5313973426819,True
2203,3,214,TargetReappeared,1765528371.3229563,1371.7813367843628,False
2204,3,214,LeftResponse,1765528371.8367531,1372.2951323986053,False
2205,3,215,FeedbackPeriodStarted,1765528371.8572001,1372.3155808448792,False
2206,3,215,startFixDisplay,1765528371.8573496,1372.3157286643982,False
2207,3,215,startFixPeriod,1765528372.058482,1372.5168616771698,False
2208,3,215,TargetPresentation,1765528373.1062953,1373.5646736621857,False
2209,3,215,TargetRemoval,1765528373.2725697,1373.7309470176697,True
2210,3,215,TargetReappeared,1765528373.5225441,1373.9809229373932,False
2211,3,215,RightResponse,1765528374.0365045,1374.4948823451996,False
2212,3,216,FeedbackPeriodStarted,1765528374.0566409,1374.5150184631348,False
2213,3,216,startFixDisplay,1765528374.056709,1374.5150859355927,False
2214,3,216,startFixPeriod,1765528374.2720613,1374.730441570282,False
2215,3,216,TargetPresentation,1765528375.153299,1375.6116797924042,False
2216,3,216,TargetDisplacement,1765528375.3542767,1375.8126537799835,True
2217,3,216,RightResponse,1765528375.9236658,1376.3820443153381,False
2218,3,216,FeedbackPeriodStarted,1765528375.9372494,1376.3956272602081,False
2219,3,217,startFixDisplay,1765528377.9564,1378.4147770404816,False
2220,3,217,startFixPeriod,1765528378.2064652,1378.6648457050323,False
2221,3,217,TargetPresentation,1765528379.1223562,1379.580735206604,False
2222,3,217,TargetDisplacement,1765528379.2333267,1379.6917042732239,True
2223,3,217,LeftResponse,1765528379.8649616,1380.3233399391174,False
2224,3,218,FeedbackPeriodStarted,1765528379.8854134,1380.3437912464142,False
2225,3,218,startFixDisplay,1765528379.8854809,1380.3438580036163,False
2226,3,218,startFixPeriod,1765528380.0591218,1380.5175020694733,False
2227,3,218,TargetPresentation,1765528380.947385,1381.405762910843,False
2228,3,218,TargetRemoval,1765528381.1347177,1381.5930972099304,True
2229,3,218,TargetReappeared,1765528381.38448,1381.8428587913513,False
2230,3,218,LeftResponse,1765528382.1967502,1382.6551294326782,False
2231,3,219,FeedbackPeriodStarted,1765528382.2240489,1382.682429075241,False
2232,3,219,startFixDisplay,1765528382.224272,1382.6826519966125,False
2233,3,219,startFixPeriod,1765528382.46016,1382.9185407161713,False
2234,3,219,TargetPresentation,1765528382.9666314,1383.4250099658966,False
2235,3,219,TargetDisplacement,1765528383.1817296,1383.640109539032,True
2236,3,219,LeftResponse,1765528384.13951,1384.5979068279266,False
2237,3,220,FeedbackPeriodStarted,1765528384.1669443,1384.6253247261047,False
2238,3,220,startFixDisplay,1765528384.1671083,1384.6254873275757,False
2239,3,220,startFixPeriod,1765528384.3406117,1384.7989904880524,False
2240,3,220,TargetPresentation,1765528385.0413737,1385.4997515678406,False
2241,3,220,TargetDisplacement,1765528385.2702198,1385.7285995483398,True
2242,3,220,LeftResponse,1765528386.714135,1387.172515153885,False
2243,3,221,FeedbackPeriodStarted,1765528386.7412584,1387.1996366977692,False
2244,3,221,startFixDisplay,1765528386.7413404,1387.199717760086,False
2245,3,221,startFixPeriod,1765528386.9496825,1387.408063173294,False
2246,3,221,TargetPresentation,1765528388.35831,1388.8166902065277,False
2247,3,221,TargetDisplacement,1765528388.531651,1388.990031003952,True
2248,3,221,LeftResponse,1765528389.3856597,1389.8440382480621,False
2249,3,222,FeedbackPeriodStarted,1765528389.4128635,1389.8712439537048,False
2250,3,222,startFixDisplay,1765528389.4130096,1389.8713884353638,False
2251,3,222,startFixPeriod,1765528389.6003556,1390.0587348937988,False
2252,3,222,TargetPresentation,1765528390.9465895,1391.4049680233002,False
2253,3,222,TargetDisplacement,1765528391.3419113,1391.80029129982,True
2254,3,222,LeftResponse,1765528391.9459429,1392.4043209552765,False
2255,3,222,FeedbackPeriodStarted,1765528391.9526725,1392.4110503196716,False
2256,3,223,startFixDisplay,1765528393.9648387,1394.4232184886932,False
2257,3,223,startFixPeriod,1765528394.2356758,1394.6940560340881,False
2258,3,223,TargetPresentation,1765528395.5610807,1396.0194609165192,False
2259,3,223,TargetDisplacement,1765528395.7482238,1396.206603527069,True
2260,3,223,LeftResponse,1765528396.4495595,1396.9079382419586,False
2261,3,224,FeedbackPeriodStarted,1765528396.4697704,1396.9281480312347,False
2262,3,224,startFixDisplay,1765528396.4698336,1396.928210735321,False
2263,3,224,startFixPeriod,1765528396.6436422,1397.1020240783691,False
2264,3,224,TargetPresentation,1765528397.4692914,1397.9276716709137,False
2265,3,224,TargetDisplacement,1765528397.7605736,1398.2189509868622,True
2266,3,224,LeftResponse,1765528398.2882838,1398.746663570404,False
2267,3,225,FeedbackPeriodStarted,1765528398.3087804,1398.767160654068,False
2268,3,225,startFixDisplay,1765528398.3089163,1398.7672951221466,False
2269,3,225,startFixPeriod,1765528398.503204,1398.9615845680237,False
2270,3,225,TargetPresentation,1765528399.9950087,1400.453388929367,False
2271,3,225,TargetRemoval,1765528400.2239263,1400.6823062896729,True
2272,3,225,TargetReappeared,1765528400.47386,1400.932240486145,False
2273,3,225,RightResponse,1765528401.1056385,1401.5640161037445,False
2274,3,226,FeedbackPeriodStarted,1765528401.1258535,1401.5842308998108,False
2275,3,226,startFixDisplay,1765528401.125914,1401.5842912197113,False
2276,3,226,startFixPeriod,1765528401.31355,1401.77193069458,False
2277,3,226,TargetPresentation,1765528402.2502124,1402.7085921764374,False
2278,3,226,TargetDisplacement,1765528402.6179128,1403.0762927532196,True
2279,3,226,RightResponse,1765528403.3398476,1403.798226594925,False
2280,3,227,FeedbackPeriodStarted,1765528403.3609374,1403.8193221092224,False
2281,3,227,startFixDisplay,1765528403.3610742,1403.8194515705109,False
2282,3,227,startFixPeriod,1765528403.5063028,1403.9646830558777,False
2283,3,227,TargetPresentation,1765528404.831552,1405.2899327278137,False
2284,3,227,TargetDisplacement,1765528405.0534754,1405.5118525028229,True
2285,3,227,RightResponse,1765528405.7131448,1406.1715245246887,False
2286,3,228,FeedbackPeriodStarted,1765528405.7333858,1406.19176363945,False
2287,3,228,startFixDisplay,1765528405.733448,1406.191824913025,False
2288,3,228,startFixPeriod,1765528405.8794124,1406.3377928733826,False
2289,3,228,TargetPresentation,1765528406.7676082,1407.2259857654572,False
2290,3,228,TargetRemoval,1765528406.9271567,1407.3855369091034,True
2291,3,228,TargetReappeared,1765528407.177024,1407.6354043483734,False
2292,3,228,RightResponse,1765528407.7462285,1408.204607963562,False
2293,3,228,FeedbackPeriodStarted,1765528407.752903,1408.2112836837769,False
2294,3,229,startFixDisplay,1765528409.7650535,1410.2234330177307,False
2295,3,229,startFixPeriod,1765528410.0081964,1410.4665768146515,False
2296,3,229,TargetPresentation,1765528410.9102273,1411.3686075210571,False
2297,3,229,TargetRemoval,1765528411.0835536,1411.5419306755066,True
2298,3,229,TargetReappeared,1765528411.3334954,1411.791873216629,False
2299,3,229,LeftResponse,1765528411.9374511,1412.395830631256,False
2300,3,230,FeedbackPeriodStarted,1765528411.9577227,1412.4161002635956,False
2301,3,230,startFixDisplay,1765528411.9577832,1412.4161603450775,False
2302,3,230,startFixPeriod,1765528412.1038036,1412.562183856964,False
2303,3,230,TargetPresentation,1765528413.4084005,1413.8667814731598,False
2304,3,230,TargetRemoval,1765528413.5886312,1414.0470111370087,True
2305,3,230,TargetReappeared,1765528413.838435,1414.2968127727509,False
2306,3,230,LeftResponse,1765528414.5050125,1414.9633920192719,False
2307,3,231,FeedbackPeriodStarted,1765528414.532136,1414.9905138015747,False
2308,3,231,startFixDisplay,1765528414.5322015,1414.9905784130096,False
2309,3,231,startFixPeriod,1765528414.8793766,1415.3377573490143,False
2310,3,231,TargetPresentation,1765528415.5593994,1416.017780303955,False
2311,3,231,TargetDisplacement,1765528415.843757,1416.3021364212036,True
2312,3,231,RightResponse,1765528416.5518467,1417.0102257728577,False
2313,3,232,FeedbackPeriodStarted,1765528416.5792289,1417.0376088619232,False
2314,3,232,startFixDisplay,1765528416.579443,1417.037822008133,False
2315,3,232,startFixPeriod,1765528416.7876391,1417.2460169792175,False
2316,3,232,TargetPresentation,1765528417.6756568,1418.1340363025665,False
2317,3,232,TargetDisplacement,1765528417.814468,1418.2728452682495,True
2318,3,232,LeftResponse,1765528418.8211272,1419.2795066833496,False
2319,3,233,FeedbackPeriodStarted,1765528418.855171,1419.3135488033295,False
2320,3,233,startFixDisplay,1765528418.8552332,1419.3136103153229,False
2321,3,233,startFixPeriod,1765528419.028848,1419.487228155136,False
2322,3,233,TargetPresentation,1765528419.9239736,1420.382351398468,False
2323,3,233,TargetDisplacement,1765528420.0835922,1420.541969537735,True
2324,3,233,RightResponse,1765528420.7571645,1421.2155447006226,False
2325,3,234,FeedbackPeriodStarted,1765528420.784338,1421.2427179813385,False
2326,3,234,startFixDisplay,1765528420.7844725,1421.2428512573242,False
2327,3,234,startFixPeriod,1765528421.08276,1421.5411388874054,False
2328,3,234,TargetPresentation,1765528422.5329797,1422.991359949112,False
2329,3,234,TargetDisplacement,1765528422.7272747,1423.1856546401978,True
2330,3,234,RightResponse,1765528423.6574945,1424.1158742904663,False
2331,3,234,FeedbackPeriodStarted,1765528423.6710098,1424.1293902397156,False
2332,3,235,startFixDisplay,1765528425.6831508,1426.1415281295776,False
2333,3,235,startFixPeriod,1765528426.0303986,1426.4887790679932,False
2334,3,235,TargetPresentation,1765528426.634102,1427.0924832820892,False
2335,3,235,TargetDisplacement,1765528426.8351574,1427.2935371398926,True
2336,3,235,RightResponse,1765528427.7512772,1428.2096555233002,False
2337,3,236,FeedbackPeriodStarted,1765528427.7788796,1428.2372598648071,False
2338,3,236,startFixDisplay,1765528427.7790194,1428.2373976707458,False
2339,3,236,startFixPeriod,1765528427.987315,1428.4456944465637,False
2340,3,236,TargetPresentation,1765528428.7714078,1429.2297880649567,False
2341,3,236,TargetRemoval,1765528428.8613594,1429.3197367191315,True
2342,3,236,TargetReappeared,1765528429.1113408,1429.5697185993195,False
2343,3,236,LeftResponse,1765528429.7711291,1430.2295079231262,False
2344,3,237,FeedbackPeriodStarted,1765528429.798095,1430.256472826004,False
2345,3,237,startFixDisplay,1765528429.79816,1430.2565371990204,False
2346,3,237,startFixPeriod,1765528430.027328,1430.4857060909271,False
2347,3,237,TargetPresentation,1765528431.359604,1431.817982673645,False
2348,3,237,TargetDisplacement,1765528431.699373,1432.1577501296997,True
2349,3,237,LeftResponse,1765528432.1093345,1432.5677144527435,False
2350,3,238,FeedbackPeriodStarted,1765528432.1296017,1432.58797955513,False
2351,3,238,startFixDisplay,1765528432.129671,1432.5880482196808,False
2352,3,238,startFixPeriod,1765528432.3588355,1432.817215681076,False
2353,3,238,TargetPresentation,1765528433.3303237,1433.7887041568756,False
2354,3,238,TargetDisplacement,1765528433.3372526,1433.7956330776215,True
2355,3,238,RightResponse,1765528434.0799026,1434.5382809638977,False
2356,3,239,FeedbackPeriodStarted,1765528434.107185,1434.5655627250671,False
2357,3,239,startFixDisplay,1765528434.1072483,1434.5656254291534,False
2358,3,239,startFixPeriod,1765528434.3364828,1434.794862985611,False
2359,3,239,TargetPresentation,1765528435.6618614,1436.1202411651611,False
2360,3,239,TargetDisplacement,1765528435.8697789,1436.3281562328339,True
2361,3,239,LeftResponse,1765528436.4529855,1436.911363363266,False
2362,3,240,FeedbackPeriodStarted,1765528436.4738648,1436.9322426319122,False
2363,3,240,startFixDisplay,1765528436.4739342,1436.9323110580444,False
2364,3,240,startFixPeriod,1765528436.6957629,1437.1541411876678,False
2365,3,240,TargetPresentation,1765528438.1391594,1438.5975403785706,False
2366,3,240,TargetDisplacement,1765528438.2985992,1438.7569766044617,True
2367,3,240,LeftResponse,1765528438.8194065,1439.2777841091156,False
2368,3,240,FeedbackPeriodStarted,1765528438.8260102,1439.284390449524,False
2369,3,241,startFixDisplay,1765528440.8381658,1441.2965457439423,False
2370,3,241,startFixPeriod,1765528441.0743241,1441.5327031612396,False
2371,3,241,TargetPresentation,1765528442.1428876,1442.6012663841248,False
2372,3,241,TargetRemoval,1765528442.2954304,1442.7538101673126,True
2373,3,241,TargetReappeared,1765528442.5453885,1443.0037808418274,False
2374,3,241,RightResponse,1765528443.2048783,1443.6632561683655,False
2375,3,242,FeedbackPeriodStarted,1765528443.225479,1443.6838569641113,False
2376,3,242,startFixDisplay,1765528443.2255645,1443.683941602707,False
2377,3,242,startFixPeriod,1765528443.4544342,1443.912812948227,False
2378,3,242,TargetPresentation,1765528444.5855117,1445.0439178943634,False
2379,3,242,TargetDisplacement,1765528444.7795975,1445.2379748821259,True
2380,3,242,LeftResponse,1765528445.3279872,1445.7863647937775,False
2381,3,243,FeedbackPeriodStarted,1765528445.4455965,1445.9039738178253,False
2382,3,243,startFixDisplay,1765528445.4456506,1445.9040277004242,False
2383,3,243,startFixPeriod,1765528445.6263518,1446.084731578827,False
2384,3,243,TargetPresentation,1765528446.694944,1447.1533243656158,False
2385,3,243,TargetRemoval,1765528446.8544466,1447.3128266334534,True
2386,3,243,TargetReappeared,1765528447.1043696,1447.5627484321594,False
2387,3,243,RightResponse,1765528447.6873195,1448.145697593689,False
2388,3,244,FeedbackPeriodStarted,1765528447.7147722,1448.1731524467468,False
2389,3,244,startFixDisplay,1765528447.7149146,1448.173293352127,False
2390,3,244,startFixPeriod,1765528448.0480645,1448.5064449310303,False
2391,3,244,TargetPresentation,1765528449.1166527,1449.5750312805176,False
2392,3,244,TargetDisplacement,1765528449.2830226,1449.741402387619,True
2393,3,244,RightResponse,1765528449.9566147,1450.4149923324585,False
2394,3,245,FeedbackPeriodStarted,1765528449.976965,1450.4353427886963,False
2395,3,245,startFixDisplay,1765528449.977033,1450.4354100227356,False
2396,3,245,startFixPeriod,1765528450.199283,1450.6576642990112,False
2397,3,245,TargetPresentation,1765528450.9139037,1451.3722846508026,False
2398,3,245,TargetDisplacement,1765528451.0802417,1451.5386214256287,True
2399,3,245,RightResponse,1765528451.6078315,1452.0662093162537,False
2400,3,246,FeedbackPeriodStarted,1765528451.6353495,1452.0937297344208,False
2401,3,246,startFixDisplay,1765528451.6354907,1452.0938692092896,False
2402,3,246,startFixPeriod,1765528451.871469,1452.3298485279083,False
2403,3,246,TargetPresentation,1765528452.6833882,1453.1417660713196,False
2404,3,246,TargetRemoval,1765528452.8290172,1453.287397146225,True
2405,3,246,TargetReappeared,1765528453.078832,1453.5372111797333,False
2406,3,246,RightResponse,1765528453.6481335,1454.106514453888,False
2407,3,246,FeedbackPeriodStarted,1765528453.6618009,1454.1201786994934,False
2408,3,247,startFixDisplay,1765528455.6738675,1456.1322474479675,False
2409,3,247,startFixPeriod,1765528455.9239473,1456.38232755661,False
2410,3,247,TargetPresentation,1765528456.8746831,1457.3330664634705,False
2411,3,247,TargetDisplacement,1765528457.0269582,1457.485337972641,True
2412,3,247,RightResponse,1765528457.610301,1458.0686798095703,False
2413,3,248,FeedbackPeriodStarted,1765528457.637674,1458.096054315567,False
2414,3,248,startFixDisplay,1765528457.637816,1458.0961949825287,False
2415,3,248,startFixPeriod,1765528457.8391104,1458.2974908351898,False
2416,3,248,TargetPresentation,1765528459.3033001,1459.7616806030273,False
2417,3,248,TargetRemoval,1765528459.4764495,1459.934829235077,True
2418,3,248,TargetReappeared,1765528459.7264042,1460.1847841739655,False
2419,3,248,LeftResponse,1765528460.2749515,1460.7333300113678,False
2420,3,249,FeedbackPeriodStarted,1765528460.295196,1460.7535738945007,False
2421,3,249,startFixDisplay,1765528460.2952607,1460.7536375522614,False
2422,3,249,startFixPeriod,1765528460.538397,1460.9967772960663,False
2423,3,249,TargetPresentation,1765528461.2600584,1461.7184383869171,False
2424,3,249,TargetDisplacement,1765528461.5651934,1462.02357339859,True
2425,3,249,RightResponse,1765528462.266505,1462.724883556366,False
2426,3,250,FeedbackPeriodStarted,1765528462.2938404,1462.752221107483,False
2427,3,250,startFixDisplay,1765528462.2939787,1462.7523574829102,False
2428,3,250,startFixPeriod,1765528462.4674451,1462.9258244037628,False
2429,3,250,TargetPresentation,1765528463.1683044,1463.62668466568,False
2430,3,250,TargetDisplacement,1765528463.327726,1463.786105632782,True
2431,3,250,LeftResponse,1765528463.9109101,1464.3692882061005,False
2432,3,251,FeedbackPeriodStarted,1765528463.938216,1464.3965935707092,False
2433,3,251,startFixDisplay,1765528463.9382813,1464.3966581821442,False
2434,3,251,startFixPeriod,1765528464.1535854,1464.6119637489319,False
2435,3,251,TargetPresentation,1765528465.4373739,1465.8957543373108,False
2436,3,251,TargetRemoval,1765528465.589934,1466.0483140945435,True
2437,3,251,TargetReappeared,1765528465.839823,1466.2982029914856,False
2438,3,251,LeftResponse,1765528466.4090288,1466.8674070835114,False
2439,3,252,FeedbackPeriodStarted,1765528466.4363942,1466.8947746753693,False
2440,3,252,startFixDisplay,1765528466.4365747,1466.8949654102325,False
2441,3,252,startFixPeriod,1765528466.5961568,1467.0545372962952,False
2442,3,252,TargetPresentation,1765528467.3871288,1467.8455092906952,False
2443,3,252,TargetRemoval,1765528467.643793,1468.102173089981,True
2444,3,252,TargetReappeared,1765528467.8936865,1468.3520648479462,False
2445,3,252,LeftResponse,1765528468.2964063,1468.7547862529755,False
2446,3,252,FeedbackPeriodStarted,1765528468.3099408,1468.7683210372925,False
2447,3,253,startFixDisplay,1765528470.322297,1470.7806777954102,False
2448,3,253,startFixPeriod,1765528470.6901557,1471.1485362052917,False
2449,3,253,TargetPresentation,1765528471.585308,1472.0436885356903,False
2450,3,253,TargetDisplacement,1765528471.7377388,1472.1961162090302,True
2451,3,253,LeftResponse,1765528472.418249,1472.8766286373138,False
2452,3,254,FeedbackPeriodStarted,1765528472.43854,1472.8969175815582,False
2453,3,254,startFixDisplay,1765528472.4386032,1472.8969802856445,False
2454,3,254,startFixPeriod,1765528472.6123047,1473.0706849098206,False
2455,3,254,TargetPresentation,1765528473.451958,1473.9103384017944,False
2456,3,254,TargetRemoval,1765528473.4588673,1473.9172463417053,True
2457,3,254,TargetReappeared,1765528473.7087822,1474.1671631336212,False
2458,3,254,RightResponse,1765528474.4167027,1474.875081539154,False
2459,3,255,FeedbackPeriodStarted,1765528474.4440343,1474.9024121761322,False
2460,3,255,startFixDisplay,1765528474.444102,1474.902479171753,False
2461,3,255,startFixPeriod,1765528474.6732535,1475.131634235382,False
2462,3,255,TargetPresentation,1765528475.75573,1476.2141106128693,False
2463,3,255,TargetDisplacement,1765528475.9498253,1476.4082050323486,True
2464,3,255,RightResponse,1765528476.498489,1476.956868648529,False
2465,3,256,FeedbackPeriodStarted,1765528476.5257685,1476.9841487407684,False
2466,3,256,startFixDisplay,1765528476.5259113,1476.9842898845673,False
2467,3,256,startFixPeriod,1765528476.7201726,1477.1785535812378,False
2468,3,256,TargetPresentation,1765528477.7748885,1478.2332675457,False
2469,3,256,TargetRemoval,1765528478.0454452,1478.503824710846,True
2470,3,256,TargetReappeared,1765528478.295444,1478.7538242340088,False
2471,3,256,RightResponse,1765528479.1490543,1479.6074340343475,False
2472,3,257,FeedbackPeriodStarted,1765528479.17644,1479.6348178386688,False
2473,3,257,startFixDisplay,1765528479.1765027,1479.6348795890808,False
2474,3,257,startFixPeriod,1765528479.377751,1479.8361294269562,False
2475,3,257,TargetPresentation,1765528480.5228083,1480.9811868667603,False
2476,3,257,TargetDisplacement,1765528480.7030838,1481.1614632606506,True
2477,3,257,LeftResponse,1765528481.973435,1482.4318149089813,False
2478,3,258,FeedbackPeriodStarted,1765528482.0007637,1482.4591443538666,False
2479,3,258,startFixDisplay,1765528482.0008821,1482.4592590332031,False
2480,3,258,startFixPeriod,1765528482.743302,1483.2016825675964,False
2481,3,258,TargetPresentation,1765528483.631487,1484.0898652076721,False
2482,3,258,TargetDisplacement,1765528483.7701075,1484.2284870147705,True
2483,3,258,LeftResponse,1765528484.4575846,1484.915964603424,False
2484,3,258,FeedbackPeriodStarted,1765528484.464006,1484.9223861694336,False
2485,3,259,startFixDisplay,1765528486.4763362,1486.9347159862518,False
2486,3,259,startFixPeriod,1765528486.7540622,1487.212440252304,False
2487,3,259,TargetPresentation,1765528487.8990223,1488.3574004173279,False
2488,3,259,TargetDisplacement,1765528488.058571,1488.5169513225555,True
2489,3,259,LeftResponse,1765528489.3633866,1489.8217651844025,False
2490,3,260,FeedbackPeriodStarted,1765528489.390765,1489.8491451740265,False
2491,3,260,startFixDisplay,1765528489.390902,1489.8492789268494,False
2492,3,260,startFixPeriod,1765528489.578351,1490.0367314815521,False
2493,3,260,TargetPresentation,1765528490.5150173,1490.9733951091766,False
2494,3,260,TargetDisplacement,1765528490.7369034,1491.195280790329,True
2495,3,260,RightResponse,1765528491.354971,1491.813349723816,False
2496,3,261,FeedbackPeriodStarted,1765528491.3823035,1491.8406836986542,False
2497,3,261,startFixDisplay,1765528491.3824492,1491.8408279418945,False
2498,3,261,startFixPeriod,1765528491.562963,1492.0213420391083,False
2499,3,261,TargetPresentation,1765528492.1804552,1492.6388356685638,False
2500,3,261,TargetRemoval,1765528492.326006,1492.7843835353851,True
2501,3,261,TargetReappeared,1765528492.5758905,1493.0342690944672,False
2502,3,261,RightResponse,1765528493.2004168,1493.6587944030762,False
2503,3,262,FeedbackPeriodStarted,1765528493.221007,1493.6793847084045,False
2504,3,262,startFixDisplay,1765528493.2210674,1493.679444551468,False
2505,3,262,startFixPeriod,1765528493.4433522,1493.9017329216003,False
2506,3,262,TargetPresentation,1765528494.1789398,1494.6373200416565,False
2507,3,262,TargetDisplacement,1765528494.352228,1494.8106076717377,True
2508,3,262,FeedbackPeriodStarted,1765528496.3576765,1496.8160545825958,False
2509,3,263,startFixDisplay,1765528496.8710105,1497.3293905258179,False
2510,3,263,startFixPeriod,1765528496.9336936,1497.3920738697052,False
2511,3,263,TargetPresentation,1765528497.4402342,1497.8986134529114,False
2512,3,263,TargetDisplacement,1765528497.5927715,1498.0511512756348,True
2513,3,263,RightResponse,1765528498.370263,1498.8286411762238,False
2514,3,263,FeedbackPeriodStarted,1765528498.4115887,1498.8699691295624,False
2515,4,264,startFixDisplay,1765528504.8925872,1505.350967168808,False
2516,4,264,startFixPeriod,1765528505.094131,1505.5525109767914,False
2517,4,264,TargetPresentation,1765528506.516396,1506.974776506424,False
2518,4,264,TargetDisplacement,1765528506.6829019,1507.141279220581,True
2519,4,264,RightResponse,1765528507.5231473,1507.9815261363983,False
2520,4,265,FeedbackPeriodStarted,1765528507.5502756,1508.0086555480957,False
2521,4,265,startFixDisplay,1765528507.5504181,1508.008796930313,False
2522,4,265,startFixPeriod,1765528507.6961415,1508.154521226883,False
2523,4,265,TargetPresentation,1765528508.5911546,1509.049535036087,False
2524,4,265,TargetDisplacement,1765528508.8340192,1509.2923963069916,True
2525,4,265,RightResponse,1765528509.3687456,1509.827124118805,False
2526,4,266,FeedbackPeriodStarted,1765528509.396072,1509.8544521331787,False
2527,4,266,startFixDisplay,1765528509.3962147,1509.8545935153961,False
2528,4,266,startFixPeriod,1765528509.555781,1510.014161348343,False
2529,4,266,TargetPresentation,1765528510.777168,1511.2355470657349,False
2530,4,266,TargetDisplacement,1765528510.95739,1511.415769815445,True
2531,4,266,LeftResponse,1765528512.401009,1512.8593866825104,False
2532,4,267,FeedbackPeriodStarted,1765528512.4284322,1512.886812210083,False
2533,4,267,startFixDisplay,1765528512.428608,1512.8869869709015,False
2534,4,267,startFixPeriod,1765528512.636796,1513.0951764583588,False
2535,4,267,TargetPresentation,1765528513.816397,1514.2747778892517,False
2536,4,267,TargetDisplacement,1765528513.823334,1514.2817142009735,True
2537,4,267,LeftResponse,1765528514.5453453,1515.0037250518799,False
2538,4,268,FeedbackPeriodStarted,1765528514.5724678,1515.0308454036713,False
2539,4,268,startFixDisplay,1765528514.5726013,1515.030978679657,False
2540,4,268,startFixPeriod,1765528514.8850763,1515.3434545993805,False
2541,4,268,TargetPresentation,1765528516.3769057,1516.8352835178375,False
2542,4,268,TargetRemoval,1765528516.3839343,1516.8423142433167,True
2543,4,268,TargetReappeared,1765528516.6336966,1517.0920751094818,False
2544,4,268,LeftResponse,1765528517.4526489,1517.911028623581,False
2545,4,269,FeedbackPeriodStarted,1765528517.4800339,1517.9384136199951,False
2546,4,269,startFixDisplay,1765528517.4801736,1517.9385523796082,False
2547,4,269,startFixPeriod,1765528517.7856243,1518.2440025806427,False
2548,4,269,TargetPresentation,1765528519.1317694,1519.590149641037,False
2549,4,269,TargetDisplacement,1765528519.2704182,1519.7287986278534,True
2550,4,269,RightResponse,1765528519.8954182,1520.3537979125977,False
2551,4,270,FeedbackPeriodStarted,1765528519.9295444,1520.387924671173,False
2552,4,270,startFixDisplay,1765528519.9296868,1520.3880655765533,False
2553,4,270,startFixPeriod,1765528520.1240087,1520.582388162613,False
2554,4,270,TargetPresentation,1765528521.4631886,1521.921569108963,False
2555,4,270,TargetDisplacement,1765528521.7268353,1522.185212612152,True
2556,4,270,RightResponse,1765528522.532094,1522.9904730319977,False
2557,4,270,FeedbackPeriodStarted,1765528522.5458024,1523.0041825771332,False
2558,4,271,startFixDisplay,1765528524.557816,1525.0161936283112,False
2559,4,271,startFixPeriod,1765528524.8009918,1525.2593727111816,False
2560,4,271,TargetPresentation,1765528525.4948606,1525.953238248825,False
2561,4,271,TargetDisplacement,1765528525.654308,1526.112687587738,True
2562,4,271,RightResponse,1765528526.5081487,1526.966527223587,False
2563,4,272,FeedbackPeriodStarted,1765528526.535492,1526.9938716888428,False
2564,4,272,startFixDisplay,1765528526.5356667,1526.9940457344055,False
2565,4,272,startFixPeriod,1765528526.7508621,1527.2092423439026,False
2566,4,272,TargetPresentation,1765528527.6182592,1528.0766396522522,False
2567,4,272,TargetDisplacement,1765528527.770721,1528.2290983200073,True
2568,4,272,LeftResponse,1765528528.3888063,1528.847186088562,False
2569,4,273,FeedbackPeriodStarted,1765528528.4160893,1528.8744695186615,False
2570,4,273,startFixDisplay,1765528528.416298,1528.8746774196625,False
2571,4,273,startFixPeriod,1765528528.5966232,1529.0550043582916,False
2572,4,273,TargetPresentation,1765528529.1447947,1529.603173494339,False
2573,4,273,TargetRemoval,1765528529.3111537,1529.7695333957672,True
2574,4,273,TargetReappeared,1765528529.5611033,1530.019481420517,False
2575,4,273,RightResponse,1765528530.2761037,1530.7344815731049,False
2576,4,274,FeedbackPeriodStarted,1765528530.303401,1530.7617807388306,False
2577,4,274,startFixDisplay,1765528530.3035684,1530.7619495391846,False
2578,4,274,startFixPeriod,1765528530.5187283,1530.9771087169647,False
2579,4,274,TargetPresentation,1765528531.8025024,1532.2608828544617,False
2580,4,274,TargetDisplacement,1765528532.2880323,1532.7464096546173,True
2581,4,274,RightResponse,1765528533.4334466,1533.89182639122,False
2582,4,275,FeedbackPeriodStarted,1765528533.4606986,1533.9190785884857,False
2583,4,275,startFixDisplay,1765528533.4608371,1533.9192159175873,False
2584,4,275,startFixPeriod,1765528533.6550987,1534.1134765148163,False
2585,4,275,TargetPresentation,1765528535.008268,1535.466647386551,False
2586,4,275,TargetRemoval,1765528535.195592,1535.6539726257324,True
2587,4,275,TargetReappeared,1765528535.4454648,1535.9038450717926,False
2588,4,275,RightResponse,1765528536.0562365,1536.5146152973175,False
2589,4,276,FeedbackPeriodStarted,1765528536.0836654,1536.5420453548431,False
2590,4,276,startFixDisplay,1765528536.0838661,1536.5422451496124,False
2591,4,276,startFixPeriod,1765528536.368304,1536.8266830444336,False
2592,4,276,TargetPresentation,1765528537.7769206,1538.2352991104126,False
2593,4,276,TargetRemoval,1765528537.9226637,1538.3810439109802,True
2594,4,276,TargetReappeared,1765528538.1724322,1538.6308097839355,False
2595,4,276,LeftResponse,1765528539.1371148,1539.5954928398132,False
2596,4,276,FeedbackPeriodStarted,1765528539.1438754,1539.6022655963898,False
2597,4,277,startFixDisplay,1765528541.1561399,1541.614517211914,False
2598,4,277,startFixPeriod,1765528541.2810645,1541.7394425868988,False
2599,4,277,TargetPresentation,1765528542.3845427,1542.8429250717163,False
2600,4,277,TargetRemoval,1765528542.5300503,1542.9884278774261,True
2601,4,277,TargetReappeared,1765528542.7800443,1543.2384223937988,False
2602,4,277,RightResponse,1765528543.3077276,1543.7661056518555,False
2603,4,278,FeedbackPeriodStarted,1765528543.334933,1543.7933115959167,False
2604,4,278,startFixDisplay,1765528543.3350267,1543.793404340744,False
2605,4,278,startFixPeriod,1765528543.598829,1544.057209968567,False
2606,4,278,TargetPresentation,1765528544.8824537,1545.3408319950104,False
2607,4,278,TargetRemoval,1765528545.0838,1545.5421800613403,True
2608,4,278,TargetReappeared,1765528545.3336782,1545.7920587062836,False
2609,4,278,RightResponse,1765528546.0417488,1546.5001285076141,False
2610,4,279,FeedbackPeriodStarted,1765528546.0689406,1546.5273203849792,False
2611,4,279,startFixDisplay,1765528546.0691426,1546.5275220870972,False
2612,4,279,startFixPeriod,1765528546.3744507,1546.8328311443329,False
2613,4,279,TargetPresentation,1765528547.4015012,1547.859879732132,False
2614,4,279,TargetDisplacement,1765528547.547102,1548.0054817199707,True
2615,4,279,RightResponse,1765528548.2899828,1548.7483608722687,False
2616,4,280,FeedbackPeriodStarted,1765528548.3171463,1548.7755241394043,False
2617,4,280,startFixDisplay,1765528548.3172107,1548.775587797165,False
2618,4,280,startFixPeriod,1765528548.55337,1549.0117506980896,False
2619,4,280,TargetPresentation,1765528549.8091304,1550.2675087451935,False
2620,4,280,TargetDisplacement,1765528549.9756074,1550.4339871406555,True
2621,4,280,RightResponse,1765528550.4689438,1550.9273245334625,False
2622,4,281,FeedbackPeriodStarted,1765528550.496064,1550.954443693161,False
2623,4,281,startFixDisplay,1765528550.4962034,1550.954581975937,False
2624,4,281,startFixPeriod,1765528550.753018,1551.211397409439,False
2625,4,281,TargetPresentation,1765528551.4816616,1551.9400420188904,False
2626,4,281,TargetDisplacement,1765528551.6479797,1552.106359243393,True
2627,4,281,LeftResponse,1765528552.2450793,1552.703456878662,False
2628,4,282,FeedbackPeriodStarted,1765528552.2656667,1552.724044561386,False
2629,4,282,startFixDisplay,1765528552.2657347,1552.7241115570068,False
2630,4,282,startFixPeriod,1765528552.7721784,1553.2305591106415,False
2631,4,282,TargetPresentation,1765528553.5494113,1554.0077905654907,False
2632,4,282,TargetDisplacement,1765528553.7296681,1554.1880478858948,True
2633,4,282,RightResponse,1765528554.5489461,1555.0073256492615,False
2634,4,282,FeedbackPeriodStarted,1765528554.5554264,1555.0138063430786,False
2635,4,283,startFixDisplay,1765528556.5676296,1557.0260071754456,False
2636,4,283,startFixPeriod,1765528556.8524969,1557.3108775615692,False
2637,4,283,TargetPresentation,1765528557.393773,1557.8521537780762,False
2638,4,283,TargetDisplacement,1765528557.5532422,1558.0116221904755,True
2639,4,283,RightResponse,1765528558.1711423,1558.6295201778412,False
2640,4,284,FeedbackPeriodStarted,1765528558.198546,1558.6569278240204,False
2641,4,284,startFixDisplay,1765528558.198738,1558.6571176052094,False
2642,4,284,startFixPeriod,1765528558.4276419,1558.8860223293304,False
2643,4,284,TargetPresentation,1765528559.3019438,1559.7603225708008,False
2644,4,284,TargetDisplacement,1765528559.5168047,1559.9751842021942,True
2645,4,284,RightResponse,1765528559.9194036,1560.3777811527252,False
2646,4,285,FeedbackPeriodStarted,1765528559.9400272,1560.3984048366547,False
2647,4,285,startFixDisplay,1765528559.940091,1560.3984680175781,False
2648,4,285,startFixPeriod,1765528560.2664666,1560.7248466014862,False
2649,4,285,TargetPresentation,1765528561.0852234,1561.5436012744904,False
2650,4,285,TargetDisplacement,1765528561.0921206,1561.5504989624023,True
2651,4,285,LeftResponse,1765528562.9312878,1563.3896660804749,False
2652,4,286,FeedbackPeriodStarted,1765528562.9585743,1563.4169523715973,False
2653,4,286,startFixDisplay,1765528562.958642,1563.4170191287994,False
2654,4,286,startFixPeriod,1765528563.2154622,1563.6738426685333,False
2655,4,286,TargetPresentation,1765528563.937214,1564.395593881607,False
2656,4,286,TargetDisplacement,1765528564.172943,1564.6313228607178,True
2657,4,286,LeftResponse,1765528564.6730883,1565.1314671039581,False
2658,4,287,FeedbackPeriodStarted,1765528564.7004204,1565.1588006019592,False
2659,4,287,startFixDisplay,1765528564.7006147,1565.1589937210083,False
2660,4,287,startFixPeriod,1765528564.8670392,1565.3254179954529,False
2661,4,287,TargetPresentation,1765528565.5401263,1565.998505115509,False
2662,4,287,TargetDisplacement,1765528565.6927347,1566.1511147022247,True
2663,4,287,RightResponse,1765528566.2899086,1566.7482883930206,False
2664,4,288,FeedbackPeriodStarted,1765528566.317108,1566.7754881381989,False
2665,4,288,startFixDisplay,1765528566.3172457,1566.775624513626,False
2666,4,288,startFixPeriod,1765528566.5324407,1566.9908208847046,False
2667,4,288,TargetPresentation,1765528567.4692233,1567.92760181427,False
2668,4,288,TargetRemoval,1765528567.6494708,1568.1078503131866,True
2669,4,288,TargetReappeared,1765528567.8994632,1568.3578436374664,False
2670,4,288,RightResponse,1765528568.2813122,1568.7396914958954,False
2671,4,288,FeedbackPeriodStarted,1765528568.2878706,1568.7462511062622,False
2672,4,289,startFixDisplay,1765528570.3001788,1570.7585589885712,False
2673,4,289,startFixPeriod,1765528570.543235,1571.0016136169434,False
2674,4,289,TargetPresentation,1765528571.466117,1571.9244976043701,False
2675,4,289,TargetDisplacement,1765528571.6046572,1572.0630371570587,True
2676,4,289,LeftResponse,1765528572.916764,1573.3751435279846,False
2677,4,290,FeedbackPeriodStarted,1765528572.9438019,1573.402179479599,False
2678,4,290,startFixDisplay,1765528572.9438667,1573.4022436141968,False
2679,4,290,startFixPeriod,1765528573.1315486,1573.5899295806885,False
2680,4,290,TargetPresentation,1765528574.0058312,1574.4642102718353,False
2681,4,290,TargetDisplacement,1765528574.5053048,1574.963684797287,True
2682,4,290,LeftResponse,1765528574.818048,1575.2764258384705,False
2683,4,291,FeedbackPeriodStarted,1765528574.8451912,1575.3035690784454,False
2684,4,291,startFixDisplay,1765528574.8452573,1575.3036341667175,False
2685,4,291,startFixPeriod,1765528575.1993172,1575.6576979160309,False
2686,4,291,TargetPresentation,1765528576.4969053,1576.9552836418152,False
2687,4,291,TargetDisplacement,1765528576.6424966,1577.1008763313293,True
2688,4,291,LeftResponse,1765528577.5866776,1578.045057296753,False
2689,4,292,FeedbackPeriodStarted,1765528577.6138873,1578.0722649097443,False
2690,4,292,startFixDisplay,1765528577.6139586,1578.0723357200623,False
2691,4,292,startFixPeriod,1765528577.7945428,1578.2529249191284,False
2692,4,292,TargetPresentation,1765528578.8978605,1579.3562397956848,False
2693,4,292,TargetDisplacement,1765528579.3417702,1579.8001506328583,True
2694,4,292,RightResponse,1765528580.3691812,1580.8275609016418,False
2695,4,293,FeedbackPeriodStarted,1765528580.396452,1580.8548316955566,False
2696,4,293,startFixDisplay,1765528580.3966231,1580.8550019264221,False
2697,4,293,startFixPeriod,1765528580.5492485,1581.0076286792755,False
2698,4,293,TargetPresentation,1765528581.3820117,1581.8403902053833,False
2699,4,293,TargetDisplacement,1765528581.582937,1582.0413143634796,True
2700,4,293,RightResponse,1765528582.6242394,1583.0826172828674,False
2701,4,294,FeedbackPeriodStarted,1765528582.6517646,1583.1101450920105,False
2702,4,294,startFixDisplay,1765528582.6518924,1583.1102695465088,False
2703,4,294,startFixPeriod,1765528582.9363024,1583.3946809768677,False
2704,4,294,TargetPresentation,1765528584.1298463,1584.588226556778,False
2705,4,294,TargetRemoval,1765528584.3100333,1584.7684109210968,True
2706,4,294,TargetReappeared,1765528584.5600607,1585.0184409618378,False
2707,4,294,RightResponse,1765528585.1779745,1585.6363542079926,False
2708,4,294,FeedbackPeriodStarted,1765528585.1843784,1585.6427562236786,False
2709,4,295,startFixDisplay,1765528587.1967468,1587.6551268100739,False
2710,4,295,startFixPeriod,1765528587.203652,1587.6620316505432,False
2711,4,295,TargetPresentation,1765528588.5708826,1589.029260635376,False
2712,4,295,TargetDisplacement,1765528588.8690672,1589.327446937561,True
2713,4,295,LeftResponse,1765528589.2860038,1589.7443838119507,False
2714,4,296,FeedbackPeriodStarted,1765528589.3131394,1589.771517276764,False
2715,4,296,startFixDisplay,1765528589.3132014,1589.7715785503387,False
2716,4,296,startFixPeriod,1765528589.4798856,1589.9382660388947,False
2717,4,296,TargetPresentation,1765528590.9231708,1591.3815491199493,False
2718,4,296,TargetDisplacement,1765528591.1104295,1591.5688092708588,True
2719,4,296,LeftResponse,1765528591.9157972,1592.3741755485535,False
2720,4,297,FeedbackPeriodStarted,1765528591.9430037,1592.4013812541962,False
2721,4,297,startFixDisplay,1765528591.943065,1592.4014418125153,False
2722,4,297,startFixPeriod,1765528592.227778,1592.6861579418182,False
2723,4,297,TargetPresentation,1765528593.2270472,1593.6854257583618,False
2724,4,297,TargetDisplacement,1765528593.427973,1593.8863503932953,True
2725,4,297,RightResponse,1765528594.1916275,1594.6500058174133,False
2726,4,298,FeedbackPeriodStarted,1765528594.219018,1594.677395582199,False
2727,4,298,startFixDisplay,1765528594.2190807,1594.6774575710297,False
2728,4,298,startFixPeriod,1765528594.3997614,1594.858141899109,False
2729,4,298,TargetPresentation,1765528595.322664,1595.7810442447662,False
2730,4,298,TargetRemoval,1765528595.4681082,1595.9264879226685,True
2731,4,298,TargetReappeared,1765528595.7179935,1596.1763739585876,False
2732,4,298,RightResponse,1765528596.3013334,1596.7597124576569,False
2733,4,299,FeedbackPeriodStarted,1765528596.3284225,1596.7868003845215,False
2734,4,299,startFixDisplay,1765528596.3285024,1596.7868797779083,False
2735,4,299,startFixPeriod,1765528596.5924628,1597.0508432388306,False
2736,4,299,TargetPresentation,1765528597.1475112,1597.605910539627,False
2737,4,299,TargetRemoval,1765528597.3279057,1597.7862856388092,True
2738,4,299,TargetReappeared,1765528597.5776148,1598.0359950065613,False
2739,4,299,RightResponse,1765528598.167548,1598.6259257793427,False
2740,4,300,FeedbackPeriodStarted,1765528598.195115,1598.6534926891327,False
2741,4,300,startFixDisplay,1765528598.19518,1598.653557062149,False
2742,4,300,startFixPeriod,1765528598.4311767,1598.8895554542542,False
2743,4,300,TargetPresentation,1765528599.2013838,1599.659762620926,False
2744,4,300,TargetDisplacement,1765528599.3956885,1599.854068994522,True
2745,4,300,RightResponse,1765528600.0760713,1600.534462928772,False
2746,4,300,FeedbackPeriodStarted,1765528600.0825894,1600.5409696102142,False
2747,4,301,startFixDisplay,1765528602.0948482,1602.553228378296,False
2748,4,301,startFixPeriod,1765528602.3864896,1602.844868183136,False
2749,4,301,TargetPresentation,1765528603.024926,1603.48330616951,False
2750,4,301,TargetDisplacement,1765528603.19819,1603.6565673351288,True
2751,4,301,RightResponse,1765528604.419668,1604.8780462741852,False
2752,4,302,FeedbackPeriodStarted,1765528604.447184,1604.9055616855621,False
2753,4,302,startFixDisplay,1765528604.4472466,1604.9056234359741,False
2754,4,302,startFixPeriod,1765528604.9124172,1605.3707978725433,False
2755,4,302,TargetPresentation,1765528606.133654,1606.5920343399048,False
2756,4,302,TargetRemoval,1765528606.4804296,1606.9388093948364,True
2757,4,302,TargetReappeared,1765528606.7303836,1607.1887638568878,False
2758,4,302,RightResponse,1765528607.3274672,1607.7858455181122,False
2759,4,303,FeedbackPeriodStarted,1765528607.3546364,1607.8130142688751,False
2760,4,303,startFixDisplay,1765528607.3547022,1607.8130793571472,False
2761,4,303,startFixPeriod,1765528607.5978074,1608.0561878681183,False
2762,4,303,TargetPresentation,1765528608.3611045,1608.819484949112,False
2763,4,303,TargetDisplacement,1765528608.6037748,1609.0621545314789,True
2764,4,303,LeftResponse,1765528609.2843025,1609.7426817417145,False
2765,4,304,FeedbackPeriodStarted,1765528609.311625,1609.7700049877167,False
2766,4,304,startFixDisplay,1765528609.3117728,1609.7701516151428,False
2767,4,304,startFixPeriod,1765528609.4574277,1609.915807723999,False
2768,4,304,TargetPresentation,1765528609.9708483,1610.429226398468,False
2769,4,304,TargetDisplacement,1765528610.1650686,1610.6234483718872,True
2770,4,304,RightResponse,1765528610.873246,1611.3316235542297,False
2771,4,305,FeedbackPeriodStarted,1765528610.9005468,1611.3589272499084,False
2772,4,305,startFixDisplay,1765528610.9006891,1611.3590679168701,False
2773,4,305,startFixPeriod,1765528611.247729,1611.7061097621918,False
2774,4,305,TargetPresentation,1765528611.9277873,1612.3861675262451,False
2775,4,305,TargetDisplacement,1765528612.08717,1612.545547246933,True
2776,4,305,LeftResponse,1765528612.871589,1613.3299679756165,False
2777,4,306,FeedbackPeriodStarted,1765528612.898985,1613.3573651313782,False
2778,4,306,startFixDisplay,1765528612.8991244,1613.357503414154,False
2779,4,306,startFixPeriod,1765528613.0588229,1613.5172033309937,False
2780,4,306,TargetPresentation,1765528613.773459,1614.23184132576,False
2781,4,306,TargetRemoval,1765528613.9261012,1614.3844785690308,True
2782,4,306,TargetReappeared,1765528614.1759882,1614.6343686580658,False
2783,4,306,RightResponse,1765528614.61343,1615.0718080997467,False
2784,4,306,FeedbackPeriodStarted,1765528614.6198773,1615.0782549381256,False
2785,4,307,startFixDisplay,1765528616.6320868,1617.0904641151428,False
2786,4,307,startFixPeriod,1765528616.639196,1617.0975759029388,False
2787,4,307,TargetPresentation,1765528617.749622,1618.2080025672913,False
2788,4,307,TargetDisplacement,1765528617.902219,1618.360599040985,True
2789,4,307,RightResponse,1765528618.672644,1619.1310229301453,False
2790,4,308,FeedbackPeriodStarted,1765528618.6999457,1619.1583240032196,False
2791,4,308,startFixDisplay,1765528618.7000124,1619.1583895683289,False
2792,4,308,startFixPeriod,1765528618.9431217,1619.4015021324158,False
2793,4,308,TargetPresentation,1765528619.6578712,1620.1162519454956,False
2794,4,308,TargetDisplacement,1765528619.8172255,1620.2756028175354,True
2795,4,308,RightResponse,1765528620.3451204,1620.8035008907318,False
2796,4,309,FeedbackPeriodStarted,1765528620.3722973,1620.8306748867035,False
2797,4,309,startFixDisplay,1765528620.37236,1620.8307371139526,False
2798,4,309,startFixPeriod,1765528620.6362524,1621.0946326255798,False
2799,4,309,TargetPresentation,1765528622.0587711,1622.517151594162,False
2800,4,309,TargetDisplacement,1765528622.065591,1622.5239686965942,True
2801,4,309,RightResponse,1765528622.8223276,1623.2807052135468,False
2802,4,310,FeedbackPeriodStarted,1765528622.8496926,1623.3080732822418,False
2803,4,310,startFixDisplay,1765528622.8498397,1623.3082184791565,False
2804,4,310,startFixPeriod,1765528623.3078039,1623.766184091568,False
2805,4,310,TargetPresentation,1765528624.7859514,1625.2443323135376,False
2806,4,310,TargetDisplacement,1765528624.952163,1625.4105432033539,True
2807,4,310,RightResponse,1765528625.6534216,1626.1117997169495,False
2808,4,311,FeedbackPeriodStarted,1765528625.680789,1626.139169216156,False
2809,4,311,startFixDisplay,1765528625.6809344,1626.1393134593964,False
2810,4,311,startFixPeriod,1765528626.2914443,1626.7498223781586,False
2811,4,311,TargetPresentation,1765528627.596092,1628.0544719696045,False
2812,4,311,TargetDisplacement,1765528627.8179874,1628.2763648033142,True
2813,4,311,LeftResponse,1765528628.6160898,1629.0744678974152,False
2814,4,312,FeedbackPeriodStarted,1765528628.6437132,1629.102093219757,False
2815,4,312,startFixDisplay,1765528628.6438725,1629.1022517681122,False
2816,4,312,startFixPeriod,1765528628.9978352,1629.4562153816223,False
2817,4,312,TargetPresentation,1765528630.0525918,1630.5109724998474,False
2818,4,312,TargetDisplacement,1765528630.2536547,1630.7120344638824,True
2819,4,312,RightResponse,1765528631.1074429,1631.5658221244812,False
2820,4,312,FeedbackPeriodStarted,1765528631.121114,1631.5794920921326,False
2821,4,313,startFixDisplay,1765528633.133288,1633.5916681289673,False
2822,4,313,startFixPeriod,1765528633.140267,1633.5986444950104,False
2823,4,313,TargetPresentation,1765528633.9730418,1634.4314217567444,False
2824,4,313,TargetDisplacement,1765528634.1256397,1634.5840196609497,True
2825,4,313,LeftResponse,1765528634.8061817,1635.2645604610443,False
2826,4,314,FeedbackPeriodStarted,1765528634.8334177,1635.2917954921722,False
2827,4,314,startFixDisplay,1765528634.8334835,1635.2918605804443,False
2828,4,314,startFixPeriod,1765528634.9931421,1635.4515221118927,False
2829,4,314,TargetPresentation,1765528636.2699883,1636.7283689975739,False
2830,4,314,TargetDisplacement,1765528636.4919357,1636.950315952301,True
2831,4,314,RightResponse,1765528637.3386788,1637.7970564365387,False
2832,4,315,FeedbackPeriodStarted,1765528637.3660002,1637.8243777751923,False
2833,4,315,startFixDisplay,1765528637.3660657,1637.8244426250458,False
2834,4,315,startFixPeriod,1765528637.900578,1638.3589570522308,False
2835,4,315,TargetPresentation,1765528638.5528939,1639.0112745761871,False
2836,4,315,TargetDisplacement,1765528639.0523522,1639.5107324123383,True
2837,4,315,RightResponse,1765528639.9410203,1640.3994002342224,False
2838,4,316,FeedbackPeriodStarted,1765528639.9682753,1640.4266550540924,False
2839,4,316,startFixDisplay,1765528639.9684074,1640.426786184311,False
2840,4,316,startFixPeriod,1765528640.1627784,1640.621158361435,False
2841,4,316,TargetPresentation,1765528641.127349,1641.5857288837433,False
2842,4,316,TargetDisplacement,1765528641.557312,1642.0156917572021,True
2843,4,316,RightResponse,1765528642.3071492,1642.7655289173126,False
2844,4,317,FeedbackPeriodStarted,1765528642.3345428,1642.7929232120514,False
2845,4,317,startFixDisplay,1765528642.3346915,1642.7930707931519,False
2846,4,317,startFixPeriod,1765528642.5705295,1643.0289092063904,False
2847,4,317,TargetPresentation,1765528643.750284,1644.2086646556854,False
2848,4,317,TargetRemoval,1765528643.9444966,1644.4028766155243,True
2849,4,317,TargetReappeared,1765528644.194388,1644.6527683734894,False
2850,4,317,RightResponse,1765528644.8191042,1645.277484178543,False
2851,4,318,FeedbackPeriodStarted,1765528644.8463945,1645.3047723770142,False
2852,4,318,startFixDisplay,1765528644.8464568,1645.304833650589,False
2853,4,318,startFixPeriod,1765528645.110339,1645.5687177181244,False
2854,4,318,TargetPresentation,1765528646.428771,1646.887151479721,False
2855,4,318,TargetDisplacement,1765528646.574301,1647.0326807498932,True
2856,4,318,LeftResponse,1765528647.2338054,1647.6921842098236,False
2857,4,318,FeedbackPeriodStarted,1765528647.2405794,1647.698959827423,False
2858,4,319,startFixDisplay,1765528649.2527127,1649.711092710495,False
2859,4,319,startFixPeriod,1765528649.5166247,1649.97500538826,False
2860,4,319,TargetPresentation,1765528650.6129732,1651.071353673935,False
2861,4,319,TargetDisplacement,1765528650.8072188,1651.2655987739563,True
2862,4,319,LeftResponse,1765528652.0774205,1652.5357999801636,False
2863,4,320,FeedbackPeriodStarted,1765528652.1047525,1652.563132762909,False
2864,4,320,startFixDisplay,1765528652.104899,1652.563277721405,False
2865,4,320,startFixPeriod,1765528652.3061495,1652.7645299434662,False
2866,4,320,TargetPresentation,1765528653.1248505,1653.5832307338715,False
2867,4,320,TargetRemoval,1765528654.7485235,1655.2069020271301,True
2868,4,320,TargetReappeared,1765528654.9983811,1655.4567613601685,False
2869,4,320,LeftResponse,1765528655.9284728,1656.3868517875671,False
2870,4,321,FeedbackPeriodStarted,1765528655.9558532,1656.414232969284,False
2871,4,321,startFixDisplay,1765528655.9559958,1656.41437292099,False
2872,4,321,startFixPeriod,1765528656.2405663,1656.6989467144012,False
2873,4,321,TargetPresentation,1765528657.364677,1657.8230559825897,False
2874,4,321,TargetDisplacement,1765528657.544938,1658.0033178329468,True
2875,4,321,LeftResponse,1765528658.9676964,1659.4260745048523,False
2876,4,322,FeedbackPeriodStarted,1765528658.9951384,1659.453518152237,False
2877,4,322,startFixDisplay,1765528658.995243,1659.4536201953888,False
2878,4,322,startFixPeriod,1765528659.1900206,1659.6484007835388,False
2879,4,322,TargetPresentation,1765528659.8211257,1660.2795052528381,False
2880,4,322,TargetDisplacement,1765528660.0500274,1660.5084071159363,True
2881,4,322,RightResponse,1765528660.9733028,1661.4316823482513,False
2882,4,323,FeedbackPeriodStarted,1765528661.0005324,1661.4589149951935,False
2883,4,323,startFixDisplay,1765528661.000688,1661.4590666294098,False
2884,4,323,startFixPeriod,1765528661.5766325,1662.0350115299225,False
2885,4,323,TargetPresentation,1765528662.86041,1663.3188021183014,False
2886,4,323,TargetRemoval,1765528662.985184,1663.4435639381409,True
2887,4,323,TargetReappeared,1765528663.235196,1663.693575143814,False
2888,4,323,RightResponse,1765528663.9291801,1664.3875589370728,False
2889,4,324,FeedbackPeriodStarted,1765528663.956479,1664.4148569107056,False
2890,4,324,startFixDisplay,1765528663.9565606,1664.4149384498596,False
2891,4,324,startFixPeriod,1765528664.157921,1664.6163003444672,False
2892,4,324,TargetPresentation,1765528665.2959867,1665.754365682602,False
2893,4,324,TargetDisplacement,1765528665.628948,1666.0873277187347,True
2894,4,324,RightResponse,1765528666.8156915,1667.2740697860718,False
2895,4,324,FeedbackPeriodStarted,1765528666.8223493,1667.280727148056,False
2896,4,325,startFixDisplay,1765528668.8347285,1669.2931082248688,False
2897,4,325,startFixPeriod,1765528669.098587,1669.5569667816162,False
2898,4,325,TargetPresentation,1765528670.472475,1670.9308533668518,False
2899,4,325,TargetDisplacement,1765528670.6944015,1671.1527910232544,True
2900,4,325,RightResponse,1765528671.5066073,1671.964985370636,False
2901,4,326,FeedbackPeriodStarted,1765528671.5340521,1671.9924323558807,False
2902,4,326,startFixDisplay,1765528671.5341983,1671.9925770759583,False
2903,4,326,startFixPeriod,1765528671.7284188,1672.1867971420288,False
2904,4,326,TargetPresentation,1765528672.9150674,1673.37344622612,False
2905,4,326,TargetDisplacement,1765528673.0814228,1673.5398001670837,True
2906,4,326,RightResponse,1765528673.6855392,1674.1439182758331,False
2907,4,327,FeedbackPeriodStarted,1765528673.712984,1674.1713647842407,False
2908,4,327,startFixDisplay,1765528673.7131572,1674.1715342998505,False
2909,4,327,startFixPeriod,1765528673.9559715,1674.4143521785736,False
2910,4,327,TargetPresentation,1765528674.8996365,1675.3580145835876,False
2911,4,327,TargetRemoval,1765528675.142376,1675.6007561683655,True
2912,4,327,TargetReappeared,1765528675.3922935,1675.8506739139557,False
2913,4,327,RightResponse,1765528676.0934482,1676.5518276691437,False
2914,4,328,FeedbackPeriodStarted,1765528676.1276543,1676.586032152176,False
2915,4,328,startFixDisplay,1765528676.1277199,1676.5860970020294,False
2916,4,328,startFixPeriod,1765528676.2734647,1676.73184299469,False
2917,4,328,TargetPresentation,1765528677.4115453,1677.8699235916138,False
2918,4,328,TargetDisplacement,1765528677.7583647,1678.216745853424,True
2919,4,328,LeftResponse,1765528679.0703583,1679.5287358760834,False
2920,4,329,FeedbackPeriodStarted,1765528679.0975304,1679.555908203125,False
2921,4,329,startFixDisplay,1765528679.0975988,1679.5559756755829,False
2922,4,329,startFixPeriod,1765528679.312913,1679.7712931632996,False
2923,4,329,TargetPresentation,1765528680.6382241,1681.0966045856476,False
2924,4,329,TargetDisplacement,1765528680.83233,1681.2907071113586,True
2925,4,329,RightResponse,1765528681.4363086,1681.8946866989136,False
2926,4,329,FeedbackPeriodStarted,1765528681.4846923,1681.9430720806122,False
2927,5,330,startFixDisplay,1765528757.009298,1757.467678308487,False
2928,5,330,startFixPeriod,1765528757.0162158,1757.4745972156525,False
2929,5,330,TargetPresentation,1765528757.5368388,1757.9952187538147,False
2930,5,330,TargetRemoval,1765528757.7172534,1758.1756336688995,True
2931,5,330,TargetReappeared,1765528757.9669383,1758.4253160953522,False
2932,5,330,LeftResponse,1765528759.1955113,1759.6539080142975,False
2933,5,331,FeedbackPeriodStarted,1765528759.2229085,1759.6812884807587,False
2934,5,331,startFixDisplay,1765528759.223041,1759.6814198493958,False
2935,5,331,startFixPeriod,1765528759.3756728,1759.8340528011322,False
2936,5,331,TargetPresentation,1765528759.9447303,1760.4031097888947,False
2937,5,331,TargetDisplacement,1765528760.798037,1761.256416797638,True
2938,5,331,LeftResponse,1765528760.8678412,1761.3262197971344,False
2939,5,332,FeedbackPeriodStarted,1765528760.8951712,1761.3535511493683,False
2940,5,332,startFixDisplay,1765528760.8953123,1761.3536913394928,False
2941,5,332,startFixPeriod,1765528760.9021778,1761.360557794571,False
2942,5,332,TargetPresentation,1765528761.9084542,1762.3668339252472,False
2943,5,332,TargetDisplacement,1765528761.9153807,1762.3737614154816,True
2944,5,332,RightResponse,1765528763.0328302,1763.4912090301514,False
2945,5,333,FeedbackPeriodStarted,1765528763.0600698,1763.5184473991394,False
2946,5,333,startFixDisplay,1765528763.060134,1763.5185108184814,False
2947,5,333,startFixPeriod,1765528763.2338321,1763.692212820053,False
2948,5,333,TargetPresentation,1765528763.761155,1764.219533443451,False
2949,5,333,TargetDisplacement,1765528764.2468572,1764.7052347660065,True
2950,5,333,RightResponse,1765528764.538713,1764.997091293335,False
2951,5,334,FeedbackPeriodStarted,1765528764.5660307,1765.0244109630585,False
2952,5,334,startFixDisplay,1765528764.5661771,1765.0245559215546,False
2953,5,334,startFixPeriod,1765528764.8714654,1765.329845905304,False
2954,5,334,TargetPresentation,1765528765.9608014,1766.4191806316376,False
2955,5,334,TargetDisplacement,1765528766.1480343,1766.6064138412476,True
2956,5,334,RightResponse,1765528766.8356345,1767.2940146923065,False
2957,5,335,FeedbackPeriodStarted,1765528766.8628507,1767.3212306499481,False
2958,5,335,startFixDisplay,1765528766.8629808,1767.321359872818,False
2959,5,335,startFixPeriod,1765528767.0918522,1767.5502321720123,False
2960,5,335,TargetPresentation,1765528767.7789173,1768.237295627594,False
2961,5,335,TargetRemoval,1765528767.9384227,1768.3968029022217,True
2962,5,335,TargetReappeared,1765528768.1882062,1768.6465837955475,False
2963,5,335,LeftResponse,1765528768.771212,1769.2295894622803,False
2964,5,336,FeedbackPeriodStarted,1765528768.7987223,1769.257099866867,False
2965,5,336,startFixDisplay,1765528768.798788,1769.2571651935577,False
2966,5,336,startFixPeriod,1765528768.9307976,1769.3891780376434,False
2967,5,336,TargetPresentation,1765528770.4087968,1770.867177248001,False
2968,5,336,TargetDisplacement,1765528770.568304,1771.0266842842102,True
2969,5,336,RightResponse,1765528771.227751,1771.6861300468445,False
2970,5,336,FeedbackPeriodStarted,1765528771.2415478,1771.6999282836914,False
2971,5,337,startFixDisplay,1765528773.2535307,1773.7119081020355,False
2972,5,337,startFixPeriod,1765528773.746442,1774.2048223018646,False
2973,5,337,TargetPresentation,1765528774.370866,1774.8292438983917,False
2974,5,337,TargetRemoval,1765528774.5304775,1774.9888575077057,True
2975,5,337,TargetReappeared,1765528774.7803884,1775.2387664318085,False
2976,5,337,LeftResponse,1765528775.4051452,1775.8635246753693,False
2977,5,338,FeedbackPeriodStarted,1765528775.432447,1775.8908250331879,False
2978,5,338,startFixDisplay,1765528775.4325287,1775.8909058570862,False
2979,5,338,startFixPeriod,1765528775.8907518,1776.3491327762604,False
2980,5,338,TargetPresentation,1765528776.5291326,1776.9875130653381,False
2981,5,338,TargetDisplacement,1765528776.6954525,1777.1538298130035,True
2982,5,338,RightResponse,1765528777.4383318,1777.8967113494873,False
2983,5,339,FeedbackPeriodStarted,1765528777.4656444,1777.9240243434906,False
2984,5,339,startFixDisplay,1765528777.4657843,1777.9241631031036,False
2985,5,339,startFixPeriod,1765528777.6669245,1778.1253027915955,False
2986,5,339,TargetPresentation,1765528778.7356699,1779.194048166275,False
2987,5,339,TargetDisplacement,1765528779.1795835,1779.6379609107971,True
2988,5,339,RightResponse,1765528779.457535,1779.9159150123596,False
2989,5,340,FeedbackPeriodStarted,1765528779.484915,1779.9432950019836,False
2990,5,340,startFixDisplay,1765528779.485117,1779.9434967041016,False
2991,5,340,startFixPeriod,1765528780.0818975,1780.5402755737305,False
2992,5,340,TargetPresentation,1765528781.559958,1782.0183386802673,False
2993,5,340,TargetDisplacement,1765528781.7402105,1782.1985902786255,True
2994,5,340,RightResponse,1765528782.5661173,1783.024495124817,False
2995,5,341,FeedbackPeriodStarted,1765528782.5934975,1783.0518753528595,False
2996,5,341,startFixDisplay,1765528782.59358,1783.0519571304321,False
2997,5,341,startFixPeriod,1765528782.9129872,1783.371366262436,False
2998,5,341,TargetPresentation,1765528783.9122732,1784.3706533908844,False
2999,5,341,TargetDisplacement,1765528784.1689184,1784.62730717659,True
3000,5,341,RightResponse,1765528784.821672,1785.2800495624542,False
3001,5,342,FeedbackPeriodStarted,1765528784.8488443,1785.3072245121002,False
3002,5,342,startFixDisplay,1765528784.8489902,1785.3073689937592,False
3003,5,342,startFixPeriod,1765528785.1057668,1785.5641462802887,False
3004,5,342,TargetPresentation,1765528785.6401,1786.0984807014465,False
3005,5,342,TargetDisplacement,1765528786.2018788,1786.6602585315704,True
3006,5,342,LeftResponse,1765528786.549125,1787.0075025558472,False
3007,5,342,FeedbackPeriodStarted,1765528786.5558786,1787.0142569541931,False
3008,5,343,startFixDisplay,1765528788.5750473,1789.0334270000458,False
3009,5,343,startFixPeriod,1765528788.873702,1789.3320806026459,False
3010,5,343,TargetPresentation,1765528789.7897186,1790.248096704483,False
3011,5,343,TargetDisplacement,1765528789.9837263,1790.4421060085297,True
3012,5,343,LeftResponse,1765528790.6781015,1791.136480808258,False
3013,5,344,FeedbackPeriodStarted,1765528790.7054088,1791.1637885570526,False
3014,5,344,startFixDisplay,1765528790.7055929,1791.1639721393585,False
3015,5,344,startFixPeriod,1765528790.8998249,1791.3582038879395,False
3016,5,344,TargetPresentation,1765528791.517437,1791.9758172035217,False
3017,5,344,TargetDisplacement,1765528791.760152,1792.2185316085815,True
3018,5,344,RightResponse,1765528792.6138916,1793.0722694396973,False
3019,5,345,FeedbackPeriodStarted,1765528792.6413963,1793.099776506424,False
3020,5,345,startFixDisplay,1765528792.6415925,1793.099969625473,False
3021,5,345,startFixPeriod,1765528792.8357754,1793.2941536903381,False
3022,5,345,TargetPresentation,1765528793.7240255,1794.1824049949646,False
3023,5,345,TargetDisplacement,1765528793.8904114,1794.348790884018,True
3024,5,345,LeftResponse,1765528794.6057327,1795.0641124248505,False
3025,5,346,FeedbackPeriodStarted,1765528794.6329718,1795.0913519859314,False
3026,5,346,startFixDisplay,1765528794.6331208,1795.0914998054504,False
3027,5,346,startFixPeriod,1765528794.8412488,1795.2996289730072,False
3028,5,346,TargetPresentation,1765528795.4518616,1795.9102392196655,False
3029,5,346,TargetDisplacement,1765528795.5904808,1796.0488607883453,True
3030,5,346,LeftResponse,1765528796.3334653,1796.7918453216553,False
3031,5,347,FeedbackPeriodStarted,1765528796.3606641,1796.819041967392,False
3032,5,347,startFixDisplay,1765528796.360732,1796.8191092014313,False
3033,5,347,startFixPeriod,1765528796.6593206,1797.1177005767822,False
3034,5,347,TargetPresentation,1765528797.9916184,1798.4499986171722,False
3035,5,347,TargetDisplacement,1765528798.1579468,1798.616324186325,True
3036,5,347,LeftResponse,1765528799.0536156,1799.5119953155518,False
3037,5,348,FeedbackPeriodStarted,1765528799.0808337,1799.5392127037048,False
3038,5,348,startFixDisplay,1765528799.0809383,1799.5393161773682,False
3039,5,348,startFixPeriod,1765528799.247634,1799.7060146331787,False
3040,5,348,TargetPresentation,1765528800.0176594,1800.476039648056,False
3041,5,348,TargetDisplacement,1765528800.2674613,1800.7258415222168,True
3042,5,348,LeftResponse,1765528801.1282895,1801.5866694450378,False
3043,5,348,FeedbackPeriodStarted,1765528801.1346877,1801.5930662155151,False
3044,5,349,startFixDisplay,1765528803.1470823,1803.6054620742798,False
3045,5,349,startFixPeriod,1765528803.4734855,1803.9318661689758,False
3046,5,349,TargetPresentation,1765528804.8057141,1805.2640948295593,False
3047,5,349,TargetDisplacement,1765528804.9582021,1805.416582107544,True
3048,5,349,RightResponse,1765528805.881552,1806.3399319648743,False
3049,5,350,FeedbackPeriodStarted,1765528805.908826,1806.3672060966492,False
3050,5,350,startFixDisplay,1765528805.9089656,1806.367344379425,False
3051,5,350,startFixPeriod,1765528806.1311114,1806.58948969841,False
3052,5,350,TargetPresentation,1765528806.8040893,1807.2624673843384,False
3053,5,350,TargetDisplacement,1765528807.0191338,1807.477513551712,True
3054,5,350,RightResponse,1765528807.6441164,1808.1024947166443,False
3055,5,351,FeedbackPeriodStarted,1765528807.6713424,1808.1297225952148,False
3056,5,351,startFixDisplay,1765528807.671483,1808.1298620700836,False
3057,5,351,startFixPeriod,1765528807.8727682,1808.331148147583,False
3058,5,351,TargetPresentation,1765528808.712423,1809.170803785324,False
3059,5,351,TargetRemoval,1765528808.8926172,1809.350994348526,True
3060,5,351,TargetReappeared,1765528809.1427062,1809.601086616516,False
3061,5,351,RightResponse,1765528809.8506575,1810.309035539627,False
3062,5,352,FeedbackPeriodStarted,1765528809.8779595,1810.3363392353058,False
3063,5,352,startFixDisplay,1765528809.8780982,1810.3364770412445,False
3064,5,352,startFixPeriod,1765528810.1487668,1810.6071455478668,False
3065,5,352,TargetPresentation,1765528811.07865,1811.537030696869,False
3066,5,352,TargetDisplacement,1765528811.2865949,1811.7449724674225,True
3067,5,352,RightResponse,1765528811.8908355,1812.3492138385773,False
3068,5,353,FeedbackPeriodStarted,1765528811.9180813,1812.3764612674713,False
3069,5,353,startFixDisplay,1765528811.918211,1812.376590013504,False
3070,5,353,startFixPeriod,1765528812.112634,1812.5710141658783,False
3071,5,353,TargetPresentation,1765528812.6191452,1813.0775258541107,False
3072,5,353,TargetDisplacement,1765528812.8202794,1813.2786593437195,True
3073,5,353,LeftResponse,1765528813.4726543,1813.931031703949,False
3074,5,354,FeedbackPeriodStarted,1765528813.5001879,1813.958568096161,False
3075,5,354,startFixDisplay,1765528813.5003333,1813.958711862564,False
3076,5,354,startFixPeriod,1765528813.6738646,1814.1322433948517,False
3077,5,354,TargetPresentation,1765528814.2080858,1814.6664650440216,False
3078,5,354,TargetRemoval,1765528814.3884275,1814.8468074798584,True
3079,5,354,TargetReappeared,1765528814.6382754,1815.096655845642,False
3080,5,354,RightResponse,1765528815.339324,1815.7977023124695,False
3081,5,354,FeedbackPeriodStarted,1765528815.3459454,1815.8043253421783,False
3082,5,355,startFixDisplay,1765528817.3583133,1817.8166933059692,False
3083,5,355,startFixPeriod,1765528817.6013963,1818.0597772598267,False
3084,5,355,TargetPresentation,1765528818.4546938,1818.9130744934082,False
3085,5,355,TargetRemoval,1765528818.6003523,1819.0587322711945,True
3086,5,355,TargetReappeared,1765528818.850344,1819.3087246418,False
3087,5,355,RightResponse,1765528819.3847747,1819.8431522846222,False
3088,5,356,FeedbackPeriodStarted,1765528819.4122431,1819.8706233501434,False
3089,5,356,startFixDisplay,1765528819.412384,1819.8707628250122,False
3090,5,356,startFixPeriod,1765528819.6275756,1820.0859563350677,False
3091,5,356,TargetPresentation,1765528820.397636,1820.8560163974762,False
3092,5,356,TargetDisplacement,1765528820.5365336,1820.994910955429,True
3093,5,356,LeftResponse,1765528821.1682403,1821.626618862152,False
3094,5,357,FeedbackPeriodStarted,1765528821.195595,1821.6539726257324,False
3095,5,357,startFixDisplay,1765528821.1956677,1821.654044866562,False
3096,5,357,startFixPeriod,1765528821.5010374,1821.9594161510468,False
3097,5,357,TargetPresentation,1765528822.174026,1822.6324059963226,False
3098,5,357,TargetRemoval,1765528822.5833876,1823.0417675971985,True
3099,5,357,TargetReappeared,1765528822.8333611,1823.291741847992,False
3100,5,357,LeftResponse,1765528823.7219257,1824.1803193092346,False
3101,5,358,FeedbackPeriodStarted,1765528823.7490678,1824.207445383072,False
3102,5,358,startFixDisplay,1765528823.7491872,1824.20756483078,False
3103,5,358,startFixPeriod,1765528823.9019778,1824.3603582382202,False
3104,5,358,TargetPresentation,1765528825.164904,1825.6232829093933,False
3105,5,358,TargetRemoval,1765528825.4353294,1825.8937089443207,True
3106,5,358,TargetReappeared,1765528825.6853118,1826.1436915397644,False
3107,5,358,RightResponse,1765528826.7473092,1827.2056889533997,False
3108,5,359,FeedbackPeriodStarted,1765528826.774603,1827.2329831123352,False
3109,5,359,startFixDisplay,1765528826.7747474,1827.2331261634827,False
3110,5,359,startFixPeriod,1765528827.0106914,1827.4690718650818,False
3111,5,359,TargetPresentation,1765528828.107128,1828.5655086040497,False
3112,5,359,TargetDisplacement,1765528828.2804081,1828.7387886047363,True
3113,5,359,RightResponse,1765528828.8845766,1829.3429565429688,False
3114,5,360,FeedbackPeriodStarted,1765528828.9118364,1829.3702166080475,False
3115,5,360,startFixDisplay,1765528828.9119856,1829.370364665985,False
3116,5,360,startFixPeriod,1765528829.1409042,1829.5992846488953,False
3117,5,360,TargetPresentation,1765528830.3898432,1830.8482217788696,False
3118,5,360,TargetDisplacement,1765528830.625757,1831.084136724472,True
3119,5,360,RightResponse,1765528831.2853026,1831.7436821460724,False
3120,5,360,FeedbackPeriodStarted,1765528831.2919612,1831.7503385543823,False
3121,5,361,startFixDisplay,1765528833.3041017,1833.7624793052673,False
3122,5,361,startFixPeriod,1765528833.4015408,1833.8599231243134,False
3123,5,361,TargetPresentation,1765528834.699127,1835.1575078964233,False
3124,5,361,TargetDisplacement,1765528834.9140506,1835.3724279403687,True
3125,5,361,LeftResponse,1765528835.7401552,1836.1985337734222,False
3126,5,362,FeedbackPeriodStarted,1765528835.767616,1836.225996017456,False
3127,5,362,startFixDisplay,1765528835.7677574,1836.2261362075806,False
3128,5,362,startFixPeriod,1765528836.350709,1836.8090872764587,False
3129,5,362,TargetPresentation,1765528837.0446405,1837.5030183792114,False
3130,5,362,TargetRemoval,1765528837.2109044,1837.669284105301,True
3131,5,362,TargetReappeared,1765528837.4608235,1837.9192035198212,False
3132,5,362,RightResponse,1765528838.0162272,1838.4746057987213,False
3133,5,363,FeedbackPeriodStarted,1765528838.0436544,1838.502035856247,False
3134,5,363,startFixDisplay,1765528838.043805,1838.502183675766,False
3135,5,363,startFixPeriod,1765528838.258935,1838.7173147201538,False
3136,5,363,TargetPresentation,1765528838.9598086,1839.4181888103485,False
3137,5,363,TargetDisplacement,1765528839.1747534,1839.6331338882446,True
3138,5,363,RightResponse,1765528839.8690884,1840.3274676799774,False
3139,5,364,FeedbackPeriodStarted,1765528839.8964417,1840.3548197746277,False
3140,5,364,startFixDisplay,1765528839.8966002,1840.354977607727,False
3141,5,364,startFixPeriod,1765528840.160249,1840.6186287403107,False
3142,5,364,TargetPresentation,1765528840.9234858,1841.3818657398224,False
3143,5,364,TargetDisplacement,1765528841.1940496,1841.652429819107,True
3144,5,364,RightResponse,1765528841.7284691,1842.1868479251862,False
3145,5,365,FeedbackPeriodStarted,1765528841.7560236,1842.214403629303,False
3146,5,365,startFixDisplay,1765528841.7561567,1842.2145354747772,False
3147,5,365,startFixPeriod,1765528842.1031752,1842.561555147171,False
3148,5,365,TargetPresentation,1765528843.150958,1843.6093380451202,False
3149,5,365,TargetDisplacement,1765528843.2965035,1843.7548835277557,True
3150,5,365,LeftResponse,1765528843.8659837,1844.3243622779846,False
3151,5,366,FeedbackPeriodStarted,1765528843.8932142,1844.3515939712524,False
3152,5,366,startFixDisplay,1765528843.893353,1844.3517317771912,False
3153,5,366,startFixPeriod,1765528844.0877814,1844.5461597442627,False
3154,5,366,TargetPresentation,1765528844.6706154,1845.1289966106415,False
3155,5,366,TargetDisplacement,1765528844.9410596,1845.3994369506836,True
3156,5,366,LeftResponse,1765528845.5867593,1846.0451393127441,False
3157,5,366,FeedbackPeriodStarted,1765528845.6003864,1846.0587663650513,False
3158,5,367,startFixDisplay,1765528847.6194696,1848.0778493881226,False
3159,5,367,startFixPeriod,1765528847.626456,1848.084835767746,False
3160,5,367,TargetPresentation,1765528848.258066,1848.7164449691772,False
3161,5,367,TargetRemoval,1765528848.4591804,1848.9175601005554,True
3162,5,367,TargetReappeared,1765528848.7091293,1849.167509317398,False
3163,5,367,RightResponse,1765528849.4382145,1849.896594285965,False
3164,5,368,FeedbackPeriodStarted,1765528849.465536,1849.923914194107,False
3165,5,368,startFixDisplay,1765528849.4656081,1849.9239852428436,False
3166,5,368,startFixPeriod,1765528849.6597996,1850.1181802749634,False
3167,5,368,TargetPresentation,1765528851.1029923,1851.5613713264465,False
3168,5,368,TargetRemoval,1765528851.2973738,1851.7557544708252,True
3169,5,368,TargetReappeared,1765528851.547125,1852.0055038928986,False
3170,5,368,LeftResponse,1765528852.2411003,1852.6994783878326,False
3171,5,369,FeedbackPeriodStarted,1765528852.2685921,1852.726969718933,False
3172,5,369,startFixDisplay,1765528852.2686586,1852.7270357608795,False
3173,5,369,startFixPeriod,1765528852.5603032,1853.0186834335327,False
3174,5,369,TargetPresentation,1765528853.6359375,1854.0943160057068,False
3175,5,369,TargetDisplacement,1765528853.8300107,1854.2883903980255,True
3176,5,369,RightResponse,1765528854.4963264,1854.9547047615051,False
3177,5,370,FeedbackPeriodStarted,1765528854.5237882,1854.9821660518646,False
3178,5,370,startFixDisplay,1765528854.523853,1854.9822299480438,False
3179,5,370,startFixPeriod,1765528854.7461214,1855.2045013904572,False
3180,5,370,TargetPresentation,1765528855.3704822,1855.8288605213165,False
3181,5,370,TargetRemoval,1765528855.5648303,1856.0232074260712,True
3182,5,370,TargetReappeared,1765528855.8147392,1856.273119688034,False
3183,5,370,LeftResponse,1765528856.390987,1856.849366426468,False
3184,5,371,FeedbackPeriodStarted,1765528856.4182107,1856.8765885829926,False
3185,5,371,startFixDisplay,1765528856.4182773,1856.8766543865204,False
3186,5,371,startFixPeriod,1765528856.5849726,1857.0433530807495,False
3187,5,371,TargetPresentation,1765528857.4246345,1857.8830156326294,False
3188,5,371,TargetDisplacement,1765528857.4314573,1857.8898355960846,True
3189,5,371,RightResponse,1765528858.1045039,1858.5628814697266,False
3190,5,372,FeedbackPeriodStarted,1765528858.1320825,1858.5904598236084,False
3191,5,372,startFixDisplay,1765528858.1321468,1858.5905239582062,False
3192,5,372,startFixPeriod,1765528858.611122,1859.0694997310638,False
3193,5,372,TargetPresentation,1765528860.0266216,1860.4849996566772,False
3194,5,372,TargetDisplacement,1765528860.220996,1860.6793766021729,True
3195,5,372,LeftResponse,1765528860.956961,1861.4153406620026,False
3196,5,372,FeedbackPeriodStarted,1765528860.9632778,1861.421656370163,False
3197,5,373,startFixDisplay,1765528862.9754992,1863.4338765144348,False
3198,5,373,startFixPeriod,1765528863.2326605,1863.6910409927368,False
3199,5,373,TargetPresentation,1765528864.1901655,1864.6485438346863,False
3200,5,373,TargetRemoval,1765528864.3635645,1864.821944952011,True
3201,5,373,TargetReappeared,1765528864.6134233,1865.0718030929565,False
3202,5,373,RightResponse,1765528865.0578308,1865.5162093639374,False
3203,5,374,FeedbackPeriodStarted,1765528865.0851042,1865.5434818267822,False
3204,5,374,startFixDisplay,1765528865.08517,1865.5435469150543,False
3205,5,374,startFixPeriod,1765528865.3351142,1865.7934927940369,False
3206,5,374,TargetPresentation,1765528866.7297754,1867.1881539821625,False
3207,5,374,TargetDisplacement,1765528866.8546135,1867.3129935264587,True
3208,5,374,LeftResponse,1765528867.646018,1868.1043965816498,False
3209,5,375,FeedbackPeriodStarted,1765528867.6734128,1868.1317927837372,False
3210,5,375,startFixDisplay,1765528867.6735792,1868.131958246231,False
3211,5,375,startFixPeriod,1765528867.8609407,1868.3193213939667,False
3212,5,375,TargetPresentation,1765528869.0822284,1869.5406081676483,False
3213,5,375,TargetDisplacement,1765528869.2208018,1869.6791813373566,True
3214,5,375,RightResponse,1765528869.8248816,1870.2832615375519,False
3215,5,376,FeedbackPeriodStarted,1765528869.852298,1870.3106784820557,False
3216,5,376,startFixDisplay,1765528869.852436,1870.3108146190643,False
3217,5,376,startFixPeriod,1765528870.4561334,1870.9145121574402,False
3218,5,376,TargetPresentation,1765528871.5386295,1871.9970104694366,False
3219,5,376,TargetDisplacement,1765528871.711951,1872.1703310012817,True
3220,5,376,LeftResponse,1765528872.3575776,1872.815955877304,False
3221,5,377,FeedbackPeriodStarted,1765528872.3849695,1872.8433470726013,False
3222,5,377,startFixDisplay,1765528872.3850315,1872.8434085845947,False
3223,5,377,startFixPeriod,1765528872.6003425,1873.0587229728699,False
3224,5,377,TargetPresentation,1765528874.0575857,1874.5159664154053,False
3225,5,377,TargetDisplacement,1765528874.2031078,1874.66148519516,True
3226,5,377,RightResponse,1765528874.8626904,1875.3210830688477,False
3227,5,378,FeedbackPeriodStarted,1765528874.8900065,1875.348387002945,False
3228,5,378,startFixDisplay,1765528874.89014,1875.3485190868378,False
3229,5,378,startFixPeriod,1765528875.1607943,1875.619174003601,False
3230,5,378,TargetPresentation,1765528876.5624683,1877.0208487510681,False
3231,5,378,TargetRemoval,1765528876.7636788,1877.2220559120178,True
3232,5,378,TargetReappeared,1765528877.013493,1877.4718737602234,False
3233,5,378,LeftResponse,1765528877.513297,1877.9716758728027,False
3234,5,378,FeedbackPeriodStarted,1765528877.5198832,1877.9782609939575,False
3235,5,379,startFixDisplay,1765528879.5322464,1879.990627527237,False
3236,5,379,startFixPeriod,1765528879.539103,1879.9974830150604,False
3237,5,379,TargetPresentation,1765528880.9618542,1881.4202320575714,False
3238,5,379,TargetDisplacement,1765528881.100438,1881.5588178634644,True
3239,5,379,RightResponse,1765528881.6769855,1882.1353652477264,False
3240,5,380,FeedbackPeriodStarted,1765528881.704112,1882.1624898910522,False
3241,5,380,startFixDisplay,1765528881.704177,1882.1625537872314,False
3242,5,380,startFixPeriod,1765528882.0374641,1882.4958448410034,False
3243,5,380,TargetPresentation,1765528883.4319885,1883.8903663158417,False
3244,5,380,TargetDisplacement,1765528883.5846672,1884.043046951294,True
3245,5,380,RightResponse,1765528884.0290027,1884.4873807430267,False
3246,5,381,FeedbackPeriodStarted,1765528884.063485,1884.5218648910522,False
3247,5,381,startFixDisplay,1765528884.0636559,1884.5220346450806,False
3248,5,381,startFixPeriod,1765528884.4243183,1884.8826971054077,False
3249,5,381,TargetPresentation,1765528885.271027,1885.729407787323,False
3250,5,381,TargetDisplacement,1765528885.4442272,1885.9026045799255,True
3251,5,381,LeftResponse,1765528886.1385663,1886.5969462394714,False
3252,5,382,FeedbackPeriodStarted,1765528886.1658535,1886.6242311000824,False
3253,5,382,startFixDisplay,1765528886.1659155,1886.6242923736572,False
3254,5,382,startFixPeriod,1765528886.2979815,1886.7563610076904,False
3255,5,382,TargetPresentation,1765528887.3180156,1887.7763941287994,False
3256,5,382,TargetDisplacement,1765528887.8245056,1888.2828857898712,True
3257,5,382,RightResponse,1765528888.0607104,1888.5190901756287,False
3258,5,383,FeedbackPeriodStarted,1765528888.088078,1888.5464582443237,False
3259,5,383,startFixDisplay,1765528888.088207,1888.5465857982635,False
3260,5,383,startFixPeriod,1765528888.379771,1888.8381514549255,False
3261,5,383,TargetPresentation,1765528889.1290462,1889.5874245166779,False
3262,5,383,TargetDisplacement,1765528889.4134932,1889.8718729019165,True
3263,5,383,LeftResponse,1765528890.690417,1891.14879488945,False
3264,5,384,FeedbackPeriodStarted,1765528890.717995,1891.1763763427734,False
3265,5,384,startFixDisplay,1765528890.7181222,1891.1764993667603,False
3266,5,384,startFixPeriod,1765528890.8986824,1891.3570635318756,False
3267,5,384,TargetPresentation,1765528892.2031746,1892.661554813385,False
3268,5,384,TargetDisplacement,1765528892.3487508,1892.8071303367615,True
3269,5,384,LeftResponse,1765528893.112333,1893.5707116127014,False
3270,5,384,FeedbackPeriodStarted,1765528893.1260667,1893.584447145462,False
3271,5,385,startFixDisplay,1765528895.138198,1895.5965776443481,False
3272,5,385,startFixPeriod,1765528895.4921777,1895.9505577087402,False
3273,5,385,TargetPresentation,1765528896.8591516,1897.3175294399261,False
3274,5,385,TargetDisplacement,1765528897.0395107,1897.497905254364,True
3275,5,385,RightResponse,1765528897.6434119,1898.1017897129059,False
3276,5,386,FeedbackPeriodStarted,1765528897.6710002,1898.129378080368,False
3277,5,386,startFixDisplay,1765528897.6710653,1898.1294424533844,False
3278,5,386,startFixPeriod,1765528897.8653119,1898.3236901760101,False
3279,5,386,TargetPresentation,1765528898.6148856,1899.0732653141022,False
3280,5,386,TargetDisplacement,1765528898.7673352,1899.2257151603699,True
3281,5,386,RightResponse,1765528899.364587,1899.8229677677155,False
3282,5,387,FeedbackPeriodStarted,1765528899.3918126,1899.8501925468445,False
3283,5,387,startFixDisplay,1765528899.3919404,1899.8503172397614,False
3284,5,387,startFixPeriod,1765528899.7528563,1900.211236000061,False
3285,5,387,TargetPresentation,1765528900.7659273,1901.2243075370789,False
3286,5,387,TargetRemoval,1765528901.0780356,1901.5364153385162,True
3287,5,387,TargetReappeared,1765528901.328026,1901.786408662796,False
3288,5,387,LeftResponse,1765528902.3133404,1902.7717185020447,False
3289,5,388,FeedbackPeriodStarted,1765528902.3408973,1902.7992749214172,False
3290,5,388,startFixDisplay,1765528902.3409617,1902.7993388175964,False
3291,5,388,startFixPeriod,1765528902.5839188,1903.0422971248627,False
3292,5,388,TargetPresentation,1765528903.9023745,1904.3607547283173,False
3293,5,388,TargetDisplacement,1765528904.0895422,1904.547922372818,True
3294,5,388,RightResponse,1765528905.0823195,1905.540699481964,False
3295,5,389,FeedbackPeriodStarted,1765528905.1097045,1905.5680847167969,False
3296,5,389,startFixDisplay,1765528905.109874,1905.5682525634766,False
3297,5,389,startFixPeriod,1765528905.3735404,1905.8319218158722,False
3298,5,389,TargetPresentation,1765528906.712722,1907.1711025238037,False
3299,5,389,TargetRemoval,1765528906.948534,1907.4069142341614,True
3300,5,389,TargetReappeared,1765528907.1984062,1907.656786441803,False
3301,5,389,RightResponse,1765528907.7815301,1908.2399108409882,False
3302,5,390,FeedbackPeriodStarted,1765528907.8088906,1908.2672708034515,False
3303,5,390,startFixDisplay,1765528907.8090224,1908.2674014568329,False
3304,5,390,startFixPeriod,1765528908.093412,1908.5517919063568,False
3305,5,390,TargetPresentation,1765528909.2801874,1909.7385671138763,False
3306,5,390,TargetDisplacement,1765528909.3702264,1909.8286066055298,True
3307,5,390,RightResponse,1765528910.0784116,1910.5367906093597,False
3308,5,390,FeedbackPeriodStarted,1765528910.0920372,1910.550414800644,False
3309,5,391,startFixDisplay,1765528912.1042557,1912.562635421753,False
3310,5,391,startFixPeriod,1765528912.1110473,1912.5694246292114,False
3311,5,391,TargetPresentation,1765528912.8051686,1913.2635474205017,False
3312,5,391,TargetDisplacement,1765528912.985471,1913.44385099411,True
3313,5,391,LeftResponse,1765528914.0336246,1914.4920048713684,False
3314,5,392,FeedbackPeriodStarted,1765528914.0608742,1914.5192520618439,False
3315,5,392,startFixDisplay,1765528914.0609457,1914.5193228721619,False
3316,5,392,startFixPeriod,1765528914.23463,1914.6930100917816,False
3317,5,392,TargetPresentation,1765528915.3101265,1915.7685055732727,False
3318,5,392,TargetDisplacement,1765528915.5667477,1916.0251276493073,True
3319,5,392,LeftResponse,1765528917.2255745,1917.683955192566,False
3320,5,393,FeedbackPeriodStarted,1765528917.252928,1917.711308002472,False
3321,5,393,startFixDisplay,1765528917.253067,1917.7114458084106,False
3322,5,393,startFixPeriod,1765528917.4612699,1917.9196491241455,False
3323,5,393,TargetPresentation,1765528918.8906903,1919.3490691184998,False
3324,5,393,TargetRemoval,1765528919.3624914,1919.820871591568,True
3325,5,393,TargetReappeared,1765528919.6123836,1920.0707640647888,False
3326,5,393,RightResponse,1765528920.410744,1920.8691239356995,False
3327,5,394,FeedbackPeriodStarted,1765528920.4452078,1920.9035902023315,False
3328,5,394,startFixDisplay,1765528920.4453413,1920.9037182331085,False
3329,5,394,startFixPeriod,1765528920.7225878,1921.180968761444,False
3330,5,394,TargetPresentation,1765528921.6247232,1922.0831036567688,False
3331,5,394,TargetDisplacement,1765528921.818965,1922.277344942093,True
3332,5,394,RightResponse,1765528922.4853098,1922.9436881542206,False
3333,5,395,FeedbackPeriodStarted,1765528922.512754,1922.971134185791,False
3334,5,395,startFixDisplay,1765528922.5128603,1922.9712374210358,False
3335,5,395,startFixPeriod,1765528922.804351,1923.2627313137054,False
3336,5,395,TargetPresentation,1765528924.296301,1924.7546784877777,False
3337,5,395,TargetDisplacement,1765528924.4487906,1924.907170534134,True
3338,5,395,RightResponse,1765528925.0249147,1925.4832935333252,False
3339,5,395,FeedbackPeriodStarted,1765528925.0661912,1925.5245685577393,False
3340,6,396,startFixDisplay,1765528931.4502246,1931.9086046218872,False
3341,6,396,startFixPeriod,1765528931.4571345,1931.9155142307281,False
3342,6,396,TargetPresentation,1765528932.5189173,1932.9772970676422,False
3343,6,396,TargetDisplacement,1765528932.6992054,1933.1575825214386,True
3344,6,396,RightResponse,1765528933.331088,1933.789467573166,False
3345,6,397,FeedbackPeriodStarted,1765528933.358401,1933.8167786598206,False
3346,6,397,startFixDisplay,1765528933.3584619,1933.816838979721,False
3347,6,397,startFixPeriod,1765528933.8303444,1934.2887227535248,False
3348,6,397,TargetPresentation,1765528934.3579345,1934.8163146972656,False
3349,6,397,TargetRemoval,1765528934.5103714,1934.9687485694885,True
3350,6,397,TargetReappeared,1765528934.7603867,1935.218766450882,False
3351,6,397,RightResponse,1765528935.2533612,1935.7117402553558,False
3352,6,398,FeedbackPeriodStarted,1765528935.2806346,1935.7390151023865,False
3353,6,398,startFixDisplay,1765528935.280778,1935.7391567230225,False
3354,6,398,startFixPeriod,1765528935.4403973,1935.8987755775452,False
3355,6,398,TargetPresentation,1765528936.5853074,1937.0436851978302,False
3356,6,398,TargetDisplacement,1765528936.5922852,1937.0506656169891,True
3357,6,398,RightResponse,1765528937.5083954,1937.9667744636536,False
3358,6,399,FeedbackPeriodStarted,1765528937.5427425,1938.0011224746704,False
3359,6,399,startFixDisplay,1765528937.5428839,1938.0012629032135,False
3360,6,399,startFixPeriod,1765528937.7441561,1938.2025365829468,False
3361,6,399,TargetPresentation,1765528938.951428,1939.4098057746887,False
3362,6,399,TargetDisplacement,1765528940.4016213,1940.8600008487701,True
3363,6,399,LeftResponse,1765528941.0681264,1941.5265049934387,False
3364,6,400,FeedbackPeriodStarted,1765528941.0955431,1941.5539240837097,False
3365,6,400,startFixDisplay,1765528941.0956929,1941.5540719032288,False
3366,6,400,startFixPeriod,1765528941.2900374,1941.748417377472,False
3367,6,400,TargetPresentation,1765528942.2890859,1942.747463941574,False
3368,6,400,TargetDisplacement,1765528942.4695077,1942.9278874397278,True
3369,6,400,RightResponse,1765528943.1289647,1943.5873436927795,False
3370,6,401,FeedbackPeriodStarted,1765528943.1564662,1943.6148467063904,False
3371,6,401,startFixDisplay,1765528943.1566436,1943.6150224208832,False
3372,6,401,startFixPeriod,1765528943.5036056,1943.9619855880737,False
3373,6,401,TargetPresentation,1765528944.4056616,1944.8640434741974,False
3374,6,401,TargetRemoval,1765528945.619809,1946.0781886577606,True
3375,6,401,TargetReappeared,1765528945.869805,1946.328185558319,False
3376,6,401,RightResponse,1765528946.6540096,1947.1123876571655,False
3377,6,402,FeedbackPeriodStarted,1765528946.6813915,1947.1397688388824,False
3378,6,402,startFixDisplay,1765528946.6814559,1947.1398327350616,False
3379,6,402,startFixPeriod,1765528946.8897994,1947.3481795787811,False
3380,6,402,TargetPresentation,1765528947.3893366,1947.8477144241333,False
3381,6,402,TargetDisplacement,1765528947.6737351,1948.1321148872375,True
3382,6,402,LeftResponse,1765528948.2709837,1948.7293632030487,False
3383,6,402,FeedbackPeriodStarted,1765528948.2845883,1948.7429685592651,False
3384,6,403,startFixDisplay,1765528950.2966328,1950.7550106048584,False
3385,6,403,startFixPeriod,1765528950.303505,1950.7618820667267,False
3386,6,403,TargetPresentation,1765528951.67767,1952.1360490322113,False
3387,6,403,TargetDisplacement,1765528951.8718312,1952.3302109241486,True
3388,6,403,RightResponse,1765528952.8437848,1953.3021638393402,False
3389,6,404,FeedbackPeriodStarted,1765528952.8711143,1953.3294942378998,False
3390,6,404,startFixDisplay,1765528952.871247,1953.3296258449554,False
3391,6,404,startFixPeriod,1765528953.086456,1953.5448365211487,False
3392,6,404,TargetPresentation,1765528954.2035916,1954.661970615387,False
3393,6,404,TargetDisplacement,1765528954.4392843,1954.8976640701294,True
3394,6,404,RightResponse,1765528955.4389796,1955.8973586559296,False
3395,6,405,FeedbackPeriodStarted,1765528955.4662974,1955.9246773719788,False
3396,6,405,startFixDisplay,1765528955.466421,1955.9247980117798,False
3397,6,405,startFixPeriod,1765528955.8550673,1956.3134458065033,False
3398,6,405,TargetPresentation,1765528957.2845118,1957.7429161071777,False
3399,6,405,TargetDisplacement,1765528957.5202956,1957.9786756038666,True
3400,6,405,LeftResponse,1765528958.353303,1958.8116827011108,False
3401,6,406,FeedbackPeriodStarted,1765528958.380706,1958.8390862941742,False
3402,6,406,startFixDisplay,1765528958.3808448,1958.8392236232758,False
3403,6,406,startFixPeriod,1765528958.7347722,1959.1931524276733,False
3404,6,406,TargetPresentation,1765528960.219747,1960.6781277656555,False
3405,6,406,TargetDisplacement,1765528960.4624023,1960.920779466629,True
3406,6,406,LeftResponse,1765528961.378558,1961.8369352817535,False
3407,6,407,FeedbackPeriodStarted,1765528961.4061244,1961.8645043373108,False
3408,6,407,startFixDisplay,1765528961.4062645,1961.8646433353424,False
3409,6,407,startFixPeriod,1765528961.6560867,1962.1144659519196,False
3410,6,407,TargetPresentation,1765528962.3083231,1962.7667033672333,False
3411,6,407,TargetDisplacement,1765528962.5025005,1962.960880279541,True
3412,6,407,RightResponse,1765528963.092692,1963.5510704517365,False
3413,6,408,FeedbackPeriodStarted,1765528963.1200774,1963.5784571170807,False
3414,6,408,startFixDisplay,1765528963.1201966,1963.5785737037659,False
3415,6,408,startFixPeriod,1765528963.3423276,1963.8007066249847,False
3416,6,408,TargetPresentation,1765528964.2513483,1964.709728717804,False
3417,6,408,TargetRemoval,1765528964.535772,1964.9941520690918,True
3418,6,408,TargetReappeared,1765528964.7856848,1965.244065284729,False
3419,6,408,RightResponse,1765528965.5354402,1965.9938197135925,False
3420,6,408,FeedbackPeriodStarted,1765528965.5420735,1966.0004541873932,False
3421,6,409,startFixDisplay,1765528967.5609415,1968.019318819046,False
3422,6,409,startFixPeriod,1765528967.5680351,1968.0264122486115,False
3423,6,409,TargetPresentation,1765528968.796376,1969.2547550201416,False
3424,6,409,TargetRemoval,1765528968.9419677,1969.4003474712372,True
3425,6,409,TargetReappeared,1765528969.191915,1969.6502935886383,False
3426,6,409,RightResponse,1765528969.8862228,1970.3446025848389,False
3427,6,410,FeedbackPeriodStarted,1765528969.913682,1970.372059583664,False
3428,6,410,startFixDisplay,1765528969.9137464,1970.3721239566803,False
3429,6,410,startFixPeriod,1765528970.2882974,1970.746676683426,False
3430,6,410,TargetPresentation,1765528971.523442,1971.9818222522736,False
3431,6,410,TargetDisplacement,1765528971.7383864,1972.1967661380768,True
3432,6,410,RightResponse,1765528972.522805,1972.9811835289001,False
3433,6,411,FeedbackPeriodStarted,1765528972.5501509,1973.008528470993,False
3434,6,411,startFixDisplay,1765528972.5502129,1973.0085897445679,False
3435,6,411,startFixPeriod,1765528972.8767266,1973.335105895996,False
3436,6,411,TargetPresentation,1765528974.1532578,1974.6116366386414,False
3437,6,411,TargetDisplacement,1765528974.3197103,1974.7780900001526,True
3438,6,411,RightResponse,1765528974.9237678,1975.3821477890015,False
3439,6,412,FeedbackPeriodStarted,1765528974.9510682,1975.4094457626343,False
3440,6,412,startFixDisplay,1765528974.9511306,1975.4095075130463,False
3441,6,412,startFixPeriod,1765528975.1665025,1975.6248819828033,False
3442,6,412,TargetPresentation,1765528975.8255992,1976.2839803695679,False
3443,6,412,TargetDisplacement,1765528976.0545611,1976.5129418373108,True
3444,6,412,RightResponse,1765528976.7905612,1977.2489397525787,False
3445,6,413,FeedbackPeriodStarted,1765528976.817782,1977.2761619091034,False
3446,6,413,startFixDisplay,1765528976.8179233,1977.276302099228,False
3447,6,413,startFixPeriod,1765528977.0539606,1977.5123407840729,False
3448,6,413,TargetPresentation,1765528978.4278963,1978.886276960373,False
3449,6,413,TargetDisplacement,1765528978.5941832,1979.0525629520416,True
3450,6,413,LeftResponse,1765528979.28146,1979.7398388385773,False
3451,6,414,FeedbackPeriodStarted,1765528979.3089173,1979.7672970294952,False
3452,6,414,startFixDisplay,1765528979.3090606,1979.767439365387,False
3453,6,414,startFixPeriod,1765528979.5034285,1979.9618077278137,False
3454,6,414,TargetPresentation,1765528980.3221776,1980.780555486679,False
3455,6,414,TargetDisplacement,1765528980.481672,1980.9400515556335,True
3456,6,414,RightResponse,1765528981.1968448,1981.655223608017,False
3457,6,414,FeedbackPeriodStarted,1765528981.2103865,1981.6687643527985,False
3458,6,415,startFixDisplay,1765528983.2294374,1983.6878173351288,False
3459,6,415,startFixPeriod,1765528983.479395,1983.9377744197845,False
3460,6,415,TargetPresentation,1765528984.4439952,1984.9023752212524,False
3461,6,415,TargetRemoval,1765528984.6103354,1985.06871509552,True
3462,6,415,TargetReappeared,1765528984.8602421,1985.3186225891113,False
3463,6,415,LeftResponse,1765528985.7139406,1986.1723191738129,False
3464,6,416,FeedbackPeriodStarted,1765528985.7414596,1986.1998417377472,False
3465,6,416,startFixDisplay,1765528985.7416985,1986.2000784873962,False
3466,6,416,startFixPeriod,1765528985.9081078,1986.3664877414703,False
3467,6,416,TargetPresentation,1765528987.2403743,1987.6987545490265,False
3468,6,416,TargetDisplacement,1765528987.3859484,1987.8443286418915,True
3469,6,416,RightResponse,1765528988.052627,1988.511006116867,False
3470,6,417,FeedbackPeriodStarted,1765528988.0799124,1988.538292646408,False
3471,6,417,startFixDisplay,1765528988.08006,1988.5384385585785,False
3472,6,417,startFixPeriod,1765528988.288235,1988.7466156482697,False
3473,6,417,TargetPresentation,1765528989.204233,1989.6626133918762,False
3474,6,417,TargetDisplacement,1765528989.3844595,1989.842836856842,True
3475,6,417,LeftResponse,1765528989.9886,1990.4469792842865,False
3476,6,418,FeedbackPeriodStarted,1765528990.0227203,1990.4810981750488,False
3477,6,418,startFixDisplay,1765528990.0227861,1990.4811630249023,False
3478,6,418,startFixPeriod,1765528990.1896014,1990.6479811668396,False
3479,6,418,TargetPresentation,1765528990.8626475,1991.3210260868073,False
3480,6,418,TargetDisplacement,1765528991.2718794,1991.730259180069,True
3481,6,418,LeftResponse,1765528991.6192734,1992.0776529312134,False
3482,6,419,FeedbackPeriodStarted,1765528991.6464856,1992.104863166809,False
3483,6,419,startFixDisplay,1765528991.6465566,1992.1049337387085,False
3484,6,419,startFixPeriod,1765528991.8408985,1992.299278974533,False
3485,6,419,TargetPresentation,1765528992.3545659,1992.8129444122314,False
3486,6,419,TargetDisplacement,1765528992.6041808,1993.0625603199005,True
3487,6,419,RightResponse,1765528993.1388664,1993.5972456932068,False
3488,6,420,FeedbackPeriodStarted,1765528993.1731436,1993.6315233707428,False
3489,6,420,startFixDisplay,1765528993.173284,1993.6316628456116,False
3490,6,420,startFixPeriod,1765528993.4161997,1993.8745801448822,False
3491,6,420,TargetPresentation,1765528994.4153924,1994.873771429062,False
3492,6,420,TargetDisplacement,1765528994.6094842,1995.0678615570068,True
3493,6,420,LeftResponse,1765528995.1096208,1995.5679996013641,False
3494,6,420,FeedbackPeriodStarted,1765528995.1232486,1995.5816287994385,False
3495,6,421,startFixDisplay,1765528997.142267,1997.6006469726562,False
3496,6,421,startFixPeriod,1765528997.357558,1997.8159370422363,False
3497,6,421,TargetPresentation,1765528998.5996177,1999.0579981803894,False
3498,6,421,TargetDisplacement,1765528998.8075898,1999.2659673690796,True
3499,6,421,LeftResponse,1765528999.828056,2000.2864344120026,False
3500,6,422,FeedbackPeriodStarted,1765528999.855368,2000.3137457370758,False
3501,6,422,startFixDisplay,1765528999.8554354,2000.3138120174408,False
3502,6,422,startFixPeriod,1765529000.0637553,2000.522133588791,False
3503,6,422,TargetPresentation,1765529001.4861853,2001.9445650577545,False
3504,6,422,TargetDisplacement,1765529001.8332036,2002.2915835380554,True
3505,6,422,LeftResponse,1765529002.4234245,2002.8818044662476,False
3506,6,423,FeedbackPeriodStarted,1765529002.4507136,2002.90909409523,False
3507,6,423,startFixDisplay,1765529002.450847,2002.9092259407043,False
3508,6,423,startFixPeriod,1765529002.6104558,2003.0688364505768,False
3509,6,423,TargetPresentation,1765529003.304177,2003.762555360794,False
3510,6,423,TargetDisplacement,1765529003.5816429,2004.0400199890137,True
3511,6,423,RightResponse,1765529004.3108919,2004.7692720890045,False
3512,6,424,FeedbackPeriodStarted,1765529004.345018,2004.8033978939056,False
3513,6,424,startFixDisplay,1765529004.3451433,2004.8035202026367,False
3514,6,424,startFixPeriod,1765529004.5811155,2005.0394954681396,False
3515,6,424,TargetPresentation,1765529005.5664737,2006.0248515605927,False
3516,6,424,TargetDisplacement,1765529005.8508193,2006.3091990947723,True
3517,6,424,RightResponse,1765529006.4895663,2006.9479455947876,False
3518,6,425,FeedbackPeriodStarted,1765529006.5239186,2006.9822990894318,False
3519,6,425,startFixDisplay,1765529006.5240643,2006.982442855835,False
3520,6,425,startFixPeriod,1765529006.7600071,2007.2183876037598,False
3521,6,425,TargetPresentation,1765529007.5233467,2007.981727361679,False
3522,6,425,TargetRemoval,1765529007.7314327,2008.1898126602173,True
3523,6,425,TargetReappeared,1765529007.9813256,2008.4397039413452,False
3524,6,425,LeftResponse,1765529008.7237139,2009.182091474533,False
3525,6,426,FeedbackPeriodStarted,1765529008.751312,2009.2096922397614,False
3526,6,426,startFixDisplay,1765529008.7514431,2009.2098202705383,False
3527,6,426,startFixPeriod,1765529008.9041822,2009.3625626564026,False
3528,6,426,TargetPresentation,1765529010.3959177,2010.854297876358,False
3529,6,426,TargetRemoval,1765529010.555654,2011.0140342712402,True
3530,6,426,TargetReappeared,1765529010.8053827,2011.2637627124786,False
3531,6,426,RightResponse,1765529011.4303012,2011.888680934906,False
3532,6,426,FeedbackPeriodStarted,1765529011.4367714,2011.8951516151428,False
3533,6,427,startFixDisplay,1765529013.4559762,2013.9143559932709,False
3534,6,427,startFixPeriod,1765529013.462928,2013.921308040619,False
3535,6,427,TargetPresentation,1765529014.816293,2015.2746739387512,False
3536,6,427,TargetDisplacement,1765529015.0382037,2015.49658370018,True
3537,6,427,RightResponse,1765529016.1557825,2016.6141605377197,False
3538,6,428,FeedbackPeriodStarted,1765529016.1829653,2016.6413433551788,False
3539,6,428,startFixDisplay,1765529016.1830416,2016.6414189338684,False
3540,6,428,startFixPeriod,1765529016.3844943,2016.8428738117218,False
3541,6,428,TargetPresentation,1765529017.0366209,2017.494999408722,False
3542,6,428,TargetDisplacement,1765529017.1891823,2017.6475594043732,True
3543,6,428,RightResponse,1765529017.8278384,2018.286216020584,False
3544,6,429,FeedbackPeriodStarted,1765529017.8552637,2018.3136413097382,False
3545,6,429,startFixDisplay,1765529017.8553221,2018.3136992454529,False
3546,6,429,startFixPeriod,1765529018.0498323,2018.5082125663757,False
3547,6,429,TargetPresentation,1765529019.437653,2019.896030664444,False
3548,6,429,TargetRemoval,1765529019.5902128,2020.048590183258,True
3549,6,429,TargetReappeared,1765529019.840091,2020.2984714508057,False
3550,6,429,RightResponse,1765529020.6105525,2021.0689313411713,False
3551,6,430,FeedbackPeriodStarted,1765529020.644776,2021.1031534671783,False
3552,6,430,startFixDisplay,1765529020.6448355,2021.103212594986,False
3553,6,430,startFixPeriod,1765529020.8463244,2021.3047049045563,False
3554,6,430,TargetPresentation,1765529021.3667092,2021.8250885009766,False
3555,6,430,TargetDisplacement,1765529021.5678008,2022.026180267334,True
3556,6,430,RightResponse,1765529022.0956469,2022.554025888443,False
3557,6,431,FeedbackPeriodStarted,1765529022.122789,2022.5811665058136,False
3558,6,431,startFixDisplay,1765529022.1228497,2022.581226825714,False
3559,6,431,startFixPeriod,1765529022.4145105,2022.872921705246,False
3560,6,431,TargetPresentation,1765529023.3235893,2023.7819695472717,False
3561,6,431,TargetDisplacement,1765529023.6148212,2024.0732004642487,True
3562,6,431,LeftResponse,1765529024.3090885,2024.7674670219421,False
3563,6,432,FeedbackPeriodStarted,1765529024.3364418,2024.7948219776154,False
3564,6,432,startFixDisplay,1765529024.336583,2024.7949600219727,False
3565,6,432,startFixPeriod,1765529024.5794098,2025.0377883911133,False
3566,6,432,TargetPresentation,1765529025.675907,2026.1342871189117,False
3567,6,432,TargetDisplacement,1765529025.828383,2026.2867629528046,True
3568,6,432,RightResponse,1765529026.4464483,2026.9048268795013,False
3569,6,432,FeedbackPeriodStarted,1765529026.4599826,2026.9183626174927,False
3570,6,433,startFixDisplay,1765529028.4789023,2028.9372794628143,False
3571,6,433,startFixPeriod,1765529028.7290573,2029.1874375343323,False
3572,6,433,TargetPresentation,1765529030.0891497,2030.5475299358368,False
3573,6,433,TargetDisplacement,1765529030.2484844,2030.7068617343903,True
3574,6,433,RightResponse,1765529030.9288144,2031.3871927261353,False
3575,6,434,FeedbackPeriodStarted,1765529030.9563046,2031.41468501091,False
3576,6,434,startFixDisplay,1765529030.9564443,2031.414823293686,False
3577,6,434,startFixPeriod,1765529031.164735,2031.6231153011322,False
3578,6,434,TargetPresentation,1765529032.5385985,2032.9969778060913,False
3579,6,434,TargetDisplacement,1765529032.7120252,2033.1704051494598,True
3580,6,434,RightResponse,1765529033.5796633,2034.0380418300629,False
3581,6,435,FeedbackPeriodStarted,1765529033.6070623,2034.0654418468475,False
3582,6,435,startFixDisplay,1765529033.6071625,2034.0655400753021,False
3583,6,435,startFixPeriod,1765529033.836158,2034.2945384979248,False
3584,6,435,TargetPresentation,1765529034.4607072,2034.9190876483917,False
3585,6,435,TargetRemoval,1765529034.6201642,2035.078543663025,True
3586,6,435,TargetReappeared,1765529034.870156,2035.328536272049,False
3587,6,435,RightResponse,1765529035.4114842,2035.8698618412018,False
3588,6,436,FeedbackPeriodStarted,1765529035.445947,2035.904326915741,False
3589,6,436,startFixDisplay,1765529035.446091,2035.9044697284698,False
3590,6,436,startFixPeriod,1765529036.063666,2036.5220448970795,False
3591,6,436,TargetPresentation,1765529037.0004647,2037.4588451385498,False
3592,6,436,TargetDisplacement,1765529037.2014365,2037.6598138809204,True
3593,6,436,RightResponse,1765529037.8054876,2038.2638669013977,False
3594,6,437,FeedbackPeriodStarted,1765529037.8328834,2038.2912635803223,False
3595,6,437,startFixDisplay,1765529037.8330178,2038.2913966178894,False
3596,6,437,startFixPeriod,1765529038.1106696,2038.5690500736237,False
3597,6,437,TargetPresentation,1765529039.4012594,2039.8596394062042,False
3598,6,437,TargetDisplacement,1765529039.8174646,2040.2758417129517,True
3599,6,437,RightResponse,1765529040.1092596,2040.5676367282867,False
3600,6,438,FeedbackPeriodStarted,1765529040.1365964,2040.594974040985,False
3601,6,438,startFixDisplay,1765529040.1366582,2040.59503531456,False
3602,6,438,startFixPeriod,1765529040.927808,2041.3861882686615,False
3603,6,438,TargetPresentation,1765529042.3502991,2042.8086776733398,False
3604,6,438,TargetRemoval,1765529042.5097814,2042.9681584835052,True
3605,6,438,TargetReappeared,1765529042.7597466,2043.2181260585785,False
3606,6,438,RightResponse,1765529043.3774433,2043.8358209133148,False
3607,6,438,FeedbackPeriodStarted,1765529043.3842647,2043.8426449298859,False
3608,6,439,startFixDisplay,1765529045.6327257,2046.0911037921906,False
3609,6,439,startFixPeriod,1765529045.9308686,2046.389247894287,False
3610,6,439,TargetPresentation,1765529047.0967493,2047.5551273822784,False
3611,6,439,TargetRemoval,1765529047.2630818,2047.7214612960815,True
3612,6,439,TargetReappeared,1765529047.51308,2047.9714603424072,False
3613,6,439,LeftResponse,1765529048.172646,2048.631024837494,False
3614,6,440,FeedbackPeriodStarted,1765529048.1997397,2048.6581172943115,False
3615,6,440,startFixDisplay,1765529048.1998065,2048.658183336258,False
3616,6,440,startFixPeriod,1765529048.4706059,2048.928983926773,False
3617,6,440,TargetPresentation,1765529049.8167436,2050.275121450424,False
3618,6,440,TargetDisplacement,1765529049.9623277,2050.4207050800323,True
3619,6,440,RightResponse,1765529050.8788767,2051.3372559547424,False
3620,6,441,FeedbackPeriodStarted,1765529050.905966,2051.3643436431885,False
3621,6,441,startFixDisplay,1765529050.906028,2051.364405155182,False
3622,6,441,startFixPeriod,1765529051.1561213,2051.614501953125,False
3623,6,441,TargetPresentation,1765529051.8986049,2052.3569853305817,False
3624,6,441,TargetDisplacement,1765529052.0928104,2052.5511906147003,True
3625,6,441,RightResponse,1765529052.724689,2053.1830666065216,False
3626,6,442,FeedbackPeriodStarted,1765529052.751857,2053.2102375030518,False
3627,6,442,startFixDisplay,1765529052.7519982,2053.210376739502,False
3628,6,442,startFixPeriod,1765529053.0574503,2053.5158281326294,False
3629,6,442,TargetPresentation,1765529053.6887517,2054.147129535675,False
3630,6,442,TargetDisplacement,1765529053.9176605,2054.376039981842,True
3631,6,442,RightResponse,1765529054.4523726,2054.910749912262,False
3632,6,443,FeedbackPeriodStarted,1765529054.4796422,2054.9380197525024,False
3633,6,443,startFixDisplay,1765529054.4797053,2054.93808221817,False
3634,6,443,startFixPeriod,1765529054.7713342,2055.2297143936157,False
3635,6,443,TargetPresentation,1765529055.284789,2055.743168115616,False
3636,6,443,TargetDisplacement,1765529055.340172,2055.7985520362854,True
3637,6,443,LeftResponse,1765529056.395364,2056.85374379158,False
3638,6,444,FeedbackPeriodStarted,1765529056.4225287,2056.88090634346,False
3639,6,444,startFixDisplay,1765529056.422597,2056.8809740543365,False
3640,6,444,startFixPeriod,1765529056.6309137,2057.0892939567566,False
3641,6,444,TargetPresentation,1765529057.7550986,2058.2134788036346,False
3642,6,444,TargetDisplacement,1765529057.9285257,2058.3869030475616,True
3643,6,444,RightResponse,1765529058.4490054,2058.907383441925,False
3644,6,444,FeedbackPeriodStarted,1765529058.4558818,2058.9142615795135,False
3645,6,445,startFixDisplay,1765529060.4750078,2060.933387517929,False
3646,6,445,startFixPeriod,1765529060.7735846,2061.231963157654,False
3647,6,445,TargetPresentation,1765529062.2307842,2062.689163208008,False
3648,6,445,TargetDisplacement,1765529062.4040818,2062.862461566925,True
3649,6,445,RightResponse,1765529063.1817682,2063.6401476860046,False
3650,6,446,FeedbackPeriodStarted,1765529063.2090425,2063.6674222946167,False
3651,6,446,startFixDisplay,1765529063.209172,2063.667550802231,False
3652,6,446,startFixPeriod,1765529063.4382517,2063.8966343402863,False
3653,6,446,TargetPresentation,1765529064.256936,2064.715316057205,False
3654,6,446,TargetRemoval,1765529064.4025967,2064.860976457596,True
3655,6,446,TargetReappeared,1765529064.6525788,2065.110957622528,False
3656,6,446,RightResponse,1765529065.2840707,2065.7424488067627,False
3657,6,447,FeedbackPeriodStarted,1765529065.3115306,2065.7699081897736,False
3658,6,447,startFixDisplay,1765529065.3115942,2065.769971370697,False
3659,6,447,startFixPeriod,1765529066.213895,2066.672275543213,False
3660,6,447,TargetPresentation,1765529067.2199094,2067.6782875061035,False
3661,6,447,TargetRemoval,1765529067.372463,2067.8308429718018,True
3662,6,447,TargetReappeared,1765529067.6222928,2068.0806727409363,False
3663,6,447,LeftResponse,1765529068.226397,2068.684776544571,False
3664,6,448,FeedbackPeriodStarted,1765529068.2606876,2068.7190675735474,False
3665,6,448,startFixDisplay,1765529068.2608366,2068.719215631485,False
3666,6,448,startFixPeriod,1765529068.4827943,2068.9411730766296,False
3667,6,448,TargetPresentation,1765529069.482053,2069.9404335021973,False
3668,6,448,TargetDisplacement,1765529069.6832783,2070.1416556835175,True
3669,6,448,LeftResponse,1765529070.3357122,2070.7940912246704,False
3670,6,449,FeedbackPeriodStarted,1765529070.3700233,2070.828400850296,False
3671,6,449,startFixDisplay,1765529070.3700814,2070.8284587860107,False
3672,6,449,startFixPeriod,1765529070.710338,2071.1687185764313,False
3673,6,449,TargetPresentation,1765529071.4597762,2071.9181542396545,False
3674,6,449,TargetRemoval,1765529071.6816468,2072.140023946762,True
3675,6,449,TargetReappeared,1765529071.9316797,2072.390059709549,False
3676,6,449,LeftResponse,1765529072.8199549,2073.2783336639404,False
3677,6,450,FeedbackPeriodStarted,1765529072.8472788,2073.3056564331055,False
3678,6,450,startFixDisplay,1765529072.84734,2073.3057169914246,False
3679,6,450,startFixPeriod,1765529073.0487826,2073.5071613788605,False
3680,6,450,TargetPresentation,1765529074.4226334,2074.8810119628906,False
3681,6,450,TargetDisplacement,1765529074.630721,2075.089100599289,True
3682,6,450,LeftResponse,1765529075.2763624,2075.734740257263,False
3683,6,450,FeedbackPeriodStarted,1765529075.2830434,2075.741423368454,False
3684,6,451,startFixDisplay,1765529077.3022354,2077.7606155872345,False
3685,6,451,startFixPeriod,1765529077.3092678,2077.7676475048065,False
3686,6,451,TargetPresentation,1765529078.044788,2078.503165960312,False
3687,6,451,TargetRemoval,1765529078.1905866,2078.6489672660828,True
3688,6,451,TargetReappeared,1765529078.4404707,2078.8988513946533,False
3689,6,451,LeftResponse,1765529079.273024,2079.7314014434814,False
3690,6,452,FeedbackPeriodStarted,1765529079.3007858,2079.7591631412506,False
3691,6,452,startFixDisplay,1765529079.300855,2079.75923204422,False
3692,6,452,startFixPeriod,1765529079.4951544,2079.953534603119,False
3693,6,452,TargetPresentation,1765529080.2445917,2080.702972173691,False
3694,6,452,TargetRemoval,1765529080.6330743,2081.0914540290833,True
3695,6,452,TargetReappeared,1765529080.883017,2081.3413972854614,False
3696,6,452,LeftResponse,1765529081.958508,2082.416885614395,False
3697,6,453,FeedbackPeriodStarted,1765529081.9861112,2082.4444913864136,False
3698,6,453,startFixDisplay,1765529081.9862535,2082.4446325302124,False
3699,6,453,startFixPeriod,1765529083.6100254,2084.068405866623,False
3700,6,453,TargetPresentation,1765529084.255435,2084.7138147354126,False
3701,6,453,TargetRemoval,1765529084.4563656,2084.9147429466248,True
3702,6,453,TargetReappeared,1765529084.7063718,2085.1647527217865,False
3703,6,453,RightResponse,1765529085.2756882,2085.734066724777,False
3704,6,454,FeedbackPeriodStarted,1765529085.3098843,2085.7682642936707,False
3705,6,454,startFixDisplay,1765529085.3100219,2085.7684004306793,False
3706,6,454,startFixPeriod,1765529085.8860207,2086.3444006443024,False
3707,6,454,TargetPresentation,1765529086.420333,2086.8787128925323,False
3708,6,454,TargetRemoval,1765529086.64219,2087.1005697250366,True
3709,6,454,TargetReappeared,1765529086.8922622,2087.3506424427032,False
3710,6,454,RightResponse,1765529087.4821496,2087.9405295848846,False
3711,6,455,FeedbackPeriodStarted,1765529087.5094972,2087.967874765396,False
3712,6,455,startFixDisplay,1765529087.509573,2087.9679498672485,False
3713,6,455,startFixPeriod,1765529087.704097,2088.1624772548676,False
3714,6,455,TargetPresentation,1765529088.620081,2089.0784616470337,False
3715,6,455,TargetDisplacement,1765529088.786355,2089.2447323799133,True
3716,6,455,RightResponse,1765529089.355879,2089.8142580986023,False
3717,6,456,FeedbackPeriodStarted,1765529089.383151,2089.841531276703,False
3718,6,456,startFixDisplay,1765529089.3833,2089.841679096222,False
3719,6,456,startFixPeriod,1765529089.6192348,2090.0776150226593,False
3720,6,456,TargetPresentation,1765529090.4588535,2090.917233943939,False
3721,6,456,TargetDisplacement,1765529090.6599376,2091.118317127228,True
3722,6,456,LeftResponse,1765529091.4027934,2091.861171722412,False
3723,6,456,FeedbackPeriodStarted,1765529091.4093428,2091.86772274971,False
3724,6,457,startFixDisplay,1765529093.4286964,2093.8870763778687,False
3725,6,457,startFixPeriod,1765529093.4356413,2093.894021511078,False
3726,6,457,TargetPresentation,1765529094.18514,2094.643520116806,False
3727,6,457,TargetDisplacement,1765529094.3514004,2094.809777736664,True
3728,6,457,RightResponse,1765529094.920966,2095.3793449401855,False
3729,6,458,FeedbackPeriodStarted,1765529094.9552886,2095.4136805534363,False
3730,6,458,startFixDisplay,1765529094.9553738,2095.413750886917,False
3731,6,458,startFixPeriod,1765529095.1912937,2095.6496737003326,False
3732,6,458,TargetPresentation,1765529095.8574443,2096.3158247470856,False
3733,6,458,NoSaccadeMade,1765529097.8538291,2098.3122062683105,False
3734,6,459,FeedbackPeriodStarted,1765529097.883449,2098.341826438904,False
3735,6,459,startFixDisplay,1765529097.8835015,2098.3418786525726,False
3736,6,459,startFixPeriod,1765529097.8904886,2098.3488686084747,False
3737,6,459,TargetPresentation,1765529098.5429118,2099.0012905597687,False
3738,6,459,TargetDisplacement,1765529098.6953945,2099.1537716388702,True
3739,6,459,RightResponse,1765529099.375797,2099.834175348282,False
3740,6,460,FeedbackPeriodStarted,1765529099.4031186,2099.8614988327026,False
3741,6,460,startFixDisplay,1765529099.4032598,2099.8616383075714,False
3742,6,460,startFixPeriod,1765529099.8479211,2100.3063020706177,False
3743,6,460,TargetPresentation,1765529100.6454704,2101.103851079941,False
3744,6,460,TargetDisplacement,1765529100.8117747,2101.270154237747,True
3745,6,460,RightResponse,1765529101.9988415,2102.457219362259,False
3746,6,461,FeedbackPeriodStarted,1765529102.02619,2102.4845700263977,False
3747,6,461,startFixDisplay,1765529102.0263388,2102.484717607498,False
3748,6,461,startFixPeriod,1765529102.262197,2102.7205770015717,False
3749,6,461,TargetPresentation,1765529103.2614567,2103.719836950302,False
3750,6,461,TargetDisplacement,1765529103.413898,2103.8722774982452,True
3751,6,461,RightResponse,1765529104.1498601,2104.6082377433777,False
3752,6,461,FeedbackPeriodStarted,1765529104.1981785,2104.6565589904785,False
3753,7,462,startFixDisplay,1765529170.2994337,2170.7578139305115,False
3754,7,462,startFixPeriod,1765529170.3063607,2170.76474070549,False
3755,7,462,TargetPresentation,1765529171.6180506,2172.0764286518097,False
3756,7,462,TargetRemoval,1765529172.3049994,2172.7633793354034,True
3757,7,462,TargetReappeared,1765529172.5548244,2173.013204574585,False
3758,7,462,RightResponse,1765529173.1170166,2173.575394630432,False
3759,7,463,FeedbackPeriodStarted,1765529173.1448278,2173.603208065033,False
3760,7,463,startFixDisplay,1765529173.144977,2173.603355884552,False
3761,7,463,startFixPeriod,1765529173.4083722,2173.8667526245117,False
3762,7,463,TargetPresentation,1765529174.1299326,2174.5883128643036,False
3763,7,463,TargetRemoval,1765529174.32411,2174.7824873924255,True
3764,7,463,TargetReappeared,1765529174.5740926,2175.032472848892,False
3765,7,463,LeftResponse,1765529175.1292684,2175.587646007538,False
3766,7,464,FeedbackPeriodStarted,1765529175.1568213,2175.615201473236,False
3767,7,464,startFixDisplay,1765529175.1569676,2175.615344762802,False
3768,7,464,startFixPeriod,1765529175.4207544,2175.879134654999,False
3769,7,464,TargetPresentation,1765529176.6766586,2177.135039329529,False
3770,7,464,TargetRemoval,1765529176.8638377,2177.322217464447,True
3771,7,464,TargetReappeared,1765529177.1138308,2177.5722115039825,False
3772,7,464,RightResponse,1765529177.6829486,2178.141327381134,False
3773,7,465,FeedbackPeriodStarted,1765529177.7106862,2178.169063806534,False
3774,7,465,startFixDisplay,1765529177.7107458,2178.169122695923,False
3775,7,465,startFixPeriod,1765529177.9603555,2178.4187359809875,False
3776,7,465,TargetPresentation,1765529179.0706663,2179.5290467739105,False
3777,7,465,TargetDisplacement,1765529179.5699902,2180.0283675193787,True
3778,7,465,RightResponse,1765529180.5837343,2181.0421142578125,False
3779,7,466,FeedbackPeriodStarted,1765529180.6108866,2181.0692670345306,False
3780,7,466,startFixDisplay,1765529180.611029,2181.0694074630737,False
3781,7,466,startFixPeriod,1765529180.833107,2181.2914850711823,False
3782,7,466,TargetPresentation,1765529181.7213588,2182.1797392368317,False
3783,7,466,TargetRemoval,1765529181.9432356,2182.4016127586365,True
3784,7,466,TargetReappeared,1765529182.193204,2182.651582956314,False
3785,7,466,RightResponse,1765529182.9218385,2183.380217075348,False
3786,7,467,FeedbackPeriodStarted,1765529182.9563081,2183.4146885871887,False
3787,7,467,startFixDisplay,1765529182.95645,2183.4148287773132,False
3788,7,467,startFixPeriod,1765529183.2618392,2183.7202196121216,False
3789,7,467,TargetPresentation,1765529184.6427476,2185.101128101349,False
3790,7,467,TargetDisplacement,1765529184.8298972,2185.2882766723633,True
3791,7,467,LeftResponse,1765529185.6973643,2186.155741930008,False
3792,7,468,FeedbackPeriodStarted,1765529185.7319186,2186.190298318863,False
3793,7,468,startFixDisplay,1765529185.7320564,2186.1904351711273,False
3794,7,468,startFixPeriod,1765529185.9541974,2186.4125776290894,False
3795,7,468,TargetPresentation,1765529187.1199455,2187.5783231258392,False
3796,7,468,TargetDisplacement,1765529187.314138,2187.772515296936,True
3797,7,468,RightResponse,1765529187.918173,2188.3765523433685,False
3798,7,468,FeedbackPeriodStarted,1765529187.9246962,2188.383076429367,False
3799,7,469,startFixDisplay,1765529189.9439173,2190.4022970199585,False
3800,7,469,startFixPeriod,1765529190.214783,2190.67316365242,False
3801,7,469,TargetPresentation,1765529191.4082966,2191.8666772842407,False
3802,7,469,TargetRemoval,1765529191.609412,2192.0677919387817,True
3803,7,469,TargetReappeared,1765529191.8592904,2192.317668199539,False
3804,7,469,LeftResponse,1765529192.4422386,2192.900616168976,False
3805,7,470,FeedbackPeriodStarted,1765529192.469637,2192.928014278412,False
3806,7,470,startFixDisplay,1765529192.4697008,2192.928077697754,False
3807,7,470,startFixPeriod,1765529192.900131,2193.3585114479065,False
3808,7,470,TargetPresentation,1765529193.6357048,2194.094085454941,False
3809,7,470,TargetDisplacement,1765529193.7811806,2194.239557981491,True
3810,7,470,RightResponse,1765529194.5518725,2195.010251045227,False
3811,7,471,FeedbackPeriodStarted,1765529194.5931187,2195.0514991283417,False
3812,7,471,startFixDisplay,1765529194.5932531,2195.0516316890717,False
3813,7,471,startFixPeriod,1765529194.8500943,2195.3084745407104,False
3814,7,471,TargetPresentation,1765529196.0713394,2196.5297195911407,False
3815,7,471,TargetDisplacement,1765529196.3833354,2196.841714859009,True
3816,7,471,LeftResponse,1765529197.0637963,2197.5221738815308,False
3817,7,472,FeedbackPeriodStarted,1765529197.0911276,2197.5495052337646,False
3818,7,472,startFixDisplay,1765529197.0911922,2197.5495693683624,False
3819,7,472,startFixPeriod,1765529197.6326394,2198.091019630432,False
3820,7,472,TargetPresentation,1765529199.089807,2199.5481855869293,False
3821,7,472,TargetRemoval,1765529199.2701435,2199.7285232543945,True
3822,7,472,TargetReappeared,1765529199.520011,2199.9783911705017,False
3823,7,472,RightResponse,1765529200.1517808,2200.6101582050323,False
3824,7,473,FeedbackPeriodStarted,1765529200.1790524,2200.6374323368073,False
3825,7,473,startFixDisplay,1765529200.1791878,2200.6375646591187,False
3826,7,473,startFixPeriod,1765529200.4220605,2200.880438566208,False
3827,7,473,TargetPresentation,1765529201.476864,2201.935244321823,False
3828,7,473,TargetDisplacement,1765529202.232964,2202.6913414001465,True
3829,7,473,RightResponse,1765529203.0174892,2203.4758682250977,False
3830,7,474,FeedbackPeriodStarted,1765529203.051722,2203.5100996494293,False
3831,7,474,startFixDisplay,1765529203.0517864,2203.5101635456085,False
3832,7,474,startFixPeriod,1765529203.6557395,2204.1141200065613,False
3833,7,474,TargetPresentation,1765529204.5854738,2205.043854236603,False
3834,7,474,TargetDisplacement,1765529204.758962,2205.217341899872,True
3835,7,474,LeftResponse,1765529205.3838246,2205.842202425003,False
3836,7,474,FeedbackPeriodStarted,1765529205.3904173,2205.848795413971,False
3837,7,475,startFixDisplay,1765529207.4095378,2207.8679201602936,False
3838,7,475,startFixPeriod,1765529207.7706008,2208.2289814949036,False
3839,7,475,TargetPresentation,1765529209.1582882,2209.6166684627533,False
3840,7,475,TargetDisplacement,1765529209.317764,2209.776141166687,True
3841,7,475,LeftResponse,1765529210.5809093,2211.039286851883,False
3842,7,476,FeedbackPeriodStarted,1765529210.6084297,2211.0668094158173,False
3843,7,476,startFixDisplay,1765529210.6086068,2211.066985607147,False
3844,7,476,startFixPeriod,1765529210.9556794,2211.414059638977,False
3845,7,476,TargetPresentation,1765529212.058703,2212.517081260681,False
3846,7,476,TargetRemoval,1765529212.2392635,2212.697643518448,True
3847,7,476,TargetReappeared,1765529212.4890504,2212.9474306106567,False
3848,7,476,RightResponse,1765529213.0236886,2213.4820671081543,False
3849,7,477,FeedbackPeriodStarted,1765529213.050975,2213.509355068207,False
3850,7,477,startFixDisplay,1765529213.0511138,2213.5094928741455,False
3851,7,477,startFixPeriod,1765529213.2871623,2213.7455430030823,False
3852,7,477,TargetPresentation,1765529214.5498574,2215.008237838745,False
3853,7,477,TargetRemoval,1765529214.771851,2215.2302281856537,True
3854,7,477,TargetReappeared,1765529215.0218573,2215.480235815048,False
3855,7,477,RightResponse,1765529215.7504783,2216.2088561058044,False
3856,7,478,FeedbackPeriodStarted,1765529215.7780242,2216.2364044189453,False
3857,7,478,startFixDisplay,1765529215.778161,2216.236540079117,False
3858,7,478,startFixPeriod,1765529216.0489094,2216.507289648056,False
3859,7,478,TargetPresentation,1765529216.826014,2217.284392595291,False
3860,7,478,TargetDisplacement,1765529216.9716337,2217.430013179779,True
3861,7,478,LeftResponse,1765529217.5479596,2218.0063378810883,False
3862,7,479,FeedbackPeriodStarted,1765529217.5752635,2218.0336439609528,False
3863,7,479,startFixDisplay,1765529217.5754132,2218.0337920188904,False
3864,7,479,startFixPeriod,1765529217.7906148,2218.2489953041077,False
3865,7,479,TargetPresentation,1765529219.2408047,2219.6991851329803,False
3866,7,479,TargetDisplacement,1765529219.4349678,2219.8933475017548,True
3867,7,479,RightResponse,1765529219.997279,2220.4556567668915,False
3868,7,480,FeedbackPeriodStarted,1765529220.0246484,2220.483026266098,False
3869,7,480,startFixDisplay,1765529220.0247161,2220.4830927848816,False
3870,7,480,startFixPeriod,1765529220.260829,2220.719207048416,False
3871,7,480,TargetPresentation,1765529221.1074874,2221.5658679008484,False
3872,7,480,TargetDisplacement,1765529221.2668877,2221.725267648697,True
3873,7,480,LeftResponse,1765529221.9958885,2222.454267978668,False
3874,7,480,FeedbackPeriodStarted,1765529222.002353,2222.4607315063477,False
3875,7,481,startFixDisplay,1765529224.0216274,2224.4800069332123,False
3876,7,481,startFixPeriod,1765529224.0285337,2224.4869136810303,False
3877,7,481,TargetPresentation,1765529225.3471558,2225.805533885956,False
3878,7,481,TargetDisplacement,1765529225.4997354,2225.958114862442,True
3879,7,481,RightResponse,1765529226.3744638,2226.8328437805176,False
3880,7,482,FeedbackPeriodStarted,1765529226.4085767,2226.866954565048,False
3881,7,482,startFixDisplay,1765529226.4086387,2226.8670156002045,False
3882,7,482,startFixPeriod,1765529226.5893161,2227.047696352005,False
3883,7,482,TargetPresentation,1765529227.650971,2228.109351158142,False
3884,7,482,TargetDisplacement,1765529227.6579459,2228.1163260936737,True
3885,7,482,LeftResponse,1765529228.5948565,2229.0532352924347,False
3886,7,483,FeedbackPeriodStarted,1765529228.6291323,2229.0875096321106,False
3887,7,483,startFixDisplay,1765529228.6291919,2229.087568998337,False
3888,7,483,startFixPeriod,1765529228.8376136,2229.2959938049316,False
3889,7,483,TargetPresentation,1765529229.6077492,2230.0661277770996,False
3890,7,483,TargetDisplacement,1765529229.8088386,2230.2672188282013,True
3891,7,483,RightResponse,1765529230.4474385,2230.905816078186,False
3892,7,484,FeedbackPeriodStarted,1765529230.4748635,2230.9332411289215,False
3893,7,484,startFixDisplay,1765529230.4749286,2230.9333057403564,False
3894,7,484,startFixPeriod,1765529230.7941918,2231.25257229805,False
3895,7,484,TargetPresentation,1765529232.140369,2232.598749399185,False
3896,7,484,TargetDisplacement,1765529232.3207135,2232.7790932655334,True
3897,7,484,RightResponse,1765529233.3828382,2233.8412170410156,False
3898,7,485,FeedbackPeriodStarted,1765529233.4170632,2233.8754408359528,False
3899,7,485,startFixDisplay,1765529233.4171264,2233.875503540039,False
3900,7,485,startFixPeriod,1765529234.0069823,2234.465361595154,False
3901,7,485,TargetPresentation,1765529234.9993367,2235.4577169418335,False
3902,7,485,TargetDisplacement,1765529235.2212298,2235.6796073913574,True
3903,7,485,RightResponse,1765529235.7630215,2236.2214007377625,False
3904,7,486,FeedbackPeriodStarted,1765529235.7902865,2236.2486667633057,False
3905,7,486,startFixDisplay,1765529235.7904313,2236.2488102912903,False
3906,7,486,startFixPeriod,1765529236.0264306,2236.4848108291626,False
3907,7,486,TargetPresentation,1765529236.7619808,2237.220360994339,False
3908,7,486,TargetDisplacement,1765529236.9629552,2237.4213325977325,True
3909,7,486,LeftResponse,1765529237.7198431,2238.1782228946686,False
3910,7,486,FeedbackPeriodStarted,1765529237.7264326,2238.184812784195,False
3911,7,487,startFixDisplay,1765529239.7455475,2240.203928232193,False
3912,7,487,startFixPeriod,1765529239.9885645,2240.446943759918,False
3913,7,487,TargetPresentation,1765529240.71027,2241.1686487197876,False
3914,7,487,TargetDisplacement,1765529240.9113505,2241.369730234146,True
3915,7,487,LeftResponse,1765529241.6817102,2242.140088558197,False
3916,7,488,FeedbackPeriodStarted,1765529241.7161555,2242.174533367157,False
3917,7,488,startFixDisplay,1765529241.7162178,2242.1745948791504,False
3918,7,488,startFixPeriod,1765529241.9801514,2242.4385318756104,False
3919,7,488,TargetPresentation,1765529242.8821816,2243.340559720993,False
3920,7,488,TargetRemoval,1765529243.3609035,2243.8192806243896,True
3921,7,488,TargetReappeared,1765529243.6107442,2244.0691232681274,False
3922,7,488,LeftResponse,1765529244.4506195,2244.908999443054,False
3923,7,489,FeedbackPeriodStarted,1765529244.4779754,2244.936352968216,False
3924,7,489,startFixDisplay,1765529244.4780378,2244.936414718628,False
3925,7,489,startFixPeriod,1765529244.6239305,2245.0823109149933,False
3926,7,489,TargetPresentation,1765529245.1929429,2245.6513211727142,False
3927,7,489,TargetRemoval,1765529245.4704046,2245.9287843704224,True
3928,7,489,TargetReappeared,1765529245.720267,2246.1786465644836,False
3929,7,489,RightResponse,1765529246.441804,2246.900181531906,False
3930,7,490,FeedbackPeriodStarted,1765529246.4694612,2246.927839040756,False
3931,7,490,startFixDisplay,1765529246.4695363,2246.927913427353,False
3932,7,490,startFixPeriod,1765529247.8228245,2248.281205177307,False
3933,7,490,TargetPresentation,1765529248.669388,2249.1277668476105,False
3934,7,490,TargetDisplacement,1765529248.8495998,2249.3079795837402,True
3935,7,490,RightResponse,1765529249.7174633,2250.1758420467377,False
3936,7,491,FeedbackPeriodStarted,1765529249.751667,2250.210047006607,False
3937,7,491,startFixDisplay,1765529249.7518077,2250.210186481476,False
3938,7,491,startFixPeriod,1765529249.9877841,2250.4461646080017,False
3939,7,491,TargetPresentation,1765529250.8759508,2251.334329366684,False
3940,7,491,TargetRemoval,1765529251.1048584,2251.5632383823395,True
3941,7,491,TargetReappeared,1765529251.3547947,2251.8131749629974,False
3942,7,491,RightResponse,1765529251.8823183,2252.340696334839,False
3943,7,492,FeedbackPeriodStarted,1765529251.909604,2252.3679819107056,False
3944,7,492,startFixDisplay,1765529251.9096704,2252.368047475815,False
3945,7,492,startFixPeriod,1765529252.1250536,2252.583433866501,False
3946,7,492,TargetPresentation,1765529252.9230456,2253.381425857544,False
3947,7,492,TargetRemoval,1765529253.0894883,2253.5478682518005,True
3948,7,492,TargetReappeared,1765529253.3393471,2253.7977261543274,False
3949,7,492,LeftResponse,1765529254.068174,2254.5265526771545,False
3950,7,492,FeedbackPeriodStarted,1765529254.0746849,2254.5330650806427,False
3951,7,493,startFixDisplay,1765529256.0939338,2256.552314043045,False
3952,7,493,startFixPeriod,1765529256.378702,2256.8370826244354,False
3953,7,493,TargetPresentation,1765529257.2459514,2257.704331636429,False
3954,7,493,TargetDisplacement,1765529257.4054787,2257.8638586997986,True
3955,7,493,LeftResponse,1765529258.3631997,2258.8215775489807,False
3956,7,494,FeedbackPeriodStarted,1765529258.3907835,2258.849163532257,False
3957,7,494,startFixDisplay,1765529258.3909245,2258.8493032455444,False
3958,7,494,startFixPeriod,1765529258.5991235,2259.057502269745,False
3959,7,494,TargetPresentation,1765529259.7857594,2260.244140148163,False
3960,7,494,TargetDisplacement,1765529260.3199787,2260.778356075287,True
3961,7,494,RightResponse,1765529260.833576,2261.291954278946,False
3962,7,495,FeedbackPeriodStarted,1765529260.867946,2261.326324224472,False
3963,7,495,startFixDisplay,1765529260.8680243,2261.3264017105103,False
3964,7,495,startFixPeriod,1765529261.0972567,2261.5556371212006,False
3965,7,495,TargetPresentation,1765529262.242119,2262.7004973888397,False
3966,7,495,TargetRemoval,1765529262.4433002,2262.9016778469086,True
3967,7,495,TargetReappeared,1765529262.6932018,2263.1515820026398,False
3968,7,495,LeftResponse,1765529263.289953,2263.748331308365,False
3969,7,496,FeedbackPeriodStarted,1765529263.3244383,2263.7828183174133,False
3970,7,496,startFixDisplay,1765529263.3246043,2263.7829830646515,False
3971,7,496,startFixPeriod,1765529263.4703624,2263.9287428855896,False
3972,7,496,TargetPresentation,1765529264.6500096,2265.1083900928497,False
3973,7,496,TargetDisplacement,1765529264.8650627,2265.3234424591064,True
3974,7,496,LeftResponse,1765529265.6563597,2266.114737510681,False
3975,7,497,FeedbackPeriodStarted,1765529265.6839328,2266.1423127651215,False
3976,7,497,startFixDisplay,1765529265.6841187,2266.1424980163574,False
3977,7,497,startFixPeriod,1765529265.9475584,2266.405936717987,False
3978,7,497,TargetPresentation,1765529266.9815984,2267.4399790763855,False
3979,7,497,TargetRemoval,1765529267.3074222,2267.7657995224,True
3980,7,497,TargetReappeared,1765529267.5574327,2268.015810728073,False
3981,7,497,LeftResponse,1765529268.1542928,2268.6126716136932,False
3982,7,498,FeedbackPeriodStarted,1765529268.1819587,2268.6403386592865,False
3983,7,498,startFixDisplay,1765529268.1821175,2268.6404967308044,False
3984,7,498,startFixPeriod,1765529268.4664888,2268.924869298935,False
3985,7,498,TargetPresentation,1765529269.2297926,2269.68817281723,False
3986,7,498,TargetDisplacement,1765529269.361352,2269.8197293281555,True
3987,7,498,LeftResponse,1765529270.7359354,2271.194315433502,False
3988,7,498,FeedbackPeriodStarted,1765529270.7494538,2271.2078318595886,False
3989,7,499,startFixDisplay,1765529272.7685945,2273.2269747257233,False
3990,7,499,startFixPeriod,1765529272.8311012,2273.2894814014435,False
3991,7,499,TargetPresentation,1765529273.6222305,2274.0806109905243,False
3992,7,499,TargetRemoval,1765529273.8301635,2274.2885434627533,True
3993,7,499,TargetReappeared,1765529274.080139,2274.5385167598724,False
3994,7,499,LeftResponse,1765529274.6706913,2275.1290698051453,False
3995,7,500,FeedbackPeriodStarted,1765529274.7045107,2275.16290807724,False
3996,7,500,startFixDisplay,1765529274.704678,2275.163057088852,False
3997,7,500,startFixPeriod,1765529274.8989944,2275.35737490654,False
3998,7,500,TargetPresentation,1765529275.4401507,2275.8985311985016,False
3999,7,500,TargetRemoval,1765529275.7176638,2276.1760432720184,True
4000,7,500,TargetReappeared,1765529275.9675581,2276.4259374141693,False
4001,7,500,LeftResponse,1765529276.4188309,2276.877210378647,False
4002,7,501,FeedbackPeriodStarted,1765529276.4462187,2276.904598712921,False
4003,7,501,startFixDisplay,1765529276.4463673,2276.904746055603,False
4004,7,501,startFixPeriod,1765529277.6606262,2278.1190049648285,False
4005,7,501,TargetPresentation,1765529278.8610928,2279.3194708824158,False
4006,7,501,TargetRemoval,1765529279.0899873,2279.548364877701,True
4007,7,501,TargetReappeared,1765529279.3399062,2279.7982861995697,False
4008,7,501,RightResponse,1765529280.0686088,2280.5269861221313,False
4009,7,502,FeedbackPeriodStarted,1765529280.0961554,2280.5545353889465,False
4010,7,502,startFixDisplay,1765529280.0962687,2280.5546452999115,False
4011,7,502,startFixPeriod,1765529280.103164,2280.561541557312,False
4012,7,502,TargetPresentation,1765529280.9636843,2281.4220628738403,False
4013,7,502,TargetDisplacement,1765529281.7060454,2282.164422750473,True
4014,7,502,LeftResponse,1765529282.0947464,2282.5531239509583,False
4015,7,503,FeedbackPeriodStarted,1765529282.1222398,2282.5806176662445,False
4016,7,503,startFixDisplay,1765529282.1223016,2282.5806787014008,False
4017,7,503,startFixPeriod,1765529282.2752154,2282.7335946559906,False
4018,7,503,TargetPresentation,1765529282.9691243,2283.4275047779083,False
4019,7,503,TargetRemoval,1765529283.19097,2283.649349451065,True
4020,7,503,TargetReappeared,1765529283.4410076,2283.899388074875,False
4021,7,503,RightResponse,1765529284.0656629,2284.524041891098,False
4022,7,504,FeedbackPeriodStarted,1765529284.099965,2284.5583457946777,False
4023,7,504,startFixDisplay,1765529284.1000586,2284.558435678482,False
4024,7,504,startFixPeriod,1765529284.107069,2284.5654492378235,False
4025,7,504,TargetPresentation,1765529284.7245386,2285.1829166412354,False
4026,7,504,TargetDisplacement,1765529284.9119701,2285.370350122452,True
4027,7,504,LeftResponse,1765529285.5922341,2286.050612926483,False
4028,7,504,FeedbackPeriodStarted,1765529285.5990267,2286.057407140732,False
4029,7,505,startFixDisplay,1765529287.618045,2288.076425075531,False
4030,7,505,startFixPeriod,1765529287.8957973,2288.354177713394,False
4031,7,505,TargetPresentation,1765529288.672862,2289.1312425136566,False
4032,7,505,TargetDisplacement,1765529289.29046,2289.7488400936127,True
4033,7,505,LeftResponse,1765529289.5961502,2290.054530143738,False
4034,7,506,FeedbackPeriodStarted,1765529289.630409,2290.088789463043,False
4035,7,506,startFixDisplay,1765529289.6305451,2290.0889222621918,False
4036,7,506,startFixPeriod,1765529289.8179505,2290.2763307094574,False
4037,7,506,TargetPresentation,1765529290.935201,2291.393581390381,False
4038,7,506,TargetDisplacement,1765529291.4276936,2291.8860733509064,True
4039,7,506,RightResponse,1765529291.59444,2292.0528173446655,False
4040,7,507,FeedbackPeriodStarted,1765529291.6219118,2292.0802919864655,False
4041,7,507,startFixDisplay,1765529291.6220481,2292.0804271698,False
4042,7,507,startFixPeriod,1765529291.9690773,2292.4274575710297,False
4043,7,507,TargetPresentation,1765529292.76006,2293.2184381484985,False
4044,7,507,TargetDisplacement,1765529293.0306227,2293.489002466202,True
4045,7,507,LeftResponse,1765529293.6694746,2294.1278672218323,False
4046,7,508,FeedbackPeriodStarted,1765529293.70374,2294.162120103836,False
4047,7,508,startFixDisplay,1765529293.703887,2294.162266254425,False
4048,7,508,startFixPeriod,1765529293.9189496,2294.377329826355,False
4049,7,508,TargetPresentation,1765529295.161022,2295.6194021701813,False
4050,7,508,TargetDisplacement,1765529295.729912,2296.18829202652,True
4051,7,508,RightResponse,1765529296.2577343,2296.7161135673523,False
4052,7,509,FeedbackPeriodStarted,1765529296.2919056,2296.7502856254578,False
4053,7,509,startFixDisplay,1765529296.2920449,2296.7504239082336,False
4054,7,509,startFixPeriod,1765529296.5488522,2297.0072314739227,False
4055,7,509,TargetPresentation,1765529297.062349,2297.520727157593,False
4056,7,509,TargetDisplacement,1765529297.2148473,2297.6732268333435,True
4057,7,509,LeftResponse,1765529298.2418756,2298.700253725052,False
4058,7,510,FeedbackPeriodStarted,1765529298.2694418,2298.7278196811676,False
4059,7,510,startFixDisplay,1765529298.2695053,2298.7278821468353,False
4060,7,510,startFixPeriod,1765529298.5611567,2299.0195364952087,False
4061,7,510,TargetPresentation,1765529299.9558773,2300.414258003235,False
4062,7,510,TargetRemoval,1765529300.1015303,2300.559910297394,True
4063,7,510,TargetReappeared,1765529300.3514903,2300.8098690509796,False
4064,7,510,RightResponse,1765529300.8930047,2301.351384162903,False
4065,7,510,FeedbackPeriodStarted,1765529300.8996053,2301.357983112335,False
4066,7,511,startFixDisplay,1765529302.9186025,2303.3769800662994,False
4067,7,511,startFixPeriod,1765529302.9257123,2303.384092569351,False
4068,7,511,TargetPresentation,1765529304.4038515,2304.862230539322,False
4069,7,511,TargetDisplacement,1765529304.5840302,2305.042409658432,True
4070,7,511,LeftResponse,1765529305.2714658,2305.7298443317413,False
4071,7,512,FeedbackPeriodStarted,1765529305.3056283,2305.7640058994293,False
4072,7,512,startFixDisplay,1765529305.3056893,2305.7640664577484,False
4073,7,512,startFixPeriod,1765529305.500264,2305.9586441516876,False
4074,7,512,TargetPresentation,1765529306.9088407,2307.367220878601,False
4075,7,512,TargetRemoval,1765529307.1029568,2307.561336517334,True
4076,7,512,TargetReappeared,1765529307.352952,2307.811332464218,False
4077,7,512,LeftResponse,1765529307.970625,2308.429003238678,False
4078,7,513,FeedbackPeriodStarted,1765529308.0049202,2308.463297843933,False
4079,7,513,startFixDisplay,1765529308.004981,2308.463357925415,False
4080,7,513,startFixPeriod,1765529308.2897675,2308.748147726059,False
4081,7,513,TargetPresentation,1765529308.8517768,2309.310155391693,False
4082,7,513,TargetRemoval,1765529309.0874956,2309.545872926712,True
4083,7,513,TargetReappeared,1765529309.3374846,2309.7958631515503,False
4084,7,513,RightResponse,1765529309.996902,2310.4552805423737,False
4085,7,514,FeedbackPeriodStarted,1765529310.0312443,2310.4896245002747,False
4086,7,514,startFixDisplay,1765529310.0313869,2310.489764690399,False
4087,7,514,startFixPeriod,1765529310.2464395,2310.7048172950745,False
4088,7,514,TargetPresentation,1765529311.5650017,2312.023381948471,False
4089,7,514,TargetRemoval,1765529311.7452629,2312.2036402225494,True
4090,7,514,TargetReappeared,1765529311.9951751,2312.453555583954,False
4091,7,514,RightResponse,1765529312.4464786,2312.9048573970795,False
4092,7,515,FeedbackPeriodStarted,1765529312.480626,2312.939003944397,False
4093,7,515,startFixDisplay,1765529312.4806867,2312.9390635490417,False
4094,7,515,startFixPeriod,1765529312.716863,2313.175243139267,False
4095,7,515,TargetPresentation,1765529313.750668,2314.209047317505,False
4096,7,515,TargetRemoval,1765529313.9309583,2314.38933801651,True
4097,7,515,TargetReappeared,1765529314.180895,2314.639275074005,False
4098,7,515,LeftResponse,1765529314.7990062,2315.2573840618134,False
4099,7,516,FeedbackPeriodStarted,1765529314.8329709,2315.2913484573364,False
4100,7,516,startFixDisplay,1765529314.8330345,2315.2914113998413,False
4101,7,516,startFixPeriod,1765529315.0343335,2315.492711544037,False
4102,7,516,TargetPresentation,1765529315.7768948,2316.235275030136,False
4103,7,516,TargetDisplacement,1765529315.9225318,2316.3809118270874,True
4104,7,516,LeftResponse,1765529316.6097007,2317.0680792331696,False
4105,7,516,FeedbackPeriodStarted,1765529316.6163726,2317.074751138687,False
4106,7,517,startFixDisplay,1765529318.6355808,2319.093957901001,False
4107,7,517,startFixPeriod,1765529318.6566064,2319.114985704422,False
4108,7,517,TargetPresentation,1765529319.4823546,2319.9407329559326,False
4109,7,517,TargetDisplacement,1765529319.6348443,2320.0932216644287,True
4110,7,517,RightResponse,1765529320.1973636,2320.6557421684265,False
4111,7,518,FeedbackPeriodStarted,1765529320.2246284,2320.6830060482025,False
4112,7,518,startFixDisplay,1765529320.2246912,2320.6830682754517,False
4113,7,518,startFixPeriod,1765529320.4400525,2320.898431777954,False
4114,7,518,TargetPresentation,1765529321.6403952,2322.0987734794617,False
4115,7,518,TargetRemoval,1765529321.834523,2322.292900323868,True
4116,7,518,TargetReappeared,1765529322.0844572,2322.542834997177,False
4117,7,518,RightResponse,1765529322.646788,2323.105165719986,False
4118,7,519,FeedbackPeriodStarted,1765529322.6741004,2323.132478237152,False
4119,7,519,startFixDisplay,1765529322.674163,2323.1325402259827,False
4120,7,519,startFixPeriod,1765529322.9450245,2323.4034037590027,False
4121,7,519,TargetPresentation,1765529323.5903823,2324.0487625598907,False
4122,7,519,TargetRemoval,1765529323.8330212,2324.2914011478424,True
4123,7,519,TargetReappeared,1765529324.0830553,2324.5414357185364,False
4124,7,519,LeftResponse,1765529324.6176784,2325.076056957245,False
4125,7,520,FeedbackPeriodStarted,1765529324.6518312,2325.1102108955383,False
4126,7,520,startFixDisplay,1765529324.6519723,2325.110351085663,False
4127,7,520,startFixPeriod,1765529324.985004,2325.443384170532,False
4128,7,520,TargetPresentation,1765529326.1855714,2326.643951892853,False
4129,7,520,TargetDisplacement,1765529326.365742,2326.824119567871,True
4130,7,520,LeftResponse,1765529327.2544568,2327.7128343582153,False
4131,7,521,FeedbackPeriodStarted,1765529327.2816415,2327.7400193214417,False
4132,7,521,startFixDisplay,1765529327.281705,2327.740082025528,False
4133,7,521,startFixPeriod,1765529327.809286,2328.267666578293,False
4134,7,521,TargetPresentation,1765529328.9611773,2329.419557571411,False
4135,7,521,TargetDisplacement,1765529329.155283,2329.613662958145,True
4136,7,521,LeftResponse,1765529329.7524757,2330.2108545303345,False
4137,7,522,FeedbackPeriodStarted,1765529329.7797108,2330.238088607788,False
4138,7,522,startFixDisplay,1765529329.7797718,2330.2381489276886,False
4139,7,522,startFixPeriod,1765529330.0644908,2330.522869825363,False
4140,7,522,TargetPresentation,1765529331.2580042,2331.7163846492767,False
4141,7,522,TargetRemoval,1765529331.7852328,2332.2436125278473,True
4142,7,522,TargetReappeared,1765529332.0351713,2332.4935517311096,False
4143,7,522,RightResponse,1765529332.618224,2333.0766031742096,False
4144,7,522,FeedbackPeriodStarted,1765529332.6247828,2333.083163022995,False
4145,7,523,startFixDisplay,1765529334.6440516,2335.102431535721,False
4146,7,523,startFixPeriod,1765529334.9218402,2335.380219221115,False
4147,7,523,TargetPresentation,1765529336.260934,2336.719313621521,False
4148,7,523,TargetDisplacement,1765529336.4135072,2336.871884584427,True
4149,7,523,RightResponse,1765529337.2467391,2337.7051181793213,False
4150,7,524,FeedbackPeriodStarted,1765529337.2738736,2337.7322511672974,False
4151,7,524,startFixDisplay,1765529337.2739358,2337.7323129177094,False
4152,7,524,startFixPeriod,1765529337.4753444,2337.9337244033813,False
4153,7,524,TargetPresentation,1765529338.7105296,2339.1689076423645,False
4154,7,524,TargetDisplacement,1765529338.8700144,2339.328394174576,True
4155,7,524,RightResponse,1765529340.5217867,2340.980164527893,False
4156,7,525,FeedbackPeriodStarted,1765529340.549109,2341.0074865818024,False
4157,7,525,startFixDisplay,1765529340.5491717,2341.0075488090515,False
4158,7,525,startFixPeriod,1765529340.7157452,2341.174124479294,False
4159,7,525,TargetPresentation,1765529342.1314697,2342.5898497104645,False
4160,7,525,TargetDisplacement,1765529342.2909544,2342.74933385849,True
4161,7,525,RightResponse,1765529342.9298563,2343.3882355690002,False
4162,7,526,FeedbackPeriodStarted,1765529342.963896,2343.422273874283,False
4163,7,526,startFixDisplay,1765529342.963958,2343.422334909439,False
4164,7,526,startFixPeriod,1765529343.2139022,2343.6722824573517,False
4165,7,526,TargetPresentation,1765529344.0951664,2344.553546667099,False
4166,7,526,TargetDisplacement,1765529344.2546496,2344.7130296230316,True
4167,7,526,LeftResponse,1765529344.893445,2345.351823568344,False
4168,7,527,FeedbackPeriodStarted,1765529344.9276614,2345.386039018631,False
4169,7,527,startFixDisplay,1765529344.9277215,2345.3860986232758,False
4170,7,527,startFixPeriod,1765529345.0736353,2345.5320143699646,False
4171,7,527,TargetPresentation,1765529346.0797575,2346.5381379127502,False
4172,7,527,TargetRemoval,1765529346.3223867,2346.780764102936,True
4173,7,527,TargetReappeared,1765529346.5724058,2347.0307846069336,False
4174,7,527,LeftResponse,1765529347.1763585,2347.634736776352,False
4175,7,527,FeedbackPeriodStarted,1765529347.2245834,2347.682960987091,False
