,blockID,trialNumber,triggerName,timestamp_sys,timestamp_psyc,triggerSent_Serial00
0,pract,-1,StartPractice,1766135130.1846867,346.11026096343994,False
1,pract,0,startFixDisplay,1766135130.2012239,346.12680077552795,False
2,pract,0,startFixPeriod,1766135130.2080023,346.133576631546,False
3,pract,0,TargetPresentation,1766135131.3670318,347.2926068305969,False
4,pract,0,TargetDisplacement,1766135131.3739216,347.2994964122772,True
5,pract,0,FeedbackPeriodStarted,1766135133.3930938,349.31867122650146,False
6,pract,1,startFixDisplay,1766135133.89957,349.8251464366913,False
7,pract,1,startFixPeriod,1766135134.2535145,350.1790919303894,False
8,pract,1,TargetPresentation,1766135135.6900089,351.61558628082275,False
9,pract,1,TargetDisplacement,1766135135.8772275,351.8028039932251,True
10,pract,1,RightResponse,1766135136.7865252,352.7121002674103,False
11,pract,1,FeedbackPeriodStarted,1766135136.7933588,352.7189362049103,False
12,pract,2,startFixDisplay,1766135137.2997272,353.2253041267395,False
13,pract,2,startFixPeriod,1766135137.4942172,353.41979455947876,False
14,pract,2,TargetPresentation,1766135138.8750606,354.8006372451782,False
15,pract,2,TargetDisplacement,1766135139.0275633,354.95314025878906,True
16,pract,2,LeftResponse,1766135139.9509697,355.87654542922974,False
17,pract,2,FeedbackPeriodStarted,1766135139.9575846,355.8831617832184,False
18,pract,3,startFixDisplay,1766135140.4639974,356.3895745277405,False
19,pract,3,startFixPeriod,1766135140.7694678,356.6950454711914,False
20,pract,3,TargetPresentation,1766135141.28295,357.20852518081665,False
21,pract,3,TargetDisplacement,1766135141.456249,357.3818259239197,True
22,pract,3,LeftResponse,1766135142.129526,358.05510091781616,False
23,pract,3,FeedbackPeriodStarted,1766135142.136493,358.06207036972046,False
24,pract,4,startFixDisplay,1766135142.6498005,358.5753779411316,False
25,pract,4,startFixPeriod,1766135142.6568103,358.5823874473572,False
26,pract,4,TargetPresentation,1766135143.6006014,359.5261764526367,False
27,pract,4,TargetDisplacement,1766135143.7878246,359.713401556015,True
28,pract,4,RightResponse,1766135144.516942,360.4425172805786,False
29,pract,4,FeedbackPeriodStarted,1766135144.523314,360.44889092445374,False
30,pract,5,startFixDisplay,1766135145.0297298,360.95530462265015,False
31,pract,5,startFixPeriod,1766135145.0787241,361.00430250167847,False
32,pract,5,TargetPresentation,1766135145.6753209,361.60089802742004,False
33,pract,5,TargetRemoval,1766135145.8208747,361.74644899368286,True
34,pract,5,TargetReappeared,1766135146.0708513,361.99642872810364,False
35,pract,5,RightResponse,1766135146.6470494,362.5726249217987,False
36,pract,5,FeedbackPeriodStarted,1766135146.6605506,362.5861279964447,False
37,pract,6,startFixDisplay,1766135147.166987,363.0925612449646,False
38,pract,6,startFixPeriod,1766135147.1739922,363.0995693206787,False
39,pract,6,TargetPresentation,1766135148.346792,364.27236890792847,False
40,pract,6,TargetRemoval,1766135148.5202446,364.44582295417786,True
41,pract,6,TargetReappeared,1766135148.7701468,364.69572401046753,False
42,pract,6,LeftResponse,1766135149.1867971,365.11237359046936,False
43,pract,6,FeedbackPeriodStarted,1766135149.2000835,365.1256580352783,False
44,pract,7,startFixDisplay,1766135149.7067342,365.63231110572815,False
45,pract,7,startFixPeriod,1766135149.7137003,365.63927721977234,False
46,pract,7,TargetPresentation,1766135150.629862,366.55543971061707,False
47,pract,7,TargetDisplacement,1766135150.8100598,366.73563385009766,True
48,pract,7,LeftResponse,1766135151.6778655,367.60344099998474,False
49,pract,7,FeedbackPeriodStarted,1766135151.6914113,367.61698865890503,False
50,pract,8,startFixDisplay,1766135152.197786,368.1233627796173,False
51,pract,8,startFixPeriod,1766135152.2326195,368.1581971645355,False
52,pract,8,TargetPresentation,1766135153.4192364,369.3448119163513,False
53,pract,8,TargetRemoval,1766135153.578703,369.5042796134949,True
54,pract,8,TargetReappeared,1766135153.8286164,369.7541937828064,False
55,pract,8,RightResponse,1766135154.3565493,370.28212547302246,False
56,pract,8,FeedbackPeriodStarted,1766135154.362772,370.28834795951843,False
57,pract,-1,EndPractice,1766135154.8591473,370.78472423553467,False
58,0,0,startFixDisplay,1766135200.1464458,416.0720205307007,False
59,0,0,startFixPeriod,1766135200.153615,416.07919216156006,False
60,0,0,TargetPresentation,1766135200.7643561,416.68993186950684,False
61,0,0,TargetDisplacement,1766135200.9515712,416.87714886665344,True
62,0,0,LeftResponse,1766135201.5001721,417.42574763298035,False
63,0,1,FeedbackPeriodStarted,1766135201.5205996,417.4461770057678,False
64,0,1,startFixDisplay,1766135201.5207405,417.44631481170654,False
65,0,1,startFixPeriod,1766135201.7357538,417.66132831573486,False
66,0,1,TargetPresentation,1766135203.0126538,418.9382309913635,False
67,0,1,TargetRemoval,1766135203.1789634,419.104540348053,True
68,0,1,TargetReappeared,1766135203.4289613,419.3545386791229,False
69,0,1,LeftResponse,1766135203.9703238,419.89589953422546,False
70,0,2,FeedbackPeriodStarted,1766135203.9838657,419.9094433784485,False
71,0,2,startFixDisplay,1766135203.9840293,419.9096055030823,False
72,0,2,startFixPeriod,1766135204.178349,420.1039264202118,False
73,0,2,TargetPresentation,1766135204.7959032,420.72147941589355,False
74,0,2,TargetDisplacement,1766135204.9831204,420.9086973667145,True
75,0,2,LeftResponse,1766135206.329424,422.25499987602234,False
76,0,3,FeedbackPeriodStarted,1766135206.3432019,422.2687792778015,False
77,0,3,startFixDisplay,1766135206.3433566,422.2689325809479,False
78,0,3,startFixPeriod,1766135206.5376477,422.4632234573364,False
79,0,3,TargetPresentation,1766135207.356385,423.28196120262146,False
80,0,3,TargetRemoval,1766135207.5087945,423.43436884880066,True
81,0,3,TargetReappeared,1766135207.7589073,423.6844835281372,False
82,0,3,LeftResponse,1766135208.4669757,424.39255142211914,False
83,0,4,FeedbackPeriodStarted,1766135208.4804041,424.40598225593567,False
84,0,4,startFixDisplay,1766135208.48056,424.4061357975006,False
85,0,4,startFixPeriod,1766135208.6540263,424.57960414886475,False
86,0,4,TargetPresentation,1766135209.6253564,425.5509316921234,False
87,0,4,TargetRemoval,1766135209.7849746,425.71055150032043,True
88,0,4,TargetReappeared,1766135210.0349565,425.96053433418274,False
89,0,4,LeftResponse,1766135210.6041477,426.52972316741943,False
90,0,5,FeedbackPeriodStarted,1766135210.6244373,426.55001187324524,False
91,0,5,startFixDisplay,1766135210.624502,426.55007576942444,False
92,0,5,startFixPeriod,1766135210.8120785,426.73765659332275,False
93,0,5,TargetPresentation,1766135211.6030982,427.52867317199707,False
94,0,5,TargetRemoval,1766135211.7833512,427.70892810821533,True
95,0,5,TargetReappeared,1766135212.0333297,427.95890736579895,False
96,0,5,RightResponse,1766135212.5332415,428.4588177204132,False
97,0,6,FeedbackPeriodStarted,1766135212.55363,428.47920751571655,False
98,0,6,startFixDisplay,1766135212.553775,428.4793510437012,False
99,0,6,startFixPeriod,1766135212.7272055,428.6527810096741,False
100,0,6,TargetPresentation,1766135213.601614,429.5271918773651,False
101,0,6,TargetDisplacement,1766135213.7262037,429.6517777442932,True
102,0,6,LeftResponse,1766135214.531617,430.45719265937805,False
103,0,6,FeedbackPeriodStarted,1766135214.5451076,430.47068214416504,False
104,0,7,startFixDisplay,1766135216.5504994,432.4760766029358,False
105,0,7,startFixPeriod,1766135216.779613,432.7051908969879,False
106,0,7,TargetPresentation,1766135217.633138,433.5587136745453,False
107,0,7,TargetDisplacement,1766135217.8134792,433.73905634880066,True
108,0,7,RightResponse,1766135218.4869697,434.41254687309265,False
109,0,8,FeedbackPeriodStarted,1766135218.507222,434.4327964782715,False
110,0,8,startFixDisplay,1766135218.5072892,434.43286299705505,False
111,0,8,startFixPeriod,1766135218.5768814,434.50245785713196,False
112,0,8,TargetPresentation,1766135219.5761876,435.5017657279968,False
113,0,8,TargetDisplacement,1766135219.7424395,435.6680166721344,True
114,0,8,RightResponse,1766135220.6796002,436.6051757335663,False
115,0,9,FeedbackPeriodStarted,1766135220.6999617,436.6255362033844,False
116,0,9,startFixDisplay,1766135220.7000296,436.6256034374237,False
117,0,9,startFixPeriod,1766135220.8806949,436.8062710762024,False
118,0,9,TargetPresentation,1766135222.2684672,438.19404458999634,False
119,0,9,TargetDisplacement,1766135222.441711,438.3672847747803,True
120,0,9,RightResponse,1766135223.198538,439.12411522865295,False
121,0,10,FeedbackPeriodStarted,1766135223.2119613,439.13753843307495,False
122,0,10,startFixDisplay,1766135223.2121873,439.137761592865,False
123,0,10,startFixPeriod,1766135223.3717768,439.2973520755768,False
124,0,10,TargetPresentation,1766135224.7110348,440.6366126537323,False
125,0,10,TargetRemoval,1766135224.8843627,440.8099400997162,True
126,0,10,TargetReappeared,1766135225.1342657,441.0598430633545,False
127,0,10,LeftResponse,1766135225.6201665,441.5457422733307,False
128,0,11,FeedbackPeriodStarted,1766135225.6406114,441.5661885738373,False
129,0,11,startFixDisplay,1766135225.640759,441.5663352012634,False
130,0,11,startFixPeriod,1766135225.8071904,441.7327663898468,False
131,0,11,TargetPresentation,1766135227.0634077,442.9889874458313,False
132,0,11,TargetDisplacement,1766135227.2851794,443.21075677871704,True
133,0,11,RightResponse,1766135228.395925,444.321501493454,False
134,0,12,FeedbackPeriodStarted,1766135228.4162724,444.341849565506,False
135,0,12,startFixDisplay,1766135228.4164484,444.34202456474304,False
136,0,12,startFixPeriod,1766135228.5898697,444.5154457092285,False
137,0,12,TargetPresentation,1766135229.9777021,445.90327978134155,False
138,0,12,TargetDisplacement,1766135230.1301508,446.05572509765625,True
139,0,12,LeftResponse,1766135231.2548518,447.18042731285095,False
140,0,12,FeedbackPeriodStarted,1766135231.2682838,447.1938588619232,False
141,0,13,startFixDisplay,1766135233.2735503,449.1991276741028,False
142,0,13,startFixPeriod,1766135233.6207042,449.54628229141235,False
143,0,13,TargetPresentation,1766135234.3215983,450.24717831611633,False
144,0,13,TargetDisplacement,1766135234.5086873,450.434264421463,True
145,0,13,RightResponse,1766135235.2237108,451.1492848396301,False
146,0,14,FeedbackPeriodStarted,1766135235.237406,451.1629843711853,False
147,0,14,startFixDisplay,1766135235.2375677,451.1631438732147,False
148,0,14,startFixPeriod,1766135235.3970814,451.3226566314697,False
149,0,14,TargetPresentation,1766135236.0908,452.01637530326843,False
150,0,14,TargetRemoval,1766135236.243492,452.169068813324,True
151,0,14,TargetReappeared,1766135236.4934382,452.4190158843994,False
152,0,14,LeftResponse,1766135236.9931154,452.9186909198761,False
153,0,15,FeedbackPeriodStarted,1766135237.0137534,452.93932819366455,False
154,0,15,startFixDisplay,1766135237.0138216,452.93939542770386,False
155,0,15,startFixPeriod,1766135237.1457953,453.07137274742126,False
156,0,15,TargetPresentation,1766135238.0409417,453.9665195941925,False
157,0,15,TargetRemoval,1766135238.207315,454.132892370224,True
158,0,15,TargetReappeared,1766135238.4572682,454.38284492492676,False
159,0,15,RightResponse,1766135239.1722155,455.0977928638458,False
160,0,16,FeedbackPeriodStarted,1766135239.1926625,455.11824011802673,False
161,0,16,startFixDisplay,1766135239.192803,455.11837887763977,False
162,0,16,startFixPeriod,1766135239.3591542,455.2847294807434,False
163,0,16,TargetPresentation,1766135240.8235738,456.74914956092834,False
164,0,16,TargetRemoval,1766135240.9829838,456.9085612297058,True
165,0,16,TargetReappeared,1766135241.2327762,457.158353805542,False
166,0,16,RightResponse,1766135241.8090847,457.73466086387634,False
167,0,17,FeedbackPeriodStarted,1766135241.8224819,457.7480592727661,False
168,0,17,startFixDisplay,1766135241.822652,457.74822878837585,False
169,0,17,startFixPeriod,1766135242.0100322,457.93560886383057,False
170,0,17,TargetPresentation,1766135243.1688223,459.09439969062805,False
171,0,17,TargetDisplacement,1766135243.3629456,459.2885227203369,True
172,0,17,LeftResponse,1766135244.0294638,459.9550392627716,False
173,0,18,FeedbackPeriodStarted,1766135244.0429463,459.968523979187,False
174,0,18,startFixDisplay,1766135244.0431478,459.96872425079346,False
175,0,18,startFixPeriod,1766135244.2096498,460.1352274417877,False
176,0,18,TargetPresentation,1766135244.9868577,460.9124343395233,False
177,0,18,TargetRemoval,1766135245.2296367,461.1552138328552,True
178,0,18,TargetReappeared,1766135245.4794436,461.4050211906433,False
179,0,18,LeftResponse,1766135245.986238,461.9118139743805,False
180,0,18,FeedbackPeriodStarted,1766135245.9999094,461.92548727989197,False
181,0,19,startFixDisplay,1766135248.0051649,463.93074202537537,False
182,0,19,startFixPeriod,1766135248.026102,463.9516794681549,False
183,0,19,TargetPresentation,1766135249.4417005,465.36727809906006,False
184,0,19,TargetDisplacement,1766135249.5873442,465.51292181015015,True
185,0,19,LeftResponse,1766135250.385689,466.31126642227173,False
186,0,20,FeedbackPeriodStarted,1766135250.4061046,466.33168029785156,False
187,0,20,startFixDisplay,1766135250.4062028,466.33177757263184,False
188,0,20,startFixPeriod,1766135250.5935986,466.5191764831543,False
189,0,20,TargetPresentation,1766135251.7661073,467.6916847229004,False
190,0,20,TargetRemoval,1766135251.9744327,467.90001034736633,True
191,0,20,TargetReappeared,1766135252.2242637,468.1498394012451,False
192,0,20,RightResponse,1766135252.7726758,468.6982545852661,False
193,0,21,FeedbackPeriodStarted,1766135252.7931921,468.7187669277191,False
194,0,21,startFixDisplay,1766135252.793325,468.7189004421234,False
195,0,21,startFixPeriod,1766135253.0428426,468.96841835975647,False
196,0,21,TargetPresentation,1766135253.8896465,469.8152241706848,False
197,0,21,TargetDisplacement,1766135254.1324391,470.05801653862,True
198,0,21,RightResponse,1766135254.7641098,470.68968415260315,False
199,0,22,FeedbackPeriodStarted,1766135254.777718,470.70329570770264,False
200,0,22,startFixDisplay,1766135254.777872,470.7034480571747,False
201,0,22,startFixPeriod,1766135254.8888702,470.8144464492798,False
202,0,22,TargetPresentation,1766135255.957446,471.8830211162567,False
203,0,22,TargetDisplacement,1766135256.172448,472.09802532196045,True
204,0,22,RightResponse,1766135256.8112292,472.73680543899536,False
205,0,23,FeedbackPeriodStarted,1766135256.8316016,472.7571790218353,False
206,0,23,startFixDisplay,1766135256.831749,472.75732493400574,False
207,0,23,startFixPeriod,1766135256.9774547,472.9030303955078,False
208,0,23,TargetPresentation,1766135258.1848612,474.11043882369995,False
209,0,23,TargetDisplacement,1766135258.3443182,474.2698953151703,True
210,0,23,LeftResponse,1766135259.2188623,475.1444368362427,False
211,0,24,FeedbackPeriodStarted,1766135259.2325644,475.15814185142517,False
212,0,24,startFixDisplay,1766135259.2327104,475.1582865715027,False
213,0,24,startFixPeriod,1766135259.4200172,475.34559202194214,False
214,0,24,TargetPresentation,1766135260.3776724,476.3032500743866,False
215,0,24,TargetRemoval,1766135261.8208528,477.7464270591736,True
216,0,24,TargetReappeared,1766135262.0706654,477.9962430000305,False
217,0,24,RightResponse,1766135263.22991,479.1554853916168,False
218,0,24,FeedbackPeriodStarted,1766135263.2362938,479.16187143325806,False
219,0,25,startFixDisplay,1766135265.241694,481.16727113723755,False
220,0,25,startFixPeriod,1766135265.4500096,481.3755872249603,False
221,0,25,TargetPresentation,1766135266.6852255,482.6108033657074,False
222,0,25,TargetDisplacement,1766135266.8585756,482.78415274620056,True
223,0,25,RightResponse,1766135268.4201653,484.34574031829834,False
224,0,26,FeedbackPeriodStarted,1766135268.4336085,484.3591833114624,False
225,0,26,startFixDisplay,1766135268.4337347,484.359308719635,False
226,0,26,startFixPeriod,1766135268.773911,484.6994888782501,False
227,0,26,TargetPresentation,1766135269.3636136,485.2891893386841,False
228,0,26,TargetDisplacement,1766135269.5022318,485.42780590057373,True
229,0,26,FeedbackPeriodStarted,1766135271.5077763,487.43335342407227,False
230,0,27,startFixDisplay,1766135272.0141637,487.939738035202,False
231,0,27,startFixPeriod,1766135272.291968,488.21754574775696,False
232,0,27,TargetPresentation,1766135272.9234433,488.84902143478394,False
233,0,27,TargetDisplacement,1766135273.2008064,489.1263806819916,True
234,0,27,LeftResponse,1766135273.8811395,489.8067150115967,False
235,0,28,FeedbackPeriodStarted,1766135273.9016955,489.82727313041687,False
236,0,28,startFixDisplay,1766135273.9017847,489.8273584842682,False
237,0,28,startFixPeriod,1766135274.0751815,490.0007562637329,False
238,0,28,TargetPresentation,1766135274.7067132,490.6322910785675,False
239,0,28,TargetDisplacement,1766135274.8591583,490.78473234176636,True
240,0,28,FeedbackPeriodStarted,1766135276.8646123,492.79018998146057,False
241,0,29,startFixDisplay,1766135277.3711438,493.2967212200165,False
242,0,29,startFixPeriod,1766135277.6627789,493.58835673332214,False
243,0,29,TargetPresentation,1766135278.7036808,494.62925815582275,False
244,0,29,TargetDisplacement,1766135278.8491426,494.77471947669983,True
245,0,29,RightResponse,1766135279.925108,495.8506841659546,False
246,0,30,FeedbackPeriodStarted,1766135279.938501,495.864075422287,False
247,0,30,startFixDisplay,1766135279.9385705,495.86414432525635,False
248,0,30,startFixPeriod,1766135280.2926495,496.21822714805603,False
249,0,30,TargetPresentation,1766135281.208578,497.13415575027466,False
250,0,30,TargetDisplacement,1766135281.3611102,497.28668451309204,True
251,0,30,LeftResponse,1766135282.8534074,498.7789845466614,False
252,0,30,FeedbackPeriodStarted,1766135282.8671072,498.79268169403076,False
253,0,31,startFixDisplay,1766135284.8722467,500.7978241443634,False
254,0,31,startFixPeriod,1766135285.0875003,501.0130777359009,False
255,0,31,TargetPresentation,1766135285.7258565,501.6514313220978,False
256,0,31,TargetDisplacement,1766135285.899233,501.82481026649475,True
257,0,31,RightResponse,1766135287.5857713,503.5113456249237,False
258,0,32,FeedbackPeriodStarted,1766135287.5993223,503.52489972114563,False
259,0,32,startFixDisplay,1766135287.599501,503.5250771045685,False
260,0,32,startFixPeriod,1766135287.8353424,503.7609181404114,False
261,0,32,TargetPresentation,1766135288.910822,504.8363995552063,False
262,0,32,TargetRemoval,1766135289.0772328,505.00280690193176,True
263,0,32,TargetReappeared,1766135289.32716,505.25274896621704,False
264,0,32,LeftResponse,1766135290.618178,506.5437545776367,False
265,0,33,FeedbackPeriodStarted,1766135290.6385365,506.564110994339,False
266,0,33,startFixDisplay,1766135290.6386795,506.56425380706787,False
267,0,33,startFixPeriod,1766135290.9647672,506.8903441429138,False
268,0,33,TargetPresentation,1766135291.4853184,507.4108943939209,False
269,0,33,TargetDisplacement,1766135291.6656103,507.5911874771118,True
270,0,33,FeedbackPeriodStarted,1766135293.6711445,509.5967218875885,False
271,0,34,startFixDisplay,1766135294.1773837,510.10295844078064,False
272,0,34,startFixPeriod,1766135294.5384934,510.46407079696655,False
273,0,34,TargetPresentation,1766135295.8985476,511.82412552833557,False
274,0,34,TargetDisplacement,1766135296.0509999,511.9765739440918,True
275,0,34,LeftResponse,1766135296.7800622,512.7056369781494,False
276,0,35,FeedbackPeriodStarted,1766135296.7935832,512.719161272049,False
277,0,35,startFixDisplay,1766135296.7937322,512.7193059921265,False
278,0,35,startFixPeriod,1766135296.9047046,512.8302824497223,False
279,0,35,TargetPresentation,1766135298.2161875,514.1417627334595,False
280,0,35,TargetRemoval,1766135298.3547487,514.2803227901459,True
281,0,35,TargetReappeared,1766135298.6047556,514.5303335189819,False
282,0,35,LeftResponse,1766135299.1810172,515.1065926551819,False
283,0,36,FeedbackPeriodStarted,1766135299.2013476,515.1269247531891,False
284,0,36,startFixDisplay,1766135299.2015147,515.1270909309387,False
285,0,36,startFixPeriod,1766135299.2083466,515.1339240074158,False
286,0,36,TargetPresentation,1766135300.5130847,516.4386622905731,False
287,0,36,TargetDisplacement,1766135300.693276,516.618852853775,True
288,0,36,RightResponse,1766135301.3599868,517.2855625152588,False
289,0,36,FeedbackPeriodStarted,1766135301.3733423,517.2989194393158,False
290,0,37,startFixDisplay,1766135303.378666,519.3042402267456,False
291,0,37,startFixPeriod,1766135303.3856323,519.3112092018127,False
292,0,37,TargetPresentation,1766135304.1352053,520.0607829093933,False
293,0,37,TargetDisplacement,1766135304.2946072,520.2201843261719,True
294,0,37,LeftResponse,1766135305.5511143,521.4766888618469,False
295,0,38,FeedbackPeriodStarted,1766135305.5644684,521.4900462627411,False
296,0,38,startFixDisplay,1766135305.5646827,521.4902710914612,False
297,0,38,startFixPeriod,1766135305.77977,521.7053475379944,False
298,0,38,TargetPresentation,1766135306.91781,522.8433873653412,False
299,0,38,TargetDisplacement,1766135307.125731,523.0513083934784,True
300,0,38,RightResponse,1766135308.062979,523.9885535240173,False
301,0,39,FeedbackPeriodStarted,1766135308.076309,524.0018835067749,False
302,0,39,startFixDisplay,1766135308.076389,524.0019629001617,False
303,0,39,startFixPeriod,1766135308.2361448,524.1617202758789,False
304,0,39,TargetPresentation,1766135309.3532634,525.2788407802582,False
305,0,39,TargetDisplacement,1766135309.5890768,525.5146534442902,True
306,0,39,LeftResponse,1766135310.678898,526.6044731140137,False
307,0,40,FeedbackPeriodStarted,1766135310.6923468,526.617921590805,False
308,0,40,startFixDisplay,1766135310.6924317,526.6180057525635,False
309,0,40,startFixPeriod,1766135310.8522058,526.7777817249298,False
310,0,40,TargetPresentation,1766135312.0457296,527.9713072776794,False
311,0,40,TargetRemoval,1766135312.2120318,528.1376059055328,True
312,0,40,TargetReappeared,1766135312.4620185,528.3875963687897,False
313,0,40,RightResponse,1766135313.267177,529.1927530765533,False
314,0,41,FeedbackPeriodStarted,1766135313.2805858,529.2061603069305,False
315,0,41,startFixDisplay,1766135313.2806573,529.2062311172485,False
316,0,41,startFixPeriod,1766135313.4405346,529.3661122322083,False
317,0,41,TargetPresentation,1766135314.3287206,530.2542989253998,False
318,0,41,TargetDisplacement,1766135314.467248,530.3928248882294,True
319,0,41,LeftResponse,1766135316.1052852,532.0308613777161,False
320,0,42,FeedbackPeriodStarted,1766135316.1257572,532.0513348579407,False
321,0,42,startFixDisplay,1766135316.1258965,532.0514721870422,False
322,0,42,startFixPeriod,1766135316.3409534,532.2665312290192,False
323,0,42,TargetPresentation,1766135317.6940942,533.6196691989899,False
324,0,42,TargetDisplacement,1766135317.8466024,533.7721800804138,True
325,0,42,RightResponse,1766135318.5963836,534.5219595432281,False
326,0,42,FeedbackPeriodStarted,1766135318.6030376,534.528612613678,False
327,0,43,startFixDisplay,1766135320.6082761,536.5338506698608,False
328,0,43,startFixPeriod,1766135320.6152031,536.5407774448395,False
329,0,43,TargetPresentation,1766135321.1913621,537.1169397830963,False
330,0,43,TargetDisplacement,1766135321.3854353,537.311012506485,True
331,0,43,RightResponse,1766135322.1699078,538.0954835414886,False
332,0,44,FeedbackPeriodStarted,1766135322.1904786,538.1160538196564,False
333,0,44,startFixDisplay,1766135322.1905663,538.1161408424377,False
334,0,44,startFixPeriod,1766135322.3224254,538.2480025291443,False
335,0,44,TargetPresentation,1766135323.6339285,539.5595030784607,False
336,0,44,TargetRemoval,1766135323.8696415,539.795218706131,True
337,0,44,TargetReappeared,1766135324.1196575,540.0452375411987,False
338,0,44,LeftResponse,1766135324.6818655,540.6074407100677,False
339,0,45,FeedbackPeriodStarted,1766135324.6953146,540.6208901405334,False
340,0,45,startFixDisplay,1766135324.695431,540.6210050582886,False
341,0,45,startFixPeriod,1766135324.882917,540.8084936141968,False
342,0,45,TargetPresentation,1766135325.6739872,541.5995647907257,False
343,0,45,TargetDisplacement,1766135325.8264132,541.7519900798798,True
344,0,45,RightResponse,1766135326.978763,542.9043400287628,False
345,0,46,FeedbackPeriodStarted,1766135326.9922442,542.9178216457367,False
346,0,46,startFixDisplay,1766135326.9924037,542.9179799556732,False
347,0,46,startFixPeriod,1766135327.2282841,543.1538603305817,False
348,0,46,TargetPresentation,1766135328.7202775,544.645854473114,False
349,0,46,TargetDisplacement,1766135328.921169,544.8467433452606,True
350,0,46,LeftResponse,1766135330.3580587,546.2836356163025,False
351,0,47,FeedbackPeriodStarted,1766135330.3715336,546.2971110343933,False
352,0,47,startFixDisplay,1766135330.3716826,546.2972588539124,False
353,0,47,startFixPeriod,1766135330.5728092,546.4983866214752,False
354,0,47,TargetPresentation,1766135331.0794177,547.004992723465,False
355,0,47,TargetRemoval,1766135331.308289,547.2338662147522,True
356,0,47,TargetReappeared,1766135331.558108,547.4836854934692,False
357,0,47,LeftResponse,1766135332.2454588,548.1710360050201,False
358,0,48,FeedbackPeriodStarted,1766135332.265973,548.1915512084961,False
359,0,48,startFixDisplay,1766135332.266089,548.1916627883911,False
360,0,48,startFixPeriod,1766135332.4396086,548.365186214447,False
361,0,48,TargetPresentation,1766135333.1126213,549.0381989479065,False
362,0,48,TargetDisplacement,1766135333.2997496,549.225323677063,True
363,0,48,RightResponse,1766135334.667233,550.5928087234497,False
364,0,48,FeedbackPeriodStarted,1766135334.673923,550.5994980335236,False
365,0,49,startFixDisplay,1766135336.6860003,552.6115775108337,False
366,0,49,startFixPeriod,1766135336.7902012,552.7157769203186,False
367,0,49,TargetPresentation,1766135337.8381388,553.7637147903442,False
368,0,49,TargetRemoval,1766135338.067102,553.9926800727844,True
369,0,49,TargetReappeared,1766135338.316747,554.2423248291016,False
370,0,49,LeftResponse,1766135338.7471433,554.6727175712585,False
371,0,50,FeedbackPeriodStarted,1766135338.760713,554.6862876415253,False
372,0,50,startFixDisplay,1766135338.7607841,554.6863579750061,False
373,0,50,startFixPeriod,1766135338.767815,554.6933925151825,False
374,0,50,TargetPresentation,1766135340.0308886,555.9564661979675,False
375,0,50,TargetDisplacement,1766135340.197089,556.1226632595062,True
376,0,50,LeftResponse,1766135341.113255,557.0388293266296,False
377,0,51,FeedbackPeriodStarted,1766135341.1269221,557.0524966716766,False
378,0,51,startFixDisplay,1766135341.1270444,557.0526187419891,False
379,0,51,startFixPeriod,1766135341.293693,557.2192709445953,False
380,0,51,TargetPresentation,1766135342.2304776,558.1560561656952,False
381,0,51,TargetRemoval,1766135342.40377,558.329344034195,True
382,0,51,TargetReappeared,1766135342.6536539,558.5792315006256,False
383,0,51,LeftResponse,1766135343.1258771,559.051451921463,False
384,0,52,FeedbackPeriodStarted,1766135343.1392963,559.064873456955,False
385,0,52,startFixDisplay,1766135343.1394553,559.0650312900543,False
386,0,52,startFixPeriod,1766135343.3755734,559.3011512756348,False
387,0,52,TargetPresentation,1766135344.1940925,560.1196701526642,False
388,0,52,TargetDisplacement,1766135344.3884716,560.3140487670898,True
389,0,52,RightResponse,1766135345.2493176,561.17489361763,False
390,0,53,FeedbackPeriodStarted,1766135345.2696753,561.1952521800995,False
391,0,53,startFixDisplay,1766135345.269817,561.1953933238983,False
392,0,53,startFixPeriod,1766135345.4363203,561.361897945404,False
393,0,53,TargetPresentation,1766135346.2202928,562.1458704471588,False
394,0,53,TargetRemoval,1766135346.4145584,562.3401358127594,True
395,0,53,TargetReappeared,1766135346.6645505,562.5901281833649,False
396,0,53,RightResponse,1766135347.2544246,563.1800000667572,False
397,0,54,FeedbackPeriodStarted,1766135347.2679574,563.1935319900513,False
398,0,54,startFixDisplay,1766135347.268026,563.1935999393463,False
399,0,54,startFixPeriod,1766135347.4834013,563.4089806079865,False
400,0,54,TargetPresentation,1766135348.6768034,564.6023786067963,False
401,0,54,TargetDisplacement,1766135348.8987336,564.8243107795715,True
402,0,54,RightResponse,1766135349.669353,565.5949292182922,False
403,0,54,FeedbackPeriodStarted,1766135349.6760411,565.6016161441803,False
404,0,55,startFixDisplay,1766135351.681295,567.6068720817566,False
405,0,55,startFixPeriod,1766135351.6881971,567.6137716770172,False
406,0,55,TargetPresentation,1766135352.7431521,568.6687300205231,False
407,0,55,TargetDisplacement,1766135352.9719164,568.8974907398224,True
408,0,55,RightResponse,1766135353.8674588,569.7930343151093,False
409,0,56,FeedbackPeriodStarted,1766135353.88089,569.80646443367,False
410,0,56,startFixDisplay,1766135353.8809621,569.8065357208252,False
411,0,56,startFixPeriod,1766135354.040737,569.9663140773773,False
412,0,56,TargetPresentation,1766135354.665239,570.5908167362213,False
413,0,56,TargetRemoval,1766135354.8524187,570.7779960632324,True
414,0,56,TargetReappeared,1766135355.1024125,571.0279898643494,False
415,0,56,RightResponse,1766135355.574616,571.5001933574677,False
416,0,57,FeedbackPeriodStarted,1766135355.594936,571.520510673523,False
417,0,57,startFixDisplay,1766135355.5950046,571.520578622818,False
418,0,57,startFixPeriod,1766135355.7754889,571.7010662555695,False
419,0,57,TargetPresentation,1766135356.6637785,572.5893557071686,False
420,0,57,TargetRemoval,1766135356.8440793,572.7696566581726,True
421,0,57,TargetReappeared,1766135357.0939386,573.0195162296295,False
422,0,57,LeftResponse,1766135357.5313935,573.4569706916809,False
423,0,58,FeedbackPeriodStarted,1766135357.5517712,573.4773483276367,False
424,0,58,startFixDisplay,1766135357.5519183,573.4774944782257,False
425,0,58,startFixPeriod,1766135357.7808073,573.706384897232,False
426,0,58,TargetPresentation,1766135358.9118452,574.8374223709106,False
427,0,58,TargetDisplacement,1766135359.0922837,575.0178608894348,True
428,0,58,RightResponse,1766135359.7240157,575.6495926380157,False
429,0,59,FeedbackPeriodStarted,1766135359.744467,575.6700444221497,False
430,0,59,startFixDisplay,1766135359.7446356,575.6702134609222,False
431,0,59,startFixPeriod,1766135359.848662,575.7742400169373,False
432,0,59,TargetPresentation,1766135361.00062,576.9261975288391,False
433,0,59,TargetDisplacement,1766135361.2363133,577.1618876457214,True
434,0,59,LeftResponse,1766135361.8819823,577.8075568675995,False
435,0,60,FeedbackPeriodStarted,1766135361.8954918,577.8210663795471,False
436,0,60,startFixDisplay,1766135361.8955598,577.8211333751678,False
437,0,60,startFixPeriod,1766135362.0760913,578.0016672611237,False
438,0,60,TargetPresentation,1766135362.5965853,578.5221626758575,False
439,0,60,TargetRemoval,1766135364.4977927,580.4233701229095,True
440,0,60,TargetReappeared,1766135364.747843,580.6734209060669,False
441,0,60,RightResponse,1766135366.170427,582.096004486084,False
442,0,60,FeedbackPeriodStarted,1766135366.1770453,582.1026225090027,False
443,0,61,startFixDisplay,1766135368.1822515,584.107825756073,False
444,0,61,startFixPeriod,1766135368.1892574,584.1148345470428,False
445,0,61,TargetPresentation,1766135369.556435,585.482013463974,False
446,0,61,TargetDisplacement,1766135369.7435937,585.6691706180573,True
447,0,61,RightResponse,1766135371.485832,587.4114079475403,False
448,0,62,FeedbackPeriodStarted,1766135371.5061746,587.4317500591278,False
449,0,62,startFixDisplay,1766135371.5062664,587.4318408966064,False
450,0,62,startFixPeriod,1766135371.749209,587.6747853755951,False
451,0,62,TargetPresentation,1766135372.9635582,588.8891353607178,False
452,0,62,TargetDisplacement,1766135373.1645522,589.0901291370392,True
453,0,62,LeftResponse,1766135374.7956126,590.7211878299713,False
454,0,63,FeedbackPeriodStarted,1766135374.8161385,590.7417278289795,False
455,0,63,startFixDisplay,1766135374.8162465,590.7418210506439,False
456,0,63,startFixPeriod,1766135375.0521438,590.9777188301086,False
457,0,63,TargetPresentation,1766135375.6211321,591.5467097759247,False
458,0,63,TargetRemoval,1766135375.773743,591.6993200778961,True
459,0,63,TargetReappeared,1766135376.023571,591.949146270752,False
460,0,63,RightResponse,1766135376.5999906,592.5255653858185,False
461,0,64,FeedbackPeriodStarted,1766135376.6132648,592.5388422012329,False
462,0,64,startFixDisplay,1766135376.6134546,592.539030790329,False
463,0,64,startFixPeriod,1766135376.6201882,592.5457630157471,False
464,0,64,TargetPresentation,1766135377.8000329,593.7256095409393,False
465,0,64,TargetDisplacement,1766135377.9525626,593.8781399726868,True
466,0,64,LeftResponse,1766135378.8203032,594.7458791732788,False
467,0,65,FeedbackPeriodStarted,1766135378.840693,594.7662703990936,False
468,0,65,startFixDisplay,1766135378.8408473,594.7664234638214,False
469,0,65,startFixPeriod,1766135379.0560412,594.9816160202026,False
470,0,65,TargetPresentation,1766135379.9095044,595.8350822925568,False
471,0,65,TargetRemoval,1766135380.013474,595.93905210495,True
472,0,65,TargetReappeared,1766135380.2634044,596.1889843940735,False
473,0,65,RightResponse,1766135380.846411,596.7719864845276,False
474,0,65,FeedbackPeriodStarted,1766135380.8806865,596.8062610626221,False
475,1,66,startFixDisplay,1766135432.791668,648.7172453403473,False
476,1,66,startFixPeriod,1766135432.79866,648.724237203598,False
477,1,66,TargetPresentation,1766135433.680101,649.605678319931,False
478,1,66,TargetDisplacement,1766135433.9644463,649.8900232315063,True
479,1,66,LeftResponse,1766135434.5269651,650.4525423049927,False
480,1,67,FeedbackPeriodStarted,1766135434.547341,650.4729187488556,False
481,1,67,startFixDisplay,1766135434.5475411,650.4731197357178,False
482,1,67,startFixPeriod,1766135434.554218,650.4797923564911,False
483,1,67,TargetPresentation,1766135435.6438344,651.5694117546082,False
484,1,67,TargetRemoval,1766135435.8448782,651.7704553604126,True
485,1,67,TargetReappeared,1766135436.0947428,652.0203204154968,False
486,1,67,LeftResponse,1766135436.823552,652.7491264343262,False
487,1,68,FeedbackPeriodStarted,1766135436.8371952,652.7627730369568,False
488,1,68,startFixDisplay,1766135436.8373418,652.7629177570343,False
489,1,68,startFixPeriod,1766135437.0247285,652.9503061771393,False
490,1,68,TargetPresentation,1766135438.2529328,654.178507566452,False
491,1,68,TargetDisplacement,1766135438.419308,654.3448858261108,True
492,1,68,RightResponse,1766135439.5574322,655.4830076694489,False
493,1,69,FeedbackPeriodStarted,1766135439.5781002,655.5036773681641,False
494,1,69,startFixDisplay,1766135439.578228,655.5038027763367,False
495,1,69,startFixPeriod,1766135439.7586715,655.684249162674,False
496,1,69,TargetPresentation,1766135440.4803019,656.4058794975281,False
497,1,69,TargetDisplacement,1766135442.4785163,658.4040904045105,True
498,1,69,FeedbackPeriodStarted,1766135444.484131,660.4097061157227,False
499,1,70,startFixDisplay,1766135444.9905317,660.9161088466644,False
500,1,70,startFixPeriod,1766135445.2614272,661.1870052814484,False
501,1,70,TargetPresentation,1766135446.5243123,662.4498884677887,False
502,1,70,TargetRemoval,1766135446.8155658,662.741142988205,True
503,1,70,TargetReappeared,1766135447.065512,662.9910893440247,False
504,1,70,RightResponse,1766135447.558432,663.4840090274811,False
505,1,71,FeedbackPeriodStarted,1766135447.578835,663.5044121742249,False
506,1,71,startFixDisplay,1766135447.5789824,663.5045585632324,False
507,1,71,startFixPeriod,1766135447.7525418,663.6781191825867,False
508,1,71,TargetPresentation,1766135448.335138,664.2607133388519,False
509,1,71,TargetDisplacement,1766135448.5572784,664.4828560352325,True
510,1,71,RightResponse,1766135449.3902442,665.3158202171326,False
511,1,72,FeedbackPeriodStarted,1766135449.4040182,665.3295934200287,False
512,1,72,startFixDisplay,1766135449.4040933,665.329666852951,False
513,1,72,startFixPeriod,1766135449.612112,665.5376901626587,False
514,1,72,TargetPresentation,1766135450.3199198,666.2454974651337,False
515,1,72,TargetRemoval,1766135450.4724717,666.3980493545532,True
516,1,72,TargetReappeared,1766135450.722347,666.6479218006134,False
517,1,72,RightResponse,1766135451.9022694,667.8278439044952,False
518,1,72,FeedbackPeriodStarted,1766135451.9089005,667.834475517273,False
519,1,73,startFixDisplay,1766135453.9140346,669.8396091461182,False
520,1,73,startFixPeriod,1766135454.1710896,670.0966672897339,False
521,1,73,TargetPresentation,1766135454.8442016,670.7697765827179,False
522,1,73,TargetDisplacement,1766135455.0313237,670.956901550293,True
523,1,73,LeftResponse,1766135455.788084,671.7136602401733,False
524,1,74,FeedbackPeriodStarted,1766135455.808483,671.734060049057,False
525,1,74,startFixDisplay,1766135455.8086302,671.734206199646,False
526,1,74,startFixPeriod,1766135455.9543571,671.8799324035645,False
527,1,74,TargetPresentation,1766135457.2796485,673.2052233219147,False
528,1,74,TargetDisplacement,1766135457.446075,673.3716518878937,True
529,1,74,RightResponse,1766135458.3068984,674.2324731349945,False
530,1,75,FeedbackPeriodStarted,1766135458.3204587,674.2460334300995,False
531,1,75,startFixDisplay,1766135458.3205278,674.2461016178131,False
532,1,75,startFixPeriod,1766135458.4663148,674.391893863678,False
533,1,75,TargetPresentation,1766135459.2573276,675.1829030513763,False
534,1,75,TargetDisplacement,1766135459.388942,675.3145163059235,True
535,1,75,LeftResponse,1766135461.0200617,676.9456369876862,False
536,1,76,FeedbackPeriodStarted,1766135461.0406072,676.9661846160889,False
537,1,76,startFixDisplay,1766135461.0407548,676.9663307666779,False
538,1,76,startFixPeriod,1766135461.2488563,677.1744339466095,False
539,1,76,TargetPresentation,1766135462.1023448,678.0279214382172,False
540,1,76,TargetRemoval,1766135462.2617798,678.1873564720154,True
541,1,76,TargetReappeared,1766135462.5117197,678.4372971057892,False
542,1,76,LeftResponse,1766135463.3238835,679.2494611740112,False
543,1,77,FeedbackPeriodStarted,1766135463.3442469,679.2698216438293,False
544,1,77,startFixDisplay,1766135463.344311,679.2698848247528,False
545,1,77,startFixPeriod,1766135463.5318367,679.4574143886566,False
546,1,77,TargetPresentation,1766135464.7877,680.7132773399353,False
547,1,77,TargetDisplacement,1766135464.9679213,680.8934953212738,True
548,1,77,RightResponse,1766135465.7941916,681.719767332077,False
549,1,78,FeedbackPeriodStarted,1766135465.8146362,681.7402136325836,False
550,1,78,startFixDisplay,1766135465.8147845,681.7403602600098,False
551,1,78,startFixPeriod,1766135466.016001,681.9415786266327,False
552,1,78,TargetPresentation,1766135467.174885,683.1004636287689,False
553,1,78,TargetRemoval,1766135467.3482437,683.2738208770752,True
554,1,78,TargetReappeared,1766135467.598014,683.5235896110535,False
555,1,78,RightResponse,1766135468.0910444,684.0166203975677,False
556,1,78,FeedbackPeriodStarted,1766135468.1046503,684.03022813797,False
557,1,79,startFixDisplay,1766135470.1098902,686.0354676246643,False
558,1,79,startFixPeriod,1766135470.408434,686.3340094089508,False
559,1,79,TargetPresentation,1766135471.7684808,687.694057226181,False
560,1,79,TargetDisplacement,1766135472.0527892,687.9783661365509,True
561,1,79,RightResponse,1766135472.62912,688.5546960830688,False
562,1,80,FeedbackPeriodStarted,1766135472.6495812,688.5751588344574,False
563,1,80,startFixDisplay,1766135472.649795,688.5753719806671,False
564,1,80,startFixPeriod,1766135472.8300977,688.755674123764,False
565,1,80,TargetPresentation,1766135474.1552722,690.080846786499,False
566,1,80,TargetDisplacement,1766135474.321824,690.2474009990692,True
567,1,80,LeftResponse,1766135475.8557062,691.7812812328339,False
568,1,81,FeedbackPeriodStarted,1766135475.8760912,691.8016657829285,False
569,1,81,startFixDisplay,1766135475.8761563,691.8017303943634,False
570,1,81,startFixPeriod,1766135476.0845294,692.010106086731,False
571,1,81,TargetPresentation,1766135476.7159343,692.6415112018585,False
572,1,81,TargetDisplacement,1766135476.9516504,692.877224445343,True
573,1,81,RightResponse,1766135477.5073168,693.4328961372375,False
574,1,82,FeedbackPeriodStarted,1766135477.5276568,693.4532341957092,False
575,1,82,startFixDisplay,1766135477.5278118,693.4533877372742,False
576,1,82,startFixPeriod,1766135477.7499278,693.6755051612854,False
577,1,82,TargetPresentation,1766135478.7073472,694.6329247951508,False
578,1,82,TargetDisplacement,1766135478.85303,694.7786068916321,True
579,1,82,RightResponse,1766135480.1024754,696.0280508995056,False
580,1,83,FeedbackPeriodStarted,1766135480.122859,696.0484364032745,False
581,1,83,startFixDisplay,1766135480.1230042,696.0485801696777,False
582,1,83,startFixPeriod,1766135480.296517,696.2220919132233,False
583,1,83,TargetPresentation,1766135481.510985,697.4365632534027,False
584,1,83,TargetDisplacement,1766135481.6494973,697.5750744342804,True
585,1,83,RightResponse,1766135482.9543397,698.8799142837524,False
586,1,84,FeedbackPeriodStarted,1766135482.9678059,698.8933804035187,False
587,1,84,startFixDisplay,1766135482.9678748,698.8934485912323,False
588,1,84,startFixPeriod,1766135483.169349,699.0949263572693,False
589,1,84,TargetPresentation,1766135484.564065,700.4896428585052,False
590,1,84,TargetDisplacement,1766135484.6888797,700.6144571304321,True
591,1,84,LeftResponse,1766135486.4517758,702.3773529529572,False
592,1,84,FeedbackPeriodStarted,1766135486.4583118,702.3838863372803,False
593,1,85,startFixDisplay,1766135488.4706302,704.396208524704,False
594,1,85,startFixPeriod,1766135488.4775167,704.4030935764313,False
595,1,85,TargetPresentation,1766135489.5739372,705.4995131492615,False
596,1,85,TargetDisplacement,1766135489.7265372,705.6521143913269,True
597,1,85,LeftResponse,1766135490.4139197,706.339497089386,False
598,1,86,FeedbackPeriodStarted,1766135490.4413342,706.3669118881226,False
599,1,86,startFixDisplay,1766135490.441517,706.3670933246613,False
600,1,86,startFixPeriod,1766135490.4481604,706.3737351894379,False
601,1,86,TargetPresentation,1766135491.3365653,707.2621428966522,False
602,1,86,TargetRemoval,1766135491.5307913,707.4563686847687,True
603,1,86,TargetReappeared,1766135491.7806745,707.7062520980835,False
604,1,86,RightResponse,1766135492.1557488,708.0813264846802,False
605,1,87,FeedbackPeriodStarted,1766135492.1760056,708.1015830039978,False
606,1,87,startFixDisplay,1766135492.1761415,708.101717710495,False
607,1,87,startFixPeriod,1766135492.1829367,708.1085138320923,False
608,1,87,TargetPresentation,1766135493.6401923,709.5657680034637,False
609,1,87,TargetDisplacement,1766135493.7997732,709.7253501415253,True
610,1,87,RightResponse,1766135494.7715774,710.6971533298492,False
611,1,88,FeedbackPeriodStarted,1766135494.7920144,710.7175917625427,False
612,1,88,startFixDisplay,1766135494.7921462,710.7177221775055,False
613,1,88,startFixPeriod,1766135494.9655883,710.891165971756,False
614,1,88,TargetPresentation,1766135496.1523557,712.0779340267181,False
615,1,88,TargetDisplacement,1766135496.3186047,712.2441816329956,True
616,1,88,LeftResponse,1766135497.4779508,713.4035277366638,False
617,1,89,FeedbackPeriodStarted,1766135497.4982371,713.423814535141,False
618,1,89,startFixDisplay,1766135497.498407,713.423983335495,False
619,1,89,startFixPeriod,1766135497.637224,713.5628006458282,False
620,1,89,TargetPresentation,1766135498.7336137,714.659191608429,False
621,1,89,TargetDisplacement,1766135498.9207363,714.8463134765625,True
622,1,89,LeftResponse,1766135500.3089845,716.2345616817474,False
623,1,90,FeedbackPeriodStarted,1766135500.329393,716.2549710273743,False
624,1,90,startFixDisplay,1766135500.3295777,716.2551543712616,False
625,1,90,startFixPeriod,1766135500.3361843,716.2617585659027,False
626,1,90,TargetPresentation,1766135501.6270916,717.5526688098907,False
627,1,90,TargetRemoval,1766135501.8143287,717.7399055957794,True
628,1,90,TargetReappeared,1766135502.0642269,717.9898023605347,False
629,1,90,RightResponse,1766135502.8696122,718.7951893806458,False
630,1,90,FeedbackPeriodStarted,1766135502.889903,718.8154802322388,False
631,1,91,startFixDisplay,1766135504.8950965,720.8206708431244,False
632,1,91,startFixPeriod,1766135505.145163,721.0707406997681,False
633,1,91,TargetPresentation,1766135505.8600006,721.7855784893036,False
634,1,91,TargetDisplacement,1766135506.012535,721.9381129741669,True
635,1,91,RightResponse,1766135507.324398,723.2499747276306,False
636,1,92,FeedbackPeriodStarted,1766135507.3447018,723.2702794075012,False
637,1,92,startFixDisplay,1766135507.3448474,723.270423412323,False
638,1,92,startFixPeriod,1766135507.5461924,723.4717693328857,False
639,1,92,TargetPresentation,1766135508.809006,724.7345821857452,False
640,1,92,TargetRemoval,1766135508.9753444,724.9009184837341,True
641,1,92,TargetReappeared,1766135509.2253566,725.1509339809418,False
642,1,92,RightResponse,1766135509.676751,725.6023278236389,False
643,1,93,FeedbackPeriodStarted,1766135509.6970718,725.6226489543915,False
644,1,93,startFixDisplay,1766135509.6972058,725.6227819919586,False
645,1,93,startFixPeriod,1766135509.8083346,725.733912229538,False
646,1,93,TargetPresentation,1766135510.467453,726.3930277824402,False
647,1,93,TargetRemoval,1766135510.4744895,726.4000670909882,True
648,1,93,TargetReappeared,1766135510.7242403,726.6498160362244,False
649,1,93,RightResponse,1766135512.0291328,727.9547097682953,False
650,1,94,FeedbackPeriodStarted,1766135512.0494153,727.9749932289124,False
651,1,94,startFixDisplay,1766135512.049568,727.9751441478729,False
652,1,94,startFixPeriod,1766135512.257746,728.1833231449127,False
653,1,94,TargetPresentation,1766135512.9655774,728.8911550045013,False
654,1,94,TargetDisplacement,1766135513.1388388,729.0644161701202,True
655,1,94,RightResponse,1766135514.5339787,730.4595561027527,False
656,1,95,FeedbackPeriodStarted,1766135514.554305,730.4798798561096,False
657,1,95,startFixDisplay,1766135514.5543876,730.4799616336823,False
658,1,95,startFixPeriod,1766135514.6586056,730.5841817855835,False
659,1,95,TargetPresentation,1766135515.276204,731.2017819881439,False
660,1,95,TargetDisplacement,1766135515.4010022,731.3265764713287,True
661,1,95,RightResponse,1766135516.9417942,732.8673696517944,False
662,1,96,FeedbackPeriodStarted,1766135516.9622264,732.8878011703491,False
663,1,96,startFixDisplay,1766135516.962294,732.8878679275513,False
664,1,96,startFixPeriod,1766135517.1566448,733.0822224617004,False
665,1,96,TargetPresentation,1766135518.3919609,734.3175392150879,False
666,1,96,TargetDisplacement,1766135518.5791583,734.5047359466553,True
667,1,96,LeftResponse,1766135519.2941945,735.2197704315186,False
668,1,96,FeedbackPeriodStarted,1766135519.3078134,735.233391046524,False
669,1,97,startFixDisplay,1766135521.3129857,737.2385628223419,False
670,1,97,startFixPeriod,1766135521.4588425,737.3844201564789,False
671,1,97,TargetPresentation,1766135522.2985537,738.2241296768188,False
672,1,97,TargetDisplacement,1766135522.4996257,738.4252028465271,True
673,1,97,RightResponse,1766135523.1939087,739.1194841861725,False
674,1,98,FeedbackPeriodStarted,1766135523.2072551,739.1328296661377,False
675,1,98,startFixDisplay,1766135523.2073412,739.1329157352448,False
676,1,98,startFixPeriod,1766135523.3601108,739.2856867313385,False
677,1,98,TargetPresentation,1766135524.0401282,739.965705871582,False
678,1,98,TargetDisplacement,1766135524.1858642,740.1114413738251,True
679,1,98,RightResponse,1766135525.5458653,741.4714395999908,False
680,1,99,FeedbackPeriodStarted,1766135525.5595639,741.4851381778717,False
681,1,99,startFixDisplay,1766135525.5596263,741.4851999282837,False
682,1,99,startFixPeriod,1766135525.7539358,741.67951130867,False
683,1,99,TargetPresentation,1766135526.7534685,742.6790461540222,False
684,1,99,TargetRemoval,1766135526.9543946,742.879968881607,True
685,1,99,TargetReappeared,1766135527.2043078,743.1298825740814,False
686,1,99,RightResponse,1766135527.6766863,743.6022641658783,False
687,1,100,FeedbackPeriodStarted,1766135527.6969109,743.6224884986877,False
688,1,100,startFixDisplay,1766135527.6970508,743.6226272583008,False
689,1,100,startFixPeriod,1766135527.8635879,743.7891643047333,False
690,1,100,TargetPresentation,1766135528.550547,744.4761245250702,False
691,1,100,TargetDisplacement,1766135528.7656722,744.691249370575,True
692,1,100,LeftResponse,1766135529.3903966,745.315972328186,False
693,1,101,FeedbackPeriodStarted,1766135529.4038448,745.3294193744659,False
694,1,101,startFixDisplay,1766135529.4039116,745.3294856548309,False
695,1,101,startFixPeriod,1766135529.4734945,745.3990716934204,False
696,1,101,TargetPresentation,1766135530.4796622,746.405241727829,False
697,1,101,TargetRemoval,1766135530.4864798,746.4120554924011,True
698,1,101,TargetReappeared,1766135530.7362363,746.6618111133575,False
699,1,101,LeftResponse,1766135532.0272317,747.9528086185455,False
700,1,102,FeedbackPeriodStarted,1766135532.047602,747.9731769561768,False
701,1,102,startFixDisplay,1766135532.0476747,747.9732484817505,False
702,1,102,startFixPeriod,1766135532.2352386,748.1608142852783,False
703,1,102,TargetPresentation,1766135533.4286652,749.3542425632477,False
704,1,102,TargetDisplacement,1766135533.5881374,749.5137121677399,True
705,1,102,RightResponse,1766135534.893208,750.8187844753265,False
706,1,102,FeedbackPeriodStarted,1766135534.8998218,750.8253965377808,False
707,1,103,startFixDisplay,1766135536.904987,752.8305644989014,False
708,1,103,startFixPeriod,1766135536.911856,752.8374300003052,False
709,1,103,TargetPresentation,1766135538.0779202,754.0034976005554,False
710,1,103,TargetDisplacement,1766135538.3136902,754.2392673492432,True
711,1,103,LeftResponse,1766135539.2717519,755.1973280906677,False
712,1,104,FeedbackPeriodStarted,1766135539.2920341,755.2176113128662,False
713,1,104,startFixDisplay,1766135539.2921333,755.2177073955536,False
714,1,104,startFixPeriod,1766135539.4726799,755.3982577323914,False
715,1,104,TargetPresentation,1766135540.5829036,756.5084812641144,False
716,1,104,TargetDisplacement,1766135540.735419,756.6609976291656,True
717,1,104,RightResponse,1766135541.4574113,757.3829879760742,False
718,1,105,FeedbackPeriodStarted,1766135541.477835,757.4034125804901,False
719,1,105,startFixDisplay,1766135541.4779806,757.4035568237305,False
720,1,105,startFixPeriod,1766135541.5612998,757.4868772029877,False
721,1,105,TargetPresentation,1766135542.2759845,758.2015624046326,False
722,1,105,TargetDisplacement,1766135542.4353476,758.3609216213226,True
723,1,105,RightResponse,1766135543.2753272,759.200902223587,False
724,1,106,FeedbackPeriodStarted,1766135543.2958946,759.2214720249176,False
725,1,106,startFixDisplay,1766135543.2960298,759.2216060161591,False
726,1,106,startFixPeriod,1766135543.3166852,759.2422626018524,False
727,1,106,TargetPresentation,1766135544.7255712,760.6511511802673,False
728,1,106,TargetRemoval,1766135544.8849683,760.81054520607,True
729,1,106,TargetReappeared,1766135545.1347907,761.0603680610657,False
730,1,106,LeftResponse,1766135545.5585177,761.4840950965881,False
731,1,107,FeedbackPeriodStarted,1766135545.5788014,761.5043761730194,False
732,1,107,startFixDisplay,1766135545.5788705,761.504444360733,False
733,1,107,startFixPeriod,1766135545.7455812,761.6711585521698,False
734,1,107,TargetPresentation,1766135546.6407652,762.566342830658,False
735,1,107,TargetDisplacement,1766135546.8070722,762.7326493263245,True
736,1,107,RightResponse,1766135548.2021945,764.127771615982,False
737,1,108,FeedbackPeriodStarted,1766135548.2156823,764.1412572860718,False
738,1,108,startFixDisplay,1766135548.215755,764.1413288116455,False
739,1,108,startFixPeriod,1766135548.4031,764.328675031662,False
740,1,108,TargetPresentation,1766135549.1664734,765.0920507907867,False
741,1,108,TargetDisplacement,1766135549.3189354,765.2445094585419,True
742,1,108,LeftResponse,1766135550.2632194,766.1888065338135,False
743,1,108,FeedbackPeriodStarted,1766135550.2698586,766.1954362392426,False
744,1,109,startFixDisplay,1766135552.2749379,768.2005150318146,False
745,1,109,startFixPeriod,1766135552.281851,768.2074253559113,False
746,1,109,TargetPresentation,1766135553.0107582,768.9363355636597,False
747,1,109,TargetDisplacement,1766135553.2049696,769.1305480003357,True
748,1,109,RightResponse,1766135554.6414466,770.5670218467712,False
749,1,110,FeedbackPeriodStarted,1766135554.6549625,770.5805368423462,False
750,1,110,startFixDisplay,1766135554.6550314,770.580605506897,False
751,1,110,startFixPeriod,1766135554.7940094,770.7195868492126,False
752,1,110,TargetPresentation,1766135555.390822,771.3163993358612,False
753,1,110,TargetDisplacement,1766135555.5364234,771.4620010852814,True
754,1,110,LeftResponse,1766135556.723194,772.6487696170807,False
755,1,111,FeedbackPeriodStarted,1766135556.7437384,772.6693158149719,False
756,1,111,startFixDisplay,1766135556.743882,772.6694581508636,False
757,1,111,startFixPeriod,1766135556.9312682,772.8568456172943,False
758,1,111,TargetPresentation,1766135557.6528456,773.5784230232239,False
759,1,111,TargetDisplacement,1766135557.798381,773.723955154419,True
760,1,111,RightResponse,1766135558.4092064,774.3347804546356,False
761,1,112,FeedbackPeriodStarted,1766135558.422876,774.3484511375427,False
762,1,112,startFixDisplay,1766135558.4229414,774.3485152721405,False
763,1,112,startFixPeriod,1766135558.5202665,774.4458434581757,False
764,1,112,TargetPresentation,1766135559.1378233,775.0634009838104,False
765,1,112,TargetRemoval,1766135559.2488313,775.1744084358215,True
766,1,112,TargetReappeared,1766135559.4987476,775.4243252277374,False
767,1,112,LeftResponse,1766135560.0679748,775.9935505390167,False
768,1,113,FeedbackPeriodStarted,1766135560.0884173,776.0139951705933,False
769,1,113,startFixDisplay,1766135560.088569,776.0141446590424,False
770,1,113,startFixPeriod,1766135560.2411535,776.1667311191559,False
771,1,113,TargetPresentation,1766135560.87961,776.8051874637604,False
772,1,113,TargetDisplacement,1766135561.066735,776.9923121929169,True
773,1,113,LeftResponse,1766135561.726219,777.6517941951752,False
774,1,114,FeedbackPeriodStarted,1766135561.7467492,777.6723263263702,False
775,1,114,startFixDisplay,1766135561.7468944,777.6724705696106,False
776,1,114,startFixPeriod,1766135561.9273455,777.8529231548309,False
777,1,114,TargetPresentation,1766135562.7531548,778.6787312030792,False
778,1,114,TargetRemoval,1766135562.878033,778.8036110401154,True
779,1,114,TargetReappeared,1766135563.127795,779.053370475769,False
780,1,114,RightResponse,1766135564.1412046,780.0667803287506,False
781,1,114,FeedbackPeriodStarted,1766135564.147881,780.0734586715698,False
782,1,115,startFixDisplay,1766135566.1530197,782.0785970687866,False
783,1,115,startFixPeriod,1766135566.3613684,782.2869622707367,False
784,1,115,TargetPresentation,1766135567.2079253,783.1335027217865,False
785,1,115,TargetDisplacement,1766135567.3465989,783.272176027298,True
786,1,115,LeftResponse,1766135567.9435904,783.8691647052765,False
787,1,116,FeedbackPeriodStarted,1766135567.9572268,783.8828043937683,False
788,1,116,startFixDisplay,1766135567.9574187,783.8829972743988,False
789,1,116,startFixPeriod,1766135568.1169665,784.0425431728363,False
790,1,116,TargetPresentation,1766135569.032949,784.9585263729095,False
791,1,116,TargetDisplacement,1766135569.261878,785.1874551773071,True
792,1,116,LeftResponse,1766135569.747982,785.6735591888428,False
793,1,117,FeedbackPeriodStarted,1766135569.768327,785.6939043998718,False
794,1,117,startFixDisplay,1766135569.768495,785.6940715312958,False
795,1,117,startFixPeriod,1766135569.9557712,785.8813498020172,False
796,1,117,TargetPresentation,1766135570.4970467,786.4226243495941,False
797,1,117,TargetDisplacement,1766135570.8160915,786.7416656017303,True
798,1,117,LeftResponse,1766135571.3648984,787.2904760837555,False
799,1,118,FeedbackPeriodStarted,1766135571.3851128,787.310690164566,False
800,1,118,startFixDisplay,1766135571.3852391,787.3108134269714,False
801,1,118,startFixPeriod,1766135571.4546285,787.3802058696747,False
802,1,118,TargetPresentation,1766135572.162559,788.0881366729736,False
803,1,118,TargetDisplacement,1766135572.1693408,788.0949156284332,True
804,1,118,RightResponse,1766135574.077891,790.003466129303,False
805,1,119,FeedbackPeriodStarted,1766135574.0982206,790.0237951278687,False
806,1,119,startFixDisplay,1766135574.0982897,790.0238635540009,False
807,1,119,startFixPeriod,1766135574.2580132,790.183590888977,False
808,1,119,TargetPresentation,1766135575.0421722,790.967747926712,False
809,1,119,TargetRemoval,1766135575.2086205,791.1341979503632,True
810,1,119,TargetReappeared,1766135575.4585156,791.3840930461884,False
811,1,119,RightResponse,1766135575.90287,791.8284451961517,False
812,1,120,FeedbackPeriodStarted,1766135575.9232016,791.8487792015076,False
813,1,120,startFixDisplay,1766135575.923315,791.848888874054,False
814,1,120,startFixPeriod,1766135575.985837,791.9114117622375,False
815,1,120,TargetPresentation,1766135577.2002094,793.1257872581482,False
816,1,120,TargetDisplacement,1766135577.4358969,793.3614711761475,True
817,1,120,LeftResponse,1766135577.9220104,793.8475859165192,False
818,1,120,FeedbackPeriodStarted,1766135577.928695,793.8542723655701,False
819,1,121,startFixDisplay,1766135579.933907,795.8594813346863,False
820,1,121,startFixPeriod,1766135580.1492152,796.0747928619385,False
821,1,121,TargetPresentation,1766135580.6697664,796.5953443050385,False
822,1,121,TargetDisplacement,1766135580.8221521,796.7477264404297,True
823,1,121,LeftResponse,1766135582.0439627,797.9695398807526,False
824,1,122,FeedbackPeriodStarted,1766135582.0642886,797.9898660182953,False
825,1,122,startFixDisplay,1766135582.0644443,797.9900205135345,False
826,1,122,startFixPeriod,1766135582.2518575,798.1774337291718,False
827,1,122,TargetPresentation,1766135583.7297115,799.6552889347076,False
828,1,122,TargetDisplacement,1766135585.200738,801.1263153553009,True
829,1,122,LeftResponse,1766135586.4363155,802.3618919849396,False
830,1,123,FeedbackPeriodStarted,1766135586.456676,802.3822536468506,False
831,1,123,startFixDisplay,1766135586.4568222,802.3823986053467,False
832,1,123,startFixPeriod,1766135586.7344015,802.6599767208099,False
833,1,123,TargetPresentation,1766135587.5045273,803.430104970932,False
834,1,123,TargetRemoval,1766135587.5113888,803.4369637966156,True
835,1,123,TargetReappeared,1766135587.76135,803.6869258880615,False
836,1,123,RightResponse,1766135588.580496,804.5060715675354,False
837,1,124,FeedbackPeriodStarted,1766135588.6008532,804.5264310836792,False
838,1,124,startFixDisplay,1766135588.6009984,804.5265743732452,False
839,1,124,startFixPeriod,1766135588.989641,804.9152190685272,False
840,1,124,TargetPresentation,1766135590.2940352,806.2196109294891,False
841,1,124,TargetDisplacement,1766135591.3694618,807.295036315918,True
842,1,124,RightResponse,1766135592.070768,807.996345281601,False
843,1,125,FeedbackPeriodStarted,1766135592.0981052,808.0236825942993,False
844,1,125,startFixDisplay,1766135592.098251,808.0238270759583,False
845,1,125,startFixPeriod,1766135592.3481245,808.2737021446228,False
846,1,125,TargetPresentation,1766135593.430577,809.3561658859253,False
847,1,125,TargetRemoval,1766135594.8460615,810.7716393470764,True
848,1,125,TargetReappeared,1766135595.095931,811.0215084552765,False
849,1,125,LeftResponse,1766135595.547318,811.4728934764862,False
850,1,126,FeedbackPeriodStarted,1766135595.567616,811.4931933879852,False
851,1,126,startFixDisplay,1766135595.5677652,811.4933409690857,False
852,1,126,startFixPeriod,1766135596.6018052,812.5273816585541,False
853,1,126,TargetPresentation,1766135597.337297,813.2628746032715,False
854,1,126,TargetDisplacement,1766135597.5173905,813.4429647922516,True
855,1,126,RightResponse,1766135599.412337,815.3379118442535,False
856,1,126,FeedbackPeriodStarted,1766135599.4189022,815.3444800376892,False
857,1,127,startFixDisplay,1766135601.4241517,817.3497288227081,False
858,1,127,startFixPeriod,1766135601.4310782,817.3566553592682,False
859,1,127,TargetPresentation,1766135602.8398707,818.7654469013214,False
860,1,127,TargetRemoval,1766135603.027204,818.9527819156647,True
861,1,127,TargetReappeared,1766135603.2770164,819.2025911808014,False
862,1,127,RightResponse,1766135603.7353544,819.660929441452,False
863,1,128,FeedbackPeriodStarted,1766135603.755737,819.6813147068024,False
864,1,128,startFixDisplay,1766135603.7558694,819.6814439296722,False
865,1,128,startFixPeriod,1766135603.9224286,819.8480088710785,False
866,1,128,TargetPresentation,1766135604.5538893,820.4794640541077,False
867,1,128,TargetDisplacement,1766135604.6924996,820.6180770397186,True
868,1,128,RightResponse,1766135605.8030627,821.7286398410797,False
869,1,129,FeedbackPeriodStarted,1766135605.8235662,821.7491438388824,False
870,1,129,startFixDisplay,1766135605.8237398,821.7493162155151,False
871,1,129,startFixPeriod,1766135605.9347672,821.8603451251984,False
872,1,129,TargetPresentation,1766135606.8853078,822.8108830451965,False
873,1,129,TargetDisplacement,1766135607.1142037,823.0397808551788,True
874,1,129,LeftResponse,1766135607.641961,823.5675358772278,False
875,1,130,FeedbackPeriodStarted,1766135607.6623917,823.5879716873169,False
876,1,130,startFixDisplay,1766135607.6627252,823.588303565979,False
877,1,130,startFixPeriod,1766135607.8360975,823.7616753578186,False
878,1,130,TargetPresentation,1766135608.634077,824.5596549510956,False
879,1,130,TargetRemoval,1766135608.8837087,824.8092856407166,True
880,1,130,TargetReappeared,1766135609.133728,825.0593063831329,False
881,1,130,RightResponse,1766135609.6474082,825.5729856491089,False
882,1,131,FeedbackPeriodStarted,1766135609.6678367,825.5934112071991,False
883,1,131,startFixDisplay,1766135609.6679091,825.5934829711914,False
884,1,131,startFixPeriod,1766135609.7373126,825.662889957428,False
885,1,131,TargetPresentation,1766135610.8268118,826.7523894309998,False
886,1,131,TargetRemoval,1766135611.9923542,827.9179310798645,True
887,1,131,TargetReappeared,1766135612.2423403,828.1679177284241,False
888,1,131,LeftResponse,1766135613.1793995,829.1049757003784,False
889,1,131,FeedbackPeriodStarted,1766135613.2135882,829.1391654014587,False
890,2,132,startFixDisplay,1766135660.093621,876.019195318222,False
891,2,132,startFixPeriod,1766135660.3021564,876.2277343273163,False
892,2,132,TargetPresentation,1766135660.961219,876.8867945671082,False
893,2,132,TargetDisplacement,1766135661.1345878,877.0601646900177,True
894,2,132,LeftResponse,1766135661.7942088,877.7197861671448,False
895,2,133,FeedbackPeriodStarted,1766135661.8146193,877.7401969432831,False
896,2,133,startFixDisplay,1766135661.814756,877.7403321266174,False
897,2,133,startFixPeriod,1766135661.967528,877.8931050300598,False
898,2,133,TargetPresentation,1766135662.9736302,878.8992078304291,False
899,2,133,TargetDisplacement,1766135663.146969,879.0725431442261,True
900,2,133,LeftResponse,1766135664.0979664,880.0235433578491,False
901,2,134,FeedbackPeriodStarted,1766135664.118464,880.0440425872803,False
902,2,134,startFixDisplay,1766135664.1186264,880.0442023277283,False
903,2,134,startFixPeriod,1766135664.1253555,880.0509300231934,False
904,2,134,TargetPresentation,1766135665.2565746,881.1821529865265,False
905,2,134,TargetRemoval,1766135665.395217,881.3207936286926,True
906,2,134,TargetReappeared,1766135665.6451213,881.5706987380981,False
907,2,134,RightResponse,1766135666.2074392,882.1330142021179,False
908,2,135,FeedbackPeriodStarted,1766135666.23484,882.1604170799255,False
909,2,135,startFixDisplay,1766135666.2349823,882.160558462143,False
910,2,135,startFixPeriod,1766135666.4153686,882.3409719467163,False
911,2,135,TargetPresentation,1766135667.0816855,883.0072636604309,False
912,2,135,TargetDisplacement,1766135667.2409203,883.1664943695068,True
913,2,135,RightResponse,1766135668.0185456,883.9441215991974,False
914,2,136,FeedbackPeriodStarted,1766135668.045901,883.9714784622192,False
915,2,136,startFixDisplay,1766135668.0460434,883.9716196060181,False
916,2,136,startFixPeriod,1766135668.2473073,884.1728849411011,False
917,2,136,TargetPresentation,1766135669.7183585,885.6439344882965,False
918,2,136,TargetDisplacement,1766135669.8708568,885.7964339256287,True
919,2,136,RightResponse,1766135670.537346,886.4629220962524,False
920,2,137,FeedbackPeriodStarted,1766135670.5578263,886.4834039211273,False
921,2,137,startFixDisplay,1766135670.5580418,886.4836182594299,False
922,2,137,startFixPeriod,1766135670.7037168,886.6292943954468,False
923,2,137,TargetPresentation,1766135671.60584,887.5314176082611,False
924,2,137,TargetDisplacement,1766135671.7166803,887.6422576904297,True
925,2,137,LeftResponse,1766135673.0285976,888.9541735649109,False
926,2,138,FeedbackPeriodStarted,1766135673.0490012,888.9745786190033,False
927,2,138,startFixDisplay,1766135673.0491529,888.9747290611267,False
928,2,138,startFixPeriod,1766135673.2295969,889.1551744937897,False
929,2,138,TargetPresentation,1766135674.1593614,890.0849387645721,False
930,2,138,TargetDisplacement,1766135674.360326,890.2859003543854,True
931,2,138,LeftResponse,1766135674.9160328,890.8416130542755,False
932,2,138,FeedbackPeriodStarted,1766135674.9226336,890.8482110500336,False
933,2,139,startFixDisplay,1766135676.9276974,892.853271484375,False
934,2,139,startFixPeriod,1766135676.9347973,892.8603744506836,False
935,2,139,TargetPresentation,1766135678.0591638,893.9847390651703,False
936,2,139,TargetDisplacement,1766135678.2255633,894.1511406898499,True
937,2,139,RightResponse,1766135679.0307448,894.9563205242157,False
938,2,140,FeedbackPeriodStarted,1766135679.0511875,894.9767620563507,False
939,2,140,startFixDisplay,1766135679.0512564,894.9768302440643,False
940,2,140,startFixPeriod,1766135679.19016,895.1157350540161,False
941,2,140,TargetPresentation,1766135680.1130617,896.0386393070221,False
942,2,140,TargetRemoval,1766135680.2724955,896.1980700492859,True
943,2,140,TargetReappeared,1766135680.522506,896.4480834007263,False
944,2,140,RightResponse,1766135680.9252186,896.8507943153381,False
945,2,141,FeedbackPeriodStarted,1766135680.9456277,896.871205329895,False
946,2,141,startFixDisplay,1766135680.9457788,896.8713550567627,False
947,2,141,startFixPeriod,1766135681.1677303,897.0933079719543,False
948,2,141,TargetPresentation,1766135682.0837522,898.0093295574188,False
949,2,141,TargetDisplacement,1766135682.3265712,898.2521486282349,True
950,2,141,LeftResponse,1766135682.7918954,898.7174725532532,False
951,2,142,FeedbackPeriodStarted,1766135682.8120675,898.7376420497894,False
952,2,142,startFixDisplay,1766135682.8121889,898.737762928009,False
953,2,142,startFixPeriod,1766135682.992723,898.9183008670807,False
954,2,142,TargetPresentation,1766135684.0197146,899.9452922344208,False
955,2,142,TargetRemoval,1766135684.234698,900.1602749824524,True
956,2,142,TargetReappeared,1766135684.4847076,900.4102830886841,False
957,2,142,LeftResponse,1766135684.8872626,900.8128380775452,False
958,2,143,FeedbackPeriodStarted,1766135684.907785,900.8333621025085,False
959,2,143,startFixDisplay,1766135684.9079294,900.833505153656,False
960,2,143,startFixPeriod,1766135684.970261,900.8958365917206,False
961,2,143,TargetPresentation,1766135685.6156917,901.5412695407867,False
962,2,143,TargetDisplacement,1766135685.7820292,901.7076034545898,True
963,2,143,RightResponse,1766135686.8302193,902.7557945251465,False
964,2,144,FeedbackPeriodStarted,1766135686.8507378,902.7763156890869,False
965,2,144,startFixDisplay,1766135686.8508902,902.7764666080475,False
966,2,144,startFixPeriod,1766135687.0382617,902.9638390541077,False
967,2,144,TargetPresentation,1766135688.120694,904.0462715625763,False
968,2,144,TargetDisplacement,1766135688.2870739,904.2126479148865,True
969,2,144,RightResponse,1766135688.9397507,904.8653256893158,False
970,2,144,FeedbackPeriodStarted,1766135688.946329,904.8719067573547,False
971,2,145,startFixDisplay,1766135690.9515877,906.8771648406982,False
972,2,145,startFixPeriod,1766135690.9586594,906.8842377662659,False
973,2,145,TargetPresentation,1766135692.0343637,907.9599406719208,False
974,2,145,TargetDisplacement,1766135692.1937878,908.1193649768829,True
975,2,145,RightResponse,1766135693.1031175,909.0286931991577,False
976,2,146,FeedbackPeriodStarted,1766135693.1235685,909.0491459369659,False
977,2,146,startFixDisplay,1766135693.1237066,909.0492827892303,False
978,2,146,startFixPeriod,1766135693.2625582,909.1881339550018,False
979,2,146,TargetPresentation,1766135694.6780512,910.6036262512207,False
980,2,146,TargetDisplacement,1766135694.9000046,910.8255817890167,True
981,2,146,LeftResponse,1766135695.5732927,911.4988677501678,False
982,2,147,FeedbackPeriodStarted,1766135695.5938861,911.5194635391235,False
983,2,147,startFixDisplay,1766135695.5940979,911.5196721553802,False
984,2,147,startFixPeriod,1766135695.7952888,911.7208666801453,False
985,2,147,TargetPresentation,1766135696.8430827,912.7686605453491,False
986,2,147,TargetDisplacement,1766135697.1205652,913.046142578125,True
987,2,147,LeftResponse,1766135697.9119651,913.8375422954559,False
988,2,148,FeedbackPeriodStarted,1766135697.932245,913.8578197956085,False
989,2,148,startFixDisplay,1766135697.932314,913.8578877449036,False
990,2,148,startFixPeriod,1766135698.1268504,914.0524280071259,False
991,2,148,TargetPresentation,1766135699.0358152,914.9614062309265,False
992,2,148,TargetDisplacement,1766135700.0418768,915.9674541950226,True
993,2,148,LeftResponse,1766135700.2851362,916.2107121944427,False
994,2,149,FeedbackPeriodStarted,1766135700.305501,916.2310783863068,False
995,2,149,startFixDisplay,1766135700.3056483,916.2312245368958,False
996,2,149,startFixPeriod,1766135700.4999075,916.425482749939,False
997,2,149,TargetPresentation,1766135701.3394957,917.2650709152222,False
998,2,149,TargetRemoval,1766135701.5198987,917.4454760551453,True
999,2,149,TargetReappeared,1766135701.7698355,917.6954131126404,False
1000,2,149,LeftResponse,1766135702.1724358,918.0980124473572,False
1001,2,150,FeedbackPeriodStarted,1766135702.1928809,918.1184556484222,False
1002,2,150,startFixDisplay,1766135702.1929488,918.118522644043,False
1003,2,150,startFixPeriod,1766135702.2000055,918.1255855560303,False
1004,2,150,TargetPresentation,1766135703.5808828,919.5064606666565,False
1005,2,150,TargetDisplacement,1766135704.7672772,920.692854642868,True
1006,2,150,LeftResponse,1766135705.4475021,921.373076915741,False
1007,2,150,FeedbackPeriodStarted,1766135705.454306,921.3798804283142,False
1008,2,151,startFixDisplay,1766135707.4665563,923.3921337127686,False
1009,2,151,startFixPeriod,1766135707.6957436,923.6213209629059,False
1010,2,151,TargetPresentation,1766135708.9586434,924.8842208385468,False
1011,2,151,TargetDisplacement,1766135709.1735399,925.0991168022156,True
1012,2,151,LeftResponse,1766135709.6732795,925.5988540649414,False
1013,2,152,FeedbackPeriodStarted,1766135709.694079,925.6196568012238,False
1014,2,152,startFixDisplay,1766135709.6942174,925.619791507721,False
1015,2,152,startFixPeriod,1766135709.8815103,925.8070876598358,False
1016,2,152,TargetPresentation,1766135710.9501193,926.8756940364838,False
1017,2,152,TargetDisplacement,1766135712.7887821,928.7143592834473,True
1018,2,152,RightResponse,1766135713.3790555,929.3046317100525,False
1019,2,153,FeedbackPeriodStarted,1766135713.3994367,929.3250143527985,False
1020,2,153,startFixDisplay,1766135713.3995836,929.3251595497131,False
1021,2,153,startFixPeriod,1766135713.5661538,929.4917311668396,False
1022,2,153,TargetPresentation,1766135714.2254035,930.1509811878204,False
1023,2,153,TargetRemoval,1766135714.5375173,930.4630949497223,True
1024,2,153,TargetReappeared,1766135714.787479,930.7130551338196,False
1025,2,153,LeftResponse,1766135715.2872872,931.2128615379333,False
1026,2,154,FeedbackPeriodStarted,1766135715.307697,931.2332739830017,False
1027,2,154,startFixDisplay,1766135715.307835,931.2334108352661,False
1028,2,154,startFixPeriod,1766135715.4883182,931.4138951301575,False
1029,2,154,TargetPresentation,1766135716.8899517,932.8155288696289,False
1030,2,154,NoSaccadeMade,1766135718.8862607,934.8118345737457,False
1031,2,155,FeedbackPeriodStarted,1766135718.909033,934.8346095085144,False
1032,2,155,startFixDisplay,1766135718.909164,934.83473944664,False
1033,2,155,startFixPeriod,1766135718.9159594,934.8415358066559,False
1034,2,155,TargetPresentation,1766135719.7072878,935.6328647136688,False
1035,2,155,TargetDisplacement,1766135719.9845753,935.9101512432098,True
1036,2,155,LeftResponse,1766135720.6789203,936.6044948101044,False
1037,2,156,FeedbackPeriodStarted,1766135720.6991923,936.6247668266296,False
1038,2,156,startFixDisplay,1766135720.69926,936.6248335838318,False
1039,2,156,startFixPeriod,1766135720.8938172,936.8193945884705,False
1040,2,156,TargetPresentation,1766135721.5113277,937.4369049072266,False
1041,2,156,TargetDisplacement,1766135721.7054844,937.6310606002808,True
1042,2,156,LeftResponse,1766135723.662644,939.5882196426392,False
1043,2,156,FeedbackPeriodStarted,1766135723.6763134,939.6018877029419,False
1044,2,157,startFixDisplay,1766135725.6815593,941.6071374416351,False
1045,2,157,startFixPeriod,1766135726.0772693,942.0028460025787,False
1046,2,157,TargetPresentation,1766135727.125015,943.0505924224854,False
1047,2,157,TargetDisplacement,1766135727.3051648,943.2307386398315,True
1048,2,157,RightResponse,1766135728.617339,944.5429151058197,False
1049,2,158,FeedbackPeriodStarted,1766135728.6375527,944.5631291866302,False
1050,2,158,startFixDisplay,1766135728.6376963,944.563271522522,False
1051,2,158,startFixPeriod,1766135728.7903655,944.7159667015076,False
1052,2,158,TargetPresentation,1766135729.5257447,945.4513213634491,False
1053,2,158,TargetRemoval,1766135729.713146,945.6387197971344,True
1054,2,158,TargetReappeared,1766135729.963211,945.8887858390808,False
1055,2,158,RightResponse,1766135730.5461788,946.4717528820038,False
1056,2,159,FeedbackPeriodStarted,1766135730.5666044,946.4921810626984,False
1057,2,159,startFixDisplay,1766135730.5667415,946.4923169612885,False
1058,2,159,startFixPeriod,1766135730.7194378,946.645012140274,False
1059,2,159,TargetPresentation,1766135731.6215634,947.5471403598785,False
1060,2,159,TargetDisplacement,1766135731.801708,947.7272841930389,True
1061,2,159,RightResponse,1766135732.4334583,948.3590333461761,False
1062,2,160,FeedbackPeriodStarted,1766135732.4540775,948.3796544075012,False
1063,2,160,startFixDisplay,1766135732.4542212,948.379796743393,False
1064,2,160,startFixPeriod,1766135732.6207235,948.5463030338287,False
1065,2,160,TargetPresentation,1766135733.1480637,949.0736389160156,False
1066,2,160,TargetRemoval,1766135733.3907611,949.3163375854492,True
1067,2,160,TargetReappeared,1766135733.6406782,949.5662531852722,False
1068,2,160,RightResponse,1766135734.501369,950.4269535541534,False
1069,2,161,FeedbackPeriodStarted,1766135734.521842,950.4474189281464,False
1070,2,161,startFixDisplay,1766135734.5219777,950.4475531578064,False
1071,2,161,startFixPeriod,1766135734.6816607,950.6072378158569,False
1072,2,161,TargetPresentation,1766135736.1041203,952.0296957492828,False
1073,2,161,TargetRemoval,1766135736.3260474,952.2516238689423,True
1074,2,161,TargetReappeared,1766135736.5759969,952.5015740394592,False
1075,2,161,RightResponse,1766135737.0274122,952.9529888629913,False
1076,2,162,FeedbackPeriodStarted,1766135737.0476842,952.9732608795166,False
1077,2,162,startFixDisplay,1766135737.0478258,952.9734013080597,False
1078,2,162,startFixPeriod,1766135737.2351665,953.1607432365417,False
1079,2,162,TargetPresentation,1766135738.255227,954.1808025836945,False
1080,2,162,TargetDisplacement,1766135738.4147887,954.3403651714325,True
1081,2,162,FeedbackPeriodStarted,1766135740.420088,956.3456625938416,False
1082,2,163,startFixDisplay,1766135742.92499,958.8505666255951,False
1083,2,163,startFixPeriod,1766135743.1610034,959.0865778923035,False
1084,2,163,TargetPresentation,1766135744.5141833,960.4397583007812,False
1085,2,163,TargetDisplacement,1766135744.7015653,960.6271424293518,True
1086,2,163,LeftResponse,1766135745.2709694,961.1965458393097,False
1087,2,164,FeedbackPeriodStarted,1766135745.2911375,961.2167117595673,False
1088,2,164,startFixDisplay,1766135745.2912037,961.2167775630951,False
1089,2,164,startFixPeriod,1766135745.443994,961.3695688247681,False
1090,2,164,TargetPresentation,1766135746.0616124,961.9871890544891,False
1091,2,164,TargetRemoval,1766135746.2418928,962.1674695014954,True
1092,2,164,TargetReappeared,1766135746.4918528,962.4174299240112,False
1093,2,164,RightResponse,1766135747.0822792,963.0078537464142,False
1094,2,165,FeedbackPeriodStarted,1766135747.1024327,963.0280096530914,False
1095,2,165,startFixDisplay,1766135747.1026473,963.0282232761383,False
1096,2,165,startFixPeriod,1766135747.2691019,963.1946787834167,False
1097,2,165,TargetPresentation,1766135748.642951,964.5685279369354,False
1098,2,165,TargetRemoval,1766135748.885713,964.8112890720367,True
1099,2,165,TargetReappeared,1766135749.1356964,965.0612733364105,False
1100,2,165,LeftResponse,1766135749.7186944,965.6442692279816,False
1101,2,166,FeedbackPeriodStarted,1766135749.7391436,965.6647202968597,False
1102,2,166,startFixDisplay,1766135749.739279,965.6648528575897,False
1103,2,166,startFixPeriod,1766135749.7461174,965.6716938018799,False
1104,2,166,TargetPresentation,1766135751.1756887,967.101265668869,False
1105,2,166,TargetRemoval,1766135751.3560677,967.2816417217255,True
1106,2,166,TargetReappeared,1766135751.605945,967.5315222740173,False
1107,2,166,LeftResponse,1766135752.0223415,967.9479160308838,False
1108,2,167,FeedbackPeriodStarted,1766135752.0429816,967.968558549881,False
1109,2,167,startFixDisplay,1766135752.0431323,967.9687061309814,False
1110,2,167,startFixPeriod,1766135752.0499108,967.9754874706268,False
1111,2,167,TargetPresentation,1766135752.743997,968.6695740222931,False
1112,2,167,TargetRemoval,1766135752.7576597,968.6832363605499,True
1113,2,167,TargetReappeared,1766135753.0076468,968.9332237243652,False
1114,2,167,LeftResponse,1766135753.8752506,969.8008258342743,False
1115,2,168,FeedbackPeriodStarted,1766135753.895701,969.8212778568268,False
1116,2,168,startFixDisplay,1766135753.895908,969.8214843273163,False
1117,2,168,startFixPeriod,1766135754.0483594,969.9739344120026,False
1118,2,168,TargetPresentation,1766135755.401623,971.3271999359131,False
1119,2,168,TargetRemoval,1766135755.568038,971.4936144351959,True
1120,2,168,TargetReappeared,1766135755.8179157,971.743492603302,False
1121,2,168,RightResponse,1766135756.3245373,972.250111579895,False
1122,2,168,FeedbackPeriodStarted,1766135756.3314366,972.2570147514343,False
1123,2,169,startFixDisplay,1766135758.336498,974.2620720863342,False
1124,2,169,startFixPeriod,1766135758.3435676,974.2691442966461,False
1125,2,169,TargetPresentation,1766135759.8079402,975.7335176467896,False
1126,2,169,TargetDisplacement,1766135759.9742785,975.8998560905457,True
1127,2,169,LeftResponse,1766135760.550664,976.4762394428253,False
1128,2,170,FeedbackPeriodStarted,1766135760.5709856,976.4965620040894,False
1129,2,170,startFixDisplay,1766135760.5711246,976.4967000484467,False
1130,2,170,startFixPeriod,1766135760.7655013,976.6910781860352,False
1131,2,170,TargetPresentation,1766135761.6883667,977.6139419078827,False
1132,2,170,TargetRemoval,1766135761.8409836,977.7665603160858,True
1133,2,170,TargetReappeared,1766135762.0907822,978.016359090805,False
1134,2,170,RightResponse,1766135762.4655054,978.3910796642303,False
1135,2,171,FeedbackPeriodStarted,1766135762.4862587,978.4118354320526,False
1136,2,171,startFixDisplay,1766135762.4864533,978.4120309352875,False
1137,2,171,startFixPeriod,1766135762.631812,978.557386636734,False
1138,2,171,TargetPresentation,1766135763.8879623,979.8135368824005,False
1139,2,171,TargetRemoval,1766135764.1514888,980.0770626068115,True
1140,2,171,TargetReappeared,1766135764.4014301,980.327005147934,False
1141,2,171,RightResponse,1766135764.8386056,980.7641794681549,False
1142,2,172,FeedbackPeriodStarted,1766135764.8592806,980.7848553657532,False
1143,2,172,startFixDisplay,1766135764.8593566,980.7849307060242,False
1144,2,172,startFixPeriod,1766135765.0260475,980.9516243934631,False
1145,2,172,TargetPresentation,1766135766.4969656,982.4225401878357,False
1146,2,172,TargetDisplacement,1766135766.7121763,982.6377506256104,True
1147,2,172,RightResponse,1766135767.5520957,983.4776723384857,False
1148,2,173,FeedbackPeriodStarted,1766135767.572506,983.4980826377869,False
1149,2,173,startFixDisplay,1766135767.572648,983.4982235431671,False
1150,2,173,startFixPeriod,1766135767.7738674,983.6994440555573,False
1151,2,173,TargetPresentation,1766135768.5995939,984.52516913414,False
1152,2,173,TargetDisplacement,1766135768.6482177,984.5737946033478,True
1153,2,173,LeftResponse,1766135769.363141,985.2887172698975,False
1154,2,174,FeedbackPeriodStarted,1766135769.3836052,985.3091819286346,False
1155,2,174,startFixDisplay,1766135769.3837461,985.309321641922,False
1156,2,174,startFixPeriod,1766135769.550261,985.4758381843567,False
1157,2,174,TargetPresentation,1766135770.2442331,986.1698107719421,False
1158,2,174,TargetDisplacement,1766135770.4728863,986.3984603881836,True
1159,2,174,LeftResponse,1766135771.3613164,987.2868909835815,False
1160,2,174,FeedbackPeriodStarted,1766135771.3681808,987.2937550544739,False
1161,2,175,startFixDisplay,1766135773.3805,989.3060767650604,False
1162,2,175,startFixPeriod,1766135773.6166518,989.5422291755676,False
1163,2,175,TargetPresentation,1766135774.3036258,990.2292029857635,False
1164,2,175,TargetRemoval,1766135774.5253637,990.4509375095367,True
1165,2,175,TargetReappeared,1766135774.7753098,990.7008845806122,False
1166,2,175,LeftResponse,1766135775.4210265,991.3466029167175,False
1167,2,176,FeedbackPeriodStarted,1766135775.4417372,991.3673167228699,False
1168,2,176,startFixDisplay,1766135775.4419072,991.3674829006195,False
1169,2,176,startFixPeriod,1766135775.4483368,991.3739109039307,False
1170,2,176,TargetPresentation,1766135776.5795178,992.5050935745239,False
1171,2,176,TargetDisplacement,1766135776.7806728,992.7062494754791,True
1172,2,176,LeftResponse,1766135777.6207523,993.5463290214539,False
1173,2,177,FeedbackPeriodStarted,1766135777.6410756,993.5666522979736,False
1174,2,177,startFixDisplay,1766135777.64121,993.5667858123779,False
1175,2,177,startFixPeriod,1766135777.6479723,993.5735487937927,False
1176,2,177,TargetPresentation,1766135778.4114609,994.3370361328125,False
1177,2,177,TargetDisplacement,1766135779.8198528,995.74542927742,True
1178,2,177,LeftResponse,1766135779.8894758,995.815051317215,False
1179,2,178,FeedbackPeriodStarted,1766135779.910056,995.8356328010559,False
1180,2,178,startFixDisplay,1766135779.9101868,995.8357622623444,False
1181,2,178,startFixPeriod,1766135779.937873,995.8634495735168,False
1182,2,178,TargetPresentation,1766135781.0621681,996.987743139267,False
1183,2,178,TargetRemoval,1766135781.790622,997.7161982059479,True
1184,2,178,TargetReappeared,1766135782.0406048,997.9661812782288,False
1185,2,178,LeftResponse,1766135782.4710145,998.3965904712677,False
1186,2,179,FeedbackPeriodStarted,1766135782.4915135,998.4170904159546,False
1187,2,179,startFixDisplay,1766135782.4916558,998.4172315597534,False
1188,2,179,startFixPeriod,1766135782.658153,998.5837299823761,False
1189,2,179,TargetPresentation,1766135783.3658824,999.2914593219757,False
1190,2,179,TargetDisplacement,1766135784.031885,999.9574608802795,True
1191,2,179,FeedbackPeriodStarted,1766135786.037339,1001.9629156589508,False
1192,2,180,startFixDisplay,1766135786.543651,1002.4692249298096,False
1193,2,180,startFixPeriod,1766135786.9534185,1002.8789963722229,False
1194,2,180,TargetPresentation,1766135787.7444053,1003.6699817180634,False
1195,2,180,TargetDisplacement,1766135787.994153,1003.9197270870209,True
1196,2,180,LeftResponse,1766135788.612068,1004.5376439094543,False
1197,2,180,FeedbackPeriodStarted,1766135788.618578,1004.5441546440125,False
1198,2,181,startFixDisplay,1766135790.6238163,1006.5493903160095,False
1199,2,181,startFixPeriod,1766135790.8601277,1006.7857048511505,False
1200,2,181,TargetPresentation,1766135791.9633074,1007.8888828754425,False
1201,2,181,TargetDisplacement,1766135792.129846,1008.055422782898,True
1202,2,181,RightResponse,1766135794.0870636,1010.0126397609711,False
1203,2,182,FeedbackPeriodStarted,1766135794.1075015,1010.0330793857574,False
1204,2,182,startFixDisplay,1766135794.1076434,1010.0332190990448,False
1205,2,182,startFixPeriod,1766135794.3365304,1010.2621059417725,False
1206,2,182,TargetPresentation,1766135795.4468439,1011.3724207878113,False
1207,2,182,TargetDisplacement,1766135795.6270325,1011.5526087284088,True
1208,2,182,RightResponse,1766135797.2371492,1013.1627235412598,False
1209,2,183,FeedbackPeriodStarted,1766135797.2575865,1013.1831607818604,False
1210,2,183,startFixDisplay,1766135797.2576535,1013.1832270622253,False
1211,2,183,startFixPeriod,1766135797.4034727,1013.3290476799011,False
1212,2,183,TargetPresentation,1766135798.4930923,1014.418669462204,False
1213,2,183,TargetRemoval,1766135798.6663442,1014.5919208526611,True
1214,2,183,TargetReappeared,1766135798.9163496,1014.841926574707,False
1215,2,183,LeftResponse,1766135799.3884785,1015.3140540122986,False
1216,2,184,FeedbackPeriodStarted,1766135799.4089038,1015.3344831466675,False
1217,2,184,startFixDisplay,1766135799.4090796,1015.3346552848816,False
1218,2,184,startFixPeriod,1766135799.4644122,1015.3899893760681,False
1219,2,184,TargetPresentation,1766135800.033429,1015.9590034484863,False
1220,2,184,TargetDisplacement,1766135800.213818,1016.1393947601318,True
1221,2,184,LeftResponse,1766135800.7483022,1016.6738770008087,False
1222,2,185,FeedbackPeriodStarted,1766135800.7688806,1016.6944572925568,False
1223,2,185,startFixDisplay,1766135800.7690213,1016.694596529007,False
1224,2,185,startFixPeriod,1766135800.9425797,1016.8681564331055,False
1225,2,185,TargetPresentation,1766135802.087469,1018.0130436420441,False
1226,2,185,TargetDisplacement,1766135802.2259445,1018.1515185832977,True
1227,2,185,LeftResponse,1766135802.9481142,1018.8736886978149,False
1228,2,186,FeedbackPeriodStarted,1766135802.968645,1018.8942222595215,False
1229,2,186,startFixDisplay,1766135802.9687617,1018.8943357467651,False
1230,2,186,startFixPeriod,1766135803.2947142,1019.2202911376953,False
1231,2,186,TargetPresentation,1766135804.5091689,1020.4347460269928,False
1232,2,186,TargetDisplacement,1766135805.0918791,1021.0174555778503,True
1233,2,186,RightResponse,1766135805.890258,1021.8158330917358,False
1234,2,186,FeedbackPeriodStarted,1766135805.8968213,1021.8223955631256,False
1235,2,187,startFixDisplay,1766135807.902035,1023.8276090621948,False
1236,2,187,startFixPeriod,1766135808.1174023,1024.0429775714874,False
1237,2,187,TargetPresentation,1766135809.5815465,1025.5071213245392,False
1238,2,187,TargetRemoval,1766135809.8381538,1025.7637276649475,True
1239,2,187,TargetReappeared,1766135810.0881639,1026.0137407779694,False
1240,2,187,LeftResponse,1766135810.5256662,1026.4512419700623,False
1241,2,188,FeedbackPeriodStarted,1766135810.5460136,1026.4715902805328,False
1242,2,188,startFixDisplay,1766135810.5461583,1026.4717338085175,False
1243,2,188,startFixPeriod,1766135810.7126958,1026.6382727622986,False
1244,2,188,TargetPresentation,1766135811.9548035,1027.8803803920746,False
1245,2,188,TargetDisplacement,1766135812.1350753,1028.0606517791748,True
1246,2,188,RightResponse,1766135812.7250838,1028.6506581306458,False
1247,2,189,FeedbackPeriodStarted,1766135812.745662,1028.6712386608124,False
1248,2,189,startFixDisplay,1766135812.745801,1028.671376466751,False
1249,2,189,startFixPeriod,1766135812.9124217,1028.837998867035,False
1250,2,189,TargetPresentation,1766135813.9809718,1029.9065487384796,False
1251,2,189,TargetRemoval,1766135814.3347795,1030.2603559494019,True
1252,2,189,TargetReappeared,1766135814.584696,1030.510273218155,False
1253,2,189,RightResponse,1766135815.0220475,1030.947622537613,False
1254,2,190,FeedbackPeriodStarted,1766135815.0425286,1030.9681055545807,False
1255,2,190,startFixDisplay,1766135815.0426733,1030.9682490825653,False
1256,2,190,startFixPeriod,1766135815.2090623,1031.1346371173859,False
1257,2,190,TargetPresentation,1766135816.4721253,1032.3977000713348,False
1258,2,190,TargetDisplacement,1766135817.1866627,1033.112239599228,True
1259,2,190,LeftResponse,1766135817.9780674,1033.9036438465118,False
1260,2,191,FeedbackPeriodStarted,1766135817.9984574,1033.9240317344666,False
1261,2,191,startFixDisplay,1766135817.9985242,1033.924097776413,False
1262,2,191,startFixPeriod,1766135818.199942,1034.1255190372467,False
1263,2,191,TargetPresentation,1766135819.2685149,1035.1940903663635,False
1264,2,191,TargetRemoval,1766135819.4349592,1035.3605353832245,True
1265,2,191,TargetReappeared,1766135819.684884,1035.610458612442,False
1266,2,191,RightResponse,1766135820.2125223,1036.1380977630615,False
1267,2,192,FeedbackPeriodStarted,1766135820.2328293,1036.1584060192108,False
1268,2,192,startFixDisplay,1766135820.232973,1036.1585485935211,False
1269,2,192,startFixPeriod,1766135820.2537951,1036.1793720722198,False
1270,2,192,TargetPresentation,1766135821.3710525,1037.2966287136078,False
1271,2,192,TargetRemoval,1766135821.5651925,1037.4907689094543,True
1272,2,192,TargetReappeared,1766135821.8151073,1037.7406828403473,False
1273,2,192,RightResponse,1766135822.4055722,1038.3311474323273,False
1274,2,192,FeedbackPeriodStarted,1766135822.411703,1038.3372793197632,False
1275,2,193,startFixDisplay,1766135824.4240217,1040.3495981693268,False
1276,2,193,startFixPeriod,1766135824.6462746,1040.5718500614166,False
1277,2,193,TargetPresentation,1766135825.6037688,1041.5293459892273,False
1278,2,193,TargetDisplacement,1766135825.7563927,1041.6819689273834,True
1279,2,193,LeftResponse,1766135826.9779942,1042.903570652008,False
1280,2,194,FeedbackPeriodStarted,1766135826.998353,1042.923927307129,False
1281,2,194,startFixDisplay,1766135826.9984338,1042.9240074157715,False
1282,2,194,startFixPeriod,1766135827.1720347,1043.0976119041443,False
1283,2,194,TargetPresentation,1766135827.6994843,1043.6250610351562,False
1284,2,194,TargetDisplacement,1766135827.8519342,1043.7775106430054,True
1285,2,194,RightResponse,1766135828.6224623,1044.5480363368988,False
1286,2,195,FeedbackPeriodStarted,1766135828.6429744,1044.5685513019562,False
1287,2,195,startFixDisplay,1766135828.6431136,1044.5686893463135,False
1288,2,195,startFixPeriod,1766135828.8513324,1044.7769072055817,False
1289,2,195,TargetPresentation,1766135829.9824152,1045.907991886139,False
1290,2,195,TargetDisplacement,1766135830.1280453,1046.0536217689514,True
1291,2,195,RightResponse,1766135830.8430924,1046.7686688899994,False
1292,2,196,FeedbackPeriodStarted,1766135830.8634026,1046.7889771461487,False
1293,2,196,startFixDisplay,1766135830.863472,1046.7890455722809,False
1294,2,196,startFixPeriod,1766135831.0509703,1046.9765462875366,False
1295,2,196,TargetPresentation,1766135832.341561,1048.2671358585358,False
1296,2,196,TargetDisplacement,1766135832.633037,1048.5586140155792,True
1297,2,196,LeftResponse,1766135833.785286,1049.7108623981476,False
1298,2,197,FeedbackPeriodStarted,1766135833.8056264,1049.7312030792236,False
1299,2,197,startFixDisplay,1766135833.8057687,1049.7313442230225,False
1300,2,197,startFixPeriod,1766135834.000075,1049.9256510734558,False
1301,2,197,TargetPresentation,1766135834.7979448,1050.7235190868378,False
1302,2,197,TargetDisplacement,1766135834.9435916,1050.869167804718,True
1303,2,197,LeftResponse,1766135836.4914777,1052.4170534610748,False
1304,2,197,FeedbackPeriodStarted,1766135836.5328515,1052.4584283828735,False
1305,3,198,startFixDisplay,1766135935.6012294,1151.5268058776855,False
1306,3,198,startFixPeriod,1766135935.677742,1151.6033189296722,False
1307,3,198,TargetPresentation,1766135937.0933058,1153.0188810825348,False
1308,3,198,TargetDisplacement,1766135937.2597523,1153.1853287220001,True
1309,3,198,RightResponse,1766135938.0304601,1153.9560356140137,False
1310,3,199,FeedbackPeriodStarted,1766135938.050776,1153.976352930069,False
1311,3,199,startFixDisplay,1766135938.050924,1153.9764995574951,False
1312,3,199,startFixPeriod,1766135938.0578742,1153.983451128006,False
1313,3,199,TargetPresentation,1766135939.348509,1155.2740852832794,False
1314,3,199,TargetDisplacement,1766135939.5149322,1155.440506219864,True
1315,3,199,RightResponse,1766135940.7783272,1156.7039024829865,False
1316,3,200,FeedbackPeriodStarted,1766135940.798657,1156.7242341041565,False
1317,3,200,startFixDisplay,1766135940.7988045,1156.7243797779083,False
1318,3,200,startFixPeriod,1766135940.9722772,1156.8978543281555,False
1319,3,200,TargetPresentation,1766135941.9298735,1157.855450630188,False
1320,3,200,TargetDisplacement,1766135942.075423,1158.0009996891022,True
1321,3,200,RightResponse,1766135943.5331528,1159.4587290287018,False
1322,3,201,FeedbackPeriodStarted,1766135943.5533075,1159.478882074356,False
1323,3,201,startFixDisplay,1766135943.5533893,1159.4789636135101,False
1324,3,201,startFixPeriod,1766135943.7201762,1159.6457533836365,False
1325,3,201,TargetPresentation,1766135945.0732641,1160.998839378357,False
1326,3,201,TargetDisplacement,1766135945.260376,1161.1859502792358,True
1327,3,201,LeftResponse,1766135945.8713102,1161.7968845367432,False
1328,3,202,FeedbackPeriodStarted,1766135945.8918388,1161.8174149990082,False
1329,3,202,startFixDisplay,1766135945.891971,1161.8175466060638,False
1330,3,202,startFixPeriod,1766135946.1072068,1162.032783985138,False
1331,3,202,TargetPresentation,1766135947.3214853,1163.247060060501,False
1332,3,202,TargetRemoval,1766135947.4670067,1163.3925831317902,True
1333,3,202,TargetReappeared,1766135947.717009,1163.6425857543945,False
1334,3,202,LeftResponse,1766135948.313831,1164.2394061088562,False
1335,3,203,FeedbackPeriodStarted,1766135948.334319,1164.2598934173584,False
1336,3,203,startFixDisplay,1766135948.3343914,1164.2599649429321,False
1337,3,203,startFixPeriod,1766135948.6051264,1164.5307033061981,False
1338,3,203,TargetPresentation,1766135949.2991216,1165.22469830513,False
1339,3,203,TargetDisplacement,1766135949.4654381,1165.3910121917725,True
1340,3,203,LeftResponse,1766135950.083387,1166.0089626312256,False
1341,3,204,FeedbackPeriodStarted,1766135950.1038823,1166.029459476471,False
1342,3,204,startFixDisplay,1766135950.1040158,1166.0295915603638,False
1343,3,204,startFixPeriod,1766135950.257178,1166.1827561855316,False
1344,3,204,TargetPresentation,1766135951.033862,1166.9594390392303,False
1345,3,204,TargetDisplacement,1766135951.040786,1166.966362953186,True
1346,3,204,LeftResponse,1766135952.3872838,1168.3128590583801,False
1347,3,204,FeedbackPeriodStarted,1766135952.4008982,1168.3264729976654,False
1348,3,205,startFixDisplay,1766135954.406043,1170.3316197395325,False
1349,3,205,startFixPeriod,1766135954.5936327,1170.5192093849182,False
1350,3,205,TargetPresentation,1766135955.391533,1171.3171074390411,False
1351,3,205,TargetDisplacement,1766135955.5372171,1171.4627912044525,True
1352,3,205,LeftResponse,1766135956.4257271,1172.3513028621674,False
1353,3,206,FeedbackPeriodStarted,1766135956.4462016,1172.3717782497406,False
1354,3,206,startFixDisplay,1766135956.4463427,1172.3719182014465,False
1355,3,206,startFixPeriod,1766135956.5989442,1172.5245213508606,False
1356,3,206,TargetPresentation,1766135957.1541612,1173.0797383785248,False
1357,3,206,TargetRemoval,1766135957.3968778,1173.3224544525146,True
1358,3,206,TargetReappeared,1766135957.64676,1173.5723369121552,False
1359,3,206,RightResponse,1766135958.0980408,1174.0236172676086,False
1360,3,207,FeedbackPeriodStarted,1766135958.11835,1174.0439245700836,False
1361,3,207,startFixDisplay,1766135958.1184285,1174.0440022945404,False
1362,3,207,startFixPeriod,1766135958.3128624,1174.238439321518,False
1363,3,207,TargetPresentation,1766135959.5411477,1175.4667246341705,False
1364,3,207,TargetDisplacement,1766135959.811502,1175.7370760440826,True
1365,3,207,RightResponse,1766135960.4296563,1176.3552317619324,False
1366,3,208,FeedbackPeriodStarted,1766135960.449857,1176.3754315376282,False
1367,3,208,startFixDisplay,1766135960.449925,1176.375498533249,False
1368,3,208,startFixPeriod,1766135960.6098268,1176.5354042053223,False
1369,3,208,TargetPresentation,1766135961.7546442,1177.6802208423615,False
1370,3,208,TargetDisplacement,1766135962.3722172,1178.2977941036224,True
1371,3,208,RightResponse,1766135963.0874183,1179.012995481491,False
1372,3,209,FeedbackPeriodStarted,1766135963.1076894,1179.0332684516907,False
1373,3,209,startFixDisplay,1766135963.107901,1179.0334784984589,False
1374,3,209,startFixPeriod,1766135963.2882617,1179.2138381004333,False
1375,3,209,TargetPresentation,1766135964.3637915,1180.2893662452698,False
1376,3,209,TargetDisplacement,1766135964.5578964,1180.4834730625153,True
1377,3,209,LeftResponse,1766135966.0014484,1181.9270231723785,False
1378,3,210,FeedbackPeriodStarted,1766135966.0220232,1181.9476001262665,False
1379,3,210,startFixDisplay,1766135966.0221663,1181.947741985321,False
1380,3,210,startFixPeriod,1766135966.2026448,1182.1282217502594,False
1381,3,210,TargetPresentation,1766135967.1741245,1183.09970164299,False
1382,3,210,TargetDisplacement,1766135967.319646,1183.2452199459076,True
1383,3,210,LeftResponse,1766135968.4998348,1184.425411939621,False
1384,3,210,FeedbackPeriodStarted,1766135968.51321,1184.4387850761414,False
1385,3,211,startFixDisplay,1766135970.5254364,1186.451010465622,False
1386,3,211,startFixPeriod,1766135970.6782262,1186.6038024425507,False
1387,3,211,TargetPresentation,1766135971.2749958,1187.200570821762,False
1388,3,211,TargetDisplacement,1766135971.441283,1187.3668570518494,True
1389,3,211,RightResponse,1766135972.0663276,1187.9919030666351,False
1390,3,212,FeedbackPeriodStarted,1766135972.0867236,1188.0123000144958,False
1391,3,212,startFixDisplay,1766135972.0868633,1188.0124390125275,False
1392,3,212,startFixPeriod,1766135972.2464712,1188.172047138214,False
1393,3,212,TargetPresentation,1766135973.5303164,1189.4558906555176,False
1394,3,212,TargetDisplacement,1766135973.7104108,1189.635984659195,True
1395,3,212,RightResponse,1766135974.3700843,1190.2956607341766,False
1396,3,213,FeedbackPeriodStarted,1766135974.3904898,1190.3160665035248,False
1397,3,213,startFixDisplay,1766135974.390617,1190.316192150116,False
1398,3,213,startFixPeriod,1766135974.5571218,1190.4826965332031,False
1399,3,213,TargetPresentation,1766135975.8964434,1191.8220188617706,False
1400,3,213,TargetRemoval,1766135976.0837493,1192.0093262195587,True
1401,3,213,TargetReappeared,1766135976.3336105,1192.2591869831085,False
1402,3,213,RightResponse,1766135977.4440737,1193.3696475028992,False
1403,3,214,FeedbackPeriodStarted,1766135977.4645126,1193.3900890350342,False
1404,3,214,startFixDisplay,1766135977.464642,1193.3902175426483,False
1405,3,214,startFixPeriod,1766135977.6312203,1193.5567972660065,False
1406,3,214,TargetPresentation,1766135978.2487893,1194.174366235733,False
1407,3,214,TargetRemoval,1766135978.4222076,1194.3477938175201,True
1408,3,214,TargetReappeared,1766135978.6720707,1194.5976476669312,False
1409,3,214,LeftResponse,1766135979.1787584,1195.1043331623077,False
1410,3,215,FeedbackPeriodStarted,1766135979.199326,1195.1249027252197,False
1411,3,215,startFixDisplay,1766135979.1995087,1195.125084400177,False
1412,3,215,startFixPeriod,1766135979.4075513,1195.3331265449524,False
1413,3,215,TargetPresentation,1766135980.524842,1196.4504189491272,False
1414,3,215,TargetDisplacement,1766135980.6842864,1196.609860420227,True
1415,3,215,RightResponse,1766135981.6767948,1197.6023700237274,False
1416,3,216,FeedbackPeriodStarted,1766135981.6971815,1197.6227555274963,False
1417,3,216,startFixDisplay,1766135981.6972451,1197.6228189468384,False
1418,3,216,startFixPeriod,1766135981.8709648,1197.7965414524078,False
1419,3,216,TargetPresentation,1766135983.1686258,1199.0942029953003,False
1420,3,216,TargetRemoval,1766135983.3626711,1199.288247346878,True
1421,3,216,TargetReappeared,1766135983.612597,1199.53817152977,False
1422,3,216,RightResponse,1766135984.1749353,1200.1005113124847,False
1423,3,216,FeedbackPeriodStarted,1766135984.1814432,1200.1070175170898,False
1424,3,217,startFixDisplay,1766135986.1938522,1202.1194288730621,False
1425,3,217,startFixPeriod,1766135986.4575498,1202.3831269741058,False
1426,3,217,TargetPresentation,1766135987.5193534,1203.4449303150177,False
1427,3,217,TargetDisplacement,1766135987.720363,1203.6459395885468,True
1428,3,217,LeftResponse,1766135988.8933513,1204.8189256191254,False
1429,3,218,FeedbackPeriodStarted,1766135988.913878,1204.8394548892975,False
1430,3,218,startFixDisplay,1766135988.914019,1204.8395948410034,False
1431,3,218,startFixPeriod,1766135989.0736413,1204.9992167949677,False
1432,3,218,TargetPresentation,1766135990.4753149,1206.400891304016,False
1433,3,218,TargetDisplacement,1766135990.6902654,1206.6158392429352,True
1434,3,218,RightResponse,1766135991.4124196,1207.3379938602448,False
1435,3,219,FeedbackPeriodStarted,1766135991.4327524,1207.358329296112,False
1436,3,219,startFixDisplay,1766135991.4328935,1207.3584690093994,False
1437,3,219,startFixPeriod,1766135991.599422,1207.524996995926,False
1438,3,219,TargetPresentation,1766135992.2170215,1208.1425983905792,False
1439,3,219,TargetRemoval,1766135992.4181235,1208.3436996936798,True
1440,3,219,TargetReappeared,1766135992.6680584,1208.593635559082,False
1441,3,219,RightResponse,1766135993.1471395,1209.072715997696,False
1442,3,220,FeedbackPeriodStarted,1766135993.174434,1209.1000082492828,False
1443,3,220,startFixDisplay,1766135993.174502,1209.1000757217407,False
1444,3,220,startFixPeriod,1766135993.1815534,1209.1071305274963,False
1445,3,220,TargetPresentation,1766135994.3196185,1210.2451956272125,False
1446,3,220,TargetRemoval,1766135994.4790795,1210.4046564102173,True
1447,3,220,TargetReappeared,1766135994.7289293,1210.6545057296753,False
1448,3,220,LeftResponse,1766135995.1454859,1211.0710611343384,False
1449,3,221,FeedbackPeriodStarted,1766135995.172929,1211.0985054969788,False
1450,3,221,startFixDisplay,1766135995.173068,1211.0986437797546,False
1451,3,221,startFixPeriod,1766135995.3466086,1211.2721855640411,False
1452,3,221,TargetPresentation,1766135995.9293392,1211.8549149036407,False
1453,3,221,TargetRemoval,1766135996.1651213,1212.0906953811646,True
1454,3,221,TargetReappeared,1766135996.415206,1212.3407814502716,False
1455,3,221,RightResponse,1766135996.8664403,1212.792016029358,False
1456,3,222,FeedbackPeriodStarted,1766135996.8869665,1212.8125414848328,False
1457,3,222,startFixDisplay,1766135996.8870301,1212.8126034736633,False
1458,3,222,startFixPeriod,1766135997.0744438,1213.0000207424164,False
1459,3,222,TargetPresentation,1766135998.4205272,1214.3461027145386,False
1460,3,222,TargetDisplacement,1766135998.5938406,1214.5194170475006,True
1461,3,222,RightResponse,1766135999.1147668,1215.0403430461884,False
1462,3,222,FeedbackPeriodStarted,1766135999.121187,1215.0467615127563,False
1463,3,223,startFixDisplay,1766136001.1336336,1217.0592105388641,False
1464,3,223,startFixPeriod,1766136001.376652,1217.3022289276123,False
1465,3,223,TargetPresentation,1766136001.8761547,1217.8017296791077,False
1466,3,223,TargetDisplacement,1766136002.049523,1217.9750995635986,True
1467,3,223,LeftResponse,1766136003.0072472,1218.9328227043152,False
1468,3,224,FeedbackPeriodStarted,1766136003.027863,1218.9534373283386,False
1469,3,224,startFixDisplay,1766136003.0279207,1218.953494310379,False
1470,3,224,startFixPeriod,1766136003.1665916,1219.092166185379,False
1471,3,224,TargetPresentation,1766136003.8606312,1219.7862062454224,False
1472,3,224,TargetRemoval,1766136004.0201607,1219.9457349777222,True
1473,3,224,TargetReappeared,1766136004.270116,1220.195690870285,False
1474,3,224,RightResponse,1766136004.6658125,1220.591388463974,False
1475,3,225,FeedbackPeriodStarted,1766136004.686223,1220.6117975711823,False
1476,3,225,startFixDisplay,1766136004.68629,1220.6118636131287,False
1477,3,225,startFixPeriod,1766136004.8461635,1220.7717406749725,False
1478,3,225,TargetPresentation,1766136006.2894526,1222.2150275707245,False
1479,3,225,TargetDisplacement,1766136006.49054,1222.4161162376404,True
1480,3,225,LeftResponse,1766136007.2124598,1223.138034105301,False
1481,3,226,FeedbackPeriodStarted,1766136007.2329404,1223.1585171222687,False
1482,3,226,startFixDisplay,1766136007.2330818,1223.1586570739746,False
1483,3,226,startFixPeriod,1766136007.3996117,1223.325187444687,False
1484,3,226,TargetPresentation,1766136007.9825594,1223.9081349372864,False
1485,3,226,TargetDisplacement,1766136008.1421022,1224.0676789283752,True
1486,3,226,RightResponse,1766136008.891691,1224.8172652721405,False
1487,3,227,FeedbackPeriodStarted,1766136008.9122028,1224.8377792835236,False
1488,3,227,startFixDisplay,1766136008.912294,1224.8378677368164,False
1489,3,227,startFixPeriod,1766136008.9887047,1224.9142816066742,False
1490,3,227,TargetPresentation,1766136010.4459665,1226.371541261673,False
1491,3,227,TargetDisplacement,1766136010.6261823,1226.55175614357,True
1492,3,227,RightResponse,1766136012.2986639,1228.2242391109467,False
1493,3,228,FeedbackPeriodStarted,1766136012.3193045,1228.2448816299438,False
1494,3,228,startFixDisplay,1766136012.3196192,1228.2451975345612,False
1495,3,228,startFixPeriod,1766136012.499701,1228.4252774715424,False
1496,3,228,TargetPresentation,1766136013.5754032,1229.5009787082672,False
1497,3,228,TargetDisplacement,1766136013.755628,1229.6812045574188,True
1498,3,228,RightResponse,1766136014.602473,1230.5280480384827,False
1499,3,228,FeedbackPeriodStarted,1766136014.6091492,1230.5347254276276,False
1500,3,229,startFixDisplay,1766136016.6214774,1232.547054052353,False
1501,3,229,startFixPeriod,1766136017.0171394,1232.9427168369293,False
1502,3,229,TargetPresentation,1766136018.0927193,1234.0182964801788,False
1503,3,229,TargetDisplacement,1766136018.3007715,1234.2263479232788,True
1504,3,229,RightResponse,1766136018.8839667,1234.809541940689,False
1505,3,230,FeedbackPeriodStarted,1766136018.904424,1234.830001115799,False
1506,3,230,startFixDisplay,1766136018.9045653,1234.8301413059235,False
1507,3,230,startFixPeriod,1766136019.0711918,1234.9967670440674,False
1508,3,230,TargetPresentation,1766136020.5006409,1236.4262175559998,False
1509,3,230,TargetDisplacement,1766136020.687799,1236.6133751869202,True
1510,3,230,RightResponse,1766136021.3543184,1237.279893398285,False
1511,3,231,FeedbackPeriodStarted,1766136021.3747537,1237.3003306388855,False
1512,3,231,startFixDisplay,1766136021.374894,1237.3004696369171,False
1513,3,231,startFixPeriod,1766136021.520625,1237.4462022781372,False
1514,3,231,TargetPresentation,1766136022.3601959,1238.2857732772827,False
1515,3,231,TargetDisplacement,1766136022.519656,1238.4452323913574,True
1516,3,231,LeftResponse,1766136023.199956,1239.125530719757,False
1517,3,232,FeedbackPeriodStarted,1766136023.2204022,1239.145976305008,False
1518,3,232,startFixDisplay,1766136023.2204669,1239.1460406780243,False
1519,3,232,startFixPeriod,1766136023.4219587,1239.3475358486176,False
1520,3,232,TargetPresentation,1766136023.9353676,1239.8609583377838,False
1521,3,232,TargetDisplacement,1766136024.1295016,1240.0550780296326,True
1522,3,232,RightResponse,1766136024.733644,1240.6592192649841,False
1523,3,233,FeedbackPeriodStarted,1766136024.754064,1240.6796407699585,False
1524,3,233,startFixDisplay,1766136024.7542045,1240.6797802448273,False
1525,3,233,startFixPeriod,1766136024.9207072,1240.8462843894958,False
1526,3,233,TargetPresentation,1766136026.0517817,1241.9773585796356,False
1527,3,233,TargetDisplacement,1766136026.2181776,1242.1437516212463,True
1528,3,233,RightResponse,1766136026.8222082,1242.7477831840515,False
1529,3,234,FeedbackPeriodStarted,1766136026.8425612,1242.7681357860565,False
1530,3,234,startFixDisplay,1766136026.8426244,1242.7681982517242,False
1531,3,234,startFixPeriod,1766136026.995494,1242.9210708141327,False
1532,3,234,TargetPresentation,1766136027.9392724,1243.8648493289948,False
1533,3,234,TargetDisplacement,1766136028.0987775,1244.0243542194366,True
1534,3,234,RightResponse,1766136029.1745586,1245.1001343727112,False
1535,3,234,FeedbackPeriodStarted,1766136029.188237,1245.1138136386871,False
1536,3,235,startFixDisplay,1766136031.2003918,1247.125968694687,False
1537,3,235,startFixPeriod,1766136031.4503083,1247.375883102417,False
1538,3,235,TargetPresentation,1766136031.9707868,1247.8963639736176,False
1539,3,235,TargetDisplacement,1766136032.1301372,1248.05571103096,True
1540,3,235,RightResponse,1766136032.789756,1248.71533203125,False
1541,3,236,FeedbackPeriodStarted,1766136032.810194,1248.7357683181763,False
1542,3,236,startFixDisplay,1766136032.8102615,1248.7358350753784,False
1543,3,236,startFixPeriod,1766136032.8866825,1248.812257528305,False
1544,3,236,TargetPresentation,1766136034.198243,1250.1238195896149,False
1545,3,236,TargetRemoval,1766136034.3577101,1250.2832865715027,True
1546,3,236,TargetReappeared,1766136034.607555,1250.533130645752,False
1547,3,236,RightResponse,1766136035.1350045,1251.060578584671,False
1548,3,237,FeedbackPeriodStarted,1766136035.1556249,1251.0812017917633,False
1549,3,237,startFixDisplay,1766136035.1557994,1251.0813748836517,False
1550,3,237,startFixPeriod,1766136035.322282,1251.2478585243225,False
1551,3,237,TargetPresentation,1766136036.731045,1252.656622171402,False
1552,3,237,TargetRemoval,1766136036.7793043,1252.7048780918121,True
1553,3,237,TargetReappeared,1766136037.029203,1252.9547781944275,False
1554,3,237,LeftResponse,1766136037.501518,1253.4270939826965,False
1555,3,238,FeedbackPeriodStarted,1766136037.5222287,1253.4478030204773,False
1556,3,238,startFixDisplay,1766136037.5222797,1253.4478533267975,False
1557,3,238,startFixPeriod,1766136037.6608288,1253.5864045619965,False
1558,3,238,TargetPresentation,1766136038.47269,1254.398267030716,False
1559,3,238,TargetRemoval,1766136038.5766344,1254.5022084712982,True
1560,3,238,TargetReappeared,1766136038.826643,1254.75221991539,False
1561,3,238,RightResponse,1766136040.1244178,1256.0499935150146,False
1562,3,239,FeedbackPeriodStarted,1766136040.1448376,1256.0704143047333,False
1563,3,239,startFixDisplay,1766136040.144979,1256.0705544948578,False
1564,3,239,startFixPeriod,1766136040.3045185,1256.2300939559937,False
1565,3,239,TargetPresentation,1766136041.6576712,1257.5832481384277,False
1566,3,239,TargetRemoval,1766136041.8934865,1257.8190631866455,True
1567,3,239,TargetReappeared,1766136042.1434038,1258.0689787864685,False
1568,3,239,LeftResponse,1766136043.1082,1259.0337765216827,False
1569,3,240,FeedbackPeriodStarted,1766136043.1285932,1259.0541698932648,False
1570,3,240,startFixDisplay,1766136043.128735,1259.0543105602264,False
1571,3,240,startFixPeriod,1766136043.2952368,1259.2208132743835,False
1572,3,240,TargetPresentation,1766136043.9058628,1259.831438779831,False
1573,3,240,TargetRemoval,1766136044.0931203,1260.018696308136,True
1574,3,240,TargetReappeared,1766136044.3430636,1260.26864027977,False
1575,3,240,LeftResponse,1766136045.1135426,1261.039118528366,False
1576,3,240,FeedbackPeriodStarted,1766136045.1203303,1261.045907497406,False
1577,3,241,startFixDisplay,1766136047.1323547,1263.05792927742,False
1578,3,241,startFixPeriod,1766136047.389397,1263.3149735927582,False
1579,3,241,TargetPresentation,1766136048.617529,1264.5431039333344,False
1580,3,241,TargetDisplacement,1766136048.8256524,1264.7512292861938,True
1581,3,241,LeftResponse,1766136049.3811014,1265.3066775798798,False
1582,3,242,FeedbackPeriodStarted,1766136049.4014888,1265.3270659446716,False
1583,3,242,startFixDisplay,1766136049.4016304,1265.3272058963776,False
1584,3,242,startFixPeriod,1766136049.5681636,1265.4937405586243,False
1585,3,242,TargetPresentation,1766136050.5882099,1266.5137867927551,False
1586,3,242,TargetDisplacement,1766136050.858695,1266.7842717170715,True
1587,3,242,RightResponse,1766136051.5321703,1267.4577457904816,False
1588,3,243,FeedbackPeriodStarted,1766136051.5525227,1267.478096961975,False
1589,3,243,startFixDisplay,1766136051.552586,1267.47815990448,False
1590,3,243,startFixPeriod,1766136051.7192652,1267.6448421478271,False
1591,3,243,TargetPresentation,1766136053.1210005,1269.0465772151947,False
1592,3,243,TargetDisplacement,1766136053.127935,1269.053512096405,True
1593,3,243,RightResponse,1766136054.8907692,1270.8163452148438,False
1594,3,244,FeedbackPeriodStarted,1766136054.911072,1270.8366487026215,False
1595,3,244,startFixDisplay,1766136054.9112136,1270.8367869853973,False
1596,3,244,startFixPeriod,1766136055.105485,1271.0310616493225,False
1597,3,244,TargetPresentation,1766136055.6120148,1271.537591934204,False
1598,3,244,TargetDisplacement,1766136055.7715392,1271.6971156597137,True
1599,3,244,RightResponse,1766136056.396394,1272.3219683170319,False
1600,3,245,FeedbackPeriodStarted,1766136056.4168622,1272.342439174652,False
1601,3,245,startFixDisplay,1766136056.4170036,1272.342579126358,False
1602,3,245,startFixPeriod,1766136056.4239252,1272.349502325058,False
1603,3,245,TargetPresentation,1766136057.4301372,1273.355714082718,False
1604,3,245,TargetDisplacement,1766136057.7005796,1273.6261558532715,True
1605,3,245,RightResponse,1766136058.9569864,1274.8825628757477,False
1606,3,246,FeedbackPeriodStarted,1766136058.9773452,1274.9029195308685,False
1607,3,246,startFixDisplay,1766136058.9774253,1274.902999162674,False
1608,3,246,startFixPeriod,1766136059.1648226,1275.090397119522,False
1609,3,246,TargetPresentation,1766136060.1778624,1276.1034393310547,False
1610,3,246,TargetDisplacement,1766136060.3304021,1276.2559762001038,True
1611,3,246,RightResponse,1766136061.0040247,1276.9296011924744,False
1612,3,246,FeedbackPeriodStarted,1766136061.0107024,1276.9362790584564,False
1613,3,247,startFixDisplay,1766136063.0228167,1278.9483935832977,False
1614,3,247,startFixPeriod,1766136063.245058,1279.1706352233887,False
1615,3,247,TargetPresentation,1766136063.8903432,1279.8159177303314,False
1616,3,247,TargetDisplacement,1766136064.0428643,1279.9684410095215,True
1617,3,247,LeftResponse,1766136064.9383264,1280.8639018535614,False
1618,3,248,FeedbackPeriodStarted,1766136064.9588583,1280.8844349384308,False
1619,3,248,startFixDisplay,1766136064.9589863,1280.8845617771149,False
1620,3,248,startFixPeriod,1766136065.1255054,1281.0510802268982,False
1621,3,248,TargetPresentation,1766136065.6875591,1281.6131346225739,False
1622,3,248,TargetRemoval,1766136065.9164183,1281.8419923782349,True
1623,3,248,TargetReappeared,1766136066.1664166,1282.0919938087463,False
1624,3,248,LeftResponse,1766136066.652439,1282.5780155658722,False
1625,3,249,FeedbackPeriodStarted,1766136066.672645,1282.5982193946838,False
1626,3,249,startFixDisplay,1766136066.6727128,1282.5982863903046,False
1627,3,249,startFixPeriod,1766136066.6797674,1282.6053440570831,False
1628,3,249,TargetPresentation,1766136067.2419374,1283.1675143241882,False
1629,3,249,TargetRemoval,1766136067.4847097,1283.410285949707,True
1630,3,249,TargetReappeared,1766136067.7345188,1283.6600954532623,False
1631,3,249,LeftResponse,1766136068.2068148,1284.1323912143707,False
1632,3,250,FeedbackPeriodStarted,1766136068.2270048,1284.1525790691376,False
1633,3,250,startFixDisplay,1766136068.2270715,1284.152645111084,False
1634,3,250,startFixPeriod,1766136068.2340322,1284.1596064567566,False
1635,3,250,TargetPresentation,1766136068.9558783,1284.8814532756805,False
1636,3,250,TargetDisplacement,1766136069.1360643,1285.0616409778595,True
1637,3,250,RightResponse,1766136069.705546,1285.631119966507,False
1638,3,251,FeedbackPeriodStarted,1766136069.7259722,1285.6515491008759,False
1639,3,251,startFixDisplay,1766136069.7261117,1285.6516873836517,False
1640,3,251,startFixPeriod,1766136069.9412796,1285.866856098175,False
1641,3,251,TargetPresentation,1766136070.6004047,1286.5259792804718,False
1642,3,251,TargetDisplacement,1766136070.7875006,1286.713074684143,True
1643,3,251,LeftResponse,1766136072.6545863,1288.5801610946655,False
1644,3,252,FeedbackPeriodStarted,1766136072.6750414,1288.6006181240082,False
1645,3,252,startFixDisplay,1766136072.6751819,1288.6007556915283,False
1646,3,252,startFixPeriod,1766136072.8556323,1288.7812094688416,False
1647,3,252,TargetPresentation,1766136073.8686492,1289.794224023819,False
1648,3,252,TargetDisplacement,1766136074.1045892,1290.0301656723022,True
1649,3,252,LeftResponse,1766136075.3052924,1291.2308676242828,False
1650,3,252,FeedbackPeriodStarted,1766136075.3189332,1291.244509935379,False
1651,3,253,startFixDisplay,1766136077.3310697,1293.256646156311,False
1652,3,253,startFixPeriod,1766136077.3380203,1293.2635943889618,False
1653,3,253,TargetPresentation,1766136078.67055,1294.5961265563965,False
1654,3,253,TargetRemoval,1766136078.816186,1294.7417600154877,True
1655,3,253,TargetReappeared,1766136079.066033,1294.9916083812714,False
1656,3,253,RightResponse,1766136079.531256,1295.456832408905,False
1657,3,254,FeedbackPeriodStarted,1766136079.5516176,1295.4771945476532,False
1658,3,254,startFixDisplay,1766136079.5517442,1295.4773194789886,False
1659,3,254,startFixPeriod,1766136079.7461252,1295.6717023849487,False
1660,3,254,TargetPresentation,1766136080.3428817,1296.2684588432312,False
1661,3,254,TargetDisplacement,1766136080.7174761,1296.6430525779724,True
1662,3,254,LeftResponse,1766136081.633618,1297.5591926574707,False
1663,3,255,FeedbackPeriodStarted,1766136081.6541815,1297.5797584056854,False
1664,3,255,startFixDisplay,1766136081.6543248,1297.57990026474,False
1665,3,255,startFixPeriod,1766136081.8209007,1297.7464776039124,False
1666,3,255,TargetPresentation,1766136083.0351727,1298.9607474803925,False
1667,3,255,TargetRemoval,1766136083.1877952,1299.11337184906,True
1668,3,255,TargetReappeared,1766136083.4376028,1299.3631777763367,False
1669,3,255,RightResponse,1766136083.8542092,1299.7797844409943,False
1670,3,256,FeedbackPeriodStarted,1766136083.881653,1299.807229757309,False
1671,3,256,startFixDisplay,1766136083.8817856,1299.807361125946,False
1672,3,256,startFixPeriod,1766136084.048246,1299.973820924759,False
1673,3,256,TargetPresentation,1766136085.359643,1301.285219669342,False
1674,3,256,TargetDisplacement,1766136086.4004378,1302.3260118961334,True
1675,3,256,LeftResponse,1766136087.10844,1303.0340139865875,False
1676,3,257,FeedbackPeriodStarted,1766136087.1290276,1303.0546045303345,False
1677,3,257,startFixDisplay,1766136087.1291704,1303.0547459125519,False
1678,3,257,startFixPeriod,1766136087.3928604,1303.318437576294,False
1679,3,257,TargetPresentation,1766136088.4268594,1304.3524360656738,False
1680,3,257,NoSaccadeMade,1766136090.4230804,1306.3486542701721,False
1681,3,258,FeedbackPeriodStarted,1766136090.4458902,1306.3714666366577,False
1682,3,258,startFixDisplay,1766136090.4460044,1306.3715782165527,False
1683,3,258,startFixPeriod,1766136090.4528,1306.3783764839172,False
1684,3,258,TargetPresentation,1766136091.6186385,1307.5442154407501,False
1685,3,258,TargetRemoval,1766136092.4303918,1308.3559658527374,True
1686,3,258,TargetReappeared,1766136092.6804023,1308.6059770584106,False
1687,3,258,RightResponse,1766136093.1385891,1309.0641646385193,False
1688,3,258,FeedbackPeriodStarted,1766136093.1522076,1309.0777821540833,False
1689,3,259,startFixDisplay,1766136095.1644425,1311.0900192260742,False
1690,3,259,startFixPeriod,1766136095.4837759,1311.409353017807,False
1691,3,259,TargetPresentation,1766136096.7119818,1312.6375563144684,False
1692,3,259,TargetRemoval,1766136096.8851883,1312.810762166977,True
1693,3,259,TargetReappeared,1766136097.13523,1313.0608069896698,False
1694,3,259,LeftResponse,1766136097.5865617,1313.5121371746063,False
1695,3,260,FeedbackPeriodStarted,1766136097.6140158,1313.5395925045013,False
1696,3,260,startFixDisplay,1766136097.6141543,1313.5397300720215,False
1697,3,260,startFixPeriod,1766136097.6209226,1313.5464987754822,False
1698,3,260,TargetPresentation,1766136098.4049478,1314.3305220603943,False
1699,3,260,TargetRemoval,1766136098.633925,1314.5595030784607,True
1700,3,260,TargetReappeared,1766136098.8838878,1314.8094627857208,False
1701,3,260,LeftResponse,1766136099.6474407,1315.573016166687,False
1702,3,261,FeedbackPeriodStarted,1766136099.6678498,1315.5934264659882,False
1703,3,261,startFixDisplay,1766136099.6679883,1315.5935635566711,False
1704,3,261,startFixPeriod,1766136099.6748047,1315.600380897522,False
1705,3,261,TargetPresentation,1766136100.695033,1316.620609998703,False
1706,3,261,TargetRemoval,1766136100.930887,1316.8564636707306,True
1707,3,261,TargetReappeared,1766136101.1807702,1317.1063468456268,False
1708,3,261,LeftResponse,1766136101.5972953,1317.5228703022003,False
1709,3,262,FeedbackPeriodStarted,1766136101.617808,1317.5433847904205,False
1710,3,262,startFixDisplay,1766136101.6179435,1317.5435192584991,False
1711,3,262,startFixPeriod,1766136101.624689,1317.5502662658691,False
1712,3,262,TargetPresentation,1766136102.360426,1318.2860033512115,False
1713,3,262,TargetDisplacement,1766136102.5128767,1318.4384534358978,True
1714,3,262,RightResponse,1766136103.7829652,1319.7085406780243,False
1715,3,263,FeedbackPeriodStarted,1766136103.8034334,1319.7290077209473,False
1716,3,263,startFixDisplay,1766136103.8034978,1319.7290713787079,False
1717,3,263,startFixPeriod,1766136103.9425051,1319.8680815696716,False
1718,3,263,TargetPresentation,1766136104.5807474,1320.5063219070435,False
1719,3,263,TargetRemoval,1766136104.8306727,1320.7562494277954,True
1720,3,263,TargetReappeared,1766136105.0804486,1321.006023645401,False
1721,3,263,LeftResponse,1766136106.461456,1322.3870306015015,False
1722,3,263,FeedbackPeriodStarted,1766136106.5029175,1322.4284942150116,False
1723,4,264,startFixDisplay,1766136149.5317917,1365.4573683738708,False
1724,4,264,startFixPeriod,1766136149.538745,1365.4643211364746,False
1725,4,264,TargetPresentation,1766136150.4202178,1366.3457951545715,False
1726,4,264,TargetDisplacement,1766136150.6975942,1366.6231706142426,True
1727,4,264,LeftResponse,1766136151.8012276,1367.7268013954163,False
1728,4,265,FeedbackPeriodStarted,1766136151.821641,1367.747215270996,False
1729,4,265,startFixDisplay,1766136151.821708,1367.7472817897797,False
1730,4,265,startFixPeriod,1766136151.995416,1367.920993089676,False
1731,4,265,TargetPresentation,1766136153.1194024,1369.0449786186218,False
1732,4,265,TargetDisplacement,1766136153.3066018,1369.2321784496307,True
1733,4,265,LeftResponse,1766136153.834397,1369.759973526001,False
1734,4,266,FeedbackPeriodStarted,1766136153.854847,1369.7804238796234,False
1735,4,266,startFixDisplay,1766136153.8549886,1369.7805643081665,False
1736,4,266,startFixPeriod,1766136154.021562,1369.947139263153,False
1737,4,266,TargetPresentation,1766136155.3121495,1371.2377264499664,False
1738,4,266,TargetDisplacement,1766136155.471618,1371.39719414711,True
1739,4,266,LeftResponse,1766136156.0063953,1371.931972026825,False
1740,4,267,FeedbackPeriodStarted,1766136156.0267084,1371.9522852897644,False
1741,4,267,startFixDisplay,1766136156.0268512,1371.9524261951447,False
1742,4,267,startFixPeriod,1766136156.1934974,1372.1190748214722,False
1743,4,267,TargetPresentation,1766136157.6437037,1373.5692808628082,False
1744,4,267,TargetRemoval,1766136157.8654516,1373.7910254001617,True
1745,4,267,TargetReappeared,1766136158.1156354,1374.0412123203278,False
1746,4,267,RightResponse,1766136158.6154296,1374.5410058498383,False
1747,4,268,FeedbackPeriodStarted,1766136158.6426256,1374.5681998729706,False
1748,4,268,startFixDisplay,1766136158.6426911,1374.568264722824,False
1749,4,268,startFixPeriod,1766136158.8094804,1374.7350552082062,False
1750,4,268,TargetPresentation,1766136159.586577,1375.512152671814,False
1751,4,268,TargetDisplacement,1766136159.8849285,1375.8105051517487,True
1752,4,268,LeftResponse,1766136160.4680429,1376.3936171531677,False
1753,4,269,FeedbackPeriodStarted,1766136160.488506,1376.414080619812,False
1754,4,269,startFixDisplay,1766136160.4885705,1376.414144039154,False
1755,4,269,startFixPeriod,1766136160.6899276,1376.6155047416687,False
1756,4,269,TargetPresentation,1766136162.1194592,1378.0450360774994,False
1757,4,269,TargetDisplacement,1766136162.341352,1378.2669286727905,True
1758,4,269,RightResponse,1766136163.382633,1379.3082082271576,False
1759,4,270,FeedbackPeriodStarted,1766136163.409947,1379.3355236053467,False
1760,4,270,startFixDisplay,1766136163.410096,1379.3356714248657,False
1761,4,270,startFixPeriod,1766136163.416956,1379.3425328731537,False
1762,4,270,TargetPresentation,1766136164.610575,1380.5361516475677,False
1763,4,270,TargetDisplacement,1766136164.7837071,1380.709281206131,True
1764,4,270,RightResponse,1766136165.8321111,1381.7576875686646,False
1765,4,270,FeedbackPeriodStarted,1766136165.8386147,1381.7641894817352,False
1766,4,271,startFixDisplay,1766136167.8508008,1383.7763772010803,False
1767,4,271,startFixPeriod,1766136168.1355689,1384.061143875122,False
1768,4,271,TargetPresentation,1766136169.245758,1385.1713347434998,False
1769,4,271,TargetRemoval,1766136169.426008,1385.3515844345093,True
1770,4,271,TargetReappeared,1766136169.6759944,1385.6015713214874,False
1771,4,271,RightResponse,1766136170.1964667,1386.1220409870148,False
1772,4,272,FeedbackPeriodStarted,1766136170.2171926,1386.1427698135376,False
1773,4,272,startFixDisplay,1766136170.2173393,1386.1429147720337,False
1774,4,272,startFixPeriod,1766136170.2240582,1386.1496348381042,False
1775,4,272,TargetPresentation,1766136171.5425344,1387.468111038208,False
1776,4,272,TargetDisplacement,1766136171.7019532,1387.6275298595428,True
1777,4,272,LeftResponse,1766136172.2922347,1388.2178101539612,False
1778,4,273,FeedbackPeriodStarted,1766136172.3126671,1388.2382435798645,False
1779,4,273,startFixDisplay,1766136172.3128057,1388.2383811473846,False
1780,4,273,startFixPeriod,1766136172.4932177,1388.4187948703766,False
1781,4,273,TargetPresentation,1766136173.277266,1389.202842950821,False
1782,4,273,TargetDisplacement,1766136173.5338879,1389.4594643115997,True
1783,4,273,RightResponse,1766136174.2696562,1390.1952307224274,False
1784,4,274,FeedbackPeriodStarted,1766136174.2901504,1390.2157247066498,False
1785,4,274,startFixDisplay,1766136174.290216,1390.2157895565033,False
1786,4,274,startFixPeriod,1766136174.2972107,1390.2227871418,False
1787,4,274,TargetPresentation,1766136175.5602393,1391.4858150482178,False
1788,4,274,TargetDisplacement,1766136175.7127757,1391.6383521556854,True
1789,4,274,LeftResponse,1766136176.3237038,1392.2492780685425,False
1790,4,275,FeedbackPeriodStarted,1766136176.3442547,1392.2698316574097,False
1791,4,275,startFixDisplay,1766136176.3444066,1392.2699825763702,False
1792,4,275,startFixPeriod,1766136176.4901276,1392.4157042503357,False
1793,4,275,TargetPresentation,1766136177.5171127,1393.4426898956299,False
1794,4,275,TargetDisplacement,1766136177.6903903,1393.6159641742706,True
1795,4,275,RightResponse,1766136178.2181926,1394.1437680721283,False
1796,4,276,FeedbackPeriodStarted,1766136178.2385154,1394.1640899181366,False
1797,4,276,startFixDisplay,1766136178.238579,1394.164152622223,False
1798,4,276,startFixPeriod,1766136178.4191868,1394.344763994217,False
1799,4,276,TargetPresentation,1766136179.4045599,1395.330135345459,False
1800,4,276,TargetDisplacement,1766136179.9455957,1395.871172428131,True
1801,4,276,RightResponse,1766136180.813409,1396.738986492157,False
1802,4,276,FeedbackPeriodStarted,1766136180.819958,1396.7455348968506,False
1803,4,277,startFixDisplay,1766136182.8321912,1398.7577676773071,False
1804,4,277,startFixPeriod,1766136182.8392243,1398.7647988796234,False
1805,4,277,TargetPresentation,1766136184.164656,1400.0902316570282,False
1806,4,277,TargetDisplacement,1766136184.3519678,1400.2775444984436,True
1807,4,277,RightResponse,1766136185.7468615,1401.6724364757538,False
1808,4,278,FeedbackPeriodStarted,1766136185.7743897,1401.6999645233154,False
1809,4,278,startFixDisplay,1766136185.7744563,1401.7000300884247,False
1810,4,278,startFixPeriod,1766136185.9202695,1401.8458449840546,False
1811,4,278,TargetPresentation,1766136187.134569,1403.06014418602,False
1812,4,278,TargetDisplacement,1766136187.328675,1403.2542514801025,True
1813,4,278,RightResponse,1766136188.8694723,1404.7950465679169,False
1814,4,279,FeedbackPeriodStarted,1766136188.8899045,1404.8154785633087,False
1815,4,279,startFixDisplay,1766136188.8899713,1404.8155448436737,False
1816,4,279,startFixPeriod,1766136189.1260946,1405.0516705513,False
1817,4,279,TargetPresentation,1766136189.8061893,1405.7317662239075,False
1818,4,279,TargetRemoval,1766136189.9655898,1405.8911662101746,True
1819,4,279,TargetReappeared,1766136190.215398,1406.140972852707,False
1820,4,279,LeftResponse,1766136190.6112952,1406.5368704795837,False
1821,4,280,FeedbackPeriodStarted,1766136190.6317093,1406.5572862625122,False
1822,4,280,startFixDisplay,1766136190.6318517,1406.557427406311,False
1823,4,280,startFixPeriod,1766136190.7706573,1406.6962344646454,False
1824,4,280,TargetPresentation,1766136192.033553,1407.9591279029846,False
1825,4,280,TargetDisplacement,1766136192.2346637,1408.1602399349213,True
1826,4,280,RightResponse,1766136192.7277243,1408.6532990932465,False
1827,4,281,FeedbackPeriodStarted,1766136192.7480354,1408.6736099720001,False
1828,4,281,startFixDisplay,1766136192.7481039,1408.673677444458,False
1829,4,281,startFixPeriod,1766136192.880146,1408.805722951889,False
1830,4,281,TargetPresentation,1766136194.149987,1410.0755641460419,False
1831,4,281,TargetRemoval,1766136194.330343,1410.255919456482,True
1832,4,281,TargetReappeared,1766136194.5802372,1410.5058126449585,False
1833,4,281,LeftResponse,1766136194.9898713,1410.9154467582703,False
1834,4,282,FeedbackPeriodStarted,1766136195.0171788,1410.9427559375763,False
1835,4,282,startFixDisplay,1766136195.0172794,1410.9428532123566,False
1836,4,282,startFixPeriod,1766136195.1977704,1411.1233472824097,False
1837,4,282,TargetPresentation,1766136196.4398727,1412.3654499053955,False
1838,4,282,TargetDisplacement,1766136196.5923676,1412.5179414749146,True
1839,4,282,RightResponse,1766136198.0430822,1413.9686584472656,False
1840,4,282,FeedbackPeriodStarted,1766136198.0497394,1413.975316286087,False
1841,4,283,startFixDisplay,1766136200.526804,1416.452380657196,False
1842,4,283,startFixPeriod,1766136200.582438,1416.5080134868622,False
1843,4,283,TargetPresentation,1766136201.658033,1417.5836100578308,False
1844,4,283,TargetDisplacement,1766136201.8244107,1417.749984741211,True
1845,4,283,RightResponse,1766136202.9698136,1418.8953895568848,False
1846,4,284,FeedbackPeriodStarted,1766136202.9970937,1418.9226689338684,False
1847,4,284,startFixDisplay,1766136202.997187,1418.92276096344,False
1848,4,284,startFixPeriod,1766136203.1499693,1419.075546503067,False
1849,4,284,TargetPresentation,1766136204.3226507,1420.2482273578644,False
1850,4,284,TargetDisplacement,1766136205.2869298,1421.2125062942505,True
1851,4,284,LeftResponse,1766136205.8702717,1421.7958481311798,False
1852,4,285,FeedbackPeriodStarted,1766136205.8907113,1421.8162863254547,False
1853,4,285,startFixDisplay,1766136205.8907952,1421.8163690567017,False
1854,4,285,startFixPeriod,1766136206.0781198,1422.0036945343018,False
1855,4,285,TargetPresentation,1766136206.834382,1422.7599565982819,False
1856,4,285,TargetRemoval,1766136207.2576025,1423.1831789016724,True
1857,4,285,TargetReappeared,1766136207.5075943,1423.433168888092,False
1858,4,285,RightResponse,1766136207.965845,1423.8914203643799,False
1859,4,286,FeedbackPeriodStarted,1766136207.9931657,1423.9187400341034,False
1860,4,286,startFixDisplay,1766136207.9932296,1423.9188032150269,False
1861,4,286,startFixPeriod,1766136208.173785,1424.0993621349335,False
1862,4,286,TargetPresentation,1766136209.4852276,1425.4108045101166,False
1863,4,286,TargetRemoval,1766136210.3109198,1426.2364964485168,True
1864,4,286,TargetReappeared,1766136210.560757,1426.486333847046,False
1865,4,286,LeftResponse,1766136211.0257514,1426.9513256549835,False
1866,4,287,FeedbackPeriodStarted,1766136211.046246,1426.9718205928802,False
1867,4,287,startFixDisplay,1766136211.04631,1426.9718835353851,False
1868,4,287,startFixPeriod,1766136211.2478173,1427.1733939647675,False
1869,4,287,TargetPresentation,1766136212.496835,1428.4224121570587,False
1870,4,287,TargetRemoval,1766136213.0239806,1428.9495570659637,True
1871,4,287,TargetReappeared,1766136213.273877,1429.199453830719,False
1872,4,287,LeftResponse,1766136213.7391622,1429.6647386550903,False
1873,4,288,FeedbackPeriodStarted,1766136213.766523,1429.692099571228,False
1874,4,288,startFixDisplay,1766136213.766663,1429.6922385692596,False
1875,4,288,startFixPeriod,1766136213.9540324,1429.8796093463898,False
1876,4,288,TargetPresentation,1766136214.509194,1430.4347698688507,False
1877,4,288,TargetDisplacement,1766136214.7518423,1430.6774184703827,True
1878,4,288,LeftResponse,1766136215.3142116,1431.2397866249084,False
1879,4,288,FeedbackPeriodStarted,1766136215.3209503,1431.2465274333954,False
1880,4,289,startFixDisplay,1766136217.333077,1433.258653640747,False
1881,4,289,startFixPeriod,1766136217.5761058,1433.5016803741455,False
1882,4,289,TargetPresentation,1766136218.3811433,1434.306720495224,False
1883,4,289,TargetDisplacement,1766136218.6099014,1434.5354778766632,True
1884,4,289,RightResponse,1766136219.1586626,1435.084238767624,False
1885,4,290,FeedbackPeriodStarted,1766136219.1858919,1435.111468553543,False
1886,4,290,startFixDisplay,1766136219.186032,1435.1116075515747,False
1887,4,290,startFixPeriod,1766136219.2693377,1435.1949145793915,False
1888,4,290,TargetPresentation,1766136220.1020305,1436.0276074409485,False
1889,4,290,TargetRemoval,1766136220.7887638,1436.7143399715424,True
1890,4,290,TargetReappeared,1766136221.0386202,1436.9641952514648,False
1891,4,290,LeftResponse,1766136221.4345343,1437.3601100444794,False
1892,4,291,FeedbackPeriodStarted,1766136221.4619691,1437.387545824051,False
1893,4,291,startFixDisplay,1766136221.4621034,1437.3876791000366,False
1894,4,291,startFixPeriod,1766136221.6147041,1437.5402812957764,False
1895,4,291,TargetPresentation,1766136222.2807498,1438.206324338913,False
1896,4,291,TargetRemoval,1766136222.440224,1438.365797996521,True
1897,4,291,TargetReappeared,1766136222.6902466,1438.615823507309,False
1898,4,291,LeftResponse,1766136223.2455819,1439.171156167984,False
1899,4,292,FeedbackPeriodStarted,1766136223.2659898,1439.1915669441223,False
1900,4,292,startFixDisplay,1766136223.2661295,1439.191704750061,False
1901,4,292,startFixPeriod,1766136223.2868502,1439.212426662445,False
1902,4,292,TargetPresentation,1766136224.0641854,1439.9897618293762,False
1903,4,292,TargetDisplacement,1766136224.3138878,1440.239464521408,True
1904,4,292,LeftResponse,1766136224.9665074,1440.8920817375183,False
1905,4,293,FeedbackPeriodStarted,1766136224.9867816,1440.9123558998108,False
1906,4,293,startFixDisplay,1766136224.9868486,1440.9124221801758,False
1907,4,293,startFixPeriod,1766136225.1396482,1441.0652227401733,False
1908,4,293,TargetPresentation,1766136226.4511676,1442.3767428398132,False
1909,4,293,TargetDisplacement,1766136226.6591854,1442.5847618579865,True
1910,4,293,LeftResponse,1766136227.2911155,1443.2166919708252,False
1911,4,294,FeedbackPeriodStarted,1766136227.311357,1443.2369315624237,False
1912,4,294,startFixDisplay,1766136227.3114405,1443.2370142936707,False
1913,4,294,startFixPeriod,1766136227.4573455,1443.3829216957092,False
1914,4,294,TargetPresentation,1766136228.0958142,1444.021390914917,False
1915,4,294,TargetDisplacement,1766136228.3314116,1444.2569856643677,True
1916,4,294,LeftResponse,1766136228.8940399,1444.819616317749,False
1917,4,294,FeedbackPeriodStarted,1766136228.9005928,1444.8261697292328,False
1918,4,295,startFixDisplay,1766136230.9127762,1446.8383526802063,False
1919,4,295,startFixPeriod,1766136230.9197488,1446.8453252315521,False
1920,4,295,TargetPresentation,1766136231.9884338,1447.914011001587,False
1921,4,295,TargetDisplacement,1766136232.1824975,1448.1080713272095,True
1922,4,295,RightResponse,1766136232.835432,1448.7610087394714,False
1923,4,296,FeedbackPeriodStarted,1766136232.8556488,1448.7812230587006,False
1924,4,296,startFixDisplay,1766136232.8557158,1448.7812895774841,False
1925,4,296,startFixPeriod,1766136232.9530783,1448.8786551952362,False
1926,4,296,TargetPresentation,1766136233.5498052,1449.4753820896149,False
1927,4,296,TargetRemoval,1766136233.7231617,1449.6487381458282,True
1928,4,296,TargetReappeared,1766136233.9731658,1449.898742198944,False
1929,4,296,RightResponse,1766136234.9376895,1450.8632645606995,False
1930,4,297,FeedbackPeriodStarted,1766136234.9581745,1450.8837487697601,False
1931,4,297,startFixDisplay,1766136234.9582415,1450.8838152885437,False
1932,4,297,startFixPeriod,1766136234.9651532,1450.890727519989,False
1933,4,297,TargetPresentation,1766136236.4017859,1452.3273627758026,False
1934,4,297,TargetRemoval,1766136236.5889869,1452.51456284523,True
1935,4,297,TargetReappeared,1766136236.8389797,1452.7645568847656,False
1936,4,297,LeftResponse,1766136237.2277393,1453.1533148288727,False
1937,4,298,FeedbackPeriodStarted,1766136237.255077,1453.180653333664,False
1938,4,298,startFixDisplay,1766136237.2552168,1453.1807923316956,False
1939,4,298,startFixPeriod,1766136237.5466409,1453.4722166061401,False
1940,4,298,TargetPresentation,1766136238.6083229,1454.5338995456696,False
1941,4,298,TargetDisplacement,1766136239.558928,1455.484504699707,True
1942,4,298,RightResponse,1766136240.1906073,1456.1161816120148,False
1943,4,299,FeedbackPeriodStarted,1766136240.2111719,1456.1367614269257,False
1944,4,299,startFixDisplay,1766136240.2112517,1456.1368253231049,False
1945,4,299,startFixPeriod,1766136240.3778439,1456.3034210205078,False
1946,4,299,TargetPresentation,1766136241.5295904,1457.4551668167114,False
1947,4,299,TargetDisplacement,1766136241.8071866,1457.7327635288239,True
1948,4,299,LeftResponse,1766136242.8204658,1458.7460415363312,False
1949,4,300,FeedbackPeriodStarted,1766136242.8408942,1458.7664685249329,False
1950,4,300,startFixDisplay,1766136242.8409574,1458.7665312290192,False
1951,4,300,startFixPeriod,1766136243.0491545,1458.9747292995453,False
1952,4,300,TargetPresentation,1766136243.9443424,1459.8699190616608,False
1953,4,300,TargetDisplacement,1766136244.5549474,1460.4805238246918,True
1954,4,300,RightResponse,1766136245.4642603,1461.3898346424103,False
1955,4,300,FeedbackPeriodStarted,1766136245.4710078,1461.396582365036,False
1956,4,301,startFixDisplay,1766136247.4832516,1463.4088282585144,False
1957,4,301,startFixPeriod,1766136247.6984813,1463.6240561008453,False
1958,4,301,TargetPresentation,1766136248.3508086,1464.2763855457306,False
1959,4,301,TargetDisplacement,1766136248.5241861,1464.4497730731964,True
1960,4,301,RightResponse,1766136249.7596881,1465.6852633953094,False
1961,4,302,FeedbackPeriodStarted,1766136249.7800725,1465.7056493759155,False
1962,4,302,startFixDisplay,1766136249.7801998,1465.7057733535767,False
1963,4,302,startFixPeriod,1766136249.9467711,1465.8723466396332,False
1964,4,302,TargetPresentation,1766136250.7655408,1466.6911182403564,False
1965,4,302,TargetRemoval,1766136251.1748233,1467.1003992557526,True
1966,4,302,TargetReappeared,1766136251.4247692,1467.3503460884094,False
1967,4,302,LeftResponse,1766136251.8343654,1467.7599408626556,False
1968,4,303,FeedbackPeriodStarted,1766136251.8548157,1467.780392408371,False
1969,4,303,startFixDisplay,1766136251.8549573,1467.7805325984955,False
1970,4,303,startFixPeriod,1766136252.1186435,1468.044219493866,False
1971,4,303,TargetPresentation,1766136253.1595123,1469.0850868225098,False
1972,4,303,TargetRemoval,1766136253.3190002,1469.2445769309998,True
1973,4,303,TargetReappeared,1766136253.5689096,1469.4944865703583,False
1974,4,303,LeftResponse,1766136253.9853442,1469.9109182357788,False
1975,4,304,FeedbackPeriodStarted,1766136254.0059204,1469.9314975738525,False
1976,4,304,startFixDisplay,1766136254.0060647,1469.9316401481628,False
1977,4,304,startFixPeriod,1766136254.1586833,1470.0842604637146,False
1978,4,304,TargetPresentation,1766136255.1857185,1471.1112954616547,False
1979,4,304,TargetRemoval,1766136255.7545836,1471.6801598072052,True
1980,4,304,TargetReappeared,1766136256.00448,1471.9300558567047,False
1981,4,304,LeftResponse,1766136256.4627683,1472.3883438110352,False
1982,4,305,FeedbackPeriodStarted,1766136256.4830933,1472.408667564392,False
1983,4,305,startFixDisplay,1766136256.4831579,1472.4087314605713,False
1984,4,305,startFixPeriod,1766136256.6428607,1472.5684373378754,False
1985,4,305,TargetPresentation,1766136257.218814,1473.1443905830383,False
1986,4,305,TargetDisplacement,1766136257.4545712,1473.3801476955414,True
1987,4,305,LeftResponse,1766136258.1557426,1474.0813176631927,False
1988,4,306,FeedbackPeriodStarted,1766136258.1831982,1474.1087725162506,False
1989,4,306,startFixDisplay,1766136258.1832526,1474.1088371276855,False
1990,4,306,startFixPeriod,1766136258.3429565,1474.2685334682465,False
1991,4,306,TargetPresentation,1766136258.9951766,1474.9207508563995,False
1992,4,306,TargetDisplacement,1766136259.307306,1475.2328798770905,True
1993,4,306,RightResponse,1766136259.9459305,1475.871505022049,False
1994,4,306,FeedbackPeriodStarted,1766136259.952784,1475.8783612251282,False
1995,4,307,startFixDisplay,1766136261.9649525,1477.8905289173126,False
1996,4,307,startFixPeriod,1766136262.0275712,1477.9531481266022,False
1997,4,307,TargetPresentation,1766136262.9504027,1478.8759791851044,False
1998,4,307,TargetDisplacement,1766136263.1029847,1479.028561115265,True
1999,4,307,LeftResponse,1766136264.116446,1480.0420203208923,False
2000,4,308,FeedbackPeriodStarted,1766136264.143902,1480.0694789886475,False
2001,4,308,startFixDisplay,1766136264.144047,1480.069622516632,False
2002,4,308,startFixPeriod,1766136264.3035958,1480.2291712760925,False
2003,4,308,TargetPresentation,1766136265.4208393,1481.3464164733887,False
2004,4,308,TargetDisplacement,1766136265.9064138,1481.8319923877716,True
2005,4,308,LeftResponse,1766136266.7672882,1482.6928646564484,False
2006,4,309,FeedbackPeriodStarted,1766136266.787592,1482.713166475296,False
2007,4,309,startFixDisplay,1766136266.7876594,1482.7132332324982,False
2008,4,309,startFixPeriod,1766136267.0028496,1482.928426027298,False
2009,4,309,TargetPresentation,1766136268.1964617,1484.1220371723175,False
2010,4,309,TargetDisplacement,1766136268.3767726,1484.3023490905762,True
2011,4,309,RightResponse,1766136270.014806,1485.9403817653656,False
2012,4,310,FeedbackPeriodStarted,1766136270.0421543,1485.9677317142487,False
2013,4,310,startFixDisplay,1766136270.0422964,1485.9678719043732,False
2014,4,310,startFixPeriod,1766136270.2572134,1486.1827881336212,False
2015,4,310,TargetPresentation,1766136271.6521308,1487.577707529068,False
2016,4,310,TargetDisplacement,1766136271.8391712,1487.764744758606,True
2017,4,310,RightResponse,1766136272.471273,1488.396849155426,False
2018,4,311,FeedbackPeriodStarted,1766136272.4984357,1488.4240100383759,False
2019,4,311,startFixDisplay,1766136272.4985008,1488.4240746498108,False
2020,4,311,startFixPeriod,1766136272.623551,1488.5491263866425,False
2021,4,311,TargetPresentation,1766136273.9420135,1489.8675906658173,False
2022,4,311,TargetDisplacement,1766136274.1014206,1490.0269947052002,True
2023,4,311,LeftResponse,1766136274.6429217,1490.5684967041016,False
2024,4,312,FeedbackPeriodStarted,1766136274.663434,1490.5890085697174,False
2025,4,312,startFixDisplay,1766136274.6635053,1490.5890791416168,False
2026,4,312,startFixPeriod,1766136274.8302064,1490.7557835578918,False
2027,4,312,TargetPresentation,1766136276.1694157,1492.0949931144714,False
2028,4,312,TargetDisplacement,1766136276.412103,1492.3376791477203,True
2029,4,312,RightResponse,1766136277.5296896,1493.4552655220032,False
2030,4,312,FeedbackPeriodStarted,1766136277.53625,1493.4618270397186,False
2031,4,313,startFixDisplay,1766136279.548537,1495.474113702774,False
2032,4,313,startFixPeriod,1766136279.7706888,1495.696263551712,False
2033,4,313,TargetPresentation,1766136280.735271,1496.6608459949493,False
2034,4,313,TargetDisplacement,1766136280.9017792,1496.8273556232452,True
2035,4,313,LeftResponse,1766136282.0608997,1497.986475944519,False
2036,4,314,FeedbackPeriodStarted,1766136282.0882077,1498.013784646988,False
2037,4,314,startFixDisplay,1766136282.0882986,1498.0138721466064,False
2038,4,314,startFixPeriod,1766136282.2340603,1498.159635066986,False
2039,4,314,TargetPresentation,1766136283.0390837,1498.9646606445312,False
2040,4,314,TargetRemoval,1766136283.26101,1499.1865863800049,True
2041,4,314,TargetReappeared,1766136283.5109396,1499.4365174770355,False
2042,4,314,RightResponse,1766136283.9552932,1499.8808698654175,False
2043,4,315,FeedbackPeriodStarted,1766136283.9756384,1499.9012150764465,False
2044,4,315,startFixDisplay,1766136283.9757793,1499.9013545513153,False
2045,4,315,startFixPeriod,1766136284.1422765,1500.0678534507751,False
2046,4,315,TargetPresentation,1766136284.6488829,1500.5744597911835,False
2047,4,315,TargetDisplacement,1766136284.8708763,1500.7964532375336,True
2048,4,315,LeftResponse,1766136285.4192598,1501.3448340892792,False
2049,4,316,FeedbackPeriodStarted,1766136285.4398491,1501.3654260635376,False
2050,4,316,startFixDisplay,1766136285.4399915,1501.3655669689178,False
2051,4,316,startFixPeriod,1766136285.5926735,1501.518250465393,False
2052,4,316,TargetPresentation,1766136286.7790544,1502.704628944397,False
2053,4,316,TargetRemoval,1766136286.952442,1502.878015756607,True
2054,4,316,TargetReappeared,1766136287.2025173,1503.1280930042267,False
2055,4,316,RightResponse,1766136288.354526,1504.280101776123,False
2056,4,317,FeedbackPeriodStarted,1766136288.3748856,1504.3004603385925,False
2057,4,317,startFixDisplay,1766136288.37495,1504.3005237579346,False
2058,4,317,startFixPeriod,1766136288.3819287,1504.3075053691864,False
2059,4,317,TargetPresentation,1766136289.3673575,1505.2929320335388,False
2060,4,317,TargetDisplacement,1766136290.2345643,1506.1601383686066,True
2061,4,317,LeftResponse,1766136290.9774933,1506.9030675888062,False
2062,4,318,FeedbackPeriodStarted,1766136290.997943,1506.9235196113586,False
2063,4,318,startFixDisplay,1766136290.9980848,1506.9236600399017,False
2064,4,318,startFixPeriod,1766136291.1646874,1507.0902643203735,False
2065,4,318,TargetPresentation,1766136291.7753196,1507.7008955478668,False
2066,4,318,TargetDisplacement,1766136291.9346848,1507.8602612018585,True
2067,4,318,LeftResponse,1766136293.0037632,1508.929337978363,False
2068,4,318,FeedbackPeriodStarted,1766136293.0103295,1508.9359040260315,False
2069,4,319,startFixDisplay,1766136295.0225568,1510.948133468628,False
2070,4,319,startFixPeriod,1766136295.0294943,1510.955069065094,False
2071,4,319,TargetPresentation,1766136296.3619225,1512.2874991893768,False
2072,4,319,TargetDisplacement,1766136296.521465,1512.4470417499542,True
2073,4,319,RightResponse,1766136297.7984173,1513.7239923477173,False
2074,4,320,FeedbackPeriodStarted,1766136297.819169,1513.744743347168,False
2075,4,320,startFixDisplay,1766136297.8192363,1513.7448103427887,False
2076,4,320,startFixPeriod,1766136297.9647694,1513.890346288681,False
2077,4,320,TargetPresentation,1766136298.721256,1514.646831035614,False
2078,4,320,TargetDisplacement,1766136298.9015067,1514.827083349228,True
2079,4,320,RightResponse,1766136299.4292886,1515.3548645973206,False
2080,4,321,FeedbackPeriodStarted,1766136299.4496515,1515.3752279281616,False
2081,4,321,startFixDisplay,1766136299.4497766,1515.3753519058228,False
2082,4,321,startFixPeriod,1766136299.6025612,1515.5281360149384,False
2083,4,321,TargetPresentation,1766136300.3728065,1516.2983837127686,False
2084,4,321,TargetDisplacement,1766136300.5323055,1516.4578819274902,True
2085,4,321,RightResponse,1766136301.948215,1517.873791217804,False
2086,4,322,FeedbackPeriodStarted,1766136301.9685245,1517.894098997116,False
2087,4,322,startFixDisplay,1766136301.9685924,1517.8941662311554,False
2088,4,322,startFixPeriod,1766136302.2324657,1518.1580426692963,False
2089,4,322,TargetPresentation,1766136303.238653,1519.1642298698425,False
2090,4,322,TargetRemoval,1766136303.3911946,1519.3167712688446,True
2091,4,322,TargetReappeared,1766136303.6409798,1519.5665566921234,False
2092,4,322,RightResponse,1766136304.1061046,1520.0316786766052,False
2093,4,323,FeedbackPeriodStarted,1766136304.1266277,1520.0522043704987,False
2094,4,323,startFixDisplay,1766136304.1267576,1520.0523331165314,False
2095,4,323,startFixPeriod,1766136304.3210206,1520.246597290039,False
2096,4,323,TargetPresentation,1766136304.9456575,1520.8712348937988,False
2097,4,323,TargetDisplacement,1766136305.0981622,1521.023738861084,True
2098,4,323,RightResponse,1766136306.1672373,1522.0928134918213,False
2099,4,324,FeedbackPeriodStarted,1766136306.1875207,1522.1130979061127,False
2100,4,324,startFixDisplay,1766136306.1876624,1522.1132380962372,False
2101,4,324,startFixPeriod,1766136306.340334,1522.2659108638763,False
2102,4,324,TargetPresentation,1766136307.0411808,1522.966757774353,False
2103,4,324,TargetDisplacement,1766136307.2075315,1523.133108139038,True
2104,4,324,LeftResponse,1766136308.0060499,1523.9316260814667,False
2105,4,324,FeedbackPeriodStarted,1766136308.0124493,1523.9380259513855,False
2106,4,325,startFixDisplay,1766136310.0247626,1525.9503395557404,False
2107,4,325,startFixPeriod,1766136310.031678,1525.9572546482086,False
2108,4,325,TargetPresentation,1766136310.8368702,1526.7624471187592,False
2109,4,325,TargetDisplacement,1766136311.010175,1526.9357511997223,True
2110,4,325,RightResponse,1766136312.072354,1527.9979286193848,False
2111,4,326,FeedbackPeriodStarted,1766136312.0925887,1528.0181629657745,False
2112,4,326,startFixDisplay,1766136312.0926538,1528.0182275772095,False
2113,4,326,startFixPeriod,1766136312.2454147,1528.1709895133972,False
2114,4,326,TargetPresentation,1766136312.911658,1528.837235212326,False
2115,4,326,TargetDisplacement,1766136313.0570858,1528.9826617240906,True
2116,4,326,LeftResponse,1766136313.7445645,1529.670138835907,False
2117,4,327,FeedbackPeriodStarted,1766136313.7648175,1529.690391778946,False
2118,4,327,startFixDisplay,1766136313.7648842,1529.690458059311,False
2119,4,327,startFixPeriod,1766136313.938589,1529.86416554451,False
2120,4,327,TargetPresentation,1766136314.8336663,1530.7592415809631,False
2121,4,327,TargetDisplacement,1766136315.027826,1530.9534022808075,True
2122,4,327,RightResponse,1766136315.590313,1531.51588845253,False
2123,4,328,FeedbackPeriodStarted,1766136315.6176386,1531.5432150363922,False
2124,4,328,startFixDisplay,1766136315.617778,1531.5433537960052,False
2125,4,328,startFixPeriod,1766136315.798244,1531.7238211631775,False
2126,4,328,TargetPresentation,1766136316.3115804,1532.237155675888,False
2127,4,328,TargetDisplacement,1766136316.4642055,1532.3897819519043,True
2128,4,328,RightResponse,1766136317.449933,1533.3755085468292,False
2129,4,329,FeedbackPeriodStarted,1766136317.4702694,1533.395843744278,False
2130,4,329,startFixDisplay,1766136317.470337,1533.3959107398987,False
2131,4,329,startFixPeriod,1766136317.6301863,1533.5557634830475,False
2132,4,329,TargetPresentation,1766136318.6502254,1534.5758023262024,False
2133,4,329,TargetDisplacement,1766136318.8234813,1534.7490673065186,True
2134,4,329,LeftResponse,1766136319.420674,1535.3462498188019,False
2135,4,329,FeedbackPeriodStarted,1766136319.4619284,1535.3875052928925,False
2136,5,330,startFixDisplay,1766136359.3959894,1575.3215658664703,False
2137,5,330,startFixPeriod,1766136359.4029176,1575.3284916877747,False
2138,5,330,TargetPresentation,1766136360.881051,1576.806628227234,False
2139,5,330,TargetDisplacement,1766136361.0682712,1576.993844985962,True
2140,5,330,RightResponse,1766136361.7280233,1577.6535997390747,False
2141,5,331,FeedbackPeriodStarted,1766136361.7553287,1577.6809031963348,False
2142,5,331,startFixDisplay,1766136361.7553906,1577.680964231491,False
2143,5,331,startFixPeriod,1766136361.8248029,1577.7503786087036,False
2144,5,331,TargetPresentation,1766136363.2958531,1579.2214295864105,False
2145,5,331,TargetRemoval,1766136363.4830134,1579.4085874557495,True
2146,5,331,TargetReappeared,1766136363.7329414,1579.6585178375244,False
2147,5,331,LeftResponse,1766136364.4203143,1580.3458907604218,False
2148,5,332,FeedbackPeriodStarted,1766136364.4406736,1580.3662478923798,False
2149,5,332,startFixDisplay,1766136364.4407423,1580.3663160800934,False
2150,5,332,startFixPeriod,1766136364.5935497,1580.5191249847412,False
2151,5,332,TargetPresentation,1766136365.2804198,1581.205994129181,False
2152,5,332,TargetDisplacement,1766136365.5370145,1581.4625885486603,True
2153,5,332,RightResponse,1766136366.5642438,1582.489818096161,False
2154,5,333,FeedbackPeriodStarted,1766136366.584883,1582.5104596614838,False
2155,5,333,startFixDisplay,1766136366.5850134,1582.5105891227722,False
2156,5,333,startFixPeriod,1766136366.7169247,1582.6425001621246,False
2157,5,333,TargetPresentation,1766136368.08384,1584.0094153881073,False
2158,5,333,TargetRemoval,1766136368.2432463,1584.1688203811646,True
2159,5,333,TargetReappeared,1766136368.4930851,1584.4186596870422,False
2160,5,333,LeftResponse,1766136368.9166827,1584.8422574996948,False
2161,5,334,FeedbackPeriodStarted,1766136368.9370785,1584.862652540207,False
2162,5,334,startFixDisplay,1766136368.9371424,1584.862715959549,False
2163,5,334,startFixPeriod,1766136369.062243,1584.9878199100494,False
2164,5,334,TargetPresentation,1766136370.4015696,1586.3271448612213,False
2165,5,334,TargetRemoval,1766136371.1646667,1587.09024310112,True
2166,5,334,TargetReappeared,1766136371.4146163,1587.3401925563812,False
2167,5,334,LeftResponse,1766136372.303161,1588.2287373542786,False
2168,5,335,FeedbackPeriodStarted,1766136372.3303134,1588.255887746811,False
2169,5,335,startFixDisplay,1766136372.3303967,1588.2559704780579,False
2170,5,335,startFixPeriod,1766136372.4832761,1588.4088530540466,False
2171,5,335,TargetPresentation,1766136373.3159573,1589.2415344715118,False
2172,5,335,TargetRemoval,1766136373.4822702,1589.4078464508057,True
2173,5,335,TargetReappeared,1766136373.7322989,1589.657875776291,False
2174,5,335,LeftResponse,1766136374.1558723,1590.0814485549927,False
2175,5,336,FeedbackPeriodStarted,1766136374.1831841,1590.1087610721588,False
2176,5,336,startFixDisplay,1766136374.1833327,1590.1089084148407,False
2177,5,336,startFixPeriod,1766136374.3775873,1590.3031618595123,False
2178,5,336,TargetPresentation,1766136374.8771553,1590.8027322292328,False
2179,5,336,TargetDisplacement,1766136375.0991066,1591.0246827602386,True
2180,5,336,LeftResponse,1766136375.7935143,1591.7190895080566,False
2181,5,336,FeedbackPeriodStarted,1766136375.8070343,1591.7326111793518,False
2182,5,337,startFixDisplay,1766136377.8260567,1593.7516331672668,False
2183,5,337,startFixPeriod,1766136378.0275662,1593.9531424045563,False
2184,5,337,TargetPresentation,1766136378.693527,1594.619101524353,False
2185,5,337,TargetRemoval,1766136378.846116,1594.771692276001,True
2186,5,337,TargetReappeared,1766136379.0961795,1595.0217566490173,False
2187,5,337,RightResponse,1766136380.0126138,1595.9381890296936,False
2188,5,338,FeedbackPeriodStarted,1766136380.0396254,1595.9652020931244,False
2189,5,338,startFixDisplay,1766136380.0397646,1595.9653403759003,False
2190,5,338,startFixPeriod,1766136380.2064588,1596.1320352554321,False
2191,5,338,TargetPresentation,1766136380.9974186,1596.9229936599731,False
2192,5,338,TargetDisplacement,1766136381.1568232,1597.0823993682861,True
2193,5,338,RightResponse,1766136381.872045,1597.7976214885712,False
2194,5,339,FeedbackPeriodStarted,1766136381.8924015,1597.8179788589478,False
2195,5,339,startFixDisplay,1766136381.8925524,1597.8181278705597,False
2196,5,339,startFixPeriod,1766136381.8991876,1597.8247616291046,False
2197,5,339,TargetPresentation,1766136383.301201,1599.2267780303955,False
2198,5,339,TargetRemoval,1766136383.6618023,1599.587378501892,True
2199,5,339,TargetReappeared,1766136383.9116564,1599.8372337818146,False
2200,5,339,LeftResponse,1766136384.356208,1600.2817842960358,False
2201,5,340,FeedbackPeriodStarted,1766136384.3765583,1600.3021349906921,False
2202,5,340,startFixDisplay,1766136384.3767014,1600.3022768497467,False
2203,5,340,startFixPeriod,1766136384.4460926,1600.371669769287,False
2204,5,340,TargetPresentation,1766136385.2856927,1601.211267709732,False
2205,5,340,TargetRemoval,1766136385.4522417,1601.3778183460236,True
2206,5,340,TargetReappeared,1766136385.7020655,1601.6276404857635,False
2207,5,340,RightResponse,1766136386.0977278,1602.0233018398285,False
2208,5,341,FeedbackPeriodStarted,1766136386.1182344,1602.0438084602356,False
2209,5,341,startFixDisplay,1766136386.1183016,1602.0438754558563,False
2210,5,341,startFixPeriod,1766136386.3057587,1602.2313356399536,False
2211,5,341,TargetPresentation,1766136387.3813112,1603.3068878650665,False
2212,5,341,TargetDisplacement,1766136387.5477138,1603.4732899665833,True
2213,5,341,LeftResponse,1766136388.1724856,1604.098060131073,False
2214,5,342,FeedbackPeriodStarted,1766136388.193041,1604.118617773056,False
2215,5,342,startFixDisplay,1766136388.1931868,1604.1187624931335,False
2216,5,342,startFixPeriod,1766136388.3527498,1604.2783243656158,False
2217,5,342,TargetPresentation,1766136389.3936012,1605.319176197052,False
2218,5,342,TargetDisplacement,1766136389.6015246,1605.5270981788635,True
2219,5,342,LeftResponse,1766136390.233611,1606.1591851711273,False
2220,5,342,FeedbackPeriodStarted,1766136390.24016,1606.1657345294952,False
2221,5,343,startFixDisplay,1766136392.2523162,1608.177892923355,False
2222,5,343,startFixPeriod,1766136392.5715876,1608.497162103653,False
2223,5,343,TargetPresentation,1766136393.6126983,1609.5382761955261,False
2224,5,343,TargetRemoval,1766136393.7651598,1609.690733909607,True
2225,5,343,TargetReappeared,1766136394.0151114,1609.940688610077,False
2226,5,343,LeftResponse,1766136394.4594982,1610.385074853897,False
2227,5,344,FeedbackPeriodStarted,1766136394.4799788,1610.4055533409119,False
2228,5,344,startFixDisplay,1766136394.480051,1610.405624628067,False
2229,5,344,startFixPeriod,1766136394.6116939,1610.5372684001923,False
2230,5,344,TargetPresentation,1766136395.1322227,1611.0577998161316,False
2231,5,344,TargetRemoval,1766136395.367961,1611.2935371398926,True
2232,5,344,TargetReappeared,1766136395.6180341,1611.543611049652,False
2233,5,344,RightResponse,1766136396.0207381,1611.9463143348694,False
2234,5,345,FeedbackPeriodStarted,1766136396.0480187,1611.9735951423645,False
2235,5,345,startFixDisplay,1766136396.048158,1611.9737334251404,False
2236,5,345,startFixPeriod,1766136396.0549219,1611.980498790741,False
2237,5,345,TargetPresentation,1766136397.4914494,1613.4170246124268,False
2238,5,345,TargetDisplacement,1766136397.6580296,1613.583606004715,True
2239,5,345,RightResponse,1766136398.657659,1614.5832345485687,False
2240,5,346,FeedbackPeriodStarted,1766136398.6848493,1614.6104259490967,False
2241,5,346,startFixDisplay,1766136398.6849792,1614.6105546951294,False
2242,5,346,startFixPeriod,1766136398.7682955,1614.6938724517822,False
2243,5,346,TargetPresentation,1766136399.3510902,1615.2766654491425,False
2244,5,346,TargetRemoval,1766136399.4966257,1615.4221997261047,True
2245,5,346,TargetReappeared,1766136399.7466612,1615.6722357273102,False
2246,5,346,RightResponse,1766136400.1563144,1616.0818891525269,False
2247,5,347,FeedbackPeriodStarted,1766136400.1836529,1616.1092295646667,False
2248,5,347,startFixDisplay,1766136400.1837904,1616.109365940094,False
2249,5,347,startFixPeriod,1766136400.1906462,1616.1162223815918,False
2250,5,347,TargetPresentation,1766136401.3496413,1617.2752180099487,False
2251,5,347,TargetDisplacement,1766136401.5368361,1617.462412595749,True
2252,5,347,LeftResponse,1766136402.8348804,1618.7604565620422,False
2253,5,348,FeedbackPeriodStarted,1766136402.8550816,1618.7806558609009,False
2254,5,348,startFixDisplay,1766136402.855144,1618.7807173728943,False
2255,5,348,startFixPeriod,1766136403.0357552,1618.9613301753998,False
2256,5,348,TargetPresentation,1766136404.298683,1620.2242579460144,False
2257,5,348,TargetDisplacement,1766136404.4860156,1620.411592245102,True
2258,5,348,RightResponse,1766136404.9786904,1620.9042642116547,False
2259,5,348,FeedbackPeriodStarted,1766136404.9855855,1620.9111597537994,False
2260,5,349,startFixDisplay,1766136406.997717,1622.923291683197,False
2261,5,349,startFixPeriod,1766136407.0744002,1622.9999778270721,False
2262,5,349,TargetPresentation,1766136408.0180814,1623.9436585903168,False
2263,5,349,TargetRemoval,1766136408.0250208,1623.95059800148,True
2264,5,349,TargetReappeared,1766136408.2748578,1624.2004346847534,False
2265,5,349,LeftResponse,1766136409.8432996,1625.7688760757446,False
2266,5,350,FeedbackPeriodStarted,1766136409.8705611,1625.796135187149,False
2267,5,350,startFixDisplay,1766136409.8706243,1625.796198129654,False
2268,5,350,startFixPeriod,1766136410.0512176,1625.976794719696,False
2269,5,350,TargetPresentation,1766136410.876757,1626.802333831787,False
2270,5,350,TargetDisplacement,1766136411.0779042,1627.0034804344177,True
2271,5,350,LeftResponse,1766136411.820828,1627.7464034557343,False
2272,5,351,FeedbackPeriodStarted,1766136411.8411386,1627.766713142395,False
2273,5,351,startFixDisplay,1766136411.8412023,1627.7667758464813,False
2274,5,351,startFixPeriod,1766136412.0426514,1627.968227148056,False
2275,5,351,TargetPresentation,1766136413.4305706,1629.3561470508575,False
2276,5,351,TargetRemoval,1766136413.583075,1629.5086517333984,True
2277,5,351,TargetReappeared,1766136413.8329172,1629.7584943771362,False
2278,5,351,RightResponse,1766136414.2912114,1630.2167875766754,False
2279,5,352,FeedbackPeriodStarted,1766136414.311469,1630.2370431423187,False
2280,5,352,startFixDisplay,1766136414.3115327,1630.2371065616608,False
2281,5,352,startFixPeriod,1766136414.4643207,1630.3898980617523,False
2282,5,352,TargetPresentation,1766136415.2901375,1631.215714931488,False
2283,5,352,TargetDisplacement,1766136415.5189538,1631.444530248642,True
2284,5,352,LeftResponse,1766136416.5811143,1632.506690979004,False
2285,5,353,FeedbackPeriodStarted,1766136416.608358,1632.5339345932007,False
2286,5,353,startFixDisplay,1766136416.6085274,1632.534103155136,False
2287,5,353,startFixPeriod,1766136416.7680042,1632.69358086586,False
2288,5,353,TargetPresentation,1766136418.0727284,1633.9983050823212,False
2289,5,353,TargetRemoval,1766136418.322323,1634.2478995323181,True
2290,5,353,TargetReappeared,1766136418.5722823,1634.4978585243225,False
2291,5,353,RightResponse,1766136419.8354738,1635.761048078537,False
2292,5,354,FeedbackPeriodStarted,1766136419.8629398,1635.7885167598724,False
2293,5,354,startFixDisplay,1766136419.8630838,1635.7886593341827,False
2294,5,354,startFixPeriod,1766136419.9114878,1635.8370645046234,False
2295,5,354,TargetPresentation,1766136421.153661,1637.0792379379272,False
2296,5,354,TargetDisplacement,1766136421.3270187,1637.252595424652,True
2297,5,354,LeftResponse,1766136422.4445798,1638.370154619217,False
2298,5,354,FeedbackPeriodStarted,1766136422.451067,1638.3766436576843,False
2299,5,355,startFixDisplay,1766136424.5535474,1640.4791235923767,False
2300,5,355,startFixPeriod,1766136424.5604613,1640.4860353469849,False
2301,5,355,TargetPresentation,1766136425.1157618,1641.0413360595703,False
2302,5,355,TargetDisplacement,1766136425.2752016,1641.2007756233215,True
2303,5,355,RightResponse,1766136426.3650851,1642.29066157341,False
2304,5,356,FeedbackPeriodStarted,1766136426.3855376,1642.3111145496368,False
2305,5,356,startFixDisplay,1766136426.385691,1642.3112661838531,False
2306,5,356,startFixPeriod,1766136426.5522203,1642.4777975082397,False
2307,5,356,TargetPresentation,1766136428.0372055,1643.9627828598022,False
2308,5,356,TargetRemoval,1766136428.2104452,1644.1360216140747,True
2309,5,356,TargetReappeared,1766136428.4604628,1644.3860394954681,False
2310,5,356,RightResponse,1766136429.0436575,1644.9692332744598,False
2311,5,357,FeedbackPeriodStarted,1766136429.0639005,1644.9894750118256,False
2312,5,357,startFixDisplay,1766136429.0639737,1644.9895474910736,False
2313,5,357,startFixPeriod,1766136429.2237825,1645.1493594646454,False
2314,5,357,TargetPresentation,1766136429.9176128,1645.8431894779205,False
2315,5,357,TargetRemoval,1766136430.0979793,1646.0235562324524,True
2316,5,357,TargetReappeared,1766136430.3477018,1646.2732784748077,False
2317,5,357,LeftResponse,1766136431.3404677,1647.2660434246063,False
2318,5,358,FeedbackPeriodStarted,1766136431.3677015,1647.2932782173157,False
2319,5,358,startFixDisplay,1766136431.3678422,1647.2934176921844,False
2320,5,358,startFixPeriod,1766136431.6037939,1647.5293707847595,False
2321,5,358,TargetPresentation,1766136432.2214687,1648.147045135498,False
2322,5,358,TargetRemoval,1766136432.408519,1648.3340928554535,True
2323,5,358,TargetReappeared,1766136432.6585767,1648.5841538906097,False
2324,5,358,RightResponse,1766136433.1514585,1649.0770337581635,False
2325,5,359,FeedbackPeriodStarted,1766136433.1786842,1649.1042585372925,False
2326,5,359,startFixDisplay,1766136433.1787484,1649.104322195053,False
2327,5,359,startFixPeriod,1766136433.3385832,1649.2641599178314,False
2328,5,359,TargetPresentation,1766136433.8521237,1649.77769947052,False
2329,5,359,TargetRemoval,1766136434.0253146,1649.950888633728,True
2330,5,359,TargetReappeared,1766136434.2752824,1650.2008593082428,False
2331,5,359,LeftResponse,1766136434.8793485,1650.8049247264862,False
2332,5,360,FeedbackPeriodStarted,1766136434.9066272,1650.8322041034698,False
2333,5,360,startFixDisplay,1766136434.9067683,1650.8323440551758,False
2334,5,360,startFixPeriod,1766136434.913474,1650.8390481472015,False
2335,5,360,TargetPresentation,1766136435.545243,1651.470820426941,False
2336,5,360,TargetDisplacement,1766136435.898785,1651.8243589401245,True
2337,5,360,LeftResponse,1766136436.6762612,1652.6018352508545,False
2338,5,360,FeedbackPeriodStarted,1766136436.6831648,1652.608741760254,False
2339,5,361,startFixDisplay,1766136438.6951854,1654.620759487152,False
2340,5,361,startFixPeriod,1766136438.7022803,1654.6278567314148,False
2341,5,361,TargetPresentation,1766136439.9931283,1655.9187052249908,False
2342,5,361,TargetRemoval,1766136440.1525502,1656.0781264305115,True
2343,5,361,TargetReappeared,1766136440.402467,1656.328043937683,False
2344,5,361,RightResponse,1766136440.853724,1656.7792987823486,False
2345,5,362,FeedbackPeriodStarted,1766136440.8811302,1656.806706905365,False
2346,5,362,startFixDisplay,1766136440.881269,1656.8068447113037,False
2347,5,362,startFixPeriod,1766136441.0547497,1656.980327129364,False
2348,5,362,TargetPresentation,1766136442.192822,1658.118399143219,False
2349,5,362,TargetDisplacement,1766136442.3660927,1658.291669368744,True
2350,5,362,LeftResponse,1766136443.1158879,1659.0414628982544,False
2351,5,363,FeedbackPeriodStarted,1766136443.1362038,1659.0617780685425,False
2352,5,363,startFixDisplay,1766136443.13627,1659.0618436336517,False
2353,5,363,startFixPeriod,1766136443.28913,1659.2147057056427,False
2354,5,363,TargetPresentation,1766136444.7324698,1660.6580440998077,False
2355,5,363,TargetDisplacement,1766136444.9544055,1660.879981994629,True
2356,5,363,LeftResponse,1766136445.600075,1661.5256514549255,False
2357,5,364,FeedbackPeriodStarted,1766136445.6275063,1661.5530807971954,False
2358,5,364,startFixDisplay,1766136445.6275656,1661.5531392097473,False
2359,5,364,startFixPeriod,1766136445.7942011,1661.7197771072388,False
2360,5,364,TargetPresentation,1766136447.0152607,1662.9408373832703,False
2361,5,364,TargetRemoval,1766136447.216421,1663.141994714737,True
2362,5,364,TargetReappeared,1766136447.466437,1663.3920123577118,False
2363,5,364,RightResponse,1766136447.8206713,1663.7462465763092,False
2364,5,365,FeedbackPeriodStarted,1766136447.8479874,1663.7735641002655,False
2365,5,365,startFixDisplay,1766136447.8481278,1663.7737033367157,False
2366,5,365,startFixPeriod,1766136448.0145862,1663.94016122818,False
2367,5,365,TargetPresentation,1766136449.1526632,1665.0782396793365,False
2368,5,365,TargetDisplacement,1766136449.443947,1665.3695232868195,True
2369,5,365,LeftResponse,1766136450.7071984,1666.6327729225159,False
2370,5,366,FeedbackPeriodStarted,1766136450.7347028,1666.6602799892426,False
2371,5,366,startFixDisplay,1766136450.734851,1666.6604263782501,False
2372,5,366,startFixPeriod,1766136450.9429262,1666.8685019016266,False
2373,5,366,TargetPresentation,1766136452.060154,1667.9857306480408,False
2374,5,366,TargetRemoval,1766136452.413855,1668.3394312858582,True
2375,5,366,TargetReappeared,1766136452.6637845,1668.5893614292145,False
2376,5,366,RightResponse,1766136453.094267,1669.0198431015015,False
2377,5,366,FeedbackPeriodStarted,1766136453.1008112,1669.0263876914978,False
2378,5,367,startFixDisplay,1766136455.1130958,1671.0386724472046,False
2379,5,367,startFixPeriod,1766136455.1201138,1671.045690536499,False
2380,5,367,TargetPresentation,1766136456.5912516,1672.5168261528015,False
2381,5,367,TargetRemoval,1766136456.7368073,1672.6623840332031,True
2382,5,367,TargetReappeared,1766136456.9867864,1672.9123632907867,False
2383,5,367,LeftResponse,1766136457.8195395,1673.7451136112213,False
2384,5,368,FeedbackPeriodStarted,1766136457.8400536,1673.7656276226044,False
2385,5,368,startFixDisplay,1766136457.8401186,1673.7656922340393,False
2386,5,368,startFixPeriod,1766136458.0276818,1673.9532589912415,False
2387,5,368,TargetPresentation,1766136458.999186,1674.92476272583,False
2388,5,368,TargetRemoval,1766136459.1724296,1675.0980036258698,True
2389,5,368,TargetReappeared,1766136459.4223561,1675.3479311466217,False
2390,5,368,RightResponse,1766136460.1025941,1676.0281686782837,False
2391,5,369,FeedbackPeriodStarted,1766136460.1301014,1676.0556783676147,False
2392,5,369,startFixDisplay,1766136460.1302176,1676.0557913780212,False
2393,5,369,startFixPeriod,1766136460.2897623,1676.2153391838074,False
2394,5,369,TargetPresentation,1766136460.8102732,1676.7358496189117,False
2395,5,369,TargetDisplacement,1766136460.9696836,1676.8952577114105,True
2396,5,369,LeftResponse,1766136461.691528,1677.6171026229858,False
2397,5,370,FeedbackPeriodStarted,1766136461.7120917,1677.6376659870148,False
2398,5,370,startFixDisplay,1766136461.7121553,1677.6377291679382,False
2399,5,370,startFixPeriod,1766136461.858037,1677.7836129665375,False
2400,5,370,TargetPresentation,1766136463.1417093,1679.0672852993011,False
2401,5,370,TargetDisplacement,1766136463.3358567,1679.2614328861237,True
2402,5,370,LeftResponse,1766136464.411805,1680.337379693985,False
2403,5,371,FeedbackPeriodStarted,1766136464.4321215,1680.3576958179474,False
2404,5,371,startFixDisplay,1766136464.432189,1680.3577628135681,False
2405,5,371,startFixPeriod,1766136464.584927,1680.510501384735,False
2406,5,371,TargetPresentation,1766136465.091603,1681.0171773433685,False
2407,5,371,TargetDisplacement,1766136465.1331606,1681.0587348937988,True
2408,5,371,LeftResponse,1766136466.382618,1682.308193206787,False
2409,5,372,FeedbackPeriodStarted,1766136466.4028032,1682.3283774852753,False
2410,5,372,startFixDisplay,1766136466.4028702,1682.3284440040588,False
2411,5,372,startFixPeriod,1766136466.5488265,1682.4744038581848,False
2412,5,372,TargetPresentation,1766136467.3884053,1683.3139805793762,False
2413,5,372,TargetDisplacement,1766136467.5895667,1683.5151433944702,True
2414,5,372,LeftResponse,1766136468.2905087,1684.2160828113556,False
2415,5,372,FeedbackPeriodStarted,1766136468.2973995,1684.2229743003845,False
2416,5,373,startFixDisplay,1766136470.3095872,1686.2351639270782,False
2417,5,373,startFixPeriod,1766136470.3444037,1686.2699799537659,False
2418,5,373,TargetPresentation,1766136471.8153977,1687.7409751415253,False
2419,5,373,TargetDisplacement,1766136471.9750001,1687.9005763530731,True
2420,5,373,RightResponse,1766136473.0368378,1688.9624118804932,False
2421,5,374,FeedbackPeriodStarted,1766136473.0573425,1688.9829168319702,False
2422,5,374,startFixDisplay,1766136473.0574253,1688.98299908638,False
2423,5,374,startFixPeriod,1766136473.2241652,1689.1497416496277,False
2424,5,374,TargetPresentation,1766136474.0012941,1689.9268712997437,False
2425,5,374,TargetDisplacement,1766136474.1469696,1690.0725462436676,True
2426,5,374,LeftResponse,1766136475.4239228,1691.3494973182678,False
2427,5,375,FeedbackPeriodStarted,1766136475.4512968,1691.3768711090088,False
2428,5,375,startFixDisplay,1766136475.451357,1691.3769307136536,False
2429,5,375,startFixPeriod,1766136475.6042223,1691.529798746109,False
2430,5,375,TargetPresentation,1766136476.9087498,1692.8343245983124,False
2431,5,375,TargetDisplacement,1766136477.08209,1693.0076665878296,True
2432,5,375,RightResponse,1766136477.6862304,1693.6118054389954,False
2433,5,376,FeedbackPeriodStarted,1766136477.7066655,1693.6322424411774,False
2434,5,376,startFixDisplay,1766136477.7068148,1693.6323902606964,False
2435,5,376,startFixPeriod,1766136477.8801544,1693.8057310581207,False
2436,5,376,TargetPresentation,1766136479.129201,1695.0547778606415,False
2437,5,376,TargetDisplacement,1766136479.378911,1695.304486989975,True
2438,5,376,LeftResponse,1766136479.990033,1695.915608882904,False
2439,5,377,FeedbackPeriodStarted,1766136480.0103369,1695.9359111785889,False
2440,5,377,startFixDisplay,1766136480.0104063,1695.9359798431396,False
2441,5,377,startFixPeriod,1766136480.177059,1696.1026358604431,False
2442,5,377,TargetPresentation,1766136481.627289,1697.5528635978699,False
2443,5,377,TargetDisplacement,1766136481.7866895,1697.7122659683228,True
2444,5,377,RightResponse,1766136482.828048,1698.753624200821,False
2445,5,378,FeedbackPeriodStarted,1766136482.855381,1698.7809591293335,False
2446,5,378,startFixDisplay,1766136482.8555248,1698.781100511551,False
2447,5,378,startFixPeriod,1766136482.9525056,1698.8780806064606,False
2448,5,378,TargetPresentation,1766136484.4167058,1700.3422803878784,False
2449,5,378,TargetDisplacement,1766136484.6456199,1700.5711963176727,True
2450,5,378,RightResponse,1766136485.5481687,1701.4737448692322,False
2451,5,378,FeedbackPeriodStarted,1766136485.5546944,1701.4802689552307,False
2452,5,379,startFixDisplay,1766136487.5669177,1703.4924941062927,False
2453,5,379,startFixPeriod,1766136487.6224809,1703.5480554103851,False
2454,5,379,TargetPresentation,1766136488.9827,1704.9082777500153,False
2455,5,379,TargetRemoval,1766136489.142184,1705.0677602291107,True
2456,5,379,TargetReappeared,1766136489.3921237,1705.317700624466,False
2457,5,379,RightResponse,1766136490.98151,1706.9070980548859,False
2458,5,380,FeedbackPeriodStarted,1766136491.0022438,1706.927822113037,False
2459,5,380,startFixDisplay,1766136491.0024278,1706.9280035495758,False
2460,5,380,startFixPeriod,1766136491.16156,1707.0871350765228,False
2461,5,380,TargetPresentation,1766136491.9456108,1707.8711850643158,False
2462,5,380,TargetRemoval,1766136492.1121407,1708.0377173423767,True
2463,5,380,TargetReappeared,1766136492.3620303,1708.2876074314117,False
2464,5,380,RightResponse,1766136492.8202903,1708.7458682060242,False
2465,5,381,FeedbackPeriodStarted,1766136492.847715,1708.7732915878296,False
2466,5,381,startFixDisplay,1766136492.8478627,1708.7734384536743,False
2467,5,381,startFixPeriod,1766136492.9796586,1708.9052352905273,False
2468,5,381,TargetPresentation,1766136494.2494395,1710.1750140190125,False
2469,5,381,TargetDisplacement,1766136494.4157696,1710.341346025467,True
2470,5,381,RightResponse,1766136496.0469701,1711.972546339035,False
2471,5,382,FeedbackPeriodStarted,1766136496.0742333,1711.999810218811,False
2472,5,382,startFixDisplay,1766136496.0743587,1711.9999341964722,False
2473,5,382,startFixPeriod,1766136496.2339468,1712.1595239639282,False
2474,5,382,TargetPresentation,1766136497.462268,1713.3878455162048,False
2475,5,382,TargetDisplacement,1766136497.6424856,1713.5680618286133,True
2476,5,382,LeftResponse,1766136498.3089943,1714.2345697879791,False
2477,5,383,FeedbackPeriodStarted,1766136498.3363547,1714.2619316577911,False
2478,5,383,startFixDisplay,1766136498.3365166,1714.2620904445648,False
2479,5,383,startFixPeriod,1766136498.5100634,1714.435640335083,False
2480,5,383,TargetPresentation,1766136500.0018396,1715.9274163246155,False
2481,5,383,TargetRemoval,1766136500.1752207,1716.1007947921753,True
2482,5,383,TargetReappeared,1766136500.4252503,1716.3508274555206,False
2483,5,383,RightResponse,1766136501.1539075,1717.0794823169708,False
2484,5,384,FeedbackPeriodStarted,1766136501.1813827,1717.1069600582123,False
2485,5,384,startFixDisplay,1766136501.181515,1717.1070907115936,False
2486,5,384,startFixPeriod,1766136501.3272326,1717.2528097629547,False
2487,5,384,TargetPresentation,1766136502.6804643,1718.6060440540314,False
2488,5,384,TargetDisplacement,1766136502.8674982,1718.7930722236633,True
2489,5,384,RightResponse,1766136503.5549285,1719.4805047512054,False
2490,5,384,FeedbackPeriodStarted,1766136503.5616314,1719.4872086048126,False
2491,5,385,startFixDisplay,1766136505.573726,1721.4993026256561,False
2492,5,385,startFixPeriod,1766136505.6918392,1721.6174161434174,False
2493,5,385,TargetPresentation,1766136506.4760962,1722.4016733169556,False
2494,5,385,TargetDisplacement,1766136506.6632464,1722.5888230800629,True
2495,5,385,LeftResponse,1766136507.6628242,1723.5883994102478,False
2496,5,386,FeedbackPeriodStarted,1766136507.6901588,1723.6157357692719,False
2497,5,386,startFixDisplay,1766136507.6902907,1723.6158661842346,False
2498,5,386,startFixPeriod,1766136507.8430004,1723.7685761451721,False
2499,5,386,TargetPresentation,1766136509.2515876,1725.177162885666,False
2500,5,386,TargetRemoval,1766136509.411145,1725.3367216587067,True
2501,5,386,TargetReappeared,1766136509.6610389,1725.5866158008575,False
2502,5,386,RightResponse,1766136510.1956608,1726.1212363243103,False
2503,5,387,FeedbackPeriodStarted,1766136510.2229488,1726.1485259532928,False
2504,5,387,startFixDisplay,1766136510.2230904,1726.1486661434174,False
2505,5,387,startFixPeriod,1766136510.3827567,1726.3083338737488,False
2506,5,387,TargetPresentation,1766136511.5554016,1727.4809770584106,False
2507,5,387,TargetDisplacement,1766136511.7424679,1727.6680417060852,True
2508,5,387,LeftResponse,1766136512.346702,1728.272276878357,False
2509,5,388,FeedbackPeriodStarted,1766136512.3741562,1728.2997329235077,False
2510,5,388,startFixDisplay,1766136512.3742416,1728.299815416336,False
2511,5,388,startFixPeriod,1766136512.5615115,1728.4870884418488,False
2512,5,388,TargetPresentation,1766136513.782884,1729.7084605693817,False
2513,5,388,TargetRemoval,1766136513.9769526,1729.9025287628174,True
2514,5,388,TargetReappeared,1766136514.2269452,1730.1525223255157,False
2515,5,388,RightResponse,1766136514.7198248,1730.6454014778137,False
2516,5,389,FeedbackPeriodStarted,1766136514.7471926,1730.6727695465088,False
2517,5,389,startFixDisplay,1766136514.747292,1730.6728661060333,False
2518,5,389,startFixPeriod,1766136514.9901936,1730.9157705307007,False
2519,5,389,TargetPresentation,1766136515.9408398,1731.8664150238037,False
2520,5,389,TargetDisplacement,1766136516.1072748,1732.0328509807587,True
2521,5,389,LeftResponse,1766136517.002621,1732.9281969070435,False
2522,5,390,FeedbackPeriodStarted,1766136517.0230863,1732.948660850525,False
2523,5,390,startFixDisplay,1766136517.0231528,1732.9487266540527,False
2524,5,390,startFixPeriod,1766136517.1828976,1733.1084744930267,False
2525,5,390,TargetPresentation,1766136518.230706,1734.1562814712524,False
2526,5,390,TargetDisplacement,1766136518.3833454,1734.308922290802,True
2527,5,390,RightResponse,1766136519.2232618,1735.1488361358643,False
2528,5,390,FeedbackPeriodStarted,1766136519.2300255,1735.1556024551392,False
2529,5,391,startFixDisplay,1766136521.2419555,1737.1675295829773,False
2530,5,391,startFixPeriod,1766136521.2490032,1737.17457985878,False
2531,5,391,TargetPresentation,1766136522.0471551,1737.9727320671082,False
2532,5,391,TargetRemoval,1766136522.2136183,1738.1391921043396,True
2533,5,391,TargetReappeared,1766136522.4636037,1738.3891806602478,False
2534,5,391,RightResponse,1766136523.0051227,1738.9306988716125,False
2535,5,392,FeedbackPeriodStarted,1766136523.0325146,1738.9580914974213,False
2536,5,392,startFixDisplay,1766136523.032671,1738.9582448005676,False
2537,5,392,startFixPeriod,1766136523.1714332,1739.0970122814178,False
2538,5,392,TargetPresentation,1766136524.4689863,1740.3945636749268,False
2539,5,392,TargetRemoval,1766136524.628356,1740.5539300441742,True
2540,5,392,TargetReappeared,1766136524.8783226,1740.803899526596,False
2541,5,392,LeftResponse,1766136525.4960907,1741.4216656684875,False
2542,5,393,FeedbackPeriodStarted,1766136525.5235379,1741.449114561081,False
2543,5,393,startFixDisplay,1766136525.5236857,1741.449261188507,False
2544,5,393,startFixPeriod,1766136525.6833334,1741.6089103221893,False
2545,5,393,TargetPresentation,1766136526.9947498,1742.9203267097473,False
2546,5,393,TargetRemoval,1766136527.1681285,1743.0937051773071,True
2547,5,393,TargetReappeared,1766136527.418033,1743.343610048294,False
2548,5,393,LeftResponse,1766136527.9665504,1743.8921265602112,False
2549,5,394,FeedbackPeriodStarted,1766136527.9938552,1743.91943192482,False
2550,5,394,startFixDisplay,1766136527.9939902,1743.9195656776428,False
2551,5,394,startFixPeriod,1766136528.0146492,1743.9402241706848,False
2552,5,394,TargetPresentation,1766136529.4165335,1745.3421094417572,False
2553,5,394,TargetRemoval,1766136529.603619,1745.529193162918,True
2554,5,394,TargetReappeared,1766136529.8534954,1745.7790722846985,False
2555,5,394,RightResponse,1766136530.3881803,1746.3137567043304,False
2556,5,395,FeedbackPeriodStarted,1766136530.415561,1746.341138124466,False
2557,5,395,startFixDisplay,1766136530.4156945,1746.3412702083588,False
2558,5,395,startFixPeriod,1766136530.561479,1746.4870538711548,False
2559,5,395,TargetPresentation,1766136531.8868337,1747.8124105930328,False
2560,5,395,TargetDisplacement,1766136532.067109,1747.9926857948303,True
2561,5,395,RightResponse,1766136532.580763,1748.5063371658325,False
2562,5,395,FeedbackPeriodStarted,1766136532.622165,1748.5477392673492,False
2563,6,396,startFixDisplay,1766136720.337004,1936.2625811100006,False
2564,6,396,startFixPeriod,1766136720.420325,1936.3458993434906,False
2565,6,396,TargetPresentation,1766136721.6001048,1937.5256814956665,False
2566,6,396,TargetRemoval,1766136721.7596004,1937.6851773262024,True
2567,6,396,TargetReappeared,1766136722.00948,1937.93505525589,False
2568,6,396,LeftResponse,1766136722.474554,1938.4001295566559,False
2569,6,397,FeedbackPeriodStarted,1766136722.5019646,1938.427541732788,False
2570,6,397,startFixDisplay,1766136722.5020943,1938.4276700019836,False
2571,6,397,startFixPeriod,1766136722.8006482,1938.7262253761292,False
2572,6,397,TargetPresentation,1766136723.7997437,1939.72532081604,False
2573,6,397,TargetRemoval,1766136723.959181,1939.884757757187,True
2574,6,397,TargetReappeared,1766136724.2091281,1940.1347053050995,False
2575,6,397,RightResponse,1766136724.6187189,1940.5442938804626,False
2576,6,398,FeedbackPeriodStarted,1766136724.6461735,1940.571750164032,False
2577,6,398,startFixDisplay,1766136724.6463115,1940.5718870162964,False
2578,6,398,startFixPeriod,1766136724.861357,1940.7869341373444,False
2579,6,398,TargetPresentation,1766136726.263095,1942.1886718273163,False
2580,6,398,TargetRemoval,1766136726.3947234,1942.320297241211,True
2581,6,398,TargetReappeared,1766136726.6447115,1942.5702860355377,False
2582,6,398,LeftResponse,1766136727.1723993,1943.0979762077332,False
2583,6,399,FeedbackPeriodStarted,1766136727.199605,1943.1251792907715,False
2584,6,399,startFixDisplay,1766136727.199667,1943.125240802765,False
2585,6,399,startFixPeriod,1766136727.234576,1943.1601521968842,False
2586,6,399,TargetPresentation,1766136728.4697526,1944.3953297138214,False
2587,6,399,TargetDisplacement,1766136728.6430387,1944.568615436554,True
2588,6,399,RightResponse,1766136729.5663197,1945.4918956756592,False
2589,6,400,FeedbackPeriodStarted,1766136729.5936637,1945.519240140915,False
2590,6,400,startFixDisplay,1766136729.5938025,1945.5193779468536,False
2591,6,400,startFixPeriod,1766136729.711751,1945.6373274326324,False
2592,6,400,TargetPresentation,1766136730.3222692,1946.2478437423706,False
2593,6,400,TargetDisplacement,1766136730.460998,1946.3865745067596,True
2594,6,400,LeftResponse,1766136731.4745078,1947.40008187294,False
2595,6,401,FeedbackPeriodStarted,1766136731.5018294,1947.4274036884308,False
2596,6,401,startFixDisplay,1766136731.5018942,1947.4274678230286,False
2597,6,401,startFixPeriod,1766136731.668534,1947.594108581543,False
2598,6,401,TargetPresentation,1766136732.8204567,1948.7460315227509,False
2599,6,401,TargetRemoval,1766136732.9728591,1948.898432970047,True
2600,6,401,TargetReappeared,1766136733.2229512,1949.14852809906,False
2601,6,401,RightResponse,1766136733.847924,1949.7735004425049,False
2602,6,402,FeedbackPeriodStarted,1766136733.8750744,1949.8006513118744,False
2603,6,402,startFixDisplay,1766136733.8752346,1949.800810098648,False
2604,6,402,startFixPeriod,1766136733.9652886,1949.8908648490906,False
2605,6,402,TargetPresentation,1766136735.1797633,1951.1053402423859,False
2606,6,402,TargetRemoval,1766136735.3460968,1951.271672964096,True
2607,6,402,TargetReappeared,1766136735.59605,1951.5216269493103,False
2608,6,402,LeftResponse,1766136735.9916658,1951.9172410964966,False
2609,6,402,FeedbackPeriodStarted,1766136735.9983983,1951.9239728450775,False
2610,6,403,startFixDisplay,1766136738.010581,1953.9361553192139,False
2611,6,403,startFixPeriod,1766136738.0176287,1953.943205356598,False
2612,6,403,TargetPresentation,1766136738.6908906,1954.6164655685425,False
2613,6,403,TargetDisplacement,1766136738.89196,1954.8175358772278,True
2614,6,403,RightResponse,1766136739.5167873,1955.4423620700836,False
2615,6,404,FeedbackPeriodStarted,1766136739.5441668,1955.4697411060333,False
2616,6,404,startFixDisplay,1766136739.5442324,1955.4698061943054,False
2617,6,404,startFixPeriod,1766136739.6901193,1955.6156961917877,False
2618,6,404,TargetPresentation,1766136740.7794833,1956.705058813095,False
2619,6,404,TargetDisplacement,1766136740.9527566,1956.87833070755,True
2620,6,404,RightResponse,1766136741.6816952,1957.6072704792023,False
2621,6,405,FeedbackPeriodStarted,1766136741.7092667,1957.6348435878754,False
2622,6,405,startFixDisplay,1766136741.7094421,1957.635017633438,False
2623,6,405,startFixPeriod,1766136741.8133056,1957.7388801574707,False
2624,6,405,TargetPresentation,1766136742.6599953,1958.5855729579926,False
2625,6,405,TargetDisplacement,1766136743.5756931,1959.5012669563293,True
2626,6,405,RightResponse,1766136744.1379986,1960.063572883606,False
2627,6,406,FeedbackPeriodStarted,1766136744.158726,1960.0843024253845,False
2628,6,406,startFixDisplay,1766136744.1588597,1960.0844354629517,False
2629,6,406,startFixPeriod,1766136744.332237,1960.2578134536743,False
2630,6,406,TargetPresentation,1766136745.5328078,1961.458382844925,False
2631,6,406,TargetDisplacement,1766136745.6853123,1961.6108884811401,True
2632,6,406,LeftResponse,1766136746.254788,1962.1803641319275,False
2633,6,407,FeedbackPeriodStarted,1766136746.2819993,1962.2075760364532,False
2634,6,407,startFixDisplay,1766136746.2821345,1962.2077102661133,False
2635,6,407,startFixPeriod,1766136746.3723361,1962.2979128360748,False
2636,6,407,TargetPresentation,1766136747.5449216,1963.4704961776733,False
2637,6,407,TargetRemoval,1766136747.6976616,1963.6232385635376,True
2638,6,407,TargetReappeared,1766136747.9475837,1963.8731608390808,False
2639,6,407,RightResponse,1766136748.343355,1964.2689306735992,False
2640,6,408,FeedbackPeriodStarted,1766136748.3776345,1964.3032112121582,False
2641,6,408,startFixDisplay,1766136748.3777752,1964.3033502101898,False
2642,6,408,startFixPeriod,1766136748.5234933,1964.449068069458,False
2643,6,408,TargetPresentation,1766136749.2175002,1965.1430749893188,False
2644,6,408,TargetRemoval,1766136749.3560247,1965.2816009521484,True
2645,6,408,TargetReappeared,1766136749.605929,1965.5315055847168,False
2646,6,408,LeftResponse,1766136750.0226068,1965.9481818675995,False
2647,6,408,FeedbackPeriodStarted,1766136750.0361989,1965.9617755413055,False
2648,6,409,startFixDisplay,1766136752.0482852,1967.9738595485687,False
2649,6,409,startFixPeriod,1766136752.0552826,1967.9808588027954,False
2650,6,409,TargetPresentation,1766136753.3809028,1969.306479692459,False
2651,6,409,TargetDisplacement,1766136753.5610788,1969.486655473709,True
2652,6,409,RightResponse,1766136754.6232862,1970.548862695694,False
2653,6,410,FeedbackPeriodStarted,1766136754.65064,1970.5762169361115,False
2654,6,410,startFixDisplay,1766136754.6507313,1970.5763049125671,False
2655,6,410,startFixPeriod,1766136754.8309183,1970.7564933300018,False
2656,6,410,TargetPresentation,1766136755.8164237,1971.7419981956482,False
2657,6,410,TargetRemoval,1766136756.0452895,1971.9708659648895,True
2658,6,410,TargetReappeared,1766136756.2951987,1972.2207758426666,False
2659,6,410,LeftResponse,1766136757.183606,1973.1091804504395,False
2660,6,411,FeedbackPeriodStarted,1766136757.2109737,1973.1365504264832,False
2661,6,411,startFixDisplay,1766136757.211099,1973.1366746425629,False
2662,6,411,startFixPeriod,1766136757.3986304,1973.324206829071,False
2663,6,411,TargetPresentation,1766136758.3630803,1974.2886571884155,False
2664,6,411,TargetRemoval,1766136758.5364296,1974.4620037078857,True
2665,6,411,TargetReappeared,1766136758.786357,1974.711933851242,False
2666,6,411,RightResponse,1766136759.3067746,1975.2323484420776,False
2667,6,412,FeedbackPeriodStarted,1766136759.3275661,1975.2531402111053,False
2668,6,412,startFixDisplay,1766136759.327633,1975.253206729889,False
2669,6,412,startFixPeriod,1766136759.3900573,1975.3156340122223,False
2670,6,412,TargetPresentation,1766136760.7293344,1976.654911518097,False
2671,6,412,TargetRemoval,1766136760.9234416,1976.8490180969238,True
2672,6,412,TargetReappeared,1766136761.1732755,1977.0988507270813,False
2673,6,412,LeftResponse,1766136761.6941106,1977.619686126709,False
2674,6,413,FeedbackPeriodStarted,1766136761.7214417,1977.6470184326172,False
2675,6,413,startFixDisplay,1766136761.7215433,1977.647117137909,False
2676,6,413,startFixPeriod,1766136761.8326242,1977.7582013607025,False
2677,6,413,TargetPresentation,1766136763.2482018,1979.1737790107727,False
2678,6,413,TargetDisplacement,1766136763.4214754,1979.347051858902,True
2679,6,413,LeftResponse,1766136764.0738583,1979.9994325637817,False
2680,6,414,FeedbackPeriodStarted,1766136764.1015296,1980.0271060466766,False
2681,6,414,startFixDisplay,1766136764.1016152,1980.0271887779236,False
2682,6,414,startFixPeriod,1766136764.2613084,1980.1868855953217,False
2683,6,414,TargetPresentation,1766136765.225714,1981.151288509369,False
2684,6,414,TargetRemoval,1766136765.412925,1981.3385014533997,True
2685,6,414,TargetReappeared,1766136765.6628256,1981.5884001255035,False
2686,6,414,RightResponse,1766136766.266661,1982.192234992981,False
2687,6,414,FeedbackPeriodStarted,1766136766.2734137,1982.1989903450012,False
2688,6,415,startFixDisplay,1766136768.2855897,1984.2111642360687,False
2689,6,415,startFixPeriod,1766136768.4940486,1984.4196255207062,False
2690,6,415,TargetPresentation,1766136769.319835,1985.2454102039337,False
2691,6,415,TargetRemoval,1766136769.5070715,1985.4326479434967,True
2692,6,415,TargetReappeared,1766136769.756844,1985.682418346405,False
2693,6,415,LeftResponse,1766136770.5968022,1986.5223774909973,False
2694,6,416,FeedbackPeriodStarted,1766136770.6242068,1986.5497832298279,False
2695,6,416,startFixDisplay,1766136770.624347,1986.5499227046967,False
2696,6,416,startFixPeriod,1766136770.7422776,1986.6678545475006,False
2697,6,416,TargetPresentation,1766136771.7830012,1987.7085778713226,False
2698,6,416,TargetRemoval,1766136771.9495604,1987.8751366138458,True
2699,6,416,TargetReappeared,1766136772.1995769,1988.125154018402,False
2700,6,416,LeftResponse,1766136772.622781,1988.548355102539,False
2701,6,417,FeedbackPeriodStarted,1766136772.650422,1988.575998544693,False
2702,6,417,startFixDisplay,1766136772.6505735,1988.5761473178864,False
2703,6,417,startFixPeriod,1766136772.6713126,1988.5968894958496,False
2704,6,417,TargetPresentation,1766136773.8648179,1989.7903923988342,False
2705,6,417,TargetDisplacement,1766136774.0658827,1989.9914588928223,True
2706,6,417,LeftResponse,1766136774.5797477,1990.5053224563599,False
2707,6,418,FeedbackPeriodStarted,1766136774.6071908,1990.532767534256,False
2708,6,418,startFixDisplay,1766136774.607338,1990.532913684845,False
2709,6,418,startFixPeriod,1766136774.7391114,1990.6646883487701,False
2710,6,418,TargetPresentation,1766136775.620463,1991.5460405349731,False
2711,6,418,TargetDisplacement,1766136775.8076758,1991.733252286911,True
2712,6,418,RightResponse,1766136776.8697984,1992.7953734397888,False
2713,6,419,FeedbackPeriodStarted,1766136776.8969483,1992.8225224018097,False
2714,6,419,startFixDisplay,1766136776.8970149,1992.8225886821747,False
2715,6,419,startFixPeriod,1766136777.0847049,1993.0102818012238,False
2716,6,419,TargetPresentation,1766136777.5910554,1993.5166323184967,False
2717,6,419,TargetRemoval,1766136777.7575724,1993.6831488609314,True
2718,6,419,TargetReappeared,1766136778.007415,1993.9329915046692,False
2719,6,419,LeftResponse,1766136778.4589179,1994.3844947814941,False
2720,6,420,FeedbackPeriodStarted,1766136778.4860914,1994.41166806221,False
2721,6,420,startFixDisplay,1766136778.4862442,1994.4118177890778,False
2722,6,420,startFixPeriod,1766136778.5626595,1994.4882357120514,False
2723,6,420,TargetPresentation,1766136779.6867173,1995.6122941970825,False
2724,6,420,TargetDisplacement,1766136779.8806877,1995.8062615394592,True
2725,6,420,LeftResponse,1766136780.5543168,1996.47989320755,False
2726,6,420,FeedbackPeriodStarted,1766136780.5679433,1996.4935202598572,False
2727,6,421,startFixDisplay,1766136782.5800965,1998.5056736469269,False
2728,6,421,startFixPeriod,1766136782.7815332,1998.7071084976196,False
2729,6,421,TargetPresentation,1766136784.134696,2000.0602707862854,False
2730,6,421,TargetDisplacement,1766136784.3079174,2000.2334938049316,True
2731,6,421,RightResponse,1766136784.9258716,2000.851446390152,False
2732,6,422,FeedbackPeriodStarted,1766136784.9533143,2000.8788886070251,False
2733,6,422,startFixDisplay,1766136784.9533944,2000.8789682388306,False
2734,6,422,startFixPeriod,1766136785.0437224,2000.9692978858948,False
2735,6,422,TargetPresentation,1766136786.1747124,2002.1002895832062,False
2736,6,422,TargetRemoval,1766136786.3272495,2002.2528233528137,True
2737,6,422,TargetReappeared,1766136786.577235,2002.5028116703033,False
2738,6,422,RightResponse,1766136786.9729092,2002.8984847068787,False
2739,6,423,FeedbackPeriodStarted,1766136787.0003,2002.925876379013,False
2740,6,423,startFixDisplay,1766136787.0004125,2002.925986289978,False
2741,6,423,startFixPeriod,1766136787.153189,2003.0787658691406,False
2742,6,423,TargetPresentation,1766136787.7359433,2003.6615200042725,False
2743,6,423,TargetRemoval,1766136787.9302166,2003.8557929992676,True
2744,6,423,TargetReappeared,1766136788.1800742,2004.105651140213,False
2745,6,423,RightResponse,1766136788.763224,2004.6887991428375,False
2746,6,424,FeedbackPeriodStarted,1766136788.790473,2004.7160472869873,False
2747,6,424,startFixDisplay,1766136788.790537,2004.716110944748,False
2748,6,424,startFixPeriod,1766136789.0058212,2004.9313983917236,False
2749,6,424,TargetPresentation,1766136789.533196,2005.458773136139,False
2750,6,424,TargetDisplacement,1766136789.678737,2005.6043133735657,True
2751,6,424,LeftResponse,1766136791.1780243,2007.1035995483398,False
2752,6,425,FeedbackPeriodStarted,1766136791.205248,2007.1308221817017,False
2753,6,425,startFixDisplay,1766136791.2053132,2007.1308870315552,False
2754,6,425,startFixPeriod,1766136791.3859937,2007.3115706443787,False
2755,6,425,TargetPresentation,1766136792.1631293,2008.088706254959,False
2756,6,425,TargetRemoval,1766136792.3295174,2008.2550938129425,True
2757,6,425,TargetReappeared,1766136792.5794268,2008.505001783371,False
2758,6,425,LeftResponse,1766136792.9752192,2008.9007947444916,False
2759,6,426,FeedbackPeriodStarted,1766136793.0026,2008.9281768798828,False
2760,6,426,startFixDisplay,1766136793.0027378,2008.9283113479614,False
2761,6,426,startFixPeriod,1766136793.1692567,2009.0948328971863,False
2762,6,426,TargetPresentation,1766136794.2101805,2010.1357579231262,False
2763,6,426,TargetDisplacement,1766136794.383335,2010.3089091777802,True
2764,6,426,RightResponse,1766136795.0292284,2010.9548029899597,False
2765,6,426,FeedbackPeriodStarted,1766136795.0357084,2010.9612834453583,False
2766,6,427,startFixDisplay,1766136797.0480216,2012.9735977649689,False
2767,6,427,startFixPeriod,1766136797.304916,2013.2304916381836,False
2768,6,427,TargetPresentation,1766136797.8322616,2013.7578387260437,False
2769,6,427,TargetDisplacement,1766136797.9847417,2013.9103155136108,True
2770,6,427,RightResponse,1766136798.935995,2014.8615713119507,False
2771,6,428,FeedbackPeriodStarted,1766136798.9631944,2014.888771057129,False
2772,6,428,startFixDisplay,1766136798.9633338,2014.8889093399048,False
2773,6,428,startFixPeriod,1766136799.2339568,2015.1595342159271,False
2774,6,428,TargetPresentation,1766136799.7544515,2015.6800284385681,False
2775,6,428,TargetDisplacement,1766136799.9069023,2015.8324790000916,True
2776,6,428,RightResponse,1766136800.4556239,2016.3812003135681,False
2777,6,429,FeedbackPeriodStarted,1766136800.4829123,2016.408489227295,False
2778,6,429,startFixDisplay,1766136800.4830558,2016.4086310863495,False
2779,6,429,startFixPeriod,1766136800.5732608,2016.498836517334,False
2780,6,429,TargetPresentation,1766136801.5030031,2017.4285778999329,False
2781,6,429,TargetDisplacement,1766136801.6901913,2017.6157674789429,True
2782,6,429,RightResponse,1766136802.377674,2018.303248167038,False
2783,6,430,FeedbackPeriodStarted,1766136802.40483,2018.3304042816162,False
2784,6,430,startFixDisplay,1766136802.4048908,2018.3304646015167,False
2785,6,430,startFixPeriod,1766136802.4745226,2018.400099515915,False
2786,6,430,TargetPresentation,1766136803.4042964,2019.3298707008362,False
2787,6,430,TargetDisplacement,1766136803.7441716,2019.6697480678558,True
2788,6,430,LeftResponse,1766136804.4870646,2020.412640094757,False
2789,6,431,FeedbackPeriodStarted,1766136804.5144389,2020.4400162696838,False
2790,6,431,startFixDisplay,1766136804.5145876,2020.4401631355286,False
2791,6,431,startFixPeriod,1766136804.6672535,2020.592829465866,False
2792,6,431,TargetPresentation,1766136805.4305465,2021.3561222553253,False
2793,6,431,TargetDisplacement,1766136805.6245437,2021.5501177310944,True
2794,6,431,RightResponse,1766136806.1870816,2022.112657546997,False
2795,6,432,FeedbackPeriodStarted,1766136806.214545,2022.1401216983795,False
2796,6,432,startFixDisplay,1766136806.214689,2022.1402645111084,False
2797,6,432,startFixPeriod,1766136806.3603487,2022.2859256267548,False
2798,6,432,TargetPresentation,1766136807.7967837,2023.7223603725433,False
2799,6,432,TargetDisplacement,1766136807.9978225,2023.923398733139,True
2800,6,432,LeftResponse,1766136808.5464067,2024.4719824790955,False
2801,6,432,FeedbackPeriodStarted,1766136808.5531108,2024.478687763214,False
2802,6,433,startFixDisplay,1766136810.5652168,2026.4907932281494,False
2803,6,433,startFixPeriod,1766136810.7459123,2026.6714894771576,False
2804,6,433,TargetPresentation,1766136811.6825714,2027.6081459522247,False
2805,6,433,TargetDisplacement,1766136811.8490477,2027.7746243476868,True
2806,6,433,RightResponse,1766136812.4669852,2028.3925614356995,False
2807,6,434,FeedbackPeriodStarted,1766136812.4942868,2028.4198634624481,False
2808,6,434,startFixDisplay,1766136812.4944496,2028.420025587082,False
2809,6,434,startFixPeriod,1766136812.6192787,2028.544853925705,False
2810,6,434,TargetPresentation,1766136813.549264,2029.4748406410217,False
2811,6,434,TargetDisplacement,1766136813.7225373,2029.648113489151,True
2812,6,434,LeftResponse,1766136814.9163897,2030.8419649600983,False
2813,6,435,FeedbackPeriodStarted,1766136814.9437082,2030.8692824840546,False
2814,6,435,startFixDisplay,1766136814.9437702,2030.8693437576294,False
2815,6,435,startFixPeriod,1766136815.1243079,2031.0498847961426,False
2816,6,435,TargetPresentation,1766136815.6725385,2031.5981140136719,False
2817,6,435,TargetDisplacement,1766136815.825064,2031.7506403923035,True
2818,6,435,RightResponse,1766136817.0188916,2032.9444665908813,False
2819,6,436,FeedbackPeriodStarted,1766136817.0463657,2032.9719624519348,False
2820,6,436,startFixDisplay,1766136817.0465336,2032.9721093177795,False
2821,6,436,startFixPeriod,1766136817.2615438,2033.1871192455292,False
2822,6,436,TargetPresentation,1766136817.8722668,2033.7978432178497,False
2823,6,436,TargetDisplacement,1766136818.0248225,2033.9503993988037,True
2824,6,436,LeftResponse,1766136818.7121508,2034.6377260684967,False
2825,6,437,FeedbackPeriodStarted,1766136818.739481,2034.6650581359863,False
2826,6,437,startFixDisplay,1766136818.739628,2034.6652035713196,False
2827,6,437,startFixPeriod,1766136818.8853464,2034.8109233379364,False
2828,6,437,TargetPresentation,1766136820.3634315,2036.2890088558197,False
2829,6,437,TargetDisplacement,1766136820.5436044,2036.4691808223724,True
2830,6,437,RightResponse,1766136821.119903,2037.0454771518707,False
2831,6,438,FeedbackPeriodStarted,1766136821.1472924,2037.0728693008423,False
2832,6,438,startFixDisplay,1766136821.1474702,2037.073046207428,False
2833,6,438,startFixPeriod,1766136821.314039,2037.2396159172058,False
2834,6,438,TargetPresentation,1766136822.5005965,2038.4261736869812,False
2835,6,438,TargetDisplacement,1766136822.6738174,2038.5993938446045,True
2836,6,438,RightResponse,1766136823.42359,2039.3491637706757,False
2837,6,438,FeedbackPeriodStarted,1766136823.4303253,2039.3559024333954,False
2838,6,439,startFixDisplay,1766136825.442411,2041.3679852485657,False
2839,6,439,startFixPeriod,1766136825.532846,2041.4584226608276,False
2840,6,439,TargetPresentation,1766136826.198905,2042.1244795322418,False
2841,6,439,TargetDisplacement,1766136826.3514814,2042.2770552635193,True
2842,6,439,LeftResponse,1766136826.9624796,2042.8880546092987,False
2843,6,440,FeedbackPeriodStarted,1766136826.9899461,2042.915522813797,False
2844,6,440,startFixDisplay,1766136826.9900846,2042.9156601428986,False
2845,6,440,startFixPeriod,1766136827.128924,2043.0545008182526,False
2846,6,440,TargetPresentation,1766136827.7604022,2043.6859793663025,False
2847,6,440,TargetDisplacement,1766136827.9892263,2043.9148001670837,True
2848,6,440,RightResponse,1766136828.57925,2044.5048248767853,False
2849,6,441,FeedbackPeriodStarted,1766136828.6067686,2044.5323457717896,False
2850,6,441,startFixDisplay,1766136828.6069086,2044.5324840545654,False
2851,6,441,startFixPeriod,1766136828.773562,2044.699138879776,False
2852,6,441,TargetPresentation,1766136829.5715094,2045.4970862865448,False
2853,6,441,TargetDisplacement,1766136829.751828,2045.6774048805237,True
2854,6,441,RightResponse,1766136830.2379124,2046.1634879112244,False
2855,6,442,FeedbackPeriodStarted,1766136830.2651954,2046.190771818161,False
2856,6,442,startFixDisplay,1766136830.2653236,2046.1908991336823,False
2857,6,442,startFixPeriod,1766136830.3833053,2046.3088805675507,False
2858,6,442,TargetPresentation,1766136831.4658725,2047.391449689865,False
2859,6,442,TargetDisplacement,1766136831.6461496,2047.571726322174,True
2860,6,442,LeftResponse,1766136832.2294788,2048.1550555229187,False
2861,6,443,FeedbackPeriodStarted,1766136832.2566888,2048.182263612747,False
2862,6,443,startFixDisplay,1766136832.2567632,2048.1823370456696,False
2863,6,443,startFixPeriod,1766136832.4234462,2048.349022626877,False
2864,6,443,TargetPresentation,1766136833.2561402,2049.181717157364,False
2865,6,443,TargetRemoval,1766136833.4433079,2049.368884086609,True
2866,6,443,TargetReappeared,1766136833.6932778,2049.6188547611237,False
2867,6,443,RightResponse,1766136834.1379855,2050.0635612010956,False
2868,6,444,FeedbackPeriodStarted,1766136834.164929,2050.0905055999756,False
2869,6,444,startFixDisplay,1766136834.1650708,2050.0906462669373,False
2870,6,444,startFixPeriod,1766136834.1718745,2050.0974509716034,False
2871,6,444,TargetPresentation,1766136835.0186412,2050.9442176818848,False
2872,6,444,TargetDisplacement,1766136835.1988046,2051.124378681183,True
2873,6,444,RightResponse,1766136836.2401774,2052.1657538414,False
2874,6,444,FeedbackPeriodStarted,1766136836.2467446,2052.1723189353943,False
2875,6,445,startFixDisplay,1766136838.265899,2054.191475391388,False
2876,6,445,startFixPeriod,1766136838.4395385,2054.3651144504547,False
2877,6,445,TargetPresentation,1766136839.0501957,2054.975772857666,False
2878,6,445,TargetRemoval,1766136839.2721956,2055.1977722644806,True
2879,6,445,TargetReappeared,1766136839.5220547,2055.4476306438446,False
2880,6,445,LeftResponse,1766136840.0078351,2055.933408975601,False
2881,6,446,FeedbackPeriodStarted,1766136840.0354474,2055.961024284363,False
2882,6,446,startFixDisplay,1766136840.0355973,2055.961173057556,False
2883,6,446,startFixPeriod,1766136840.2088144,2056.1343896389008,False
2884,6,446,TargetPresentation,1766136841.1734927,2057.099069595337,False
2885,6,446,TargetRemoval,1766136842.1795135,2058.1050896644592,True
2886,6,446,TargetReappeared,1766136842.4293852,2058.3549625873566,False
2887,6,446,RightResponse,1766136842.7490165,2058.6745932102203,False
2888,6,447,FeedbackPeriodStarted,1766136842.7762544,2058.7018315792084,False
2889,6,447,startFixDisplay,1766136842.7763977,2058.7019739151,False
2890,6,447,startFixPeriod,1766136843.2205245,2059.1461017131805,False
2891,6,447,TargetPresentation,1766136844.1503668,2060.075941801071,False
2892,6,447,TargetDisplacement,1766136844.3236327,2060.2492065429688,True
2893,6,447,RightResponse,1766136844.8930802,2060.818655729294,False
2894,6,448,FeedbackPeriodStarted,1766136844.9204795,2060.846056699753,False
2895,6,448,startFixDisplay,1766136844.920623,2060.846198797226,False
2896,6,448,startFixPeriod,1766136845.1010504,2061.02662730217,False
2897,6,448,TargetPresentation,1766136845.8435955,2061.7691724300385,False
2898,6,448,TargetDisplacement,1766136846.0376308,2061.9632048606873,True
2899,6,448,RightResponse,1766136846.704168,2062.6297430992126,False
2900,6,449,FeedbackPeriodStarted,1766136846.7315722,2062.657149076462,False
2901,6,449,startFixDisplay,1766136846.7316983,2062.6572737693787,False
2902,6,449,startFixPeriod,1766136846.8913057,2062.8168828487396,False
2903,6,449,TargetPresentation,1766136847.5920618,2063.5176367759705,False
2904,6,449,TargetRemoval,1766136847.7864041,2063.711982727051,True
2905,6,449,TargetReappeared,1766136848.036285,2063.9618620872498,False
2906,6,449,LeftResponse,1766136848.5428963,2064.4684705734253,False
2907,6,450,FeedbackPeriodStarted,1766136848.5705247,2064.496101617813,False
2908,6,450,startFixDisplay,1766136848.5706704,2064.496246099472,False
2909,6,450,startFixPeriod,1766136848.6469264,2064.572503089905,False
2910,6,450,TargetPresentation,1766136849.7501957,2065.675772666931,False
2911,6,450,TargetRemoval,1766136849.9026453,2065.8282215595245,True
2912,6,450,TargetReappeared,1766136850.152541,2066.0781173706055,False
2913,6,450,RightResponse,1766136850.9716642,2066.897240638733,False
2914,6,450,FeedbackPeriodStarted,1766136850.978273,2066.9038474559784,False
2915,6,451,startFixDisplay,1766136852.9904976,2068.9160742759705,False
2916,6,451,startFixPeriod,1766136853.219607,2069.145181655884,False
2917,6,451,TargetPresentation,1766136854.4617958,2070.387372970581,False
2918,6,451,TargetDisplacement,1766136854.6281602,2070.553736925125,True
2919,6,451,RightResponse,1766136855.7248342,2071.650408744812,False
2920,6,452,FeedbackPeriodStarted,1766136855.7522647,2071.6778411865234,False
2921,6,452,startFixDisplay,1766136855.7524297,2071.678005695343,False
2922,6,452,startFixPeriod,1766136856.0508406,2071.9764177799225,False
2923,6,452,TargetPresentation,1766136857.5218217,2073.4473972320557,False
2924,6,452,TargetDisplacement,1766136857.6744437,2073.6000213623047,True
2925,6,452,LeftResponse,1766136858.243857,2074.1694321632385,False
2926,6,453,FeedbackPeriodStarted,1766136858.2710435,2074.1966178417206,False
2927,6,453,startFixDisplay,1766136858.2711089,2074.196682691574,False
2928,6,453,startFixPeriod,1766136858.430835,2074.356411933899,False
2929,6,453,TargetPresentation,1766136859.6867929,2075.612367630005,False
2930,6,453,TargetRemoval,1766136859.9226468,2075.8482229709625,True
2931,6,453,TargetReappeared,1766136860.1726353,2076.098212480545,False
2932,6,453,RightResponse,1766136860.6099274,2076.535502433777,False
2933,6,454,FeedbackPeriodStarted,1766136860.6374085,2076.5629856586456,False
2934,6,454,startFixDisplay,1766136860.6375527,2076.563128232956,False
2935,6,454,startFixPeriod,1766136860.8110123,2076.736588716507,False
2936,6,454,TargetPresentation,1766136861.754691,2077.68026804924,False
2937,6,454,TargetRemoval,1766136861.9349542,2077.860530614853,True
2938,6,454,TargetReappeared,1766136862.1849015,2078.1104786396027,False
2939,6,454,RightResponse,1766136862.5876272,2078.513203382492,False
2940,6,455,FeedbackPeriodStarted,1766136862.6149642,2078.5405411720276,False
2941,6,455,startFixDisplay,1766136862.6151118,2078.540687561035,False
2942,6,455,startFixPeriod,1766136862.8372471,2078.76282453537,False
2943,6,455,TargetPresentation,1766136864.2805972,2080.206174135208,False
2944,6,455,TargetDisplacement,1766136864.4607425,2080.3863162994385,True
2945,6,455,RightResponse,1766136865.4949188,2081.4204936027527,False
2946,6,456,FeedbackPeriodStarted,1766136865.522566,2081.4481403827667,False
2947,6,456,startFixDisplay,1766136865.5226312,2081.4482049942017,False
2948,6,456,startFixPeriod,1766136865.6960962,2081.621673107147,False
2949,6,456,TargetPresentation,1766136866.584199,2082.509775876999,False
2950,6,456,TargetDisplacement,1766136866.8061323,2082.7317085266113,True
2951,6,456,LeftResponse,1766136867.3895872,2083.315163373947,False
2952,6,456,FeedbackPeriodStarted,1766136867.3959002,2083.321475505829,False
2953,6,457,startFixDisplay,1766136869.4082754,2085.33385181427,False
2954,6,457,startFixPeriod,1766136869.6651556,2085.590732574463,False
2955,6,457,TargetPresentation,1766136870.7963371,2086.7219140529633,False
2956,6,457,TargetDisplacement,1766136870.9904504,2086.916024208069,True
2957,6,457,RightResponse,1766136871.7125025,2087.638078927994,False
2958,6,458,FeedbackPeriodStarted,1766136871.7396848,2087.6652591228485,False
2959,6,458,startFixDisplay,1766136871.7397487,2087.6653225421906,False
2960,6,458,startFixPeriod,1766136871.8856509,2087.8112275600433,False
2961,6,458,TargetPresentation,1766136873.252648,2089.1782228946686,False
2962,6,458,TargetDisplacement,1766136873.4121747,2089.337751150131,True
2963,6,458,LeftResponse,1766136874.8976977,2090.8232729434967,False
2964,6,459,FeedbackPeriodStarted,1766136874.9248495,2090.850426197052,False
2965,6,459,startFixDisplay,1766136874.9249773,2090.850553035736,False
2966,6,459,startFixPeriod,1766136875.2026138,2091.1281900405884,False
2967,6,459,TargetPresentation,1766136876.2781827,2092.2037596702576,False
2968,6,459,TargetDisplacement,1766136876.4514508,2092.3770275115967,True
2969,6,459,LeftResponse,1766136877.0277631,2092.9533376693726,False
2970,6,460,FeedbackPeriodStarted,1766136877.0551608,2092.9807374477386,False
2971,6,460,startFixDisplay,1766136877.0553021,2092.9808757305145,False
2972,6,460,startFixPeriod,1766136877.2217522,2093.1473286151886,False
2973,6,460,TargetPresentation,1766136877.7978194,2093.723396062851,False
2974,6,460,TargetDisplacement,1766136877.9571216,2093.8826982975006,True
2975,6,460,RightResponse,1766136878.7346263,2094.66020154953,False
2976,6,461,FeedbackPeriodStarted,1766136878.7621284,2094.6877052783966,False
2977,6,461,startFixDisplay,1766136878.7622774,2094.687852859497,False
2978,6,461,startFixPeriod,1766136878.8386178,2094.7641928195953,False
2979,6,461,TargetPresentation,1766136879.7267625,2095.652339696884,False
2980,6,461,TargetRemoval,1766136879.9071112,2095.8326876163483,True
2981,6,461,TargetReappeared,1766136880.1570134,2096.082590341568,False
2982,6,461,RightResponse,1766136880.6084006,2096.533977508545,False
2983,6,461,FeedbackPeriodStarted,1766136880.64951,2096.5750844478607,False
2984,7,462,startFixDisplay,1766136927.1480277,2143.0736043453217,False
2985,7,462,startFixPeriod,1766136927.356339,2143.2819159030914,False
2986,7,462,TargetPresentation,1766136927.9809334,2143.9065103530884,False
2987,7,462,TargetDisplacement,1766136928.1611667,2144.086743116379,True
2988,7,462,RightResponse,1766136928.7166996,2144.6422753334045,False
2989,7,463,FeedbackPeriodStarted,1766136928.7440076,2144.6695845127106,False
2990,7,463,startFixDisplay,1766136928.7441509,2144.669726371765,False
2991,7,463,startFixPeriod,1766136928.8760316,2144.801608800888,False
2992,7,463,TargetPresentation,1766136930.270695,2146.1962716579437,False
2993,7,463,TargetDisplacement,1766136930.402425,2146.3279991149902,True
2994,7,463,RightResponse,1766136930.985644,2146.9112186431885,False
2995,7,464,FeedbackPeriodStarted,1766136931.0130308,2146.9386076927185,False
2996,7,464,startFixDisplay,1766136931.0131705,2146.938745737076,False
2997,7,464,startFixPeriod,1766136931.1590068,2147.0845835208893,False
2998,7,464,TargetPresentation,1766136932.123516,2148.04909324646,False
2999,7,464,TargetDisplacement,1766136932.2829585,2148.208535194397,True
3000,7,464,LeftResponse,1766136933.2480612,2149.173637866974,False
3001,7,465,FeedbackPeriodStarted,1766136933.2751997,2149.200776576996,False
3002,7,465,startFixDisplay,1766136933.2753594,2149.2009348869324,False
3003,7,465,startFixPeriod,1766136933.4140975,2149.339674949646,False
3004,7,465,TargetPresentation,1766136934.427299,2150.352876186371,False
3005,7,465,TargetDisplacement,1766136934.5935647,2150.519140958786,True
3006,7,465,LeftResponse,1766136935.600239,2151.525815963745,False
3007,7,466,FeedbackPeriodStarted,1766136935.627578,2151.5531544685364,False
3008,7,466,startFixDisplay,1766136935.6277044,2151.553279876709,False
3009,7,466,startFixPeriod,1766136935.8219557,2151.747532606125,False
3010,7,466,TargetPresentation,1766136937.0987046,2153.024279356003,False
3011,7,466,TargetDisplacement,1766136937.2721171,2153.1976935863495,True
3012,7,466,LeftResponse,1766136938.514547,2154.44012260437,False
3013,7,467,FeedbackPeriodStarted,1766136938.541878,2154.4674549102783,False
3014,7,467,startFixDisplay,1766136938.5420103,2154.467586040497,False
3015,7,467,startFixPeriod,1766136938.7016711,2154.627247095108,False
3016,7,467,TargetPresentation,1766136939.5760276,2155.5016045570374,False
3017,7,467,TargetDisplacement,1766136939.7284093,2155.6539833545685,True
3018,7,467,LeftResponse,1766136940.2908335,2156.216408252716,False
3019,7,468,FeedbackPeriodStarted,1766136940.3183584,2156.2439329624176,False
3020,7,468,startFixDisplay,1766136940.3184366,2156.2440102100372,False
3021,7,468,startFixPeriod,1766136940.4709644,2156.3965401649475,False
3022,7,468,TargetPresentation,1766136941.0123181,2156.937894821167,False
3023,7,468,TargetDisplacement,1766136941.2273088,2157.1528854370117,True
3024,7,468,RightResponse,1766136942.1923552,2158.117931127548,False
3025,7,468,FeedbackPeriodStarted,1766136942.1987824,2158.1243591308594,False
3026,7,469,startFixDisplay,1766136944.2180629,2160.143639564514,False
3027,7,469,startFixPeriod,1766136944.2250123,2160.1505887508392,False
3028,7,469,TargetPresentation,1766136944.7802644,2160.7058413028717,False
3029,7,469,TargetDisplacement,1766136944.932888,2160.8584644794464,True
3030,7,469,RightResponse,1766136946.286433,2162.2120084762573,False
3031,7,470,FeedbackPeriodStarted,1766136946.31352,2162.2390942573547,False
3032,7,470,startFixDisplay,1766136946.3135862,2162.239159822464,False
3033,7,470,startFixPeriod,1766136946.501218,2162.426795244217,False
3034,7,470,TargetPresentation,1766136947.2018476,2163.1274223327637,False
3035,7,470,TargetDisplacement,1766136947.3475585,2163.2731325626373,True
3036,7,470,RightResponse,1766136948.7011497,2164.6267263889313,False
3037,7,471,FeedbackPeriodStarted,1766136948.7284174,2164.653994321823,False
3038,7,471,startFixDisplay,1766136948.7285602,2164.654135465622,False
3039,7,471,startFixPeriod,1766136948.8881488,2164.8137259483337,False
3040,7,471,TargetPresentation,1766136949.734631,2165.6602079868317,False
3041,7,471,TargetDisplacement,1766136949.9080603,2165.8336369991302,True
3042,7,471,LeftResponse,1766136951.0049193,2166.930494785309,False
3043,7,472,FeedbackPeriodStarted,1766136951.0322008,2166.9577775001526,False
3044,7,472,startFixDisplay,1766136951.0323293,2166.957904815674,False
3045,7,472,startFixPeriod,1766136951.1781309,2167.1037077903748,False
3046,7,472,TargetPresentation,1766136952.0801697,2168.005746603012,False
3047,7,472,TargetDisplacement,1766136952.2395184,2168.165095090866,True
3048,7,472,LeftResponse,1766136953.5791147,2169.504689693451,False
3049,7,473,FeedbackPeriodStarted,1766136953.6066194,2169.532196044922,False
3050,7,473,startFixDisplay,1766136953.6067555,2169.532331228256,False
3051,7,473,startFixPeriod,1766136953.7871199,2169.712695837021,False
3052,7,473,TargetPresentation,1766136954.7587216,2170.6842982769012,False
3053,7,473,TargetDisplacement,1766136954.93887,2170.8644440174103,True
3054,7,473,RightResponse,1766136955.653933,2171.579507827759,False
3055,7,474,FeedbackPeriodStarted,1766136955.6814659,2171.6070432662964,False
3056,7,474,startFixDisplay,1766136955.681623,2171.60719871521,False
3057,7,474,startFixPeriod,1766136955.8826764,2171.808253288269,False
3058,7,474,TargetPresentation,1766136957.1178985,2173.043473958969,False
3059,7,474,TargetDisplacement,1766136957.2634466,2173.1890230178833,True
3060,7,474,RightResponse,1766136957.8953233,2173.8208973407745,False
3061,7,474,FeedbackPeriodStarted,1766136957.901858,2173.8274326324463,False
3062,7,475,startFixDisplay,1766136959.9140818,2175.8396561145782,False
3063,7,475,startFixPeriod,1766136960.0184252,2175.944001197815,False
3064,7,475,TargetPresentation,1766136960.7399876,2176.665562391281,False
3065,7,475,TargetRemoval,1766136960.9063907,2176.831964969635,True
3066,7,475,TargetReappeared,1766136961.156464,2177.0820417404175,False
3067,7,475,LeftResponse,1766136961.6564035,2177.5819816589355,False
3068,7,476,FeedbackPeriodStarted,1766136961.683644,2177.6092207431793,False
3069,7,476,startFixDisplay,1766136961.6837687,2177.609344482422,False
3070,7,476,startFixPeriod,1766136961.850328,2177.7759053707123,False
3071,7,476,TargetPresentation,1766136963.252016,2179.177593231201,False
3072,7,476,TargetRemoval,1766136963.446119,2179.3716955184937,True
3073,7,476,TargetReappeared,1766136963.696151,2179.621728181839,False
3074,7,476,RightResponse,1766136964.2098105,2180.13538479805,False
3075,7,477,FeedbackPeriodStarted,1766136964.2372546,2180.162831544876,False
3076,7,477,startFixDisplay,1766136964.2374413,2180.1630187034607,False
3077,7,477,startFixPeriod,1766136964.3622608,2180.287837743759,False
3078,7,477,TargetPresentation,1766136965.0354297,2180.9610085487366,False
3079,7,477,TargetRemoval,1766136965.264183,2181.1897592544556,True
3080,7,477,TargetReappeared,1766136965.5140567,2181.4396319389343,False
3081,7,477,LeftResponse,1766136965.9791315,2181.904705762863,False
3082,7,478,FeedbackPeriodStarted,1766136966.0066526,2181.932229042053,False
3083,7,478,startFixDisplay,1766136966.0067563,2181.9323301315308,False
3084,7,478,startFixPeriod,1766136966.076206,2182.0017817020416,False
3085,7,478,TargetPresentation,1766136967.4016366,2183.327213525772,False
3086,7,478,TargetRemoval,1766136967.609572,2183.5351479053497,True
3087,7,478,TargetReappeared,1766136967.8595262,2183.7851016521454,False
3088,7,478,LeftResponse,1766136968.6507597,2184.5763347148895,False
3089,7,479,FeedbackPeriodStarted,1766136968.6782005,2184.6037776470184,False
3090,7,479,startFixDisplay,1766136968.6783392,2184.603912830353,False
3091,7,479,startFixPeriod,1766136968.7546818,2184.680257320404,False
3092,7,479,TargetPresentation,1766136970.1425352,2186.0681099891663,False
3093,7,479,TargetRemoval,1766136970.29508,2186.220656633377,True
3094,7,479,TargetReappeared,1766136970.5449808,2186.4705576896667,False
3095,7,479,RightResponse,1766136970.98913,2186.9147045612335,False
3096,7,480,FeedbackPeriodStarted,1766136971.016705,2186.942281961441,False
3097,7,480,startFixDisplay,1766136971.016817,2186.9423909187317,False
3098,7,480,startFixPeriod,1766136971.1209252,2187.0465021133423,False
3099,7,480,TargetPresentation,1766136972.3767695,2188.302344083786,False
3100,7,480,TargetDisplacement,1766136972.5432897,2188.468866109848,True
3101,7,480,LeftResponse,1766136973.1264737,2189.0520486831665,False
3102,7,480,FeedbackPeriodStarted,1766136973.1329951,2189.058571577072,False
3103,7,481,startFixDisplay,1766136975.145298,2191.070874452591,False
3104,7,481,startFixPeriod,1766136975.423031,2191.348605632782,False
3105,7,481,TargetPresentation,1766136976.2974892,2192.2230665683746,False
3106,7,481,TargetDisplacement,1766136976.4984624,2192.424036502838,True
3107,7,481,LeftResponse,1766136977.053885,2192.979460000992,False
3108,7,482,FeedbackPeriodStarted,1766136977.0812106,2193.006784915924,False
3109,7,482,startFixDisplay,1766136977.0812743,2193.0068480968475,False
3110,7,482,startFixPeriod,1766136977.2133183,2193.138895511627,False
3111,7,482,TargetPresentation,1766136978.170947,2194.0965242385864,False
3112,7,482,TargetDisplacement,1766136978.3303607,2194.255936861038,True
3113,7,482,LeftResponse,1766136979.1148293,2195.0404057502747,False
3114,7,483,FeedbackPeriodStarted,1766136979.142197,2195.067773580551,False
3115,7,483,startFixDisplay,1766136979.1423323,2195.067907810211,False
3116,7,483,startFixPeriod,1766136979.2673032,2195.1928803920746,False
3117,7,483,TargetPresentation,1766136980.6550791,2196.58065533638,False
3118,7,483,TargetRemoval,1766136980.8075998,2196.7331762313843,True
3119,7,483,TargetReappeared,1766136981.0576131,2196.983188867569,False
3120,7,483,LeftResponse,1766136981.6266303,2197.552204847336,False
3121,7,484,FeedbackPeriodStarted,1766136981.654125,2197.5797016620636,False
3122,7,484,startFixDisplay,1766136981.6542656,2197.579840898514,False
3123,7,484,startFixPeriod,1766136981.7237096,2197.6492853164673,False
3124,7,484,TargetPresentation,1766136982.688213,2198.613789796829,False
3125,7,484,TargetDisplacement,1766136982.8686013,2198.794177532196,True
3126,7,484,RightResponse,1766136983.9791615,2199.90473818779,False
3127,7,485,FeedbackPeriodStarted,1766136984.0066328,2199.9322097301483,False
3128,7,485,startFixDisplay,1766136984.0067632,2199.932336807251,False
3129,7,485,startFixPeriod,1766136984.2286918,2200.1542682647705,False
3130,7,485,TargetPresentation,1766136985.0822244,2201.007801294327,False
3131,7,485,TargetDisplacement,1766136985.23473,2201.1603038311005,True
3132,7,485,RightResponse,1766136986.0123498,2201.9379262924194,False
3133,7,486,FeedbackPeriodStarted,1766136986.0396817,2201.965258359909,False
3134,7,486,startFixDisplay,1766136986.039819,2201.9653940200806,False
3135,7,486,startFixPeriod,1766136986.102275,2202.027851819992,False
3136,7,486,TargetPresentation,1766136987.4484856,2203.374060869217,False
3137,7,486,TargetDisplacement,1766136987.6147826,2203.540359020233,True
3138,7,486,LeftResponse,1766136988.3298206,2204.255396127701,False
3139,7,486,FeedbackPeriodStarted,1766136988.3365662,2204.262142896652,False
3140,7,487,startFixDisplay,1766136990.348636,2206.274210214615,False
3141,7,487,startFixPeriod,1766136990.6126585,2206.538235425949,False
3142,7,487,TargetPresentation,1766136991.597981,2207.523558139801,False
3143,7,487,TargetDisplacement,1766136991.75741,2207.682986497879,True
3144,7,487,RightResponse,1766136993.0555787,2208.9811551570892,False
3145,7,488,FeedbackPeriodStarted,1766136993.0827925,2209.008369445801,False
3146,7,488,startFixDisplay,1766136993.0829349,2209.0085105895996,False
3147,7,488,startFixPeriod,1766136993.2425232,2209.168100118637,False
3148,7,488,TargetPresentation,1766136994.491596,2210.417172908783,False
3149,7,488,TargetDisplacement,1766136994.727344,2210.6529207229614,True
3150,7,488,RightResponse,1766136996.5317192,2212.457293987274,False
3151,7,489,FeedbackPeriodStarted,1766136996.5592496,2212.4848263263702,False
3152,7,489,startFixDisplay,1766136996.5594058,2212.4849820137024,False
3153,7,489,startFixPeriod,1766136996.718908,2212.6444840431213,False
3154,7,489,TargetPresentation,1766136997.3504384,2213.2760157585144,False
3155,7,489,TargetDisplacement,1766136997.5237284,2213.449304819107,True
3156,7,489,LeftResponse,1766136998.1346178,2214.0601921081543,False
3157,7,490,FeedbackPeriodStarted,1766136998.1622243,2214.0878009796143,False
3158,7,490,startFixDisplay,1766136998.1623585,2214.0879323482513,False
3159,7,490,startFixPeriod,1766136998.2455406,2214.171115398407,False
3160,7,490,TargetPresentation,1766136998.7729912,2214.6985681056976,False
3161,7,490,TargetDisplacement,1766136998.911568,2214.837144613266,True
3162,7,490,LeftResponse,1766136999.543262,2215.4688363075256,False
3163,7,491,FeedbackPeriodStarted,1766136999.570726,2215.4963026046753,False
3164,7,491,startFixDisplay,1766136999.5708673,2215.496442556381,False
3165,7,491,startFixPeriod,1766136999.702817,2215.6283938884735,False
3166,7,491,TargetPresentation,1766137001.097501,2217.023077726364,False
3167,7,491,TargetDisplacement,1766137001.256905,2217.18248128891,True
3168,7,491,RightResponse,1766137001.8469586,2217.7725331783295,False
3169,7,492,FeedbackPeriodStarted,1766137001.8745034,2217.800080060959,False
3170,7,492,startFixDisplay,1766137001.8746438,2217.800219297409,False
3171,7,492,startFixPeriod,1766137001.950977,2217.8765540122986,False
3172,7,492,TargetPresentation,1766137002.7905765,2218.7161536216736,False
3173,7,492,TargetDisplacement,1766137002.9778957,2218.903472185135,True
3174,7,492,RightResponse,1766137004.0190632,2219.94463968277,False
3175,7,492,FeedbackPeriodStarted,1766137004.0257142,2219.9512887001038,False
3176,7,493,startFixDisplay,1766137006.0447686,2221.970342874527,False
3177,7,493,startFixPeriod,1766137006.2530904,2222.178666830063,False
3178,7,493,TargetPresentation,1766137007.571669,2223.497246026993,False
3179,7,493,TargetDisplacement,1766137007.7378445,2223.663418531418,True
3180,7,493,LeftResponse,1766137008.2378538,2224.163428068161,False
3181,7,494,FeedbackPeriodStarted,1766137008.2653623,2224.190938949585,False
3182,7,494,startFixDisplay,1766137008.265483,2224.191056728363,False
3183,7,494,startFixPeriod,1766137008.4667814,2224.3923575878143,False
3184,7,494,TargetPresentation,1766137009.285608,2225.2111852169037,False
3185,7,494,TargetDisplacement,1766137009.4381022,2225.3636786937714,True
3186,7,494,RightResponse,1766137010.014227,2225.9398012161255,False
3187,7,495,FeedbackPeriodStarted,1766137010.0417607,2225.9673376083374,False
3188,7,495,startFixDisplay,1766137010.0418978,2225.967473268509,False
3189,7,495,startFixPeriod,1766137010.2847276,2226.2103021144867,False
3190,7,495,TargetPresentation,1766137011.2216349,2227.1472120285034,False
3191,7,495,TargetDisplacement,1766137011.3601232,2227.2856996059418,True
3192,7,495,RightResponse,1766137011.9157026,2227.8412766456604,False
3193,7,496,FeedbackPeriodStarted,1766137011.9431367,2227.868713617325,False
3194,7,496,startFixDisplay,1766137011.9432852,2227.868860721588,False
3195,7,496,startFixPeriod,1766137011.9501212,2227.875698328018,False
3196,7,496,TargetPresentation,1766137012.6440992,2228.5696742534637,False
3197,7,496,TargetDisplacement,1766137012.7965438,2228.722120285034,True
3198,7,496,RightResponse,1766137013.5186136,2229.444189786911,False
3199,7,497,FeedbackPeriodStarted,1766137013.54599,2229.471566915512,False
3200,7,497,startFixDisplay,1766137013.5461302,2229.471705675125,False
3201,7,497,startFixPeriod,1766137013.5530353,2229.478612422943,False
3202,7,497,TargetPresentation,1766137014.6356034,2230.561178922653,False
3203,7,497,TargetDisplacement,1766137014.829733,2230.755309343338,True
3204,7,497,LeftResponse,1766137015.7253294,2231.65091753006,False
3205,7,498,FeedbackPeriodStarted,1766137015.7526224,2231.6781990528107,False
3206,7,498,startFixDisplay,1766137015.7527683,2231.6783435344696,False
3207,7,498,startFixPeriod,1766137015.877639,2231.803213596344,False
3208,7,498,TargetPresentation,1766137016.9670584,2232.8926343917847,False
3209,7,498,TargetRemoval,1766137017.1473286,2233.0729048252106,True
3210,7,498,TargetReappeared,1766137017.3973176,2233.3228945732117,False
3211,7,498,RightResponse,1766137017.7999399,2233.7255144119263,False
3212,7,498,FeedbackPeriodStarted,1766137017.8066337,2233.732208251953,False
3213,7,499,startFixDisplay,1766137019.8188226,2235.744399547577,False
3214,7,499,startFixPeriod,1766137020.0617685,2235.9873430728912,False
3215,7,499,TargetPresentation,1766137020.8389895,2236.7645666599274,False
3216,7,499,TargetDisplacement,1766137021.0816598,2237.0072338581085,True
3217,7,499,LeftResponse,1766137021.8107023,2237.7362768650055,False
3218,7,500,FeedbackPeriodStarted,1766137021.8381217,2237.7636983394623,False
3219,7,500,startFixDisplay,1766137021.8382711,2237.7638471126556,False
3220,7,500,startFixPeriod,1766137022.0048344,2237.9304099082947,False
3221,7,500,TargetPresentation,1766137022.761188,2238.6867640018463,False
3222,7,500,TargetDisplacement,1766137022.768167,2238.693743944168,True
3223,7,500,LeftResponse,1766137023.9964902,2239.9220640659332,False
3224,7,501,FeedbackPeriodStarted,1766137024.0239322,2239.9495089054108,False
3225,7,501,startFixDisplay,1766137024.0240817,2239.9496569633484,False
3226,7,501,startFixPeriod,1766137024.135071,2240.0606458187103,False
3227,7,501,TargetPresentation,1766137025.0232923,2240.9488694667816,False
3228,7,501,TargetRemoval,1766137025.2035909,2241.1291670799255,True
3229,7,501,TargetReappeared,1766137025.4535599,2241.379136800766,False
3230,7,501,RightResponse,1766137025.8285577,2241.75413274765,False
3231,7,502,FeedbackPeriodStarted,1766137025.855816,2241.7814157009125,False
3232,7,502,startFixDisplay,1766137025.855969,2241.781544446945,False
3233,7,502,startFixPeriod,1766137026.0503402,2241.975917339325,False
3234,7,502,TargetPresentation,1766137026.6331773,2242.5587544441223,False
3235,7,502,TargetDisplacement,1766137027.3130603,2243.2386367321014,True
3236,7,502,LeftResponse,1766137028.402834,2244.3284080028534,False
3237,7,503,FeedbackPeriodStarted,1766137028.4301796,2244.355756044388,False
3238,7,503,startFixDisplay,1766137028.430321,2244.355896472931,False
3239,7,503,startFixPeriod,1766137028.6732056,2244.5987825393677,False
3240,7,503,TargetPresentation,1766137029.7765932,2245.7021701335907,False
3241,7,503,TargetDisplacement,1766137029.9290779,2245.854654073715,True
3242,7,503,RightResponse,1766137030.4705987,2246.3961730003357,False
3243,7,504,FeedbackPeriodStarted,1766137030.4980156,2246.4235920906067,False
3244,7,504,startFixDisplay,1766137030.4981546,2246.423730134964,False
3245,7,504,startFixPeriod,1766137030.5329468,2246.4585239887238,False
3246,7,504,TargetPresentation,1766137031.587655,2247.51323223114,False
3247,7,504,TargetRemoval,1766137031.7471125,2247.6726887226105,True
3248,7,504,TargetReappeared,1766137031.99709,2247.9226672649384,False
3249,7,504,LeftResponse,1766137032.462353,2248.387929201126,False
3250,7,504,FeedbackPeriodStarted,1766137032.475759,2248.4013333320618,False
3251,7,505,startFixDisplay,1766137034.4878247,2250.4133989810944,False
3252,7,505,startFixPeriod,1766137034.494899,2250.420475244522,False
3253,7,505,TargetPresentation,1766137035.9314303,2251.857006072998,False
3254,7,505,TargetDisplacement,1766137036.1255314,2252.051107645035,True
3255,7,505,LeftResponse,1766137037.0766454,2253.0022206306458,False
3256,7,506,FeedbackPeriodStarted,1766137037.1040215,2253.029598236084,False
3257,7,506,startFixDisplay,1766137037.1041615,2253.0297367572784,False
3258,7,506,startFixPeriod,1766137037.2290406,2253.154617547989,False
3259,7,506,TargetPresentation,1766137038.207387,2254.1329617500305,False
3260,7,506,TargetDisplacement,1766137038.3668733,2254.292449951172,True
3261,7,506,LeftResponse,1766137038.998817,2254.924392223358,False
3262,7,507,FeedbackPeriodStarted,1766137039.0330775,2254.958654642105,False
3263,7,507,startFixDisplay,1766137039.033213,2254.958788871765,False
3264,7,507,startFixPeriod,1766137039.1372695,2255.0628464221954,False
3265,7,507,TargetPresentation,1766137039.914498,2255.8400740623474,False
3266,7,507,TargetDisplacement,1766137040.1363144,2256.061888217926,True
3267,7,507,RightResponse,1766137040.8792503,2256.8048264980316,False
3268,7,508,FeedbackPeriodStarted,1766137040.9135778,2256.839154481888,False
3269,7,508,startFixDisplay,1766137040.9137156,2256.839291572571,False
3270,7,508,startFixPeriod,1766137040.982907,2256.9084820747375,False
3271,7,508,TargetPresentation,1766137042.1278565,2258.0534307956696,False
3272,7,508,TargetDisplacement,1766137042.3013058,2258.226892709732,True
3273,7,508,LeftResponse,1766137042.9399405,2258.865514755249,False
3274,7,509,FeedbackPeriodStarted,1766137042.9679754,2258.893552303314,False
3275,7,509,startFixDisplay,1766137042.9681041,2258.8936796188354,False
3276,7,509,startFixPeriod,1766137043.1827424,2259.108317375183,False
3277,7,509,TargetPresentation,1766137044.5219736,2260.447548389435,False
3278,7,509,TargetDisplacement,1766137044.6746006,2260.600177526474,True
3279,7,509,LeftResponse,1766137045.5630808,2261.4886569976807,False
3280,7,510,FeedbackPeriodStarted,1766137045.5904531,2261.516030073166,False
3281,7,510,startFixDisplay,1766137045.5905976,2261.5161731243134,False
3282,7,510,startFixPeriod,1766137045.757159,2261.6827354431152,False
3283,7,510,TargetPresentation,1766137047.151915,2263.0774919986725,False
3284,7,510,TargetDisplacement,1766137047.3251963,2263.250772714615,True
3285,7,510,RightResponse,1766137047.8808374,2263.8064131736755,False
3286,7,510,FeedbackPeriodStarted,1766137047.8944044,2263.8199791908264,False
3287,7,511,startFixDisplay,1766137049.9135323,2265.839108943939,False
3288,7,511,startFixPeriod,1766137050.128652,2266.0542278289795,False
3289,7,511,TargetPresentation,1766137051.5512235,2267.4768006801605,False
3290,7,511,TargetDisplacement,1766137051.7245135,2267.6500899791718,True
3291,7,511,LeftResponse,1766137052.5298927,2268.4554669857025,False
3292,7,512,FeedbackPeriodStarted,1766137052.5572412,2268.4828176498413,False
3293,7,512,startFixDisplay,1766137052.557369,2268.482964038849,False
3294,7,512,startFixPeriod,1766137052.7170627,2268.642639875412,False
3295,7,512,TargetPresentation,1766137053.6885533,2269.6141304969788,False
3296,7,512,TargetDisplacement,1766137053.8825896,2269.8081662654877,True
3297,7,512,RightResponse,1766137054.4588745,2270.3844497203827,False
3298,7,513,FeedbackPeriodStarted,1766137054.4862452,2270.411819458008,False
3299,7,513,startFixDisplay,1766137054.4863102,2270.411883831024,False
3300,7,513,startFixPeriod,1766137054.5906165,2270.516193151474,False
3301,7,513,TargetPresentation,1766137055.638319,2271.563896179199,False
3302,7,513,TargetRemoval,1766137055.7908225,2271.716396331787,True
3303,7,513,TargetReappeared,1766137056.0407166,2271.9662935733795,False
3304,7,513,LeftResponse,1766137056.5058284,2272.4314024448395,False
3305,7,514,FeedbackPeriodStarted,1766137056.533268,2272.4588446617126,False
3306,7,514,startFixDisplay,1766137056.5334299,2272.4590055942535,False
3307,7,514,startFixPeriod,1766137056.699878,2272.6254539489746,False
3308,7,514,TargetPresentation,1766137057.7476995,2273.6732745170593,False
3309,7,514,TargetDisplacement,1766137057.921106,2273.846682548523,True
3310,7,514,LeftResponse,1766137059.156766,2275.0823407173157,False
3311,7,515,FeedbackPeriodStarted,1766137059.1838946,2275.10946893692,False
3312,7,515,startFixDisplay,1766137059.1839554,2275.109529018402,False
3313,7,515,startFixPeriod,1766137059.4825368,2275.408111810684,False
3314,7,515,TargetPresentation,1766137060.8078437,2276.733418226242,False
3315,7,515,TargetDisplacement,1766137061.0158749,2276.9414489269257,True
3316,7,515,LeftResponse,1766137061.6547287,2277.58030295372,False
3317,7,516,FeedbackPeriodStarted,1766137061.6820598,2277.6076366901398,False
3318,7,516,startFixDisplay,1766137061.6821957,2277.6077711582184,False
3319,7,516,startFixPeriod,1766137061.9390357,2277.8646125793457,False
3320,7,516,TargetPresentation,1766137062.6743674,2278.599963903427,False
3321,7,516,TargetRemoval,1766137062.8618667,2278.787443637848,True
3322,7,516,TargetReappeared,1766137063.1115425,2279.037117242813,False
3323,7,516,LeftResponse,1766137063.6120331,2279.5376081466675,False
3324,7,516,FeedbackPeriodStarted,1766137063.625141,2279.550717830658,False
3325,7,517,startFixDisplay,1766137065.644277,2281.569853782654,False
3326,7,517,startFixPeriod,1766137065.8871436,2281.8127207756042,False
3327,7,517,TargetPresentation,1766137066.4633048,2282.3888816833496,False
3328,7,517,TargetRemoval,1766137066.6505647,2282.5761408805847,True
3329,7,517,TargetReappeared,1766137066.9003594,2282.8259365558624,False
3330,7,517,LeftResponse,1766137067.948602,2283.8741779327393,False
3331,7,518,FeedbackPeriodStarted,1766137067.9757686,2283.9013452529907,False
3332,7,518,startFixDisplay,1766137067.9759014,2283.901477098465,False
3333,7,518,startFixPeriod,1766137068.1633162,2284.0888934135437,False
3334,7,518,TargetPresentation,1766137069.3290732,2285.254650115967,False
3335,7,518,TargetDisplacement,1766137069.537192,2285.462768793106,True
3336,7,518,RightResponse,1766137070.710038,2286.635612487793,False
3337,7,519,FeedbackPeriodStarted,1766137070.737529,2286.6631059646606,False
3338,7,519,startFixDisplay,1766137070.73766,2286.663233757019,False
3339,7,519,startFixPeriod,1766137071.0846286,2287.0102043151855,False
3340,7,519,TargetPresentation,1766137072.3614542,2288.2870314121246,False
3341,7,519,TargetDisplacement,1766137072.5138113,2288.439385175705,True
3342,7,519,RightResponse,1766137073.0695932,2288.995169401169,False
3343,7,520,FeedbackPeriodStarted,1766137073.1037602,2289.0293366909027,False
3344,7,520,startFixDisplay,1766137073.1038868,2289.0294620990753,False
3345,7,520,startFixPeriod,1766137073.2287624,2289.1543390750885,False
3346,7,520,TargetPresentation,1766137074.0059133,2289.931488275528,False
3347,7,520,TargetDisplacement,1766137074.3458135,2290.271387577057,True
3348,7,520,LeftResponse,1766137075.2275689,2291.1531457901,False
3349,7,521,FeedbackPeriodStarted,1766137075.254839,2291.180415868759,False
3350,7,521,startFixDisplay,1766137075.2549667,2291.180542230606,False
3351,7,521,startFixPeriod,1766137075.4839792,2291.4095549583435,False
3352,7,521,TargetPresentation,1766137076.5456524,2292.4712295532227,False
3353,7,521,TargetRemoval,1766137076.781525,2292.7071018218994,True
3354,7,521,TargetReappeared,1766137077.0314252,2292.9570026397705,False
3355,7,521,RightResponse,1766137077.6146288,2293.5402052402496,False
3356,7,522,FeedbackPeriodStarted,1766137077.6418307,2293.567407608032,False
3357,7,522,startFixDisplay,1766137077.64197,2293.567545413971,False
3358,7,522,startFixPeriod,1766137077.8709126,2293.796487569809,False
3359,7,522,TargetPresentation,1766137078.557915,2294.483490228653,False
3360,7,522,TargetDisplacement,1766137078.7451813,2294.670758008957,True
3361,7,522,RightResponse,1766137079.293875,2295.219450235367,False
3362,7,522,FeedbackPeriodStarted,1766137079.3003821,2295.2259571552277,False
3363,7,523,startFixDisplay,1766137081.3124793,2297.2380533218384,False
3364,7,523,startFixPeriod,1766137081.5348136,2297.460390806198,False
3365,7,523,TargetPresentation,1766137082.1870544,2298.112631559372,False
3366,7,523,TargetRemoval,1766137082.3604555,2298.2860321998596,True
3367,7,523,TargetReappeared,1766137082.610454,2298.5360312461853,False
3368,7,523,RightResponse,1766137083.7902715,2299.715847492218,False
3369,7,524,FeedbackPeriodStarted,1766137083.817582,2299.7431585788727,False
3370,7,524,startFixDisplay,1766137083.817736,2299.743311405182,False
3371,7,524,startFixPeriod,1766137084.1021876,2300.027764558792,False
3372,7,524,TargetPresentation,1766137084.8447118,2300.770289182663,False
3373,7,524,TargetDisplacement,1766137085.1637933,2301.089367389679,True
3374,7,524,LeftResponse,1766137086.135707,2302.0612831115723,False
3375,7,525,FeedbackPeriodStarted,1766137086.169894,2302.0954682826996,False
3376,7,525,startFixDisplay,1766137086.1699545,2302.0955283641815,False
3377,7,525,startFixPeriod,1766137086.3642776,2302.28985452652,False
3378,7,525,TargetPresentation,1766137087.828476,2303.7540504932404,False
3379,7,525,TargetDisplacement,1766137087.987964,2303.9135403633118,True
3380,7,525,RightResponse,1766137088.6338387,2304.559412717819,False
3381,7,526,FeedbackPeriodStarted,1766137088.661073,2304.586649656296,False
3382,7,526,startFixDisplay,1766137088.661227,2304.5868027210236,False
3383,7,526,startFixPeriod,1766137088.8971143,2304.8226914405823,False
3384,7,526,TargetPresentation,1766137090.09757,2306.0231449604034,False
3385,7,526,TargetDisplacement,1766137090.3124874,2306.238063812256,True
3386,7,526,LeftResponse,1766137090.9653442,2306.890920639038,False
3387,7,527,FeedbackPeriodStarted,1766137090.992443,2306.9180176258087,False
3388,7,527,startFixDisplay,1766137090.9925091,2306.9180829524994,False
3389,7,527,startFixPeriod,1766137091.1731963,2307.098773241043,False
3390,7,527,TargetPresentation,1766137092.3110733,2308.2366483211517,False
3391,7,527,TargetDisplacement,1766137092.463517,2308.389091014862,True
3392,7,527,RightResponse,1766137093.3590376,2309.2846121788025,False
3393,7,527,FeedbackPeriodStarted,1766137093.4073603,2309.3329367637634,False
