,blockID,trialNumber,triggerName,timestamp_sys,timestamp_psyc,triggerSent_Serial00
0,pract,-1,StartPractice,1764342985.4604042,323.80048751831055,False
1,pract,0,startFixDisplay,1764342985.4711683,323.81125140190125,False
2,pract,0,startFixPeriod,1764342985.8182943,324.1583800315857,False
3,pract,0,TargetPresentation,1764342987.0881877,325.42827320098877,False
4,pract,0,TargetRemoval,1764342987.22679,325.5668737888336,True
5,pract,0,TargetReappeared,1764342987.4768033,325.81689071655273,False
6,pract,0,FeedbackPeriodStarted,1764342989.4888628,327.82894587516785,False
7,pract,1,startFixDisplay,1764342989.9954255,328.3355088233948,False
8,pract,1,startFixPeriod,1764342990.2660997,328.6061828136444,False
9,pract,1,TargetPresentation,1764342991.3486013,329.6886851787567,False
10,pract,1,TargetDisplacement,1764342991.4943728,329.83445596694946,True
11,pract,1,FeedbackPeriodStarted,1764342993.5065646,331.8466520309448,False
12,pract,2,startFixDisplay,1764342994.0131168,332.35320019721985,False
13,pract,2,startFixPeriod,1764342994.0200498,332.3601326942444,False
14,pract,2,TargetPresentation,1764342995.0886889,333.42877221107483,False
15,pract,2,TargetRemoval,1764342995.0956342,333.43571734428406,True
16,pract,2,TargetReappeared,1764342995.3455474,333.68563318252563,False
17,pract,2,LeftResponse,1764342997.010894,335.3509769439697,False
18,pract,2,FeedbackPeriodStarted,1764342997.0179276,335.35801339149475,False
19,pract,3,startFixDisplay,1764342997.5242655,335.86434864997864,False
20,pract,3,startFixPeriod,1764342997.7672195,336.107302904129,False
21,pract,3,TargetPresentation,1764342998.5514119,336.8914952278137,False
22,pract,3,TargetDisplacement,1764342998.690137,337.03022265434265,True
23,pract,3,FeedbackPeriodStarted,1764343000.7023575,339.0424404144287,False
24,pract,4,startFixDisplay,1764343001.2089188,339.54900193214417,False
25,pract,4,startFixPeriod,1764343001.458839,339.79892468452454,False
26,pract,4,TargetPresentation,1764343002.3608763,340.70096015930176,False
27,pract,4,TargetDisplacement,1764343002.5065417,340.8466248512268,True
28,pract,4,FeedbackPeriodStarted,1764343004.5189328,342.85901832580566,False
29,pract,5,startFixDisplay,1764343005.0253885,343.3654718399048,False
30,pract,5,startFixPeriod,1764343005.1156037,343.45568680763245,False
31,pract,5,TargetPresentation,1764343006.427077,344.76716017723083,False
32,pract,5,TargetDisplacement,1764343006.4341965,344.7742819786072,True
33,pract,5,FeedbackPeriodStarted,1764343008.4395947,346.77968072891235,False
34,pract,6,startFixDisplay,1764343008.9460073,347.2860906124115,False
35,pract,6,startFixPeriod,1764343008.9528778,347.2929608821869,False
36,pract,6,TargetPresentation,1764343009.9869366,348.3270220756531,False
37,pract,6,TargetDisplacement,1764343010.0284216,348.36850476264954,True
38,pract,6,FeedbackPeriodStarted,1764343012.0407286,350.3808116912842,False
39,pract,7,startFixDisplay,1764343012.5474353,350.88752126693726,False
40,pract,7,startFixPeriod,1764343015.3646195,353.7047040462494,False
41,pract,7,TargetPresentation,1764343016.7039216,355.04400753974915,False
42,pract,7,TargetDisplacement,1764343016.8426363,355.18271946907043,True
43,pract,7,LeftResponse,1764343017.3839822,355.72406554222107,False
44,pract,7,FeedbackPeriodStarted,1764343017.3908315,355.73091530799866,False
45,pract,8,startFixDisplay,1764343017.8974023,356.23748540878296,False
46,pract,8,startFixPeriod,1764343018.2235072,356.5635917186737,False
47,pract,8,TargetPresentation,1764343019.4448435,357.7849295139313,False
48,pract,8,TargetRemoval,1764343019.5974512,357.9375340938568,True
49,pract,8,TargetReappeared,1764343019.8472703,358.1873559951782,False
50,pract,8,RightResponse,1764343020.062554,358.4026370048523,False
51,pract,8,FeedbackPeriodStarted,1764343020.069384,358.40947008132935,False
52,pract,9,startFixDisplay,1764343020.575745,358.91582798957825,False
53,pract,9,startFixPeriod,1764343020.7632065,359.1032919883728,False
54,pract,9,TargetPresentation,1764343021.9913287,360.33141255378723,False
55,pract,9,TargetDisplacement,1764343022.1301327,360.4702160358429,True
56,pract,9,LeftResponse,1764343022.53279,360.8728733062744,False
57,pract,9,FeedbackPeriodStarted,1764343022.5395026,360.87958574295044,False
58,pract,10,startFixDisplay,1764343023.046058,361.3861413002014,False
59,pract,10,startFixPeriod,1764343023.3237932,361.66387963294983,False
60,pract,10,TargetPresentation,1764343024.433906,362.77399015426636,False
61,pract,10,TargetDisplacement,1764343024.6422853,362.98237204551697,True
62,pract,10,RightResponse,1764343024.9686148,363.30870056152344,False
63,pract,10,FeedbackPeriodStarted,1764343024.9752622,363.31534790992737,False
64,pract,11,startFixDisplay,1764343025.4817674,363.8218538761139,False
65,pract,11,startFixPeriod,1764343025.682894,364.02297711372375,False
66,pract,11,TargetPresentation,1764343026.1965554,364.53664112091064,False
67,pract,11,TargetDisplacement,1764343026.3560326,364.696115732193,True
68,pract,11,LeftResponse,1764343026.8767664,365.21685123443604,False
69,pract,11,FeedbackPeriodStarted,1764343026.8834388,365.2235243320465,False
70,pract,12,startFixDisplay,1764343027.3898764,365.7299597263336,False
71,pract,12,startFixPeriod,1764343027.6120048,365.95208859443665,False
72,pract,12,TargetPresentation,1764343029.0969563,367.4370391368866,False
73,pract,12,TargetRemoval,1764343029.2634094,367.6034924983978,True
74,pract,12,TargetReappeared,1764343029.513303,367.853387594223,False
75,pract,12,RightResponse,1764343029.6104815,367.95056438446045,False
76,pract,12,FeedbackPeriodStarted,1764343029.617326,367.95740938186646,False
77,pract,13,startFixDisplay,1764343030.12386,368.4639434814453,False
78,pract,13,startFixPeriod,1764343030.3528984,368.69298219680786,False
79,pract,13,TargetPresentation,1764343030.956574,369.2966573238373,False
80,pract,13,TargetDisplacement,1764343031.109316,369.44940161705017,True
81,pract,13,LeftResponse,1764343032.5807729,370.9208586215973,False
82,pract,13,FeedbackPeriodStarted,1764343032.5873327,370.9274182319641,False
83,pract,14,startFixDisplay,1764343033.0937662,371.4338493347168,False
84,pract,14,startFixPeriod,1764343033.1007798,371.4408628940582,False
85,pract,14,TargetPresentation,1764343033.829519,372.1696047782898,False
86,pract,14,TargetRemoval,1764343033.9541974,372.2942807674408,True
87,pract,14,TargetReappeared,1764343034.2040963,372.5441794395447,False
88,pract,14,RightResponse,1764343034.585813,372.9258961677551,False
89,pract,14,FeedbackPeriodStarted,1764343034.5926976,372.9327812194824,False
90,pract,15,startFixDisplay,1764343035.0993156,373.4393994808197,False
91,pract,15,startFixPeriod,1764343040.0467918,378.3868749141693,False
92,pract,15,TargetPresentation,1764343041.2889056,379.6289894580841,False
93,pract,15,TargetDisplacement,1764343041.29591,379.6359968185425,True
94,pract,15,LeftResponse,1764343041.941148,380.28123116493225,False
95,pract,15,FeedbackPeriodStarted,1764343041.948191,380.28827834129333,False
96,pract,16,startFixDisplay,1764343042.454534,380.7946174144745,False
97,pract,16,startFixPeriod,1764343042.4614704,380.8015534877777,False
98,pract,16,TargetPresentation,1764343043.3498988,381.68998551368713,False
99,pract,16,TargetDisplacement,1764343043.356821,381.69690799713135,True
100,pract,16,RightResponse,1764343044.5923645,382.9324474334717,False
101,pract,16,FeedbackPeriodStarted,1764343044.5988395,382.9389224052429,False
102,pract,17,startFixDisplay,1764343045.1053076,383.44539189338684,False
103,pract,17,startFixPeriod,1764343045.320433,383.6605157852173,False
104,pract,17,TargetPresentation,1764343045.8409803,384.18106746673584,False
105,pract,17,TargetDisplacement,1764343045.986586,384.326669216156,True
106,pract,17,LeftResponse,1764343046.902806,385.2428891658783,False
107,pract,17,FeedbackPeriodStarted,1764343046.9094727,385.24955582618713,False
108,pract,18,startFixDisplay,1764343047.4159505,385.75603437423706,False
109,pract,18,startFixPeriod,1764343047.6658788,386.0059623718262,False
110,pract,18,TargetPresentation,1764343048.3180652,386.6581482887268,False
111,pract,18,TargetDisplacement,1764343048.4707577,386.8108410835266,True
112,pract,18,RightResponse,1764343049.1786814,387.5187654495239,False
113,pract,18,FeedbackPeriodStarted,1764343049.1854372,387.52552032470703,False
114,pract,19,startFixDisplay,1764343049.6920714,388.0321571826935,False
115,pract,19,startFixPeriod,1764343049.9210203,388.26110315322876,False
116,pract,19,TargetPresentation,1764343050.5941796,388.93426513671875,False
117,pract,19,TargetDisplacement,1764343050.7397273,389.07981038093567,True
118,pract,19,LeftResponse,1764343051.6628711,390.0029537677765,False
119,pract,19,FeedbackPeriodStarted,1764343051.6695902,390.0096733570099,False
120,pract,20,startFixDisplay,1764343052.1761162,390.5161991119385,False
121,pract,20,startFixPeriod,1764343052.516209,390.8562922477722,False
122,pract,20,TargetPresentation,1764343053.5294905,391.86957693099976,False
123,pract,20,TargetDisplacement,1764343053.709658,392.04974126815796,True
124,pract,20,RightResponse,1764343054.5148063,392.85488963127136,False
125,pract,20,FeedbackPeriodStarted,1764343054.5216162,392.86169958114624,False
126,pract,21,startFixDisplay,1764343055.0280547,393.3681380748749,False
127,pract,21,startFixPeriod,1764343055.0351071,393.37519240379333,False
128,pract,21,TargetPresentation,1764343056.4922612,394.83234429359436,False
129,pract,21,TargetRemoval,1764343056.6032364,394.9433193206787,True
130,pract,21,TargetReappeared,1764343056.8531837,395.1932694911957,False
131,pract,21,LeftResponse,1764343057.4290767,395.7691595554352,False
132,pract,21,FeedbackPeriodStarted,1764343057.435975,395.77605843544006,False
133,pract,22,startFixDisplay,1764343057.9425426,396.28262591362,False
134,pract,22,startFixPeriod,1764343057.9494512,396.28953433036804,False
135,pract,22,TargetPresentation,1764343059.122305,397.4623906612396,False
136,pract,22,TargetRemoval,1764343059.2610745,397.6011600494385,True
137,pract,22,TargetReappeared,1764343059.5107646,397.850848197937,False
138,pract,22,RightResponse,1764343060.1980422,398.5381269454956,False
139,pract,22,FeedbackPeriodStarted,1764343060.2046049,398.5446879863739,False
140,pract,23,startFixDisplay,1764343060.7111247,399.051207780838,False
141,pract,23,startFixPeriod,1764343060.7180593,399.0581421852112,False
142,pract,23,TargetPresentation,1764343062.161498,400.50158190727234,False
143,pract,23,TargetDisplacement,1764343062.279461,400.6195442676544,True
144,pract,23,LeftResponse,1764343063.3411543,401.68123745918274,False
145,pract,23,FeedbackPeriodStarted,1764343063.348154,401.6882417201996,False
146,pract,24,startFixDisplay,1764343063.8545232,402.19460678100586,False
147,pract,24,startFixPeriod,1764343064.0905232,402.43060636520386,False
148,pract,24,TargetPresentation,1764343065.4436085,403.78369188308716,False
149,pract,24,TargetDisplacement,1764343065.59635,403.9364333152771,True
150,pract,24,RightResponse,1764343066.5611873,404.9012725353241,False
151,pract,24,FeedbackPeriodStarted,1764343066.5677314,404.90781474113464,False
152,pract,25,startFixDisplay,1764343067.0742228,405.41430592536926,False
153,pract,25,startFixPeriod,1764343067.3034594,405.6435458660126,False
154,pract,25,TargetPresentation,1764343067.8653884,406.20547318458557,False
155,pract,25,TargetDisplacement,1764343068.0041633,406.3442487716675,True
156,pract,25,LeftResponse,1764343069.4822385,407.8223214149475,False
157,pract,25,FeedbackPeriodStarted,1764343069.4890487,407.8291320800781,False
158,pract,26,startFixDisplay,1764343069.995588,408.33567118644714,False
159,pract,26,startFixPeriod,1764343070.0788364,408.41891956329346,False
160,pract,26,TargetPresentation,1764343071.563791,409.90387439727783,False
161,pract,26,TargetRemoval,1764343071.7235548,410.06364250183105,True
162,pract,26,TargetReappeared,1764343071.9732685,410.31335163116455,False
163,pract,26,RightResponse,1764343072.5983474,410.9384307861328,False
164,pract,26,FeedbackPeriodStarted,1764343072.6047244,410.9448082447052,False
165,pract,27,startFixDisplay,1764343073.1181433,411.4582269191742,False
166,pract,27,startFixPeriod,1764343073.1251278,411.46521067619324,False
167,pract,27,TargetPresentation,1764343074.6032925,412.94337940216064,False
168,pract,27,TargetDisplacement,1764343074.7280633,413.0681462287903,True
169,pract,27,LeftResponse,1764343076.206594,414.54667711257935,False
170,pract,27,FeedbackPeriodStarted,1764343076.2131608,414.5532476902008,False
171,pract,28,startFixDisplay,1764343076.719506,415.0595893859863,False
172,pract,28,startFixPeriod,1764343077.038756,415.3788390159607,False
173,pract,28,TargetPresentation,1764343077.552241,415.89232420921326,False
174,pract,28,TargetDisplacement,1764343077.6840594,416.024142742157,True
175,pract,28,RightResponse,1764343079.1136467,417.45373010635376,False
176,pract,28,FeedbackPeriodStarted,1764343079.12044,417.4605231285095,False
177,pract,29,startFixDisplay,1764343079.6269524,417.9670352935791,False
178,pract,29,startFixPeriod,1764343079.6338787,417.97396183013916,False
179,pract,29,TargetPresentation,1764343081.1188686,419.45895195007324,False
180,pract,29,TargetDisplacement,1764343081.2645516,419.6046347618103,True
181,pract,29,LeftResponse,1764343082.4235547,420.76363801956177,False
182,pract,29,FeedbackPeriodStarted,1764343082.4303565,420.7704403400421,False
183,pract,30,startFixDisplay,1764343082.936857,421.27694034576416,False
184,pract,30,startFixPeriod,1764343082.9438367,421.2839198112488,False
185,pract,30,TargetPresentation,1764343084.3871903,422.7272734642029,False
186,pract,30,TargetRemoval,1764343084.5190299,422.85911297798157,True
187,pract,30,TargetReappeared,1764343084.7688177,423.10890102386475,False
188,pract,30,LeftResponse,1764343085.9208317,424.2609145641327,False
189,pract,30,FeedbackPeriodStarted,1764343085.934648,424.274733543396,False
190,pract,31,startFixDisplay,1764343086.441076,424.78115940093994,False
191,pract,31,startFixPeriod,1764343086.4480042,424.7880873680115,False
192,pract,31,TargetPresentation,1764343087.1488793,425.4889626502991,False
193,pract,31,TargetRemoval,1764343087.2737474,425.61383032798767,True
194,pract,31,TargetReappeared,1764343087.5237622,425.8638470172882,False
195,pract,31,LeftResponse,1764343088.2942133,426.63429856300354,False
196,pract,31,FeedbackPeriodStarted,1764343088.3077834,426.647869348526,False
197,pract,32,startFixDisplay,1764343088.8143535,427.1544392108917,False
198,pract,32,startFixPeriod,1764343088.9878545,427.3279404640198,False
199,pract,32,TargetPresentation,1764343090.4172456,428.7573308944702,False
200,pract,32,TargetDisplacement,1764343090.562955,428.9030382633209,True
201,pract,32,RightResponse,1764343091.7009835,430.04106640815735,False
202,pract,32,FeedbackPeriodStarted,1764343091.714761,430.0548439025879,False
203,pract,33,startFixDisplay,1764343092.221298,430.5613811016083,False
204,pract,33,startFixPeriod,1764343092.228245,430.5683283805847,False
205,pract,33,TargetPresentation,1764343092.7626722,431.1027555465698,False
206,pract,33,TargetDisplacement,1764343092.7695248,431.1096076965332,True
207,pract,33,LeftResponse,1764343093.7341154,432.0741982460022,False
208,pract,33,FeedbackPeriodStarted,1764343093.7409337,432.0810167789459,False
209,pract,34,startFixDisplay,1764343094.2474852,432.58756852149963,False
210,pract,34,startFixPeriod,1764343094.497297,432.8373806476593,False
211,pract,34,TargetPresentation,1764343095.3371303,433.6772177219391,False
212,pract,34,TargetRemoval,1764343095.4966009,433.83668398857117,True
213,pract,34,TargetReappeared,1764343095.7465138,434.08659744262695,False
214,pract,34,RightResponse,1764343096.3709748,434.71105766296387,False
215,pract,34,FeedbackPeriodStarted,1764343096.3778656,434.71794986724854,False
216,pract,35,startFixDisplay,1764343096.8843422,435.2244257926941,False
217,pract,35,startFixPeriod,1764343097.1619642,435.5020477771759,False
218,pract,35,TargetPresentation,1764343098.293186,436.6332731246948,False
219,pract,35,TargetDisplacement,1764343098.438696,436.7787790298462,True
220,pract,35,LeftResponse,1764343099.528284,437.8683671951294,False
221,pract,35,FeedbackPeriodStarted,1764343099.535079,437.8751618862152,False
222,pract,-1,EndPractice,1764343100.0289502,438.369033575058,False
223,0,0,startFixDisplay,1764343125.2788754,463.61895871162415,False
224,0,0,startFixPeriod,1764343125.2857962,463.6258795261383,False
225,0,0,TargetPresentation,1764343126.146503,464.48658871650696,False
226,0,0,TargetRemoval,1764343126.1533737,464.4934594631195,True
227,0,0,TargetReappeared,1764343126.403175,464.7432622909546,False
228,0,0,RightResponse,1764343127.38874,465.7288236618042,False
229,0,1,FeedbackPeriodStarted,1764343127.4022055,465.7422888278961,False
230,0,1,startFixDisplay,1764343127.4022539,465.7423367500305,False
231,0,1,startFixPeriod,1764343127.5618565,465.9019410610199,False
232,0,1,TargetPresentation,1764343128.6929376,467.0330226421356,False
233,0,1,TargetDisplacement,1764343128.6999204,467.04000663757324,True
234,0,1,RightResponse,1764343129.6852696,468.02535247802734,False
235,0,2,FeedbackPeriodStarted,1764343129.6990798,468.0391631126404,False
236,0,2,startFixDisplay,1764343129.69913,468.0392129421234,False
237,0,2,startFixPeriod,1764343129.865838,468.2059237957001,False
238,0,2,TargetPresentation,1764343131.232638,469.57272124290466,False
239,0,2,TargetRemoval,1764343131.385282,469.72536516189575,True
240,0,2,TargetReappeared,1764343131.6350734,469.97515773773193,False
241,0,2,RightResponse,1764343132.2805486,470.6206319332123,False
242,0,3,FeedbackPeriodStarted,1764343132.294233,470.6343162059784,False
243,0,3,startFixDisplay,1764343132.2942824,470.6343653202057,False
244,0,3,startFixPeriod,1764343132.717743,471.05782866477966,False
245,0,3,TargetPresentation,1764343133.7169962,472.0570824146271,False
246,0,3,TargetDisplacement,1764343133.723686,472.06376910209656,True
247,0,3,LeftResponse,1764343134.868747,473.2088303565979,False
248,0,4,FeedbackPeriodStarted,1764343134.8826203,473.2227065563202,False
249,0,4,startFixDisplay,1764343134.8827531,473.22283601760864,False
250,0,4,startFixPeriod,1764343135.0768163,473.4168996810913,False
251,0,4,TargetPresentation,1764343135.985969,474.3260552883148,False
252,0,4,TargetDisplacement,1764343136.1731431,474.51322627067566,True
253,0,4,LeftResponse,1764343137.1031554,475.44323897361755,False
254,0,5,FeedbackPeriodStarted,1764343137.1238642,475.463947057724,False
255,0,5,startFixDisplay,1764343137.1239595,475.4640426635742,False
256,0,5,startFixPeriod,1764343137.3528807,475.69296383857727,False
257,0,5,TargetPresentation,1764343138.4839225,476.8240056037903,False
258,0,5,TargetDisplacement,1764343138.6087503,476.9488334655762,True
259,0,5,LeftResponse,1764343139.6983924,478.03847575187683,False
260,0,6,FeedbackPeriodStarted,1764343139.7120686,478.0521516799927,False
261,0,6,startFixDisplay,1764343139.7121167,478.0521996021271,False
262,0,6,startFixPeriod,1764343139.989798,478.3298840522766,False
263,0,6,TargetPresentation,1764343141.0305464,479.3706295490265,False
264,0,6,TargetDisplacement,1764343141.1901855,479.5302712917328,True
265,0,6,RightResponse,1764343142.1339815,480.4740650653839,False
266,0,6,FeedbackPeriodStarted,1764343142.1476576,480.48774099349976,False
267,0,7,startFixDisplay,1764343144.1530392,482.49312257766724,False
268,0,7,startFixPeriod,1764343144.4515564,482.79164147377014,False
269,0,7,TargetPresentation,1764343145.3813736,483.72145819664,False
270,0,7,TargetDisplacement,1764343145.6172936,483.95737957954407,True
271,0,7,RightResponse,1764343146.3668084,484.7068917751312,False
272,0,8,FeedbackPeriodStarted,1764343146.3805726,484.72065591812134,False
273,0,8,startFixDisplay,1764343146.3806226,484.7207055091858,False
274,0,8,startFixPeriod,1764343146.533363,484.8734493255615,False
275,0,8,TargetPresentation,1764343147.463165,485.8032510280609,False
276,0,8,TargetDisplacement,1764343147.657374,485.9974572658539,True
277,0,8,RightResponse,1764343148.545864,486.88594937324524,False
278,0,9,FeedbackPeriodStarted,1764343148.5662708,486.90635418891907,False
279,0,9,startFixDisplay,1764343148.5663195,486.90640211105347,False
280,0,9,startFixPeriod,1764343148.7330184,487.0731043815613,False
281,0,9,TargetPresentation,1764343149.8639264,488.2040104866028,False
282,0,9,TargetDisplacement,1764343150.0234554,488.36353874206543,True
283,0,9,LeftResponse,1764343151.120017,489.4601004123688,False
284,0,10,FeedbackPeriodStarted,1764343151.1337175,489.47380089759827,False
285,0,10,startFixDisplay,1764343151.133767,489.473849773407,False
286,0,10,startFixPeriod,1764343151.5501344,489.89021825790405,False
287,0,10,TargetPresentation,1764343152.2093108,490.5493938922882,False
288,0,10,TargetRemoval,1764343152.2164135,490.55650091171265,True
289,0,10,TargetReappeared,1764343152.4662495,490.8063368797302,False
290,0,10,RightResponse,1764343153.486486,491.82657122612,False
291,0,11,FeedbackPeriodStarted,1764343153.5000713,491.84015703201294,False
292,0,11,startFixDisplay,1764343153.5002124,491.84029722213745,False
293,0,11,startFixPeriod,1764343153.7359414,492.0760250091553,False
294,0,11,TargetPresentation,1764343154.6380925,492.97817850112915,False
295,0,11,TargetRemoval,1764343154.7351968,493.07528257369995,True
296,0,11,TargetReappeared,1764343154.985104,493.3251905441284,False
297,0,11,RightResponse,1764343155.8940647,494.2341480255127,False
298,0,12,FeedbackPeriodStarted,1764343155.9077797,494.24786281585693,False
299,0,12,startFixDisplay,1764343155.9078279,494.24791073799133,False
300,0,12,startFixPeriod,1764343156.3243303,494.66441917419434,False
301,0,12,TargetPresentation,1764343157.6773067,496.0173897743225,False
302,0,12,TargetRemoval,1764343157.6842065,496.0242898464203,True
303,0,12,TargetReappeared,1764343157.934179,496.27426528930664,False
304,0,12,RightResponse,1764343159.1068563,497.4469392299652,False
305,0,12,FeedbackPeriodStarted,1764343159.1136918,497.4537751674652,False
306,0,13,startFixDisplay,1764343161.1191437,499.4592306613922,False
307,0,13,startFixPeriod,1764343161.8546565,500.1947407722473,False
308,0,13,TargetPresentation,1764343162.4027438,500.7428274154663,False
309,0,13,TargetRemoval,1764343162.555422,500.89550495147705,True
310,0,13,TargetReappeared,1764343162.8052683,501.1453516483307,False
311,0,13,RightResponse,1764343163.450632,501.79071521759033,False
312,0,14,FeedbackPeriodStarted,1764343163.464372,501.80445528030396,False
313,0,14,startFixDisplay,1764343163.4644208,501.8045036792755,False
314,0,14,startFixPeriod,1764343163.6309907,501.97107434272766,False
315,0,14,TargetPresentation,1764343164.36659,502.7066738605499,False
316,0,14,TargetDisplacement,1764343164.5884926,502.92857575416565,True
317,0,14,LeftResponse,1764343165.8310976,504.1711838245392,False
318,0,15,FeedbackPeriodStarted,1764343165.8444624,504.1845452785492,False
319,0,15,startFixDisplay,1764343165.8445103,504.184592962265,False
320,0,15,startFixPeriod,1764343166.02501,504.3650939464569,False
321,0,15,TargetPresentation,1764343167.0102544,505.35033798217773,False
322,0,15,TargetDisplacement,1764343167.1628737,505.502956867218,True
323,0,15,LeftResponse,1764343168.1137173,506.4538004398346,False
324,0,16,FeedbackPeriodStarted,1764343168.1274016,506.4674847126007,False
325,0,16,startFixDisplay,1764343168.1274493,506.46753215789795,False
326,0,16,startFixPeriod,1764343168.3218455,506.66193199157715,False
327,0,16,TargetPresentation,1764343168.9879167,507.32800006866455,False
328,0,16,TargetRemoval,1764343169.1127582,507.45284152030945,True
329,0,16,TargetReappeared,1764343169.3626137,507.70269775390625,False
330,0,16,RightResponse,1764343170.4660351,508.80611848831177,False
331,0,17,FeedbackPeriodStarted,1764343170.4797375,508.8198206424713,False
332,0,17,startFixDisplay,1764343170.479785,508.8198676109314,False
333,0,17,startFixPeriod,1764343170.660189,509.00027227401733,False
334,0,17,TargetPresentation,1764343172.0134413,510.3535273075104,False
335,0,17,TargetDisplacement,1764343172.1451833,510.48526644706726,True
336,0,17,LeftResponse,1764343172.9366374,511.27672290802,False
337,0,18,FeedbackPeriodStarted,1764343172.9500794,511.29016280174255,False
338,0,18,startFixDisplay,1764343172.9501293,511.2902121543884,False
339,0,18,startFixPeriod,1764343173.220755,511.5608401298523,False
340,0,18,TargetPresentation,1764343174.386455,512.7265384197235,False
341,0,18,TargetRemoval,1764343174.5114312,512.8515169620514,True
342,0,18,TargetReappeared,1764343174.7613378,513.1014368534088,False
343,0,18,LeftResponse,1764343175.4482033,513.7882862091064,False
344,0,18,FeedbackPeriodStarted,1764343175.4552503,513.7953364849091,False
345,0,19,startFixDisplay,1764343177.4604104,515.8004937171936,False
346,0,19,startFixPeriod,1764343178.0780718,516.4181551933289,False
347,0,19,TargetPresentation,1764343179.5491128,517.8891959190369,False
348,0,19,TargetDisplacement,1764343179.7089062,518.048996925354,True
349,0,19,RightResponse,1764343180.5345263,518.8746092319489,False
350,0,20,FeedbackPeriodStarted,1764343180.5483136,518.8883972167969,False
351,0,20,startFixDisplay,1764343180.5483687,518.8884513378143,False
352,0,20,startFixPeriod,1764343180.714902,519.0549850463867,False
353,0,20,TargetPresentation,1764343181.6102133,519.9503009319305,False
354,0,20,TargetDisplacement,1764343181.6171079,519.9571969509125,True
355,0,20,LeftResponse,1764343182.6928122,521.0328950881958,False
356,0,21,FeedbackPeriodStarted,1764343182.7063565,521.0464398860931,False
357,0,21,startFixDisplay,1764343182.7064126,521.0464954376221,False
358,0,21,startFixPeriod,1764343183.5946937,521.9347772598267,False
359,0,21,TargetPresentation,1764343185.086461,523.4265449047089,False
360,0,21,TargetDisplacement,1764343185.3154292,523.6555123329163,True
361,0,21,RightResponse,1764343186.085773,524.4258561134338,False
362,0,22,FeedbackPeriodStarted,1764343186.099531,524.4396147727966,False
363,0,22,startFixDisplay,1764343186.0995958,524.439679145813,False
364,0,22,startFixPeriod,1764343186.307765,524.647848367691,False
365,0,22,TargetPresentation,1764343187.0642474,525.404335975647,False
366,0,22,TargetDisplacement,1764343187.2100034,525.5500910282135,True
367,0,22,LeftResponse,1764343187.9731722,526.31325507164,False
368,0,23,FeedbackPeriodStarted,1764343187.987131,526.3272182941437,False
369,0,23,startFixDisplay,1764343187.9872792,526.3273637294769,False
370,0,23,startFixPeriod,1764343188.2090209,526.5491046905518,False
371,0,23,TargetPresentation,1764343189.3887146,527.7287976741791,False
372,0,23,TargetRemoval,1764343189.5344539,527.8745369911194,True
373,0,23,TargetReappeared,1764343189.7843862,528.1244735717773,False
374,0,23,LeftResponse,1764343190.485103,528.825186252594,False
375,0,24,FeedbackPeriodStarted,1764343190.4988894,528.8389728069305,False
376,0,24,startFixDisplay,1764343190.498943,528.8390257358551,False
377,0,24,startFixPeriod,1764343190.741775,529.0818581581116,False
378,0,24,TargetPresentation,1764343191.692509,530.0325932502747,False
379,0,24,TargetDisplacement,1764343191.796686,530.1367747783661,True
380,0,24,LeftResponse,1764343192.9835923,531.3236751556396,False
381,0,24,FeedbackPeriodStarted,1764343192.9902208,531.3303096294403,False
382,0,25,startFixDisplay,1764343194.9953773,533.3354609012604,False
383,0,25,startFixPeriod,1764343195.599133,533.9392161369324,False
384,0,25,TargetPresentation,1764343196.9662895,535.3063769340515,False
385,0,25,TargetRemoval,1764343197.1326835,535.4727666378021,True
386,0,25,TargetReappeared,1764343197.3824496,535.722532749176,False
387,0,25,RightResponse,1764343197.8612967,536.201379776001,False
388,0,26,FeedbackPeriodStarted,1764343197.8750753,536.2151589393616,False
389,0,26,startFixDisplay,1764343197.8751783,536.2152619361877,False
390,0,26,startFixPeriod,1764343198.0486317,536.3887155056,False
391,0,26,TargetPresentation,1764343199.4503837,537.7904696464539,False
392,0,26,TargetDisplacement,1764343199.582287,537.9223730564117,True
393,0,26,RightResponse,1764343200.1515107,538.4915959835052,False
394,0,27,FeedbackPeriodStarted,1764343200.1720448,538.5121309757233,False
395,0,27,startFixDisplay,1764343200.1721845,538.5122694969177,False
396,0,27,startFixPeriod,1764343200.345425,538.6855084896088,False
397,0,27,TargetPresentation,1764343201.365502,539.7055859565735,False
398,0,27,TargetDisplacement,1764343201.3723786,539.7124621868134,True
399,0,27,RightResponse,1764343202.260687,540.6007699966431,False
400,0,28,FeedbackPeriodStarted,1764343202.2744236,540.6145067214966,False
401,0,28,startFixDisplay,1764343202.2744727,540.6145555973053,False
402,0,28,startFixPeriod,1764343202.4757318,540.8158149719238,False
403,0,28,TargetPresentation,1764343203.8912039,542.231287240982,False
404,0,28,TargetDisplacement,1764343203.8982563,542.2383420467377,True
405,0,28,RightResponse,1764343204.6546474,542.9947304725647,False
406,0,29,FeedbackPeriodStarted,1764343204.6685126,543.0085985660553,False
407,0,29,startFixDisplay,1764343204.6686606,543.0087459087372,False
408,0,29,startFixPeriod,1764343204.8420281,543.1821131706238,False
409,0,29,TargetPresentation,1764343205.4387372,543.778820514679,False
410,0,29,TargetRemoval,1764343205.4457338,543.7858197689056,True
411,0,29,TargetReappeared,1764343205.6955357,544.0356197357178,False
412,0,29,LeftResponse,1764343207.0490108,545.3890960216522,False
413,0,30,FeedbackPeriodStarted,1764343207.062335,545.4024181365967,False
414,0,30,startFixDisplay,1764343207.0623822,545.4024651050568,False
415,0,30,startFixPeriod,1764343207.2567854,545.5968713760376,False
416,0,30,TargetPresentation,1764343208.6029768,546.9430627822876,False
417,0,30,TargetDisplacement,1764343208.7208807,547.0609664916992,True
418,0,30,LeftResponse,1764343209.567852,547.9079375267029,False
419,0,30,FeedbackPeriodStarted,1764343209.5745633,547.9146466255188,False
420,0,31,startFixDisplay,1764343211.5797977,549.9198844432831,False
421,0,31,startFixPeriod,1764343212.023971,550.3640587329865,False
422,0,31,TargetPresentation,1764343213.4810314,551.8211147785187,False
423,0,31,TargetDisplacement,1764343213.6059363,551.946019411087,True
424,0,31,RightResponse,1764343214.424832,552.7649149894714,False
425,0,32,FeedbackPeriodStarted,1764343214.4385593,552.7786431312561,False
426,0,32,startFixDisplay,1764343214.4386265,552.7787096500397,False
427,0,32,startFixPeriod,1764343214.6260726,552.9661598205566,False
428,0,32,TargetPresentation,1764343216.110887,554.4509704113007,False
429,0,32,TargetDisplacement,1764343216.249746,554.5898292064667,True
430,0,32,RightResponse,1764343216.9925866,555.3326730728149,False
431,0,33,FeedbackPeriodStarted,1764343217.0061195,555.3462057113647,False
432,0,33,startFixDisplay,1764343217.0062525,555.3463373184204,False
433,0,33,startFixPeriod,1764343217.172685,555.5127699375153,False
434,0,33,TargetPresentation,1764343218.4424345,556.7825181484222,False
435,0,33,TargetRemoval,1764343218.6160512,556.9561388492584,True
436,0,33,TargetReappeared,1764343218.865723,557.2058057785034,False
437,0,33,LeftResponse,1764343219.7817538,558.1218371391296,False
438,0,34,FeedbackPeriodStarted,1764343219.7956305,558.135716676712,False
439,0,34,startFixDisplay,1764343219.7957733,558.1358580589294,False
440,0,34,startFixPeriod,1764343219.9830506,558.3231372833252,False
441,0,34,TargetPresentation,1764343221.2527404,559.5928239822388,False
442,0,34,TargetRemoval,1764343221.398374,559.7384572029114,True
443,0,34,TargetReappeared,1764343221.6483355,559.9884212017059,False
444,0,34,RightResponse,1764343222.8490858,561.1891713142395,False
445,0,35,FeedbackPeriodStarted,1764343222.869478,561.2095608711243,False
446,0,35,startFixDisplay,1764343222.8695269,561.209609746933,False
447,0,35,startFixPeriod,1764343223.2930048,561.6330909729004,False
448,0,35,TargetPresentation,1764343223.8480864,562.1881723403931,False
449,0,35,TargetRemoval,1764343223.9659348,562.3060204982758,True
450,0,35,TargetReappeared,1764343224.2157586,562.5558431148529,False
451,0,35,RightResponse,1764343225.1248102,563.4648938179016,False
452,0,36,FeedbackPeriodStarted,1764343225.1385343,563.4786176681519,False
453,0,36,startFixDisplay,1764343225.1385863,563.4786691665649,False
454,0,36,startFixPeriod,1764343226.651383,564.9914677143097,False
455,0,36,TargetPresentation,1764343227.289695,565.6297783851624,False
456,0,36,TargetDisplacement,1764343227.4425151,565.782598733902,True
457,0,36,LeftResponse,1764343228.4901872,566.8302702903748,False
458,0,36,FeedbackPeriodStarted,1764343228.497092,566.8371753692627,False
459,0,37,startFixDisplay,1764343230.64812,568.9882032871246,False
460,0,37,startFixPeriod,1764343230.8702636,569.2103478908539,False
461,0,37,TargetPresentation,1764343231.4879546,569.828040599823,False
462,0,37,TargetDisplacement,1764343231.6334574,569.9735405445099,True
463,0,37,LeftResponse,1764343232.3417165,570.6818022727966,False
464,0,38,FeedbackPeriodStarted,1764343232.3552415,570.6953272819519,False
465,0,38,startFixDisplay,1764343232.355374,570.6954591274261,False
466,0,38,startFixPeriod,1764343233.0629976,571.403080701828,False
467,0,38,TargetPresentation,1764343233.8402655,572.1803495883942,False
468,0,38,TargetRemoval,1764343233.9720008,572.312084197998,True
469,0,38,TargetReappeared,1764343234.2217739,572.5618569850922,False
470,0,38,RightResponse,1764343235.0268831,573.3669662475586,False
471,0,39,FeedbackPeriodStarted,1764343235.0405958,573.3806798458099,False
472,0,39,startFixDisplay,1764343235.040658,573.3807411193848,False
473,0,39,startFixPeriod,1764343235.554229,573.8943150043488,False
474,0,39,TargetPresentation,1764343236.4840202,574.8241069316864,False
475,0,39,TargetDisplacement,1764343236.6642692,575.0043528079987,True
476,0,39,LeftResponse,1764343237.8928492,576.2329342365265,False
477,0,40,FeedbackPeriodStarted,1764343237.9063601,576.246443271637,False
478,0,40,startFixDisplay,1764343237.9064083,576.2464911937714,False
479,0,40,startFixPeriod,1764343238.072963,576.4130463600159,False
480,0,40,TargetPresentation,1764343239.4261708,577.766256570816,False
481,0,40,TargetRemoval,1764343239.571757,577.9118404388428,True
482,0,40,TargetReappeared,1764343239.8215537,578.1616370677948,False
483,0,40,RightResponse,1764343240.68218,579.0222632884979,False
484,0,41,FeedbackPeriodStarted,1764343240.7027812,579.0428643226624,False
485,0,41,startFixDisplay,1764343240.70283,579.0429129600525,False
486,0,41,startFixPeriod,1764343240.9387755,579.2788589000702,False
487,0,41,TargetPresentation,1764343242.021409,580.361495256424,False
488,0,41,TargetRemoval,1764343242.1808102,580.5208933353424,True
489,0,41,TargetReappeared,1764343242.4307628,580.7708489894867,False
490,0,41,LeftResponse,1764343243.2080204,581.5481040477753,False
491,0,42,FeedbackPeriodStarted,1764343243.221694,581.5617771148682,False
492,0,42,startFixDisplay,1764343243.221743,581.5618257522583,False
493,0,42,startFixPeriod,1764343243.457664,581.7977476119995,False
494,0,42,TargetPresentation,1764343244.026679,582.3667621612549,False
495,0,42,TargetDisplacement,1764343244.248762,582.5888476371765,True
496,0,42,LeftResponse,1764343245.7409532,584.0810379981995,False
497,0,42,FeedbackPeriodStarted,1764343245.7475712,584.0876545906067,False
498,0,43,startFixDisplay,1764343247.7529943,586.093080997467,False
499,0,43,startFixPeriod,1764343248.2108548,586.5509383678436,False
500,0,43,TargetPresentation,1764343249.5779848,587.9180710315704,False
501,0,43,TargetRemoval,1764343249.716629,588.0567123889923,True
502,0,43,TargetReappeared,1764343249.9665053,588.3065905570984,False
503,0,43,LeftResponse,1764343250.7371624,589.0772476196289,False
504,0,44,FeedbackPeriodStarted,1764343250.750544,589.0906274318695,False
505,0,44,startFixDisplay,1764343250.7506013,589.0906841754913,False
506,0,44,startFixPeriod,1764343251.021222,589.361307144165,False
507,0,44,TargetPresentation,1764343251.7568774,590.0969634056091,False
508,0,44,TargetDisplacement,1764343251.9024808,590.242564201355,True
509,0,44,LeftResponse,1764343252.7769334,591.1170167922974,False
510,0,45,FeedbackPeriodStarted,1764343252.790592,591.1306750774384,False
511,0,45,startFixDisplay,1764343252.7907014,591.1307842731476,False
512,0,45,startFixPeriod,1764343253.1514668,591.4915502071381,False
513,0,45,TargetPresentation,1764343253.824515,592.1645982265472,False
514,0,45,TargetDisplacement,1764343253.831627,592.1717114448547,True
515,0,45,RightResponse,1764343254.8797696,593.2198548316956,False
516,0,46,FeedbackPeriodStarted,1764343254.89324,593.233325958252,False
517,0,46,startFixDisplay,1764343254.8933709,593.2334554195404,False
518,0,46,startFixPeriod,1764343255.0806174,593.4207015037537,False
519,0,46,TargetPresentation,1764343255.934183,594.2742688655853,False
520,0,46,TargetRemoval,1764343256.0519185,594.3920016288757,True
521,0,46,TargetReappeared,1764343256.3017862,594.6418700218201,False
522,0,46,RightResponse,1764343257.6133356,595.9534184932709,False
523,0,47,FeedbackPeriodStarted,1764343257.6272144,595.9673001766205,False
524,0,47,startFixDisplay,1764343257.6273453,595.9674298763275,False
525,0,47,startFixPeriod,1764343257.8145564,596.1546404361725,False
526,0,47,TargetPresentation,1764343258.5015028,596.8415861129761,False
527,0,47,TargetDisplacement,1764343258.6333666,596.9734525680542,True
528,0,47,RightResponse,1764343260.528074,598.8681592941284,False
529,0,48,FeedbackPeriodStarted,1764343260.5415547,598.8816375732422,False
530,0,48,startFixDisplay,1764343260.5416088,598.8816916942596,False
531,0,48,startFixPeriod,1764343260.7636843,599.1037702560425,False
532,0,48,TargetPresentation,1764343261.450562,599.7906453609467,False
533,0,48,TargetDisplacement,1764343261.5962105,599.9362936019897,True
534,0,48,RightResponse,1764343262.8804014,601.2204868793488,False
535,0,48,FeedbackPeriodStarted,1764343262.887051,601.2271373271942,False
536,0,49,startFixDisplay,1764343264.8922625,603.2323458194733,False
537,0,49,startFixPeriod,1764343265.0935965,603.4336805343628,False
538,0,49,TargetPresentation,1764343266.0372186,604.3773016929626,False
539,0,49,TargetDisplacement,1764343266.183005,604.5230882167816,True
540,0,49,LeftResponse,1764343266.786781,605.12686419487,False
541,0,50,FeedbackPeriodStarted,1764343266.800499,605.1405820846558,False
542,0,50,startFixDisplay,1764343266.8006043,605.1406877040863,False
543,0,50,startFixPeriod,1764343267.029669,605.3697552680969,False
544,0,50,TargetPresentation,1764343268.389581,606.7296643257141,False
545,0,50,TargetRemoval,1764343268.5283935,606.8684763908386,True
546,0,50,TargetReappeared,1764343268.778337,607.1184229850769,False
547,0,50,RightResponse,1764343270.2287912,608.5688745975494,False
548,0,51,FeedbackPeriodStarted,1764343270.2422695,608.582352399826,False
549,0,51,startFixDisplay,1764343270.242318,608.582400560379,False
550,0,51,startFixPeriod,1764343270.5545113,608.8945949077606,False
551,0,51,TargetPresentation,1764343271.9633777,610.3034653663635,False
552,0,51,TargetDisplacement,1764343272.1230314,610.463118314743,True
553,0,51,RightResponse,1764343273.4552157,611.7952990531921,False
554,0,52,FeedbackPeriodStarted,1764343273.468921,611.8090040683746,False
555,0,52,startFixDisplay,1764343273.4689584,611.8090410232544,False
556,0,52,startFixPeriod,1764343273.6633823,612.0034701824188,False
557,0,52,TargetPresentation,1764343274.579366,612.9194519519806,False
558,0,52,TargetDisplacement,1764343274.5862625,612.9263486862183,True
559,0,52,LeftResponse,1764343275.6409347,613.9810175895691,False
560,0,53,FeedbackPeriodStarted,1764343275.6547124,613.9947953224182,False
561,0,53,startFixDisplay,1764343275.65476,613.9948427677155,False
562,0,53,startFixPeriod,1764343276.05734,614.3974258899689,False
563,0,53,TargetPresentation,1764343277.3340864,615.674170255661,False
564,0,53,TargetDisplacement,1764343277.4450593,615.7851424217224,True
565,0,53,LeftResponse,1764343278.5831554,616.9232387542725,False
566,0,54,FeedbackPeriodStarted,1764343278.5969872,616.9370727539062,False
567,0,54,startFixDisplay,1764343278.5971184,616.9372034072876,False
568,0,54,startFixPeriod,1764343278.992456,617.3325395584106,False
569,0,54,TargetPresentation,1764343280.4566162,618.7966997623444,False
570,0,54,TargetRemoval,1764343280.5954266,618.9355099201202,True
571,0,54,TargetReappeared,1764343280.8452702,619.185357093811,False
572,0,54,LeftResponse,1764343281.9488783,620.288961648941,False
573,0,54,FeedbackPeriodStarted,1764343281.9554977,620.2955815792084,False
574,0,55,startFixDisplay,1764343283.9607494,622.3008329868317,False
575,0,55,startFixPeriod,1764343284.3563952,622.6964812278748,False
576,0,55,TargetPresentation,1764343285.3417404,623.6818261146545,False
577,0,55,TargetDisplacement,1764343285.5083122,623.8483979701996,True
578,0,55,RightResponse,1764343286.2229655,624.5630486011505,False
579,0,56,FeedbackPeriodStarted,1764343286.2367358,624.5768189430237,False
580,0,56,startFixDisplay,1764343286.2367852,624.5768678188324,False
581,0,56,startFixPeriod,1764343286.4310427,624.771125793457,False
582,0,56,TargetPresentation,1764343287.4511416,625.7912249565125,False
583,0,56,TargetRemoval,1764343287.596904,625.9369871616364,True
584,0,56,TargetReappeared,1764343287.8468046,626.1868906021118,False
585,0,56,RightResponse,1764343289.2068186,627.5469019412994,False
586,0,57,FeedbackPeriodStarted,1764343289.2205226,627.5606060028076,False
587,0,57,startFixDisplay,1764343289.2205615,627.5606441497803,False
588,0,57,startFixPeriod,1764343289.4010158,627.741099357605,False
589,0,57,TargetPresentation,1764343290.2266743,628.566757440567,False
590,0,57,TargetRemoval,1764343290.2336926,628.5737760066986,True
591,0,57,TargetReappeared,1764343290.483523,628.8236060142517,False
592,0,57,LeftResponse,1764343291.8019767,630.142059803009,False
593,0,58,FeedbackPeriodStarted,1764343291.815917,630.1560037136078,False
594,0,58,startFixDisplay,1764343291.8160646,630.1561496257782,False
595,0,58,startFixPeriod,1764343292.065634,630.4057173728943,False
596,0,58,TargetPresentation,1764343292.8011456,631.1412289142609,False
597,0,58,TargetRemoval,1764343292.808219,631.1483063697815,True
598,0,58,TargetReappeared,1764343293.0579143,631.3979976177216,False
599,0,58,RightResponse,1764343294.0437784,632.3838613033295,False
600,0,59,FeedbackPeriodStarted,1764343294.0570517,632.3971347808838,False
601,0,59,startFixDisplay,1764343294.057107,632.3971900939941,False
602,0,59,startFixPeriod,1764343294.4319544,632.7720415592194,False
603,0,59,TargetPresentation,1764343295.590643,633.9307262897491,False
604,0,59,TargetDisplacement,1764343295.7364485,634.0765326023102,True
605,0,59,RightResponse,1764343296.8189468,635.1590297222137,False
606,0,60,FeedbackPeriodStarted,1764343296.8326695,635.1727528572083,False
607,0,60,startFixDisplay,1764343296.8327246,635.1728074550629,False
608,0,60,startFixPeriod,1764343297.0061939,635.346277475357,False
609,0,60,TargetPresentation,1764343298.0055163,636.3456025123596,False
610,0,60,TargetDisplacement,1764343298.0122986,636.3523819446564,True
611,0,60,LeftResponse,1764343298.755262,637.09534740448,False
612,0,60,FeedbackPeriodStarted,1764343298.7688556,637.1089417934418,False
613,0,61,startFixDisplay,1764343300.7740202,639.1141035556793,False
614,0,61,startFixPeriod,1764343300.9754755,639.3155586719513,False
615,0,61,TargetPresentation,1764343301.794247,640.1343326568604,False
616,0,61,TargetDisplacement,1764343301.9467032,640.2867863178253,True
617,0,61,LeftResponse,1764343303.1615863,641.5016722679138,False
618,0,62,FeedbackPeriodStarted,1764343303.17506,641.5151460170746,False
619,0,62,startFixDisplay,1764343303.1751847,641.5152697563171,False
620,0,62,startFixPeriod,1764343303.3486402,641.6887238025665,False
621,0,62,TargetPresentation,1764343304.0146513,642.3547344207764,False
622,0,62,TargetDisplacement,1764343304.1395333,642.4796166419983,True
623,0,62,LeftResponse,1764343305.1110458,643.4511291980743,False
624,0,63,FeedbackPeriodStarted,1764343305.1250036,643.4650900363922,False
625,0,63,startFixDisplay,1764343305.1251473,643.4652321338654,False
626,0,63,startFixPeriod,1764343305.346884,643.6869676113129,False
627,0,63,TargetPresentation,1764343306.6862874,645.026373386383,False
628,0,63,TargetRemoval,1764343306.83884,645.1789255142212,True
629,0,63,TargetReappeared,1764343307.088773,645.4288589954376,False
630,0,63,RightResponse,1764343308.0813165,646.4214015007019,False
631,0,64,FeedbackPeriodStarted,1764343308.1016479,646.4417309761047,False
632,0,64,startFixDisplay,1764343308.101696,646.4417786598206,False
633,0,64,startFixPeriod,1764343308.3099058,646.64998960495,False
634,0,64,TargetPresentation,1764343309.7323892,648.0724728107452,False
635,0,64,TargetDisplacement,1764343309.7394757,648.0795617103577,True
636,0,64,LeftResponse,1764343311.3909347,649.7310180664062,False
637,0,65,FeedbackPeriodStarted,1764343311.4046152,649.7446982860565,False
638,0,65,startFixDisplay,1764343311.4046633,649.7447462081909,False
639,0,65,startFixPeriod,1764343311.6614046,650.0014884471893,False
640,0,65,TargetPresentation,1764343312.5080345,650.8481197357178,False
641,0,65,TargetDisplacement,1764343312.5150728,650.8551588058472,True
642,0,65,LeftResponse,1764343313.6877177,652.0278010368347,False
643,0,65,FeedbackPeriodStarted,1764343313.722299,652.0623824596405,False
644,1,66,startFixDisplay,1764343417.2527275,755.5928108692169,False
645,1,66,startFixPeriod,1764343417.4887066,755.82879114151,False
646,1,66,TargetPresentation,1764343418.3839152,756.7240025997162,False
647,1,66,TargetDisplacement,1764343418.5225105,756.8625936508179,True
648,1,66,LeftResponse,1764343419.5565412,757.8966245651245,False
649,1,67,FeedbackPeriodStarted,1764343419.5703142,757.9104113578796,False
650,1,67,startFixDisplay,1764343419.5703762,757.9104590415955,False
651,1,67,startFixPeriod,1764343421.5618193,759.9019029140472,False
652,1,67,TargetPresentation,1764343422.1171832,760.4572703838348,False
653,1,67,TargetDisplacement,1764343422.2628634,760.6029517650604,True
654,1,67,LeftResponse,1764343422.8735294,761.2136127948761,False
655,1,68,FeedbackPeriodStarted,1764343422.8872669,761.2273502349854,False
656,1,68,startFixDisplay,1764343422.8873246,761.2274076938629,False
657,1,68,startFixPeriod,1764343423.2690141,761.6091015338898,False
658,1,68,TargetPresentation,1764343424.5526154,762.8926990032196,False
659,1,68,TargetRemoval,1764343424.7190733,763.0591566562653,True
660,1,68,TargetReappeared,1764343424.9690602,763.3091473579407,False
661,1,68,RightResponse,1764343425.7532063,764.0932898521423,False
662,1,69,FeedbackPeriodStarted,1764343425.7668655,764.1069483757019,False
663,1,69,startFixDisplay,1764343425.7669127,764.1069955825806,False
664,1,69,startFixPeriod,1764343425.9820952,764.322181224823,False
665,1,69,TargetPresentation,1764343427.161694,765.5017776489258,False
666,1,69,TargetDisplacement,1764343427.3003821,765.640465259552,True
667,1,69,RightResponse,1764343428.6748514,767.0149366855621,False
668,1,70,FeedbackPeriodStarted,1764343428.7298334,767.0699167251587,False
669,1,70,startFixDisplay,1764343428.7298825,767.0699653625488,False
670,1,70,startFixPeriod,1764343428.910417,767.2505030632019,False
671,1,70,TargetPresentation,1764343430.1178133,768.4578993320465,False
672,1,70,TargetRemoval,1764343430.2564833,768.5965664386749,True
673,1,70,TargetReappeared,1764343430.5063922,768.8464782238007,False
674,1,70,LeftResponse,1764343431.5472667,769.8873505592346,False
675,1,71,FeedbackPeriodStarted,1764343431.5679703,769.9080541133881,False
676,1,71,startFixDisplay,1764343431.5680294,769.9081125259399,False
677,1,71,startFixPeriod,1764343431.9566092,770.2966923713684,False
678,1,71,TargetPresentation,1764343432.4977937,770.837877035141,False
679,1,71,TargetDisplacement,1764343432.650503,770.9905886650085,True
680,1,71,RightResponse,1764343433.6219738,771.9620568752289,False
681,1,72,FeedbackPeriodStarted,1764343433.6357396,771.9758229255676,False
682,1,72,startFixDisplay,1764343433.6357965,771.9758796691895,False
683,1,72,startFixPeriod,1764343433.8439453,772.1840286254883,False
684,1,72,TargetPresentation,1764343434.6004457,772.9405331611633,False
685,1,72,TargetRemoval,1764343434.7531896,773.0932755470276,True
686,1,72,TargetReappeared,1764343435.0030465,773.3431329727173,False
687,1,72,LeftResponse,1764343436.0647235,774.4048073291779,False
688,1,72,FeedbackPeriodStarted,1764343436.0714648,774.4115505218506,False
689,1,73,startFixDisplay,1764343438.0767188,776.416802406311,False
690,1,73,startFixPeriod,1764343438.5972898,776.937374830246,False
691,1,73,TargetPresentation,1764343439.4922936,777.8323774337769,False
692,1,73,TargetRemoval,1764343439.6241076,777.9641907215118,True
693,1,73,TargetReappeared,1764343439.8739312,778.2140145301819,False
694,1,73,RightResponse,1764343440.6583405,778.998425245285,False
695,1,74,FeedbackPeriodStarted,1764343440.6719086,779.0119917392731,False
696,1,74,startFixDisplay,1764343440.6720045,779.0120875835419,False
697,1,74,startFixPeriod,1764343440.8454952,779.185578584671,False
698,1,74,TargetPresentation,1764343441.678087,780.0181701183319,False
699,1,74,TargetRemoval,1764343441.844625,780.1847078800201,True
700,1,74,TargetReappeared,1764343442.0945237,780.4346067905426,False
701,1,74,RightResponse,1764343443.5031536,781.8432369232178,False
702,1,75,FeedbackPeriodStarted,1764343443.5171256,781.8572115898132,False
703,1,75,startFixDisplay,1764343443.5172522,781.8573372364044,False
704,1,75,startFixPeriod,1764343443.6905124,782.0305964946747,False
705,1,75,TargetPresentation,1764343444.5439382,782.8840217590332,False
706,1,75,TargetRemoval,1764343444.6828065,783.022890329361,True
707,1,75,TargetReappeared,1764343444.932631,783.272714138031,False
708,1,75,RightResponse,1764343445.6126356,783.9527187347412,False
709,1,76,FeedbackPeriodStarted,1764343445.6264207,783.9665038585663,False
710,1,76,startFixDisplay,1764343445.6264749,783.9665582180023,False
711,1,76,startFixPeriod,1764343445.8278546,784.1679420471191,False
712,1,76,TargetPresentation,1764343446.4660916,784.806174993515,False
713,1,76,TargetDisplacement,1764343446.618747,784.9588301181793,True
714,1,76,LeftResponse,1764343448.1874692,786.5275549888611,False
715,1,77,FeedbackPeriodStarted,1764343448.2078152,786.5478994846344,False
716,1,77,startFixDisplay,1764343448.2079544,786.5480382442474,False
717,1,77,startFixPeriod,1764343448.3811865,786.7212698459625,False
718,1,77,TargetPresentation,1764343449.1446033,787.48468708992,False
719,1,77,TargetRemoval,1764343449.3318453,787.6719286441803,True
720,1,77,TargetReappeared,1764343449.581724,787.9218075275421,False
721,1,77,RightResponse,1764343450.5950365,788.9351193904877,False
722,1,78,FeedbackPeriodStarted,1764343450.6086226,788.9487056732178,False
723,1,78,startFixDisplay,1764343450.6086712,788.9487540721893,False
724,1,78,startFixPeriod,1764343451.1152496,789.4553329944611,False
725,1,78,TargetPresentation,1764343452.3365119,790.6765949726105,False
726,1,78,TargetDisplacement,1764343452.4754586,790.8155462741852,True
727,1,78,LeftResponse,1764343453.2739358,791.6140196323395,False
728,1,78,FeedbackPeriodStarted,1764343453.2803566,791.6204438209534,False
729,1,79,startFixDisplay,1764343455.2855532,793.6256375312805,False
730,1,79,startFixPeriod,1764343455.6672208,794.0073039531708,False
731,1,79,TargetPresentation,1764343456.7843952,795.1244783401489,False
732,1,79,TargetDisplacement,1764343456.9372292,795.2773180007935,True
733,1,79,RightResponse,1764343457.818899,796.1589820384979,False
734,1,80,FeedbackPeriodStarted,1764343457.8391132,796.179196357727,False
735,1,80,startFixDisplay,1764343457.8391678,796.1792507171631,False
736,1,80,startFixPeriod,1764343458.012575,796.3526582717896,False
737,1,80,TargetPresentation,1764343459.26868,797.6087641716003,False
738,1,80,TargetDisplacement,1764343459.3935509,797.7336344718933,True
739,1,80,LeftResponse,1764343460.3511355,798.6912190914154,False
740,1,81,FeedbackPeriodStarted,1764343460.3649101,798.7049934864044,False
741,1,81,startFixDisplay,1764343460.3649669,798.7050497531891,False
742,1,81,startFixPeriod,1764343460.5106273,798.850711107254,False
743,1,81,TargetPresentation,1764343461.843081,800.1831669807434,False
744,1,81,TargetDisplacement,1764343461.9678028,800.3078861236572,True
745,1,81,RightResponse,1764343462.7659614,801.1060450077057,False
746,1,82,FeedbackPeriodStarted,1764343462.7796786,801.11976146698,False
747,1,82,startFixDisplay,1764343462.7797427,801.1198258399963,False
748,1,82,startFixPeriod,1764343462.9602582,801.3003439903259,False
749,1,82,TargetPresentation,1764343464.25771,802.597793340683,False
750,1,82,TargetRemoval,1764343464.382587,802.722669839859,True
751,1,82,TargetReappeared,1764343464.6326275,802.9727137088776,False
752,1,82,LeftResponse,1764343465.1807392,803.5208225250244,False
753,1,83,FeedbackPeriodStarted,1764343465.1944747,803.5345578193665,False
754,1,83,startFixDisplay,1764343465.1945238,803.5346066951752,False
755,1,83,startFixPeriod,1764343465.3610759,803.7011594772339,False
756,1,83,TargetPresentation,1764343466.8044019,805.1444866657257,False
757,1,83,TargetDisplacement,1764343466.9224555,805.2625422477722,True
758,1,83,RightResponse,1764343467.880261,806.2203454971313,False
759,1,84,FeedbackPeriodStarted,1764343467.9006927,806.2407760620117,False
760,1,84,startFixDisplay,1764343467.9007413,806.2408242225647,False
761,1,84,startFixPeriod,1764343468.046499,806.3865826129913,False
762,1,84,TargetPresentation,1764343469.0249095,807.3649938106537,False
763,1,84,TargetRemoval,1764343469.1705527,807.5106360912323,True
764,1,84,TargetReappeared,1764343469.4204867,807.7605700492859,False
765,1,84,LeftResponse,1764343469.9412134,808.2812991142273,False
766,1,84,FeedbackPeriodStarted,1764343469.9546616,808.2947449684143,False
767,1,85,startFixDisplay,1764343471.9600778,810.3001616001129,False
768,1,85,startFixPeriod,1764343472.2446132,810.5846965312958,False
769,1,85,TargetPresentation,1764343473.2092762,811.5493636131287,False
770,1,85,TargetRemoval,1764343473.340972,811.6810550689697,True
771,1,85,TargetReappeared,1764343473.5907407,811.9308240413666,False
772,1,85,RightResponse,1764343474.3127341,812.6528186798096,False
773,1,86,FeedbackPeriodStarted,1764343474.3333926,812.6734802722931,False
774,1,86,startFixDisplay,1764343474.3336287,812.6737163066864,False
775,1,86,startFixPeriod,1764343474.7704217,813.1105048656464,False
776,1,86,TargetPresentation,1764343475.5822823,813.9223654270172,False
777,1,86,TargetDisplacement,1764343475.7141435,814.0542271137238,True
778,1,86,LeftResponse,1764343476.8314264,815.1715097427368,False
779,1,87,FeedbackPeriodStarted,1764343476.8451004,815.1851835250854,False
780,1,87,startFixDisplay,1764343476.8451478,815.1852307319641,False
781,1,87,startFixPeriod,1764343477.0256264,815.3657095432281,False
782,1,87,TargetPresentation,1764343478.1774457,816.5175287723541,False
783,1,87,TargetRemoval,1764343478.2955492,816.6356363296509,True
784,1,87,TargetReappeared,1764343478.5453494,816.8854367733002,False
785,1,87,RightResponse,1764343479.6417577,817.9818410873413,False
786,1,88,FeedbackPeriodStarted,1764343479.6624222,818.0025057792664,False
787,1,88,startFixDisplay,1764343479.6624777,818.0025608539581,False
788,1,88,startFixPeriod,1764343479.8567803,818.1968641281128,False
789,1,88,TargetPresentation,1764343480.6199777,818.9600613117218,False
790,1,88,TargetRemoval,1764343480.7519565,819.0920436382294,True
791,1,88,TargetReappeared,1764343481.0016537,819.3417372703552,False
792,1,88,RightResponse,1764343481.7927768,820.1328597068787,False
793,1,89,FeedbackPeriodStarted,1764343481.8135347,820.1536180973053,False
794,1,89,startFixDisplay,1764343481.8136017,820.1536846160889,False
795,1,89,startFixPeriod,1764343482.049563,820.3896689414978,False
796,1,89,TargetPresentation,1764343483.1945066,821.5345942974091,False
797,1,89,TargetRemoval,1764343483.3678858,821.7079689502716,True
798,1,89,TargetReappeared,1764343483.6177113,821.9577949047089,False
799,1,89,RightResponse,1764343484.4781837,822.8182671070099,False
800,1,90,FeedbackPeriodStarted,1764343484.4919796,822.832062959671,False
801,1,90,startFixDisplay,1764343484.4920375,822.8321206569672,False
802,1,90,startFixPeriod,1764343484.630883,822.9709706306458,False
803,1,90,TargetPresentation,1764343485.158095,823.4981780052185,False
804,1,90,TargetRemoval,1764343485.2900398,823.6301255226135,True
805,1,90,TargetReappeared,1764343485.5398042,823.8798878192902,False
806,1,90,RightResponse,1764343486.4489362,824.7890191078186,False
807,1,90,FeedbackPeriodStarted,1764343486.4557528,824.7958362102509,False
808,1,91,startFixDisplay,1764343488.4680378,826.8081214427948,False
809,1,91,startFixPeriod,1764343488.4749186,826.8150017261505,False
810,1,91,TargetPresentation,1764343489.6962838,828.0363674163818,False
811,1,91,TargetRemoval,1764343489.8351884,828.1752743721008,True
812,1,91,TargetReappeared,1764343490.084981,828.4250671863556,False
813,1,91,LeftResponse,1764343490.9734263,829.3135130405426,False
814,1,92,FeedbackPeriodStarted,1764343490.9868536,829.3269369602203,False
815,1,92,startFixDisplay,1764343490.9869018,829.3269846439362,False
816,1,92,startFixPeriod,1764343491.1812506,829.5213356018066,False
817,1,92,TargetPresentation,1764343492.3124225,830.6525094509125,False
818,1,92,TargetDisplacement,1764343492.4509869,830.7910697460175,True
819,1,92,LeftResponse,1764343493.7144122,832.0544984340668,False
820,1,93,FeedbackPeriodStarted,1764343493.7277734,832.0678565502167,False
821,1,93,startFixDisplay,1764343493.727821,832.0679037570953,False
822,1,93,startFixPeriod,1764343493.9152782,832.2553641796112,False
823,1,93,TargetPresentation,1764343494.4773903,832.8174765110016,False
824,1,93,TargetDisplacement,1764343494.6299193,832.970002412796,True
825,1,93,LeftResponse,1764343495.6431005,833.9831836223602,False
826,1,94,FeedbackPeriodStarted,1764343495.656826,833.9969093799591,False
827,1,94,startFixDisplay,1764343495.6568747,833.9969575405121,False
828,1,94,startFixPeriod,1764343495.8650744,834.2051589488983,False
829,1,94,TargetPresentation,1764343496.3857372,834.7258236408234,False
830,1,94,TargetDisplacement,1764343496.5172577,834.8573408126831,True
831,1,94,LeftResponse,1764343497.489218,835.8293032646179,False
832,1,95,FeedbackPeriodStarted,1764343497.5096195,835.849702835083,False
833,1,95,startFixDisplay,1764343497.5096679,835.8497505187988,False
834,1,95,startFixPeriod,1764343497.7664154,836.1065006256104,False
835,1,95,TargetPresentation,1764343498.9808054,837.3208913803101,False
836,1,95,TargetDisplacement,1764343499.1403396,837.4804255962372,True
837,1,95,RightResponse,1764343500.902923,839.243005990982,False
838,1,96,FeedbackPeriodStarted,1764343500.9166188,839.2567019462585,False
839,1,96,startFixDisplay,1764343500.9167128,839.2567954063416,False
840,1,96,startFixPeriod,1764343501.0972393,839.4373254776001,False
841,1,96,TargetPresentation,1764343502.0685608,840.4086441993713,False
842,1,96,TargetDisplacement,1764343502.207385,840.5474708080292,True
843,1,96,LeftResponse,1764343503.3871162,841.7271993160248,False
844,1,96,FeedbackPeriodStarted,1764343503.3939252,841.7340080738068,False
845,1,97,startFixDisplay,1764343505.3992312,843.7393145561218,False
846,1,97,startFixPeriod,1764343505.7462838,844.0863676071167,False
847,1,97,TargetPresentation,1764343506.4888127,844.8288986682892,False
848,1,97,TargetDisplacement,1764343506.6205823,844.9606657028198,True
849,1,97,LeftResponse,1764343507.7378974,846.0779805183411,False
850,1,98,FeedbackPeriodStarted,1764343507.751582,846.0916652679443,False
851,1,98,startFixDisplay,1764343507.751632,846.0917146205902,False
852,1,98,startFixPeriod,1764343508.1195257,846.459609746933,False
853,1,98,TargetPresentation,1764343509.4795177,847.8196020126343,False
854,1,98,TargetRemoval,1764343509.6253197,847.9654054641724,True
855,1,98,TargetReappeared,1764343509.8750746,848.215160369873,False
856,1,98,LeftResponse,1764343511.0619352,849.4020204544067,False
857,1,99,FeedbackPeriodStarted,1764343511.0824325,849.422518491745,False
858,1,99,startFixDisplay,1764343511.0825644,849.4226677417755,False
859,1,99,startFixPeriod,1764343511.24905,849.5891361236572,False
860,1,99,TargetPresentation,1764343512.6507177,850.9908013343811,False
861,1,99,TargetDisplacement,1764343512.78942,851.1295056343079,True
862,1,99,RightResponse,1764343513.8722558,852.2123408317566,False
863,1,100,FeedbackPeriodStarted,1764343513.8856745,852.225757598877,False
864,1,100,startFixDisplay,1764343513.885723,852.2258059978485,False
865,1,100,startFixPeriod,1764343514.0801775,852.4202635288239,False
866,1,100,TargetPresentation,1764343514.6144836,852.9545695781708,False
867,1,100,TargetDisplacement,1764343514.7739773,853.1140630245209,True
868,1,100,RightResponse,1764343516.113309,854.4533922672272,False
869,1,101,FeedbackPeriodStarted,1764343516.1339407,854.4740238189697,False
870,1,101,startFixDisplay,1764343516.1340375,854.4741203784943,False
871,1,101,startFixPeriod,1764343516.5643477,854.904433965683,False
872,1,101,TargetPresentation,1764343517.646862,855.9869482517242,False
873,1,101,TargetDisplacement,1764343517.889631,856.2297165393829,True
874,1,101,RightResponse,1764343518.9585562,857.2986414432526,False
875,1,102,FeedbackPeriodStarted,1764343518.979111,857.3191967010498,False
876,1,102,startFixDisplay,1764343518.9792461,857.3193309307098,False
877,1,102,startFixPeriod,1764343519.1526117,857.492698431015,False
878,1,102,TargetPresentation,1764343520.6096797,858.9497625827789,False
879,1,102,TargetDisplacement,1764343520.9496393,859.289722442627,True
880,1,102,RightResponse,1764343521.9632094,860.3032956123352,False
881,1,102,FeedbackPeriodStarted,1764343521.9697707,860.3098568916321,False
882,1,103,startFixDisplay,1764343523.9750328,862.3151161670685,False
883,1,103,startFixPeriod,1764343524.3846793,862.7247672080994,False
884,1,103,TargetPresentation,1764343525.3491867,863.6892740726471,False
885,1,103,TargetDisplacement,1764343525.4949064,863.8349936008453,True
886,1,103,LeftResponse,1764343526.6258533,864.9659361839294,False
887,1,104,FeedbackPeriodStarted,1764343526.6396234,864.9797065258026,False
888,1,104,startFixDisplay,1764343526.639671,864.9797539710999,False
889,1,104,startFixPeriod,1764343526.8202035,865.1602895259857,False
890,1,104,TargetPresentation,1764343527.5140798,865.8541631698608,False
891,1,104,TargetRemoval,1764343527.6596632,865.9997460842133,True
892,1,104,TargetReappeared,1764343527.9097202,866.2498061656952,False
893,1,104,LeftResponse,1764343529.4293654,867.769449710846,False
894,1,105,FeedbackPeriodStarted,1764343529.4500446,867.7901306152344,False
895,1,105,startFixDisplay,1764343529.4501781,867.7902624607086,False
896,1,105,startFixPeriod,1764343529.6235218,867.9636056423187,False
897,1,105,TargetPresentation,1764343530.6436536,868.9837398529053,False
898,1,105,TargetDisplacement,1764343530.809972,869.1500549316406,True
899,1,105,RightResponse,1764343532.5104935,870.850578546524,False
900,1,106,FeedbackPeriodStarted,1764343532.5241277,870.8642156124115,False
901,1,106,startFixDisplay,1764343532.5243716,870.8644597530365,False
902,1,106,startFixPeriod,1764343532.7390609,871.0791444778442,False
903,1,106,TargetPresentation,1764343533.523366,871.8634517192841,False
904,1,106,TargetDisplacement,1764343533.6619282,872.0020112991333,True
905,1,106,LeftResponse,1764343534.807014,873.1470971107483,False
906,1,107,FeedbackPeriodStarted,1764343534.8207395,873.1608228683472,False
907,1,107,startFixDisplay,1764343534.820787,873.1608698368073,False
908,1,107,startFixPeriod,1764343535.0499153,873.3900012969971,False
909,1,107,TargetPresentation,1764343535.9866512,874.3267357349396,False
910,1,107,TargetDisplacement,1764343536.1184647,874.4585506916046,True
911,1,107,LeftResponse,1764343537.8949232,876.235006570816,False
912,1,108,FeedbackPeriodStarted,1764343537.908629,876.2487120628357,False
913,1,108,startFixDisplay,1764343537.9086764,876.2487592697144,False
914,1,108,startFixPeriod,1764343538.394512,876.7345962524414,False
915,1,108,TargetPresentation,1764343539.8240004,878.1640861034393,False
916,1,108,TargetDisplacement,1764343539.9904368,878.3305225372314,True
917,1,108,RightResponse,1764343541.7529464,880.093029499054,False
918,1,108,FeedbackPeriodStarted,1764343541.7598224,880.0999054908752,False
919,1,109,startFixDisplay,1764343543.76516,882.1052436828613,False
920,1,109,startFixPeriod,1764343544.03596,882.3760440349579,False
921,1,109,TargetPresentation,1764343544.5981274,882.9382140636444,False
922,1,109,TargetDisplacement,1764343544.7366166,883.0766997337341,True
923,1,109,LeftResponse,1764343545.8473327,884.1874182224274,False
924,1,110,FeedbackPeriodStarted,1764343545.8607464,884.2008295059204,False
925,1,110,startFixDisplay,1764343545.8607943,884.2008771896362,False
926,1,110,startFixPeriod,1764343546.082976,884.4230608940125,False
927,1,110,TargetPresentation,1764343546.8740613,885.214147567749,False
928,1,110,TargetDisplacement,1764343547.0265477,885.3666305541992,True
929,1,110,LeftResponse,1764343548.366162,886.7062475681305,False
930,1,111,FeedbackPeriodStarted,1764343548.3865552,886.7266383171082,False
931,1,111,startFixDisplay,1764343548.3866239,886.7267067432404,False
932,1,111,startFixPeriod,1764343548.5671828,886.9072690010071,False
933,1,111,TargetPresentation,1764343549.4483073,887.7883906364441,False
934,1,111,TargetDisplacement,1764343549.593943,887.9340262413025,True
935,1,111,RightResponse,1764343551.2178543,889.5579373836517,False
936,1,112,FeedbackPeriodStarted,1764343551.2315602,889.5716433525085,False
937,1,112,startFixDisplay,1764343551.231615,889.5716977119446,False
938,1,112,startFixPeriod,1764343551.4189732,889.7590572834015,False
939,1,112,TargetPresentation,1764343552.439022,890.7791063785553,False
940,1,112,TargetDisplacement,1764343552.5846655,890.9247486591339,True
941,1,112,LeftResponse,1764343553.7786396,892.1187250614166,False
942,1,113,FeedbackPeriodStarted,1764343553.7922122,892.1322984695435,False
943,1,113,startFixDisplay,1764343553.792347,892.1324317455292,False
944,1,113,startFixPeriod,1764343553.9865015,892.326584815979,False
945,1,113,TargetPresentation,1764343554.534559,892.8746421337128,False
946,1,113,TargetDisplacement,1764343554.7011936,893.0412793159485,True
947,1,113,RightResponse,1764343555.8739297,894.2140128612518,False
948,1,114,FeedbackPeriodStarted,1764343555.894615,894.2346985340118,False
949,1,114,startFixDisplay,1764343555.8946738,894.2347569465637,False
950,1,114,startFixPeriod,1764343556.0680757,894.4081592559814,False
951,1,114,TargetPresentation,1764343556.6926048,895.0326881408691,False
952,1,114,TargetDisplacement,1764343556.8593006,895.1993870735168,True
953,1,114,RightResponse,1764343558.5110576,896.8511428833008,False
954,1,114,FeedbackPeriodStarted,1764343558.5246112,896.8646945953369,False
955,1,115,startFixDisplay,1764343560.529867,898.8699505329132,False
956,1,115,startFixPeriod,1764343560.9046776,899.2447607517242,False
957,1,115,TargetPresentation,1764343562.3895967,900.7296805381775,False
958,1,115,TargetRemoval,1764343562.5284274,900.8685128688812,True
959,1,115,TargetReappeared,1764343562.7781541,901.1182379722595,False
960,1,115,LeftResponse,1764343563.631781,901.9718644618988,False
961,1,116,FeedbackPeriodStarted,1764343563.6454916,901.9855749607086,False
962,1,116,startFixDisplay,1764343563.6455867,901.9856698513031,False
963,1,116,startFixPeriod,1764343563.8400118,902.1800978183746,False
964,1,116,TargetPresentation,1764343564.4573798,902.7974629402161,False
965,1,116,TargetRemoval,1764343564.6100943,902.9501774311066,True
966,1,116,TargetReappeared,1764343564.8599055,903.1999890804291,False
967,1,116,RightResponse,1764343565.942643,904.2827272415161,False
968,1,117,FeedbackPeriodStarted,1764343565.9561942,904.2962772846222,False
969,1,117,startFixDisplay,1764343565.9562414,904.2963242530823,False
970,1,117,startFixPeriod,1764343566.136825,904.4769110679626,False
971,1,117,TargetPresentation,1764343567.3441916,905.6842765808105,False
972,1,117,TargetDisplacement,1764343567.496723,905.8368062973022,True
973,1,117,RightResponse,1764343568.593166,906.9332492351532,False
974,1,118,FeedbackPeriodStarted,1764343568.606906,906.9469890594482,False
975,1,118,startFixDisplay,1764343568.6069543,906.9470369815826,False
976,1,118,startFixPeriod,1764343568.8706918,907.2107758522034,False
977,1,118,TargetPresentation,1764343569.6964025,908.0364856719971,False
978,1,118,TargetRemoval,1764343569.7032952,908.0433785915375,True
979,1,118,TargetReappeared,1764343569.9532905,908.2933764457703,False
980,1,118,LeftResponse,1764343571.8614874,910.2015707492828,False
981,1,119,FeedbackPeriodStarted,1764343571.8753407,910.2154240608215,False
982,1,119,startFixDisplay,1764343571.8753905,910.2154731750488,False
983,1,119,startFixPeriod,1764343572.0765114,910.4165966510773,False
984,1,119,TargetPresentation,1764343573.1035132,911.4435975551605,False
985,1,119,TargetDisplacement,1764343573.2353628,911.575448513031,True
986,1,119,RightResponse,1764343574.9843678,913.3244531154633,False
987,1,120,FeedbackPeriodStarted,1764343575.004802,913.3448851108551,False
988,1,120,startFixDisplay,1764343575.0048504,913.3449330329895,False
989,1,120,startFixPeriod,1764343575.1852589,913.5253450870514,False
990,1,120,TargetPresentation,1764343576.1219497,914.4620327949524,False
991,1,120,TargetRemoval,1764343576.1288888,914.4689719676971,True
992,1,120,TargetReappeared,1764343576.378735,914.7188186645508,False
993,1,120,LeftResponse,1764343577.6348767,915.9749600887299,False
994,1,120,FeedbackPeriodStarted,1764343577.6415975,915.9816806316376,False
995,1,121,startFixDisplay,1764343579.6538727,917.9939560890198,False
996,1,121,startFixPeriod,1764343580.0078154,918.3478989601135,False
997,1,121,TargetPresentation,1764343580.5492024,918.8892884254456,False
998,1,121,TargetDisplacement,1764343580.694698,919.0347809791565,True
999,1,121,LeftResponse,1764343581.5415525,919.8816373348236,False
1000,1,122,FeedbackPeriodStarted,1764343581.5551438,919.8952269554138,False
1001,1,122,startFixDisplay,1764343581.5551918,919.8952746391296,False
1002,1,122,startFixPeriod,1764343581.7356231,920.0757067203522,False
1003,1,122,TargetPresentation,1764343582.5476677,920.887754201889,False
1004,1,122,TargetRemoval,1764343582.6792605,921.0193436145782,True
1005,1,122,TargetReappeared,1764343582.929257,921.2693428993225,False
1006,1,122,LeftResponse,1764343584.2892785,922.6293616294861,False
1007,1,123,FeedbackPeriodStarted,1764343584.3029983,922.6430814266205,False
1008,1,123,startFixDisplay,1764343584.3030457,922.6431283950806,False
1009,1,123,startFixPeriod,1764343584.6014311,922.9415149688721,False
1010,1,123,TargetPresentation,1764343585.7324574,924.0725407600403,False
1011,1,123,TargetDisplacement,1764343585.8713527,924.2114381790161,True
1012,1,123,LeftResponse,1764343587.419035,925.7591187953949,False
1013,1,124,FeedbackPeriodStarted,1764343587.4327013,925.7727875709534,False
1014,1,124,startFixDisplay,1764343587.4328158,925.7728986740112,False
1015,1,124,startFixPeriod,1764343587.6546853,925.9947695732117,False
1016,1,124,TargetPresentation,1764343588.8274238,927.1675095558167,False
1017,1,124,TargetDisplacement,1764343588.9729633,927.3130464553833,True
1018,1,124,RightResponse,1764343589.9101787,928.2502639293671,False
1019,1,125,FeedbackPeriodStarted,1764343589.9305696,928.2706532478333,False
1020,1,125,startFixDisplay,1764343589.93062,928.2707028388977,False
1021,1,125,startFixPeriod,1764343590.118134,928.458220243454,False
1022,1,125,TargetPresentation,1764343591.5196939,929.859777212143,False
1023,1,125,TargetDisplacement,1764343591.651577,929.9916605949402,True
1024,1,125,LeftResponse,1764343592.7551496,931.0952343940735,False
1025,1,126,FeedbackPeriodStarted,1764343592.7755837,931.1156671047211,False
1026,1,126,startFixDisplay,1764343592.7756333,931.1157162189484,False
1027,1,126,startFixPeriod,1764343592.9907074,931.3307907581329,False
1028,1,126,TargetPresentation,1764343594.4132657,932.7533488273621,False
1029,1,126,TargetRemoval,1764343594.5452032,932.8852903842926,True
1030,1,126,TargetReappeared,1764343594.7948792,933.1349627971649,False
1031,1,126,RightResponse,1764343596.391051,934.7311346530914,False
1032,1,126,FeedbackPeriodStarted,1764343596.397826,934.737909078598,False
1033,1,127,startFixDisplay,1764343598.4031386,936.7432215213776,False
1034,1,127,startFixPeriod,1764343598.833577,937.1736619472504,False
1035,1,127,TargetPresentation,1764343599.5758877,937.9159708023071,False
1036,1,127,TargetRemoval,1764343599.7492886,938.0893714427948,True
1037,1,127,TargetReappeared,1764343599.9991798,938.3392632007599,False
1038,1,127,LeftResponse,1764343601.0889978,939.429083108902,False
1039,1,128,FeedbackPeriodStarted,1764343601.1093466,939.4494297504425,False
1040,1,128,startFixDisplay,1764343601.1093946,939.4494771957397,False
1041,1,128,startFixPeriod,1764343601.282997,939.6230823993683,False
1042,1,128,TargetPresentation,1764343601.8450282,940.1851136684418,False
1043,1,128,TargetDisplacement,1764343601.9836564,940.3237392902374,True
1044,1,128,FeedbackPeriodStarted,1764343603.9892306,942.3293194770813,False
1045,1,129,startFixDisplay,1764343604.495601,942.835684299469,False
1046,1,129,startFixPeriod,1764343605.0230665,943.3631505966187,False
1047,1,129,TargetPresentation,1764343605.9460642,944.2861499786377,False
1048,1,129,TargetRemoval,1764343606.091619,944.4317021369934,True
1049,1,129,TargetReappeared,1764343606.3416307,944.6817154884338,False
1050,1,129,LeftResponse,1764343607.3130052,945.653088092804,False
1051,1,130,FeedbackPeriodStarted,1764343607.3267171,945.6668000221252,False
1052,1,130,startFixDisplay,1764343607.3267648,945.6668477058411,False
1053,1,130,startFixPeriod,1764343607.659818,945.9999012947083,False
1054,1,130,TargetPresentation,1764343608.6107283,946.9508142471313,False
1055,1,130,TargetDisplacement,1764343608.7908502,947.1309330463409,True
1056,1,130,RightResponse,1764343609.5477192,947.8878040313721,False
1057,1,131,FeedbackPeriodStarted,1764343609.5681553,947.9082410335541,False
1058,1,131,startFixDisplay,1764343609.5682855,947.9083697795868,False
1059,1,131,startFixPeriod,1764343609.7346308,948.0747148990631,False
1060,1,131,TargetPresentation,1764343610.50483,948.844913482666,False
1061,1,131,TargetRemoval,1764343610.6713285,949.0114114284515,True
1062,1,131,TargetReappeared,1764343610.9213445,949.2614302635193,False
1063,1,131,RightResponse,1764343611.5598178,949.8999009132385,False
1064,1,131,FeedbackPeriodStarted,1764343611.5942879,949.9343709945679,False
1065,2,132,startFixDisplay,1764343778.124165,1116.4642491340637,False
1066,2,132,startFixPeriod,1764343778.360149,1116.7002320289612,False
1067,2,132,TargetPresentation,1764343779.4913363,1117.8314237594604,False
1068,2,132,TargetDisplacement,1764343779.650771,1117.9908537864685,True
1069,2,132,RightResponse,1764343780.5463176,1118.886402606964,False
1070,2,133,FeedbackPeriodStarted,1764343780.5666876,1118.9067707061768,False
1071,2,133,startFixDisplay,1764343780.5667362,1118.9068188667297,False
1072,2,133,startFixPeriod,1764343780.823429,1119.163512468338,False
1073,2,133,TargetPresentation,1764343781.7534168,1120.0935022830963,False
1074,2,133,TargetRemoval,1764343781.8921103,1120.2321934700012,True
1075,2,133,TargetReappeared,1764343782.1420918,1120.482177734375,False
1076,2,133,RightResponse,1764343783.3980768,1121.7381608486176,False
1077,2,134,FeedbackPeriodStarted,1764343783.4186528,1121.7587358951569,False
1078,2,134,startFixDisplay,1764343783.4187014,1121.7587840557098,False
1079,2,134,startFixPeriod,1764343783.6408057,1121.980889081955,False
1080,2,134,TargetPresentation,1764343785.1326761,1123.4727602005005,False
1081,2,134,TargetRemoval,1764343785.2782848,1123.6183679103851,True
1082,2,134,TargetReappeared,1764343785.5282435,1123.8683269023895,False
1083,2,134,RightResponse,1764343787.110329,1125.4504120349884,False
1084,2,135,FeedbackPeriodStarted,1764343787.1310306,1125.4711139202118,False
1085,2,135,startFixDisplay,1764343787.1311345,1125.4712181091309,False
1086,2,135,startFixPeriod,1764343787.3670173,1125.707100391388,False
1087,2,135,TargetPresentation,1764343788.1650057,1126.5050885677338,False
1088,2,135,TargetDisplacement,1764343788.3038049,1126.6438879966736,True
1089,2,135,LeftResponse,1764343789.6847045,1128.0247876644135,False
1090,2,136,FeedbackPeriodStarted,1764343789.698456,1128.0385391712189,False
1091,2,136,startFixDisplay,1764343789.6985035,1128.0385859012604,False
1092,2,136,startFixPeriod,1764343790.1912372,1128.5313212871552,False
1093,2,136,TargetPresentation,1764343791.3638372,1129.7039203643799,False
1094,2,136,TargetDisplacement,1764343791.5235224,1129.8636076450348,True
1095,2,136,RightResponse,1764343792.7449486,1131.0850322246552,False
1096,2,137,FeedbackPeriodStarted,1764343792.7655125,1131.1055958271027,False
1097,2,137,startFixDisplay,1764343792.7655618,1131.1056444644928,False
1098,2,137,startFixPeriod,1764343792.9530258,1131.2931108474731,False
1099,2,137,TargetPresentation,1764343793.9938052,1132.3338882923126,False
1100,2,137,TargetRemoval,1764343794.132769,1132.472852230072,True
1101,2,137,TargetReappeared,1764343794.3823807,1132.7224640846252,False
1102,2,137,LeftResponse,1764343795.3262146,1133.6662981510162,False
1103,2,138,FeedbackPeriodStarted,1764343795.3398862,1133.6799693107605,False
1104,2,138,startFixDisplay,1764343795.3399334,1133.6800162792206,False
1105,2,138,startFixPeriod,1764343795.5342658,1133.8743495941162,False
1106,2,138,TargetPresentation,1764343796.2211504,1134.5612337589264,False
1107,2,138,TargetRemoval,1764343796.3668818,1134.7069647312164,True
1108,2,138,TargetReappeared,1764343796.6167781,1134.9568634033203,False
1109,2,138,LeftResponse,1764343798.282134,1136.6222169399261,False
1110,2,138,FeedbackPeriodStarted,1764343798.28897,1136.6290528774261,False
1111,2,139,startFixDisplay,1764343800.3014257,1138.641511440277,False
1112,2,139,startFixPeriod,1764343800.5927548,1138.9328379631042,False
1113,2,139,TargetPresentation,1764343801.5297263,1139.8698091506958,False
1114,2,139,TargetDisplacement,1764343801.71,1140.0500831604004,True
1115,2,139,RightResponse,1764343803.0076897,1141.3477728366852,False
1116,2,140,FeedbackPeriodStarted,1764343803.0285215,1141.3686077594757,False
1117,2,140,startFixDisplay,1764343803.028676,1141.368760585785,False
1118,2,140,startFixPeriod,1764343803.2087913,1141.5488748550415,False
1119,2,140,TargetPresentation,1764343804.103992,1142.4440751075745,False
1120,2,140,TargetRemoval,1764343804.1109173,1142.4510006904602,True
1121,2,140,TargetReappeared,1764343804.3607323,1142.7008156776428,False
1122,2,140,RightResponse,1764343805.5543044,1143.8943874835968,False
1123,2,141,FeedbackPeriodStarted,1764343805.5749881,1143.9150714874268,False
1124,2,141,startFixDisplay,1764343805.5750477,1143.9151303768158,False
1125,2,141,startFixPeriod,1764343806.1302574,1144.4703433513641,False
1126,2,141,TargetPresentation,1764343806.7964556,1145.1365420818329,False
1127,2,141,TargetDisplacement,1764343806.948973,1145.2890560626984,True
1128,2,141,RightResponse,1764343808.1983376,1146.5384228229523,False
1129,2,142,FeedbackPeriodStarted,1764343808.218736,1146.5588190555573,False
1130,2,142,startFixDisplay,1764343808.2187834,1146.558866262436,False
1131,2,142,startFixPeriod,1764343808.440869,1146.7809526920319,False
1132,2,142,TargetPresentation,1764343809.2251143,1147.5652000904083,False
1133,2,142,TargetRemoval,1764343809.231974,1147.5720584392548,True
1134,2,142,TargetReappeared,1764343809.481718,1147.8218014240265,False
1135,2,142,RightResponse,1764343810.1898787,1148.5299639701843,False
1136,2,143,FeedbackPeriodStarted,1764343810.2033458,1148.543428659439,False
1137,2,143,startFixDisplay,1764343810.203395,1148.5434772968292,False
1138,2,143,startFixPeriod,1764343810.404745,1148.7448296546936,False
1139,2,143,TargetPresentation,1764343810.9666243,1149.3067073822021,False
1140,2,143,TargetRemoval,1764343810.9737134,1149.313799381256,True
1141,2,143,TargetReappeared,1764343811.22336,1149.5634438991547,False
1142,2,143,RightResponse,1764343811.9868453,1150.32692861557,False
1143,2,144,FeedbackPeriodStarted,1764343812.0075953,1150.347681760788,False
1144,2,144,startFixDisplay,1764343812.0077217,1150.3478062152863,False
1145,2,144,startFixPeriod,1764343813.0554638,1151.3955504894257,False
1146,2,144,TargetPresentation,1764343814.2142258,1152.5543096065521,False
1147,2,144,TargetDisplacement,1764343814.3667343,1152.7068173885345,True
1148,2,144,LeftResponse,1764343815.8868325,1154.2269179821014,False
1149,2,144,FeedbackPeriodStarted,1764343815.893446,1154.2335314750671,False
1150,2,145,startFixDisplay,1764343817.905662,1156.2457451820374,False
1151,2,145,startFixPeriod,1764343818.33594,1156.6760232448578,False
1152,2,145,TargetPresentation,1764343819.1965146,1157.536601305008,False
1153,2,145,TargetDisplacement,1764343819.3420963,1157.6821794509888,True
1154,2,145,LeftResponse,1764343820.0780091,1158.4180941581726,False
1155,2,146,FeedbackPeriodStarted,1764343820.098373,1158.4384558200836,False
1156,2,146,startFixDisplay,1764343820.0984216,1158.4385042190552,False
1157,2,146,startFixPeriod,1764343820.265196,1158.6052823066711,False
1158,2,146,TargetPresentation,1764343821.3404927,1159.6805760860443,False
1159,2,146,TargetDisplacement,1764343821.4793413,1159.8194267749786,True
1160,2,146,LeftResponse,1764343822.4647968,1160.8048796653748,False
1161,2,147,FeedbackPeriodStarted,1764343822.4784555,1160.818538427353,False
1162,2,147,startFixDisplay,1764343822.4785042,1160.8185868263245,False
1163,2,147,startFixPeriod,1764343822.679774,1161.019858121872,False
1164,2,147,TargetPresentation,1764343823.4708438,1161.810926914215,False
1165,2,147,TargetRemoval,1764343823.6234872,1161.9635701179504,True
1166,2,147,TargetReappeared,1764343823.8732517,1162.2133350372314,False
1167,2,147,RightResponse,1764343825.1015742,1163.441658258438,False
1168,2,148,FeedbackPeriodStarted,1764343825.1222415,1163.4623248577118,False
1169,2,148,startFixDisplay,1764343825.1222978,1163.4623808860779,False
1170,2,148,startFixPeriod,1764343825.2957847,1163.6358678340912,False
1171,2,148,TargetPresentation,1764343826.4476073,1164.787691116333,False
1172,2,148,TargetRemoval,1764343826.6141117,1164.9541947841644,True
1173,2,148,TargetReappeared,1764343826.863973,1165.2040565013885,False
1174,2,148,RightResponse,1764343828.030103,1166.3701882362366,False
1175,2,149,FeedbackPeriodStarted,1764343828.0505822,1166.3906655311584,False
1176,2,149,startFixDisplay,1764343828.050632,1166.3907146453857,False
1177,2,149,startFixPeriod,1764343828.397707,1166.7377936840057,False
1178,2,149,TargetPresentation,1764343829.82705,1168.1671342849731,False
1179,2,149,TargetRemoval,1764343829.9795399,1168.3196227550507,True
1180,2,149,TargetReappeared,1764343830.2295842,1168.5696730613708,False
1181,2,149,LeftResponse,1764343831.1385064,1169.4785895347595,False
1182,2,150,FeedbackPeriodStarted,1764343831.1523862,1169.4924716949463,False
1183,2,150,startFixDisplay,1764343831.1525211,1169.4926068782806,False
1184,2,150,startFixPeriod,1764343831.3467824,1169.6868681907654,False
1185,2,150,TargetPresentation,1764343832.8385835,1171.1786682605743,False
1186,2,150,TargetRemoval,1764343833.3242803,1171.6643660068512,True
1187,2,150,TargetReappeared,1764343833.5742395,1171.91432595253,False
1188,2,150,LeftResponse,1764343834.3443198,1172.684402704239,False
1189,2,150,FeedbackPeriodStarted,1764343834.351139,1172.691222190857,False
1190,2,151,startFixDisplay,1764343836.3565466,1174.6966297626495,False
1191,2,151,startFixPeriod,1764343836.5716696,1174.9117529392242,False
1192,2,151,TargetPresentation,1764343837.4946747,1175.8347589969635,False
1193,2,151,TargetDisplacement,1764343837.647301,1175.9873864650726,True
1194,2,151,LeftResponse,1764343838.9935274,1177.3336107730865,False
1195,2,152,FeedbackPeriodStarted,1764343839.0141854,1177.3542685508728,False
1196,2,152,startFixDisplay,1764343839.014233,1177.3543157577515,False
1197,2,152,startFixPeriod,1764343839.2016454,1177.5417289733887,False
1198,2,152,TargetPresentation,1764343840.1037383,1178.4438228607178,False
1199,2,152,TargetDisplacement,1764343840.2423928,1178.5824756622314,True
1200,2,152,LeftResponse,1764343841.186493,1179.5265774726868,False
1201,2,153,FeedbackPeriodStarted,1764343841.2069235,1179.5470066070557,False
1202,2,153,startFixDisplay,1764343841.2069712,1179.5470538139343,False
1203,2,153,startFixPeriod,1764343841.4151285,1179.7552115917206,False
1204,2,153,TargetPresentation,1764343841.928795,1180.2688808441162,False
1205,2,153,TargetDisplacement,1764343842.2755153,1180.6155984401703,True
1206,2,153,RightResponse,1764343843.0944498,1181.4345326423645,False
1207,2,154,FeedbackPeriodStarted,1764343843.1082056,1181.448288679123,False
1208,2,154,startFixDisplay,1764343843.1082654,1181.4483485221863,False
1209,2,154,startFixPeriod,1764343843.3095396,1181.6496233940125,False
1210,2,154,TargetPresentation,1764343844.3781424,1182.7182257175446,False
1211,2,154,TargetRemoval,1764343844.5515177,1182.8916008472443,True
1212,2,154,TargetReappeared,1764343844.8015485,1183.141634941101,False
1213,2,154,LeftResponse,1764343845.5786474,1183.9187302589417,False
1214,2,155,FeedbackPeriodStarted,1764343845.5923812,1183.9324643611908,False
1215,2,155,startFixDisplay,1764343845.5924299,1183.9325125217438,False
1216,2,155,startFixPeriod,1764343845.8075435,1184.1476273536682,False
1217,2,155,TargetPresentation,1764343847.0773523,1185.4174354076385,False
1218,2,155,TargetRemoval,1764343847.243907,1185.583990097046,True
1219,2,155,TargetReappeared,1764343847.4937694,1185.8338541984558,False
1220,2,155,RightResponse,1764343848.5068834,1186.846966266632,False
1221,2,156,FeedbackPeriodStarted,1764343848.527598,1186.8676807880402,False
1222,2,156,startFixDisplay,1764343848.527647,1186.8677296638489,False
1223,2,156,startFixPeriod,1764343848.721975,1187.0620589256287,False
1224,2,156,TargetPresentation,1764343849.748904,1188.0889875888824,False
1225,2,156,TargetDisplacement,1764343849.9084766,1188.2485599517822,True
1226,2,156,RightResponse,1764343851.4421518,1189.7822349071503,False
1227,2,156,FeedbackPeriodStarted,1764343851.4489374,1189.7890207767487,False
1228,2,157,startFixDisplay,1764343853.4543717,1191.7944548130035,False
1229,2,157,startFixPeriod,1764343853.745824,1192.085907459259,False
1230,2,157,TargetPresentation,1764343854.5786607,1192.9187462329865,False
1231,2,157,TargetRemoval,1764343854.7172034,1193.0572865009308,True
1232,2,157,TargetReappeared,1764343854.9670594,1193.3071429729462,False
1233,2,157,RightResponse,1764343855.9109156,1194.2509987354279,False
1234,2,158,FeedbackPeriodStarted,1764343855.931632,1194.2717154026031,False
1235,2,158,startFixDisplay,1764343855.9316814,1194.2717640399933,False
1236,2,158,startFixPeriod,1764343856.1051066,1194.4451899528503,False
1237,2,158,TargetPresentation,1764343857.590059,1195.9301421642303,False
1238,2,158,TargetRemoval,1764343857.7428164,1196.082899570465,True
1239,2,158,TargetReappeared,1764343857.9925294,1196.332612991333,False
1240,2,158,LeftResponse,1764343859.0473776,1197.3874607086182,False
1241,2,159,FeedbackPeriodStarted,1764343859.0611687,1197.401254415512,False
1242,2,159,startFixDisplay,1764343859.0613008,1197.401385307312,False
1243,2,159,startFixPeriod,1764343859.276192,1197.616275548935,False
1244,2,159,TargetPresentation,1764343860.407248,1198.7473313808441,False
1245,2,159,TargetDisplacement,1764343860.5529318,1198.893014907837,True
1246,2,159,LeftResponse,1764343861.6635804,1200.0036652088165,False
1247,2,160,FeedbackPeriodStarted,1764343861.6840072,1200.0240910053253,False
1248,2,160,startFixDisplay,1764343861.6840568,1200.0241394042969,False
1249,2,160,startFixPeriod,1764343861.8993344,1200.2394206523895,False
1250,2,160,TargetPresentation,1764343862.6971333,1201.0372166633606,False
1251,2,160,TargetDisplacement,1764343862.870573,1201.2106564044952,True
1252,2,160,LeftResponse,1764343863.8494482,1202.1895334720612,False
1253,2,161,FeedbackPeriodStarted,1764343863.869801,1202.2098841667175,False
1254,2,161,startFixDisplay,1764343863.8698497,1202.2099323272705,False
1255,2,161,startFixPeriod,1764343864.0433333,1202.3834171295166,False
1256,2,161,TargetPresentation,1764343864.543057,1202.883142709732,False
1257,2,161,TargetRemoval,1764343864.778808,1203.1188912391663,True
1258,2,161,TargetReappeared,1764343865.0287123,1203.3687958717346,False
1259,2,161,LeftResponse,1764343866.0840821,1204.4241659641266,False
1260,2,162,FeedbackPeriodStarted,1764343866.1041846,1204.4442682266235,False
1261,2,162,startFixDisplay,1764343866.1042416,1204.4443247318268,False
1262,2,162,startFixPeriod,1764343866.2917156,1204.6318023204803,False
1263,2,162,TargetPresentation,1764343867.1658578,1205.505940914154,False
1264,2,162,TargetRemoval,1764343868.7272136,1207.0672965049744,True
1265,2,162,TargetReappeared,1764343868.9770062,1207.3170895576477,False
1266,2,162,RightResponse,1764343870.0734732,1208.4135563373566,False
1267,2,162,FeedbackPeriodStarted,1764343870.0802557,1208.4203388690948,False
1268,2,163,startFixDisplay,1764343872.0856297,1210.4257130622864,False
1269,2,163,startFixPeriod,1764343872.2316294,1210.5717160701752,False
1270,2,163,TargetPresentation,1764343873.674679,1212.0147621631622,False
1271,2,163,TargetDisplacement,1764343873.8066297,1212.1467154026031,True
1272,2,163,LeftResponse,1764343874.9031708,1213.2432544231415,False
1273,2,164,FeedbackPeriodStarted,1764343874.923684,1213.263767004013,False
1274,2,164,startFixDisplay,1764343874.923731,1213.2638139724731,False
1275,2,164,startFixPeriod,1764343875.1043112,1213.4443967342377,False
1276,2,164,TargetPresentation,1764343876.3879015,1214.7279858589172,False
1277,2,164,TargetDisplacement,1764343876.540473,1214.8805561065674,True
1278,2,164,RightResponse,1764343877.8729055,1216.212988615036,False
1279,2,165,FeedbackPeriodStarted,1764343877.886704,1216.22678732872,False
1280,2,165,startFixDisplay,1764343877.8867538,1216.2268364429474,False
1281,2,165,startFixPeriod,1764343878.0672345,1216.4073202610016,False
1282,2,165,TargetPresentation,1764343878.9275231,1217.2676062583923,False
1283,2,165,TargetDisplacement,1764343879.0801613,1217.420244216919,True
1284,2,165,RightResponse,1764343880.4056528,1218.7457356452942,False
1285,2,166,FeedbackPeriodStarted,1764343880.4472215,1218.7873055934906,False
1286,2,166,startFixDisplay,1764343880.4473083,1218.7873916625977,False
1287,2,166,startFixPeriod,1764343880.6277611,1218.967845439911,False
1288,2,166,TargetPresentation,1764343881.3980026,1219.738088130951,False
1289,2,166,TargetDisplacement,1764343881.9945521,1220.334635257721,True
1290,2,166,RightResponse,1764343882.5153294,1220.855413198471,False
1291,2,167,FeedbackPeriodStarted,1764343882.5358112,1220.8758940696716,False
1292,2,167,startFixDisplay,1764343882.535859,1220.875941991806,False
1293,2,167,startFixPeriod,1764343882.7162817,1221.0563657283783,False
1294,2,167,TargetPresentation,1764343883.7156813,1222.0557668209076,False
1295,2,167,TargetRemoval,1764343883.8611526,1222.2012357711792,True
1296,2,167,TargetReappeared,1764343884.1111333,1222.4512193202972,False
1297,2,167,RightResponse,1764343885.263284,1223.6033692359924,False
1298,2,168,FeedbackPeriodStarted,1764343885.2836611,1223.6237442493439,False
1299,2,168,startFixDisplay,1764343885.2837083,1223.623791217804,False
1300,2,168,startFixPeriod,1764343885.7209272,1224.061011314392,False
1301,2,168,TargetPresentation,1764343887.1988685,1225.5389518737793,False
1302,2,168,TargetRemoval,1764343887.3517323,1225.691817998886,True
1303,2,168,TargetReappeared,1764343887.6014707,1225.941556930542,False
1304,2,168,RightResponse,1764343888.3513222,1226.6914093494415,False
1305,2,168,FeedbackPeriodStarted,1764343888.3577273,1226.6978104114532,False
1306,2,169,startFixDisplay,1764343890.3699925,1228.7100758552551,False
1307,2,169,startFixPeriod,1764343890.612848,1228.9529311656952,False
1308,2,169,TargetPresentation,1764343891.5358198,1229.8759031295776,False
1309,2,169,TargetDisplacement,1764343891.737049,1230.0771322250366,True
1310,2,169,RightResponse,1764343893.201752,1231.541840314865,False
1311,2,170,FeedbackPeriodStarted,1764343893.2220118,1231.5620954036713,False
1312,2,170,startFixDisplay,1764343893.2220685,1231.5621511936188,False
1313,2,170,startFixPeriod,1764343893.4094877,1231.7495744228363,False
1314,2,170,TargetPresentation,1764343894.4710326,1232.8111157417297,False
1315,2,170,TargetDisplacement,1764343894.6376762,1232.977763414383,True
1316,2,170,LeftResponse,1764343895.9352133,1234.2752964496613,False
1317,2,171,FeedbackPeriodStarted,1764343895.956098,1234.296183347702,False
1318,2,171,startFixDisplay,1764343895.9562254,1234.296309709549,False
1319,2,171,startFixPeriod,1764343896.1225977,1234.462681055069,False
1320,2,171,TargetPresentation,1764343897.3992946,1235.739378452301,False
1321,2,171,TargetDisplacement,1764343899.2937691,1237.6338565349579,True
1322,2,171,FeedbackPeriodStarted,1764343901.2990124,1239.6390957832336,False
1323,2,172,startFixDisplay,1764343901.812482,1240.1525657176971,False
1324,2,172,startFixPeriod,1764343902.2983963,1240.6384835243225,False
1325,2,172,TargetPresentation,1764343903.6583242,1241.9984076023102,False
1326,2,172,TargetDisplacement,1764343903.8178754,1242.1579585075378,True
1327,2,172,RightResponse,1764343904.6508431,1242.990926027298,False
1328,2,173,FeedbackPeriodStarted,1764343904.67136,1243.0114431381226,False
1329,2,173,startFixDisplay,1764343904.6714158,1243.01149892807,False
1330,2,173,startFixPeriod,1764343904.83796,1243.17804312706,False
1331,2,173,TargetPresentation,1764343905.3375764,1243.6776604652405,False
1332,2,173,TargetDisplacement,1764343905.5180898,1243.8581726551056,True
1333,2,173,LeftResponse,1764343906.4478528,1244.7879357337952,False
1334,2,174,FeedbackPeriodStarted,1764343906.4685762,1244.8086597919464,False
1335,2,174,startFixDisplay,1764343906.4686494,1244.8087322711945,False
1336,2,174,startFixPeriod,1764343906.635159,1244.9752418994904,False
1337,2,174,TargetPresentation,1764343907.5927658,1245.932848930359,False
1338,2,174,TargetDisplacement,1764343907.731641,1246.0717241764069,True
1339,2,174,RightResponse,1764343908.703043,1247.0431261062622,False
1340,2,174,FeedbackPeriodStarted,1764343908.7098787,1247.0499620437622,False
1341,2,175,startFixDisplay,1764343910.72226,1249.0623440742493,False
1342,2,175,startFixPeriod,1764343910.7291594,1249.069242477417,False
1343,2,175,TargetPresentation,1764343911.5479646,1249.8880479335785,False
1344,2,175,TargetDisplacement,1764343911.7491915,1250.089274406433,True
1345,2,175,RightResponse,1764343912.6722329,1251.0123159885406,False
1346,2,176,FeedbackPeriodStarted,1764343912.6928859,1251.0329689979553,False
1347,2,176,startFixDisplay,1764343912.6929421,1251.0330250263214,False
1348,2,176,startFixPeriod,1764343913.053826,1251.3939096927643,False
1349,2,176,TargetPresentation,1764343913.9351206,1252.2752072811127,False
1350,2,176,TargetRemoval,1764343914.0877256,1252.4278087615967,True
1351,2,176,TargetReappeared,1764343914.337667,1252.6777558326721,False
1352,2,176,LeftResponse,1764343914.837226,1253.1773090362549,False
1353,2,177,FeedbackPeriodStarted,1764343914.8578615,1253.1979448795319,False
1354,2,177,startFixDisplay,1764343914.857919,1253.1980018615723,False
1355,2,177,startFixPeriod,1764343915.0176375,1253.3577208518982,False
1356,2,177,TargetPresentation,1764343916.0723827,1254.4124691486359,False
1357,2,177,TargetDisplacement,1764343916.238785,1254.578868150711,True
1358,2,177,LeftResponse,1764343917.0160213,1255.3561041355133,False
1359,2,178,FeedbackPeriodStarted,1764343917.036713,1255.3767964839935,False
1360,2,178,startFixDisplay,1764343917.0367653,1255.3768482208252,False
1361,2,178,startFixPeriod,1764343917.2034981,1255.5435888767242,False
1362,2,178,TargetPresentation,1764343918.5425093,1256.882592201233,False
1363,2,178,TargetDisplacement,1764343918.7090397,1257.0491230487823,True
1364,2,178,RightResponse,1764343919.4307978,1257.7708806991577,False
1365,2,179,FeedbackPeriodStarted,1764343919.4516125,1257.7916967868805,False
1366,2,179,startFixDisplay,1764343919.4517124,1257.7917957305908,False
1367,2,179,startFixPeriod,1764343919.64587,1257.985953092575,False
1368,2,179,TargetPresentation,1764343920.53405,1258.8741335868835,False
1369,2,179,TargetDisplacement,1764343920.6868079,1259.026893377304,True
1370,2,179,LeftResponse,1764343921.5198517,1259.859936952591,False
1371,2,180,FeedbackPeriodStarted,1764343921.5401301,1259.8802132606506,False
1372,2,180,startFixDisplay,1764343921.5402281,1259.8803112506866,False
1373,2,180,startFixPeriod,1764343921.8039033,1260.1439862251282,False
1374,2,180,TargetPresentation,1764343922.4284859,1260.7685716152191,False
1375,2,180,TargetDisplacement,1764343922.5809982,1260.9210810661316,True
1376,2,180,LeftResponse,1764343923.6987247,1262.0388078689575,False
1377,2,180,FeedbackPeriodStarted,1764343923.7051907,1262.0452740192413,False
1378,2,181,startFixDisplay,1764343925.7174468,1264.0575306415558,False
1379,2,181,startFixPeriod,1764343925.7244155,1264.0644989013672,False
1380,2,181,TargetPresentation,1764343926.3836758,1264.7237594127655,False
1381,2,181,TargetRemoval,1764343926.5362737,1264.8763568401337,True
1382,2,181,TargetReappeared,1764343926.7861335,1265.126217842102,False
1383,2,181,LeftResponse,1764343927.7997055,1266.1397886276245,False
1384,2,182,FeedbackPeriodStarted,1764343927.8199716,1266.1600546836853,False
1385,2,182,startFixDisplay,1764343927.8200247,1266.1601078510284,False
1386,2,182,startFixPeriod,1764343928.0490248,1266.3891077041626,False
1387,2,182,TargetPresentation,1764343928.9025223,1267.2426054477692,False
1388,2,182,TargetDisplacement,1764343929.0551827,1267.395266532898,True
1389,2,182,RightResponse,1764343930.2626188,1268.6027019023895,False
1390,2,183,FeedbackPeriodStarted,1764343930.2833142,1268.6233973503113,False
1391,2,183,startFixDisplay,1764343930.2833622,1268.6234447956085,False
1392,2,183,startFixPeriod,1764343930.4569051,1268.7969884872437,False
1393,2,183,TargetPresentation,1764343931.5117269,1269.8518104553223,False
1394,2,183,TargetDisplacement,1764343931.7684762,1270.1085617542267,True
1395,2,183,RightResponse,1764343933.0243511,1271.3644342422485,False
1396,2,184,FeedbackPeriodStarted,1764343933.0450451,1271.3851282596588,False
1397,2,184,startFixDisplay,1764343933.0450933,1271.3851761817932,False
1398,2,184,startFixPeriod,1764343933.239504,1271.57958984375,False
1399,2,184,TargetPresentation,1764343933.8431962,1272.1832811832428,False
1400,2,184,TargetDisplacement,1764343933.9956813,1272.335764169693,True
1401,2,184,RightResponse,1764343935.2033577,1273.5434410572052,False
1402,2,185,FeedbackPeriodStarted,1764343935.223957,1273.564040184021,False
1403,2,185,startFixDisplay,1764343935.2240102,1273.5640933513641,False
1404,2,185,startFixPeriod,1764343935.5986576,1273.9387412071228,False
1405,2,185,TargetPresentation,1764343936.5770075,1274.9170906543732,False
1406,2,185,TargetDisplacement,1764343936.8477464,1275.1878299713135,True
1407,2,185,LeftResponse,1764343938.041372,1276.3814554214478,False
1408,2,186,FeedbackPeriodStarted,1764343938.0619748,1276.4020578861237,False
1409,2,186,startFixDisplay,1764343938.0620222,1276.4021048545837,False
1410,2,186,startFixPeriod,1764343938.263293,1276.603376865387,False
1411,2,186,TargetPresentation,1764343939.3388228,1277.6789062023163,False
1412,2,186,TargetRemoval,1764343939.4844592,1277.8245422840118,True
1413,2,186,TargetReappeared,1764343939.7343643,1278.0744478702545,False
1414,2,186,LeftResponse,1764343941.094427,1279.434510231018,False
1415,2,186,FeedbackPeriodStarted,1764343941.1012583,1279.4413414001465,False
1416,2,187,startFixDisplay,1764343943.1136222,1281.4537057876587,False
1417,2,187,startFixPeriod,1764343943.4605896,1281.8006732463837,False
1418,2,187,TargetPresentation,1764343944.1128888,1282.4529719352722,False
1419,2,187,TargetDisplacement,1764343944.3210244,1282.6611075401306,True
1420,2,187,RightResponse,1764343945.1959562,1283.5360429286957,False
1421,2,188,FeedbackPeriodStarted,1764343945.2161622,1283.5562462806702,False
1422,2,188,startFixDisplay,1764343945.2162352,1283.556318283081,False
1423,2,188,startFixPeriod,1764343945.3897452,1283.7298295497894,False
1424,2,188,TargetPresentation,1764343946.597062,1284.9371452331543,False
1425,2,188,TargetRemoval,1764343946.8121736,1285.1522564888,True
1426,2,188,TargetReappeared,1764343947.0619495,1285.4020323753357,False
1427,2,188,RightResponse,1764343947.769874,1286.1099569797516,False
1428,2,189,FeedbackPeriodStarted,1764343947.790538,1286.1306216716766,False
1429,2,189,startFixDisplay,1764343947.7906594,1286.1307430267334,False
1430,2,189,startFixPeriod,1764343947.9987369,1286.3388199806213,False
1431,2,189,TargetPresentation,1764343949.0950782,1287.4351613521576,False
1432,2,189,TargetRemoval,1764343949.254726,1287.5948090553284,True
1433,2,189,TargetReappeared,1764343949.504735,1287.844821214676,False
1434,2,189,LeftResponse,1764343950.295853,1288.6359357833862,False
1435,2,190,FeedbackPeriodStarted,1764343950.3163242,1288.6564075946808,False
1436,2,190,startFixDisplay,1764343950.316379,1288.6564621925354,False
1437,2,190,startFixPeriod,1764343950.482927,1288.8230102062225,False
1438,2,190,TargetPresentation,1764343951.8499198,1290.1900026798248,False
1439,2,190,TargetRemoval,1764343952.0579922,1290.3980751037598,True
1440,2,190,TargetReappeared,1764343952.3078778,1290.6479623317719,False
1441,2,190,LeftResponse,1764343953.1545162,1291.4945993423462,False
1442,2,191,FeedbackPeriodStarted,1764343953.1682656,1291.5083484649658,False
1443,2,191,startFixDisplay,1764343953.1683378,1291.5084209442139,False
1444,2,191,startFixPeriod,1764343953.570914,1291.9109997749329,False
1445,2,191,TargetPresentation,1764343954.5422888,1292.8823730945587,False
1446,2,191,TargetDisplacement,1764343954.7226634,1293.0627465248108,True
1447,2,191,LeftResponse,1764343955.7986493,1294.1387343406677,False
1448,2,192,FeedbackPeriodStarted,1764343955.81905,1294.1591334342957,False
1449,2,192,startFixDisplay,1764343955.8190987,1294.1591815948486,False
1450,2,192,startFixPeriod,1764343955.8537953,1294.1938800811768,False
1451,2,192,TargetPresentation,1764343957.1929662,1295.5330493450165,False
1452,2,192,TargetDisplacement,1764343957.3316605,1295.671743631363,True
1453,2,192,LeftResponse,1764343958.7266552,1297.0667388439178,False
1454,2,192,FeedbackPeriodStarted,1764343958.7334158,1297.0734992027283,False
1455,2,193,startFixDisplay,1764343960.7388496,1299.0789353847504,False
1456,2,193,startFixPeriod,1764343960.7873812,1299.1274650096893,False
1457,2,193,TargetPresentation,1764343961.404936,1299.7450201511383,False
1458,2,193,TargetDisplacement,1764343961.5644972,1299.9045803546906,True
1459,2,193,LeftResponse,1764343962.7513409,1301.0914244651794,False
1460,2,194,FeedbackPeriodStarted,1764343962.7718773,1301.1119604110718,False
1461,2,194,startFixDisplay,1764343962.7719254,1301.1120080947876,False
1462,2,194,startFixPeriod,1764343962.9662158,1301.3062996864319,False
1463,2,194,TargetPresentation,1764343964.0694845,1302.4095675945282,False
1464,2,194,TargetDisplacement,1764343964.2222502,1302.5623333454132,True
1465,2,194,LeftResponse,1764343965.2353919,1303.5754747390747,False
1466,2,195,FeedbackPeriodStarted,1764343965.249113,1303.5891962051392,False
1467,2,195,startFixDisplay,1764343965.2491605,1303.5892431735992,False
1468,2,195,startFixPeriod,1764343965.4574459,1303.7975313663483,False
1469,2,195,TargetPresentation,1764343966.5953584,1304.9354417324066,False
1470,2,195,TargetDisplacement,1764343966.747932,1305.0880150794983,True
1471,2,195,LeftResponse,1764343967.7889562,1306.1290395259857,False
1472,2,196,FeedbackPeriodStarted,1764343967.8096192,1306.1497023105621,False
1473,2,196,startFixDisplay,1764343967.8096673,1306.1497502326965,False
1474,2,196,startFixPeriod,1764343968.3650212,1306.7051072120667,False
1475,2,196,TargetPresentation,1764343969.801131,1308.141214132309,False
1476,2,196,TargetDisplacement,1764343969.9330723,1308.2731580734253,True
1477,2,196,LeftResponse,1764343971.2653503,1309.6054334640503,False
1478,2,197,FeedbackPeriodStarted,1764343971.2791517,1309.619235277176,False
1479,2,197,startFixDisplay,1764343971.2792122,1309.6192953586578,False
1480,2,197,startFixPeriod,1764343971.4804459,1309.8205292224884,False
1481,2,197,TargetPresentation,1764343972.2853353,1310.6254184246063,False
1482,2,197,TargetDisplacement,1764343972.4241014,1310.764184474945,True
1483,2,197,FeedbackPeriodStarted,1764343974.4364758,1312.776558637619,False
1484,3,198,startFixDisplay,1764344122.2933815,1460.6334652900696,False
1485,3,198,startFixPeriod,1764344122.5155478,1460.8556334972382,False
1486,3,198,TargetPresentation,1764344123.7783005,1462.1183834075928,False
1487,3,198,TargetDisplacement,1764344123.924137,1462.2642228603363,True
1488,3,198,LeftResponse,1764344124.9026117,1463.242695093155,False
1489,3,199,FeedbackPeriodStarted,1764344124.923247,1463.2633302211761,False
1490,3,199,startFixDisplay,1764344124.9232945,1463.2633771896362,False
1491,3,199,startFixPeriod,1764344125.1384103,1463.4784941673279,False
1492,3,199,TargetPresentation,1764344125.8739336,1464.2140169143677,False
1493,3,199,TargetDisplacement,1764344126.019698,1464.3597810268402,True
1494,3,199,LeftResponse,1764344127.1786017,1465.5186851024628,False
1495,3,200,FeedbackPeriodStarted,1764344127.1993036,1465.5393869876862,False
1496,3,200,startFixDisplay,1764344127.1993546,1465.5394372940063,False
1497,3,200,startFixPeriod,1764344127.3658419,1465.7059252262115,False
1498,3,200,TargetPresentation,1764344128.5593872,1466.8994705677032,False
1499,3,200,TargetDisplacement,1764344128.7050662,1467.045149564743,True
1500,3,200,LeftResponse,1764344129.7598867,1468.0999701023102,False
1501,3,201,FeedbackPeriodStarted,1764344129.7807958,1468.1208820343018,False
1502,3,201,startFixDisplay,1764344129.7809336,1468.1210179328918,False
1503,3,201,startFixPeriod,1764344129.9888244,1468.3289074897766,False
1504,3,201,TargetPresentation,1764344130.689797,1469.029883146286,False
1505,3,201,TargetRemoval,1764344130.8424847,1469.1825730800629,True
1506,3,201,TargetReappeared,1764344131.0920982,1469.432181596756,False
1507,3,201,RightResponse,1764344131.779209,1470.1192920207977,False
1508,3,202,FeedbackPeriodStarted,1764344131.7999265,1470.1400110721588,False
1509,3,202,startFixDisplay,1764344131.800027,1470.1401104927063,False
1510,3,202,startFixPeriod,1764344131.9872258,1470.3273096084595,False
1511,3,202,TargetPresentation,1764344133.2987454,1471.6388285160065,False
1512,3,202,TargetRemoval,1764344133.9093807,1472.249463558197,True
1513,3,202,TargetReappeared,1764344134.1591895,1472.4992728233337,False
1514,3,202,RightResponse,1764344134.8462012,1473.1862843036652,False
1515,3,203,FeedbackPeriodStarted,1764344134.8669856,1473.2070689201355,False
1516,3,203,startFixDisplay,1764344134.8670437,1473.2071266174316,False
1517,3,203,startFixPeriod,1764344135.0542855,1473.394368648529,False
1518,3,203,TargetPresentation,1764344136.1438317,1474.4839174747467,False
1519,3,203,TargetDisplacement,1764344136.296316,1474.6363990306854,True
1520,3,203,LeftResponse,1764344137.5593648,1475.8994479179382,False
1521,3,204,FeedbackPeriodStarted,1764344137.580073,1475.9201562404633,False
1522,3,204,startFixDisplay,1764344137.5801296,1475.920212984085,False
1523,3,204,startFixPeriod,1764344137.7466414,1476.0867245197296,False
1524,3,204,TargetPresentation,1764344139.0026586,1477.342741727829,False
1525,3,204,TargetRemoval,1764344139.2108054,1477.5508892536163,True
1526,3,204,TargetReappeared,1764344139.4605532,1477.800636291504,False
1527,3,204,RightResponse,1764344140.1268258,1478.4669089317322,False
1528,3,204,FeedbackPeriodStarted,1764344140.133608,1478.4736912250519,False
1529,3,205,startFixDisplay,1764344142.1390219,1480.4791049957275,False
1530,3,205,startFixPeriod,1764344142.9718475,1481.3119320869446,False
1531,3,205,TargetPresentation,1764344144.4638221,1482.8039088249207,False
1532,3,205,TargetDisplacement,1764344144.6579318,1482.9980149269104,True
1533,3,205,RightResponse,1764344145.6849935,1484.02507686615,False
1534,3,206,FeedbackPeriodStarted,1764344145.7056587,1484.045741558075,False
1535,3,206,startFixDisplay,1764344145.705768,1484.0458512306213,False
1536,3,206,startFixPeriod,1764344145.872276,1484.2123596668243,False
1537,3,206,TargetPresentation,1764344147.003385,1485.3434708118439,False
1538,3,206,TargetDisplacement,1764344147.1489747,1485.4890575408936,True
1539,3,206,RightResponse,1764344147.926291,1486.2663743495941,False
1540,3,207,FeedbackPeriodStarted,1764344147.9400918,1486.2801752090454,False
1541,3,207,startFixDisplay,1764344147.9401557,1486.2802383899689,False
1542,3,207,startFixPeriod,1764344148.1274936,1486.467579126358,False
1543,3,207,TargetPresentation,1764344149.2099862,1487.5500719547272,False
1544,3,207,TargetRemoval,1764344149.3487566,1487.688839673996,True
1545,3,207,TargetReappeared,1764344149.5985591,1487.9386427402496,False
1546,3,207,LeftResponse,1764344150.2234023,1488.5634877681732,False
1547,3,208,FeedbackPeriodStarted,1764344150.2437842,1488.583867073059,False
1548,3,208,startFixDisplay,1764344150.2438312,1488.5839138031006,False
1549,3,208,startFixPeriod,1764344150.4452171,1488.7853028774261,False
1550,3,208,TargetPresentation,1764344151.1736825,1489.5137655735016,False
1551,3,208,TargetRemoval,1764344151.3124764,1489.652559518814,True
1552,3,208,TargetReappeared,1764344151.5622778,1489.9023616313934,False
1553,3,208,LeftResponse,1764344152.221734,1490.561818599701,False
1554,3,209,FeedbackPeriodStarted,1764344152.2422965,1490.5823798179626,False
1555,3,209,startFixDisplay,1764344152.2423465,1490.582429409027,False
1556,3,209,startFixPeriod,1764344152.4299834,1490.7700681686401,False
1557,3,209,TargetPresentation,1764344153.0540917,1491.3941750526428,False
1558,3,209,TargetDisplacement,1764344153.178991,1491.5190742015839,True
1559,3,209,LeftResponse,1764344154.1090965,1492.4491794109344,False
1560,3,210,FeedbackPeriodStarted,1764344154.1297872,1492.469872713089,False
1561,3,210,startFixDisplay,1764344154.1299171,1492.4700016975403,False
1562,3,210,startFixPeriod,1764344154.317144,1492.65722990036,False
1563,3,210,TargetPresentation,1764344154.9417446,1493.2818303108215,False
1564,3,210,TargetDisplacement,1764344155.1011195,1493.4412026405334,True
1565,3,210,LeftResponse,1764344156.0033648,1494.3434484004974,False
1566,3,210,FeedbackPeriodStarted,1764344156.010208,1494.3502917289734,False
1567,3,211,startFixDisplay,1764344158.0155141,1496.3555972576141,False
1568,3,211,startFixPeriod,1764344158.4597955,1496.799881219864,False
1569,3,211,TargetPresentation,1764344159.771163,1498.111246585846,False
1570,3,211,TargetRemoval,1764344159.9099767,1498.2500622272491,True
1571,3,211,TargetReappeared,1764344160.1598256,1498.4999091625214,False
1572,3,211,RightResponse,1764344161.2076163,1499.5476994514465,False
1573,3,212,FeedbackPeriodStarted,1764344161.2282796,1499.5683629512787,False
1574,3,212,startFixDisplay,1764344161.228317,1499.5683994293213,False
1575,3,212,startFixPeriod,1764344161.4018686,1499.7419528961182,False
1576,3,212,TargetPresentation,1764344162.6301887,1500.9702746868134,False
1577,3,212,TargetDisplacement,1764344162.789556,1501.1296389102936,True
1578,3,212,LeftResponse,1764344163.6710627,1502.011146068573,False
1579,3,213,FeedbackPeriodStarted,1764344163.691645,1502.031728029251,False
1580,3,213,startFixDisplay,1764344163.6916924,1502.0317749977112,False
1581,3,213,startFixPeriod,1764344163.8929539,1502.2330384254456,False
1582,3,213,TargetPresentation,1764344164.7188494,1503.0589351654053,False
1583,3,213,TargetDisplacement,1764344166.6337829,1504.9738657474518,True
1584,3,213,LeftResponse,1764344167.695673,1506.035756111145,False
1585,3,214,FeedbackPeriodStarted,1764344167.7162755,1506.056358575821,False
1586,3,214,startFixDisplay,1764344167.7163234,1506.0564060211182,False
1587,3,214,startFixPeriod,1764344167.8829079,1506.2229917049408,False
1588,3,214,TargetPresentation,1764344169.0486772,1507.3887627124786,False
1589,3,214,TargetDisplacement,1764344169.1942825,1507.5343654155731,True
1590,3,214,LeftResponse,1764344170.1660469,1508.506130695343,False
1591,3,215,FeedbackPeriodStarted,1764344170.186585,1508.5266680717468,False
1592,3,215,startFixDisplay,1764344170.186633,1508.5267159938812,False
1593,3,215,startFixPeriod,1764344170.3533194,1508.6934053897858,False
1594,3,215,TargetPresentation,1764344171.6576717,1509.9977548122406,False
1595,3,215,TargetDisplacement,1764344171.8103027,1510.1503858566284,True
1596,3,215,LeftResponse,1764344172.712549,1511.0526323318481,False
1597,3,216,FeedbackPeriodStarted,1764344172.7332616,1511.073344707489,False
1598,3,216,startFixDisplay,1764344172.7333126,1511.0733952522278,False
1599,3,216,startFixPeriod,1764344172.9415412,1511.281626701355,False
1600,3,216,TargetPresentation,1764344173.82269,1512.16277384758,False
1601,3,216,TargetDisplacement,1764344173.989193,1512.3292760849,True
1602,3,216,RightResponse,1764344174.90523,1513.2453134059906,False
1603,3,216,FeedbackPeriodStarted,1764344174.9120517,1513.2521347999573,False
1604,3,217,startFixDisplay,1764344176.9243908,1515.2644746303558,False
1605,3,217,startFixPeriod,1764344176.9313185,1515.2714014053345,False
1606,3,217,TargetPresentation,1764344177.979122,1516.3192055225372,False
1607,3,217,TargetRemoval,1764344178.118049,1516.458132982254,True
1608,3,217,TargetReappeared,1764344178.367881,1516.7079656124115,False
1609,3,217,RightResponse,1764344179.1380222,1517.4781050682068,False
1610,3,218,FeedbackPeriodStarted,1764344179.1587517,1517.498834848404,False
1611,3,218,startFixDisplay,1764344179.1587992,1517.4988820552826,False
1612,3,218,startFixPeriod,1764344179.332266,1517.6723504066467,False
1613,3,218,TargetPresentation,1764344180.1094491,1518.4495322704315,False
1614,3,218,TargetRemoval,1764344180.2620404,1518.602123260498,True
1615,3,218,TargetReappeared,1764344180.5119147,1518.851999282837,False
1616,3,218,RightResponse,1764344181.3030577,1519.6431412696838,False
1617,3,219,FeedbackPeriodStarted,1764344181.3238485,1519.6639320850372,False
1618,3,219,startFixDisplay,1764344181.3239026,1519.663985490799,False
1619,3,219,startFixPeriod,1764344181.5180976,1519.8581812381744,False
1620,3,219,TargetPresentation,1764344182.600671,1520.940755367279,False
1621,3,219,TargetDisplacement,1764344182.7601736,1521.1002564430237,True
1622,3,219,RightResponse,1764344183.613711,1521.9537937641144,False
1623,3,220,FeedbackPeriodStarted,1764344183.6344316,1521.9745144844055,False
1624,3,220,startFixDisplay,1764344183.634479,1521.9745619297028,False
1625,3,220,startFixPeriod,1764344183.8080347,1522.1481187343597,False
1626,3,220,TargetPresentation,1764344185.168024,1523.5081071853638,False
1627,3,220,TargetDisplacement,1764344185.3553717,1523.6954548358917,True
1628,3,220,RightResponse,1764344186.4865758,1524.8266596794128,False
1629,3,221,FeedbackPeriodStarted,1764344186.5072236,1524.8473072052002,False
1630,3,221,startFixDisplay,1764344186.5072968,1524.847380399704,False
1631,3,221,startFixPeriod,1764344186.6807954,1525.020878791809,False
1632,3,221,TargetPresentation,1764344187.6246526,1525.9647381305695,False
1633,3,221,TargetDisplacement,1764344187.8049653,1526.1450507640839,True
1634,3,221,RightResponse,1764344188.977704,1527.3177874088287,False
1635,3,222,FeedbackPeriodStarted,1764344188.998317,1527.3384003639221,False
1636,3,222,startFixDisplay,1764344188.998374,1527.3384568691254,False
1637,3,222,startFixPeriod,1764344189.1510277,1527.4911110401154,False
1638,3,222,TargetPresentation,1764344189.9976394,1528.337723016739,False
1639,3,222,TargetDisplacement,1764344190.1987445,1528.538827419281,True
1640,3,222,LeftResponse,1764344191.1009982,1529.4410815238953,False
1641,3,222,FeedbackPeriodStarted,1764344191.1077695,1529.4478528499603,False
1642,3,223,startFixDisplay,1764344193.1200967,1531.4601802825928,False
1643,3,223,startFixPeriod,1764344193.1270154,1531.4670984745026,False
1644,3,223,TargetPresentation,1764344193.938995,1532.2790796756744,False
1645,3,223,TargetDisplacement,1764344194.1123583,1532.4524414539337,True
1646,3,223,LeftResponse,1764344195.1187003,1533.4587831497192,False
1647,3,224,FeedbackPeriodStarted,1764344195.1393552,1533.4794383049011,False
1648,3,224,startFixDisplay,1764344195.1394503,1533.4795334339142,False
1649,3,224,startFixPeriod,1764344195.3130138,1533.6530978679657,False
1650,3,224,TargetPresentation,1764344196.228831,1534.5689148902893,False
1651,3,224,TargetDisplacement,1764344196.457755,1534.7978382110596,True
1652,3,224,RightResponse,1764344197.4293523,1535.7694351673126,False
1653,3,225,FeedbackPeriodStarted,1764344197.4500685,1535.7901515960693,False
1654,3,225,startFixDisplay,1764344197.450126,1535.7902088165283,False
1655,3,225,startFixPeriod,1764344197.6444247,1535.9845087528229,False
1656,3,225,TargetPresentation,1764344199.0877612,1537.427844285965,False
1657,3,225,TargetDisplacement,1764344199.2541943,1537.5942771434784,True
1658,3,225,RightResponse,1764344200.0940309,1538.434114933014,False
1659,3,226,FeedbackPeriodStarted,1764344200.1147077,1538.454792022705,False
1660,3,226,startFixDisplay,1764344200.1148016,1538.4548852443695,False
1661,3,226,startFixPeriod,1764344200.2812514,1538.6213352680206,False
1662,3,226,TargetPresentation,1764344201.6621256,1540.0022087097168,False
1663,3,226,NoSaccadeMade,1764344203.6586003,1541.9986832141876,False
1664,3,227,FeedbackPeriodStarted,1764344203.6813173,1542.021401166916,False
1665,3,227,startFixDisplay,1764344203.6813731,1542.021456003189,False
1666,3,227,startFixPeriod,1764344203.8894975,1542.2295813560486,False
1667,3,227,TargetPresentation,1764344204.5487304,1542.8888137340546,False
1668,3,227,TargetRemoval,1764344204.701326,1543.0414085388184,True
1669,3,227,TargetReappeared,1764344204.9512627,1543.2913465499878,False
1670,3,227,RightResponse,1764344205.527272,1543.8673548698425,False
1671,3,228,FeedbackPeriodStarted,1764344205.547921,1543.888004541397,False
1672,3,228,startFixDisplay,1764344205.5479746,1543.8880579471588,False
1673,3,228,startFixPeriod,1764344205.7214556,1544.061538696289,False
1674,3,228,TargetPresentation,1764344206.769232,1545.1093153953552,False
1675,3,228,TargetRemoval,1764344206.9496596,1545.2897429466248,True
1676,3,228,TargetReappeared,1764344207.1995382,1545.5396230220795,False
1677,3,228,RightResponse,1764344207.9351223,1546.2752056121826,False
1678,3,228,FeedbackPeriodStarted,1764344207.9419262,1546.2820100784302,False
1679,3,229,startFixDisplay,1764344209.9542396,1548.2943227291107,False
1680,3,229,startFixPeriod,1764344209.961131,1548.3012137413025,False
1681,3,229,TargetPresentation,1764344210.5788684,1548.918953180313,False
1682,3,229,TargetDisplacement,1764344210.759184,1549.0992667675018,True
1683,3,229,LeftResponse,1764344211.6405,1549.980583190918,False
1684,3,230,FeedbackPeriodStarted,1764344211.6611915,1550.0012745857239,False
1685,3,230,startFixDisplay,1764344211.6612396,1550.0013222694397,False
1686,3,230,startFixPeriod,1764344211.8556814,1550.195767402649,False
1687,3,230,TargetPresentation,1764344213.1739867,1551.5140702724457,False
1688,3,230,TargetDisplacement,1764344213.3543017,1551.6943845748901,True
1689,3,230,LeftResponse,1764344214.3607068,1552.7007904052734,False
1690,3,231,FeedbackPeriodStarted,1764344214.3812883,1552.7213714122772,False
1691,3,231,startFixDisplay,1764344214.3813355,1552.7214181423187,False
1692,3,231,startFixPeriod,1764344214.582585,1552.9226694107056,False
1693,3,231,TargetPresentation,1764344215.782968,1554.1230511665344,False
1694,3,231,TargetDisplacement,1764344217.323433,1555.6635160446167,True
1695,3,231,LeftResponse,1764344218.544946,1556.8850293159485,False
1696,3,232,FeedbackPeriodStarted,1764344218.5655255,1556.9056084156036,False
1697,3,232,startFixDisplay,1764344218.565581,1556.9056639671326,False
1698,3,232,startFixPeriod,1764344218.746012,1557.0860958099365,False
1699,3,232,TargetPresentation,1764344219.8146274,1558.1547107696533,False
1700,3,232,TargetDisplacement,1764344219.9463859,1558.2864689826965,True
1701,3,232,RightResponse,1764344221.167868,1559.5079514980316,False
1702,3,233,FeedbackPeriodStarted,1764344221.1884909,1559.5285737514496,False
1703,3,233,startFixDisplay,1764344221.1885395,1559.5286219120026,False
1704,3,233,startFixPeriod,1764344221.3550606,1559.6951439380646,False
1705,3,233,TargetPresentation,1764344222.5763454,1560.9164290428162,False
1706,3,233,TargetDisplacement,1764344222.7428858,1561.0829689502716,True
1707,3,233,RightResponse,1764344223.7144597,1562.054543018341,False
1708,3,234,FeedbackPeriodStarted,1764344223.7351346,1562.075217962265,False
1709,3,234,startFixDisplay,1764344223.73519,1562.0752727985382,False
1710,3,234,startFixPeriod,1764344223.9226491,1562.2627341747284,False
1711,3,234,TargetPresentation,1764344225.1716962,1563.5117819309235,False
1712,3,234,TargetDisplacement,1764344225.7752495,1564.1153326034546,True
1713,3,234,RightResponse,1764344226.5455232,1564.8856060504913,False
1714,3,234,FeedbackPeriodStarted,1764344226.5523758,1564.8924586772919,False
1715,3,235,startFixDisplay,1764344228.564815,1566.9049010276794,False
1716,3,235,startFixPeriod,1764344228.5856302,1566.9257154464722,False
1717,3,235,TargetPresentation,1764344230.0774035,1568.417486667633,False
1718,3,235,TargetDisplacement,1764344230.2371018,1568.5771872997284,True
1719,3,235,LeftResponse,1764344231.2641795,1569.6042625904083,False
1720,3,236,FeedbackPeriodStarted,1764344231.2848291,1569.6249125003815,False
1721,3,236,startFixDisplay,1764344231.2848792,1569.6249618530273,False
1722,3,236,startFixPeriod,1764344231.5278976,1569.8679826259613,False
1723,3,236,TargetPresentation,1764344232.1383975,1570.4784817695618,False
1724,3,236,TargetDisplacement,1764344232.6656396,1571.0057227611542,True
1725,3,236,RightResponse,1764344233.3181105,1571.6581933498383,False
1726,3,237,FeedbackPeriodStarted,1764344233.3387327,1571.6788158416748,False
1727,3,237,startFixDisplay,1764344233.3387804,1571.678863286972,False
1728,3,237,startFixPeriod,1764344233.5191975,1571.8592813014984,False
1729,3,237,TargetPresentation,1764344234.0467489,1572.3868346214294,False
1730,3,237,TargetDisplacement,1764344234.247788,1572.587871313095,True
1731,3,237,RightResponse,1764344235.1919758,1573.5320591926575,False
1732,3,238,FeedbackPeriodStarted,1764344235.2124126,1573.5524988174438,False
1733,3,238,startFixDisplay,1764344235.2125468,1573.5526313781738,False
1734,3,238,startFixPeriod,1764344235.4205031,1573.7605860233307,False
1735,3,238,TargetPresentation,1764344236.75295,1575.093035697937,False
1736,3,238,TargetDisplacement,1764344236.96784,1575.307923078537,True
1737,3,238,RightResponse,1764344237.6343396,1575.9744234085083,False
1738,3,239,FeedbackPeriodStarted,1764344237.6549125,1575.9949955940247,False
1739,3,239,startFixDisplay,1764344237.654961,1575.9950437545776,False
1740,3,239,startFixPeriod,1764344237.8353682,1576.1754522323608,False
1741,3,239,TargetPresentation,1764344238.508422,1576.8485057353973,False
1742,3,239,TargetRemoval,1764344238.5152748,1576.8553576469421,True
1743,3,239,TargetReappeared,1764344238.7652206,1577.105306148529,False
1744,3,239,RightResponse,1764344239.8408113,1578.180894613266,False
1745,3,240,FeedbackPeriodStarted,1764344239.8614335,1578.2015166282654,False
1746,3,240,startFixDisplay,1764344239.8614705,1578.201553106308,False
1747,3,240,startFixPeriod,1764344240.0835845,1578.4236686229706,False
1748,3,240,TargetPresentation,1764344241.0896595,1579.4297425746918,False
1749,3,240,TargetDisplacement,1764344241.2561662,1579.5962491035461,True
1750,3,240,LeftResponse,1764344242.1653583,1580.5054416656494,False
1751,3,240,FeedbackPeriodStarted,1764344242.1722193,1580.512303352356,False
1752,3,241,startFixDisplay,1764344244.1844487,1582.524531841278,False
1753,3,241,startFixPeriod,1764344244.420456,1582.7605395317078,False
1754,3,241,TargetPresentation,1764344245.1351109,1583.4751942157745,False
1755,3,241,TargetDisplacement,1764344245.2877688,1583.6278519630432,True
1756,3,241,LeftResponse,1764344245.9541585,1584.2942419052124,False
1757,3,242,FeedbackPeriodStarted,1764344245.974729,1584.3148121833801,False
1758,3,242,startFixDisplay,1764344245.9747775,1584.3148601055145,False
1759,3,242,startFixPeriod,1764344246.1483095,1584.4883949756622,False
1760,3,242,TargetPresentation,1764344246.6826036,1585.0226874351501,False
1761,3,242,TargetDisplacement,1764344246.8213167,1585.16139960289,True
1762,3,242,LeftResponse,1764344247.6888902,1586.0289738178253,False
1763,3,243,FeedbackPeriodStarted,1764344247.709475,1586.0495581626892,False
1764,3,243,startFixDisplay,1764344247.7095222,1586.0496048927307,False
1765,3,243,startFixPeriod,1764344247.889995,1586.2300791740417,False
1766,3,243,TargetPresentation,1764344249.2846942,1587.6247773170471,False
1767,3,243,TargetDisplacement,1764344249.4651735,1587.8052566051483,True
1768,3,243,RightResponse,1764344250.2149906,1588.5550758838654,False
1769,3,244,FeedbackPeriodStarted,1764344250.2352993,1588.5753824710846,False
1770,3,244,startFixDisplay,1764344250.2353475,1588.5754301548004,False
1771,3,244,startFixPeriod,1764344250.4436533,1588.7837369441986,False
1772,3,244,TargetPresentation,1764344251.026376,1589.3664588928223,False
1773,3,244,TargetDisplacement,1764344251.213784,1589.5538671016693,True
1774,3,244,LeftResponse,1764344252.0260613,1590.366146326065,False
1775,3,245,FeedbackPeriodStarted,1764344252.0464494,1590.3865327835083,False
1776,3,245,startFixDisplay,1764344252.0464993,1590.3865823745728,False
1777,3,245,startFixPeriod,1764344252.2131,1590.5531859397888,False
1778,3,245,TargetPresentation,1764344253.0594878,1591.399570941925,False
1779,3,245,TargetDisplacement,1764344254.0934007,1592.433483839035,True
1780,3,245,LeftResponse,1764344255.6065474,1593.946632862091,False
1781,3,246,FeedbackPeriodStarted,1764344255.6269739,1593.9670572280884,False
1782,3,246,startFixDisplay,1764344255.6270225,1593.9671053886414,False
1783,3,246,startFixPeriod,1764344255.8421144,1594.182198047638,False
1784,3,246,TargetPresentation,1764344257.320059,1595.6601421833038,False
1785,3,246,TargetDisplacement,1764344257.4588094,1595.7988922595978,True
1786,3,246,LeftResponse,1764344258.2017498,1596.5418350696564,False
1787,3,246,FeedbackPeriodStarted,1764344258.2151926,1596.555275440216,False
1788,3,247,startFixDisplay,1764344260.227587,1598.567670583725,False
1789,3,247,startFixPeriod,1764344260.234508,1598.5745911598206,False
1790,3,247,TargetPresentation,1764344261.2477348,1599.5878205299377,False
1791,3,247,TargetDisplacement,1764344261.4626899,1599.8027729988098,True
1792,3,247,LeftResponse,1764344262.4343486,1600.7744319438934,False
1793,3,248,FeedbackPeriodStarted,1764344262.4549232,1600.795006275177,False
1794,3,248,startFixDisplay,1764344262.4549708,1600.7950537204742,False
1795,3,248,startFixPeriod,1764344262.801919,1601.1420032978058,False
1796,3,248,TargetPresentation,1764344264.1134613,1602.453545331955,False
1797,3,248,TargetDisplacement,1764344264.259067,1602.5991501808167,True
1798,3,248,RightResponse,1764344265.1821315,1603.5222146511078,False
1799,3,249,FeedbackPeriodStarted,1764344265.2027824,1603.5428657531738,False
1800,3,249,startFixDisplay,1764344265.2028308,1603.5429134368896,False
1801,3,249,startFixPeriod,1764344265.3762727,1603.7163562774658,False
1802,3,249,TargetPresentation,1764344266.792005,1605.1320900917053,False
1803,3,249,TargetDisplacement,1764344266.9444735,1605.2845566272736,True
1804,3,249,LeftResponse,1764344267.8884106,1606.2284944057465,False
1805,3,250,FeedbackPeriodStarted,1764344267.909028,1606.249111175537,False
1806,3,250,startFixDisplay,1764344267.9090757,1606.2491583824158,False
1807,3,250,startFixPeriod,1764344268.1242282,1606.4643123149872,False
1808,3,250,TargetPresentation,1764344268.783397,1607.123480796814,False
1809,3,250,TargetDisplacement,1764344268.818075,1607.1581580638885,True
1810,3,250,RightResponse,1764344270.5945404,1608.9346232414246,False
1811,3,251,FeedbackPeriodStarted,1764344270.6152353,1608.9553184509277,False
1812,3,251,startFixDisplay,1764344270.6153286,1608.9554116725922,False
1813,3,251,startFixPeriod,1764344270.7748883,1609.114972114563,False
1814,3,251,TargetPresentation,1764344271.6978047,1610.0378892421722,False
1815,3,251,TargetDisplacement,1764344271.8920057,1610.2320885658264,True
1816,3,251,RightResponse,1764344273.1204436,1611.4605269432068,False
1817,3,252,FeedbackPeriodStarted,1764344273.1410465,1611.4811296463013,False
1818,3,252,startFixDisplay,1764344273.1410947,1611.481177330017,False
1819,3,252,startFixPeriod,1764344273.3561807,1611.6962642669678,False
1820,3,252,TargetPresentation,1764344274.5011096,1612.8411927223206,False
1821,3,252,TargetDisplacement,1764344274.6676478,1613.0077307224274,True
1822,3,252,LeftResponse,1764344275.56332,1613.9034051895142,False
1823,3,252,FeedbackPeriodStarted,1764344275.5698133,1613.9098963737488,False
1824,3,253,startFixDisplay,1764344277.5821545,1615.9222404956818,False
1825,3,253,startFixPeriod,1764344277.5889704,1615.929054260254,False
1826,3,253,TargetPresentation,1764344278.6021128,1616.9421963691711,False
1827,3,253,TargetDisplacement,1764344278.727185,1617.0672719478607,True
1828,3,253,LeftResponse,1764344279.824021,1618.1641042232513,False
1829,3,254,FeedbackPeriodStarted,1764344279.8441718,1618.1842548847198,False
1830,3,254,startFixDisplay,1764344279.8442256,1618.1843082904816,False
1831,3,254,startFixPeriod,1764344280.045429,1618.3855121135712,False
1832,3,254,TargetPresentation,1764344280.9199011,1619.25998544693,False
1833,3,254,TargetDisplacement,1764344281.1001942,1619.440277814865,True
1834,3,254,RightResponse,1764344282.0652025,1620.405285358429,False
1835,3,255,FeedbackPeriodStarted,1764344282.0856452,1620.4257328510284,False
1836,3,255,startFixDisplay,1764344282.085817,1620.4259028434753,False
1837,3,255,startFixPeriod,1764344282.2799263,1620.620010137558,False
1838,3,255,TargetPresentation,1764344282.786479,1621.1265664100647,False
1839,3,255,TargetDisplacement,1764344282.9808424,1621.3209290504456,True
1840,3,255,RightResponse,1764344283.5359147,1621.8759980201721,False
1841,3,256,FeedbackPeriodStarted,1764344283.5565376,1621.8966207504272,False
1842,3,256,startFixDisplay,1764344283.5565932,1621.896675825119,False
1843,3,256,startFixPeriod,1764344283.744209,1622.0842955112457,False
1844,3,256,TargetPresentation,1764344285.1525326,1623.492615699768,False
1845,3,256,TargetDisplacement,1764344285.3399541,1623.6800374984741,True
1846,3,256,RightResponse,1764344285.992757,1624.3328397274017,False
1847,3,257,FeedbackPeriodStarted,1764344286.013106,1624.3531920909882,False
1848,3,257,startFixDisplay,1764344286.0132387,1624.3533232212067,False
1849,3,257,startFixPeriod,1764344286.179688,1624.5197746753693,False
1850,3,257,TargetPresentation,1764344287.0608938,1625.4009792804718,False
1851,3,257,TargetRemoval,1764344287.067827,1625.4079127311707,True
1852,3,257,TargetReappeared,1764344287.317535,1625.6576180458069,False
1853,3,257,RightResponse,1764344288.2892013,1626.6292843818665,False
1854,3,258,FeedbackPeriodStarted,1764344288.3097749,1626.6498582363129,False
1855,3,258,startFixDisplay,1764344288.3098218,1626.6499047279358,False
1856,3,258,startFixPeriod,1764344288.4901884,1626.8302714824677,False
1857,3,258,TargetPresentation,1764344289.8780918,1628.2181749343872,False
1858,3,258,TargetRemoval,1764344290.1556025,1628.4956855773926,True
1859,3,258,TargetReappeared,1764344290.405385,1628.745468378067,False
1860,3,258,RightResponse,1764344291.134446,1629.474531173706,False
1861,3,258,FeedbackPeriodStarted,1764344291.140913,1629.4809966087341,False
1862,3,259,startFixDisplay,1764344293.153222,1631.4933054447174,False
1863,3,259,startFixPeriod,1764344293.215828,1631.5559132099152,False
1864,3,259,TargetPresentation,1764344294.0068884,1632.3469738960266,False
1865,3,259,TargetDisplacement,1764344294.2218208,1632.5619039535522,True
1866,3,259,RightResponse,1764344295.3530257,1633.6931085586548,False
1867,3,260,FeedbackPeriodStarted,1764344295.3738286,1633.7139120101929,False
1868,3,260,startFixDisplay,1764344295.3738766,1633.7139592170715,False
1869,3,260,startFixPeriod,1764344295.547355,1633.8874406814575,False
1870,3,260,TargetPresentation,1764344296.8727293,1635.2128155231476,False
1871,3,260,TargetDisplacement,1764344297.004508,1635.3445937633514,True
1872,3,260,LeftResponse,1764344297.7470217,1636.0871045589447,False
1873,3,261,FeedbackPeriodStarted,1764344297.7678604,1636.1079468727112,False
1874,3,261,startFixDisplay,1764344297.767996,1636.1080808639526,False
1875,3,261,startFixPeriod,1764344297.948257,1636.2883429527283,False
1876,3,261,TargetPresentation,1764344298.7738547,1637.1139378547668,False
1877,3,261,TargetDisplacement,1764344298.9126122,1637.2526953220367,True
1878,3,261,LeftResponse,1764344299.530462,1637.8705456256866,False
1879,3,262,FeedbackPeriodStarted,1764344299.5510106,1637.8910937309265,False
1880,3,262,startFixDisplay,1764344299.5510576,1637.891140460968,False
1881,3,262,startFixPeriod,1764344299.7800524,1638.1201357841492,False
1882,3,262,TargetPresentation,1764344301.2096698,1639.5497555732727,False
1883,3,262,TargetDisplacement,1764344301.3551722,1639.6952550411224,True
1884,3,262,LeftResponse,1764344302.1741898,1640.514272928238,False
1885,3,263,FeedbackPeriodStarted,1764344302.194842,1640.5349254608154,False
1886,3,263,startFixDisplay,1764344302.1948917,1640.5349745750427,False
1887,3,263,startFixPeriod,1764344302.3615274,1640.7016134262085,False
1888,3,263,TargetPresentation,1764344303.5480597,1641.8881440162659,False
1889,3,263,TargetRemoval,1764344303.7074804,1642.0475633144379,True
1890,3,263,TargetReappeared,1764344303.9574027,1642.2974870204926,False
1891,3,263,RightResponse,1764344304.6860464,1643.0261294841766,False
1892,3,263,FeedbackPeriodStarted,1764344304.7207391,1643.0608248710632,False
1893,4,264,startFixDisplay,1764344364.7571435,1703.097226858139,False
1894,4,264,startFixPeriod,1764344364.96552,1703.3056063652039,False
1895,4,264,TargetPresentation,1764344365.5829227,1703.9230058193207,False
1896,4,264,TargetDisplacement,1764344365.7146978,1704.0547807216644,True
1897,4,264,RightResponse,1764344366.6308963,1704.9709792137146,False
1898,4,265,FeedbackPeriodStarted,1764344366.651486,1704.9915690422058,False
1899,4,265,startFixDisplay,1764344366.6515338,1704.991616487503,False
1900,4,265,startFixPeriod,1764344366.8251414,1705.1652283668518,False
1901,4,265,TargetPresentation,1764344367.539831,1705.8799180984497,False
1902,4,265,TargetDisplacement,1764344367.768806,1706.1088917255402,True
1903,4,265,RightResponse,1764344368.5948641,1706.9349491596222,False
1904,4,266,FeedbackPeriodStarted,1764344368.6154132,1706.9554994106293,False
1905,4,266,startFixDisplay,1764344368.6155527,1706.955637216568,False
1906,4,266,startFixPeriod,1764344368.7959044,1707.1359901428223,False
1907,4,266,TargetPresentation,1764344369.7116904,1708.0517735481262,False
1908,4,266,TargetDisplacement,1764344369.871407,1708.2114946842194,True
1909,4,266,RightResponse,1764344371.072065,1709.412150144577,False
1910,4,267,FeedbackPeriodStarted,1764344371.0926132,1709.4326992034912,False
1911,4,267,startFixDisplay,1764344371.092748,1709.4328327178955,False
1912,4,267,startFixPeriod,1764344371.2590508,1709.5991339683533,False
1913,4,267,TargetPresentation,1764344371.7655518,1710.1056351661682,False
1914,4,267,TargetDisplacement,1764344371.9876418,1710.3277249336243,True
1915,4,267,LeftResponse,1764344372.9733162,1711.3133993148804,False
1916,4,268,FeedbackPeriodStarted,1764344372.9937675,1711.3338506221771,False
1917,4,268,startFixDisplay,1764344372.993815,1711.3338978290558,False
1918,4,268,startFixPeriod,1764344373.1535277,1711.493611574173,False
1919,4,268,TargetPresentation,1764344374.201362,1712.5414474010468,False
1920,4,268,TargetDisplacement,1764344374.4023988,1712.7424817085266,True
1921,4,268,LeftResponse,1764344375.1520076,1713.4920909404755,False
1922,4,269,FeedbackPeriodStarted,1764344375.172713,1713.5127964019775,False
1923,4,269,startFixDisplay,1764344375.1727633,1713.5128462314606,False
1924,4,269,startFixPeriod,1764344375.3462303,1713.6863133907318,False
1925,4,269,TargetPresentation,1764344375.9290898,1714.2691736221313,False
1926,4,269,TargetDisplacement,1764344376.0955055,1714.4355883598328,True
1927,4,269,LeftResponse,1764344376.9282968,1715.2683794498444,False
1928,4,270,FeedbackPeriodStarted,1764344376.9490197,1715.2891027927399,False
1929,4,270,startFixDisplay,1764344376.949067,1715.2891497612,False
1930,4,270,startFixPeriod,1764344377.1433594,1715.4834427833557,False
1931,4,270,TargetPresentation,1764344378.503421,1716.8435044288635,False
1932,4,270,TargetDisplacement,1764344378.6629405,1717.0030236244202,True
1933,4,270,LeftResponse,1764344379.8291702,1718.1692552566528,False
1934,4,270,FeedbackPeriodStarted,1764344379.835768,1718.1758539676666,False
1935,4,271,startFixDisplay,1764344381.8481095,1720.1881957054138,False
1936,4,271,startFixPeriod,1764344382.2505553,1720.590641260147,False
1937,4,271,TargetPresentation,1764344383.6382494,1721.9783327579498,False
1938,4,271,TargetRemoval,1764344383.7839715,1722.1240546703339,True
1939,4,271,TargetReappeared,1764344384.0339859,1722.374071598053,False
1940,4,271,LeftResponse,1764344384.7836351,1723.123720407486,False
1941,4,272,FeedbackPeriodStarted,1764344384.8039958,1723.1440789699554,False
1942,4,272,startFixDisplay,1764344384.8040435,1723.144126176834,False
1943,4,272,startFixPeriod,1764344384.9638011,1723.3038868904114,False
1944,4,272,TargetPresentation,1764344386.4416335,1724.7817165851593,False
1945,4,272,TargetRemoval,1764344388.3847272,1726.7248146533966,True
1946,4,272,TargetReappeared,1764344388.634378,1726.974461555481,False
1947,4,272,RightResponse,1764344389.2730706,1727.6131546497345,False
1948,4,273,FeedbackPeriodStarted,1764344389.2936213,1727.6337044239044,False
1949,4,273,startFixDisplay,1764344389.293671,1727.6337537765503,False
1950,4,273,startFixPeriod,1764344389.696099,1728.0361828804016,False
1951,4,273,TargetPresentation,1764344390.5981457,1728.938229084015,False
1952,4,273,TargetDisplacement,1764344390.757806,1729.0978915691376,True
1953,4,273,LeftResponse,1764344391.6321526,1729.972235918045,False
1954,4,274,FeedbackPeriodStarted,1764344391.652821,1729.9929041862488,False
1955,4,274,startFixDisplay,1764344391.6529155,1729.9929983615875,False
1956,4,274,startFixPeriod,1764344391.840347,1730.1804325580597,False
1957,4,274,TargetPresentation,1764344392.9297967,1731.2698817253113,False
1958,4,274,TargetRemoval,1764344393.2141519,1731.5542349815369,True
1959,4,274,TargetReappeared,1764344393.4639814,1731.8040647506714,False
1960,4,274,LeftResponse,1764344394.4632454,1732.8033285140991,False
1961,4,275,FeedbackPeriodStarted,1764344394.4839463,1732.8240296840668,False
1962,4,275,startFixDisplay,1764344394.4839933,1732.8240761756897,False
1963,4,275,startFixPeriod,1764344394.6575527,1732.9976382255554,False
1964,4,275,TargetPresentation,1764344395.7746277,1734.1147108078003,False
1965,4,275,NoSaccadeMade,1764344397.7711613,1736.1112442016602,False
1966,4,276,FeedbackPeriodStarted,1764344397.7939754,1736.1340589523315,False
1967,4,276,startFixDisplay,1764344397.7940273,1736.1341099739075,False
1968,4,276,startFixPeriod,1764344397.8008869,1736.1409697532654,False
1969,4,276,TargetPresentation,1764344398.5989652,1736.9390506744385,False
1970,4,276,TargetDisplacement,1764344398.8694093,1737.2094922065735,True
1971,4,276,RightResponse,1764344399.8967397,1738.236824274063,False
1972,4,276,FeedbackPeriodStarted,1764344399.903459,1738.2435445785522,False
1973,4,277,startFixDisplay,1764344401.9156718,1740.255755186081,False
1974,4,277,startFixPeriod,1764344402.1933148,1740.5333993434906,False
1975,4,277,TargetPresentation,1764344403.4700792,1741.8101625442505,False
1976,4,277,TargetDisplacement,1764344403.6157582,1741.9558410644531,True
1977,4,277,RightResponse,1764344404.746932,1743.087014913559,False
1978,4,278,FeedbackPeriodStarted,1764344404.767622,1743.1077053546906,False
1979,4,278,startFixDisplay,1764344404.767679,1743.1077618598938,False
1980,4,278,startFixPeriod,1764344404.9411366,1743.281219959259,False
1981,4,278,TargetPresentation,1764344405.857041,1744.197124004364,False
1982,4,278,TargetDisplacement,1764344406.0235565,1744.3636393547058,True
1983,4,278,LeftResponse,1764344407.0784364,1745.4185192584991,False
1984,4,279,FeedbackPeriodStarted,1764344407.099137,1745.4392201900482,False
1985,4,279,startFixDisplay,1764344407.0991848,1745.4392676353455,False
1986,4,279,startFixPeriod,1764344407.2726836,1745.6127672195435,False
1987,4,279,TargetPresentation,1764344408.4731295,1746.8132133483887,False
1988,4,279,TargetRemoval,1764344408.6327598,1746.9728450775146,True
1989,4,279,TargetReappeared,1764344408.8824813,1747.2225649356842,False
1990,4,279,LeftResponse,1764344409.680704,1748.0207874774933,False
1991,4,280,FeedbackPeriodStarted,1764344409.7081966,1748.048279762268,False
1992,4,280,startFixDisplay,1764344409.7082455,1748.0483283996582,False
1993,4,280,startFixPeriod,1764344409.895715,1748.2358005046844,False
1994,4,280,TargetPresentation,1764344411.0753112,1749.4153943061829,False
1995,4,280,NoSaccadeMade,1764344413.0721755,1751.4122605323792,False
1996,4,281,FeedbackPeriodStarted,1764344413.0944946,1751.434577703476,False
1997,4,281,startFixDisplay,1764344413.0945437,1751.434626340866,False
1998,4,281,startFixPeriod,1764344413.3026955,1751.6427783966064,False
1999,4,281,TargetPresentation,1764344414.3367584,1752.676845550537,False
2000,4,281,TargetDisplacement,1764344414.482333,1752.8224160671234,True
2001,4,281,LeftResponse,1764344415.218312,1753.5583951473236,False
2002,4,282,FeedbackPeriodStarted,1764344415.2386386,1753.5787222385406,False
2003,4,282,startFixDisplay,1764344415.2387166,1753.5787997245789,False
2004,4,282,startFixPeriod,1764344415.6966934,1754.0367767810822,False
2005,4,282,TargetPresentation,1764344416.8763657,1755.216449022293,False
2006,4,282,TargetRemoval,1764344417.0150242,1755.355107307434,True
2007,4,282,TargetReappeared,1764344417.2649004,1755.6049845218658,False
2008,4,282,LeftResponse,1764344418.3752778,1756.7153618335724,False
2009,4,282,FeedbackPeriodStarted,1764344418.3820374,1756.722121477127,False
2010,4,283,startFixDisplay,1764344420.3943293,1758.734412908554,False
2011,4,283,startFixPeriod,1764344420.4430244,1758.783108472824,False
2012,4,283,TargetPresentation,1764344421.8585563,1760.19864153862,False
2013,4,283,TargetDisplacement,1764344422.0180588,1760.3581416606903,True
2014,4,283,LeftResponse,1764344422.9341526,1761.2742359638214,False
2015,4,284,FeedbackPeriodStarted,1764344422.954896,1761.2949793338776,False
2016,4,284,startFixDisplay,1764344422.954948,1761.295030593872,False
2017,4,284,startFixPeriod,1764344423.1284468,1761.4685320854187,False
2018,4,284,TargetPresentation,1764344423.8016262,1762.141714334488,False
2019,4,284,TargetRemoval,1764344423.9473119,1762.287398815155,True
2020,4,284,TargetReappeared,1764344424.1969814,1762.5370647907257,False
2021,4,284,LeftResponse,1764344424.8704395,1763.2105247974396,False
2022,4,285,FeedbackPeriodStarted,1764344424.8908045,1763.2308876514435,False
2023,4,285,startFixDisplay,1764344424.8908525,1763.2309348583221,False
2024,4,285,startFixPeriod,1764344425.1198194,1763.4599032402039,False
2025,4,285,TargetPresentation,1764344426.5978642,1764.9379477500916,False
2026,4,285,TargetDisplacement,1764344426.7574422,1765.0975253582,True
2027,4,285,RightResponse,1764344427.6598332,1765.9999179840088,False
2028,4,286,FeedbackPeriodStarted,1764344427.6803005,1766.0203835964203,False
2029,4,286,startFixDisplay,1764344427.680349,1766.0204319953918,False
2030,4,286,startFixPeriod,1764344427.902519,1766.2426059246063,False
2031,4,286,TargetPresentation,1764344429.3041384,1767.6442215442657,False
2032,4,286,TargetRemoval,1764344429.4569254,1767.7970085144043,True
2033,4,286,TargetReappeared,1764344429.7067175,1768.0468032360077,False
2034,4,286,RightResponse,1764344430.4077735,1768.7478580474854,False
2035,4,287,FeedbackPeriodStarted,1764344430.4350893,1768.7751724720001,False
2036,4,287,startFixDisplay,1764344430.4351375,1768.7752203941345,False
2037,4,287,startFixPeriod,1764344430.6504712,1768.9905591011047,False
2038,4,287,TargetPresentation,1764344431.156919,1769.4970049858093,False
2039,4,287,TargetDisplacement,1764344431.3026547,1769.6427402496338,True
2040,4,287,RightResponse,1764344432.0870774,1770.4271624088287,False
2041,4,288,FeedbackPeriodStarted,1764344432.1074684,1770.447551727295,False
2042,4,288,startFixDisplay,1764344432.1075215,1770.447604417801,False
2043,4,288,startFixPeriod,1764344432.281092,1770.6211774349213,False
2044,4,288,TargetPresentation,1764344432.8777463,1771.2178301811218,False
2045,4,288,TargetRemoval,1764344432.8847804,1771.2248661518097,True
2046,4,288,TargetReappeared,1764344433.1345994,1771.4746854305267,False
2047,4,288,LeftResponse,1764344434.3142998,1772.6543841362,False
2048,4,288,FeedbackPeriodStarted,1764344434.3210902,1772.6611759662628,False
2049,4,289,startFixDisplay,1764344436.333277,1774.6733603477478,False
2050,4,289,startFixPeriod,1764344436.3402762,1774.6803591251373,False
2051,4,289,TargetPresentation,1764344437.4159257,1775.756011724472,False
2052,4,289,TargetRemoval,1764344437.5546632,1775.8947484493256,True
2053,4,289,TargetReappeared,1764344437.804529,1776.144614458084,False
2054,4,289,LeftResponse,1764344438.4984276,1776.8385112285614,False
2055,4,290,FeedbackPeriodStarted,1764344438.5190697,1776.8591527938843,False
2056,4,290,startFixDisplay,1764344438.5191176,1776.8592002391815,False
2057,4,290,startFixPeriod,1764344438.6857748,1777.0258605480194,False
2058,4,290,TargetPresentation,1764344439.7405894,1778.0806765556335,False
2059,4,290,TargetDisplacement,1764344439.8721704,1778.212253332138,True
2060,4,290,LeftResponse,1764344440.5108647,1778.8509483337402,False
2061,4,291,FeedbackPeriodStarted,1764344440.5313835,1778.8714668750763,False
2062,4,291,startFixDisplay,1764344440.5314314,1778.871514081955,False
2063,4,291,startFixPeriod,1764344440.7397792,1779.0798652172089,False
2064,4,291,TargetPresentation,1764344442.2247179,1780.5648038387299,False
2065,4,291,TargetDisplacement,1764344442.4049308,1780.7450137138367,True
2066,4,291,RightResponse,1764344443.0644727,1781.4045567512512,False
2067,4,292,FeedbackPeriodStarted,1764344443.084967,1781.425050020218,False
2068,4,292,startFixDisplay,1764344443.0850625,1781.4251453876495,False
2069,4,292,startFixPeriod,1764344443.2654428,1781.6055262088776,False
2070,4,292,TargetPresentation,1764344444.0635219,1782.4036076068878,False
2071,4,292,TargetDisplacement,1764344444.2299557,1782.5700385570526,True
2072,4,292,RightResponse,1764344445.0904913,1783.4305746555328,False
2073,4,293,FeedbackPeriodStarted,1764344445.1111486,1783.4512314796448,False
2074,4,293,startFixDisplay,1764344445.1111975,1783.451280117035,False
2075,4,293,startFixPeriod,1764344445.2709098,1783.6109955310822,False
2076,4,293,TargetPresentation,1764344446.6171458,1784.9572312831879,False
2077,4,293,TargetDisplacement,1764344446.7695725,1785.1096558570862,True
2078,4,293,LeftResponse,1764344447.8801367,1786.220220565796,False
2079,4,294,FeedbackPeriodStarted,1764344447.9007456,1786.2408287525177,False
2080,4,294,startFixDisplay,1764344447.9007957,1786.2408783435822,False
2081,4,294,startFixPeriod,1764344448.0950246,1786.4351074695587,False
2082,4,294,TargetPresentation,1764344449.3370874,1787.6771705150604,False
2083,4,294,TargetRemoval,1764344449.5105145,1787.8505973815918,True
2084,4,294,TargetReappeared,1764344449.76033,1788.1004133224487,False
2085,4,294,RightResponse,1764344450.7111244,1789.051207780838,False
2086,4,294,FeedbackPeriodStarted,1764344450.7180643,1789.0581502914429,False
2087,4,295,startFixDisplay,1764344452.7302191,1791.0703020095825,False
2088,4,295,startFixPeriod,1764344452.9663632,1791.3064489364624,False
2089,4,295,TargetPresentation,1764344454.1113114,1792.4513974189758,False
2090,4,295,TargetDisplacement,1764344454.263899,1792.6039822101593,True
2091,4,295,RightResponse,1764344455.450582,1793.790666103363,False
2092,4,296,FeedbackPeriodStarted,1764344455.4712186,1793.8113017082214,False
2093,4,296,startFixDisplay,1764344455.471268,1793.8113505840302,False
2094,4,296,startFixPeriod,1764344455.6447787,1793.9848647117615,False
2095,4,296,TargetPresentation,1764344457.0395145,1795.379600763321,False
2096,4,296,TargetDisplacement,1764344457.462628,1795.8027107715607,True
2097,4,296,RightResponse,1764344458.3790817,1796.7191667556763,False
2098,4,297,FeedbackPeriodStarted,1764344458.3994143,1796.739497423172,False
2099,4,297,startFixDisplay,1764344458.399511,1796.7395939826965,False
2100,4,297,startFixPeriod,1764344458.600721,1796.9408049583435,False
2101,4,297,TargetPresentation,1764344459.64159,1797.9816734790802,False
2102,4,297,TargetDisplacement,1764344459.8149571,1798.155040025711,True
2103,4,297,LeftResponse,1764344460.8351536,1799.175236940384,False
2104,4,298,FeedbackPeriodStarted,1764344460.8558826,1799.195966243744,False
2105,4,298,startFixDisplay,1764344460.8559327,1799.1960153579712,False
2106,4,298,startFixPeriod,1764344461.036292,1799.3763751983643,False
2107,4,298,TargetPresentation,1764344461.6053226,1799.945407629013,False
2108,4,298,TargetDisplacement,1764344461.7510502,1800.0911331176758,True
2109,4,298,LeftResponse,1764344462.8061807,1801.1462659835815,False
2110,4,299,FeedbackPeriodStarted,1764344462.826525,1801.166608095169,False
2111,4,299,startFixDisplay,1764344462.8265636,1801.1666464805603,False
2112,4,299,startFixPeriod,1764344462.9722579,1801.3123409748077,False
2113,4,299,TargetPresentation,1764344464.2352252,1802.5753083229065,False
2114,4,299,TargetDisplacement,1764344464.3809607,1802.7210438251495,True
2115,4,299,LeftResponse,1764344465.5815024,1803.9215857982635,False
2116,4,300,FeedbackPeriodStarted,1764344465.602154,1803.9422371387482,False
2117,4,300,startFixDisplay,1764344465.6022046,1803.9422874450684,False
2118,4,300,startFixPeriod,1764344465.8451533,1804.1852385997772,False
2119,4,300,TargetPresentation,1764344467.142894,1805.4829800128937,False
2120,4,300,TargetRemoval,1764344467.2883077,1805.628390789032,True
2121,4,300,TargetReappeared,1764344467.5381896,1805.878273010254,False
2122,4,300,LeftResponse,1764344468.3780112,1806.7180943489075,False
2123,4,300,FeedbackPeriodStarted,1764344468.3846886,1806.7247717380524,False
2124,4,301,startFixDisplay,1764344470.3971958,1808.7372817993164,False
2125,4,301,startFixPeriod,1764344470.778872,1809.1189589500427,False
2126,4,301,TargetPresentation,1764344472.166503,1810.5065863132477,False
2127,4,301,TargetDisplacement,1764344472.3191414,1810.6592247486115,True
2128,4,301,LeftResponse,1764344473.3396208,1811.6797060966492,False
2129,4,302,FeedbackPeriodStarted,1764344473.3600354,1811.700118780136,False
2130,4,302,startFixDisplay,1764344473.360094,1811.7001767158508,False
2131,4,302,startFixPeriod,1764344473.5543287,1811.8944127559662,False
2132,4,302,TargetPresentation,1764344474.310835,1812.6509206295013,False
2133,4,302,TargetDisplacement,1764344474.4701982,1812.8102812767029,True
2134,4,302,RightResponse,1764344475.2752738,1813.615356683731,False
2135,4,303,FeedbackPeriodStarted,1764344475.2959647,1813.6360478401184,False
2136,4,303,startFixDisplay,1764344475.2960136,1813.63609623909,False
2137,4,303,startFixPeriod,1764344475.4833503,1813.8234338760376,False
2138,4,303,TargetPresentation,1764344476.2675261,1814.6076111793518,False
2139,4,303,TargetDisplacement,1764344476.4063163,1814.7464015483856,True
2140,4,303,RightResponse,1764344477.3154318,1815.6555154323578,False
2141,4,304,FeedbackPeriodStarted,1764344477.336057,1815.6761400699615,False
2142,4,304,startFixDisplay,1764344477.336106,1815.6761887073517,False
2143,4,304,startFixPeriod,1764344477.5026164,1815.8427002429962,False
2144,4,304,TargetPresentation,1764344478.8974283,1817.2375137805939,False
2145,4,304,TargetDisplacement,1764344479.0638406,1817.4039235115051,True
2146,4,304,LeftResponse,1764344479.737098,1818.0771811008453,False
2147,4,305,FeedbackPeriodStarted,1764344479.757751,1818.09783411026,False
2148,4,305,startFixDisplay,1764344479.7577994,1818.0978820323944,False
2149,4,305,startFixPeriod,1764344479.9313786,1818.271464586258,False
2150,4,305,TargetPresentation,1764344481.4164057,1819.7564918994904,False
2151,4,305,TargetDisplacement,1764344481.5619683,1819.9020512104034,True
2152,4,305,LeftResponse,1764344482.2559454,1820.596028327942,False
2153,4,306,FeedbackPeriodStarted,1764344482.2766988,1820.616781949997,False
2154,4,306,startFixDisplay,1764344482.2767465,1820.6168293952942,False
2155,4,306,startFixPeriod,1764344482.450231,1820.7903156280518,False
2156,4,306,TargetPresentation,1764344483.8727317,1822.2128157615662,False
2157,4,306,TargetRemoval,1764344483.990758,1822.3308432102203,True
2158,4,306,TargetReappeared,1764344484.24065,1822.5807356834412,False
2159,4,306,RightResponse,1764344485.142623,1823.4827063083649,False
2160,4,306,FeedbackPeriodStarted,1764344485.149502,1823.4895856380463,False
2161,4,307,startFixDisplay,1764344487.1617026,1825.501785993576,False
2162,4,307,startFixPeriod,1764344487.5225859,1825.862670660019,False
2163,4,307,TargetPresentation,1764344488.237325,1826.5774080753326,False
2164,4,307,TargetDisplacement,1764344488.4108968,1826.750982761383,True
2165,4,307,LeftResponse,1764344489.6323776,1827.9724612236023,False
2166,4,308,FeedbackPeriodStarted,1764344489.6528194,1827.9929025173187,False
2167,4,308,startFixDisplay,1764344489.6528668,1827.9929494857788,False
2168,4,308,startFixPeriod,1764344489.8402853,1828.1803693771362,False
2169,4,308,TargetPresentation,1764344490.763169,1829.1032528877258,False
2170,4,308,TargetDisplacement,1764344490.8880727,1829.2281556129456,True
2171,4,308,RightResponse,1764344492.1652055,1830.5052907466888,False
2172,4,309,FeedbackPeriodStarted,1764344492.185702,1830.5257875919342,False
2173,4,309,startFixDisplay,1764344492.1858313,1830.5259160995483,False
2174,4,309,startFixPeriod,1764344492.3591387,1830.6992225646973,False
2175,4,309,TargetPresentation,1764344493.2682548,1831.6083407402039,False
2176,4,309,TargetRemoval,1764344493.4137657,1831.7538485527039,True
2177,4,309,TargetReappeared,1764344493.6637607,1832.003846168518,False
2178,4,309,RightResponse,1764344494.6353953,1832.9754796028137,False
2179,4,310,FeedbackPeriodStarted,1764344494.6558595,1832.9959425926208,False
2180,4,310,startFixDisplay,1764344494.6559072,1832.9959897994995,False
2181,4,310,startFixPeriod,1764344494.8502524,1833.1903364658356,False
2182,4,310,TargetPresentation,1764344496.1200142,1834.4600973129272,False
2183,4,310,TargetRemoval,1764344496.3559208,1834.6960039138794,True
2184,4,310,TargetReappeared,1764344496.6059086,1834.9459943771362,False
2185,4,310,LeftResponse,1764344497.3552902,1835.695373058319,False
2186,4,311,FeedbackPeriodStarted,1764344497.375968,1835.7160511016846,False
2187,4,311,startFixDisplay,1764344497.3760157,1835.7160983085632,False
2188,4,311,startFixPeriod,1764344497.5565078,1835.8965921401978,False
2189,4,311,TargetPresentation,1764344498.867944,1837.208027124405,False
2190,4,311,TargetDisplacement,1764344499.0136945,1837.3537800312042,True
2191,4,311,RightResponse,1764344499.971483,1838.3115673065186,False
2192,4,312,FeedbackPeriodStarted,1764344499.9989164,1838.3389995098114,False
2193,4,312,startFixDisplay,1764344499.9989643,1838.3390469551086,False
2194,4,312,startFixPeriod,1764344500.186349,1838.5264320373535,False
2195,4,312,TargetPresentation,1764344501.018978,1839.35906124115,False
2196,4,312,TargetRemoval,1764344501.1577518,1839.4978349208832,True
2197,4,312,TargetReappeared,1764344501.4077282,1839.7478139400482,False
2198,4,312,LeftResponse,1764344502.10159,1840.4416732788086,False
2199,4,312,FeedbackPeriodStarted,1764344502.108561,1840.4486467838287,False
2200,4,313,startFixDisplay,1764344504.120836,1842.4609217643738,False
2201,4,313,startFixPeriod,1764344504.5371118,1842.8771958351135,False
2202,4,313,TargetPresentation,1764344505.1130457,1843.4531288146973,False
2203,4,313,TargetDisplacement,1764344505.2588253,1843.5989081859589,True
2204,4,313,LeftResponse,1764344506.5773592,1844.917442560196,False
2205,4,314,FeedbackPeriodStarted,1764344506.598005,1844.9380881786346,False
2206,4,314,startFixDisplay,1764344506.5980675,1844.9381501674652,False
2207,4,314,startFixPeriod,1764344506.7923155,1845.1323990821838,False
2208,4,314,TargetPresentation,1764344508.2009497,1846.5410342216492,False
2209,4,314,TargetRemoval,1764344508.901754,1847.2418370246887,True
2210,4,314,TargetReappeared,1764344509.1516542,1847.4917390346527,False
2211,4,314,RightResponse,1764344509.89419,1848.2342739105225,False
2212,4,315,FeedbackPeriodStarted,1764344509.9148092,1848.2548923492432,False
2213,4,315,startFixDisplay,1764344509.9148576,1848.2549405097961,False
2214,4,315,startFixPeriod,1764344510.6365583,1848.9766430854797,False
2215,4,315,TargetPresentation,1764344511.1569972,1849.4970819950104,False
2216,4,315,TargetRemoval,1764344511.6148531,1849.9549362659454,True
2217,4,315,TargetReappeared,1764344511.8648376,1850.2049233913422,False
2218,4,315,LeftResponse,1764344512.760066,1851.100149154663,False
2219,4,316,FeedbackPeriodStarted,1764344512.780854,1851.120940208435,False
2220,4,316,startFixDisplay,1764344512.7809885,1851.1210730075836,False
2221,4,316,startFixPeriod,1764344513.3081124,1851.6481974124908,False
2222,4,316,TargetPresentation,1764344514.0783741,1852.4184591770172,False
2223,4,316,TargetRemoval,1764344514.5778215,1852.9179043769836,True
2224,4,316,TargetReappeared,1764344514.8276887,1853.167772769928,False
2225,4,316,RightResponse,1764344515.7371233,1854.077208518982,False
2226,4,317,FeedbackPeriodStarted,1764344515.7574923,1854.097575187683,False
2227,4,317,startFixDisplay,1764344515.75754,1854.097622871399,False
2228,4,317,startFixPeriod,1764344515.9240112,1854.2640943527222,False
2229,4,317,TargetPresentation,1764344517.228772,1855.5688576698303,False
2230,4,317,TargetRemoval,1764344517.3950899,1855.7351727485657,True
2231,4,317,TargetReappeared,1764344517.6449637,1855.985047340393,False
2232,4,317,RightResponse,1764344518.4225562,1856.7626421451569,False
2233,4,318,FeedbackPeriodStarted,1764344518.4428878,1856.782970905304,False
2234,4,318,startFixDisplay,1764344518.4429367,1856.7830193042755,False
2235,4,318,startFixPeriod,1764344518.6303768,1856.9704604148865,False
2236,4,318,TargetPresentation,1764344519.6295283,1857.9696123600006,False
2237,4,318,TargetDisplacement,1764344519.7821932,1858.1222760677338,True
2238,4,318,RightResponse,1764344521.4269853,1859.7670681476593,False
2239,4,318,FeedbackPeriodStarted,1764344521.43369,1859.7737731933594,False
2240,4,319,startFixDisplay,1764344523.4460433,1861.7861292362213,False
2241,4,319,startFixPeriod,1764344523.772278,1862.1123614311218,False
2242,4,319,TargetPresentation,1764344524.417733,1862.7578189373016,False
2243,4,319,TargetDisplacement,1764344524.58406,1862.9241428375244,True
2244,4,319,LeftResponse,1764344525.5902429,1863.9303259849548,False
2245,4,320,FeedbackPeriodStarted,1764344525.610897,1863.950980424881,False
2246,4,320,startFixDisplay,1764344525.6109443,1863.9510271549225,False
2247,4,320,startFixPeriod,1764344525.8470385,1864.1871240139008,False
2248,4,320,TargetPresentation,1764344526.8670323,1865.2071180343628,False
2249,4,320,TargetDisplacement,1764344527.047268,1865.3873510360718,True
2250,4,320,LeftResponse,1764344528.3314104,1866.6714944839478,False
2251,4,321,FeedbackPeriodStarted,1764344528.3588986,1866.6989817619324,False
2252,4,321,startFixDisplay,1764344528.3589973,1866.6990802288055,False
2253,4,321,startFixPeriod,1764344528.566997,1866.9070806503296,False
2254,4,321,TargetPresentation,1764344529.4759774,1867.8160610198975,False
2255,4,321,TargetDisplacement,1764344529.621652,1867.961735010147,True
2256,4,321,LeftResponse,1764344530.8433168,1869.1834001541138,False
2257,4,322,FeedbackPeriodStarted,1764344530.8708477,1869.2109336853027,False
2258,4,322,startFixDisplay,1764344530.8709867,1869.2110712528229,False
2259,4,322,startFixPeriod,1764344531.183161,1869.5232467651367,False
2260,4,322,TargetPresentation,1764344532.3003438,1870.6404314041138,False
2261,4,322,TargetDisplacement,1764344532.4528677,1870.7929508686066,True
2262,4,322,LeftResponse,1764344533.2717688,1871.6118524074554,False
2263,4,323,FeedbackPeriodStarted,1764344533.2924597,1871.6325433254242,False
2264,4,323,startFixDisplay,1764344533.2925122,1871.6325948238373,False
2265,4,323,startFixPeriod,1764344533.2993417,1871.6394245624542,False
2266,4,323,TargetPresentation,1764344533.833793,1872.1738784313202,False
2267,4,323,TargetDisplacement,1764344534.034878,1872.374960899353,True
2268,4,323,RightResponse,1764344535.194265,1873.5343477725983,False
2269,4,324,FeedbackPeriodStarted,1764344535.2214797,1873.5615630149841,False
2270,4,324,startFixDisplay,1764344535.2215388,1873.5616216659546,False
2271,4,324,startFixPeriod,1764344535.4019594,1873.742043018341,False
2272,4,324,TargetPresentation,1764344536.0402584,1874.3803412914276,False
2273,4,324,TargetDisplacement,1764344536.2069125,1874.5469958782196,True
2274,4,324,LeftResponse,1764344537.1298892,1875.469972372055,False
2275,4,324,FeedbackPeriodStarted,1764344537.1367207,1875.476803779602,False
2276,4,325,startFixDisplay,1764344539.1490738,1877.489159822464,False
2277,4,325,startFixPeriod,1764344539.1560519,1877.4961378574371,False
2278,4,325,TargetPresentation,1764344539.6971912,1878.0372741222382,False
2279,4,325,TargetDisplacement,1764344539.8915474,1878.2316329479218,True
2280,4,325,LeftResponse,1764344540.717427,1879.057510137558,False
2281,4,326,FeedbackPeriodStarted,1764344540.7380147,1879.078097820282,False
2282,4,326,startFixDisplay,1764344540.7380652,1879.0781478881836,False
2283,4,326,startFixPeriod,1764344540.9325159,1879.2726023197174,False
2284,4,326,TargetPresentation,1764344542.1606781,1880.5007638931274,False
2285,4,326,TargetDisplacement,1764344542.313208,1880.6532912254333,True
2286,4,326,LeftResponse,1764344542.8895583,1881.2296433448792,False
2287,4,327,FeedbackPeriodStarted,1764344542.9099739,1881.250057220459,False
2288,4,327,startFixDisplay,1764344542.9100246,1881.2501072883606,False
2289,4,327,startFixPeriod,1764344543.104318,1881.444401025772,False
2290,4,327,TargetPresentation,1764344544.3672354,1882.7073192596436,False
2291,4,327,TargetRemoval,1764344544.5337167,1882.8737998008728,True
2292,4,327,TargetReappeared,1764344544.7835362,1883.123619556427,False
2293,4,327,LeftResponse,1764344545.7412093,1884.0812928676605,False
2294,4,328,FeedbackPeriodStarted,1764344545.7689455,1884.109031200409,False
2295,4,328,startFixDisplay,1764344545.7690847,1884.1091692447662,False
2296,4,328,startFixPeriod,1764344545.9702356,1884.3103215694427,False
2297,4,328,TargetPresentation,1764344546.89995,1885.2400331497192,False
2298,4,328,TargetDisplacement,1764344546.9069104,1885.2469942569733,True
2299,4,328,LeftResponse,1764344547.9064674,1886.2465524673462,False
2300,4,329,FeedbackPeriodStarted,1764344547.9340198,1886.2741060256958,False
2301,4,329,startFixDisplay,1764344547.9341764,1886.2742614746094,False
2302,4,329,startFixPeriod,1764344548.121342,1886.46142745018,False
2303,4,329,TargetPresentation,1764344549.2732985,1887.6133823394775,False
2304,4,329,TargetDisplacement,1764344549.411872,1887.7519550323486,True
2305,4,329,LeftResponse,1764344550.1682868,1888.508369922638,False
2306,4,329,FeedbackPeriodStarted,1764344550.210065,1888.5501518249512,False
2307,5,330,startFixDisplay,1764344634.963181,1973.3032643795013,False
2308,5,330,startFixPeriod,1764344635.171489,1973.5115747451782,False
2309,5,330,TargetPresentation,1764344636.5107973,1974.8508841991425,False
2310,5,330,TargetRemoval,1764344636.6981027,1975.0381858348846,True
2311,5,330,TargetReappeared,1764344636.947931,1975.2880170345306,False
2312,5,330,RightResponse,1764344637.9054542,1976.2455370426178,False
2313,5,331,FeedbackPeriodStarted,1764344637.926145,1976.2662284374237,False
2314,5,331,startFixDisplay,1764344637.9262478,1976.2663314342499,False
2315,5,331,startFixPeriod,1764344638.1067786,1976.4468655586243,False
2316,5,331,TargetPresentation,1764344639.4390213,1977.779104232788,False
2317,5,331,TargetDisplacement,1764344639.6192372,1977.959320306778,True
2318,5,331,RightResponse,1764344641.0352423,1979.375327348709,False
2319,5,332,FeedbackPeriodStarted,1764344641.0556362,1979.3957192897797,False
2320,5,332,startFixDisplay,1764344641.0556846,1979.3957674503326,False
2321,5,332,startFixPeriod,1764344641.2361262,1979.576209783554,False
2322,5,332,TargetPresentation,1764344641.791302,1980.1313874721527,False
2323,5,332,TargetDisplacement,1764344641.9577124,1980.2977952957153,True
2324,5,332,LeftResponse,1764344642.9155169,1981.255600452423,False
2325,5,333,FeedbackPeriodStarted,1764344642.9361258,1981.2762088775635,False
2326,5,333,startFixDisplay,1764344642.936175,1981.2762579917908,False
2327,5,333,startFixPeriod,1764344643.1513789,1981.4914648532867,False
2328,5,333,TargetPresentation,1764344643.6508803,1981.990963459015,False
2329,5,333,TargetDisplacement,1764344643.8173525,1982.1574354171753,True
2330,5,333,LeftResponse,1764344644.824053,1983.164136171341,False
2331,5,334,FeedbackPeriodStarted,1764344644.8513763,1983.1914615631104,False
2332,5,334,startFixDisplay,1764344644.8514957,1983.1915800571442,False
2333,5,334,startFixPeriod,1764344645.0733666,1983.4134504795074,False
2334,5,334,TargetPresentation,1764344645.586995,1983.9270808696747,False
2335,5,334,TargetDisplacement,1764344645.7396045,1984.0796904563904,True
2336,5,334,LeftResponse,1764344646.9820323,1985.322117805481,False
2337,5,335,FeedbackPeriodStarted,1764344647.009326,1985.3494093418121,False
2338,5,335,startFixDisplay,1764344647.009374,1985.3494567871094,False
2339,5,335,startFixPeriod,1764344647.3287241,1985.6688113212585,False
2340,5,335,TargetPresentation,1764344648.6609168,1987.0010001659393,False
2341,5,335,TargetDisplacement,1764344648.8620393,1987.2021224498749,True
2342,5,335,RightResponse,1764344649.729575,1988.0696578025818,False
2343,5,336,FeedbackPeriodStarted,1764344649.757204,1988.097286939621,False
2344,5,336,startFixDisplay,1764344649.757314,1988.0973978042603,False
2345,5,336,startFixPeriod,1764344649.9308765,1988.2709617614746,False
2346,5,336,TargetPresentation,1764344651.027082,1989.3671650886536,False
2347,5,336,TargetRemoval,1764344651.1936774,1989.5337626934052,True
2348,5,336,TargetReappeared,1764344651.443582,1989.7836678028107,False
2349,5,336,LeftResponse,1764344652.7272432,1991.0673263072968,False
2350,5,336,FeedbackPeriodStarted,1764344652.734069,1991.0741522312164,False
2351,5,337,startFixDisplay,1764344654.7463727,1993.086455821991,False
2352,5,337,startFixPeriod,1764344655.2460046,1993.5860877037048,False
2353,5,337,TargetPresentation,1764344655.745666,1994.085749387741,False
2354,5,337,TargetDisplacement,1764344655.9399273,1994.2800104618073,True
2355,5,337,LeftResponse,1764344657.3835824,1995.7236676216125,False
2356,5,338,FeedbackPeriodStarted,1764344657.4040494,1995.7441325187683,False
2357,5,338,startFixDisplay,1764344657.4040992,1995.7441821098328,False
2358,5,338,startFixPeriod,1764344657.5846364,1995.9247221946716,False
2359,5,338,TargetPresentation,1764344658.6322665,1996.9723498821259,False
2360,5,338,TargetRemoval,1764344658.7919176,1997.132003068924,True
2361,5,338,TargetReappeared,1764344659.0418355,1997.3819212913513,False
2362,5,338,RightResponse,1764344659.7359746,1998.0760595798492,False
2363,5,339,FeedbackPeriodStarted,1764344659.756441,1998.0965268611908,False
2364,5,339,startFixDisplay,1764344659.7565894,1998.0966756343842,False
2365,5,339,startFixPeriod,1764344659.9370265,1998.2771124839783,False
2366,5,339,TargetPresentation,1764344660.4780407,1998.8181235790253,False
2367,5,339,TargetDisplacement,1764344660.6306381,1998.9707210063934,True
2368,5,339,RightResponse,1764344661.561016,1999.9011011123657,False
2369,5,340,FeedbackPeriodStarted,1764344661.5884476,1999.9285335540771,False
2370,5,340,startFixDisplay,1764344661.5886047,1999.9286894798279,False
2371,5,340,startFixPeriod,1764344661.768763,2000.1088469028473,False
2372,5,340,TargetPresentation,1764344662.3932414,2000.733324289322,False
2373,5,340,TargetDisplacement,1764344662.5807972,2000.9208843708038,True
2374,5,340,RightResponse,1764344663.379006,2001.7190907001495,False
2375,5,341,FeedbackPeriodStarted,1764344663.3993855,2001.739468574524,False
2376,5,341,startFixDisplay,1764344663.399435,2001.7395179271698,False
2377,5,341,startFixPeriod,1764344663.5729556,2001.9130415916443,False
2378,5,341,TargetPresentation,1764344664.9677253,2003.307810306549,False
2379,5,341,TargetRemoval,1764344665.1550374,2003.49512052536,True
2380,5,341,TargetReappeared,1764344665.4047375,2003.7448213100433,False
2381,5,341,RightResponse,1764344666.3697677,2004.709852695465,False
2382,5,342,FeedbackPeriodStarted,1764344666.3900568,2004.7301399707794,False
2383,5,342,startFixDisplay,1764344666.3901043,2004.730187177658,False
2384,5,342,startFixPeriod,1764344666.542819,2004.882902622223,False
2385,5,342,TargetPresentation,1764344667.1258504,2005.465936422348,False
2386,5,342,TargetRemoval,1764344667.2990663,2005.639149427414,True
2387,5,342,TargetReappeared,1764344667.5490549,2005.8891394138336,False
2388,5,342,RightResponse,1764344668.2636673,2006.6037504673004,False
2389,5,342,FeedbackPeriodStarted,1764344668.270532,2006.6106147766113,False
2390,5,343,startFixDisplay,1764344670.2828531,2008.6229367256165,False
2391,5,343,startFixPeriod,1764344670.5534809,2008.8935642242432,False
2392,5,343,TargetPresentation,1764344671.2475197,2009.5876054763794,False
2393,5,343,TargetRemoval,1764344671.4000304,2009.7401134967804,True
2394,5,343,TargetReappeared,1764344671.6499476,2009.9900312423706,False
2395,5,343,LeftResponse,1764344672.3786366,2010.7187192440033,False
2396,5,344,FeedbackPeriodStarted,1764344672.399468,2010.739554643631,False
2397,5,344,startFixDisplay,1764344672.3996315,2010.7397162914276,False
2398,5,344,startFixPeriod,1764344672.5658848,2010.9059700965881,False
2399,5,344,TargetPresentation,1764344673.2460423,2011.5861282348633,False
2400,5,344,TargetDisplacement,1764344673.426448,2011.7665350437164,True
2401,5,344,LeftResponse,1764344674.4540079,2012.794093132019,False
2402,5,345,FeedbackPeriodStarted,1764344674.4740303,2012.8141133785248,False
2403,5,345,startFixDisplay,1764344674.4740672,2012.8141498565674,False
2404,5,345,startFixPeriod,1764344674.682416,2013.0225014686584,False
2405,5,345,TargetPresentation,1764344675.6330142,2013.9730978012085,False
2406,5,345,TargetDisplacement,1764344675.7787502,2014.118836402893,True
2407,5,345,LeftResponse,1764344676.9791994,2015.3192825317383,False
2408,5,346,FeedbackPeriodStarted,1764344677.0069487,2015.34703540802,False
2409,5,346,startFixDisplay,1764344677.0071208,2015.3472068309784,False
2410,5,346,startFixPeriod,1764344677.2150578,2015.555141210556,False
2411,5,346,TargetPresentation,1764344678.6445546,2016.98464012146,False
2412,5,346,TargetDisplacement,1764344680.0878222,2018.4279081821442,True
2413,5,346,RightResponse,1764344680.9204905,2019.260573387146,False
2414,5,347,FeedbackPeriodStarted,1764344680.9411998,2019.281282901764,False
2415,5,347,startFixDisplay,1764344680.9412475,2019.2813303470612,False
2416,5,347,startFixPeriod,1764344681.1288373,2019.4689238071442,False
2417,5,347,TargetPresentation,1764344681.7809234,2020.1210064888,False
2418,5,347,TargetRemoval,1764344681.9266574,2020.2667429447174,True
2419,5,347,TargetReappeared,1764344682.1765456,2020.5166306495667,False
2420,5,347,RightResponse,1764344683.3634322,2021.7035174369812,False
2421,5,348,FeedbackPeriodStarted,1764344683.3908818,2021.7309675216675,False
2422,5,348,startFixDisplay,1764344683.391016,2021.7311005592346,False
2423,5,348,startFixPeriod,1764344683.5573332,2021.8974177837372,False
2424,5,348,TargetPresentation,1764344684.1333146,2022.4734001159668,False
2425,5,348,TargetDisplacement,1764344684.2859528,2022.6260359287262,True
2426,5,348,LeftResponse,1764344685.035695,2023.3757810592651,False
2427,5,348,FeedbackPeriodStarted,1764344685.0422971,2023.382383108139,False
2428,5,349,startFixDisplay,1764344687.0544908,2025.3945741653442,False
2429,5,349,startFixPeriod,1764344687.311436,2025.6515219211578,False
2430,5,349,TargetPresentation,1764344687.901118,2026.2412011623383,False
2431,5,349,TargetRemoval,1764344688.0677638,2026.4078493118286,True
2432,5,349,TargetReappeared,1764344688.3175952,2026.6576807498932,False
2433,5,349,LeftResponse,1764344689.0184128,2027.3584959506989,False
2434,5,350,FeedbackPeriodStarted,1764344689.0390537,2027.3791365623474,False
2435,5,350,startFixDisplay,1764344689.0391002,2027.3791828155518,False
2436,5,350,startFixPeriod,1764344689.2196898,2027.559775352478,False
2437,5,350,TargetPresentation,1764344690.4963973,2028.8364803791046,False
2438,5,350,TargetRemoval,1764344690.6558394,2028.9959223270416,True
2439,5,350,TargetReappeared,1764344690.9057434,2029.24582695961,False
2440,5,350,RightResponse,1764344691.5582519,2029.8983361721039,False
2441,5,351,FeedbackPeriodStarted,1764344691.5788605,2029.9189462661743,False
2442,5,351,startFixDisplay,1764344691.5789893,2029.9190738201141,False
2443,5,351,startFixPeriod,1764344691.7731397,2030.1132245063782,False
2444,5,351,TargetPresentation,1764344693.1192894,2031.4593732357025,False
2445,5,351,TargetDisplacement,1764344693.2719214,2031.6120042800903,True
2446,5,351,RightResponse,1764344694.153559,2032.493644475937,False
2447,5,352,FeedbackPeriodStarted,1764344694.1740794,2032.5141627788544,False
2448,5,352,startFixDisplay,1764344694.1741295,2032.5142121315002,False
2449,5,352,startFixPeriod,1764344694.3684034,2032.7084889411926,False
2450,5,352,TargetPresentation,1764344694.909684,2033.2497696876526,False
2451,5,352,TargetDisplacement,1764344695.103888,2033.4439737796783,True
2452,5,352,RightResponse,1764344696.2353473,2034.5754323005676,False
2453,5,353,FeedbackPeriodStarted,1764344696.2556512,2034.5957345962524,False
2454,5,353,startFixDisplay,1764344696.2556999,2034.5957827568054,False
2455,5,353,startFixPeriod,1764344696.4154222,2034.7555079460144,False
2456,5,353,TargetPresentation,1764344697.7198102,2036.0598936080933,False
2457,5,353,TargetDisplacement,1764344699.0245047,2037.3645923137665,True
2458,5,353,LeftResponse,1764344700.1973789,2038.5374619960785,False
2459,5,354,FeedbackPeriodStarted,1764344700.2178392,2038.5579226016998,False
2460,5,354,startFixDisplay,1764344700.217888,2038.5579705238342,False
2461,5,354,startFixPeriod,1764344700.426111,2038.7661967277527,False
2462,5,354,TargetPresentation,1764344701.5642345,2039.9043197631836,False
2463,5,354,TargetRemoval,1764344701.709725,2040.0498082637787,True
2464,5,354,TargetReappeared,1764344701.959564,2040.299655675888,False
2465,5,354,LeftResponse,1764344702.6536024,2040.9936854839325,False
2466,5,354,FeedbackPeriodStarted,1764344702.6605492,2041.0006346702576,False
2467,5,355,startFixDisplay,1764344704.6727657,2043.0128490924835,False
2468,5,355,startFixPeriod,1764344704.908799,2043.2488849163055,False
2469,5,355,TargetPresentation,1764344705.9774492,2044.3175349235535,False
2470,5,355,TargetDisplacement,1764344706.150837,2044.4909224510193,True
2471,5,355,RightResponse,1764344706.9769752,2045.317059993744,False
2472,5,356,FeedbackPeriodStarted,1764344706.9972737,2045.3373565673828,False
2473,5,356,startFixDisplay,1764344706.9973204,2045.3374030590057,False
2474,5,356,startFixPeriod,1764344707.1778214,2045.5179064273834,False
2475,5,356,TargetPresentation,1764344707.760793,2046.1008787155151,False
2476,5,356,TargetDisplacement,1764344707.962015,2046.3021006584167,True
2477,5,356,RightResponse,1764344708.961344,2047.3014271259308,False
2478,5,357,FeedbackPeriodStarted,1764344708.981879,2047.3219623565674,False
2479,5,357,startFixDisplay,1764344708.9819276,2047.3220105171204,False
2480,5,357,startFixPeriod,1764344709.1553702,2047.4954540729523,False
2481,5,357,TargetPresentation,1764344710.5849042,2048.9249877929688,False
2482,5,357,TargetDisplacement,1764344710.7930741,2049.1331577301025,True
2483,5,357,LeftResponse,1764344711.4942212,2049.8343064785004,False
2484,5,358,FeedbackPeriodStarted,1764344711.521526,2049.861608982086,False
2485,5,358,startFixDisplay,1764344711.5215814,2049.861664056778,False
2486,5,358,startFixPeriod,1764344711.8755534,2050.2156386375427,False
2487,5,358,TargetPresentation,1764344712.458379,2050.7984619140625,False
2488,5,358,TargetDisplacement,1764344712.6804512,2051.0205342769623,True
2489,5,358,RightResponse,1764344713.250022,2051.59010887146,False
2490,5,359,FeedbackPeriodStarted,1764344713.2772183,2051.617304086685,False
2491,5,359,startFixDisplay,1764344713.2773492,2051.617433786392,False
2492,5,359,startFixPeriod,1764344713.4508014,2051.7908873558044,False
2493,5,359,TargetPresentation,1764344714.4429498,2052.783033132553,False
2494,5,359,TargetDisplacement,1764344714.5956628,2052.9357483386993,True
2495,5,359,LeftResponse,1764344715.1923995,2053.5324828624725,False
2496,5,360,FeedbackPeriodStarted,1764344715.2202964,2053.5603818893433,False
2497,5,360,startFixDisplay,1764344715.2204335,2053.560518026352,False
2498,5,360,startFixPeriod,1764344715.4143875,2053.7544708251953,False
2499,5,360,TargetPresentation,1764344715.9349742,2054.275060415268,False
2500,5,360,TargetDisplacement,1764344716.1984963,2054.5385794639587,True
2501,5,360,RightResponse,1764344716.906642,2055.2467272281647,False
2502,5,360,FeedbackPeriodStarted,1764344716.9132738,2055.2533593177795,False
2503,5,361,startFixDisplay,1764344718.9255013,2057.26558470726,False
2504,5,361,startFixPeriod,1764344719.189274,2057.5293579101562,False
2505,5,361,TargetPresentation,1764344719.924823,2058.26490855217,False
2506,5,361,TargetRemoval,1764344720.0704288,2058.41051197052,True
2507,5,361,TargetReappeared,1764344720.3202362,2058.6603195667267,False
2508,5,361,LeftResponse,1764344720.9868233,2059.3269090652466,False
2509,5,362,FeedbackPeriodStarted,1764344721.0073156,2059.347401380539,False
2510,5,362,startFixDisplay,1764344721.0074232,2059.347506046295,False
2511,5,362,startFixPeriod,1764344721.1876082,2059.5276913642883,False
2512,5,362,TargetPresentation,1764344721.971881,2060.3119673728943,False
2513,5,362,TargetRemoval,1764344722.145247,2060.485330104828,True
2514,5,362,TargetReappeared,1764344722.3951938,2060.735279560089,False
2515,5,362,LeftResponse,1764344722.8740056,2061.2140889167786,False
2516,5,363,FeedbackPeriodStarted,1764344722.8946095,2061.2346925735474,False
2517,5,363,startFixDisplay,1764344722.8946567,2061.234739303589,False
2518,5,363,startFixPeriod,1764344723.2138572,2061.5539412498474,False
2519,5,363,TargetPresentation,1764344724.2270489,2062.5671322345734,False
2520,5,363,TargetDisplacement,1764344724.4004586,2062.74054145813,True
2521,5,363,RightResponse,1764344725.1430254,2063.483108520508,False
2522,5,364,FeedbackPeriodStarted,1764344725.1637568,2063.5038402080536,False
2523,5,364,startFixDisplay,1764344725.1638072,2063.503889799118,False
2524,5,364,startFixPeriod,1764344725.302618,2063.642701625824,False
2525,5,364,TargetPresentation,1764344726.0104191,2064.3505051136017,False
2526,5,364,TargetRemoval,1764344726.1839447,2064.5240321159363,True
2527,5,364,TargetReappeared,1764344726.433738,2064.7738234996796,False
2528,5,364,RightResponse,1764344726.718135,2065.0582177639008,False
2529,5,365,FeedbackPeriodStarted,1764344726.745832,2065.0859150886536,False
2530,5,365,startFixDisplay,1764344726.7458858,2065.0859689712524,False
2531,5,365,startFixPeriod,1764344727.141477,2065.481563091278,False
2532,5,365,TargetPresentation,1764344727.918718,2066.2588052749634,False
2533,5,365,TargetDisplacement,1764344728.0711567,2066.411239862442,True
2534,5,365,RightResponse,1764344728.62647,2066.966553211212,False
2535,5,366,FeedbackPeriodStarted,1764344728.6540182,2066.994101524353,False
2536,5,366,startFixDisplay,1764344728.6540847,2066.994167804718,False
2537,5,366,startFixPeriod,1764344728.8554688,2067.1955745220184,False
2538,5,366,TargetPresentation,1764344729.459141,2067.79922580719,False
2539,5,366,TargetRemoval,1764344729.6117923,2067.9518785476685,True
2540,5,366,TargetReappeared,1764344729.8614461,2068.2015295028687,False
2541,5,366,LeftResponse,1764344730.624817,2068.964899778366,False
2542,5,366,FeedbackPeriodStarted,1764344730.6318984,2068.971985578537,False
2543,5,367,startFixDisplay,1764344732.6439645,2070.984047651291,False
2544,5,367,startFixPeriod,1764344732.6647706,2071.0048534870148,False
2545,5,367,TargetPresentation,1764344733.872162,2072.2122452259064,False
2546,5,367,TargetDisplacement,1764344734.0249474,2072.3650331497192,True
2547,5,367,LeftResponse,1764344735.2392888,2073.5793719291687,False
2548,5,368,FeedbackPeriodStarted,1764344735.2599714,2073.600054502487,False
2549,5,368,startFixDisplay,1764344735.260067,2073.600149869919,False
2550,5,368,startFixPeriod,1764344735.5030007,2073.8430864810944,False
2551,5,368,TargetPresentation,1764344736.5438523,2074.883937597275,False
2552,5,368,TargetRemoval,1764344736.696338,2075.036421060562,True
2553,5,368,TargetReappeared,1764344736.9461608,2075.286243915558,False
2554,5,368,LeftResponse,1764344737.932194,2076.272277355194,False
2555,5,369,FeedbackPeriodStarted,1764344737.9592648,2076.299348115921,False
2556,5,369,startFixDisplay,1764344737.959318,2076.2994010448456,False
2557,5,369,startFixPeriod,1764344738.1814146,2076.5214982032776,False
2558,5,369,TargetPresentation,1764344739.3540473,2077.6941306591034,False
2559,5,369,TargetDisplacement,1764344739.5276785,2077.86776471138,True
2560,5,369,RightResponse,1764344740.6794813,2079.0195643901825,False
2561,5,370,FeedbackPeriodStarted,1764344740.7071457,2079.0472292900085,False
2562,5,370,startFixDisplay,1764344740.7072027,2079.047285556793,False
2563,5,370,startFixPeriod,1764344740.9153645,2079.2554478645325,False
2564,5,370,TargetPresentation,1764344741.720264,2080.060348033905,False
2565,5,370,TargetDisplacement,1764344741.935318,2080.275400876999,True
2566,5,370,RightResponse,1764344742.9971216,2081.337204694748,False
2567,5,371,FeedbackPeriodStarted,1764344743.017887,2081.3579704761505,False
2568,5,371,startFixDisplay,1764344743.0179358,2081.3580186367035,False
2569,5,371,startFixPeriod,1764344743.2192085,2081.5592918395996,False
2570,5,371,TargetPresentation,1764344743.7534816,2082.0935649871826,False
2571,5,371,TargetRemoval,1764344743.9129653,2082.2530484199524,True
2572,5,371,TargetReappeared,1764344744.162964,2082.503049850464,False
2573,5,371,RightResponse,1764344745.4191744,2083.759259700775,False
2574,5,372,FeedbackPeriodStarted,1764344745.439695,2083.779780626297,False
2575,5,372,startFixDisplay,1764344745.4398277,2083.7799122333527,False
2576,5,372,startFixPeriod,1764344745.6685596,2084.0086431503296,False
2577,5,372,TargetPresentation,1764344746.3208485,2084.6609315872192,False
2578,5,372,TargetDisplacement,1764344746.5081408,2084.8482236862183,True
2579,5,372,LeftResponse,1764344747.736828,2086.0769131183624,False
2580,5,372,FeedbackPeriodStarted,1764344747.7433333,2086.083416700363,False
2581,5,373,startFixDisplay,1764344749.7556171,2088.095700263977,False
2582,5,373,startFixPeriod,1764344750.0055299,2088.3456144332886,False
2583,5,373,TargetPresentation,1764344751.4558794,2089.795965194702,False
2584,5,373,TargetDisplacement,1764344751.6083596,2089.948442697525,True
2585,5,373,RightResponse,1764344752.6080124,2090.948097705841,False
2586,5,374,FeedbackPeriodStarted,1764344752.628385,2090.9684681892395,False
2587,5,374,startFixDisplay,1764344752.628433,2090.9685156345367,False
2588,5,374,startFixPeriod,1764344752.8158882,2091.155974149704,False
2589,5,374,TargetPresentation,1764344753.5027099,2091.8427929878235,False
2590,5,374,TargetDisplacement,1764344753.669264,2092.0093472003937,True
2591,5,374,RightResponse,1764344754.9392123,2093.2792954444885,False
2592,5,375,FeedbackPeriodStarted,1764344754.9599688,2093.300051689148,False
2593,5,375,startFixDisplay,1764344754.960006,2093.3000886440277,False
2594,5,375,startFixPeriod,1764344755.1403966,2093.4804821014404,False
2595,5,375,TargetPresentation,1764344756.1744175,2094.514503955841,False
2596,5,375,TargetDisplacement,1764344756.4031997,2094.7432827949524,True
2597,5,375,RightResponse,1764344757.2776325,2095.617715358734,False
2598,5,376,FeedbackPeriodStarted,1764344757.2983484,2095.638431787491,False
2599,5,376,startFixDisplay,1764344757.298396,2095.6384789943695,False
2600,5,376,startFixPeriod,1764344757.7913525,2096.131438732147,False
2601,5,376,TargetPresentation,1764344758.4989297,2096.839015483856,False
2602,5,376,TargetDisplacement,1764344758.6583858,2096.998468875885,True
2603,5,376,LeftResponse,1764344759.6716158,2098.011698484421,False
2604,5,377,FeedbackPeriodStarted,1764344759.692339,2098.0324223041534,False
2605,5,377,startFixDisplay,1764344759.6923938,2098.032476425171,False
2606,5,377,startFixPeriod,1764344759.9421933,2098.2822766304016,False
2607,5,377,TargetPresentation,1764344760.8859353,2099.2260189056396,False
2608,5,377,TargetDisplacement,1764344761.3300252,2099.670108318329,True
2609,5,377,RightResponse,1764344762.350126,2100.6902091503143,False
2610,5,378,FeedbackPeriodStarted,1764344762.3778973,2100.7179844379425,False
2611,5,378,startFixDisplay,1764344762.3781354,2100.71822309494,False
2612,5,378,startFixPeriod,1764344762.5860648,2100.9261515140533,False
2613,5,378,TargetPresentation,1764344763.0994613,2101.439544916153,False
2614,5,378,TargetDisplacement,1764344763.3423479,2101.6824309825897,True
2615,5,378,RightResponse,1764344764.1821556,2102.5222392082214,False
2616,5,378,FeedbackPeriodStarted,1764344764.1889412,2102.5290269851685,False
2617,5,379,startFixDisplay,1764344766.2011356,2104.5412187576294,False
2618,5,379,startFixPeriod,1764344766.4788504,2104.818936109543,False
2619,5,379,TargetPresentation,1764344767.360177,2105.700262784958,False
2620,5,379,TargetRemoval,1764344767.616886,2105.956971645355,True
2621,5,379,TargetReappeared,1764344767.8666415,2106.2067258358,False
2622,5,379,LeftResponse,1764344769.018886,2107.3589713573456,False
2623,5,380,FeedbackPeriodStarted,1764344769.0461502,2107.386233329773,False
2624,5,380,startFixDisplay,1764344769.0461974,2107.386280298233,False
2625,5,380,startFixPeriod,1764344769.2197893,2107.55987405777,False
2626,5,380,TargetPresentation,1764344769.7401488,2108.0802326202393,False
2627,5,380,TargetDisplacement,1764344769.9898295,2108.329912662506,True
2628,5,380,RightResponse,1764344771.0728128,2109.4128980636597,False
2629,5,381,FeedbackPeriodStarted,1764344771.1002374,2109.4403233528137,False
2630,5,381,startFixDisplay,1764344771.1003628,2109.4404475688934,False
2631,5,381,startFixPeriod,1764344771.2808218,2109.62090921402,False
2632,5,381,TargetPresentation,1764344772.6684244,2111.0085077285767,False
2633,5,381,TargetDisplacement,1764344774.4031496,2112.743232488632,True
2634,5,381,RightResponse,1764344775.2986677,2113.638752937317,False
2635,5,382,FeedbackPeriodStarted,1764344775.3190176,2113.659101009369,False
2636,5,382,startFixDisplay,1764344775.3190658,2113.6591486930847,False
2637,5,382,startFixPeriod,1764344775.5342805,2113.8743648529053,False
2638,5,382,TargetPresentation,1764344776.5196528,2114.859738588333,False
2639,5,382,TargetRemoval,1764344776.7070189,2115.047102212906,True
2640,5,382,TargetReappeared,1764344776.9567246,2115.2968080043793,False
2641,5,382,LeftResponse,1764344777.8660896,2116.2061755657196,False
2642,5,383,FeedbackPeriodStarted,1764344777.8864646,2116.2265474796295,False
2643,5,383,startFixDisplay,1764344777.8865123,2116.2265949249268,False
2644,5,383,startFixPeriod,1764344778.2682958,2116.6083812713623,False
2645,5,383,TargetPresentation,1764344779.371459,2117.711542367935,False
2646,5,383,TargetDisplacement,1764344779.545024,2117.8851068019867,True
2647,5,383,LeftResponse,1764344780.6070046,2118.9470896720886,False
2648,5,384,FeedbackPeriodStarted,1764344780.6343985,2118.97448182106,False
2649,5,384,startFixDisplay,1764344780.6344483,2118.974531173706,False
2650,5,384,startFixPeriod,1764344780.8218782,2119.161963701248,False
2651,5,384,TargetPresentation,1764344782.02219,2120.3622736930847,False
2652,5,384,TargetRemoval,1764344782.2235456,2120.563628911972,True
2653,5,384,TargetReappeared,1764344782.4732552,2120.8133385181427,False
2654,5,384,LeftResponse,1764344783.3341908,2121.67427778244,False
2655,5,384,FeedbackPeriodStarted,1764344783.3407927,2121.6808795928955,False
2656,5,385,startFixDisplay,1764344785.3529966,2123.693083047867,False
2657,5,385,startFixPeriod,1764344785.6098707,2123.9499564170837,False
2658,5,385,TargetPresentation,1764344786.622934,2124.96301984787,False
2659,5,385,TargetDisplacement,1764344787.052983,2125.3930661678314,True
2660,5,385,RightResponse,1764344788.066564,2126.4066727161407,False
2661,5,386,FeedbackPeriodStarted,1764344788.0937848,2126.4338681697845,False
2662,5,386,startFixDisplay,1764344788.0938814,2126.433964252472,False
2663,5,386,startFixPeriod,1764344788.281181,2126.621264696121,False
2664,5,386,TargetPresentation,1764344789.232004,2127.5720908641815,False
2665,5,386,TargetRemoval,1764344789.7106862,2128.050769329071,True
2666,5,386,TargetReappeared,1764344789.9604871,2128.300570487976,False
2667,5,386,LeftResponse,1764344790.7797227,2129.119807958603,False
2668,5,387,FeedbackPeriodStarted,1764344790.8000162,2129.140099287033,False
2669,5,387,startFixDisplay,1764344790.8000643,2129.140146970749,False
2670,5,387,startFixPeriod,1764344791.0014544,2129.3415417671204,False
2671,5,387,TargetPresentation,1764344791.542597,2129.882680416107,False
2672,5,387,TargetRemoval,1764344791.7854424,2130.125526189804,True
2673,5,387,TargetReappeared,1764344792.0351884,2130.37527179718,False
2674,5,387,LeftResponse,1764344793.0622249,2131.4023077487946,False
2675,5,388,FeedbackPeriodStarted,1764344793.082944,2131.423027276993,False
2676,5,388,startFixDisplay,1764344793.0829918,2131.42307472229,False
2677,5,388,startFixPeriod,1764344793.2774487,2131.617534637451,False
2678,5,388,TargetPresentation,1764344794.2001908,2132.5402739048004,False
2679,5,388,TargetDisplacement,1764344794.3459291,2132.6860122680664,True
2680,5,388,LeftResponse,1764344795.4493032,2133.7893857955933,False
2681,5,389,FeedbackPeriodStarted,1764344795.4699736,2133.8100566864014,False
2682,5,389,startFixDisplay,1764344795.4700677,2133.8101506233215,False
2683,5,389,startFixPeriod,1764344795.7060153,2134.0461008548737,False
2684,5,389,TargetPresentation,1764344796.740021,2135.080106496811,False
2685,5,389,TargetRemoval,1764344796.8786066,2135.218689441681,True
2686,5,389,TargetReappeared,1764344797.1284153,2135.4684982299805,False
2687,5,389,LeftResponse,1764344797.9958825,2136.3359653949738,False
2688,5,390,FeedbackPeriodStarted,1764344798.0235527,2136.363635778427,False
2689,5,390,startFixDisplay,1764344798.023596,2136.3636786937714,False
2690,5,390,startFixPeriod,1764344798.2734108,2136.61350774765,False
2691,5,390,TargetPresentation,1764344798.9534023,2137.293485879898,False
2692,5,390,TargetDisplacement,1764344799.1337774,2137.473860502243,True
2693,5,390,LeftResponse,1764344800.4385958,2138.7786796092987,False
2694,5,390,FeedbackPeriodStarted,1764344800.445383,2138.785468816757,False
2695,5,391,startFixDisplay,1764344802.457599,2140.7976825237274,False
2696,5,391,startFixPeriod,1764344802.679755,2141.0198385715485,False
2697,5,391,TargetPresentation,1764344804.1021655,2142.44224858284,False
2698,5,391,TargetDisplacement,1764344804.2547927,2142.5948758125305,True
2699,5,391,LeftResponse,1764344805.2266824,2143.566770553589,False
2700,5,392,FeedbackPeriodStarted,1764344805.2540188,2143.5941021442413,False
2701,5,392,startFixDisplay,1764344805.2540672,2143.594149827957,False
2702,5,392,startFixPeriod,1764344805.4485145,2143.788600206375,False
2703,5,392,TargetPresentation,1764344806.8363533,2145.1764419078827,False
2704,5,392,TargetDisplacement,1764344806.9889748,2145.3290605545044,True
2705,5,392,RightResponse,1764344807.8771002,2146.2171835899353,False
2706,5,393,FeedbackPeriodStarted,1764344807.8979042,2146.2379896640778,False
2707,5,393,startFixDisplay,1764344807.897968,2146.2380509376526,False
2708,5,393,startFixPeriod,1764344808.0712848,2146.411367893219,False
2709,5,393,TargetPresentation,1764344809.0983315,2147.438414812088,False
2710,5,393,TargetDisplacement,1764344809.2648923,2147.604977607727,True
2711,5,393,LeftResponse,1764344810.1465116,2148.486597061157,False
2712,5,394,FeedbackPeriodStarted,1764344810.1668544,2148.5069377422333,False
2713,5,394,startFixDisplay,1764344810.1669512,2148.5070340633392,False
2714,5,394,startFixPeriod,1764344810.375159,2148.715242624283,False
2715,5,394,TargetPresentation,1764344811.332859,2149.6729457378387,False
2716,5,394,TargetDisplacement,1764344811.3397722,2149.679859161377,True
2717,5,394,LeftResponse,1764344812.2490318,2150.5891168117523,False
2718,5,395,FeedbackPeriodStarted,1764344812.269377,2150.6094601154327,False
2719,5,395,startFixDisplay,1764344812.269424,2150.6095066070557,False
2720,5,395,startFixPeriod,1764344812.5608573,2150.9009408950806,False
2721,5,395,TargetPresentation,1764344813.6642172,2152.00430059433,False
2722,5,395,TargetRemoval,1764344813.6712027,2152.0112857818604,True
2723,5,395,TargetReappeared,1764344813.9210868,2152.2611730098724,False
2724,5,395,RightResponse,1764344815.3369775,2153.677060842514,False
2725,5,395,FeedbackPeriodStarted,1764344815.3781397,2153.718222618103,False
2726,6,396,startFixDisplay,1764345003.1762316,2341.516314983368,False
2727,6,396,startFixPeriod,1764345003.4191825,2341.7592685222626,False
2728,6,396,TargetPresentation,1764345003.9464471,2342.2865319252014,False
2729,6,396,TargetDisplacement,1764345004.1336956,2342.473778486252,True
2730,6,396,LeftResponse,1764345005.1609032,2343.500986814499,False
2731,6,397,FeedbackPeriodStarted,1764345005.1815019,2343.5215849876404,False
2732,6,397,startFixDisplay,1764345005.1815503,2343.5216331481934,False
2733,6,397,startFixPeriod,1764345005.396817,2343.7369027137756,False
2734,6,397,TargetPresentation,1764345006.7222152,2345.062301158905,False
2735,6,397,TargetRemoval,1764345006.8748312,2345.214916944504,True
2736,6,397,TargetReappeared,1764345007.1246433,2345.4647295475006,False
2737,6,397,LeftResponse,1764345008.1586065,2346.4986901283264,False
2738,6,398,FeedbackPeriodStarted,1764345008.1793025,2346.5193877220154,False
2739,6,398,startFixDisplay,1764345008.1794345,2346.519518852234,False
2740,6,398,startFixPeriod,1764345008.4708285,2346.810914516449,False
2741,6,398,TargetPresentation,1764345009.470027,2347.8101127147675,False
2742,6,398,TargetRemoval,1764345009.671156,2348.011251449585,True
2743,6,398,TargetReappeared,1764345009.9210641,2348.2611498832703,False
2744,6,398,RightResponse,1764345010.5733197,2348.9134035110474,False
2745,6,399,FeedbackPeriodStarted,1764345010.5940452,2348.9341282844543,False
2746,6,399,startFixDisplay,1764345010.594095,2348.934177875519,False
2747,6,399,startFixPeriod,1764345010.8231258,2349.1632113456726,False
2748,6,399,TargetPresentation,1764345012.120577,2350.4606602191925,False
2749,6,399,TargetDisplacement,1764345013.5500774,2351.8901603221893,True
2750,6,399,LeftResponse,1764345014.4109297,2352.7510147094727,False
2751,6,400,FeedbackPeriodStarted,1764345014.4382575,2352.778340578079,False
2752,6,400,startFixDisplay,1764345014.438307,2352.7783896923065,False
2753,6,400,startFixPeriod,1764345014.618769,2352.958854675293,False
2754,6,400,TargetPresentation,1764345015.7567563,2354.0968413352966,False
2755,6,400,TargetDisplacement,1764345015.9300551,2354.2701382637024,True
2756,6,400,RightResponse,1764345017.4708183,2355.810902118683,False
2757,6,401,FeedbackPeriodStarted,1764345017.4983165,2355.838399887085,False
2758,6,401,startFixDisplay,1764345017.4983659,2355.8384487628937,False
2759,6,401,startFixPeriod,1764345017.678874,2356.01895904541,False
2760,6,401,TargetPresentation,1764345018.5531876,2356.893273115158,False
2761,6,401,TargetDisplacement,1764345018.7682245,2357.1083076000214,True
2762,6,401,LeftResponse,1764345019.6566446,2357.996727705002,False
2763,6,402,FeedbackPeriodStarted,1764345019.677175,2358.017258167267,False
2764,6,402,startFixDisplay,1764345019.6772866,2358.0173695087433,False
2765,6,402,startFixPeriod,1764345019.8507955,2358.190881729126,False
2766,6,402,TargetPresentation,1764345020.7319636,2359.072048187256,False
2767,6,402,TargetDisplacement,1764345021.2731197,2359.613202571869,True
2768,6,402,RightResponse,1764345022.5574417,2360.8975253105164,False
2769,6,402,FeedbackPeriodStarted,1764345022.56382,2360.9039027690887,False
2770,6,403,startFixDisplay,1764345024.5761776,2362.916260957718,False
2771,6,403,startFixPeriod,1764345024.8814516,2363.2215349674225,False
2772,6,403,TargetPresentation,1764345025.859989,2364.2000749111176,False
2773,6,403,TargetDisplacement,1764345026.0125396,2364.3526227474213,True
2774,6,403,LeftResponse,1764345026.9426365,2365.2827208042145,False
2775,6,404,FeedbackPeriodStarted,1764345026.9701786,2365.3102617263794,False
2776,6,404,startFixDisplay,1764345026.9702368,2365.3103222846985,False
2777,6,404,startFixPeriod,1764345027.150541,2365.4906249046326,False
2778,6,404,TargetPresentation,1764345027.7681932,2366.1082787513733,False
2779,6,404,TargetDisplacement,1764345027.9208264,2366.2609117031097,True
2780,6,404,RightResponse,1764345028.6913776,2367.031462907791,False
2781,6,405,FeedbackPeriodStarted,1764345028.7189214,2367.0590074062347,False
2782,6,405,startFixDisplay,1764345028.7190557,2367.0591402053833,False
2783,6,405,startFixPeriod,1764345028.878393,2367.2184765338898,False
2784,6,405,TargetPresentation,1764345029.9541194,2368.294205188751,False
2785,6,405,TargetRemoval,1764345030.1482387,2368.4883217811584,True
2786,6,405,TargetReappeared,1764345030.3980792,2368.738162755966,False
2787,6,405,LeftResponse,1764345031.064229,2369.404312133789,False
2788,6,406,FeedbackPeriodStarted,1764345031.08495,2369.425033092499,False
2789,6,406,startFixDisplay,1764345031.0850048,2369.4250876903534,False
2790,6,406,startFixPeriod,1764345031.2584405,2369.5985238552094,False
2791,6,406,TargetPresentation,1764345032.3480356,2370.6881227493286,False
2792,6,406,TargetDisplacement,1764345032.500754,2370.8408415317535,True
2793,6,406,LeftResponse,1764345033.4304283,2371.7705109119415,False
2794,6,407,FeedbackPeriodStarted,1764345033.451145,2371.7912282943726,False
2795,6,407,startFixDisplay,1764345033.4512482,2371.7913315296173,False
2796,6,407,startFixPeriod,1764345033.673234,2372.0133168697357,False
2797,6,407,TargetPresentation,1764345034.3671277,2372.7072110176086,False
2798,6,407,TargetDisplacement,1764345034.55464,2372.894727230072,True
2799,6,407,LeftResponse,1764345035.4219363,2373.7620191574097,False
2800,6,408,FeedbackPeriodStarted,1764345035.4426644,2373.7827479839325,False
2801,6,408,startFixDisplay,1764345035.4427192,2373.78280210495,False
2802,6,408,startFixPeriod,1764345035.609218,2373.949300765991,False
2803,6,408,TargetPresentation,1764345036.6084907,2374.948574066162,False
2804,6,408,TargetDisplacement,1764345036.802764,2375.142847061157,True
2805,6,408,RightResponse,1764345037.8159497,2376.156033039093,False
2806,6,408,FeedbackPeriodStarted,1764345037.822977,2376.163065433502,False
2807,6,409,startFixDisplay,1764345039.8350666,2378.175150156021,False
2808,6,409,startFixPeriod,1764345040.147402,2378.4874851703644,False
2809,6,409,TargetPresentation,1764345040.647157,2378.987244129181,False
2810,6,409,TargetDisplacement,1764345040.855229,2379.195312023163,True
2811,6,409,RightResponse,1764345041.7573125,2380.097395658493,False
2812,6,410,FeedbackPeriodStarted,1764345041.7849123,2380.1249957084656,False
2813,6,410,startFixDisplay,1764345041.7849605,2380.125043153763,False
2814,6,410,startFixPeriod,1764345041.9654183,2380.305502176285,False
2815,6,410,TargetPresentation,1764345043.2908146,2381.630898952484,False
2816,6,410,TargetDisplacement,1764345044.8728948,2383.2129802703857,True
2817,6,410,RightResponse,1764345045.733344,2384.073426961899,False
2818,6,411,FeedbackPeriodStarted,1764345045.7540407,2384.0941240787506,False
2819,6,411,startFixDisplay,1764345045.754089,2384.094172000885,False
2820,6,411,startFixPeriod,1764345046.0109668,2384.3510525226593,False
2821,6,411,TargetPresentation,1764345047.384901,2385.7249867916107,False
2822,6,411,TargetRemoval,1764345047.5305605,2385.8706459999084,True
2823,6,411,TargetReappeared,1764345047.7802722,2386.1203553676605,False
2824,6,411,RightResponse,1764345048.661802,2387.0018861293793,False
2825,6,412,FeedbackPeriodStarted,1764345048.6892624,2387.02934551239,False
2826,6,412,startFixDisplay,1764345048.689356,2387.029438972473,False
2827,6,412,startFixPeriod,1764345048.9114375,2387.251521587372,False
2828,6,412,TargetPresentation,1764345050.0494869,2388.389572620392,False
2829,6,412,TargetDisplacement,1764345050.2229664,2388.563052415848,True
2830,6,412,RightResponse,1764345051.1666067,2389.5066895484924,False
2831,6,413,FeedbackPeriodStarted,1764345051.1873245,2389.527407646179,False
2832,6,413,startFixDisplay,1764345051.187372,2389.5274546146393,False
2833,6,413,startFixPeriod,1764345051.381709,2389.7217926979065,False
2834,6,413,TargetPresentation,1764345052.1935031,2390.533586502075,False
2835,6,413,TargetDisplacement,1764345052.200632,2390.5407180786133,True
2836,6,413,RightResponse,1764345053.699451,2392.039534330368,False
2837,6,414,FeedbackPeriodStarted,1764345053.720123,2392.060206413269,False
2838,6,414,startFixDisplay,1764345053.7201748,2392.0602576732635,False
2839,6,414,startFixPeriod,1764345053.9010842,2392.241169691086,False
2840,6,414,TargetPresentation,1764345054.9551978,2393.29528093338,False
2841,6,414,TargetRemoval,1764345055.8156345,2394.155717611313,True
2842,6,414,TargetReappeared,1764345056.0656257,2394.4057111740112,False
2843,6,414,RightResponse,1764345057.0024347,2395.342518091202,False
2844,6,414,FeedbackPeriodStarted,1764345057.0092983,2395.349381685257,False
2845,6,415,startFixDisplay,1764345059.021486,2397.361569404602,False
2846,6,415,startFixPeriod,1764345059.3130698,2397.653153181076,False
2847,6,415,TargetPresentation,1764345060.458068,2398.7981536388397,False
2848,6,415,TargetRemoval,1764345060.603563,2398.943645954132,True
2849,6,415,TargetReappeared,1764345060.853615,2399.1937012672424,False
2850,6,415,RightResponse,1764345061.880863,2400.220947742462,False
2851,6,416,FeedbackPeriodStarted,1764345061.9012096,2400.241292476654,False
2852,6,416,startFixDisplay,1764345061.9012558,2400.2413387298584,False
2853,6,416,startFixPeriod,1764345062.102563,2400.442661046982,False
2854,6,416,TargetPresentation,1764345062.9351795,2401.2752640247345,False
2855,6,416,TargetDisplacement,1764345063.0877416,2401.4278247356415,True
2856,6,416,RightResponse,1764345064.1913238,2402.5314066410065,False
2857,6,417,FeedbackPeriodStarted,1764345064.2120116,2402.5520973205566,False
2858,6,417,startFixDisplay,1764345064.2121437,2402.552227973938,False
2859,6,417,startFixPeriod,1764345064.4061787,2402.746262550354,False
2860,6,417,TargetPresentation,1764345065.086193,2403.42627620697,False
2861,6,417,TargetDisplacement,1764345065.8009412,2404.14102435112,True
2862,6,417,RightResponse,1764345066.758677,2405.0987601280212,False
2863,6,418,FeedbackPeriodStarted,1764345066.7863305,2405.1264152526855,False
2864,6,418,startFixDisplay,1764345066.7864268,2405.126510620117,False
2865,6,418,startFixPeriod,1764345066.9528563,2405.292941093445,False
2866,6,418,TargetPresentation,1764345067.459523,2405.7996096611023,False
2867,6,418,TargetRemoval,1764345067.7161257,2406.0562088489532,True
2868,6,418,TargetReappeared,1764345067.9660215,2406.30610537529,False
2869,6,418,RightResponse,1764345068.6183271,2406.958410024643,False
2870,6,419,FeedbackPeriodStarted,1764345068.6391127,2406.9791984558105,False
2871,6,419,startFixDisplay,1764345068.6392448,2406.9793293476105,False
2872,6,419,startFixPeriod,1764345068.819499,2407.15958237648,False
2873,6,419,TargetPresentation,1764345070.2419305,2408.5820140838623,False
2874,6,419,TargetDisplacement,1764345070.3947067,2408.734792470932,True
2875,6,419,LeftResponse,1764345071.7479596,2410.088043451309,False
2876,6,420,FeedbackPeriodStarted,1764345071.7684817,2410.108565568924,False
2877,6,420,startFixDisplay,1764345071.7685776,2410.108660697937,False
2878,6,420,startFixPeriod,1764345072.1293852,2410.469468832016,False
2879,6,420,TargetPresentation,1764345072.8580656,2411.19814991951,False
2880,6,420,TargetRemoval,1764345073.3646836,2411.70476937294,True
2881,6,420,TargetReappeared,1764345073.614361,2411.9544446468353,False
2882,6,420,RightResponse,1764345074.2736938,2412.613777399063,False
2883,6,420,FeedbackPeriodStarted,1764345074.2806518,2412.6207389831543,False
2884,6,421,startFixDisplay,1764345076.2997482,2414.63983297348,False
2885,6,421,startFixPeriod,1764345076.5426667,2414.8827514648438,False
2886,6,421,TargetPresentation,1764345077.2158442,2415.5559298992157,False
2887,6,421,TargetDisplacement,1764345077.4240108,2415.7640991210938,True
2888,6,421,LeftResponse,1764345078.3401575,2416.6802430152893,False
2889,6,422,FeedbackPeriodStarted,1764345078.360571,2416.7006545066833,False
2890,6,422,startFixDisplay,1764345078.3606305,2416.7007133960724,False
2891,6,422,startFixPeriod,1764345078.561964,2416.902049779892,False
2892,6,422,TargetPresentation,1764345079.2211485,2417.561231613159,False
2893,6,422,TargetDisplacement,1764345079.5958252,2417.935911178589,True
2894,6,422,LeftResponse,1764345080.768578,2419.1086614131927,False
2895,6,423,FeedbackPeriodStarted,1764345080.7962346,2419.1363174915314,False
2896,6,423,startFixDisplay,1764345080.796282,2419.13636469841,False
2897,6,423,startFixPeriod,1764345080.962991,2419.3030774593353,False
2898,6,423,TargetPresentation,1764345081.5594726,2419.899555683136,False
2899,6,423,TargetDisplacement,1764345081.7190664,2420.059149503708,True
2900,6,423,LeftResponse,1764345082.9962516,2421.3363349437714,False
2901,6,424,FeedbackPeriodStarted,1764345083.0167964,2421.356882095337,False
2902,6,424,startFixDisplay,1764345083.0169268,2421.3570108413696,False
2903,6,424,startFixPeriod,1764345083.266537,2421.606620311737,False
2904,6,424,TargetPresentation,1764345084.2589126,2422.5989983081818,False
2905,6,424,TargetDisplacement,1764345084.689073,2423.029158592224,True
2906,6,424,LeftResponse,1764345085.7719784,2424.112063407898,False
2907,6,425,FeedbackPeriodStarted,1764345085.7992108,2424.1392936706543,False
2908,6,425,startFixDisplay,1764345085.7993052,2424.139387845993,False
2909,6,425,startFixPeriod,1764345085.9659572,2424.3060426712036,False
2910,6,425,TargetPresentation,1764345087.4299085,2425.7699913978577,False
2911,6,425,TargetRemoval,1764345087.5686889,2425.9087719917297,True
2912,6,425,TargetReappeared,1764345087.8186867,2426.1587755680084,False
2913,6,425,RightResponse,1764345088.533312,2426.8733949661255,False
2914,6,426,FeedbackPeriodStarted,1764345088.554031,2426.8941144943237,False
2915,6,426,startFixDisplay,1764345088.554086,2426.8941688537598,False
2916,6,426,startFixPeriod,1764345088.7623992,2427.102485179901,False
2917,6,426,TargetPresentation,1764345089.907177,2428.247260093689,False
2918,6,426,TargetRemoval,1764345090.1916838,2428.5317676067352,True
2919,6,426,TargetReappeared,1764345090.441525,2428.781608581543,False
2920,6,426,LeftResponse,1764345091.0454426,2429.385525226593,False
2921,6,426,FeedbackPeriodStarted,1764345091.0521624,2429.3922452926636,False
2922,6,427,startFixDisplay,1764345093.0643942,2431.4044773578644,False
2923,6,427,startFixPeriod,1764345093.3003383,2431.6404213905334,False
2924,6,427,TargetPresentation,1764345094.1401155,2432.480199575424,False
2925,6,427,TargetDisplacement,1764345094.3342152,2432.674298286438,True
2926,6,427,LeftResponse,1764345095.1742787,2433.5143637657166,False
2927,6,428,FeedbackPeriodStarted,1764345095.2017941,2433.541880130768,False
2928,6,428,startFixDisplay,1764345095.2019815,2433.5420665740967,False
2929,6,428,startFixPeriod,1764345095.3820732,2433.7221562862396,False
2930,6,428,TargetPresentation,1764345096.8324425,2435.1725285053253,False
2931,6,428,TargetRemoval,1764345097.0126815,2435.3527643680573,True
2932,6,428,TargetReappeared,1764345097.2627773,2435.602864265442,False
2933,6,428,RightResponse,1764345098.2484176,2436.588500738144,False
2934,6,429,FeedbackPeriodStarted,1764345098.2756348,2436.6157178878784,False
2935,6,429,startFixDisplay,1764345098.2756782,2436.6157610416412,False
2936,6,429,startFixPeriod,1764345098.442227,2436.782310962677,False
2937,6,429,TargetPresentation,1764345099.9063232,2438.2464060783386,False
2938,6,429,TargetDisplacement,1764345100.0590389,2438.3991219997406,True
2939,6,429,LeftResponse,1764345101.3294072,2439.669490337372,False
2940,6,430,FeedbackPeriodStarted,1764345101.3566923,2439.696778535843,False
2941,6,430,startFixDisplay,1764345101.3568318,2439.6969163417816,False
2942,6,430,startFixPeriod,1764345101.6272814,2439.96736741066,False
2943,6,430,TargetPresentation,1764345102.1477852,2440.4878709316254,False
2944,6,430,TargetDisplacement,1764345102.279515,2440.6195981502533,True
2945,6,430,LeftResponse,1764345103.5979457,2441.93802857399,False
2946,6,431,FeedbackPeriodStarted,1764345103.6187751,2441.9588611125946,False
2947,6,431,startFixDisplay,1764345103.6189055,2441.958990097046,False
2948,6,431,startFixPeriod,1764345103.847852,2442.1879377365112,False
2949,6,431,TargetPresentation,1764345105.0689847,2443.4090690612793,False
2950,6,431,TargetRemoval,1764345105.214656,2443.554738998413,True
2951,6,431,TargetReappeared,1764345105.464453,2443.804536342621,False
2952,6,431,RightResponse,1764345106.6169744,2444.9570615291595,False
2953,6,432,FeedbackPeriodStarted,1764345106.6441875,2444.9842705726624,False
2954,6,432,startFixDisplay,1764345106.6442416,2444.9843244552612,False
2955,6,432,startFixPeriod,1764345106.8384497,2445.178532600403,False
2956,6,432,TargetPresentation,1764345108.0736206,2446.41370344162,False
2957,6,432,TargetDisplacement,1764345108.233224,2446.5733070373535,True
2958,6,432,LeftResponse,1764345109.350942,2447.6910326480865,False
2959,6,432,FeedbackPeriodStarted,1764345109.357302,2447.6973855495453,False
2960,6,433,startFixDisplay,1764345111.376582,2449.7166662216187,False
2961,6,433,startFixPeriod,1764345111.3836946,2449.723781824112,False
2962,6,433,TargetPresentation,1764345112.251072,2450.5911588668823,False
2963,6,433,TargetDisplacement,1764345112.4106884,2450.750775575638,True
2964,6,433,LeftResponse,1764345113.3270218,2451.667110681534,False
2965,6,434,FeedbackPeriodStarted,1764345113.3541305,2451.694213628769,False
2966,6,434,startFixDisplay,1764345113.3541842,2451.694267511368,False
2967,6,434,startFixPeriod,1764345113.5555158,2451.895599126816,False
2968,6,434,TargetPresentation,1764345114.0829382,2452.4230251312256,False
2969,6,434,TargetDisplacement,1764345114.3397973,2452.6798877716064,True
2970,6,434,LeftResponse,1764345115.3185043,2453.658591270447,False
2971,6,435,FeedbackPeriodStarted,1764345115.3456407,2453.6857237815857,False
2972,6,435,startFixDisplay,1764345115.3456957,2453.685778617859,False
2973,6,435,startFixPeriod,1764345115.5540583,2453.8941457271576,False
2974,6,435,TargetPresentation,1764345116.6502962,2454.9903798103333,False
2975,6,435,TargetDisplacement,1764345116.8445601,2455.1846454143524,True
2976,6,435,LeftResponse,1764345117.885595,2456.2256784439087,False
2977,6,436,FeedbackPeriodStarted,1764345117.9062574,2456.2463405132294,False
2978,6,436,startFixDisplay,1764345117.9063118,2456.2463948726654,False
2979,6,436,startFixPeriod,1764345118.0867796,2456.4268658161163,False
2980,6,436,TargetPresentation,1764345119.550737,2457.890820980072,False
2981,6,436,TargetDisplacement,1764345119.7242594,2458.0643446445465,True
2982,6,436,RightResponse,1764345120.7513394,2459.091422557831,False
2983,6,437,FeedbackPeriodStarted,1764345120.7788942,2459.1189777851105,False
2984,6,437,startFixDisplay,1764345120.7789524,2459.119035243988,False
2985,6,437,startFixPeriod,1764345120.966323,2459.306406021118,False
2986,6,437,TargetPresentation,1764345122.3957696,2460.7358536720276,False
2987,6,437,TargetDisplacement,1764345122.6107912,2460.9508740901947,True
2988,6,437,LeftResponse,1764345124.0059953,2462.3460805416107,False
2989,6,438,FeedbackPeriodStarted,1764345124.0334256,2462.3735115528107,False
2990,6,438,startFixDisplay,1764345124.0336092,2462.3736968040466,False
2991,6,438,startFixPeriod,1764345124.2971246,2462.637209177017,False
2992,6,438,TargetPresentation,1764345124.831358,2463.1714413166046,False
2993,6,438,TargetDisplacement,1764345125.0603075,2463.4003903865814,True
2994,6,438,RightResponse,1764345126.0253694,2464.365456342697,False
2995,6,438,FeedbackPeriodStarted,1764345126.0320113,2464.372097015381,False
2996,6,439,startFixDisplay,1764345128.0441654,2466.3842511177063,False
2997,6,439,startFixPeriod,1764345128.2524922,2466.592577934265,False
2998,6,439,TargetPresentation,1764345128.8006115,2467.140697479248,False
2999,6,439,TargetDisplacement,1764345128.94613,2467.286213159561,True
3000,6,439,RightResponse,1764345129.918249,2468.258332967758,False
3001,6,440,FeedbackPeriodStarted,1764345129.9455373,2468.2856245040894,False
3002,6,440,startFixDisplay,1764345129.9457319,2468.2858176231384,False
3003,6,440,startFixPeriod,1764345130.1329665,2468.47305226326,False
3004,6,440,TargetPresentation,1764345130.7227502,2469.062835931778,False
3005,6,440,TargetDisplacement,1764345130.951654,2469.291739463806,True
3006,6,440,LeftResponse,1764345131.8884096,2470.228492975235,False
3007,6,441,FeedbackPeriodStarted,1764345131.916295,2470.256378173828,False
3008,6,441,startFixDisplay,1764345131.916349,2470.256432056427,False
3009,6,441,startFixPeriod,1764345132.096551,2470.436633825302,False
3010,6,441,TargetPresentation,1764345132.9086096,2471.2487049102783,False
3011,6,441,TargetDisplacement,1764345133.4427273,2471.7828102111816,True
3012,6,441,LeftResponse,1764345134.4072652,2472.7473480701447,False
3013,6,442,FeedbackPeriodStarted,1764345134.4351332,2472.775220632553,False
3014,6,442,startFixDisplay,1764345134.435328,2472.7754139900208,False
3015,6,442,startFixPeriod,1764345134.6153884,2472.9554727077484,False
3016,6,442,TargetPresentation,1764345135.8367972,2474.1768815517426,False
3017,6,442,TargetRemoval,1764345135.9823925,2474.3224754333496,True
3018,6,442,TargetReappeared,1764345136.2322748,2474.5723593235016,False
3019,6,442,RightResponse,1764345137.030345,2475.3704285621643,False
3020,6,443,FeedbackPeriodStarted,1764345137.058134,2475.398220539093,False
3021,6,443,startFixDisplay,1764345137.0582778,2475.3983623981476,False
3022,6,443,startFixPeriod,1764345137.2939994,2475.6340849399567,False
3023,6,443,TargetPresentation,1764345138.785891,2477.1259772777557,False
3024,6,443,TargetRemoval,1764345139.007891,2477.347976922989,True
3025,6,443,TargetReappeared,1764345139.257686,2477.597769498825,False
3026,6,443,LeftResponse,1764345140.2086241,2478.548709630966,False
3027,6,444,FeedbackPeriodStarted,1764345140.2359457,2478.5760288238525,False
3028,6,444,startFixDisplay,1764345140.2359955,2478.576078414917,False
3029,6,444,startFixPeriod,1764345140.423485,2478.763572216034,False
3030,6,444,TargetPresentation,1764345141.1519544,2479.492037296295,False
3031,6,444,TargetDisplacement,1764345141.85987,2480.199956178665,True
3032,6,444,RightResponse,1764345143.039623,2481.3797080516815,False
3033,6,444,FeedbackPeriodStarted,1764345143.0463192,2481.386402606964,False
3034,6,445,startFixDisplay,1764345145.058591,2483.3986740112305,False
3035,6,445,startFixPeriod,1764345145.0655081,2483.405591249466,False
3036,6,445,TargetPresentation,1764345146.3562455,2484.696328639984,False
3037,6,445,TargetDisplacement,1764345146.5365894,2484.876672267914,True
3038,6,445,RightResponse,1764345147.3416312,2485.681714296341,False
3039,6,446,FeedbackPeriodStarted,1764345147.3623323,2485.702415704727,False
3040,6,446,startFixDisplay,1764345147.3623805,2485.702463388443,False
3041,6,446,startFixPeriod,1764345147.5498047,2485.8898890018463,False
3042,6,446,TargetPresentation,1764345148.8820045,2487.222087621689,False
3043,6,446,TargetDisplacement,1764345149.027704,2487.3677871227264,True
3044,6,446,RightResponse,1764345150.1661336,2488.5062186717987,False
3045,6,447,FeedbackPeriodStarted,1764345150.1934786,2488.533561706543,False
3046,6,447,startFixDisplay,1764345150.1935291,2488.5336117744446,False
3047,6,447,startFixPeriod,1764345150.3949015,2488.7349877357483,False
3048,6,447,TargetPresentation,1764345151.1025512,2489.442634344101,False
3049,6,447,TargetDisplacement,1764345151.255239,2489.595324754715,True
3050,6,447,LeftResponse,1764345152.386342,2490.7264251708984,False
3051,6,448,FeedbackPeriodStarted,1764345152.4071727,2490.747258901596,False
3052,6,448,startFixDisplay,1764345152.4072976,2490.7473821640015,False
3053,6,448,startFixPeriod,1764345152.6154509,2490.955536842346,False
3054,6,448,TargetPresentation,1764345153.6006408,2491.940724134445,False
3055,6,448,TargetRemoval,1764345154.0724883,2492.412573814392,True
3056,6,448,TargetReappeared,1764345154.3223307,2492.662415742874,False
3057,6,448,RightResponse,1764345155.0720503,2493.4121356010437,False
3058,6,449,FeedbackPeriodStarted,1764345155.0924168,2493.4325001239777,False
3059,6,449,startFixDisplay,1764345155.0924647,2493.4325473308563,False
3060,6,449,startFixPeriod,1764345155.2868779,2493.626963853836,False
3061,6,449,TargetPresentation,1764345155.973935,2494.3140211105347,False
3062,6,449,TargetDisplacement,1764345156.542839,2494.8829255104065,True
3063,6,449,LeftResponse,1764345157.479522,2495.819604873657,False
3064,6,450,FeedbackPeriodStarted,1764345157.500263,2495.8403463363647,False
3065,6,450,startFixDisplay,1764345157.5003126,2495.8403952121735,False
3066,6,450,startFixPeriod,1764345157.6739006,2496.0139861106873,False
3067,6,450,TargetPresentation,1764345158.7425246,2497.08261013031,False
3068,6,450,TargetRemoval,1764345158.9019344,2497.242017507553,True
3069,6,450,TargetReappeared,1764345159.1518486,2497.491932630539,False
3070,6,450,RightResponse,1764345160.1927826,2498.5328657627106,False
3071,6,450,FeedbackPeriodStarted,1764345160.1996176,2498.5397012233734,False
3072,6,451,startFixDisplay,1764345162.2118688,2500.5519518852234,False
3073,6,451,startFixPeriod,1764345162.2952046,2500.6352877616882,False
3074,6,451,TargetPresentation,1764345163.225167,2501.5652527809143,False
3075,6,451,TargetDisplacement,1764345163.3707027,2501.7107861042023,True
3076,6,451,LeftResponse,1764345164.3839965,2502.724079847336,False
3077,6,452,FeedbackPeriodStarted,1764345164.411556,2502.75163936615,False
3078,6,452,startFixDisplay,1764345164.4116135,2502.7516961097717,False
3079,6,452,startFixPeriod,1764345164.6544821,2502.994565486908,False
3080,6,452,TargetPresentation,1764345165.265138,2503.6052219867706,False
3081,6,452,TargetRemoval,1764345165.4177566,2503.757839679718,True
3082,6,452,TargetReappeared,1764345165.6677454,2504.0078313350677,False
3083,6,452,LeftResponse,1764345166.4311159,2504.7711997032166,False
3084,6,453,FeedbackPeriodStarted,1764345166.451657,2504.791740179062,False
3085,6,453,startFixDisplay,1764345166.4517057,2504.791788339615,False
3086,6,453,startFixPeriod,1764345166.8819013,2505.2219848632812,False
3087,6,453,TargetPresentation,1764345168.2349668,2506.5750498771667,False
3088,6,453,TargetDisplacement,1764345168.769246,2507.1093289852142,True
3089,6,453,RightResponse,1764345169.8935635,2508.2336468696594,False
3090,6,454,FeedbackPeriodStarted,1764345169.921152,2508.2612352371216,False
3091,6,454,startFixDisplay,1764345169.9212003,2508.261283159256,False
3092,6,454,startFixPeriod,1764345170.0947495,2508.43483376503,False
3093,6,454,TargetPresentation,1764345170.8232012,2509.1632845401764,False
3094,6,454,TargetDisplacement,1764345171.1007614,2509.440844297409,True
3095,6,454,RightResponse,1764345172.051634,2510.391718149185,False
3096,6,455,FeedbackPeriodStarted,1764345172.072233,2510.412316083908,False
3097,6,455,startFixDisplay,1764345172.0722804,2510.4123632907867,False
3098,6,455,startFixPeriod,1764345172.25966,2510.59974360466,False
3099,6,455,TargetPresentation,1764345173.1618383,2511.5019237995148,False
3100,6,455,TargetRemoval,1764345173.1687937,2511.508879184723,True
3101,6,455,TargetReappeared,1764345173.418594,2511.758679628372,False
3102,6,455,LeftResponse,1764345174.272128,2512.612211227417,False
3103,6,456,FeedbackPeriodStarted,1764345174.2927372,2512.632820367813,False
3104,6,456,startFixDisplay,1764345174.292785,2512.6328675746918,False
3105,6,456,startFixPeriod,1764345174.4662848,2512.806368112564,False
3106,6,456,TargetPresentation,1764345175.7847996,2514.124885082245,False
3107,6,456,TargetRemoval,1764345175.9651453,2514.3052310943604,True
3108,6,456,TargetReappeared,1764345176.2148695,2514.5549528598785,False
3109,6,456,RightResponse,1764345177.0477054,2515.3877885341644,False
3110,6,456,FeedbackPeriodStarted,1764345177.0544794,2515.3945627212524,False
3111,6,457,startFixDisplay,1764345179.066787,2517.4068701267242,False
3112,6,457,startFixPeriod,1764345179.3235927,2517.6636760234833,False
3113,6,457,TargetPresentation,1764345180.3436797,2518.6837635040283,False
3114,6,457,TargetDisplacement,1764345180.489301,2518.8293838500977,True
3115,6,457,RightResponse,1764345181.370856,2519.7109401226044,False
3116,6,458,FeedbackPeriodStarted,1764345181.3982944,2519.7383778095245,False
3117,6,458,startFixDisplay,1764345181.3983426,2519.7384254932404,False
3118,6,458,startFixPeriod,1764345181.5858583,2519.925943851471,False
3119,6,458,TargetPresentation,1764345182.2518697,2520.5919530391693,False
3120,6,458,TargetDisplacement,1764345182.404588,2520.7446739673615,True
3121,6,458,LeftResponse,1764345183.1819193,2521.5220036506653,False
3122,6,459,FeedbackPeriodStarted,1764345183.209474,2521.549557209015,False
3123,6,459,startFixDisplay,1764345183.2095733,2521.549656391144,False
3124,6,459,startFixPeriod,1764345183.4384475,2521.7785308361053,False
3125,6,459,TargetPresentation,1764345183.979694,2522.3197770118713,False
3126,6,459,TargetDisplacement,1764345184.347526,2522.6876091957092,True
3127,6,459,RightResponse,1764345185.2011685,2523.541252374649,False
3128,6,460,FeedbackPeriodStarted,1764345185.2286518,2523.5687346458435,False
3129,6,460,startFixDisplay,1764345185.2286994,2523.5687820911407,False
3130,6,460,startFixPeriod,1764345185.436872,2523.776955842972,False
3131,6,460,TargetPresentation,1764345186.1793387,2524.519422531128,False
3132,6,460,TargetDisplacement,1764345186.359775,2524.6998579502106,True
3133,6,460,LeftResponse,1764345187.1718235,2525.511906862259,False
3134,6,461,FeedbackPeriodStarted,1764345187.1923916,2525.532474756241,False
3135,6,461,startFixDisplay,1764345187.1924386,2525.5325212478638,False
3136,6,461,startFixPeriod,1764345187.4076333,2525.747717142105,False
3137,6,461,TargetPresentation,1764345187.9973412,2526.337424993515,False
3138,6,461,TargetDisplacement,1764345188.4275336,2526.7676165103912,True
3139,6,461,RightResponse,1764345188.823463,2527.1635477542877,False
3140,6,461,FeedbackPeriodStarted,1764345188.8648436,2527.2049267292023,False
3141,7,462,startFixDisplay,1764345365.6088746,2703.9489579200745,False
3142,7,462,startFixPeriod,1764345365.844844,2704.18492770195,False
3143,7,462,TargetPresentation,1764345367.191027,2705.5311102867126,False
3144,7,462,TargetDisplacement,1764345367.197933,2705.538016319275,True
3145,7,462,RightResponse,1764345368.523389,2706.863472223282,False
3146,7,463,FeedbackPeriodStarted,1764345368.5440814,2706.884164571762,False
3147,7,463,startFixDisplay,1764345368.54413,2706.884212732315,False
3148,7,463,startFixPeriod,1764345380.8262556,2719.166339635849,False
3149,7,463,TargetPresentation,1764345381.4160447,2719.7561287879944,False
3150,7,463,TargetRemoval,1764345381.42295,2719.763033390045,True
3151,7,463,TargetReappeared,1764345381.6727555,2720.012838602066,False
3152,7,463,LeftResponse,1764345382.5611227,2720.9012060165405,False
3153,7,464,FeedbackPeriodStarted,1764345382.581932,2720.9220185279846,False
3154,7,464,startFixDisplay,1764345382.582068,2720.922152519226,False
3155,7,464,startFixPeriod,1764345401.3590133,2739.6990995407104,False
3156,7,464,TargetPresentation,1764345402.080456,2740.42053937912,False
3157,7,464,TargetRemoval,1764345402.087436,2740.427519083023,True
3158,7,464,TargetReappeared,1764345402.3373764,2740.677461862564,False
3159,7,464,LeftResponse,1764345403.6835148,2742.023597717285,False
3160,7,465,FeedbackPeriodStarted,1764345403.7041712,2742.044254541397,False
3161,7,465,startFixDisplay,1764345403.7042196,2742.0443024635315,False
3162,7,465,startFixPeriod,1764345406.8545842,2745.1946682929993,False
3163,7,465,TargetPresentation,1764345407.4443243,2745.784407377243,False
3164,7,465,TargetRemoval,1764345407.4513192,2745.7914028167725,True
3165,7,465,TargetReappeared,1764345407.7011461,2746.0412306785583,False
3166,7,465,LeftResponse,1764345409.1029277,2747.443011045456,False
3167,7,466,FeedbackPeriodStarted,1764345409.1305199,2747.470602989197,False
3168,7,466,startFixDisplay,1764345409.1305766,2747.4706594944,False
3169,7,466,startFixPeriod,1764345416.069596,2754.4096801280975,False
3170,7,466,TargetPresentation,1764345416.853707,2755.1937901973724,False
3171,7,466,TargetDisplacement,1764345416.8606062,2755.200689315796,True
3172,7,466,LeftResponse,1764345418.838327,2757.178410053253,False
3173,7,467,FeedbackPeriodStarted,1764345418.8590236,2757.199106693268,False
3174,7,467,startFixDisplay,1764345418.8591197,2757.1992025375366,False
3175,7,467,startFixPeriod,1764345419.0325494,2757.3726329803467,False
3176,7,467,TargetPresentation,1764345420.4481387,2758.78822183609,False
3177,7,467,TargetRemoval,1764345420.4550557,2758.795138835907,True
3178,7,467,TargetReappeared,1764345420.7048807,2759.044964313507,False
3179,7,467,FeedbackPeriodStarted,1764345422.7104003,2761.050486087799,False
3180,7,468,startFixDisplay,1764345423.223678,2761.5637617111206,False
3181,7,468,startFixPeriod,1764345439.3292818,2777.669366121292,False
3182,7,468,TargetPresentation,1764345440.53664,2778.8767232894897,False
3183,7,468,TargetDisplacement,1764345440.5435777,2778.8836607933044,True
3184,7,468,RightResponse,1764345441.9315507,2780.2716343402863,False
3185,7,468,FeedbackPeriodStarted,1764345441.9382725,2780.2783555984497,False
3186,7,469,startFixDisplay,1764345443.9506044,2782.2906877994537,False
3187,7,469,startFixPeriod,1764345443.9576516,2782.2977347373962,False
3188,7,469,TargetPresentation,1764345444.776449,2783.1165335178375,False
3189,7,469,TargetDisplacement,1764345444.7834027,2783.123485803604,True
3190,7,469,RightResponse,1764345446.379464,2784.7195472717285,False
3191,7,470,FeedbackPeriodStarted,1764345446.407057,2784.747140645981,False
3192,7,470,startFixDisplay,1764345446.4071083,2784.7471911907196,False
3193,7,470,startFixPeriod,1764345449.2451475,2787.5852313041687,False
3194,7,470,TargetPresentation,1764345450.3068194,2788.6469027996063,False
3195,7,470,TargetDisplacement,1764345450.313716,2788.653799057007,True
3196,7,470,RightResponse,1764345451.6877203,2790.027803182602,False
3197,7,471,FeedbackPeriodStarted,1764345451.7153888,2790.0554718971252,False
3198,7,471,startFixDisplay,1764345451.7154443,2790.055526971817,False
3199,7,471,startFixPeriod,1764345451.9028509,2790.242936849594,False
3200,7,471,TargetPresentation,1764345452.6938066,2791.033889770508,False
3201,7,471,TargetDisplacement,1764345452.8464205,2791.186503648758,True
3202,7,471,LeftResponse,1764345453.818386,2792.1584701538086,False
3203,7,472,FeedbackPeriodStarted,1764345453.8456476,2792.1857306957245,False
3204,7,472,startFixDisplay,1764345453.8456957,2792.1857783794403,False
3205,7,472,startFixPeriod,1764345454.0262372,2792.3663218021393,False
3206,7,472,TargetPresentation,1764345455.0462234,2793.386307001114,False
3207,7,472,TargetRemoval,1764345455.0530527,2793.393136024475,True
3208,7,472,TargetReappeared,1764345455.3028965,2793.6429800987244,False
3209,7,472,LeftResponse,1764345456.2539036,2794.5939888954163,False
3210,7,473,FeedbackPeriodStarted,1764345456.2812586,2794.6213417053223,False
3211,7,473,startFixDisplay,1764345456.2813077,2794.6213903427124,False
3212,7,473,startFixPeriod,1764345460.2713344,2798.6114201545715,False
3213,7,473,TargetPresentation,1764345461.742322,2800.0824048519135,False
3214,7,473,TargetDisplacement,1764345461.7492595,2800.0893425941467,True
3215,7,473,LeftResponse,1764345462.8319755,2801.1720592975616,False
3216,7,474,FeedbackPeriodStarted,1764345462.8594542,2801.1995372772217,False
3217,7,474,startFixDisplay,1764345462.8595033,2801.1995861530304,False
3218,7,474,startFixPeriod,1764345465.5590005,2803.899089574814,False
3219,7,474,TargetPresentation,1764345466.634419,2804.974504709244,False
3220,7,474,TargetDisplacement,1764345466.6412296,2804.9813125133514,True
3221,7,474,LeftResponse,1764345467.6960526,2806.0361354351044,False
3222,7,474,FeedbackPeriodStarted,1764345467.7028854,2806.042968273163,False
3223,7,475,startFixDisplay,1764345469.715225,2808.05530834198,False
3224,7,475,startFixPeriod,1764345469.944316,2808.2844014167786,False
3225,7,475,TargetPresentation,1764345471.3183513,2809.658437728882,False
3226,7,475,TargetRemoval,1764345471.325125,2809.665207862854,True
3227,7,475,TargetReappeared,1764345471.5749767,2809.9150602817535,False
3228,7,475,LeftResponse,1764345472.484344,2810.8244292736053,False
3229,7,476,FeedbackPeriodStarted,1764345472.5117855,2810.85187125206,False
3230,7,476,startFixDisplay,1764345472.5119178,2810.8520023822784,False
3231,7,476,startFixPeriod,1764345477.070657,2815.410740852356,False
3232,7,476,TargetPresentation,1764345478.1392589,2816.479341983795,False
3233,7,476,TargetRemoval,1764345478.1462889,2816.4863719940186,True
3234,7,476,TargetReappeared,1764345478.3960633,2816.7361483573914,False
3235,7,476,RightResponse,1764345479.4023979,2817.742481946945,False
3236,7,477,FeedbackPeriodStarted,1764345479.4299514,2817.7700345516205,False
3237,7,477,startFixDisplay,1764345479.4300003,2817.770082950592,False
3238,7,477,startFixPeriod,1764345484.0235856,2822.363669157028,False
3239,7,477,TargetPresentation,1764345485.2170136,2823.5570964813232,False
3240,7,477,TargetDisplacement,1764345485.223948,2823.564031124115,True
3241,7,477,LeftResponse,1764345486.223299,2824.5633823871613,False
3242,7,478,FeedbackPeriodStarted,1764345486.2509441,2824.5910272598267,False
3243,7,478,startFixDisplay,1764345486.250992,2824.591074705124,False
3244,7,478,startFixPeriod,1764345486.4244611,2824.7645449638367,False
3245,7,478,TargetPresentation,1764345487.5069005,2825.8469836711884,False
3246,7,478,TargetDisplacement,1764345487.5139616,2825.854044675827,True
3247,7,478,LeftResponse,1764345488.8602784,2827.200361967087,False
3248,7,479,FeedbackPeriodStarted,1764345488.887859,2827.227942466736,False
3249,7,479,startFixDisplay,1764345488.8879077,2827.227990627289,False
3250,7,479,startFixPeriod,1764345489.200234,2827.540319919586,False
3251,7,479,TargetPresentation,1764345490.3380935,2828.678177833557,False
3252,7,479,TargetDisplacement,1764345490.3449805,2828.68506360054,True
3253,7,479,LeftResponse,1764345491.7537897,2830.093873023987,False
3254,7,480,FeedbackPeriodStarted,1764345491.78136,2830.121443271637,False
3255,7,480,startFixDisplay,1764345491.7814093,2830.1214921474457,False
3256,7,480,startFixPeriod,1764345492.7043347,2831.044418334961,False
3257,7,480,TargetPresentation,1764345494.1129315,2832.453014612198,False
3258,7,480,TargetRemoval,1764345494.1198146,2832.4598977565765,True
3259,7,480,TargetReappeared,1764345494.3697603,2832.7098462581635,False
3260,7,480,RightResponse,1764345495.563269,2833.903352022171,False
3261,7,480,FeedbackPeriodStarted,1764345495.5701003,2833.9101836681366,False
3262,7,481,startFixDisplay,1764345497.5893197,2835.929403066635,False
3263,7,481,startFixPeriod,1764345497.5962481,2835.9363310337067,False
3264,7,481,TargetPresentation,1764345498.5539088,2836.89399266243,False
3265,7,481,TargetDisplacement,1764345498.56085,2836.900932788849,True
3266,7,481,RightResponse,1764345499.8169334,2838.1570167541504,False
3267,7,482,FeedbackPeriodStarted,1764345499.8375826,2838.177665710449,False
3268,7,482,startFixDisplay,1764345499.8376315,2838.1777143478394,False
3269,7,482,startFixPeriod,1764345507.3803837,2845.720467567444,False
3270,7,482,TargetPresentation,1764345508.1783028,2846.518385887146,False
3271,7,482,TargetRemoval,1764345508.1852453,2846.525328397751,True
3272,7,482,TargetReappeared,1764345508.4351728,2846.7752578258514,False
3273,7,482,RightResponse,1764345509.4552617,2847.7953448295593,False
3274,7,483,FeedbackPeriodStarted,1764345509.482826,2847.822909116745,False
3275,7,483,startFixDisplay,1764345509.4828749,2847.822957754135,False
3276,7,483,startFixPeriod,1764345509.7050252,2848.0451095104218,False
3277,7,483,TargetPresentation,1764345510.8707206,2849.2108039855957,False
3278,7,483,TargetDisplacement,1764345510.8776386,2849.217721939087,True
3279,7,483,RightResponse,1764345512.4459836,2850.7860672473907,False
3280,7,484,FeedbackPeriodStarted,1764345512.473599,2850.8136830329895,False
3281,7,484,startFixDisplay,1764345512.4736776,2850.813760995865,False
3282,7,484,startFixPeriod,1764345512.6470408,2850.987124681473,False
3283,7,484,TargetPresentation,1764345513.611707,2851.9517912864685,False
3284,7,484,TargetRemoval,1764345513.6185193,2851.9586021900177,True
3285,7,484,TargetReappeared,1764345513.868383,2852.208466053009,False
3286,7,484,RightResponse,1764345514.930112,2853.270195007324,False
3287,7,485,FeedbackPeriodStarted,1764345514.9508321,2853.290915250778,False
3288,7,485,startFixDisplay,1764345514.9508827,2853.29096531868,False
3289,7,485,startFixPeriod,1764345515.1659327,2853.5060160160065,False
3290,7,485,TargetPresentation,1764345516.1514022,2854.4914882183075,False
3291,7,485,TargetDisplacement,1764345516.1583195,2854.49840426445,True
3292,7,485,RightResponse,1764345517.3241105,2855.6641936302185,False
3293,7,486,FeedbackPeriodStarted,1764345517.3517199,2855.691803216934,False
3294,7,486,startFixDisplay,1764345517.3517742,2855.691857099533,False
3295,7,486,startFixPeriod,1764345517.546058,2855.88614153862,False
3296,7,486,TargetPresentation,1764345518.51755,2856.8576335906982,False
3297,7,486,TargetDisplacement,1764345518.5245414,2856.8646245002747,True
3298,7,486,LeftResponse,1764345519.7041779,2858.0442609786987,False
3299,7,486,FeedbackPeriodStarted,1764345519.7111654,2858.0512523651123,False
3300,7,487,startFixDisplay,1764345521.7232924,2860.0633754730225,False
3301,7,487,startFixPeriod,1764345526.7610493,2865.101132631302,False
3302,7,487,TargetPresentation,1764345528.0725107,2866.4125940799713,False
3303,7,487,TargetDisplacement,1764345528.0794327,2866.419515609741,True
3304,7,487,LeftResponse,1764345529.2938902,2867.633973121643,False
3305,7,488,FeedbackPeriodStarted,1764345529.3215315,2867.661614894867,False
3306,7,488,startFixDisplay,1764345529.3215864,2867.661669254303,False
3307,7,488,startFixPeriod,1764345529.5089378,2867.849021434784,False
3308,7,488,TargetPresentation,1764345530.4040914,2868.744174718857,False
3309,7,488,TargetDisplacement,1764345530.4110267,2868.7511098384857,True
3310,7,488,RightResponse,1764345531.799265,2870.139350414276,False
3311,7,489,FeedbackPeriodStarted,1764345531.8265452,2870.166628599167,False
3312,7,489,startFixDisplay,1764345531.8266103,2870.166693687439,False
3313,7,489,startFixPeriod,1764345532.0278487,2870.3679320812225,False
3314,7,489,TargetPresentation,1764345532.8327634,2871.17284655571,False
3315,7,489,TargetRemoval,1764345532.8396976,2871.179780960083,True
3316,7,489,TargetReappeared,1764345533.0895035,2871.429586648941,False
3317,7,489,LeftResponse,1764345533.977917,2872.31800031662,False
3318,7,490,FeedbackPeriodStarted,1764345534.0054855,2872.3455715179443,False
3319,7,490,startFixDisplay,1764345534.0056345,2872.345719099045,False
3320,7,490,startFixPeriod,1764345534.1998165,2872.53990149498,False
3321,7,490,TargetPresentation,1764345535.5320451,2873.8721282482147,False
3322,7,490,TargetDisplacement,1764345535.538994,2873.87907743454,True
3323,7,490,RightResponse,1764345536.6354136,2874.97549700737,False
3324,7,491,FeedbackPeriodStarted,1764345536.6630228,2875.00310587883,False
3325,7,491,startFixDisplay,1764345536.6630704,2875.003153324127,False
3326,7,491,startFixPeriod,1764345540.7571585,2879.0972425937653,False
3327,7,491,TargetPresentation,1764345541.5274336,2879.867518901825,False
3328,7,491,TargetDisplacement,1764345541.5342426,2879.8743257522583,True
3329,7,491,RightResponse,1764345542.596025,2880.9361085891724,False
3330,7,492,FeedbackPeriodStarted,1764345542.616718,2880.956801176071,False
3331,7,492,startFixDisplay,1764345542.616766,2880.9568486213684,False
3332,7,492,startFixPeriod,1764345545.614602,2883.954688310623,False
3333,7,492,TargetPresentation,1764345546.7732413,2885.113324403763,False
3334,7,492,TargetDisplacement,1764345546.7801561,2885.1202392578125,True
3335,7,492,RightResponse,1764345547.8697023,2886.209785461426,False
3336,7,492,FeedbackPeriodStarted,1764345547.8765645,2886.2166550159454,False
3337,7,493,startFixDisplay,1764345549.8888566,2888.228939771652,False
3338,7,493,startFixPeriod,1764345549.895836,2888.2359194755554,False
3339,7,493,TargetPresentation,1764345550.485649,2888.82573223114,False
3340,7,493,TargetDisplacement,1764345550.4926155,2888.8327012062073,True
3341,7,493,RightResponse,1764345551.7833128,2890.1233959198,False
3342,7,494,FeedbackPeriodStarted,1764345551.8040502,2890.1441333293915,False
3343,7,494,startFixDisplay,1764345551.8040996,2890.1441822052,False
3344,7,494,startFixPeriod,1764345557.3067558,2895.64684009552,False
3345,7,494,TargetPresentation,1764345558.0700688,2896.4101526737213,False
3346,7,494,TargetDisplacement,1764345558.0769305,2896.417013645172,True
3347,7,494,LeftResponse,1764345559.305515,2897.6455993652344,False
3348,7,495,FeedbackPeriodStarted,1764345559.332908,2897.672991514206,False
3349,7,495,startFixDisplay,1764345559.3329608,2897.673043489456,False
3350,7,495,startFixPeriod,1764345559.7284744,2898.0685584545135,False
3351,7,495,TargetPresentation,1764345561.2065089,2899.5465927124023,False
3352,7,495,TargetDisplacement,1764345561.213425,2899.553508758545,True
3353,7,495,RightResponse,1764345562.2473526,2900.5874354839325,False
3354,7,496,FeedbackPeriodStarted,1764345562.2680657,2900.6081490516663,False
3355,7,496,startFixDisplay,1764345562.268113,2900.6081957817078,False
3356,7,496,startFixPeriod,1764345562.4624934,2900.802577972412,False
3357,7,496,TargetPresentation,1764345563.3367012,2901.6767847537994,False
3358,7,496,TargetRemoval,1764345563.3438497,2901.683937072754,True
3359,7,496,TargetReappeared,1764345563.5935807,2901.933666944504,False
3360,7,496,LeftResponse,1764345564.4401205,2902.7802035808563,False
3361,7,497,FeedbackPeriodStarted,1764345564.4678888,2902.80797457695,False
3362,7,497,startFixDisplay,1764345564.4680119,2902.808096408844,False
3363,7,497,startFixPeriod,1764345564.6068096,2902.946895122528,False
3364,7,497,TargetPresentation,1764345565.6127393,2903.952822446823,False
3365,7,497,TargetDisplacement,1764345565.619643,2903.9597260951996,True
3366,7,497,LeftResponse,1764345566.7439513,2905.08403468132,False
3367,7,498,FeedbackPeriodStarted,1764345566.7646356,2905.1047189235687,False
3368,7,498,startFixDisplay,1764345566.7647302,2905.1048130989075,False
3369,7,498,startFixPeriod,1764345566.9172814,2905.257365465164,False
3370,7,498,TargetPresentation,1764345567.5209947,2905.861077785492,False
3371,7,498,TargetDisplacement,1764345567.5278947,2905.8679780960083,True
3372,7,498,RightResponse,1764345568.6105056,2906.9505882263184,False
3373,7,498,FeedbackPeriodStarted,1764345568.6173759,2906.9574584960938,False
3374,7,499,startFixDisplay,1764345570.6367028,2908.9767882823944,False
3375,7,499,startFixPeriod,1764345570.6436381,2908.983723640442,False
3376,7,499,TargetPresentation,1764345572.010683,2910.3507690429688,False
3377,7,499,TargetDisplacement,1764345572.0243404,2910.3644235134125,True
3378,7,499,RightResponse,1764345573.2322552,2911.5723407268524,False
3379,7,500,FeedbackPeriodStarted,1764345573.2596507,2911.5997338294983,False
3380,7,500,startFixDisplay,1764345573.259701,2911.5997836589813,False
3381,7,500,startFixPeriod,1764345573.4262578,2911.766343832016,False
3382,7,500,TargetPresentation,1764345573.946525,2912.2866082191467,False
3383,7,500,TargetDisplacement,1764345573.9534602,2912.2935433387756,True
3384,7,500,RightResponse,1764345574.7654932,2913.105576276779,False
3385,7,501,FeedbackPeriodStarted,1764345574.7931502,2913.1332359313965,False
3386,7,501,startFixDisplay,1764345574.7932804,2913.133364915848,False
3387,7,501,startFixPeriod,1764345574.9666066,2913.3066923618317,False
3388,7,501,TargetPresentation,1764345576.1669502,2914.5070333480835,False
3389,7,501,TargetRemoval,1764345576.1740353,2914.5141191482544,True
3390,7,501,TargetReappeared,1764345576.4239097,2914.763995409012,False
3391,7,501,LeftResponse,1764345577.2218091,2915.561892271042,False
3392,7,502,FeedbackPeriodStarted,1764345577.2426498,2915.5827326774597,False
3393,7,502,startFixDisplay,1764345577.2426863,2915.5827689170837,False
3394,7,502,startFixPeriod,1764345577.4022195,2915.742305278778,False
3395,7,502,TargetPresentation,1764345578.2071183,2916.547202348709,False
3396,7,502,TargetDisplacement,1764345578.2141333,2916.554219007492,True
3397,7,502,LeftResponse,1764345579.4076366,2917.7477197647095,False
3398,7,503,FeedbackPeriodStarted,1764345579.4352462,2917.7753295898438,False
3399,7,503,startFixDisplay,1764345579.4353433,2917.775426387787,False
3400,7,503,startFixPeriod,1764345579.6435342,2917.983617782593,False
3401,7,503,TargetPresentation,1764345581.1215596,2919.461644411087,False
3402,7,503,TargetRemoval,1764345581.1284344,2919.4685175418854,True
3403,7,503,TargetReappeared,1764345581.3783755,2919.718461036682,False
3404,7,503,LeftResponse,1764345582.1555235,2920.4956064224243,False
3405,7,504,FeedbackPeriodStarted,1764345582.1832352,2920.523318052292,False
3406,7,504,startFixDisplay,1764345582.1832829,2920.523365497589,False
3407,7,504,startFixPeriod,1764345582.3706658,2920.7107512950897,False
3408,7,504,TargetPresentation,1764345583.4392066,2921.7792921066284,False
3409,7,504,TargetDisplacement,1764345583.6057174,2921.9458005428314,True
3410,7,504,LeftResponse,1764345584.383123,2922.723207473755,False
3411,7,504,FeedbackPeriodStarted,1764345584.3897038,2922.729786634445,False
3412,7,505,startFixDisplay,1764345586.4020405,2924.7421238422394,False
3413,7,505,startFixPeriod,1764345586.4090781,2924.749163389206,False
3414,7,505,TargetPresentation,1764345586.992057,2925.332142829895,False
3415,7,505,TargetDisplacement,1764345586.9989572,2925.339042663574,True
3416,7,505,LeftResponse,1764345587.9427009,2926.2827837467194,False
3417,7,506,FeedbackPeriodStarted,1764345587.9633112,2926.303394317627,False
3418,7,506,startFixDisplay,1764345587.963368,2926.30345082283,False
3419,7,506,startFixPeriod,1764345588.1715496,2926.5116333961487,False
3420,7,506,TargetPresentation,1764345588.7892084,2927.1292934417725,False
3421,7,506,TargetDisplacement,1764345588.8654325,2927.2055156230927,True
3422,7,506,LeftResponse,1764345589.8786535,2928.218736410141,False
3423,7,507,FeedbackPeriodStarted,1764345589.8994348,2928.239520549774,False
3424,7,507,startFixDisplay,1764345589.899579,2928.23966383934,False
3425,7,507,startFixPeriod,1764345590.072985,2928.4130704402924,False
3426,7,507,TargetPresentation,1764345590.9958823,2929.335968017578,False
3427,7,507,TargetDisplacement,1764345591.0026844,2929.3427674770355,True
3428,7,507,RightResponse,1764345591.8631608,2930.2032437324524,False
3429,7,508,FeedbackPeriodStarted,1764345591.8908062,2930.2308893203735,False
3430,7,508,startFixDisplay,1764345591.8909018,2930.230984687805,False
3431,7,508,startFixPeriod,1764345592.0575104,2930.3975961208344,False
3432,7,508,TargetPresentation,1764345593.167714,2931.5077981948853,False
3433,7,508,TargetRemoval,1764345593.174597,2931.514680147171,True
3434,7,508,TargetReappeared,1764345593.4244268,2931.7645106315613,False
3435,7,508,RightResponse,1764345594.5072837,2932.8473687171936,False
3436,7,509,FeedbackPeriodStarted,1764345594.534609,2932.8746922016144,False
3437,7,509,startFixDisplay,1764345594.534658,2932.874740600586,False
3438,7,509,startFixPeriod,1764345594.6942687,2933.03435254097,False
3439,7,509,TargetPresentation,1764345595.3951728,2933.7352578639984,False
3440,7,509,TargetRemoval,1764345595.4020197,2933.742103099823,True
3441,7,509,TargetReappeared,1764345595.651828,2933.991911649704,False
3442,7,509,LeftResponse,1764345596.2837148,2934.6238000392914,False
3443,7,510,FeedbackPeriodStarted,1764345596.317986,2934.658069372177,False
3444,7,510,startFixDisplay,1764345596.3180404,2934.6581230163574,False
3445,7,510,startFixPeriod,1764345596.4845405,2934.8246262073517,False
3446,7,510,TargetPresentation,1764345597.497588,2935.837671279907,False
3447,7,510,TargetRemoval,1764345597.504661,2935.844746828079,True
3448,7,510,TargetReappeared,1764345597.7543721,2936.0944554805756,False
3449,7,510,RightResponse,1764345598.4137845,2936.75386762619,False
3450,7,510,FeedbackPeriodStarted,1764345598.420486,2936.7605690956116,False
3451,7,511,startFixDisplay,1764345600.44671,2938.7867937088013,False
3452,7,511,startFixPeriod,1764345600.710407,2939.050490140915,False
3453,7,511,TargetPresentation,1764345601.2724702,2939.612553358078,False
3454,7,511,TargetRemoval,1764345601.2794082,2939.6194911003113,True
3455,7,511,TargetReappeared,1764345601.529261,2939.8693447113037,False
3456,7,511,RightResponse,1764345602.1682081,2940.5082969665527,False
3457,7,512,FeedbackPeriodStarted,1764345602.1952982,2940.535381793976,False
3458,7,512,startFixDisplay,1764345602.195355,2940.535437822342,False
3459,7,512,startFixPeriod,1764345603.1876378,2941.527720928192,False
3460,7,512,TargetPresentation,1764345604.402142,2942.7422275543213,False
3461,7,512,TargetDisplacement,1764345604.4089446,2942.749027967453,True
3462,7,512,RightResponse,1764345605.1861894,2943.526272535324,False
3463,7,513,FeedbackPeriodStarted,1764345605.2138567,2943.553940296173,False
3464,7,513,startFixDisplay,1764345605.2139134,2943.553996324539,False
3465,7,513,startFixPeriod,1764345605.3595235,2943.6996071338654,False
3466,7,513,TargetPresentation,1764345606.1991615,2944.539244890213,False
3467,7,513,TargetRemoval,1764345606.2061217,2944.5462052822113,True
3468,7,513,TargetReappeared,1764345606.4560556,2944.796144247055,False
3469,7,513,LeftResponse,1764345607.0457962,2945.3858790397644,False
3470,7,514,FeedbackPeriodStarted,1764345607.073461,2945.413544654846,False
3471,7,514,startFixDisplay,1764345607.0735803,2945.4136641025543,False
3472,7,514,startFixPeriod,1764345608.8082545,2947.148337841034,False
3473,7,514,TargetPresentation,1764345609.8213933,2948.161478281021,False
3474,7,514,TargetRemoval,1764345609.828417,2948.1685025691986,True
3475,7,514,TargetReappeared,1764345610.0780456,2948.418128967285,False
3476,7,514,LeftResponse,1764345610.9456458,2949.2857291698456,False
3477,7,515,FeedbackPeriodStarted,1764345610.9731607,2949.3132441043854,False
3478,7,515,startFixDisplay,1764345610.9732103,2949.3132932186127,False
3479,7,515,startFixPeriod,1764345613.7696521,2952.1097359657288,False
3480,7,515,TargetPresentation,1764345615.219916,2953.560000181198,False
3481,7,515,TargetDisplacement,1764345615.2615576,2953.601640701294,True
3482,7,515,RightResponse,1764345616.3513956,2954.6914808750153,False
3483,7,516,FeedbackPeriodStarted,1764345616.4758558,2954.815938949585,False
3484,7,516,startFixDisplay,1764345616.4759047,2954.8159873485565,False
3485,7,516,startFixPeriod,1764345616.6425588,2954.982644557953,False
3486,7,516,TargetPresentation,1764345617.8428712,2956.182954311371,False
3487,7,516,TargetDisplacement,1764345617.849831,2956.189914226532,True
3488,7,516,LeftResponse,1764345618.738066,2957.0781490802765,False
3489,7,516,FeedbackPeriodStarted,1764345618.744971,2957.0850541591644,False
3490,7,517,startFixDisplay,1764345620.764276,2959.1043617725372,False
3491,7,517,startFixPeriod,1764345620.7712195,2959.111303806305,False
3492,7,517,TargetPresentation,1764345621.6384528,2959.9785356521606,False
3493,7,517,TargetDisplacement,1764345621.6455224,2959.985608100891,True
3494,7,517,RightResponse,1764345622.617046,2960.957129240036,False
3495,7,518,FeedbackPeriodStarted,1764345622.651551,2960.9916343688965,False
3496,7,518,startFixDisplay,1764345622.6516378,2960.9917204380035,False
3497,7,518,startFixPeriod,1764345622.8945363,2961.234621286392,False
3498,7,518,TargetPresentation,1764345624.3657227,2962.705808162689,False
3499,7,518,TargetDisplacement,1764345624.3725536,2962.712637901306,True
3500,7,518,RightResponse,1764345625.1015422,2963.4416270256042,False
3501,7,519,FeedbackPeriodStarted,1764345625.1289206,2963.469004392624,False
3502,7,519,startFixDisplay,1764345625.129026,2963.4691095352173,False
3503,7,519,startFixPeriod,1764345625.30227,2963.6423530578613,False
3504,7,519,TargetPresentation,1764345626.0239377,2964.364021062851,False
3505,7,519,TargetRemoval,1764345626.0934494,2964.433532476425,True
3506,7,519,TargetReappeared,1764345626.3433154,2964.6834013462067,False
3507,7,519,RightResponse,1764345627.072118,2965.41220331192,False
3508,7,520,FeedbackPeriodStarted,1764345627.106438,2965.446521282196,False
3509,7,520,startFixDisplay,1764345627.106486,2965.4465687274933,False
3510,7,520,startFixPeriod,1764345627.2799509,2965.620034456253,False
3511,7,520,TargetPresentation,1764345628.2097664,2966.5498497486115,False
3512,7,520,TargetDisplacement,1764345628.2444773,2966.5845608711243,True
3513,7,520,RightResponse,1764345629.0633516,2967.4034345149994,False
3514,7,521,FeedbackPeriodStarted,1764345629.0979412,2967.438024520874,False
3515,7,521,startFixDisplay,1764345629.0979989,2967.4380819797516,False
3516,7,521,startFixPeriod,1764345629.3409016,2967.6809861660004,False
3517,7,521,TargetPresentation,1764345629.868174,2968.2082574367523,False
3518,7,521,TargetRemoval,1764345629.8821366,2968.2222220897675,True
3519,7,521,TargetReappeared,1764345630.1319506,2968.4720344543457,False
3520,7,521,RightResponse,1764345630.82632,2969.166402578354,False
3521,7,522,FeedbackPeriodStarted,1764345630.8605218,2969.2006063461304,False
3522,7,522,startFixDisplay,1764345630.8606608,2969.2007446289062,False
3523,7,522,startFixPeriod,1764345630.8675416,2969.2076263427734,False
3524,7,522,TargetPresentation,1764345631.5751958,2969.915279150009,False
3525,7,522,TargetRemoval,1764345633.330893,2971.6709785461426,True
3526,7,522,TargetReappeared,1764345633.5806727,2971.920756816864,False
3527,7,522,LeftResponse,1764345634.3235898,2972.6636731624603,False
3528,7,522,FeedbackPeriodStarted,1764345634.3301716,2972.670258998871,False
3529,7,523,startFixDisplay,1764345636.342282,2974.682365179062,False
3530,7,523,startFixPeriod,1764345636.349204,2974.689287185669,False
3531,7,523,TargetPresentation,1764345637.2652965,2975.6053807735443,False
3532,7,523,TargetDisplacement,1764345637.2721767,2975.612259864807,True
3533,7,523,RightResponse,1764345637.896791,2976.2368743419647,False
3534,7,524,FeedbackPeriodStarted,1764345637.9244392,2976.2645223140717,False
3535,7,524,startFixDisplay,1764345637.92449,2976.264572620392,False
3536,7,524,startFixPeriod,1764345639.5550585,2977.8951423168182,False
3537,7,524,TargetPresentation,1764345640.263,2978.603085756302,False
3538,7,524,TargetDisplacement,1764345640.2697842,2978.609867811203,True
3539,7,524,LeftResponse,1764345640.984839,2979.3249237537384,False
3540,7,525,FeedbackPeriodStarted,1764345641.0122395,2979.35232257843,False
3541,7,525,startFixDisplay,1764345641.012288,2979.352370738983,False
3542,7,525,startFixPeriod,1764345641.2898273,2979.6299107074738,False
3543,7,525,TargetPresentation,1764345641.7895026,2980.129586458206,False
3544,7,525,TargetDisplacement,1764345641.7963977,2980.136480808258,True
3545,7,525,RightResponse,1764345642.6017215,2980.941806793213,False
3546,7,526,FeedbackPeriodStarted,1764345642.6290424,2980.9691257476807,False
3547,7,526,startFixDisplay,1764345642.6290915,2980.969174385071,False
3548,7,526,startFixPeriod,1764345642.8094876,2981.149570941925,False
3549,7,526,TargetPresentation,1764345643.8156903,2982.155773639679,False
3550,7,526,TargetRemoval,1764345643.8225937,2982.162677049637,True
3551,7,526,TargetReappeared,1764345644.0724366,2982.412519454956,False
3552,7,526,LeftResponse,1764345644.870792,2983.2108747959137,False
3553,7,527,FeedbackPeriodStarted,1764345644.8983603,2983.238450527191,False
3554,7,527,startFixDisplay,1764345644.898606,2983.2386951446533,False
3555,7,527,startFixPeriod,1764345645.6545722,2983.9946563243866,False
3556,7,527,TargetPresentation,1764345647.118703,2985.458786725998,False
3557,7,527,TargetDisplacement,1764345647.1394827,2985.4795656204224,True
3558,7,527,RightResponse,1764345648.06967,2986.4097549915314,False
3559,7,527,FeedbackPeriodStarted,1764345648.1180286,2986.4581146240234,False
