,blockID,trialNumber,triggerName,timestamp_sys,timestamp_psyc,triggerSent_Serial00
0,pract,-1,StartPractice,1765534229.959265,431.54048585891724,False
1,pract,0,startFixDisplay,1765534229.9755273,431.5567510128021,False
2,pract,0,startFixPeriod,1765534229.9827428,431.5639634132385,False
3,pract,0,TargetPresentation,1765534230.6417904,432.2230145931244,False
4,pract,0,TargetRemoval,1765534230.953871,432.5350947380066,True
5,pract,0,TargetReappeared,1765534231.2038403,432.7850646972656,False
6,pract,0,RightResponse,1765534231.530339,433.11156249046326,False
7,pract,0,FeedbackPeriodStarted,1765534231.5437021,433.1249256134033,False
8,pract,1,startFixDisplay,1765534232.050244,433.6314673423767,False
9,pract,1,startFixPeriod,1765534232.105812,433.6870346069336,False
10,pract,1,TargetPresentation,1765534233.5770025,435.15822863578796,False
11,pract,1,TargetDisplacement,1765534233.8058243,435.387047290802,True
12,pract,1,LeftResponse,1765534235.5479722,437.12919425964355,False
13,pract,1,FeedbackPeriodStarted,1765534235.5544524,437.1356749534607,False
14,pract,2,startFixDisplay,1765534236.0610323,437.6422555446625,False
15,pract,2,startFixPeriod,1765534236.3317828,437.9130070209503,False
16,pract,2,TargetPresentation,1765534236.8800304,438.4612543582916,False
17,pract,2,TargetRemoval,1765534237.0463254,438.6275463104248,True
18,pract,2,TargetReappeared,1765534237.2963176,438.8775415420532,False
19,pract,2,RightResponse,1765534237.70593,439.28715348243713,False
20,pract,2,FeedbackPeriodStarted,1765534237.7125986,439.293820142746,False
21,pract,3,startFixDisplay,1765534238.2190974,439.80032086372375,False
22,pract,3,startFixPeriod,1765534238.4204552,440.00167870521545,False
23,pract,3,TargetPresentation,1765534239.27393,440.8551540374756,False
24,pract,3,TargetDisplacement,1765534239.4611385,441.0423619747162,True
25,pract,3,LeftResponse,1765534240.904668,442.4858891963959,False
26,pract,3,FeedbackPeriodStarted,1765534240.9184225,442.4996464252472,False
27,pract,4,startFixDisplay,1765534241.4318233,443.0130467414856,False
28,pract,4,startFixPeriod,1765534241.6677628,443.2489845752716,False
29,pract,4,TargetPresentation,1765534242.6949208,444.2761445045471,False
30,pract,4,TargetRemoval,1765534242.7019262,444.28315138816833,True
31,pract,4,TargetReappeared,1765534242.9516077,444.53282928466797,False
32,pract,4,RightResponse,1765534243.493016,445.0742378234863,False
33,pract,4,FeedbackPeriodStarted,1765534243.5066009,445.0878219604492,False
34,pract,5,startFixDisplay,1765534244.0132113,445.5944347381592,False
35,pract,5,startFixPeriod,1765534244.2353888,445.8166115283966,False
36,pract,5,TargetPresentation,1765534244.984764,446.56598567962646,False
37,pract,5,TargetDisplacement,1765534245.1650147,446.74623799324036,True
38,pract,5,LeftResponse,1765534246.7683835,448.3496069908142,False
39,pract,5,FeedbackPeriodStarted,1765534246.774911,448.35613441467285,False
40,pract,6,startFixDisplay,1765534247.281492,448.86271595954895,False
41,pract,6,startFixPeriod,1765534247.4828393,449.06406354904175,False
42,pract,6,TargetPresentation,1765534248.225363,449.8065869808197,False
43,pract,6,TargetDisplacement,1765534248.2323024,449.81352615356445,True
44,pract,6,RightResponse,1765534249.0584033,450.63962721824646,False
45,pract,6,FeedbackPeriodStarted,1765534249.0649736,450.64619755744934,False
46,pract,7,startFixDisplay,1765534249.5713522,451.1525728702545,False
47,pract,7,startFixPeriod,1765534249.7518377,451.33306193351746,False
48,pract,7,TargetPresentation,1765534251.0703375,452.65156149864197,False
49,pract,7,TargetDisplacement,1765534251.2367141,452.81793451309204,True
50,pract,7,LeftResponse,1765534252.1738367,453.7550587654114,False
51,pract,7,FeedbackPeriodStarted,1765534252.1805673,453.76179027557373,False
52,pract,8,startFixDisplay,1765534252.686997,454.2682206630707,False
53,pract,8,startFixPeriod,1765534252.7773006,454.35852432250977,False
54,pract,8,TargetPresentation,1765534253.589321,455.1705448627472,False
55,pract,8,TargetDisplacement,1765534253.6932056,455.2744290828705,True
56,pract,8,RightResponse,1765534254.3041837,455.8854057788849,False
57,pract,8,FeedbackPeriodStarted,1765534254.3246565,455.90587735176086,False
58,pract,9,startFixDisplay,1765534254.831042,456.4122624397278,False
59,pract,9,startFixPeriod,1765534254.858942,456.44016575813293,False
60,pract,9,TargetPresentation,1765534255.3656197,456.9468414783478,False
61,pract,9,TargetDisplacement,1765534255.5389686,457.1201927661896,True
62,pract,9,RightResponse,1765534256.7328627,458.31408500671387,False
63,pract,9,FeedbackPeriodStarted,1765534256.7393987,458.32062244415283,False
64,pract,10,startFixDisplay,1765534257.2459335,458.8271572589874,False
65,pract,10,startFixPeriod,1765534257.461111,459.0423352718353,False
66,pract,10,TargetPresentation,1765534258.2037249,459.7849488258362,False
67,pract,10,TargetDisplacement,1765534258.210604,459.79182529449463,True
68,pract,10,LeftResponse,1765534259.2724948,460.85371708869934,False
69,pract,10,FeedbackPeriodStarted,1765534259.2791643,460.8603882789612,False
70,pract,11,startFixDisplay,1765534259.7856567,461.36687994003296,False
71,pract,11,startFixPeriod,1765534260.0217166,461.6029403209686,False
72,pract,11,TargetPresentation,1765534261.0486875,462.62991094589233,False
73,pract,11,TargetDisplacement,1765534261.0555873,462.63680839538574,True
74,pract,11,RightResponse,1765534262.1107395,463.6919617652893,False
75,pract,11,FeedbackPeriodStarted,1765534262.1241982,463.70542216300964,False
76,pract,12,startFixDisplay,1765534262.6306944,464.2119152545929,False
77,pract,12,startFixPeriod,1765534262.8597898,464.441011428833,False
78,pract,12,TargetPresentation,1765534263.8590024,465.44022607803345,False
79,pract,12,TargetDisplacement,1765534263.8659832,465.4472074508667,True
80,pract,12,LeftResponse,1765534264.8514695,466.4326910972595,False
81,pract,12,FeedbackPeriodStarted,1765534264.8651562,466.4463803768158,False
82,pract,13,startFixDisplay,1765534265.3716,466.95282316207886,False
83,pract,13,startFixPeriod,1765534265.3785093,466.95973014831543,False
84,pract,13,TargetPresentation,1765534266.5513794,468.1326003074646,False
85,pract,13,TargetDisplacement,1765534266.6622605,468.24348425865173,True
86,pract,13,RightResponse,1765534267.412036,468.9932599067688,False
87,pract,13,FeedbackPeriodStarted,1765534267.4255934,469.00681710243225,False
88,pract,14,startFixDisplay,1765534267.932117,469.51334047317505,False
89,pract,14,startFixPeriod,1765534267.9668007,469.54802441596985,False
90,pract,14,TargetPresentation,1765534268.8134308,470.39465260505676,False
91,pract,14,TargetDisplacement,1765534268.8204265,470.4016499519348,True
92,pract,14,RightResponse,1765534269.8963299,471.4775552749634,False
93,pract,14,FeedbackPeriodStarted,1765534269.9097903,471.4910111427307,False
94,pract,15,startFixDisplay,1765534270.4162881,471.99751138687134,False
95,pract,15,startFixPeriod,1765534270.4231956,472.00441908836365,False
96,pract,15,TargetPresentation,1765534270.9646814,472.5459053516388,False
97,pract,15,TargetDisplacement,1765534271.0685852,472.649808883667,True
98,pract,15,LeftResponse,1765534272.1654897,473.7467131614685,False
99,pract,15,FeedbackPeriodStarted,1765534272.1720872,473.7533116340637,False
100,pract,-1,EndPractice,1765534272.6658053,474.2470259666443,False
101,0,0,startFixDisplay,1765534361.130586,562.7118098735809,False
102,0,0,startFixPeriod,1765534361.3597689,562.9409954547882,False
103,0,0,TargetPresentation,1765534361.9910953,563.5723168849945,False
104,0,0,TargetDisplacement,1765534362.1853404,563.7665641307831,True
105,0,0,LeftResponse,1765534363.0460954,564.6273176670074,False
106,0,1,FeedbackPeriodStarted,1765534363.0665793,564.6478037834167,False
107,0,1,startFixDisplay,1765534363.0667286,564.6479513645172,False
108,0,1,startFixPeriod,1765534363.2678168,564.8490390777588,False
109,0,1,TargetPresentation,1765534363.9133291,565.494553565979,False
110,0,1,TargetDisplacement,1765534364.072844,565.6540679931641,True
111,0,1,RightResponse,1765534364.572845,566.154069185257,False
112,0,2,FeedbackPeriodStarted,1765534364.5863245,566.1675493717194,False
113,0,2,startFixDisplay,1765534364.5864794,566.1677014827728,False
114,0,2,startFixPeriod,1765534364.8014965,566.3827209472656,False
115,0,2,TargetPresentation,1765534365.7798529,567.3610758781433,False
116,0,2,TargetDisplacement,1765534365.9532754,567.534499168396,True
117,0,2,LeftResponse,1765534366.69612,568.27734375,False
118,0,3,FeedbackPeriodStarted,1765534366.709485,568.2907061576843,False
119,0,3,startFixDisplay,1765534366.7095547,568.2907748222351,False
120,0,3,startFixPeriod,1765534366.8831606,568.4643852710724,False
121,0,3,TargetPresentation,1765534367.771421,569.3526453971863,False
122,0,3,TargetRemoval,1765534367.9448962,569.5261218547821,True
123,0,3,TargetReappeared,1765534368.1946998,569.7759244441986,False
124,0,3,LeftResponse,1765534369.180204,570.7614252567291,False
125,0,4,FeedbackPeriodStarted,1765534369.19381,570.7750337123871,False
126,0,4,startFixDisplay,1765534369.1939032,570.7751233577728,False
127,0,4,startFixPeriod,1765534369.3743217,570.9555463790894,False
128,0,4,TargetPresentation,1765534370.2555616,571.8367853164673,False
129,0,4,TargetDisplacement,1765534370.4359083,572.0171322822571,True
130,0,4,RightResponse,1765534371.1718748,572.7530992031097,False
131,0,5,FeedbackPeriodStarted,1765534371.1852026,572.7664234638214,False
132,0,5,startFixDisplay,1765534371.1852708,572.7664909362793,False
133,0,5,startFixPeriod,1765534371.3451061,572.9263327121735,False
134,0,5,TargetPresentation,1765534372.3858566,573.9670803546906,False
135,0,5,TargetRemoval,1765534372.5453496,574.1265735626221,True
136,0,5,TargetReappeared,1765534372.7952409,574.3764636516571,False
137,0,5,RightResponse,1765534373.468444,575.0496654510498,False
138,0,6,FeedbackPeriodStarted,1765534373.4890292,575.0702497959137,False
139,0,6,startFixDisplay,1765534373.4891284,575.0703485012054,False
140,0,6,startFixPeriod,1765534373.6349628,575.2161874771118,False
141,0,6,TargetPresentation,1765534374.1346254,575.7158501148224,False
142,0,6,TargetDisplacement,1765534374.5021214,576.0833451747894,True
143,0,6,LeftResponse,1765534375.793138,577.3743622303009,False
144,0,6,FeedbackPeriodStarted,1765534375.8066454,577.3878662586212,False
145,0,7,startFixDisplay,1765534377.8120368,579.3932602405548,False
146,0,7,startFixPeriod,1765534378.2284956,579.8097202777863,False
147,0,7,TargetPresentation,1765534379.442835,581.0240588188171,False
148,0,7,TargetDisplacement,1765534379.6092885,581.1905119419098,True
149,0,7,LeftResponse,1765534380.5044723,582.085693359375,False
150,0,8,FeedbackPeriodStarted,1765534380.5183,582.0995230674744,False
151,0,8,startFixDisplay,1765534380.5184202,582.0996420383453,False
152,0,8,startFixPeriod,1765534380.6432846,582.2245066165924,False
153,0,8,TargetPresentation,1765534381.8230364,583.4042611122131,False
154,0,8,TargetDisplacement,1765534381.996305,583.5775287151337,True
155,0,8,RightResponse,1765534382.7669516,584.3481757640839,False
156,0,9,FeedbackPeriodStarted,1765534382.7803347,584.3615555763245,False
157,0,9,startFixDisplay,1765534382.7804003,584.3616206645966,False
158,0,9,startFixPeriod,1765534382.9054196,584.4866440296173,False
159,0,9,TargetPresentation,1765534383.564612,585.145834684372,False
160,0,9,TargetDisplacement,1765534383.571545,585.152768611908,True
161,0,9,LeftResponse,1765534384.9180846,586.4993071556091,False
162,0,10,FeedbackPeriodStarted,1765534384.9319131,586.5131380558014,False
163,0,10,startFixDisplay,1765534384.9321094,586.5133330821991,False
164,0,10,startFixPeriod,1765534385.1954458,586.776670217514,False
165,0,10,TargetPresentation,1765534386.3056362,587.8868606090546,False
166,0,10,TargetDisplacement,1765534386.4997573,588.0809810161591,True
167,0,10,RightResponse,1765534387.173165,588.7543861865997,False
168,0,11,FeedbackPeriodStarted,1765534387.1867561,588.7679772377014,False
169,0,11,startFixDisplay,1765534387.1868238,588.7680439949036,False
170,0,11,startFixPeriod,1765534387.367295,588.9485192298889,False
171,0,11,TargetPresentation,1765534388.581571,590.1627948284149,False
172,0,11,TargetDisplacement,1765534388.6924772,590.2737004756927,True
173,0,11,RightResponse,1765534390.0735965,591.6548190116882,False
174,0,12,FeedbackPeriodStarted,1765534390.0872777,591.6684994697571,False
175,0,12,startFixDisplay,1765534390.087353,591.668573141098,False
176,0,12,startFixPeriod,1765534390.2746973,591.8559219837189,False
177,0,12,TargetPresentation,1765534391.10049,592.6817140579224,False
178,0,12,TargetDisplacement,1765534391.2599432,592.8411638736725,True
179,0,12,LeftResponse,1765534392.4884148,594.0696368217468,False
180,0,12,FeedbackPeriodStarted,1765534392.4952834,594.0765044689178,False
181,0,13,startFixDisplay,1765534394.5004644,596.0816881656647,False
182,0,13,startFixPeriod,1765534394.8892877,596.4705121517181,False
183,0,13,TargetPresentation,1765534395.8329616,597.4141862392426,False
184,0,13,TargetRemoval,1765534395.950677,597.5318977832794,True
185,0,13,TargetReappeared,1765534396.2007396,597.7819647789001,False
186,0,13,RightResponse,1765534396.8114727,598.3926939964294,False
187,0,14,FeedbackPeriodStarted,1765534396.82503,598.4062509536743,False
188,0,14,startFixDisplay,1765534396.8251183,598.4063384532928,False
189,0,14,startFixPeriod,1765534396.95711,598.5383358001709,False
190,0,14,TargetPresentation,1765534398.115911,599.6971352100372,False
191,0,14,TargetDisplacement,1765534398.70565,600.2868740558624,True
192,0,14,RightResponse,1765534399.3236628,600.9048867225647,False
193,0,15,FeedbackPeriodStarted,1765534399.3439572,600.9251811504364,False
194,0,15,startFixDisplay,1765534399.3441243,600.9253447055817,False
195,0,15,startFixPeriod,1765534399.5383844,601.1196088790894,False
196,0,15,TargetPresentation,1765534400.8359857,602.4172098636627,False
197,0,15,TargetDisplacement,1765534400.9955084,602.576732635498,True
198,0,15,RightResponse,1765534402.4183588,603.9995806217194,False
199,0,16,FeedbackPeriodStarted,1765534402.4319155,604.0131394863129,False
200,0,16,startFixDisplay,1765534402.4320912,604.0133113861084,False
201,0,16,startFixPeriod,1765534402.61942,604.2006452083588,False
202,0,16,TargetPresentation,1765534403.5213368,605.1025607585907,False
203,0,16,TargetDisplacement,1765534403.5698745,605.1510987281799,True
204,0,16,LeftResponse,1765534404.3405135,605.9217386245728,False
205,0,17,FeedbackPeriodStarted,1765534404.3609,605.9421241283417,False
206,0,17,startFixDisplay,1765534404.3610406,605.9422626495361,False
207,0,17,startFixPeriod,1765534404.5344164,606.1156406402588,False
208,0,17,TargetPresentation,1765534405.7071373,607.2883615493774,False
209,0,17,TargetDisplacement,1765534405.8250785,607.406302690506,True
210,0,17,RightResponse,1765534406.963458,608.5446813106537,False
211,0,18,FeedbackPeriodStarted,1765534406.9769614,608.5581855773926,False
212,0,18,startFixDisplay,1765534406.9771428,608.5583651065826,False
213,0,18,startFixPeriod,1765534407.1504767,608.731701374054,False
214,0,18,TargetPresentation,1765534407.6778903,609.2591142654419,False
215,0,18,TargetDisplacement,1765534407.8860235,609.4672477245331,True
216,0,18,RightResponse,1765534408.8647301,610.4459543228149,False
217,0,18,FeedbackPeriodStarted,1765534408.8713374,610.452561378479,False
218,0,19,startFixDisplay,1765534410.8766744,612.457897901535,False
219,0,19,startFixPeriod,1765534411.473564,613.0547876358032,False
220,0,19,TargetPresentation,1765534412.8822038,614.4634256362915,False
221,0,19,TargetDisplacement,1765534413.0347052,614.6159286499023,True
222,0,19,RightResponse,1765534413.9719179,615.5531389713287,False
223,0,20,FeedbackPeriodStarted,1765534413.9852695,615.5664904117584,False
224,0,20,startFixDisplay,1765534413.985336,615.5665564537048,False
225,0,20,startFixPeriod,1765534414.2493243,615.8305475711823,False
226,0,20,TargetPresentation,1765534414.9152784,616.4964995384216,False
227,0,20,TargetRemoval,1765534415.1234095,616.7046332359314,True
228,0,20,TargetReappeared,1765534415.37332,616.9545447826385,False
229,0,20,RightResponse,1765534415.9633763,617.5446002483368,False
230,0,21,FeedbackPeriodStarted,1765534415.98394,617.5651643276215,False
231,0,21,startFixDisplay,1765534415.9841046,617.5653274059296,False
232,0,21,startFixPeriod,1765534416.2198684,617.8010926246643,False
233,0,21,TargetPresentation,1765534417.7048357,619.2860596179962,False
234,0,21,TargetDisplacement,1765534417.8573086,619.4385323524475,True
235,0,21,LeftResponse,1765534418.641908,620.2231314182281,False
236,0,22,FeedbackPeriodStarted,1765534418.6552823,620.2365033626556,False
237,0,22,startFixDisplay,1765534418.6553473,620.2365674972534,False
238,0,22,startFixPeriod,1765534418.933026,620.5142495632172,False
239,0,22,TargetPresentation,1765534420.0641315,621.6453557014465,False
240,0,22,TargetRemoval,1765534420.2444518,621.8256757259369,True
241,0,22,TargetReappeared,1765534420.494322,622.075546503067,False
242,0,22,LeftResponse,1765534421.1399577,622.7211818695068,False
243,0,23,FeedbackPeriodStarted,1765534421.1603012,622.7415223121643,False
244,0,23,startFixDisplay,1765534421.1603668,622.7415869235992,False
245,0,23,startFixPeriod,1765534421.3409152,622.9221415519714,False
246,0,23,TargetPresentation,1765534422.6800458,624.261269569397,False
247,0,23,TargetDisplacement,1765534422.8465712,624.4277949333191,True
248,0,23,RightResponse,1765534423.9642878,625.545511007309,False
249,0,24,FeedbackPeriodStarted,1765534423.9846013,625.5658252239227,False
250,0,24,startFixDisplay,1765534423.9847534,625.5659756660461,False
251,0,24,startFixPeriod,1765534424.1720264,625.7532503604889,False
252,0,24,TargetPresentation,1765534425.3863533,626.9675757884979,False
253,0,24,TargetDisplacement,1765534425.5528307,627.1340539455414,True
254,0,24,RightResponse,1765534426.43441,628.0156335830688,False
255,0,24,FeedbackPeriodStarted,1765534426.4410846,628.0223073959351,False
256,0,25,startFixDisplay,1765534428.4463778,630.027601480484,False
257,0,25,startFixPeriod,1765534428.6892543,630.2704782485962,False
258,0,25,TargetPresentation,1765534430.007812,631.5890362262726,False
259,0,25,TargetRemoval,1765534430.1811306,631.7623512744904,True
260,0,25,TargetReappeared,1765534430.4310255,632.0122480392456,False
261,0,25,RightResponse,1765534431.0281494,632.60937333107,False
262,0,26,FeedbackPeriodStarted,1765534431.0415719,632.6227958202362,False
263,0,26,startFixDisplay,1765534431.0417159,632.6229381561279,False
264,0,26,startFixPeriod,1765534431.2082453,632.7894697189331,False
265,0,26,TargetPresentation,1765534432.020163,633.6013870239258,False
266,0,26,TargetDisplacement,1765534432.2489772,633.8302028179169,True
267,0,26,RightResponse,1765534433.0889053,634.6701290607452,False
268,0,27,FeedbackPeriodStarted,1765534433.1024783,634.6837022304535,False
269,0,27,startFixDisplay,1765534433.102627,634.6838490962982,False
270,0,27,startFixPeriod,1765534433.241341,634.8225655555725,False
271,0,27,TargetPresentation,1765534434.414043,635.9952669143677,False
272,0,27,TargetDisplacement,1765534434.5736134,636.1548368930817,True
273,0,27,LeftResponse,1765534435.3023784,636.8835997581482,False
274,0,28,FeedbackPeriodStarted,1765534435.3160763,636.8973007202148,False
275,0,28,startFixDisplay,1765534435.316228,636.8974502086639,False
276,0,28,startFixPeriod,1765534435.51055,637.0917751789093,False
277,0,28,TargetPresentation,1765534436.6970117,638.2782335281372,False
278,0,28,TargetRemoval,1765534436.8703303,638.4515540599823,True
279,0,28,TargetReappeared,1765534437.12028,638.7015030384064,False
280,0,28,LeftResponse,1765534437.8282292,639.4094505310059,False
281,0,29,FeedbackPeriodStarted,1765534437.8417304,639.4229512214661,False
282,0,29,startFixDisplay,1765534437.841799,639.4230189323425,False
283,0,29,startFixPeriod,1765534437.9737585,639.5549821853638,False
284,0,29,TargetPresentation,1765534438.7578773,640.3390989303589,False
285,0,29,TargetDisplacement,1765534438.9520912,640.5333168506622,True
286,0,29,LeftResponse,1765534439.646383,641.2276060581207,False
287,0,30,FeedbackPeriodStarted,1765534439.6669075,641.2481317520142,False
288,0,30,startFixDisplay,1765534439.6670897,641.2483124732971,False
289,0,30,startFixPeriod,1765534439.79882,641.3800449371338,False
290,0,30,TargetPresentation,1765534441.255972,642.8371934890747,False
291,0,30,TargetRemoval,1765534441.4362695,643.0174930095673,True
292,0,30,TargetReappeared,1765534441.686149,643.2673718929291,False
293,0,30,RightResponse,1765534442.2276182,643.8088405132294,False
294,0,30,FeedbackPeriodStarted,1765534442.2343247,643.8155455589294,False
295,0,31,startFixDisplay,1765534444.2396598,645.820883512497,False
296,0,31,startFixPeriod,1765534444.3092396,645.8904643058777,False
297,0,31,TargetPresentation,1765534444.8851857,646.466409444809,False
298,0,31,TargetDisplacement,1765534445.058447,646.6396703720093,True
299,0,31,LeftResponse,1765534445.7944763,647.3756992816925,False
300,0,32,FeedbackPeriodStarted,1765534445.8148391,647.3960628509521,False
301,0,32,startFixDisplay,1765534445.814986,647.3962080478668,False
302,0,32,startFixPeriod,1765534445.9607031,647.5419282913208,False
303,0,32,TargetPresentation,1765534446.4671943,648.0484163761139,False
304,0,32,TargetRemoval,1765534446.7169144,648.2981383800507,True
305,0,32,TargetReappeared,1765534446.9667819,648.5480065345764,False
306,0,32,RightResponse,1765534447.4944215,649.0756423473358,False
307,0,33,FeedbackPeriodStarted,1765534447.5080123,649.0892336368561,False
308,0,33,startFixDisplay,1765534447.5080945,649.089314699173,False
309,0,33,startFixPeriod,1765534447.7440453,649.3252701759338,False
310,0,33,TargetPresentation,1765534448.9306192,650.5118432044983,False
311,0,33,TargetRemoval,1765534449.1039073,650.6851308345795,True
312,0,33,TargetReappeared,1765534449.3538997,650.9351246356964,False
313,0,33,LeftResponse,1765534450.034245,651.6154692173004,False
314,0,34,FeedbackPeriodStarted,1765534450.0475562,651.6287770271301,False
315,0,34,startFixDisplay,1765534450.0476255,651.6288454532623,False
316,0,34,startFixPeriod,1765534450.228258,651.8094825744629,False
317,0,34,TargetPresentation,1765534451.5119638,653.0931866168976,False
318,0,34,TargetRemoval,1765534451.6851478,653.2663681507111,True
319,0,34,TargetReappeared,1765534451.9352157,653.5164380073547,False
320,0,34,RightResponse,1765534452.6014342,654.1826550960541,False
321,0,35,FeedbackPeriodStarted,1765534452.6151237,654.196347951889,False
322,0,35,startFixDisplay,1765534452.6152534,654.1964735984802,False
323,0,35,startFixPeriod,1765534452.754037,654.3352618217468,False
324,0,35,TargetPresentation,1765534454.010002,655.591225862503,False
325,0,35,TargetRemoval,1765534454.0169039,655.5981254577637,True
326,0,35,TargetReappeared,1765534454.2667484,655.847972869873,False
327,0,35,LeftResponse,1765534455.0306516,656.6118767261505,False
328,0,36,FeedbackPeriodStarted,1765534455.0508456,656.6320695877075,False
329,0,36,startFixDisplay,1765534455.050999,656.6322209835052,False
330,0,36,startFixPeriod,1765534455.1896944,656.7709193229675,False
331,0,36,TargetPresentation,1765534456.1680508,657.7493011951447,False
332,0,36,TargetRemoval,1765534456.3344293,657.9156527519226,True
333,0,36,TargetReappeared,1765534456.5844421,658.1656668186188,False
334,0,36,LeftResponse,1765534457.313274,658.8944952487946,False
335,0,36,FeedbackPeriodStarted,1765534457.319813,658.9010372161865,False
336,0,37,startFixDisplay,1765534459.3250644,660.9062857627869,False
337,0,37,startFixPeriod,1765534459.3321302,660.913355588913,False
338,0,37,TargetPresentation,1765534460.7754948,662.3567190170288,False
339,0,37,TargetRemoval,1765534460.9488955,662.5301196575165,True
340,0,37,TargetReappeared,1765534461.1987333,662.7799575328827,False
341,0,37,RightResponse,1765534461.8096712,663.3908948898315,False
342,0,38,FeedbackPeriodStarted,1765534461.823194,663.4044151306152,False
343,0,38,startFixDisplay,1765534461.8232646,663.4044847488403,False
344,0,38,startFixPeriod,1765534461.9482043,663.5294289588928,False
345,0,38,TargetPresentation,1765534463.11394,664.6951642036438,False
346,0,38,TargetDisplacement,1765534463.3359196,664.9171435832977,True
347,0,38,RightResponse,1765534464.0789537,665.6601769924164,False
348,0,39,FeedbackPeriodStarted,1765534464.0993283,665.6805527210236,False
349,0,39,startFixDisplay,1765534464.0994658,665.6806879043579,False
350,0,39,startFixPeriod,1765534464.2313008,665.812525510788,False
351,0,39,TargetPresentation,1765534465.0708203,666.6520440578461,False
352,0,39,TargetDisplacement,1765534465.2303252,666.8115456104279,True
353,0,39,LeftResponse,1765534466.7224622,668.3036830425262,False
354,0,40,FeedbackPeriodStarted,1765534466.7359653,668.3171861171722,False
355,0,40,startFixDisplay,1765534466.736018,668.3172378540039,False
356,0,40,startFixPeriod,1765534466.9166005,668.49782538414,False
357,0,40,TargetPresentation,1765534467.6868167,669.2680404186249,False
358,0,40,TargetDisplacement,1765534467.8463264,669.4275469779968,True
359,0,40,RightResponse,1765534468.859878,670.4411025047302,False
360,0,41,FeedbackPeriodStarted,1765534468.8803008,670.4615247249603,False
361,0,41,startFixDisplay,1765534468.880414,670.4616341590881,False
362,0,41,startFixPeriod,1765534469.0885108,670.6697325706482,False
363,0,41,TargetPresentation,1765534469.6297164,671.2109405994415,False
364,0,41,TargetRemoval,1765534469.8308866,671.4121112823486,True
365,0,41,TargetReappeared,1765534470.0808835,671.6621079444885,False
366,0,41,RightResponse,1765534470.7748504,672.3560724258423,False
367,0,42,FeedbackPeriodStarted,1765534470.795394,672.3766148090363,False
368,0,42,startFixDisplay,1765534470.795518,672.3767392635345,False
369,0,42,startFixPeriod,1765534470.9828427,672.5640668869019,False
370,0,42,TargetPresentation,1765534471.5449166,673.1261396408081,False
371,0,42,TargetRemoval,1765534471.773878,673.3551020622253,True
372,0,42,TargetReappeared,1765534472.0236654,673.6048898696899,False
373,0,42,LeftResponse,1765534472.516514,674.0977351665497,False
374,0,42,FeedbackPeriodStarted,1765534472.52327,674.1044909954071,False
375,0,43,startFixDisplay,1765534474.5287538,676.1099779605865,False
376,0,43,startFixPeriod,1765534474.7092345,676.290459394455,False
377,0,43,TargetPresentation,1765534475.4515874,677.032808303833,False
378,0,43,TargetDisplacement,1765534475.6528018,677.2340257167816,True
379,0,43,LeftResponse,1765534476.610846,678.1920702457428,False
380,0,44,FeedbackPeriodStarted,1765534476.6312754,678.2124993801117,False
381,0,44,startFixDisplay,1765534476.6314263,678.2126486301422,False
382,0,44,startFixPeriod,1765534476.804688,678.3859121799469,False
383,0,44,TargetPresentation,1765534478.1995165,679.7807374000549,False
384,0,44,TargetDisplacement,1765534478.36588,679.9471037387848,True
385,0,44,LeftResponse,1765534479.2060041,680.7872257232666,False
386,0,45,FeedbackPeriodStarted,1765534479.2193475,680.8005683422089,False
387,0,45,startFixDisplay,1765534479.2194142,680.8006346225739,False
388,0,45,startFixPeriod,1765534479.3931003,680.9743275642395,False
389,0,45,TargetPresentation,1765534480.9820876,682.5633111000061,False
390,0,45,TargetRemoval,1765534481.1345067,682.7157273292542,True
391,0,45,TargetReappeared,1765534481.3845873,682.9658122062683,False
392,0,45,RightResponse,1765534481.7943642,683.3755881786346,False
393,0,46,FeedbackPeriodStarted,1765534481.814745,683.395968914032,False
394,0,46,startFixDisplay,1765534481.8148928,683.3961148262024,False
395,0,46,startFixPeriod,1765534482.0229516,683.6041760444641,False
396,0,46,TargetPresentation,1765534482.6196625,684.2008855342865,False
397,0,46,TargetDisplacement,1765534482.799988,684.3812086582184,True
398,0,46,LeftResponse,1765534483.5566504,685.1378729343414,False
399,0,47,FeedbackPeriodStarted,1765534483.5701706,685.1513919830322,False
400,0,47,startFixDisplay,1765534483.5702422,685.1514623165131,False
401,0,47,startFixPeriod,1765534483.7507517,685.3319761753082,False
402,0,47,TargetPresentation,1765534485.1385713,686.7197935581207,False
403,0,47,TargetDisplacement,1765534485.3049858,686.8862063884735,True
404,0,47,RightResponse,1765534486.0826137,687.6638357639313,False
405,0,48,FeedbackPeriodStarted,1765534486.0959222,687.6771430969238,False
406,0,48,startFixDisplay,1765534486.0959904,687.6772105693817,False
407,0,48,startFixPeriod,1765534486.221139,687.8023664951324,False
408,0,48,TargetPresentation,1765534487.046848,688.6280720233917,False
409,0,48,TargetRemoval,1765534487.2201462,688.8013670444489,True
410,0,48,TargetReappeared,1765534487.4701693,689.0513939857483,False
411,0,48,RightResponse,1765534488.184923,689.7661452293396,False
412,0,48,FeedbackPeriodStarted,1765534488.191791,689.7730157375336,False
413,0,49,startFixDisplay,1765534490.1970391,691.7782804965973,False
414,0,49,startFixPeriod,1765534490.4400148,692.0212388038635,False
415,0,49,TargetPresentation,1765534490.9743254,692.5555474758148,False
416,0,49,TargetDisplacement,1765534491.0991786,692.6804025173187,True
417,0,49,RightResponse,1765534491.772511,693.3537330627441,False
418,0,50,FeedbackPeriodStarted,1765534491.7930222,693.3742432594299,False
419,0,50,startFixDisplay,1765534491.7931614,693.3743827342987,False
420,0,50,startFixPeriod,1765534491.9943132,693.5755350589752,False
421,0,50,TargetPresentation,1765534492.840978,694.4222025871277,False
422,0,50,TargetDisplacement,1765534493.0073185,694.5885422229767,True
423,0,50,LeftResponse,1765534494.0209408,695.6021647453308,False
424,0,51,FeedbackPeriodStarted,1765534494.0412872,695.6225109100342,False
425,0,51,startFixDisplay,1765534494.0413876,695.6226074695587,False
426,0,51,startFixPeriod,1765534494.2218318,695.8030564785004,False
427,0,51,TargetPresentation,1765534495.6374156,697.218640089035,False
428,0,51,TargetDisplacement,1765534495.803724,697.3849477767944,True
429,0,51,LeftResponse,1765534496.9562583,698.5374798774719,False
430,0,52,FeedbackPeriodStarted,1765534496.969638,698.550862789154,False
431,0,52,startFixDisplay,1765534496.969779,698.5510010719299,False
432,0,52,startFixPeriod,1765534497.1153526,698.6965742111206,False
433,0,52,TargetPresentation,1765534498.5794442,700.1606667041779,False
434,0,52,TargetRemoval,1765534498.8986163,700.4798402786255,True
435,0,52,TargetReappeared,1765534499.1484673,700.7296884059906,False
436,0,52,RightResponse,1765534500.293595,701.8748164176941,False
437,0,53,FeedbackPeriodStarted,1765534500.307141,701.8883621692657,False
438,0,53,startFixDisplay,1765534500.3072093,701.888429403305,False
439,0,53,startFixPeriod,1765534500.3141565,701.8953778743744,False
440,0,53,TargetPresentation,1765534501.584123,703.1653497219086,False
441,0,53,TargetRemoval,1765534501.7435086,703.3247292041779,True
442,0,53,TargetReappeared,1765534501.993506,703.5747303962708,False
443,0,53,LeftResponse,1765534502.7776918,704.358913898468,False
444,0,54,FeedbackPeriodStarted,1765534502.7982597,704.3794808387756,False
445,0,54,startFixDisplay,1765534502.7983236,704.3795437812805,False
446,0,54,startFixPeriod,1765534502.9649947,704.5462191104889,False
447,0,54,TargetPresentation,1765534504.283359,705.8645806312561,False
448,0,54,TargetDisplacement,1765534504.4428446,706.0240683555603,True
449,0,54,RightResponse,1765534505.9973905,707.57861161232,False
450,0,54,FeedbackPeriodStarted,1765534506.004171,707.5853929519653,False
451,0,55,startFixDisplay,1765534508.0095549,709.5907785892487,False
452,0,55,startFixPeriod,1765534508.0164905,709.5977110862732,False
453,0,55,TargetPresentation,1765534509.501553,711.0827775001526,False
454,0,55,TargetDisplacement,1765534509.6749334,711.2561571598053,True
455,0,55,RightResponse,1765534510.5080109,712.0892341136932,False
456,0,56,FeedbackPeriodStarted,1765534510.521565,712.1027891635895,False
457,0,56,startFixDisplay,1765534510.521693,712.1029152870178,False
458,0,56,startFixPeriod,1765534510.7852106,712.3664336204529,False
459,0,56,TargetPresentation,1765534511.4097679,712.9909915924072,False
460,0,56,TargetDisplacement,1765534511.631871,713.213095664978,True
461,0,56,RightResponse,1765534512.339832,713.9210557937622,False
462,0,57,FeedbackPeriodStarted,1765534512.3532708,713.9344911575317,False
463,0,57,startFixDisplay,1765534512.3533192,713.9345393180847,False
464,0,57,startFixPeriod,1765534512.3602633,713.9414839744568,False
465,0,57,TargetPresentation,1765534513.5331001,715.1143205165863,False
466,0,57,TargetRemoval,1765534513.6926062,715.2738301753998,True
467,0,57,TargetReappeared,1765534513.9425223,715.5237448215485,False
468,0,57,RightResponse,1765534514.5604496,716.1416702270508,False
469,0,58,FeedbackPeriodStarted,1765534514.573928,716.1551520824432,False
470,0,58,startFixDisplay,1765534514.5740824,716.1553053855896,False
471,0,58,startFixPeriod,1765534514.7475326,716.3287572860718,False
472,0,58,TargetPresentation,1765534515.7536147,717.3348383903503,False
473,0,58,TargetDisplacement,1765534515.9270873,717.5083124637604,True
474,0,58,RightResponse,1765534516.6698103,718.251033782959,False
475,0,59,FeedbackPeriodStarted,1765534516.6833897,718.2646102905273,False
476,0,59,startFixDisplay,1765534516.6834388,718.2646589279175,False
477,0,59,startFixPeriod,1765534516.8014083,718.3826298713684,False
478,0,59,TargetPresentation,1765534518.04341,719.6246325969696,False
479,0,59,TargetDisplacement,1765534518.0503774,719.631597995758,True
480,0,59,LeftResponse,1765534518.9666228,720.5478465557098,False
481,0,60,FeedbackPeriodStarted,1765534518.9801416,720.5613625049591,False
482,0,60,startFixDisplay,1765534518.9801943,720.5614142417908,False
483,0,60,startFixPeriod,1765534519.1538033,720.735027551651,False
484,0,60,TargetPresentation,1765534520.4097455,721.9909691810608,False
485,0,60,TargetRemoval,1765534520.5761323,722.1573529243469,True
486,0,60,TargetReappeared,1765534520.8261049,722.4073295593262,False
487,0,60,LeftResponse,1765534521.3467417,722.9279656410217,False
488,0,60,FeedbackPeriodStarted,1765534521.3603284,722.9415521621704,False
489,0,61,startFixDisplay,1765534523.3655412,724.9467616081238,False
490,0,61,startFixPeriod,1765534523.3725874,724.9538080692291,False
491,0,61,TargetPresentation,1765534524.066647,725.6478714942932,False
492,0,61,TargetRemoval,1765534524.2470133,725.8282370567322,True
493,0,61,TargetReappeared,1765534524.4968302,726.078054189682,False
494,0,61,RightResponse,1765534525.1285028,726.7097260951996,False
495,0,62,FeedbackPeriodStarted,1765534525.1490068,726.730230808258,False
496,0,62,startFixDisplay,1765534525.149165,726.730387210846,False
497,0,62,startFixPeriod,1765534525.329428,726.910651922226,False
498,0,62,TargetPresentation,1765534525.9193323,727.500556230545,False
499,0,62,TargetDisplacement,1765534526.1136246,727.6948482990265,True
500,0,62,LeftResponse,1765534526.9465353,728.5277588367462,False
501,0,63,FeedbackPeriodStarted,1765534526.9669714,728.5481925010681,False
502,0,63,startFixDisplay,1765534526.967024,728.5482439994812,False
503,0,63,startFixPeriod,1765534526.974077,728.5553011894226,False
504,0,63,TargetPresentation,1765534527.674908,729.2561316490173,False
505,0,63,TargetDisplacement,1765534528.3479006,729.9291212558746,True
506,0,63,RightResponse,1765534529.125518,730.7067415714264,False
507,0,64,FeedbackPeriodStarted,1765534529.1389666,730.7201900482178,False
508,0,64,startFixDisplay,1765534529.1391234,730.7203457355499,False
509,0,64,startFixPeriod,1765534529.2848322,730.8660564422607,False
510,0,64,TargetPresentation,1765534530.4227207,732.0039412975311,False
511,0,64,TargetDisplacement,1765534530.6517196,732.2329406738281,True
512,0,64,RightResponse,1765534531.5607598,733.1419804096222,False
513,0,65,FeedbackPeriodStarted,1765534531.5745046,733.1557252407074,False
514,0,65,startFixDisplay,1765534531.574553,733.1557731628418,False
515,0,65,startFixPeriod,1765534531.5815856,733.1628096103668,False
516,0,65,TargetPresentation,1765534532.7473607,734.3285846710205,False
517,0,65,TargetDisplacement,1765534532.8166463,734.3978669643402,True
518,0,65,FeedbackPeriodStarted,1765534534.8219917,736.4032142162323,False
519,1,66,startFixDisplay,1765534981.6697369,1183.2509608268738,False
520,1,66,startFixPeriod,1765534981.6766112,1183.257833480835,False
521,1,66,TargetPresentation,1765534982.3495648,1183.930789232254,False
522,1,66,TargetRemoval,1765534982.5159926,1184.0972135066986,True
523,1,66,TargetReappeared,1765534982.7659883,1184.3472127914429,False
524,1,66,RightResponse,1765534983.4395003,1185.0207240581512,False
525,1,67,FeedbackPeriodStarted,1765534983.4597776,1185.0410015583038,False
526,1,67,startFixDisplay,1765534983.459918,1185.0411403179169,False
527,1,67,startFixPeriod,1765534983.730567,1185.3117916584015,False
528,1,67,TargetPresentation,1765534984.3966882,1185.9779098033905,False
529,1,67,TargetRemoval,1765534984.4312563,1186.0124802589417,True
530,1,67,TargetReappeared,1765534984.6811044,1186.2623286247253,False
531,1,67,RightResponse,1765534985.2850258,1186.866248369217,False
532,1,68,FeedbackPeriodStarted,1765534985.3056877,1186.8869094848633,False
533,1,68,startFixDisplay,1765534985.305758,1186.886978149414,False
534,1,68,startFixPeriod,1765534985.4305856,1187.0118098258972,False
535,1,68,TargetPresentation,1765534986.5061421,1188.0873637199402,False
536,1,68,TargetRemoval,1765534986.6864212,1188.2676451206207,True
537,1,68,TargetReappeared,1765534986.936327,1188.5175514221191,False
538,1,68,LeftResponse,1765534987.3876736,1188.968896150589,False
539,1,69,FeedbackPeriodStarted,1765534987.4081295,1188.9893538951874,False
540,1,69,startFixDisplay,1765534987.4082825,1188.989504814148,False
541,1,69,startFixPeriod,1765534987.5955698,1189.1767947673798,False
542,1,69,TargetPresentation,1765534988.3242633,1189.9054884910583,False
543,1,69,TargetRemoval,1765534988.511506,1190.0927305221558,True
544,1,69,TargetReappeared,1765534988.7612789,1190.3425035476685,False
545,1,69,LeftResponse,1765534989.4694827,1191.0507063865662,False
546,1,70,FeedbackPeriodStarted,1765534989.4898653,1191.0710895061493,False
547,1,70,startFixDisplay,1765534989.4900134,1191.071233510971,False
548,1,70,startFixPeriod,1765534989.6565056,1191.237731218338,False
549,1,70,TargetPresentation,1765534990.8846812,1192.4659051895142,False
550,1,70,TargetDisplacement,1765534991.0510476,1192.632268190384,True
551,1,70,RightResponse,1765534992.085383,1193.6666049957275,False
552,1,71,FeedbackPeriodStarted,1765534992.1059122,1193.687136888504,False
553,1,71,startFixDisplay,1765534992.1060839,1193.6873064041138,False
554,1,71,startFixPeriod,1765534992.2447777,1193.8260016441345,False
555,1,71,TargetPresentation,1765534993.2578397,1194.8390638828278,False
556,1,71,TargetDisplacement,1765534993.4242682,1195.0054922103882,True
557,1,71,RightResponse,1765534994.3199387,1195.9011623859406,False
558,1,72,FeedbackPeriodStarted,1765534994.340265,1195.9214890003204,False
559,1,72,startFixDisplay,1765534994.3404088,1195.921630859375,False
560,1,72,startFixPeriod,1765534994.5486188,1196.129843711853,False
561,1,72,TargetPresentation,1765534995.9640448,1197.5452659130096,False
562,1,72,TargetRemoval,1765534995.970978,1197.5522022247314,True
563,1,72,TargetReappeared,1765534996.2208066,1197.8020305633545,False
564,1,72,RightResponse,1765534997.2483308,1198.8295547962189,False
565,1,72,FeedbackPeriodStarted,1765534997.2618058,1198.843029975891,False
566,1,73,startFixDisplay,1765534999.2668912,1200.848111629486,False
567,1,73,startFixPeriod,1765534999.6417255,1201.2229499816895,False
568,1,73,TargetPresentation,1765535000.6757686,1202.256992816925,False
569,1,73,TargetDisplacement,1765535000.855941,1202.4371647834778,True
570,1,73,RightResponse,1765535001.820875,1203.402096271515,False
571,1,74,FeedbackPeriodStarted,1765535001.8342993,1203.4155204296112,False
572,1,74,startFixDisplay,1765535001.8343644,1203.415584564209,False
573,1,74,startFixPeriod,1765535001.959477,1203.54070353508,False
574,1,74,TargetPresentation,1765535002.8337777,1204.4150021076202,False
575,1,74,TargetDisplacement,1765535003.0208142,1204.6020345687866,True
576,1,74,RightResponse,1765535003.9720793,1205.5533010959625,False
577,1,75,FeedbackPeriodStarted,1765535003.9854207,1205.5666418075562,False
578,1,75,startFixDisplay,1765535003.9854884,1205.5667083263397,False
579,1,75,startFixPeriod,1765535004.1244392,1205.7056639194489,False
580,1,75,TargetPresentation,1765535005.1652815,1206.7465059757233,False
581,1,75,TargetDisplacement,1765535005.1789877,1206.7602117061615,True
582,1,75,LeftResponse,1765535005.9564826,1207.537704706192,False
583,1,76,FeedbackPeriodStarted,1765535005.9769864,1207.5582077503204,False
584,1,76,startFixDisplay,1765535005.9770696,1207.5582900047302,False
585,1,76,startFixPeriod,1765535006.157538,1207.7387626171112,False
586,1,76,TargetPresentation,1765535007.4273803,1209.0086045265198,False
587,1,76,TargetDisplacement,1765535007.600732,1209.181955575943,True
588,1,76,LeftResponse,1765535008.5518806,1210.1331045627594,False
589,1,77,FeedbackPeriodStarted,1765535008.5722148,1210.1534359455109,False
590,1,77,startFixDisplay,1765535008.572282,1210.1535022258759,False
591,1,77,startFixPeriod,1765535008.7457895,1210.3270144462585,False
592,1,77,TargetPresentation,1765535009.6617906,1211.2430129051208,False
593,1,77,TargetDisplacement,1765535009.6688194,1211.2500445842743,True
594,1,77,RightResponse,1765535010.8833475,1212.464571237564,False
595,1,78,FeedbackPeriodStarted,1765535010.903735,1212.4849588871002,False
596,1,78,startFixDisplay,1765535010.9038806,1212.4851031303406,False
597,1,78,startFixPeriod,1765535011.0495794,1212.6308035850525,False
598,1,78,TargetPresentation,1765535012.4235108,1214.0047345161438,False
599,1,78,TargetDisplacement,1765535012.596857,1214.1780805587769,True
600,1,78,LeftResponse,1765535013.443932,1215.0251564979553,False
601,1,78,FeedbackPeriodStarted,1765535013.450278,1215.0314996242523,False
602,1,79,startFixDisplay,1765535015.4557526,1217.0369763374329,False
603,1,79,startFixPeriod,1765535015.6708937,1217.252115726471,False
604,1,79,TargetPresentation,1765535016.2330453,1217.8142673969269,False
605,1,79,TargetRemoval,1765535016.406426,1217.987649679184,True
606,1,79,TargetReappeared,1765535016.6564002,1218.2376244068146,False
607,1,79,RightResponse,1765535017.1422153,1218.7234363555908,False
608,1,80,FeedbackPeriodStarted,1765535017.155706,1218.7369267940521,False
609,1,80,startFixDisplay,1765535017.155774,1218.73699426651,False
610,1,80,startFixPeriod,1765535017.3363442,1218.9175672531128,False
611,1,80,TargetPresentation,1765535018.404953,1219.986175775528,False
612,1,80,TargetDisplacement,1765535018.9530892,1220.5343136787415,True
613,1,80,RightResponse,1765535019.6889071,1221.2701284885406,False
614,1,81,FeedbackPeriodStarted,1765535019.7025518,1221.2837762832642,False
615,1,81,startFixDisplay,1765535019.702696,1221.2839181423187,False
616,1,81,startFixPeriod,1765535019.709568,1221.29079246521,False
617,1,81,TargetPresentation,1765535021.0347984,1222.6160225868225,False
618,1,81,TargetDisplacement,1765535021.2081609,1222.7893815040588,True
619,1,81,RightResponse,1765535022.5272124,1224.1084365844727,False
620,1,82,FeedbackPeriodStarted,1765535022.5474741,1224.1286985874176,False
621,1,82,startFixDisplay,1765535022.5476234,1224.128845691681,False
622,1,82,startFixPeriod,1765535022.6794515,1224.2606756687164,False
623,1,82,TargetPresentation,1765535023.4913068,1225.07253074646,False
624,1,82,TargetDisplacement,1765535023.671685,1225.2529106140137,True
625,1,82,RightResponse,1765535024.6504474,1226.2316710948944,False
626,1,83,FeedbackPeriodStarted,1765535024.6707582,1226.2519793510437,False
627,1,83,startFixDisplay,1765535024.670827,1226.2520470619202,False
628,1,83,startFixPeriod,1765535024.844445,1226.4256691932678,False
629,1,83,TargetPresentation,1765535025.4828587,1227.0640833377838,False
630,1,83,TargetDisplacement,1765535025.7810504,1227.3622856140137,True
631,1,83,LeftResponse,1765535026.4199078,1228.0011320114136,False
632,1,84,FeedbackPeriodStarted,1765535026.4403377,1228.0215620994568,False
633,1,84,startFixDisplay,1765535026.4404917,1228.0217139720917,False
634,1,84,startFixPeriod,1765535026.5791862,1228.1604096889496,False
635,1,84,TargetPresentation,1765535027.6270351,1229.2082569599152,False
636,1,84,TargetDisplacement,1765535027.8488612,1229.4300818443298,True
637,1,84,LeftResponse,1765535028.522194,1230.1034150123596,False
638,1,84,FeedbackPeriodStarted,1765535028.529051,1230.1102724075317,False
639,1,85,startFixDisplay,1765535030.5343053,1232.1155290603638,False
640,1,85,startFixPeriod,1765535030.791183,1232.3724060058594,False
641,1,85,TargetPresentation,1765535032.060952,1233.6421761512756,False
642,1,85,TargetDisplacement,1765535032.8381872,1234.4194076061249,True
643,1,85,RightResponse,1765535033.0604832,1234.641705274582,False
644,1,86,FeedbackPeriodStarted,1765535033.0809662,1234.6621901988983,False
645,1,86,startFixDisplay,1765535033.0811303,1234.662350654602,False
646,1,86,startFixPeriod,1765535033.2753823,1234.8566069602966,False
647,1,86,TargetPresentation,1765535034.406452,1235.9876763820648,False
648,1,86,TargetDisplacement,1765535034.5729358,1236.154159784317,True
649,1,86,LeftResponse,1765535035.1909256,1236.7721495628357,False
650,1,87,FeedbackPeriodStarted,1765535035.2112455,1236.792469739914,False
651,1,87,startFixDisplay,1765535035.2113936,1236.792615890503,False
652,1,87,startFixPeriod,1765535035.4195762,1237.0008008480072,False
653,1,87,TargetPresentation,1765535036.6477904,1238.2290148735046,False
654,1,87,TargetDisplacement,1765535037.278976,1238.860196352005,True
655,1,87,RightResponse,1765535038.1678405,1239.749062538147,False
656,1,88,FeedbackPeriodStarted,1765535038.1880527,1239.7692914009094,False
657,1,88,startFixDisplay,1765535038.1881802,1239.7694013118744,False
658,1,88,startFixPeriod,1765535038.3686347,1239.9498591423035,False
659,1,88,TargetPresentation,1765535039.5413048,1241.1225271224976,False
660,1,88,TargetRemoval,1765535039.7285547,1241.3097784519196,True
661,1,88,TargetReappeared,1765535039.978454,1241.559678554535,False
662,1,88,LeftResponse,1765535040.6864707,1242.2676935195923,False
663,1,89,FeedbackPeriodStarted,1765535040.7069619,1242.2881858348846,False
664,1,89,startFixDisplay,1765535040.7071311,1242.2883534431458,False
665,1,89,startFixPeriod,1765535040.859865,1242.4410905838013,False
666,1,89,TargetPresentation,1765535041.5050476,1243.086269378662,False
667,1,89,TargetRemoval,1765535041.6715517,1243.2527754306793,True
668,1,89,TargetReappeared,1765535041.921366,1243.5025887489319,False
669,1,89,RightResponse,1765535042.6920462,1244.2732701301575,False
670,1,90,FeedbackPeriodStarted,1765535042.7123902,1244.2936143875122,False
671,1,90,startFixDisplay,1765535042.7125332,1244.2937552928925,False
672,1,90,startFixPeriod,1765535042.8582928,1244.4395174980164,False
673,1,90,TargetPresentation,1765535043.898992,1245.480213880539,False
674,1,90,TargetDisplacement,1765535044.0654473,1245.646667957306,True
675,1,90,RightResponse,1765535045.64117,1247.2223949432373,False
676,1,90,FeedbackPeriodStarted,1765535045.6546056,1247.235829591751,False
677,1,91,startFixDisplay,1765535047.6598673,1249.2410910129547,False
678,1,91,startFixPeriod,1765535047.875125,1249.4563491344452,False
679,1,91,TargetPresentation,1765535048.8465712,1250.427794933319,False
680,1,91,TargetDisplacement,1765535049.0408382,1250.622062444687,True
681,1,91,LeftResponse,1765535049.7212708,1251.3024938106537,False
682,1,92,FeedbackPeriodStarted,1765535049.7417002,1251.322923898697,False
683,1,92,startFixDisplay,1765535049.741845,1251.3230674266815,False
684,1,92,startFixPeriod,1765535049.8736777,1251.4549028873444,False
685,1,92,TargetPresentation,1765535050.914437,1252.4956617355347,False
686,1,92,TargetDisplacement,1765535051.448745,1253.029970407486,True
687,1,92,RightResponse,1765535052.7258828,1254.3071069717407,False
688,1,93,FeedbackPeriodStarted,1765535052.7462196,1254.327442407608,False
689,1,93,startFixDisplay,1765535052.7463377,1254.3275589942932,False
690,1,93,startFixPeriod,1765535052.9337232,1254.5149471759796,False
691,1,93,TargetPresentation,1765535053.6277325,1255.2089569568634,False
692,1,93,TargetRemoval,1765535053.7871408,1255.3683614730835,True
693,1,93,TargetReappeared,1765535054.0370245,1255.6182487010956,False
694,1,93,LeftResponse,1765535054.5576813,1256.138905286789,False
695,1,94,FeedbackPeriodStarted,1765535054.578183,1256.1594069004059,False
696,1,94,startFixDisplay,1765535054.5783944,1256.159618139267,False
697,1,94,startFixPeriod,1765535054.7586331,1256.3398575782776,False
698,1,94,TargetPresentation,1765535055.7232456,1257.30446767807,False
699,1,94,TargetDisplacement,1765535055.730231,1257.3114531040192,True
700,1,94,RightResponse,1765535056.8128717,1258.394095659256,False
701,1,95,FeedbackPeriodStarted,1765535056.833362,1258.4145832061768,False
702,1,95,startFixDisplay,1765535056.833429,1258.4146492481232,False
703,1,95,startFixPeriod,1765535056.9860923,1258.5673174858093,False
704,1,95,TargetPresentation,1765535057.693883,1259.2751047611237,False
705,1,95,TargetDisplacement,1765535057.8534358,1259.4346594810486,True
706,1,95,LeftResponse,1765535058.6031325,1260.1843552589417,False
707,1,96,FeedbackPeriodStarted,1765535058.6235197,1260.2047407627106,False
708,1,96,startFixDisplay,1765535058.623585,1260.2048053741455,False
709,1,96,startFixPeriod,1765535058.7694063,1260.3506286144257,False
710,1,96,TargetPresentation,1765535060.219813,1261.801037788391,False
711,1,96,TargetRemoval,1765535060.3792284,1261.960452079773,True
712,1,96,TargetReappeared,1765535060.6292784,1262.2105016708374,False
713,1,96,RightResponse,1765535061.184383,1262.7656047344208,False
714,1,96,FeedbackPeriodStarted,1765535061.191184,1262.7724056243896,False
715,1,97,startFixDisplay,1765535063.1963184,1264.777539730072,False
716,1,97,startFixPeriod,1765535063.4464505,1265.0276765823364,False
717,1,97,TargetPresentation,1765535064.8550308,1266.436253786087,False
718,1,97,TargetRemoval,1765535065.0353885,1266.6166126728058,True
719,1,97,TargetReappeared,1765535065.2852974,1266.8665220737457,False
720,1,97,RightResponse,1765535066.0072014,1267.5884244441986,False
721,1,98,FeedbackPeriodStarted,1765535066.027573,1267.6087973117828,False
722,1,98,startFixDisplay,1765535066.0277205,1267.608942747116,False
723,1,98,startFixPeriod,1765535066.1803606,1267.7615826129913,False
724,1,98,TargetPresentation,1765535066.7703657,1268.351589679718,False
725,1,98,TargetDisplacement,1765535067.3945484,1268.9757721424103,True
726,1,98,LeftResponse,1765535068.1927903,1269.77401137352,False
727,1,99,FeedbackPeriodStarted,1765535068.2064307,1269.7876522541046,False
728,1,99,startFixDisplay,1765535068.2065113,1269.7877321243286,False
729,1,99,startFixPeriod,1765535068.2134185,1269.7946395874023,False
730,1,99,TargetPresentation,1765535069.2335224,1270.8147466182709,False
731,1,99,TargetDisplacement,1765535069.399908,1270.981128692627,True
732,1,99,LeftResponse,1765535070.7117448,1272.29296708107,False
733,1,100,FeedbackPeriodStarted,1765535070.732304,1272.3135282993317,False
734,1,100,startFixDisplay,1765535070.7324438,1272.313666343689,False
735,1,100,startFixPeriod,1765535070.912801,1272.4940257072449,False
736,1,100,TargetPresentation,1765535071.9467268,1273.5279512405396,False
737,1,100,TargetRemoval,1765535072.252026,1273.8332517147064,True
738,1,100,TargetReappeared,1765535072.5018628,1274.0830872058868,False
739,1,100,LeftResponse,1765535073.112855,1274.6940791606903,False
740,1,101,FeedbackPeriodStarted,1765535073.1331818,1274.7144057750702,False
741,1,101,startFixDisplay,1765535073.133328,1274.7145500183105,False
742,1,101,startFixPeriod,1765535073.2721584,1274.8533954620361,False
743,1,101,TargetPresentation,1765535074.326856,1275.9080805778503,False
744,1,101,TargetDisplacement,1765535074.3338044,1275.9150285720825,True
745,1,101,RightResponse,1765535075.1320767,1276.7132999897003,False
746,1,102,FeedbackPeriodStarted,1765535075.1524749,1276.7336990833282,False
747,1,102,startFixDisplay,1765535075.152688,1276.7339107990265,False
748,1,102,startFixPeriod,1765535075.3399353,1276.9211592674255,False
749,1,102,TargetPresentation,1765535076.6098115,1278.191035747528,False
750,1,102,TargetRemoval,1765535076.7969897,1278.3782134056091,True
751,1,102,TargetReappeared,1765535077.0469265,1278.6281509399414,False
752,1,102,RightResponse,1765535077.7480986,1279.32932138443,False
753,1,102,FeedbackPeriodStarted,1765535077.7617133,1279.3429374694824,False
754,1,103,startFixDisplay,1765535079.7669,1281.348120689392,False
755,1,103,startFixPeriod,1765535079.7738674,1281.3550879955292,False
756,1,103,TargetPresentation,1765535080.6553016,1282.236525774002,False
757,1,103,TargetDisplacement,1765535080.8216653,1282.4028897285461,True
758,1,103,RightResponse,1765535081.6476266,1283.228847503662,False
759,1,104,FeedbackPeriodStarted,1765535081.661436,1283.2426602840424,False
760,1,104,startFixDisplay,1765535081.6615794,1283.2428014278412,False
761,1,104,startFixPeriod,1765535081.827892,1283.409116268158,False
762,1,104,TargetPresentation,1765535082.38997,1283.9711911678314,False
763,1,104,TargetDisplacement,1765535082.5564504,1284.1376738548279,True
764,1,104,LeftResponse,1765535083.2854733,1284.8666970729828,False
765,1,105,FeedbackPeriodStarted,1765535083.3127499,1284.8939735889435,False
766,1,105,startFixDisplay,1765535083.31288,1284.8941023349762,False
767,1,105,startFixPeriod,1765535083.4863837,1285.0676083564758,False
768,1,105,TargetPresentation,1765535084.2774694,1285.8586938381195,False
769,1,105,TargetDisplacement,1765535084.332816,1285.9140396118164,True
770,1,105,RightResponse,1765535085.1521633,1286.733387708664,False
771,1,106,FeedbackPeriodStarted,1765535085.1724038,1286.7536244392395,False
772,1,106,startFixDisplay,1765535085.1724722,1286.7536923885345,False
773,1,106,startFixPeriod,1765535085.3391337,1286.920355796814,False
774,1,106,TargetPresentation,1765535086.0608046,1287.6420288085938,False
775,1,106,TargetDisplacement,1765535086.22024,1287.8014636039734,True
776,1,106,RightResponse,1765535086.9076078,1288.4888317584991,False
777,1,107,FeedbackPeriodStarted,1765535086.928009,1288.5092327594757,False
778,1,107,startFixDisplay,1765535086.9281964,1288.5094168186188,False
779,1,107,startFixPeriod,1765535087.1016128,1288.6828351020813,False
780,1,107,TargetPresentation,1765535088.3020809,1289.8833057880402,False
781,1,107,TargetRemoval,1765535088.5170112,1290.09823179245,True
782,1,107,TargetReappeared,1765535088.7670112,1290.3482332229614,False
783,1,107,LeftResponse,1765535089.2600312,1290.8412554264069,False
784,1,108,FeedbackPeriodStarted,1765535089.2803795,1290.8616037368774,False
785,1,108,startFixDisplay,1765535089.2805154,1290.8617374897003,False
786,1,108,startFixPeriod,1765535089.5025399,1291.083764076233,False
787,1,108,TargetPresentation,1765535090.4670806,1292.0483028888702,False
788,1,108,TargetDisplacement,1765535090.6820617,1292.2632834911346,True
789,1,108,LeftResponse,1765535091.4944286,1293.0756497383118,False
790,1,108,FeedbackPeriodStarted,1765535091.5010414,1293.0822653770447,False
791,1,109,startFixDisplay,1765535093.506154,1295.0873749256134,False
792,1,109,startFixPeriod,1765535093.6105518,1295.191776752472,False
793,1,109,TargetPresentation,1765535094.8248796,1296.406103849411,False
794,1,109,TargetRemoval,1765535094.9912243,1296.572448015213,True
795,1,109,TargetReappeared,1765535095.2412763,1296.8225009441376,False
796,1,109,RightResponse,1765535095.8312676,1297.4124898910522,False
797,1,110,FeedbackPeriodStarted,1765535095.85168,1297.432903766632,False
798,1,110,startFixDisplay,1765535095.8518925,1297.433112859726,False
799,1,110,startFixPeriod,1765535095.9282234,1297.509447336197,False
800,1,110,TargetPresentation,1765535096.9273796,1298.5086040496826,False
801,1,110,TargetDisplacement,1765535097.1077113,1298.6889350414276,True
802,1,110,RightResponse,1765535098.1626225,1299.7438445091248,False
803,1,111,FeedbackPeriodStarted,1765535098.1830864,1299.7643072605133,False
804,1,111,startFixDisplay,1765535098.1831563,1299.7643761634827,False
805,1,111,startFixPeriod,1765535098.3290005,1299.910225391388,False
806,1,111,TargetPresentation,1765535099.4670393,1301.0482604503632,False
807,1,111,TargetDisplacement,1765535099.6194456,1301.2006661891937,True
808,1,111,LeftResponse,1765535100.2444706,1301.8256957530975,False
809,1,112,FeedbackPeriodStarted,1765535100.2648828,1301.846103668213,False
810,1,112,startFixDisplay,1765535100.264948,1301.8461680412292,False
811,1,112,startFixPeriod,1765535100.3968651,1301.9780893325806,False
812,1,112,TargetPresentation,1765535101.70132,1303.282541513443,False
813,1,112,TargetDisplacement,1765535101.7083275,1303.2895512580872,True
814,1,112,RightResponse,1765535102.7286875,1304.3099114894867,False
815,1,113,FeedbackPeriodStarted,1765535102.7490828,1304.330307483673,False
816,1,113,startFixDisplay,1765535102.7492359,1304.330458164215,False
817,1,113,startFixPeriod,1765535102.943441,1304.524665594101,False
818,1,113,TargetPresentation,1765535103.921835,1305.5030589103699,False
819,1,113,TargetRemoval,1765535104.0744863,1305.655707359314,True
820,1,113,TargetReappeared,1765535104.324245,1305.9054663181305,False
821,1,113,LeftResponse,1765535104.7478757,1306.3290994167328,False
822,1,114,FeedbackPeriodStarted,1765535104.7684386,1306.3496623039246,False
823,1,114,startFixDisplay,1765535104.768584,1306.3498060703278,False
824,1,114,startFixPeriod,1765535104.948826,1306.5300505161285,False
825,1,114,TargetPresentation,1765535105.9827917,1307.564015865326,False
826,1,114,TargetDisplacement,1765535105.9897282,1307.5709521770477,True
827,1,114,RightResponse,1765535107.606785,1309.1880087852478,False
828,1,114,FeedbackPeriodStarted,1765535107.613341,1309.1945650577545,False
829,1,115,startFixDisplay,1765535109.6187735,1311.1999974250793,False
830,1,115,startFixPeriod,1765535109.639659,1311.2208831310272,False
831,1,115,TargetPresentation,1765535110.6042347,1312.1854555606842,False
832,1,115,TargetDisplacement,1765535110.7567227,1312.3379459381104,True
833,1,115,LeftResponse,1765535111.5761082,1313.1573326587677,False
834,1,116,FeedbackPeriodStarted,1765535111.6034899,1313.1847143173218,False
835,1,116,startFixDisplay,1765535111.6036446,1313.1848669052124,False
836,1,116,startFixPeriod,1765535111.7769818,1313.3582065105438,False
837,1,116,TargetPresentation,1765535112.7204854,1314.3017082214355,False
838,1,116,TargetDisplacement,1765535112.8661091,1314.4473297595978,True
839,1,116,LeftResponse,1765535113.5190456,1315.1002702713013,False
840,1,117,FeedbackPeriodStarted,1765535113.5393734,1315.1205971240997,False
841,1,117,startFixDisplay,1765535113.5395231,1315.1207451820374,False
842,1,117,startFixPeriod,1765535113.7129407,1315.2941648960114,False
843,1,117,TargetPresentation,1765535115.204728,1316.7859516143799,False
844,1,117,TargetDisplacement,1765535115.3711758,1316.9523992538452,True
845,1,117,RightResponse,1765535115.9891584,1317.570382118225,False
846,1,118,FeedbackPeriodStarted,1765535116.0096445,1317.5908687114716,False
847,1,118,startFixDisplay,1765535116.0097997,1317.591022014618,False
848,1,118,startFixPeriod,1765535116.1762516,1317.7574734687805,False
849,1,118,TargetPresentation,1765535116.8563614,1318.43758559227,False
850,1,118,TargetDisplacement,1765535117.029629,1318.6108524799347,True
851,1,118,LeftResponse,1765535118.3276403,1319.9088625907898,False
852,1,119,FeedbackPeriodStarted,1765535118.3481238,1319.9293484687805,False
853,1,119,startFixDisplay,1765535118.3482826,1319.9295048713684,False
854,1,119,startFixPeriod,1765535118.4938989,1320.0751230716705,False
855,1,119,TargetPresentation,1765535119.5277874,1321.1090111732483,False
856,1,119,TargetDisplacement,1765535119.708191,1321.2894144058228,True
857,1,119,RightResponse,1765535120.5343378,1322.115561246872,False
858,1,120,FeedbackPeriodStarted,1765535120.5547843,1322.1360085010529,False
859,1,120,startFixDisplay,1765535120.5549417,1322.1361639499664,False
860,1,120,startFixPeriod,1765535120.6935506,1322.274772644043,False
861,1,120,TargetPresentation,1765535121.269487,1322.850709438324,False
862,1,120,TargetDisplacement,1765535121.4358618,1323.0170822143555,True
863,1,120,RightResponse,1765535122.2481165,1323.8293375968933,False
864,1,120,FeedbackPeriodStarted,1765535122.2547204,1323.8359413146973,False
865,1,121,startFixDisplay,1765535124.2601366,1325.8413605690002,False
866,1,121,startFixPeriod,1765535124.4754252,1326.056646823883,False
867,1,121,TargetPresentation,1765535125.2317696,1326.8129942417145,False
868,1,121,TargetDisplacement,1765535125.3911266,1326.972347021103,True
869,1,121,LeftResponse,1765535126.07838,1327.659601688385,False
870,1,122,FeedbackPeriodStarted,1765535126.0990765,1327.680302143097,False
871,1,122,startFixDisplay,1765535126.0992336,1327.6804559230804,False
872,1,122,startFixPeriod,1765535126.2309942,1327.8122189044952,False
873,1,122,TargetPresentation,1765535127.4035451,1328.9847664833069,False
874,1,122,TargetDisplacement,1765535127.5701091,1329.1513299942017,True
875,1,122,LeftResponse,1765535128.3893428,1329.9705655574799,False
876,1,123,FeedbackPeriodStarted,1765535128.4097543,1329.9909784793854,False
877,1,123,startFixDisplay,1765535128.4099016,1329.9911236763,False
878,1,123,startFixPeriod,1765535128.5486279,1330.1298522949219,False
879,1,123,TargetPresentation,1765535129.5824463,1331.1636707782745,False
880,1,123,TargetDisplacement,1765535129.7766988,1331.3579244613647,True
881,1,123,RightResponse,1765535130.359823,1331.9410450458527,False
882,1,124,FeedbackPeriodStarted,1765535130.3803182,1331.9615392684937,False
883,1,124,startFixDisplay,1765535130.3803864,1331.961606502533,False
884,1,124,startFixPeriod,1765535130.5123801,1332.093605041504,False
885,1,124,TargetPresentation,1765535131.2617333,1332.8429572582245,False
886,1,124,TargetDisplacement,1765535132.9617023,1334.5429260730743,True
887,1,124,LeftResponse,1765535134.3567872,1335.938010931015,False
888,1,125,FeedbackPeriodStarted,1765535134.3772972,1335.9585211277008,False
889,1,125,startFixDisplay,1765535134.3774416,1335.958663702011,False
890,1,125,startFixPeriod,1765535134.5647895,1336.146015882492,False
891,1,125,TargetPresentation,1765535135.3349535,1336.9161775112152,False
892,1,125,TargetDisplacement,1765535135.5083454,1337.0895690917969,True
893,1,125,RightResponse,1765535136.3413131,1337.9225347042084,False
894,1,126,FeedbackPeriodStarted,1765535136.3618908,1337.9431149959564,False
895,1,126,startFixDisplay,1765535136.3620336,1337.9432559013367,False
896,1,126,startFixPeriod,1765535136.4868865,1338.0681109428406,False
897,1,126,TargetPresentation,1765535136.9934082,1338.5746307373047,False
898,1,126,TargetDisplacement,1765535137.166774,1338.7479975223541,True
899,1,126,LeftResponse,1765535137.8887112,1339.469933271408,False
900,1,126,FeedbackPeriodStarted,1765535137.8953652,1339.4765870571136,False
901,1,127,startFixDisplay,1765535139.9008043,1341.482028722763,False
902,1,127,startFixPeriod,1765535140.1091478,1341.690372467041,False
903,1,127,TargetPresentation,1765535140.8724031,1342.4536278247833,False
904,1,127,TargetDisplacement,1765535141.0803978,1342.6616215705872,True
905,1,127,LeftResponse,1765535141.9272554,1343.5084762573242,False
906,1,128,FeedbackPeriodStarted,1765535141.9477947,1343.5290186405182,False
907,1,128,startFixDisplay,1765535141.9479399,1343.5291616916656,False
908,1,128,startFixPeriod,1765535142.128263,1343.7094848155975,False
909,1,128,TargetPresentation,1765535143.5300932,1345.111317873001,False
910,1,128,TargetDisplacement,1765535143.7033222,1345.2845425605774,True
911,1,128,LeftResponse,1765535145.119421,1346.700642824173,False
912,1,129,FeedbackPeriodStarted,1765535145.1397953,1346.7210187911987,False
913,1,129,startFixDisplay,1765535145.1399424,1346.721164226532,False
914,1,129,startFixPeriod,1765535145.2925367,1346.8737609386444,False
915,1,129,TargetPresentation,1765535145.7991562,1347.3803775310516,False
916,1,129,TargetDisplacement,1765535145.8338008,1347.4150247573853,True
917,1,129,RightResponse,1765535146.7361934,1348.317417383194,False
918,1,130,FeedbackPeriodStarted,1765535146.7565827,1348.3378069400787,False
919,1,130,startFixDisplay,1765535146.756733,1348.3379549980164,False
920,1,130,startFixPeriod,1765535146.9370828,1348.518307685852,False
921,1,130,TargetPresentation,1765535147.735187,1349.316413640976,False
922,1,130,TargetDisplacement,1765535147.8874764,1349.4686968326569,True
923,1,130,LeftResponse,1765535148.6444354,1350.2256591320038,False
924,1,131,FeedbackPeriodStarted,1765535148.6649384,1350.246162891388,False
925,1,131,startFixDisplay,1765535148.6651146,1350.2463371753693,False
926,1,131,startFixPeriod,1765535148.8661847,1350.4474093914032,False
927,1,131,TargetPresentation,1765535149.4073977,1350.9886219501495,False
928,1,131,TargetDisplacement,1765535149.5321975,1351.1134178638458,True
929,1,131,RightResponse,1765535150.2055879,1351.7868106365204,False
930,1,131,FeedbackPeriodStarted,1765535150.2399583,1351.821182012558,False
931,2,132,startFixDisplay,1765535207.5010762,1409.082304239273,False
932,2,132,startFixPeriod,1765535207.5078638,1409.0890846252441,False
933,2,132,TargetPresentation,1765535208.972294,1410.5535185337067,False
934,2,132,TargetDisplacement,1765535209.1595683,1410.740792274475,True
935,2,132,LeftResponse,1765535210.0270455,1411.6082665920258,False
936,2,133,FeedbackPeriodStarted,1765535210.0477245,1411.6289484500885,False
937,2,133,startFixDisplay,1765535210.047874,1411.6290962696075,False
938,2,133,startFixPeriod,1765535210.0546224,1411.635846376419,False
939,2,133,TargetPresentation,1765535211.4703674,1413.051590681076,False
940,2,133,TargetRemoval,1765535211.6368082,1413.218032360077,True
941,2,133,TargetReappeared,1765535211.8867123,1413.4679350852966,False
942,2,133,LeftResponse,1765535212.4350715,1414.0162954330444,False
943,2,134,FeedbackPeriodStarted,1765535212.4555411,1414.0367653369904,False
944,2,134,startFixDisplay,1765535212.455691,1414.0369131565094,False
945,2,134,startFixPeriod,1765535212.63614,1414.2173657417297,False
946,2,134,TargetPresentation,1765535213.4826589,1415.0638799667358,False
947,2,134,TargetDisplacement,1765535213.6559312,1415.2371547222137,True
948,2,134,RightResponse,1765535214.2876818,1415.8689029216766,False
949,2,135,FeedbackPeriodStarted,1765535214.3082914,1415.8895153999329,False
950,2,135,startFixDisplay,1765535214.3084364,1415.889658689499,False
951,2,135,startFixPeriod,1765535214.488754,1416.0699753761292,False
952,2,135,TargetPresentation,1765535215.9667573,1417.5479793548584,False
953,2,135,TargetRemoval,1765535216.133262,1417.7144856452942,True
954,2,135,TargetReappeared,1765535216.383305,1417.964530467987,False
955,2,135,RightResponse,1765535216.903962,1418.4851858615875,False
956,2,136,FeedbackPeriodStarted,1765535216.9243617,1418.5055854320526,False
957,2,136,startFixDisplay,1765535216.9245007,1418.5057227611542,False
958,2,136,startFixPeriod,1765535217.090997,1418.6722202301025,False
959,2,136,TargetPresentation,1765535217.7363563,1419.3175776004791,False
960,2,136,TargetDisplacement,1765535217.9511368,1419.5323572158813,True
961,2,136,LeftResponse,1765535218.7844365,1420.3656587600708,False
962,2,137,FeedbackPeriodStarted,1765535218.8047504,1420.385971546173,False
963,2,137,startFixDisplay,1765535218.8048215,1420.3860416412354,False
964,2,137,startFixPeriod,1765535218.9368188,1420.518042564392,False
965,2,137,TargetPresentation,1765535220.0678904,1421.6491124629974,False
966,2,137,TargetRemoval,1765535220.2412636,1421.8224883079529,True
967,2,137,TargetReappeared,1765535220.491115,1422.072339773178,False
968,2,137,LeftResponse,1765535221.0883422,1422.6695659160614,False
969,2,138,FeedbackPeriodStarted,1765535221.1085367,1422.6897611618042,False
970,2,138,startFixDisplay,1765535221.1086848,1422.6899070739746,False
971,2,138,startFixPeriod,1765535221.289237,1422.870462179184,False
972,2,138,TargetPresentation,1765535222.746323,1424.3275480270386,False
973,2,138,TargetDisplacement,1765535222.7532291,1424.334452867508,True
974,2,138,LeftResponse,1765535223.8083916,1425.3896160125732,False
975,2,138,FeedbackPeriodStarted,1765535223.8217523,1425.4029762744904,False
976,2,139,startFixDisplay,1765535225.8269455,1427.4081661701202,False
977,2,139,startFixPeriod,1765535225.854866,1427.4360897541046,False
978,2,139,TargetPresentation,1765535227.235809,1428.817031621933,False
979,2,139,TargetDisplacement,1765535227.4162037,1428.997427225113,True
980,2,139,LeftResponse,1765535228.2352908,1429.816514968872,False
981,2,140,FeedbackPeriodStarted,1765535228.2558098,1429.8370342254639,False
982,2,140,startFixDisplay,1765535228.25595,1429.8371720314026,False
983,2,140,startFixPeriod,1765535228.4502864,1430.03151345253,False
984,2,140,TargetPresentation,1765535229.8796387,1431.4608600139618,False
985,2,140,TargetRemoval,1765535230.0461075,1431.6273324489594,True
986,2,140,TargetReappeared,1765535230.2959673,1431.8771920204163,False
987,2,140,LeftResponse,1765535230.7888515,1432.3700733184814,False
988,2,141,FeedbackPeriodStarted,1765535230.8093636,1432.3905880451202,False
989,2,141,startFixDisplay,1765535230.8095038,1432.3907260894775,False
990,2,141,startFixPeriod,1765535231.0106335,1432.5918576717377,False
991,2,141,TargetPresentation,1765535232.0515087,1433.6327323913574,False
992,2,141,TargetDisplacement,1765535232.2249541,1433.8061776161194,True
993,2,141,LeftResponse,1765535233.328625,1434.9098463058472,False
994,2,142,FeedbackPeriodStarted,1765535233.34904,1434.9302642345428,False
995,2,142,startFixDisplay,1765535233.3492184,1434.9304406642914,False
996,2,142,startFixPeriod,1765535233.4948525,1435.076075553894,False
997,2,142,TargetPresentation,1765535234.2165823,1435.7978069782257,False
998,2,142,TargetDisplacement,1765535234.3898475,1435.971067905426,True
999,2,142,RightResponse,1765535235.1187654,1436.6999864578247,False
1000,2,143,FeedbackPeriodStarted,1765535235.1393337,1436.7205574512482,False
1001,2,143,startFixDisplay,1765535235.139482,1436.720704317093,False
1002,2,143,startFixPeriod,1765535235.292114,1436.8733389377594,False
1003,2,143,TargetPresentation,1765535235.9790409,1437.5602655410767,False
1004,2,143,TargetDisplacement,1765535236.1384919,1437.7197122573853,True
1005,2,143,RightResponse,1765535237.117137,1438.6983585357666,False
1006,2,144,FeedbackPeriodStarted,1765535237.137752,1438.7189741134644,False
1007,2,144,startFixDisplay,1765535237.1378531,1438.7190742492676,False
1008,2,144,startFixPeriod,1765535237.3251996,1438.9064238071442,False
1009,2,144,TargetPresentation,1765535238.7893753,1440.370599269867,False
1010,2,144,TargetDisplacement,1765535238.9696207,1440.550841331482,True
1011,2,144,LeftResponse,1765535239.8858716,1441.4670927524567,False
1012,2,144,FeedbackPeriodStarted,1765535239.8926244,1441.4738454818726,False
1013,2,145,startFixDisplay,1765535241.9049408,1443.486165046692,False
1014,2,145,startFixPeriod,1765535241.9119217,1443.493145942688,False
1015,2,145,TargetPresentation,1765535242.938962,1444.5201861858368,False
1016,2,145,TargetRemoval,1765535243.1262581,1444.7074823379517,True
1017,2,145,TargetReappeared,1765535243.376042,1444.9572637081146,False
1018,2,145,RightResponse,1765535243.8274179,1445.408641576767,False
1019,2,146,FeedbackPeriodStarted,1765535243.8477776,1445.4289984703064,False
1020,2,146,startFixDisplay,1765535243.847847,1445.4290668964386,False
1021,2,146,startFixPeriod,1765535244.0422974,1445.6235220432281,False
1022,2,146,TargetPresentation,1765535244.604236,1446.1854598522186,False
1023,2,146,TargetDisplacement,1765535244.812363,1446.3935878276825,True
1024,2,146,LeftResponse,1765535245.4789493,1447.0601699352264,False
1025,2,147,FeedbackPeriodStarted,1765535245.499386,1447.0806090831757,False
1026,2,147,startFixDisplay,1765535245.4995186,1447.0807406902313,False
1027,2,147,startFixPeriod,1765535245.6868172,1447.2680399417877,False
1028,2,147,TargetPresentation,1765535246.457084,1448.0383076667786,False
1029,2,147,TargetRemoval,1765535246.6304698,1448.2116901874542,True
1030,2,147,TargetReappeared,1765535246.8803535,1448.4615767002106,False
1031,2,147,RightResponse,1765535247.2970338,1448.8782558441162,False
1032,2,148,FeedbackPeriodStarted,1765535247.317325,1448.8985483646393,False
1033,2,148,startFixDisplay,1765535247.317468,1448.8986897468567,False
1034,2,148,startFixPeriod,1765535247.5118802,1449.0931022167206,False
1035,2,148,TargetPresentation,1765535248.3443866,1449.925609588623,False
1036,2,148,TargetRemoval,1765535248.5038629,1450.0850830078125,True
1037,2,148,TargetReappeared,1765535248.7538886,1450.3351118564606,False
1038,2,148,LeftResponse,1765535249.2468095,1450.828031539917,False
1039,2,149,FeedbackPeriodStarted,1765535249.267303,1450.8485260009766,False
1040,2,149,startFixDisplay,1765535249.2674487,1450.8486709594727,False
1041,2,149,startFixPeriod,1765535249.2741945,1450.8554174900055,False
1042,2,149,TargetPresentation,1765535250.7384691,1452.3196926116943,False
1043,2,149,TargetDisplacement,1765535251.23086,1452.8120801448822,True
1044,2,149,RightResponse,1765535252.0710707,1453.6522943973541,False
1045,2,150,FeedbackPeriodStarted,1765535252.0914512,1453.6726717948914,False
1046,2,150,startFixDisplay,1765535252.0915153,1453.672735452652,False
1047,2,150,startFixPeriod,1765535252.244288,1453.8255112171173,False
1048,2,150,TargetPresentation,1765535253.181008,1454.7622315883636,False
1049,2,150,TargetDisplacement,1765535253.2987792,1454.8799996376038,True
1050,2,150,RightResponse,1765535254.18734,1455.768562078476,False
1051,2,150,FeedbackPeriodStarted,1765535254.201048,1455.7822713851929,False
1052,2,151,startFixDisplay,1765535256.20614,1457.7873604297638,False
1053,2,151,startFixPeriod,1765535256.2130442,1457.7942643165588,False
1054,2,151,TargetPresentation,1765535257.004473,1458.5856983661652,False
1055,2,151,TargetDisplacement,1765535257.1847723,1458.7659952640533,True
1056,2,151,LeftResponse,1765535258.6144953,1460.1957178115845,False
1057,2,152,FeedbackPeriodStarted,1765535258.6348429,1460.2160634994507,False
1058,2,152,startFixDisplay,1765535258.6349063,1460.2161264419556,False
1059,2,152,startFixPeriod,1765535258.8223794,1460.403602361679,False
1060,2,152,TargetPresentation,1765535259.55092,1461.1321411132812,False
1061,2,152,TargetDisplacement,1765535259.710467,1461.2916872501373,True
1062,2,152,LeftResponse,1765535260.4462125,1462.0274336338043,False
1063,2,153,FeedbackPeriodStarted,1765535260.4668777,1462.0481009483337,False
1064,2,153,startFixDisplay,1765535260.4670715,1462.0482923984528,False
1065,2,153,startFixPeriod,1765535260.6543913,1462.2356147766113,False
1066,2,153,TargetPresentation,1765535261.2788496,1462.8600859642029,False
1067,2,153,TargetDisplacement,1765535261.43134,1463.0125625133514,True
1068,2,153,LeftResponse,1765535262.2990377,1463.8802587985992,False
1069,2,154,FeedbackPeriodStarted,1765535262.3196256,1463.900848865509,False
1070,2,154,startFixDisplay,1765535262.319774,1463.9009954929352,False
1071,2,154,startFixPeriod,1765535262.520886,1464.1021072864532,False
1072,2,154,TargetPresentation,1765535263.638106,1465.21932721138,False
1073,2,154,TargetDisplacement,1765535263.8046231,1465.3858461380005,True
1074,2,154,LeftResponse,1765535264.4430175,1466.0242383480072,False
1075,2,155,FeedbackPeriodStarted,1765535264.4638546,1466.045078277588,False
1076,2,155,startFixDisplay,1765535264.4640095,1466.0452315807343,False
1077,2,155,startFixPeriod,1765535264.6372714,1466.2184944152832,False
1078,2,155,TargetPresentation,1765535265.1578171,1466.7390403747559,False
1079,2,155,TargetDisplacement,1765535265.3381696,1466.9193925857544,True
1080,2,155,LeftResponse,1765535266.2750738,1467.856294631958,False
1081,2,156,FeedbackPeriodStarted,1765535266.2956698,1467.8768928050995,False
1082,2,156,startFixDisplay,1765535266.2958133,1467.8770353794098,False
1083,2,156,startFixPeriod,1765535266.42797,1468.0091931819916,False
1084,2,156,TargetPresentation,1765535267.6350892,1469.2163124084473,False
1085,2,156,TargetDisplacement,1765535267.648886,1469.2301099300385,True
1086,2,156,LeftResponse,1765535268.6136081,1470.194830417633,False
1087,2,156,FeedbackPeriodStarted,1765535268.6273248,1470.2085483074188,False
1088,2,157,startFixDisplay,1765535270.6325471,1472.2137701511383,False
1089,2,157,startFixPeriod,1765535270.6603582,1472.2415807247162,False
1090,2,157,TargetPresentation,1765535271.277954,1472.8591759204865,False
1091,2,157,TargetDisplacement,1765535271.4720426,1473.0532627105713,True
1092,2,157,RightResponse,1765535272.5274174,1474.1086401939392,False
1093,2,158,FeedbackPeriodStarted,1765535272.5478773,1474.129100561142,False
1094,2,158,startFixDisplay,1765535272.548009,1474.1292307376862,False
1095,2,158,startFixPeriod,1765535272.7214336,1474.302657365799,False
1096,2,158,TargetPresentation,1765535273.9218297,1475.503051519394,False
1097,2,158,TargetDisplacement,1765535273.9425123,1475.5237350463867,True
1098,2,158,LeftResponse,1765535274.622985,1476.2042071819305,False
1099,2,159,FeedbackPeriodStarted,1765535274.6433597,1476.2245829105377,False
1100,2,159,startFixDisplay,1765535274.6435068,1476.2247276306152,False
1101,2,159,startFixPeriod,1765535274.816978,1476.3982014656067,False
1102,2,159,TargetPresentation,1765535275.476153,1477.057374715805,False
1103,2,159,TargetDisplacement,1765535275.6494923,1477.2307150363922,True
1104,2,159,LeftResponse,1765535276.4270315,1478.0082528591156,False
1105,2,160,FeedbackPeriodStarted,1765535276.4475653,1478.0287861824036,False
1106,2,160,startFixDisplay,1765535276.4476352,1478.0288553237915,False
1107,2,160,startFixPeriod,1765535276.6281023,1478.2093267440796,False
1108,2,160,TargetPresentation,1765535277.9326153,1479.513837337494,False
1109,2,160,TargetDisplacement,1765535278.1891909,1479.7704136371613,True
1110,2,160,LeftResponse,1765535278.987533,1480.568755865097,False
1111,2,161,FeedbackPeriodStarted,1765535279.0080013,1480.5892248153687,False
1112,2,161,startFixDisplay,1765535279.0081682,1480.5893902778625,False
1113,2,161,startFixPeriod,1765535279.1954753,1480.776698589325,False
1114,2,161,TargetPresentation,1765535279.7922297,1481.3734529018402,False
1115,2,161,TargetDisplacement,1765535279.9587495,1481.5399725437164,True
1116,2,161,RightResponse,1765535281.3260202,1482.9072437286377,False
1117,2,162,FeedbackPeriodStarted,1765535281.3464642,1482.9276871681213,False
1118,2,162,startFixDisplay,1765535281.346604,1482.9278259277344,False
1119,2,162,startFixPeriod,1765535281.527019,1483.1082410812378,False
1120,2,162,TargetPresentation,1765535282.644289,1484.2255101203918,False
1121,2,162,TargetDisplacement,1765535282.8105435,1484.3917639255524,True
1122,2,162,LeftResponse,1765535283.671581,1485.2528038024902,False
1123,2,162,FeedbackPeriodStarted,1765535283.6781132,1485.259334564209,False
1124,2,163,startFixDisplay,1765535285.6834948,1487.2647154331207,False
1125,2,163,startFixPeriod,1765535285.6903062,1487.2715294361115,False
1126,2,163,TargetPresentation,1765535286.752114,1488.3333361148834,False
1127,2,163,TargetDisplacement,1765535286.9115865,1488.4928069114685,True
1128,2,163,RightResponse,1765535288.147076,1489.7282993793488,False
1129,2,164,FeedbackPeriodStarted,1765535288.167544,1489.7487671375275,False
1130,2,164,startFixDisplay,1765535288.1676936,1489.748913526535,False
1131,2,164,startFixPeriod,1765535288.35504,1489.9362635612488,False
1132,2,164,TargetPresentation,1765535289.118384,1490.699607372284,False
1133,2,164,TargetDisplacement,1765535289.2640486,1490.8452718257904,True
1134,2,164,LeftResponse,1765535289.9166863,1491.4979093074799,False
1135,2,165,FeedbackPeriodStarted,1765535289.9370117,1491.5182347297668,False
1136,2,165,startFixDisplay,1765535289.937216,1491.5184388160706,False
1137,2,165,startFixPeriod,1765535290.1106768,1491.691899061203,False
1138,2,165,TargetPresentation,1765535291.4706957,1493.0519168376923,False
1139,2,165,TargetDisplacement,1765535291.4776537,1493.0588777065277,True
1140,2,165,RightResponse,1765535292.5605264,1494.141749382019,False
1141,2,166,FeedbackPeriodStarted,1765535292.580817,1494.1620399951935,False
1142,2,166,startFixDisplay,1765535292.5809603,1494.1621820926666,False
1143,2,166,startFixPeriod,1765535292.7613394,1494.3425617218018,False
1144,2,166,TargetPresentation,1765535294.2393615,1495.8205842971802,False
1145,2,166,TargetDisplacement,1765535294.3919015,1495.9731240272522,True
1146,2,166,RightResponse,1765535295.0655565,1496.6467816829681,False
1147,2,167,FeedbackPeriodStarted,1765535295.085867,1496.6670904159546,False
1148,2,167,startFixDisplay,1765535295.0860174,1496.6672389507294,False
1149,2,167,startFixPeriod,1765535295.2663856,1496.84760928154,False
1150,2,167,TargetPresentation,1765535296.667952,1498.2491731643677,False
1151,2,167,TargetDisplacement,1765535297.2022688,1498.7834916114807,True
1152,2,167,RightResponse,1765535297.8130128,1499.3942334651947,False
1153,2,168,FeedbackPeriodStarted,1765535297.8337739,1499.41499710083,False
1154,2,168,startFixDisplay,1765535297.8339255,1499.415147304535,False
1155,2,168,startFixPeriod,1765535297.9725633,1499.5537867546082,False
1156,2,168,TargetPresentation,1765535298.5485444,1500.1297678947449,False
1157,2,168,TargetDisplacement,1765535298.7843857,1500.3656103610992,True
1158,2,168,RightResponse,1765535299.5274975,1501.1087205410004,False
1159,2,168,FeedbackPeriodStarted,1765535299.5407941,1501.122014760971,False
1160,2,169,startFixDisplay,1765535301.546019,1503.1272420883179,False
1161,2,169,startFixPeriod,1765535301.5530071,1503.134227514267,False
1162,2,169,TargetPresentation,1765535302.5246277,1504.1058511734009,False
1163,2,169,TargetDisplacement,1765535302.6979158,1504.2791361808777,True
1164,2,169,RightResponse,1765535303.4199245,1505.001147031784,False
1165,2,170,FeedbackPeriodStarted,1765535303.4403229,1505.0215437412262,False
1166,2,170,startFixDisplay,1765535303.4403875,1505.0216076374054,False
1167,2,170,startFixPeriod,1765535303.5655825,1505.1468064785004,False
1168,2,170,TargetPresentation,1765535304.9671645,1506.5483877658844,False
1169,2,170,TargetDisplacement,1765535304.9739532,1506.5551738739014,True
1170,2,170,LeftResponse,1765535305.820961,1507.4021816253662,False
1171,2,171,FeedbackPeriodStarted,1765535305.8413703,1507.4225935935974,False
1172,2,171,startFixDisplay,1765535305.8415136,1507.422735452652,False
1173,2,171,startFixPeriod,1765535306.0149777,1507.5962011814117,False
1174,2,171,TargetPresentation,1765535306.618593,1508.1998164653778,False
1175,2,171,TargetRemoval,1765535306.7850366,1508.3662567138672,True
1176,2,171,TargetReappeared,1765535307.0349736,1508.6161968708038,False
1177,2,171,RightResponse,1765535307.6042929,1509.185518026352,False
1178,2,172,FeedbackPeriodStarted,1765535307.6247067,1509.2059299945831,False
1179,2,172,startFixDisplay,1765535307.624839,1509.2060611248016,False
1180,2,172,startFixPeriod,1765535307.6316257,1509.2128491401672,False
1181,2,172,TargetPresentation,1765535308.2770846,1509.8583090305328,False
1182,2,172,TargetDisplacement,1765535308.4642866,1510.0455090999603,True
1183,2,172,RightResponse,1765535309.2489402,1510.830161333084,False
1184,2,173,FeedbackPeriodStarted,1765535309.2692769,1510.8505001068115,False
1185,2,173,startFixDisplay,1765535309.2694218,1510.8506438732147,False
1186,2,173,startFixPeriod,1765535309.401313,1510.9825367927551,False
1187,2,173,TargetPresentation,1765535310.414339,1511.9955642223358,False
1188,2,173,TargetRemoval,1765535310.4418795,1512.0231003761292,True
1189,2,173,TargetReappeared,1765535310.6918132,1512.2730362415314,False
1190,2,173,LeftResponse,1765535311.3790815,1512.9603037834167,False
1191,2,174,FeedbackPeriodStarted,1765535311.3996239,1512.9808475971222,False
1192,2,174,startFixDisplay,1765535311.399761,1512.9809830188751,False
1193,2,174,startFixPeriod,1765535311.6077232,1513.1889462471008,False
1194,2,174,TargetPresentation,1765535312.6138966,1514.1951179504395,False
1195,2,174,TargetDisplacement,1765535312.6208222,1514.202043056488,True
1196,2,174,LeftResponse,1765535313.3776584,1514.9588809013367,False
1197,2,174,FeedbackPeriodStarted,1765535313.384171,1514.965392112732,False
1198,2,175,startFixDisplay,1765535315.3964787,1516.9777023792267,False
1199,2,175,startFixPeriod,1765535315.403202,1516.9844224452972,False
1200,2,175,TargetPresentation,1765535316.659481,1518.2407047748566,False
1201,2,175,TargetDisplacement,1765535316.8258827,1518.4071052074432,True
1202,2,175,RightResponse,1765535317.5130343,1519.0942544937134,False
1203,2,176,FeedbackPeriodStarted,1765535317.5337067,1519.1149303913116,False
1204,2,176,startFixDisplay,1765535317.5338573,1519.1150789260864,False
1205,2,176,startFixPeriod,1765535317.6725473,1519.25377035141,False
1206,2,176,TargetPresentation,1765535318.8590755,1520.4402966499329,False
1207,2,176,TargetDisplacement,1765535318.8659792,1520.4471998214722,True
1208,2,176,LeftResponse,1765535320.0738366,1521.6550612449646,False
1209,2,177,FeedbackPeriodStarted,1765535320.0942218,1521.6754426956177,False
1210,2,177,startFixDisplay,1765535320.0942879,1521.6755077838898,False
1211,2,177,startFixPeriod,1765535320.2815442,1521.862767457962,False
1212,2,177,TargetPresentation,1765535321.731761,1523.3129839897156,False
1213,2,177,TargetDisplacement,1765535321.7388291,1523.3200521469116,True
1214,2,177,LeftResponse,1765535322.495628,1524.0768506526947,False
1215,2,178,FeedbackPeriodStarted,1765535322.515882,1524.0971052646637,False
1216,2,178,startFixDisplay,1765535322.5160244,1524.0972459316254,False
1217,2,178,startFixPeriod,1765535322.6756072,1524.2568306922913,False
1218,2,178,TargetPresentation,1765535324.153696,1525.7349207401276,False
1219,2,178,TargetRemoval,1765535324.3338792,1525.915099620819,True
1220,2,178,TargetReappeared,1765535324.583907,1526.1651277542114,False
1221,2,178,LeftResponse,1765535325.1738887,1526.7551090717316,False
1222,2,179,FeedbackPeriodStarted,1765535325.194253,1526.775473833084,False
1223,2,179,startFixDisplay,1765535325.1943147,1526.7755348682404,False
1224,2,179,startFixPeriod,1765535325.3539934,1526.935216665268,False
1225,2,179,TargetPresentation,1765535326.4087903,1527.9900133609772,False
1226,2,179,TargetRemoval,1765535326.5683477,1528.149570465088,True
1227,2,179,TargetReappeared,1765535326.8182013,1528.3994224071503,False
1228,2,179,LeftResponse,1765535327.4014297,1528.9826545715332,False
1229,2,180,FeedbackPeriodStarted,1765535327.4218488,1529.0030717849731,False
1230,2,180,startFixDisplay,1765535327.4219875,1529.0032095909119,False
1231,2,180,startFixPeriod,1765535327.5954294,1529.1766521930695,False
1232,2,180,TargetPresentation,1765535328.5599391,1530.1411612033844,False
1233,2,180,TargetDisplacement,1765535328.761001,1530.3422214984894,True
1234,2,180,RightResponse,1765535329.6147707,1531.1959917545319,False
1235,2,180,FeedbackPeriodStarted,1765535329.6216366,1531.2028601169586,False
1236,2,181,startFixDisplay,1765535331.6337674,1533.2149903774261,False
1237,2,181,startFixPeriod,1765535331.869781,1533.4510040283203,False
1238,2,181,TargetPresentation,1765535332.424978,1534.0062012672424,False
1239,2,181,TargetRemoval,1765535332.5914645,1534.1726891994476,True
1240,2,181,TargetReappeared,1765535332.8412929,1534.4225144386292,False
1241,2,181,RightResponse,1765535333.5076501,1535.0888726711273,False
1242,2,182,FeedbackPeriodStarted,1765535333.528191,1535.109414100647,False
1243,2,182,startFixDisplay,1765535333.528324,1535.1095457077026,False
1244,2,182,startFixPeriod,1765535333.6740966,1535.2553222179413,False
1245,2,182,TargetPresentation,1765535334.5483136,1536.1295351982117,False
1246,2,182,TargetRemoval,1765535334.7008715,1536.2820944786072,True
1247,2,182,TargetReappeared,1765535334.9507833,1536.5320065021515,False
1248,2,182,LeftResponse,1765535335.51312,1537.0943405628204,False
1249,2,183,FeedbackPeriodStarted,1765535335.5335627,1537.1147871017456,False
1250,2,183,startFixDisplay,1765535335.5337124,1537.114934206009,False
1251,2,183,startFixPeriod,1765535335.7487845,1537.330006122589,False
1252,2,183,TargetPresentation,1765535336.9284968,1538.50972032547,False
1253,2,183,TargetDisplacement,1765535337.0810893,1538.6623146533966,True
1254,2,183,RightResponse,1765535338.2608924,1539.8421132564545,False
1255,2,184,FeedbackPeriodStarted,1765535338.281398,1539.862621307373,False
1256,2,184,startFixDisplay,1765535338.281541,1539.8627626895905,False
1257,2,184,startFixPeriod,1765535338.4759257,1540.0571494102478,False
1258,2,184,TargetPresentation,1765535339.1767159,1540.7579391002655,False
1259,2,184,TargetDisplacement,1765535339.3570123,1540.938236951828,True
1260,2,184,LeftResponse,1765535340.3566577,1541.9378805160522,False
1261,2,185,FeedbackPeriodStarted,1765535340.3769934,1541.9582142829895,False
1262,2,185,startFixDisplay,1765535340.3770745,1541.958294391632,False
1263,2,185,startFixPeriod,1765535340.50898,1542.0902037620544,False
1264,2,185,TargetPresentation,1765535341.9037755,1543.4849994182587,False
1265,2,185,TargetDisplacement,1765535341.9106653,1543.4918885231018,True
1266,2,185,LeftResponse,1765535343.1183174,1544.6995387077332,False
1267,2,186,FeedbackPeriodStarted,1765535343.1387787,1544.720002412796,False
1268,2,186,startFixDisplay,1765535343.1389246,1544.7201464176178,False
1269,2,186,startFixPeriod,1765535343.2777686,1544.8589932918549,False
1270,2,186,TargetPresentation,1765535344.3116167,1545.8928401470184,False
1271,2,186,TargetDisplacement,1765535344.3185534,1545.8997769355774,True
1272,2,186,RightResponse,1765535345.3736436,1546.9548666477203,False
1273,2,186,FeedbackPeriodStarted,1765535345.3802078,1546.961428642273,False
1274,2,187,startFixDisplay,1765535347.3922663,1548.9734869003296,False
1275,2,187,startFixPeriod,1765535347.3991923,1548.9804129600525,False
1276,2,187,TargetPresentation,1765535348.6692767,1550.2504980564117,False
1277,2,187,TargetDisplacement,1765535348.8287673,1550.4099898338318,True
1278,2,187,RightResponse,1765535349.7239647,1551.3051850795746,False
1279,2,188,FeedbackPeriodStarted,1765535349.744748,1551.3259694576263,False
1280,2,188,startFixDisplay,1765535349.7448153,1551.3260352611542,False
1281,2,188,startFixPeriod,1765535349.9738405,1551.5550637245178,False
1282,2,188,TargetPresentation,1765535350.5567284,1552.1379516124725,False
1283,2,188,TargetDisplacement,1765535350.7230053,1552.3042254447937,True
1284,2,188,LeftResponse,1765535351.6881516,1553.269373178482,False
1285,2,189,FeedbackPeriodStarted,1765535351.7083771,1553.28959774971,False
1286,2,189,startFixDisplay,1765535351.7084427,1553.2896625995636,False
1287,2,189,startFixPeriod,1765535351.889025,1553.470248222351,False
1288,2,189,TargetPresentation,1765535353.276837,1554.8580601215363,False
1289,2,189,TargetRemoval,1765535353.429454,1555.0106768608093,True
1290,2,189,TargetReappeared,1765535353.6793942,1555.2606191635132,False
1291,2,189,RightResponse,1765535354.2071102,1555.7883319854736,False
1292,2,190,FeedbackPeriodStarted,1765535354.2272851,1555.808506011963,False
1293,2,190,startFixDisplay,1765535354.2273536,1555.8085734844208,False
1294,2,190,startFixPeriod,1765535354.4149072,1555.9961285591125,False
1295,2,190,TargetPresentation,1765535355.5805013,1557.1617226600647,False
1296,2,190,TargetDisplacement,1765535355.5875406,1557.1687638759613,True
1297,2,190,RightResponse,1765535357.3433752,1558.924597978592,False
1298,2,191,FeedbackPeriodStarted,1765535357.3638413,1558.9450619220734,False
1299,2,191,startFixDisplay,1765535357.3639061,1558.9451260566711,False
1300,2,191,startFixPeriod,1765535357.5443797,1559.1256012916565,False
1301,2,191,TargetPresentation,1765535358.3423305,1559.9235527515411,False
1302,2,191,TargetRemoval,1765535358.47404,1560.0552604198456,True
1303,2,191,TargetReappeared,1765535358.723951,1560.305174589157,False
1304,2,191,LeftResponse,1765535359.5360773,1561.1172983646393,False
1305,2,192,FeedbackPeriodStarted,1765535359.5566256,1561.1378495693207,False
1306,2,192,startFixDisplay,1765535359.556774,1561.1379957199097,False
1307,2,192,startFixPeriod,1765535359.7440436,1561.325266122818,False
1308,2,192,TargetPresentation,1765535361.2359002,1562.8171231746674,False
1309,2,192,TargetRemoval,1765535361.3537812,1562.9350039958954,True
1310,2,192,TargetReappeared,1765535361.6037693,1563.1849944591522,False
1311,2,192,RightResponse,1765535362.485121,1564.0663414001465,False
1312,2,192,FeedbackPeriodStarted,1765535362.4919522,1564.0731756687164,False
1313,2,193,startFixDisplay,1765535364.5041401,1566.0853633880615,False
1314,2,193,startFixPeriod,1765535364.5109403,1566.0921607017517,False
1315,2,193,TargetPresentation,1765535365.7463284,1567.3275513648987,False
1316,2,193,TargetDisplacement,1765535365.9126935,1567.4939165115356,True
1317,2,193,LeftResponse,1765535366.6973114,1568.2785332202911,False
1318,2,194,FeedbackPeriodStarted,1765535366.717558,1568.2987787723541,False
1319,2,194,startFixDisplay,1765535366.717623,1568.298842906952,False
1320,2,194,startFixPeriod,1765535366.9120097,1568.4932308197021,False
1321,2,194,TargetPresentation,1765535367.4186232,1568.999846458435,False
1322,2,194,TargetDisplacement,1765535367.605887,1569.187109708786,True
1323,2,194,RightResponse,1765535368.1890154,1569.7702357769012,False
1324,2,195,FeedbackPeriodStarted,1765535368.2095509,1569.7907741069794,False
1325,2,195,startFixDisplay,1765535368.2096941,1569.790915966034,False
1326,2,195,startFixPeriod,1765535368.3622143,1569.9434370994568,False
1327,2,195,TargetPresentation,1765535369.8541799,1571.4354031085968,False
1328,2,195,TargetDisplacement,1765535370.0415375,1571.6227605342865,True
1329,2,195,LeftResponse,1765535370.638734,1572.219957113266,False
1330,2,196,FeedbackPeriodStarted,1765535370.6659849,1572.2472081184387,False
1331,2,196,startFixDisplay,1765535370.6661887,1572.2474117279053,False
1332,2,196,startFixPeriod,1765535370.8395507,1572.4207723140717,False
1333,2,196,TargetPresentation,1765535372.046955,1573.6281764507294,False
1334,2,196,TargetDisplacement,1765535372.1648157,1573.7460386753082,True
1335,2,196,LeftResponse,1765535373.3516626,1574.93288397789,False
1336,2,197,FeedbackPeriodStarted,1765535373.372159,1574.9533796310425,False
1337,2,197,startFixDisplay,1765535373.372227,1574.9534468650818,False
1338,2,197,startFixPeriod,1765535373.5110917,1575.0923156738281,False
1339,2,197,TargetPresentation,1765535374.7601206,1576.3413417339325,False
1340,2,197,TargetDisplacement,1765535374.9752047,1576.5564272403717,True
1341,2,197,LeftResponse,1765535376.0304167,1577.6116411685944,False
1342,2,197,FeedbackPeriodStarted,1765535376.0645583,1577.6457812786102,False
1343,3,198,startFixDisplay,1765535381.6159613,1583.197184562683,False
1344,3,198,startFixPeriod,1765535381.6227515,1583.2039744853973,False
1345,3,198,TargetPresentation,1765535382.7122715,1584.2934927940369,False
1346,3,198,TargetDisplacement,1765535382.8857265,1584.4669494628906,True
1347,3,198,RightResponse,1765535383.8783565,1585.4595787525177,False
1348,3,199,FeedbackPeriodStarted,1765535383.8986778,1585.4798984527588,False
1349,3,199,startFixDisplay,1765535383.898741,1585.479961156845,False
1350,3,199,startFixPeriod,1765535384.0723364,1585.6535575389862,False
1351,3,199,TargetPresentation,1765535385.1203296,1586.7015511989594,False
1352,3,199,TargetRemoval,1765535385.286662,1586.867885351181,True
1353,3,199,TargetReappeared,1765535385.5365028,1587.1177244186401,False
1354,3,199,LeftResponse,1765535385.9184735,1587.4996943473816,False
1355,3,200,FeedbackPeriodStarted,1765535385.9388444,1587.5200681686401,False
1356,3,200,startFixDisplay,1765535385.9389899,1587.5202114582062,False
1357,3,200,startFixPeriod,1765535386.133337,1587.714560508728,False
1358,3,200,TargetPresentation,1765535387.5419288,1589.123152256012,False
1359,3,200,TargetDisplacement,1765535387.7152555,1589.296478509903,True
1360,3,200,RightResponse,1765535388.513635,1590.0948576927185,False
1361,3,201,FeedbackPeriodStarted,1765535388.5339627,1590.1151838302612,False
1362,3,201,startFixDisplay,1765535388.5340323,1590.1152522563934,False
1363,3,201,startFixPeriod,1765535388.7076335,1590.2888565063477,False
1364,3,201,TargetPresentation,1765535390.0954106,1591.6766321659088,False
1365,3,201,TargetRemoval,1765535390.2687716,1591.8499946594238,True
1366,3,201,TargetReappeared,1765535390.5185702,1592.0997910499573,False
1367,3,201,LeftResponse,1765535391.053443,1592.634665966034,False
1368,3,202,FeedbackPeriodStarted,1765535391.0736573,1592.6548781394958,False
1369,3,202,startFixDisplay,1765535391.0737295,1592.654949426651,False
1370,3,202,startFixPeriod,1765535391.2613125,1592.842535495758,False
1371,3,202,TargetPresentation,1765535392.426972,1594.0081934928894,False
1372,3,202,TargetDisplacement,1765535392.6142514,1594.195475578308,True
1373,3,202,RightResponse,1765535393.5236685,1595.1048913002014,False
1374,3,203,FeedbackPeriodStarted,1765535393.5509105,1595.132131099701,False
1375,3,203,startFixDisplay,1765535393.5509715,1595.1321914196014,False
1376,3,203,startFixPeriod,1765535393.7107058,1595.2919292449951,False
1377,3,203,TargetPresentation,1765535394.6960783,1596.2772994041443,False
1378,3,203,TargetDisplacement,1765535394.703101,1596.2843220233917,True
1379,3,203,LeftResponse,1765535395.4873867,1597.068608045578,False
1380,3,204,FeedbackPeriodStarted,1765535395.5078652,1597.0890882015228,False
1381,3,204,startFixDisplay,1765535395.507992,1597.0892119407654,False
1382,3,204,startFixPeriod,1765535395.695371,1597.2765951156616,False
1383,3,204,TargetPresentation,1765535396.9512727,1598.5324957370758,False
1384,3,204,TargetDisplacement,1765535397.1038442,1598.6850669384003,True
1385,3,204,RightResponse,1765535397.895342,1599.4765639305115,False
1386,3,204,FeedbackPeriodStarted,1765535397.9019547,1599.4831779003143,False
1387,3,205,startFixDisplay,1765535399.914143,1601.4953660964966,False
1388,3,205,startFixPeriod,1765535400.198814,1601.7800374031067,False
1389,3,205,TargetPresentation,1765535400.7538543,1602.3350775241852,False
1390,3,205,TargetRemoval,1765535400.9272034,1602.508425951004,True
1391,3,205,TargetReappeared,1765535401.1772027,1602.758425951004,False
1392,3,205,RightResponse,1765535401.67023,1603.2514514923096,False
1393,3,206,FeedbackPeriodStarted,1765535401.690468,1603.2716917991638,False
1394,3,206,startFixDisplay,1765535401.6906102,1603.2718319892883,False
1395,3,206,startFixPeriod,1765535401.9265182,1603.5077414512634,False
1396,3,206,TargetPresentation,1765535403.3421433,1604.9233660697937,False
1397,3,206,TargetDisplacement,1765535403.4947417,1605.075965166092,True
1398,3,206,RightResponse,1765535404.4595861,1606.0408067703247,False
1399,3,207,FeedbackPeriodStarted,1765535404.4801064,1606.0613305568695,False
1400,3,207,startFixDisplay,1765535404.4802563,1606.0614778995514,False
1401,3,207,startFixPeriod,1765535404.6674678,1606.2486896514893,False
1402,3,207,TargetPresentation,1765535405.5001578,1607.0813801288605,False
1403,3,207,TargetDisplacement,1765535405.659696,1607.2409193515778,True
1404,3,207,RightResponse,1765535406.6037266,1608.1849496364594,False
1405,3,208,FeedbackPeriodStarted,1765535406.6242182,1608.2054417133331,False
1406,3,208,startFixDisplay,1765535406.6244187,1608.2056410312653,False
1407,3,208,startFixPeriod,1765535406.8462808,1608.4275019168854,False
1408,3,208,TargetPresentation,1765535408.1855302,1609.766751050949,False
1409,3,208,TargetDisplacement,1765535408.4213443,1610.0025672912598,True
1410,3,208,LeftResponse,1765535409.1087956,1610.690018415451,False
1411,3,209,FeedbackPeriodStarted,1765535409.1291907,1610.7104136943817,False
1412,3,209,startFixDisplay,1765535409.1293344,1610.710556268692,False
1413,3,209,startFixPeriod,1765535409.337578,1610.9188022613525,False
1414,3,209,TargetPresentation,1765535410.6628644,1612.2440881729126,False
1415,3,209,TargetDisplacement,1765535410.836204,1612.4174270629883,True
1416,3,209,RightResponse,1765535411.5028257,1613.0840487480164,False
1417,3,210,FeedbackPeriodStarted,1765535411.5232005,1613.1044235229492,False
1418,3,210,startFixDisplay,1765535411.5233414,1613.104562997818,False
1419,3,210,startFixPeriod,1765535411.7036836,1613.2849061489105,False
1420,3,210,TargetPresentation,1765535412.4322617,1614.0134847164154,False
1421,3,210,TargetRemoval,1765535412.6056893,1614.186912059784,True
1422,3,210,TargetReappeared,1765535412.8555017,1614.4367227554321,False
1423,3,210,LeftResponse,1765535413.3832777,1614.9645013809204,False
1424,3,210,FeedbackPeriodStarted,1765535413.3897543,1614.9709777832031,False
1425,3,211,startFixDisplay,1765535415.4020267,1616.9832470417023,False
1426,3,211,startFixPeriod,1765535415.4090042,1616.990226984024,False
1427,3,211,TargetPresentation,1765535416.8525312,1618.4337544441223,False
1428,3,211,TargetDisplacement,1765535417.0188932,1618.6001164913177,True
1429,3,211,LeftResponse,1765535418.816535,1620.3977575302124,False
1430,3,212,FeedbackPeriodStarted,1765535418.836972,1620.4181954860687,False
1431,3,212,startFixDisplay,1765535418.8371394,1620.4183614253998,False
1432,3,212,startFixPeriod,1765535419.0174274,1620.5986497402191,False
1433,3,212,TargetPresentation,1765535419.9820933,1621.5633199214935,False
1434,3,212,TargetRemoval,1765535419.9957545,1621.5769772529602,True
1435,3,212,TargetReappeared,1765535420.2456286,1621.8268511295319,False
1436,3,212,LeftResponse,1765535421.0785358,1622.6597561836243,False
1437,3,213,FeedbackPeriodStarted,1765535421.099091,1622.6803152561188,False
1438,3,213,startFixDisplay,1765535421.0992422,1622.6804640293121,False
1439,3,213,startFixPeriod,1765535421.2726357,1622.853858947754,False
1440,3,213,TargetPresentation,1765535422.223284,1623.8045072555542,False
1441,3,213,TargetDisplacement,1765535422.417464,1623.9986867904663,True
1442,3,213,LeftResponse,1765535423.285198,1624.8664197921753,False
1443,3,214,FeedbackPeriodStarted,1765535423.3057544,1624.8869795799255,False
1444,3,214,startFixDisplay,1765535423.3059072,1624.8871290683746,False
1445,3,214,startFixPeriod,1765535423.4444942,1625.0257167816162,False
1446,3,214,TargetPresentation,1765535424.214838,1625.7960612773895,False
1447,3,214,TargetDisplacement,1765535424.422833,1626.004055261612,True
1448,3,214,RightResponse,1765535425.3043737,1626.8855941295624,False
1449,3,215,FeedbackPeriodStarted,1765535425.3249624,1626.906185388565,False
1450,3,215,startFixDisplay,1765535425.3250523,1626.9062724113464,False
1451,3,215,startFixPeriod,1765535425.5124426,1627.0936658382416,False
1452,3,215,TargetPresentation,1765535426.7198334,1628.3010566234589,False
1453,3,215,TargetDisplacement,1765535426.8514848,1628.4327051639557,True
1454,3,215,RightResponse,1765535427.5317886,1629.1130120754242,False
1455,3,216,FeedbackPeriodStarted,1765535427.5522482,1629.1334691047668,False
1456,3,216,startFixDisplay,1765535427.5523074,1629.1335275173187,False
1457,3,216,startFixPeriod,1765535427.7259543,1629.3071775436401,False
1458,3,216,TargetPresentation,1765535428.5516307,1630.1328520774841,False
1459,3,216,TargetDisplacement,1765535428.5586426,1630.1398661136627,True
1460,3,216,RightResponse,1765535429.8149621,1631.3961851596832,False
1461,3,216,FeedbackPeriodStarted,1765535429.8215559,1631.4027788639069,False
1462,3,217,startFixDisplay,1765535431.8337927,1633.4150161743164,False
1463,3,217,startFixPeriod,1765535432.0627453,1633.6439673900604,False
1464,3,217,TargetPresentation,1765535433.1454685,1634.7266912460327,False
1465,3,217,TargetRemoval,1765535433.3117602,1634.8929829597473,True
1466,3,217,TargetReappeared,1765535433.5616374,1635.1428589820862,False
1467,3,217,RightResponse,1765535434.0548668,1635.6360881328583,False
1468,3,218,FeedbackPeriodStarted,1765535434.0750878,1635.6563119888306,False
1469,3,218,startFixDisplay,1765535434.0752444,1635.6564667224884,False
1470,3,218,startFixPeriod,1765535434.3528051,1635.9340286254883,False
1471,3,218,TargetPresentation,1765535435.233981,1636.8152041435242,False
1472,3,218,TargetDisplacement,1765535435.3934531,1636.9746761322021,True
1473,3,218,LeftResponse,1765535437.121764,1638.7029857635498,False
1474,3,219,FeedbackPeriodStarted,1765535437.1491623,1638.7303867340088,False
1475,3,219,startFixDisplay,1765535437.1492612,1638.730481147766,False
1476,3,219,startFixPeriod,1765535437.3365002,1638.917721748352,False
1477,3,219,TargetPresentation,1765535438.328873,1639.9100964069366,False
1478,3,219,TargetRemoval,1765535438.4812908,1640.0625109672546,True
1479,3,219,TargetReappeared,1765535438.731256,1640.3124778270721,False
1480,3,219,LeftResponse,1765535439.2866592,1640.867880821228,False
1481,3,220,FeedbackPeriodStarted,1765535439.3070498,1640.8882706165314,False
1482,3,220,startFixDisplay,1765535439.3071296,1640.888349533081,False
1483,3,220,startFixPeriod,1765535439.473787,1641.0550100803375,False
1484,3,220,TargetPresentation,1765535440.2440856,1641.8253123760223,False
1485,3,220,TargetDisplacement,1765535440.3964963,1641.9777166843414,True
1486,3,220,RightResponse,1765535441.3338256,1642.9150483608246,False
1487,3,221,FeedbackPeriodStarted,1765535441.3543262,1642.935549736023,False
1488,3,221,startFixDisplay,1765535441.3544636,1642.9356853961945,False
1489,3,221,startFixPeriod,1765535441.5485358,1643.1297581195831,False
1490,3,221,TargetPresentation,1765535442.2771962,1643.8584198951721,False
1491,3,221,TargetDisplacement,1765535442.4852595,1644.0664825439453,True
1492,3,221,LeftResponse,1765535443.1585355,1644.7397565841675,False
1493,3,222,FeedbackPeriodStarted,1765535443.186115,1644.7673387527466,False
1494,3,222,startFixDisplay,1765535443.1862617,1644.7674837112427,False
1495,3,222,startFixPeriod,1765535443.3597474,1644.9409697055817,False
1496,3,222,TargetPresentation,1765535444.4699907,1646.0512142181396,False
1497,3,222,TargetDisplacement,1765535444.6502795,1646.2314999103546,True
1498,3,222,LeftResponse,1765535445.4902802,1647.071503162384,False
1499,3,222,FeedbackPeriodStarted,1765535445.496798,1647.078021287918,False
1500,3,223,startFixDisplay,1765535447.5091171,1649.0903403759003,False
1501,3,223,startFixPeriod,1765535447.516032,1649.0972545146942,False
1502,3,223,TargetPresentation,1765535448.217029,1649.79825258255,False
1503,3,223,TargetDisplacement,1765535448.3972366,1649.9784593582153,True
1504,3,223,RightResponse,1765535449.4246237,1651.0058460235596,False
1505,3,224,FeedbackPeriodStarted,1765535449.4450288,1651.026249885559,False
1506,3,224,startFixDisplay,1765535449.4451082,1651.0263283252716,False
1507,3,224,startFixPeriod,1765535449.639459,1651.2206797599792,False
1508,3,224,TargetPresentation,1765535450.8883982,1652.4696190357208,False
1509,3,224,TargetDisplacement,1765535451.0480285,1652.629251241684,True
1510,3,224,RightResponse,1765535451.9156127,1653.4968333244324,False
1511,3,225,FeedbackPeriodStarted,1765535451.9364243,1653.517647743225,False
1512,3,225,startFixDisplay,1765535451.9365597,1653.5177817344666,False
1513,3,225,startFixPeriod,1765535452.1374846,1653.7187056541443,False
1514,3,225,TargetPresentation,1765535452.6857758,1654.26699924469,False
1515,3,225,TargetDisplacement,1765535452.9007344,1654.4819581508636,True
1516,3,225,RightResponse,1765535453.6365287,1655.217749118805,False
1517,3,226,FeedbackPeriodStarted,1765535453.6571937,1655.23841714859,False
1518,3,226,startFixDisplay,1765535453.657346,1655.2385680675507,False
1519,3,226,startFixPeriod,1765535453.8375134,1655.4187350273132,False
1520,3,226,TargetPresentation,1765535455.280906,1656.8621270656586,False
1521,3,226,TargetRemoval,1765535455.454356,1657.0355787277222,True
1522,3,226,TargetReappeared,1765535455.7041676,1657.2853891849518,False
1523,3,226,LeftResponse,1765535456.2594707,1657.8406915664673,False
1524,3,227,FeedbackPeriodStarted,1765535456.2800376,1657.8612606525421,False
1525,3,227,startFixDisplay,1765535456.2802653,1657.8614897727966,False
1526,3,227,startFixPeriod,1765535456.4605718,1658.0417938232422,False
1527,3,227,TargetPresentation,1765535457.7651482,1659.3463714122772,False
1528,3,227,TargetDisplacement,1765535457.9453151,1659.5265352725983,True
1529,3,227,LeftResponse,1765535459.2572737,1660.8384947776794,False
1530,3,228,FeedbackPeriodStarted,1765535459.277615,1660.8588359355927,False
1531,3,228,startFixDisplay,1765535459.2776794,1660.8588993549347,False
1532,3,228,startFixPeriod,1765535459.5207038,1661.1019265651703,False
1533,3,228,TargetPresentation,1765535460.5614872,1662.1427102088928,False
1534,3,228,TargetRemoval,1765535460.7141452,1662.2953655719757,True
1535,3,228,TargetReappeared,1765535460.9640896,1662.5453159809113,False
1536,3,228,LeftResponse,1765535461.658374,1663.2395987510681,False
1537,3,228,FeedbackPeriodStarted,1765535461.6717625,1663.2529835700989,False
1538,3,229,startFixDisplay,1765535463.6840148,1665.2652380466461,False
1539,3,229,startFixPeriod,1765535463.9477472,1665.528968334198,False
1540,3,229,TargetPresentation,1765535464.7596562,1666.3408772945404,False
1541,3,229,TargetRemoval,1765535464.7666867,1666.3479104042053,True
1542,3,229,TargetReappeared,1765535465.016487,1666.5977101325989,False
1543,3,229,RightResponse,1765535465.5580952,1667.1393201351166,False
1544,3,230,FeedbackPeriodStarted,1765535465.5784447,1667.1596684455872,False
1545,3,230,startFixDisplay,1765535465.5785725,1667.1597926616669,False
1546,3,230,startFixPeriod,1765535465.7798584,1667.361082792282,False
1547,3,230,TargetPresentation,1765535467.0564969,1668.6377182006836,False
1548,3,230,TargetDisplacement,1765535467.222882,1668.8041048049927,True
1549,3,230,LeftResponse,1765535468.361374,1669.942595243454,False
1550,3,231,FeedbackPeriodStarted,1765535468.3816588,1669.9628796577454,False
1551,3,231,startFixDisplay,1765535468.3817275,1669.9629476070404,False
1552,3,231,startFixPeriod,1765535468.5137305,1670.0949540138245,False
1553,3,231,TargetPresentation,1765535469.1798728,1670.7610960006714,False
1554,3,231,TargetDisplacement,1765535469.3463492,1670.9275724887848,True
1555,3,231,RightResponse,1765535469.9849992,1671.566222190857,False
1556,3,232,FeedbackPeriodStarted,1765535470.005438,1671.5866594314575,False
1557,3,232,startFixDisplay,1765535470.0055096,1671.5867295265198,False
1558,3,232,startFixPeriod,1765535470.1513755,1671.7325985431671,False
1559,3,232,TargetPresentation,1765535471.5946753,1673.1758975982666,False
1560,3,232,TargetRemoval,1765535471.6015122,1673.1827328205109,True
1561,3,232,TargetReappeared,1765535471.8513198,1673.4325428009033,False
1562,3,232,RightResponse,1765535472.399923,1673.9811453819275,False
1563,3,233,FeedbackPeriodStarted,1765535472.4202585,1674.0014791488647,False
1564,3,233,startFixDisplay,1765535472.420325,1674.0015451908112,False
1565,3,233,startFixPeriod,1765535472.6147513,1674.1959745883942,False
1566,3,233,TargetPresentation,1765535473.7179177,1675.29914021492,False
1567,3,233,TargetDisplacement,1765535473.8914633,1675.472686290741,True
1568,3,233,RightResponse,1765535474.5162702,1676.0974915027618,False
1569,3,234,FeedbackPeriodStarted,1765535474.536717,1676.1179404258728,False
1570,3,234,startFixDisplay,1765535474.5368621,1676.1180839538574,False
1571,3,234,startFixPeriod,1765535474.7450235,1676.3262465000153,False
1572,3,234,TargetPresentation,1765535475.869203,1677.4504268169403,False
1573,3,234,TargetRemoval,1765535476.0285218,1677.6097419261932,True
1574,3,234,TargetReappeared,1765535476.2785168,1677.8597402572632,False
1575,3,234,LeftResponse,1765535476.6883194,1678.2695422172546,False
1576,3,234,FeedbackPeriodStarted,1765535476.6948001,1678.2760241031647,False
1577,3,235,startFixDisplay,1765535478.7071254,1680.2883462905884,False
1578,3,235,startFixPeriod,1765535478.7140074,1680.2952299118042,False
1579,3,235,TargetPresentation,1765535479.3872647,1680.9684855937958,False
1580,3,235,TargetDisplacement,1765535479.581479,1681.1627023220062,True
1581,3,235,RightResponse,1765535480.4562714,1682.0374944210052,False
1582,3,236,FeedbackPeriodStarted,1765535480.4766026,1682.0578258037567,False
1583,3,236,startFixDisplay,1765535480.4767458,1682.0579676628113,False
1584,3,236,startFixPeriod,1765535480.615481,1682.1967041492462,False
1585,3,236,TargetPresentation,1765535482.0726838,1683.6539072990417,False
1586,3,236,TargetDisplacement,1765535482.2321415,1683.8133652210236,True
1587,3,236,LeftResponse,1765535483.3079867,1684.8892104625702,False
1588,3,237,FeedbackPeriodStarted,1765535483.3355489,1684.91677236557,False
1589,3,237,startFixDisplay,1765535483.335637,1684.9168572425842,False
1590,3,237,startFixPeriod,1765535483.5229552,1685.1041786670685,False
1591,3,237,TargetPresentation,1765535484.3070815,1685.888305902481,False
1592,3,237,TargetRemoval,1765535484.4872975,1686.0685176849365,True
1593,3,237,TargetReappeared,1765535484.7372935,1686.3185169696808,False
1594,3,237,RightResponse,1765535485.1539462,1686.735169172287,False
1595,3,238,FeedbackPeriodStarted,1765535485.1742346,1686.7554552555084,False
1596,3,238,startFixDisplay,1765535485.1742985,1686.7555186748505,False
1597,3,238,startFixPeriod,1765535485.3479333,1686.9291577339172,False
1598,3,238,TargetPresentation,1765535486.694124,1688.2753493785858,False
1599,3,238,TargetDisplacement,1765535487.1796823,1688.7609045505524,True
1600,3,238,RightResponse,1765535487.8463445,1689.4275674819946,False
1601,3,239,FeedbackPeriodStarted,1765535487.8736744,1689.4548976421356,False
1602,3,239,startFixDisplay,1765535487.8738077,1689.4550294876099,False
1603,3,239,startFixPeriod,1765535488.0263326,1689.6075558662415,False
1604,3,239,TargetPresentation,1765535488.810437,1690.3916592597961,False
1605,3,239,TargetDisplacement,1765535488.9630532,1690.5442962646484,True
1606,3,239,LeftResponse,1765535490.739749,1692.3209717273712,False
1607,3,240,FeedbackPeriodStarted,1765535490.7602737,1692.3414952754974,False
1608,3,240,startFixDisplay,1765535490.7603433,1692.3415632247925,False
1609,3,240,startFixPeriod,1765535490.9268682,1692.508091211319,False
1610,3,240,TargetPresentation,1765535492.3285544,1693.909776210785,False
1611,3,240,TargetRemoval,1765535492.5020268,1694.0832500457764,True
1612,3,240,TargetReappeared,1765535492.751852,1694.3330748081207,False
1613,3,240,RightResponse,1765535493.1337914,1694.7150144577026,False
1614,3,240,FeedbackPeriodStarted,1765535493.1403253,1694.721548318863,False
1615,3,241,startFixDisplay,1765535495.1526678,1696.7338907718658,False
1616,3,241,startFixPeriod,1765535495.3956678,1696.9768917560577,False
1617,3,241,TargetPresentation,1765535496.429615,1698.0108394622803,False
1618,3,241,TargetDisplacement,1765535496.6030335,1698.184257030487,True
1619,3,241,LeftResponse,1765535497.3181598,1698.8993830680847,False
1620,3,242,FeedbackPeriodStarted,1765535497.3384528,1698.9196755886078,False
1621,3,242,startFixDisplay,1765535497.338595,1698.919816493988,False
1622,3,242,startFixPeriod,1765535497.5190158,1699.100239276886,False
1623,3,242,TargetPresentation,1765535498.990042,1700.571265220642,False
1624,3,242,TargetRemoval,1765535499.1633596,1700.744582414627,True
1625,3,242,TargetReappeared,1765535499.413314,1700.9945373535156,False
1626,3,242,RightResponse,1765535500.0175426,1701.5987644195557,False
1627,3,243,FeedbackPeriodStarted,1765535500.0376806,1701.6189012527466,False
1628,3,243,startFixDisplay,1765535500.0377567,1701.6189765930176,False
1629,3,243,startFixPeriod,1765535500.239221,1701.8204445838928,False
1630,3,243,TargetPresentation,1765535501.01624,1702.597463130951,False
1631,3,243,TargetRemoval,1765535501.0509276,1702.6321482658386,True
1632,3,243,TargetReappeared,1765535501.3007622,1702.8819830417633,False
1633,3,243,RightResponse,1765535502.3556745,1703.9368948936462,False
1634,3,244,FeedbackPeriodStarted,1765535502.3762705,1703.957494020462,False
1635,3,244,startFixDisplay,1765535502.376404,1703.9576256275177,False
1636,3,244,startFixPeriod,1765535502.5913384,1704.1725616455078,False
1637,3,244,TargetPresentation,1765535503.3962963,1704.977519273758,False
1638,3,244,TargetDisplacement,1765535503.5004165,1705.0816371440887,True
1639,3,244,RightResponse,1765535504.312605,1705.893826007843,False
1640,3,245,FeedbackPeriodStarted,1765535504.3330514,1705.9142923355103,False
1641,3,245,startFixDisplay,1765535504.333216,1705.914438009262,False
1642,3,245,startFixPeriod,1765535504.4717963,1706.053017616272,False
1643,3,245,TargetPresentation,1765535505.6584065,1707.2396273612976,False
1644,3,245,TargetDisplacement,1765535505.7763772,1707.3575999736786,True
1645,3,245,RightResponse,1765535506.5677483,1708.1489706039429,False
1646,3,246,FeedbackPeriodStarted,1765535506.5882492,1708.1694722175598,False
1647,3,246,startFixDisplay,1765535506.5883904,1708.1696121692657,False
1648,3,246,startFixPeriod,1765535506.8173602,1708.3985855579376,False
1649,3,246,TargetPresentation,1765535508.038587,1709.6198103427887,False
1650,3,246,TargetDisplacement,1765535508.0454705,1709.6266913414001,True
1651,3,246,LeftResponse,1765535509.6002,1711.1814229488373,False
1652,3,246,FeedbackPeriodStarted,1765535509.6136706,1711.1948914527893,False
1653,3,247,startFixDisplay,1765535511.6259508,1713.2071738243103,False
1654,3,247,startFixPeriod,1765535511.8274186,1713.4086401462555,False
1655,3,247,TargetPresentation,1765535512.8612788,1714.442501783371,False
1656,3,247,TargetDisplacement,1765535513.0415359,1714.6227586269379,True
1657,3,247,LeftResponse,1765535513.7636256,1715.3448479175568,False
1658,3,248,FeedbackPeriodStarted,1765535513.7909448,1715.3721659183502,False
1659,3,248,startFixDisplay,1765535513.7910116,1715.372231721878,False
1660,3,248,startFixPeriod,1765535513.929839,1715.5110623836517,False
1661,3,248,TargetPresentation,1765535515.3593147,1716.9405376911163,False
1662,3,248,TargetRemoval,1765535515.5118864,1717.093109369278,True
1663,3,248,TargetReappeared,1765535515.7617495,1717.3429725170135,False
1664,3,248,RightResponse,1765535516.5738654,1718.1550879478455,False
1665,3,249,FeedbackPeriodStarted,1765535516.594217,1718.1754376888275,False
1666,3,249,startFixDisplay,1765535516.5942812,1718.1755011081696,False
1667,3,249,startFixPeriod,1765535516.7817783,1718.3630003929138,False
1668,3,249,TargetPresentation,1765535517.364577,1718.9457983970642,False
1669,3,249,TargetRemoval,1765535517.5866034,1719.167824268341,True
1670,3,249,TargetReappeared,1765535517.836532,1719.4177553653717,False
1671,3,249,LeftResponse,1765535519.5091398,1721.0903630256653,False
1672,3,250,FeedbackPeriodStarted,1765535519.5365396,1721.1177625656128,False
1673,3,250,startFixDisplay,1765535519.536683,1721.1179049015045,False
1674,3,250,startFixPeriod,1765535519.7101574,1721.2913813591003,False
1675,3,250,TargetPresentation,1765535520.397109,1721.9783351421356,False
1676,3,250,TargetDisplacement,1765535520.6050987,1722.1863224506378,True
1677,3,250,LeftResponse,1765535521.3617346,1722.9429550170898,False
1678,3,251,FeedbackPeriodStarted,1765535521.3823013,1722.9635245800018,False
1679,3,251,startFixDisplay,1765535521.3825107,1722.96373295784,False
1680,3,251,startFixPeriod,1765535521.5489657,1723.1301894187927,False
1681,3,251,TargetPresentation,1765535522.957494,1724.5387156009674,False
1682,3,251,TargetDisplacement,1765535523.165623,1724.7468461990356,True
1683,3,251,RightResponse,1765535524.4357748,1726.0169961452484,False
1684,3,252,FeedbackPeriodStarted,1765535524.4563031,1726.0375266075134,False
1685,3,252,startFixDisplay,1765535524.456446,1726.0376677513123,False
1686,3,252,startFixPeriod,1765535524.6090364,1726.1902599334717,False
1687,3,252,TargetPresentation,1765535525.9135904,1727.494812488556,False
1688,3,252,TargetRemoval,1765535526.0939345,1727.675157546997,True
1689,3,252,TargetReappeared,1765535526.3438778,1727.9251041412354,False
1690,3,252,RightResponse,1765535527.239207,1728.820429801941,False
1691,3,252,FeedbackPeriodStarted,1765535527.245857,1728.8270802497864,False
1692,3,253,startFixDisplay,1765535529.2579436,1730.839164018631,False
1693,3,253,startFixPeriod,1765535529.5219762,1731.1031997203827,False
1694,3,253,TargetPresentation,1765535530.3546357,1731.9358592033386,False
1695,3,253,TargetDisplacement,1765535530.520981,1732.1022038459778,True
1696,3,253,LeftResponse,1765535531.3124316,1732.8936524391174,False
1697,3,254,FeedbackPeriodStarted,1765535531.3328433,1732.9140644073486,False
1698,3,254,startFixDisplay,1765535531.3329139,1732.9141337871552,False
1699,3,254,startFixPeriod,1765535531.457993,1733.0392162799835,False
1700,3,254,TargetPresentation,1765535532.0406847,1733.6219079494476,False
1701,3,254,TargetDisplacement,1765535532.207096,1733.788316488266,True
1702,3,254,RightResponse,1765535533.0265355,1734.607758283615,False
1703,3,255,FeedbackPeriodStarted,1765535533.0468404,1734.6280634403229,False
1704,3,255,startFixDisplay,1765535533.046986,1734.6282079219818,False
1705,3,255,startFixPeriod,1765535533.1856651,1734.7668862342834,False
1706,3,255,TargetPresentation,1765535533.997587,1735.5788078308105,False
1707,3,255,TargetRemoval,1765535534.1849022,1735.7661249637604,True
1708,3,255,TargetReappeared,1765535534.4348004,1736.0160233974457,False
1709,3,255,RightResponse,1765535535.0039098,1736.585130929947,False
1710,3,256,FeedbackPeriodStarted,1765535535.0243602,1736.605581521988,False
1711,3,256,startFixDisplay,1765535535.0244315,1736.6056513786316,False
1712,3,256,startFixPeriod,1765535535.0313852,1736.6126081943512,False
1713,3,256,TargetPresentation,1765535536.426287,1738.0075099468231,False
1714,3,256,TargetDisplacement,1765535536.63433,1738.2155528068542,True
1715,3,256,RightResponse,1765535537.3008468,1738.8820827007294,False
1716,3,257,FeedbackPeriodStarted,1765535537.3213334,1738.9025568962097,False
1717,3,257,startFixDisplay,1765535537.3214853,1738.9027070999146,False
1718,3,257,startFixPeriod,1765535537.4671159,1739.0483376979828,False
1719,3,257,TargetPresentation,1765535538.0083895,1739.5896110534668,False
1720,3,257,TargetDisplacement,1765535538.2095125,1739.7907359600067,True
1721,3,257,LeftResponse,1765535538.8136764,1740.3948993682861,False
1722,3,258,FeedbackPeriodStarted,1765535538.8409333,1740.4221563339233,False
1723,3,258,startFixDisplay,1765535538.8411036,1740.4223272800446,False
1724,3,258,startFixPeriod,1765535539.0215085,1740.602732181549,False
1725,3,258,TargetPresentation,1765535540.2149558,1741.7961769104004,False
1726,3,258,TargetDisplacement,1765535540.915718,1742.4969410896301,True
1727,3,258,LeftResponse,1765535541.582502,1743.1637251377106,False
1728,3,258,FeedbackPeriodStarted,1765535541.5959327,1743.1771562099457,False
1729,3,259,startFixDisplay,1765535543.6080198,1745.1892426013947,False
1730,3,259,startFixPeriod,1765535543.830391,1745.411614894867,False
1731,3,259,TargetPresentation,1765535544.4824154,1746.0636360645294,False
1732,3,259,TargetDisplacement,1765535544.6419337,1746.2231538295746,True
1733,3,259,RightResponse,1765535545.3363864,1746.9176094532013,False
1734,3,260,FeedbackPeriodStarted,1765535545.3636377,1746.9448585510254,False
1735,3,260,startFixDisplay,1765535545.3637123,1746.9449322223663,False
1736,3,260,startFixPeriod,1765535545.5164144,1747.0976378917694,False
1737,3,260,TargetPresentation,1765535546.4601707,1748.0413944721222,False
1738,3,260,TargetDisplacement,1765535546.6404817,1748.2217047214508,True
1739,3,260,RightResponse,1765535547.4457774,1749.0270001888275,False
1740,3,261,FeedbackPeriodStarted,1765535547.473238,1749.0544621944427,False
1741,3,261,startFixDisplay,1765535547.473388,1749.0546100139618,False
1742,3,261,startFixPeriod,1765535547.6536548,1749.2348778247833,False
1743,3,261,TargetPresentation,1765535548.7084222,1750.289645433426,False
1744,3,261,TargetRemoval,1765535548.916519,1750.4977419376373,True
1745,3,261,TargetReappeared,1765535549.166355,1750.747577905655,False
1746,3,261,LeftResponse,1765535549.5692756,1751.1504986286163,False
1747,3,262,FeedbackPeriodStarted,1765535549.5964983,1751.1777215003967,False
1748,3,262,startFixDisplay,1765535549.5966325,1751.1778547763824,False
1749,3,262,startFixPeriod,1765535549.7770393,1751.358263015747,False
1750,3,262,TargetPresentation,1765535550.6583164,1752.2395396232605,False
1751,3,262,TargetRemoval,1765535550.8177671,1752.3989880084991,True
1752,3,262,TargetReappeared,1765535551.067638,1752.648861169815,False
1753,3,262,LeftResponse,1765535551.7200706,1753.3012928962708,False
1754,3,263,FeedbackPeriodStarted,1765535551.7405276,1753.3217482566833,False
1755,3,263,startFixDisplay,1765535551.740579,1753.3217988014221,False
1756,3,263,startFixPeriod,1765535551.921184,1753.5024070739746,False
1757,3,263,TargetPresentation,1765535553.1702156,1754.7514388561249,False
1758,3,263,TargetDisplacement,1765535553.3505628,1754.931785583496,True
1759,3,263,RightResponse,1765535554.232171,1755.8133943080902,False
1760,3,263,FeedbackPeriodStarted,1765535554.273428,1755.854648590088,False
1761,4,264,startFixDisplay,1765536154.9668276,2356.5480484962463,False
1762,4,264,startFixPeriod,1765536154.9733982,2356.5546185970306,False
1763,4,264,TargetPresentation,1765536155.5634313,2357.144652366638,False
1764,4,264,TargetRemoval,1765536155.5703692,2357.15159034729,True
1765,4,264,TargetReappeared,1765536155.82026,2357.4014835357666,False
1766,4,264,RightResponse,1765536156.7849596,2358.3661818504333,False
1767,4,265,FeedbackPeriodStarted,1765536156.8053465,2358.386568069458,False
1768,4,265,startFixDisplay,1765536156.8054397,2358.386660337448,False
1769,4,265,startFixPeriod,1765536156.9858878,2358.56711101532,False
1770,4,265,TargetPresentation,1765536157.804676,2359.385896921158,False
1771,4,265,TargetDisplacement,1765536158.0128655,2359.594089984894,True
1772,4,265,LeftResponse,1765536158.4642317,2360.0454547405243,False
1773,4,266,FeedbackPeriodStarted,1765536158.484749,2360.0659697055817,False
1774,4,266,startFixDisplay,1765536158.484815,2360.0660347938538,False
1775,4,266,startFixPeriod,1765536158.6929212,2360.274143218994,False
1776,4,266,TargetPresentation,1765536159.4493258,2361.030548810959,False
1777,4,266,TargetRemoval,1765536159.615747,2361.196969985962,True
1778,4,266,TargetReappeared,1765536159.865675,2361.4468982219696,False
1779,4,266,RightResponse,1765536160.296136,2361.877358675003,False
1780,4,267,FeedbackPeriodStarted,1765536160.3167603,2361.8979811668396,False
1781,4,267,startFixDisplay,1765536160.3168755,2361.8980963230133,False
1782,4,267,startFixPeriod,1765536160.5594666,2362.140689611435,False
1783,4,267,TargetPresentation,1765536161.378315,2362.9595382213593,False
1784,4,267,TargetRemoval,1765536161.5447636,2363.1259863376617,True
1785,4,267,TargetReappeared,1765536161.7946327,2363.3758556842804,False
1786,4,267,LeftResponse,1765536162.2113724,2363.792594909668,False
1787,4,268,FeedbackPeriodStarted,1765536162.231749,2363.812972307205,False
1788,4,268,startFixDisplay,1765536162.2318945,2363.8131165504456,False
1789,4,268,startFixPeriod,1765536162.419241,2364.0004642009735,False
1790,4,268,TargetPresentation,1765536163.5433774,2365.1246008872986,False
1791,4,268,TargetDisplacement,1765536163.7235851,2365.3048055171967,True
1792,4,268,RightResponse,1765536164.771956,2366.353178501129,False
1793,4,269,FeedbackPeriodStarted,1765536164.7992961,2366.3805198669434,False
1794,4,269,startFixDisplay,1765536164.7994397,2366.380661725998,False
1795,4,269,startFixPeriod,1765536164.9312856,2366.512508869171,False
1796,4,269,TargetPresentation,1765536165.68759,2367.268812894821,False
1797,4,269,TargetRemoval,1765536165.8677838,2367.449004173279,True
1798,4,269,TargetReappeared,1765536166.1177008,2367.698922395706,False
1799,4,269,RightResponse,1765536166.7214942,2368.302714586258,False
1800,4,270,FeedbackPeriodStarted,1765536166.7420902,2368.323310852051,False
1801,4,270,startFixDisplay,1765536166.7421527,2368.3233726024628,False
1802,4,270,startFixPeriod,1765536166.874193,2368.455418586731,False
1803,4,270,TargetPresentation,1765536167.789998,2369.37122130394,False
1804,4,270,TargetRemoval,1765536168.0675228,2369.648745775223,True
1805,4,270,TargetReappeared,1765536168.3174322,2369.898654937744,False
1806,4,270,RightResponse,1765536168.9631362,2370.5443592071533,False
1807,4,270,FeedbackPeriodStarted,1765536168.9767067,2370.557930469513,False
1808,4,271,startFixDisplay,1765536170.9888766,2372.570099592209,False
1809,4,271,startFixPeriod,1765536170.9957745,2372.576997280121,False
1810,4,271,TargetPresentation,1765536172.2588196,2373.840043067932,False
1811,4,271,TargetRemoval,1765536172.446089,2374.027312517166,True
1812,4,271,TargetReappeared,1765536172.6960833,2374.2773084640503,False
1813,4,271,LeftResponse,1765536173.223677,2374.8049001693726,False
1814,4,272,FeedbackPeriodStarted,1765536173.2439451,2374.8251659870148,False
1815,4,272,startFixDisplay,1765536173.2440135,2374.8252334594727,False
1816,4,272,startFixPeriod,1765536173.4523184,2375.033541917801,False
1817,4,272,TargetPresentation,1765536174.7429996,2376.324222803116,False
1818,4,272,TargetRemoval,1765536176.1862803,2377.767503261566,True
1819,4,272,TargetReappeared,1765536176.4362862,2378.017509698868,False
1820,4,272,RightResponse,1765536177.4425707,2379.0237925052643,False
1821,4,273,FeedbackPeriodStarted,1765536177.463346,2379.0445663928986,False
1822,4,273,startFixDisplay,1765536177.4634626,2379.0446836948395,False
1823,4,273,startFixPeriod,1765536177.7059674,2379.287190437317,False
1824,4,273,TargetPresentation,1765536179.0729587,2380.654179573059,False
1825,4,273,TargetDisplacement,1765536179.25331,2380.834532737732,True
1826,4,273,LeftResponse,1765536180.1765492,2381.757771730423,False
1827,4,274,FeedbackPeriodStarted,1765536180.2039397,2381.7851626873016,False
1828,4,274,startFixDisplay,1765536180.2041166,2381.78533911705,False
1829,4,274,startFixPeriod,1765536180.4329288,2382.014151096344,False
1830,4,274,TargetPresentation,1765536181.0436125,2382.6248331069946,False
1831,4,274,TargetDisplacement,1765536181.230911,2382.812131166458,True
1832,4,274,LeftResponse,1765536182.3829339,2383.9641547203064,False
1833,4,275,FeedbackPeriodStarted,1765536182.4036264,2383.984849691391,False
1834,4,275,startFixDisplay,1765536182.4037719,2383.9849939346313,False
1835,4,275,startFixPeriod,1765536182.5840366,2384.1652598381042,False
1836,4,275,TargetPresentation,1765536183.6526792,2385.233902692795,False
1837,4,275,TargetDisplacement,1765536184.6726172,2386.253837585449,True
1838,4,275,FeedbackPeriodStarted,1765536186.67811,2388.2593338489532,False
1839,4,276,startFixDisplay,1765536187.191546,2388.772768974304,False
1840,4,276,startFixPeriod,1765536187.4554005,2389.0366241931915,False
1841,4,276,TargetPresentation,1765536188.5101051,2390.091329097748,False
1842,4,276,TargetDisplacement,1765536188.67647,2390.257690191269,True
1843,4,276,LeftResponse,1765536189.2668731,2390.8480966091156,False
1844,4,276,FeedbackPeriodStarted,1765536189.2732685,2390.854491710663,False
1845,4,277,startFixDisplay,1765536191.2855809,2392.866803884506,False
1846,4,277,startFixPeriod,1765536191.2924213,2392.873642206192,False
1847,4,277,TargetPresentation,1765536192.1461735,2393.7273967266083,False
1848,4,277,TargetRemoval,1765536192.333339,2393.9145617485046,True
1849,4,277,TargetReappeared,1765536192.5833337,2394.1645567417145,False
1850,4,277,LeftResponse,1765536193.1039119,2394.6851336956024,False
1851,4,278,FeedbackPeriodStarted,1765536193.1313975,2394.7126207351685,False
1852,4,278,startFixDisplay,1765536193.1315458,2394.7127680778503,False
1853,4,278,startFixPeriod,1765536193.325876,2394.9070992469788,False
1854,4,278,TargetPresentation,1765536194.547093,2396.1283190250397,False
1855,4,278,TargetDisplacement,1765536194.720372,2396.301594734192,True
1856,4,278,LeftResponse,1765536195.5951347,2397.1763577461243,False
1857,4,279,FeedbackPeriodStarted,1765536195.6155605,2397.1967833042145,False
1858,4,279,startFixDisplay,1765536195.6157036,2397.1969254016876,False
1859,4,279,startFixPeriod,1765536195.8169484,2397.398171901703,False
1860,4,279,TargetPresentation,1765536196.8994358,2398.4806592464447,False
1861,4,279,TargetDisplacement,1765536197.0796804,2398.6609036922455,True
1862,4,279,RightResponse,1765536197.9475274,2399.528750181198,False
1863,4,280,FeedbackPeriodStarted,1765536197.9679325,2399.5491540431976,False
1864,4,280,startFixDisplay,1765536197.968003,2399.5492231845856,False
1865,4,280,startFixPeriod,1765536198.1275764,2399.7087993621826,False
1866,4,280,TargetPresentation,1765536198.7521117,2400.3333356380463,False
1867,4,280,TargetDisplacement,1765536198.9115636,2400.492784023285,True
1868,4,280,RightResponse,1765536199.6542578,2401.2354788780212,False
1869,4,281,FeedbackPeriodStarted,1765536199.6748,2401.2560205459595,False
1870,4,281,startFixDisplay,1765536199.6748636,2401.256083726883,False
1871,4,281,startFixPeriod,1765536199.855433,2401.43665599823,False
1872,4,281,TargetPresentation,1765536201.0558875,2402.637107849121,False
1873,4,281,TargetDisplacement,1765536201.2432508,2402.824474334717,True
1874,4,281,RightResponse,1765536202.1941428,2403.775365591049,False
1875,4,282,FeedbackPeriodStarted,1765536202.214637,2403.7958602905273,False
1876,4,282,startFixDisplay,1765536202.2147725,2403.7959945201874,False
1877,4,282,startFixPeriod,1765536202.4159255,2403.9971487522125,False
1878,4,282,TargetPresentation,1765536203.0196214,2404.6008446216583,False
1879,4,282,TargetRemoval,1765536203.1861145,2404.7673375606537,True
1880,4,282,TargetReappeared,1765536203.4359643,2405.0171859264374,False
1881,4,282,LeftResponse,1765536204.199524,2405.7807462215424,False
1882,4,282,FeedbackPeriodStarted,1765536204.2061555,2405.787378549576,False
1883,4,283,startFixDisplay,1765536206.2184625,2407.7996854782104,False
1884,4,283,startFixPeriod,1765536206.2255967,2407.8068215847015,False
1885,4,283,TargetPresentation,1765536206.9333375,2408.5145604610443,False
1886,4,283,TargetDisplacement,1765536207.030287,2408.611510038376,True
1887,4,283,RightResponse,1765536207.6413326,2409.2225544452667,False
1888,4,284,FeedbackPeriodStarted,1765536207.6617403,2409.242963552475,False
1889,4,284,startFixDisplay,1765536207.6618826,2409.243104696274,False
1890,4,284,startFixPeriod,1765536207.7937684,2409.374992132187,False
1891,4,284,TargetPresentation,1765536208.73744,2410.31866312027,False
1892,4,284,TargetDisplacement,1765536208.903833,2410.4850554466248,True
1893,4,284,LeftResponse,1765536209.4525201,2411.0337431430817,False
1894,4,285,FeedbackPeriodStarted,1765536209.4729257,2411.0541491508484,False
1895,4,285,startFixDisplay,1765536209.4730968,2411.0543196201324,False
1896,4,285,startFixPeriod,1765536209.6534564,2411.2346799373627,False
1897,4,285,TargetPresentation,1765536211.1036017,2412.6848232746124,False
1898,4,285,TargetDisplacement,1765536211.8113482,2413.392571210861,True
1899,4,285,RightResponse,1765536212.4847667,2414.0659897327423,False
1900,4,286,FeedbackPeriodStarted,1765536212.512304,2414.0935275554657,False
1901,4,286,startFixDisplay,1765536212.512454,2414.093674182892,False
1902,4,286,startFixPeriod,1765536212.8800082,2414.461231470108,False
1903,4,286,TargetPresentation,1765536213.5184104,2415.0996334552765,False
1904,4,286,TargetRemoval,1765536213.6918223,2415.273045063019,True
1905,4,286,TargetReappeared,1765536213.9418404,2415.5230638980865,False
1906,4,286,RightResponse,1765536214.4416716,2416.022893190384,False
1907,4,287,FeedbackPeriodStarted,1765536214.462142,2416.043376684189,False
1908,4,287,startFixDisplay,1765536214.4623742,2416.043596506119,False
1909,4,287,startFixPeriod,1765536214.6217172,2416.2029387950897,False
1910,4,287,TargetPresentation,1765536215.2324698,2416.8136909008026,False
1911,4,287,TargetDisplacement,1765536215.3780332,2416.9592559337616,True
1912,4,287,RightResponse,1765536215.9611897,2417.542411327362,False
1913,4,288,FeedbackPeriodStarted,1765536215.9817557,2417.562978744507,False
1914,4,288,startFixDisplay,1765536215.9818861,2417.563106060028,False
1915,4,288,startFixPeriod,1765536216.1552572,2417.736479997635,False
1916,4,288,TargetPresentation,1765536217.064252,2418.645474910736,False
1917,4,288,TargetDisplacement,1765536217.2306962,2418.8119189739227,True
1918,4,288,LeftResponse,1765536217.7445724,2419.3257949352264,False
1919,4,288,FeedbackPeriodStarted,1765536217.7580028,2419.339223384857,False
1920,4,289,startFixDisplay,1765536219.7704277,2421.3516504764557,False
1921,4,289,startFixPeriod,1765536219.777289,2421.358511686325,False
1922,4,289,TargetPresentation,1765536220.2979302,2421.879153728485,False
1923,4,289,TargetDisplacement,1765536220.464291,2422.0455141067505,True
1924,4,289,LeftResponse,1765536221.6651366,2423.2463574409485,False
1925,4,290,FeedbackPeriodStarted,1765536221.6856027,2423.266825914383,False
1926,4,290,startFixDisplay,1765536221.6857467,2423.2669684886932,False
1927,4,290,startFixPeriod,1765536221.9077592,2423.4889826774597,False
1928,4,290,TargetPresentation,1765536222.4559417,2424.0371646881104,False
1929,4,290,TargetRemoval,1765536222.5807827,2424.162005186081,True
1930,4,290,TargetReappeared,1765536222.8305986,2424.4118196964264,False
1931,4,290,LeftResponse,1765536223.4067461,2424.987966775894,False
1932,4,291,FeedbackPeriodStarted,1765536223.4272354,2425.008455991745,False
1933,4,291,startFixDisplay,1765536223.4273005,2425.0085203647614,False
1934,4,291,startFixPeriod,1765536223.6078176,2425.1890408992767,False
1935,4,291,TargetPresentation,1765536224.5862103,2426.16743350029,False
1936,4,291,TargetRemoval,1765536224.7804227,2426.3616456985474,True
1937,4,291,TargetReappeared,1765536225.0302548,2426.6114761829376,False
1938,4,291,LeftResponse,1765536225.5995724,2427.1807949543,False
1939,4,292,FeedbackPeriodStarted,1765536225.6200154,2427.201236009598,False
1940,4,292,startFixDisplay,1765536225.620088,2427.2013080120087,False
1941,4,292,startFixPeriod,1765536225.7866344,2427.3678574562073,False
1942,4,292,TargetPresentation,1765536226.3903828,2427.9716062545776,False
1943,4,292,TargetDisplacement,1765536226.5915866,2428.1728072166443,True
1944,4,292,RightResponse,1765536227.521819,2429.1030418872833,False
1945,4,293,FeedbackPeriodStarted,1765536227.54207,2429.1232912540436,False
1946,4,293,startFixDisplay,1765536227.5421445,2429.1233644485474,False
1947,4,293,startFixPeriod,1765536227.7227268,2429.3039495944977,False
1948,4,293,TargetPresentation,1765536228.3125448,2429.893768310547,False
1949,4,293,TargetDisplacement,1765536228.5413573,2430.1225802898407,True
1950,4,293,RightResponse,1765536229.0551991,2430.6364216804504,False
1951,4,294,FeedbackPeriodStarted,1765536229.0827808,2430.664004087448,False
1952,4,294,startFixDisplay,1765536229.0829134,2430.664134979248,False
1953,4,294,startFixPeriod,1765536229.2216136,2430.8028371334076,False
1954,4,294,TargetPresentation,1765536230.616337,2432.1975603103638,False
1955,4,294,TargetDisplacement,1765536230.8451438,2432.4263668060303,True
1956,4,294,LeftResponse,1765536231.5184312,2433.099652528763,False
1957,4,294,FeedbackPeriodStarted,1765536231.5323002,2433.1135234832764,False
1958,4,295,startFixDisplay,1765536233.5444007,2435.1256234645844,False
1959,4,295,startFixPeriod,1765536233.8152056,2435.3964278697968,False
1960,4,295,TargetPresentation,1765536235.0364857,2436.6177089214325,False
1961,4,295,TargetDisplacement,1765536235.2167296,2436.797952413559,True
1962,4,295,RightResponse,1765536235.9873593,2437.5685806274414,False
1963,4,296,FeedbackPeriodStarted,1765536236.0078194,2437.589042901993,False
1964,4,296,startFixDisplay,1765536236.007916,2437.589136123657,False
1965,4,296,startFixPeriod,1765536236.1814206,2437.7626416683197,False
1966,4,296,TargetPresentation,1765536237.5830915,2439.164313316345,False
1967,4,296,TargetDisplacement,1765536237.7495825,2439.3308029174805,True
1968,4,296,LeftResponse,1765536238.3394558,2439.9206762313843,False
1969,4,297,FeedbackPeriodStarted,1765536238.36016,2439.9413828849792,False
1970,4,297,startFixDisplay,1765536238.3603027,2439.9415245056152,False
1971,4,297,startFixPeriod,1765536238.5407083,2440.121932029724,False
1972,4,297,TargetPresentation,1765536239.970104,2441.551326751709,False
1973,4,297,TargetDisplacement,1765536240.1435328,2441.724755525589,True
1974,4,297,RightResponse,1765536240.9764066,2442.5576281547546,False
1975,4,298,FeedbackPeriodStarted,1765536240.9970014,2442.5782248973846,False
1976,4,298,startFixDisplay,1765536240.9971733,2442.5783953666687,False
1977,4,298,startFixPeriod,1765536241.1636271,2442.7448506355286,False
1978,4,298,TargetPresentation,1765536242.655531,2444.2367539405823,False
1979,4,298,TargetRemoval,1765536242.7733953,2444.3546183109283,True
1980,4,298,TargetReappeared,1765536243.023322,2444.604545354843,False
1981,4,298,LeftResponse,1765536243.5856028,2445.166825771332,False
1982,4,299,FeedbackPeriodStarted,1765536243.6130502,2445.194270849228,False
1983,4,299,startFixDisplay,1765536243.6131244,2445.194344520569,False
1984,4,299,startFixPeriod,1765536243.7380476,2445.3192710876465,False
1985,4,299,TargetPresentation,1765536245.1466525,2446.727875471115,False
1986,4,299,TargetDisplacement,1765536245.3269975,2446.9082202911377,True
1987,4,299,RightResponse,1765536245.9865906,2447.567813396454,False
1988,4,300,FeedbackPeriodStarted,1765536246.0069265,2447.5881474018097,False
1989,4,300,startFixDisplay,1765536246.006991,2447.5882110595703,False
1990,4,300,startFixPeriod,1765536246.1458836,2447.7271065711975,False
1991,4,300,TargetPresentation,1765536247.0063422,2448.5875651836395,False
1992,4,300,TargetRemoval,1765536247.1658325,2448.747055053711,True
1993,4,300,TargetReappeared,1765536247.4157193,2448.9969420433044,False
1994,4,300,LeftResponse,1765536247.832405,2449.4136271476746,False
1995,4,300,FeedbackPeriodStarted,1765536247.8459017,2449.4271223545074,False
1996,4,301,startFixDisplay,1765536249.8581655,2451.4393882751465,False
1997,4,301,startFixPeriod,1765536249.865151,2451.4463737010956,False
1998,4,301,TargetPresentation,1765536250.5798516,2452.1610746383667,False
1999,4,301,TargetRemoval,1765536250.7879367,2452.369157075882,True
2000,4,301,TargetReappeared,1765536251.037952,2452.619174718857,False
2001,4,301,LeftResponse,1765536251.5864594,2453.167682170868,False
2002,4,302,FeedbackPeriodStarted,1765536251.6068091,2453.188032388687,False
2003,4,302,startFixDisplay,1765536251.6069653,2453.1881885528564,False
2004,4,302,startFixPeriod,1765536251.7734494,2453.3546719551086,False
2005,4,302,TargetPresentation,1765536252.6129804,2454.1942014694214,False
2006,4,302,TargetDisplacement,1765536252.9320853,2454.5133056640625,True
2007,4,302,RightResponse,1765536253.5501232,2455.1313440799713,False
2008,4,303,FeedbackPeriodStarted,1765536253.5706627,2455.1518857479095,False
2009,4,303,startFixDisplay,1765536253.5708137,2455.152035713196,False
2010,4,303,startFixPeriod,1765536253.7440748,2455.325299024582,False
2011,4,303,TargetPresentation,1765536254.6669507,2456.2481713294983,False
2012,4,303,TargetDisplacement,1765536254.8195846,2456.4008073806763,True
2013,4,303,LeftResponse,1765536255.8817568,2457.46297955513,False
2014,4,304,FeedbackPeriodStarted,1765536255.908988,2457.490208387375,False
2015,4,304,startFixDisplay,1765536255.9090514,2457.4902713298798,False
2016,4,304,startFixPeriod,1765536256.0895355,2457.670758485794,False
2017,4,304,TargetPresentation,1765536256.6446269,2458.225848674774,False
2018,4,304,TargetDisplacement,1765536256.8735342,2458.454756975174,True
2019,4,304,RightResponse,1765536257.595434,2459.1766543388367,False
2020,4,305,FeedbackPeriodStarted,1765536257.6160243,2459.197245121002,False
2021,4,305,startFixDisplay,1765536257.6161013,2459.1973214149475,False
2022,4,305,startFixPeriod,1765536257.824343,2459.4055666923523,False
2023,4,305,TargetPresentation,1765536258.9345546,2460.515778064728,False
2024,4,305,TargetRemoval,1765536259.1287122,2460.709934949875,True
2025,4,305,TargetReappeared,1765536259.3786101,2460.95983171463,False
2026,4,305,LeftResponse,1765536260.2671432,2461.8483653068542,False
2027,4,306,FeedbackPeriodStarted,1765536260.2874508,2461.868671655655,False
2028,4,306,startFixDisplay,1765536260.2875185,2461.868738412857,False
2029,4,306,startFixPeriod,1765536260.488864,2462.0700857639313,False
2030,4,306,TargetPresentation,1765536261.7379715,2463.319194793701,False
2031,4,306,TargetDisplacement,1765536261.9459639,2463.5271866321564,True
2032,4,306,LeftResponse,1765536262.598633,2464.179855823517,False
2033,4,306,FeedbackPeriodStarted,1765536262.605244,2464.1864671707153,False
2034,4,307,startFixDisplay,1765536264.6175234,2466.198746442795,False
2035,4,307,startFixPeriod,1765536264.6244686,2466.2056913375854,False
2036,4,307,TargetPresentation,1765536265.151886,2466.7331070899963,False
2037,4,307,TargetRemoval,1765536265.3114302,2466.8926527500153,True
2038,4,307,TargetReappeared,1765536265.5613492,2467.1425726413727,False
2039,4,307,LeftResponse,1765536265.9711492,2467.552371263504,False
2040,4,308,FeedbackPeriodStarted,1765536265.9913566,2467.5725774765015,False
2041,4,308,startFixDisplay,1765536265.9914255,2467.5726454257965,False
2042,4,308,startFixPeriod,1765536266.17885,2467.7600712776184,False
2043,4,308,TargetPresentation,1765536267.5736783,2469.1549015045166,False
2044,4,308,TargetDisplacement,1765536267.760929,2469.3421518802643,True
2045,4,308,LeftResponse,1765536268.5037565,2470.0849792957306,False
2046,4,309,FeedbackPeriodStarted,1765536268.5242412,2470.105464220047,False
2047,4,309,startFixDisplay,1765536268.5243852,2470.1056072711945,False
2048,4,309,startFixPeriod,1765536268.7047386,2470.28596162796,False
2049,4,309,TargetPresentation,1765536269.5859504,2471.16717171669,False
2050,4,309,TargetDisplacement,1765536269.592939,2471.1741621494293,True
2051,4,309,LeftResponse,1765536270.425795,2472.007015943527,False
2052,4,310,FeedbackPeriodStarted,1765536270.4463181,2472.0275411605835,False
2053,4,310,startFixDisplay,1765536270.4464617,2472.027683496475,False
2054,4,310,startFixPeriod,1765536270.75175,2472.3329730033875,False
2055,4,310,TargetPresentation,1765536272.2089982,2473.7902188301086,False
2056,4,310,TargetDisplacement,1765536272.4099758,2473.991196155548,True
2057,4,310,LeftResponse,1765536273.430364,2475.0115854740143,False
2058,4,311,FeedbackPeriodStarted,1765536273.457913,2475.039136171341,False
2059,4,311,startFixDisplay,1765536273.4580839,2475.039306163788,False
2060,4,311,startFixPeriod,1765536273.652344,2475.233567237854,False
2061,4,311,TargetPresentation,1765536274.5612912,2476.1425120830536,False
2062,4,311,TargetRemoval,1765536274.7138638,2476.295086622238,True
2063,4,311,TargetReappeared,1765536274.9638083,2476.545031785965,False
2064,4,311,LeftResponse,1765536275.4427588,2477.023980140686,False
2065,4,312,FeedbackPeriodStarted,1765536275.4702282,2477.0514512062073,False
2066,4,312,startFixDisplay,1765536275.4703724,2477.051594018936,False
2067,4,312,startFixPeriod,1765536275.6507752,2477.231998682022,False
2068,4,312,TargetPresentation,1765536276.3723445,2477.953565597534,False
2069,4,312,TargetDisplacement,1765536276.8510885,2478.432309150696,True
2070,4,312,LeftResponse,1765536277.455044,2479.036265850067,False
2071,4,312,FeedbackPeriodStarted,1765536277.4688177,2479.050040960312,False
2072,4,313,startFixDisplay,1765536279.4809668,2481.062190055847,False
2073,4,313,startFixPeriod,1765536279.5017552,2481.082975625992,False
2074,4,313,TargetPresentation,1765536280.4456286,2482.02685213089,False
2075,4,313,TargetRemoval,1765536280.6189747,2482.2001950740814,True
2076,4,313,TargetReappeared,1765536280.8688588,2482.4500799179077,False
2077,4,313,RightResponse,1765536281.2439897,2482.8252127170563,False
2078,4,314,FeedbackPeriodStarted,1765536281.2642276,2482.8454484939575,False
2079,4,314,startFixDisplay,1765536281.264295,2482.845515012741,False
2080,4,314,startFixPeriod,1765536281.4448898,2483.0261130332947,False
2081,4,314,TargetPresentation,1765536282.73555,2484.3167736530304,False
2082,4,314,TargetDisplacement,1765536282.7424884,2484.323711872101,True
2083,4,314,LeftResponse,1765536283.46424,2485.0454607009888,False
2084,4,315,FeedbackPeriodStarted,1765536283.4848182,2485.0660412311554,False
2085,4,315,startFixDisplay,1765536283.4849653,2485.0661873817444,False
2086,4,315,startFixPeriod,1765536283.6930988,2485.2743213176727,False
2087,4,315,TargetPresentation,1765536285.0947955,2486.6760165691376,False
2088,4,315,TargetDisplacement,1765536285.2611883,2486.842408657074,True
2089,4,315,LeftResponse,1765536285.934665,2487.515887737274,False
2090,4,316,FeedbackPeriodStarted,1765536285.9621255,2487.543348789215,False
2091,4,316,startFixDisplay,1765536285.9622586,2487.5434803962708,False
2092,4,316,startFixPeriod,1765536286.1496367,2487.730860710144,False
2093,4,316,TargetPresentation,1765536287.4957452,2489.07696890831,False
2094,4,316,TargetDisplacement,1765536287.66217,2489.243390083313,True
2095,4,316,RightResponse,1765536288.3215215,2489.9027416706085,False
2096,4,317,FeedbackPeriodStarted,1765536288.34219,2489.923410654068,False
2097,4,317,startFixDisplay,1765536288.3422585,2489.923478603363,False
2098,4,317,startFixPeriod,1765536288.529663,2490.11088681221,False
2099,4,317,TargetPresentation,1765536289.3207266,2490.901950120926,False
2100,4,317,TargetRemoval,1765536289.4801135,2491.061333656311,True
2101,4,317,TargetReappeared,1765536289.7300155,2491.3112370967865,False
2102,4,317,LeftResponse,1765536290.1952307,2491.77645111084,False
2103,4,318,FeedbackPeriodStarted,1765536290.2157145,2491.7969377040863,False
2104,4,318,startFixDisplay,1765536290.2158449,2491.797066926956,False
2105,4,318,startFixPeriod,1765536290.3824246,2491.963648080826,False
2106,4,318,TargetPresentation,1765536291.728568,2493.3097915649414,False
2107,4,318,TargetDisplacement,1765536291.9504125,2493.531632900238,True
2108,4,318,RightResponse,1765536292.5613332,2494.142553806305,False
2109,4,318,FeedbackPeriodStarted,1765536292.5680642,2494.1492850780487,False
2110,4,319,startFixDisplay,1765536294.5802667,2496.1614871025085,False
2111,4,319,startFixPeriod,1765536294.5871384,2496.1683588027954,False
2112,4,319,TargetPresentation,1765536295.1633086,2496.744531393051,False
2113,4,319,TargetDisplacement,1765536295.3437061,2496.9249289035797,True
2114,4,319,RightResponse,1765536295.9685209,2497.5497422218323,False
2115,4,320,FeedbackPeriodStarted,1765536295.9959388,2497.5771617889404,False
2116,4,320,startFixDisplay,1765536295.996098,2497.5773203372955,False
2117,4,320,startFixPeriod,1765536296.3985476,2497.979770898819,False
2118,4,320,TargetPresentation,1765536297.0299704,2498.6111941337585,False
2119,4,320,TargetDisplacement,1765536297.2032394,2498.784459590912,True
2120,4,320,RightResponse,1765536298.0363576,2499.6175804138184,False
2121,4,321,FeedbackPeriodStarted,1765536298.0637455,2499.6449687480927,False
2122,4,321,startFixDisplay,1765536298.0638866,2499.64510846138,False
2123,4,321,startFixPeriod,1765536298.278943,2499.8601660728455,False
2124,4,321,TargetPresentation,1765536298.8479161,2500.4291372299194,False
2125,4,321,TargetDisplacement,1765536299.0213397,2500.6025624275208,True
2126,4,321,LeftResponse,1765536299.6392486,2501.220471382141,False
2127,4,322,FeedbackPeriodStarted,1765536299.666666,2501.247888803482,False
2128,4,322,startFixDisplay,1765536299.6668048,2501.248026609421,False
2129,4,322,startFixPeriod,1765536299.8471563,2501.428377389908,False
2130,4,322,TargetPresentation,1765536300.4369724,2502.0181937217712,False
2131,4,322,TargetDisplacement,1765536300.6242926,2502.2055151462555,True
2132,4,322,LeftResponse,1765536301.34616,2502.9273805618286,False
2133,4,323,FeedbackPeriodStarted,1765536301.3667827,2502.9480061531067,False
2134,4,323,startFixDisplay,1765536301.3669207,2502.948142528534,False
2135,4,323,startFixPeriod,1765536301.4918594,2503.073082923889,False
2136,4,323,TargetPresentation,1765536302.2342832,2503.815506696701,False
2137,4,323,TargetRemoval,1765536302.3937519,2503.9749748706818,True
2138,4,323,TargetReappeared,1765536302.6436572,2504.2248804569244,False
2139,4,323,LeftResponse,1765536303.3792713,2504.9604918956757,False
2140,4,324,FeedbackPeriodStarted,1765536303.3998835,2504.9811067581177,False
2141,4,324,startFixDisplay,1765536303.4000256,2504.9812474250793,False
2142,4,324,startFixPeriod,1765536303.566554,2505.1477773189545,False
2143,4,324,TargetPresentation,1765536304.725295,2506.3065180778503,False
2144,4,324,TargetDisplacement,1765536304.898678,2506.479900598526,True
2145,4,324,LeftResponse,1765536305.808294,2507.389516353607,False
2146,4,324,FeedbackPeriodStarted,1765536305.821729,2507.4029524326324,False
2147,4,325,startFixDisplay,1765536307.9172525,2509.498475790024,False
2148,4,325,startFixPeriod,1765536308.1672206,2509.748441696167,False
2149,4,325,TargetPresentation,1765536309.6590743,2511.240298986435,False
2150,4,325,TargetRemoval,1765536309.832386,2511.4136085510254,True
2151,4,325,TargetReappeared,1765536310.0823228,2511.6635463237762,False
2152,4,325,RightResponse,1765536310.4989345,2512.080155611038,False
2153,4,326,FeedbackPeriodStarted,1765536310.5262668,2512.1074874401093,False
2154,4,326,startFixDisplay,1765536310.526327,2512.1075468063354,False
2155,4,326,startFixPeriod,1765536310.7970781,2512.3783020973206,False
2156,4,326,TargetPresentation,1765536311.4423852,2513.0236082077026,False
2157,4,326,TargetDisplacement,1765536311.449261,2513.0304827690125,True
2158,4,326,LeftResponse,1765536312.3101456,2513.8913671970367,False
2159,4,327,FeedbackPeriodStarted,1765536312.3373396,2513.918560028076,False
2160,4,327,startFixDisplay,1765536312.337402,2513.9186220169067,False
2161,4,327,startFixPeriod,1765536312.6705868,2514.2518100738525,False
2162,4,327,TargetPresentation,1765536314.1139169,2515.6951384544373,False
2163,4,327,TargetDisplacement,1765536314.134722,2515.715945005417,True
2164,4,327,RightResponse,1765536314.960724,2516.5419471263885,False
2165,4,328,FeedbackPeriodStarted,1765536314.9810894,2516.562310218811,False
2166,4,328,startFixDisplay,1765536314.9811583,2516.562378168106,False
2167,4,328,startFixPeriod,1765536315.1614633,2516.7426841259003,False
2168,4,328,TargetPresentation,1765536315.9111254,2517.492347240448,False
2169,4,328,TargetDisplacement,1765536316.0706663,2517.6518890857697,True
2170,4,328,RightResponse,1765536317.097799,2518.6790204048157,False
2171,4,329,FeedbackPeriodStarted,1765536317.125368,2518.7065913677216,False
2172,4,329,startFixDisplay,1765536317.125503,2518.706724882126,False
2173,4,329,startFixPeriod,1765536317.3126879,2518.8939111232758,False
2174,4,329,TargetPresentation,1765536318.4647071,2520.0459303855896,False
2175,4,329,TargetDisplacement,1765536318.4716456,2520.0528688430786,True
2176,4,329,LeftResponse,1765536319.2284029,2520.8096253871918,False
2177,4,329,FeedbackPeriodStarted,1765536319.2764955,2520.857718706131,False
2178,5,330,startFixDisplay,1765536323.6203573,2525.2015805244446,False
2179,5,330,startFixPeriod,1765536323.863175,2525.4443967342377,False
2180,5,330,TargetPresentation,1765536325.2996256,2526.8808488845825,False
2181,5,330,TargetDisplacement,1765536325.4729426,2527.0541627407074,True
2182,5,330,RightResponse,1765536326.1396658,2527.7208886146545,False
2183,5,331,FeedbackPeriodStarted,1765536326.1669154,2527.748138189316,False
2184,5,331,startFixDisplay,1765536326.167075,2527.7482986450195,False
2185,5,331,startFixPeriod,1765536326.3475082,2527.9287316799164,False
2186,5,331,TargetPresentation,1765536327.3536608,2528.934883594513,False
2187,5,331,TargetRemoval,1765536327.5200613,2529.1012818813324,True
2188,5,331,TargetReappeared,1765536327.770002,2529.3512234687805,False
2189,5,331,LeftResponse,1765536328.4364111,2530.017632007599,False
2190,5,332,FeedbackPeriodStarted,1765536328.4567208,2530.037941455841,False
2191,5,332,startFixDisplay,1765536328.4567885,2530.0380086898804,False
2192,5,332,startFixPeriod,1765536328.7414753,2530.322698354721,False
2193,5,332,TargetPresentation,1765536329.345228,2530.9264512062073,False
2194,5,332,TargetRemoval,1765536329.5185807,2531.099804162979,True
2195,5,332,TargetReappeared,1765536329.7683778,2531.3496010303497,False
2196,5,332,RightResponse,1765536330.7402575,2532.321478366852,False
2197,5,333,FeedbackPeriodStarted,1765536330.760629,2532.3418498039246,False
2198,5,333,startFixDisplay,1765536330.7606957,2532.3419156074524,False
2199,5,333,startFixPeriod,1765536330.899587,2532.480810403824,False
2200,5,333,TargetPresentation,1765536331.6489518,2533.2301754951477,False
2201,5,333,TargetDisplacement,1765536331.8222165,2533.403436899185,True
2202,5,333,RightResponse,1765536332.585907,2534.1671438217163,False
2203,5,334,FeedbackPeriodStarted,1765536332.6133075,2534.194530725479,False
2204,5,334,startFixDisplay,1765536332.6134589,2534.194680929184,False
2205,5,334,startFixPeriod,1765536332.800766,2534.3819880485535,False
2206,5,334,TargetPresentation,1765536333.6820533,2535.2632987499237,False
2207,5,334,TargetRemoval,1765536333.8346472,2535.4158701896667,True
2208,5,334,TargetReappeared,1765536334.0845268,2535.665750026703,False
2209,5,334,RightResponse,1765536334.7022812,2536.2835030555725,False
2210,5,335,FeedbackPeriodStarted,1765536334.729759,2536.3109822273254,False
2211,5,335,startFixDisplay,1765536334.729899,2536.31112074852,False
2212,5,335,startFixPeriod,1765536334.924209,2536.505429983139,False
2213,5,335,TargetPresentation,1765536335.9164023,2537.497625350952,False
2214,5,335,TargetDisplacement,1765536335.923316,2537.504536628723,True
2215,5,335,RightResponse,1765536336.8880107,2538.469231367111,False
2216,5,336,FeedbackPeriodStarted,1765536336.9085746,2538.489797592163,False
2217,5,336,startFixDisplay,1765536336.9087155,2538.4899373054504,False
2218,5,336,startFixPeriod,1765536337.0891411,2538.6703646183014,False
2219,5,336,TargetPresentation,1765536338.0883536,2539.669576406479,False
2220,5,336,TargetDisplacement,1765536338.268696,2539.8499188423157,True
2221,5,336,RightResponse,1765536338.9494302,2540.5306508541107,False
2222,5,336,FeedbackPeriodStarted,1765536338.9557326,2540.536955356598,False
2223,5,337,startFixDisplay,1765536340.9679124,2542.5491354465485,False
2224,5,337,startFixPeriod,1765536341.2457054,2542.8269288539886,False
2225,5,337,TargetPresentation,1765536342.6473188,2544.228540420532,False
2226,5,337,TargetRemoval,1765536342.806808,2544.388030767441,True
2227,5,337,TargetReappeared,1765536343.0567546,2544.6379783153534,False
2228,5,337,LeftResponse,1765536343.778742,2545.3599648475647,False
2229,5,338,FeedbackPeriodStarted,1765536343.79899,2545.380210876465,False
2230,5,338,startFixDisplay,1765536343.7990696,2545.380290031433,False
2231,5,338,startFixPeriod,1765536343.986625,2545.5678486824036,False
2232,5,338,TargetPresentation,1765536344.5070274,2546.0882499217987,False
2233,5,338,TargetRemoval,1765536344.666468,2546.2476904392242,True
2234,5,338,TargetReappeared,1765536344.9164393,2546.4976613521576,False
2235,5,338,LeftResponse,1765536345.4577467,2547.0389676094055,False
2236,5,339,FeedbackPeriodStarted,1765536345.478341,2547.0595643520355,False
2237,5,339,startFixDisplay,1765536345.4784768,2547.0596985816956,False
2238,5,339,startFixPeriod,1765536345.4852748,2547.0664978027344,False
2239,5,339,TargetPresentation,1765536346.8454852,2548.4267072677612,False
2240,5,339,TargetRemoval,1765536347.0465267,2548.6277470588684,True
2241,5,339,TargetReappeared,1765536347.29648,2548.8777034282684,False
2242,5,339,LeftResponse,1765536347.8656425,2549.446864128113,False
2243,5,340,FeedbackPeriodStarted,1765536347.8932905,2549.4745140075684,False
2244,5,340,startFixDisplay,1765536347.893438,2549.474660396576,False
2245,5,340,startFixPeriod,1765536348.1083434,2549.689565896988,False
2246,5,340,TargetPresentation,1765536349.4128718,2550.9940950870514,False
2247,5,340,TargetDisplacement,1765536349.5792987,2551.160521507263,True
2248,5,340,LeftResponse,1765536350.3844645,2551.9656851291656,False
2249,5,341,FeedbackPeriodStarted,1765536350.4119565,2551.993177175522,False
2250,5,341,startFixDisplay,1765536350.4120214,2551.993241548538,False
2251,5,341,startFixPeriod,1765536350.5925403,2552.173762321472,False
2252,5,341,TargetPresentation,1765536351.2794795,2552.8607013225555,False
2253,5,341,TargetRemoval,1765536351.4528985,2553.0341215133667,True
2254,5,341,TargetReappeared,1765536351.7028158,2553.284039258957,False
2255,5,341,LeftResponse,1765536352.272123,2553.8533453941345,False
2256,5,342,FeedbackPeriodStarted,1765536352.2927296,2553.873950242996,False
2257,5,342,startFixDisplay,1765536352.2928116,2553.874032020569,False
2258,5,342,startFixPeriod,1765536352.4453216,2554.02654504776,False
2259,5,342,TargetPresentation,1765536352.9656045,2554.546827316284,False
2260,5,342,TargetRemoval,1765536353.2708793,2554.852102279663,True
2261,5,342,TargetReappeared,1765536353.5208478,2555.1020715236664,False
2262,5,342,RightResponse,1765536354.1804214,2555.761642217636,False
2263,5,342,FeedbackPeriodStarted,1765536354.1870344,2555.7682576179504,False
2264,5,343,startFixDisplay,1765536356.1990962,2557.7803168296814,False
2265,5,343,startFixPeriod,1765536356.4213917,2558.002613544464,False
2266,5,343,TargetPresentation,1765536357.3719938,2558.95321726799,False
2267,5,343,TargetDisplacement,1765536357.5453587,2559.1265816688538,True
2268,5,343,LeftResponse,1765536358.4475634,2560.0287845134735,False
2269,5,344,FeedbackPeriodStarted,1765536358.4681356,2560.0493562221527,False
2270,5,344,startFixDisplay,1765536358.4682014,2560.049421310425,False
2271,5,344,startFixPeriod,1765536358.6487706,2560.2299938201904,False
2272,5,344,TargetPresentation,1765536359.7799027,2561.3611261844635,False
2273,5,344,TargetDisplacement,1765536359.9531808,2561.5344009399414,True
2274,5,344,LeftResponse,1765536360.612792,2562.1940145492554,False
2275,5,345,FeedbackPeriodStarted,1765536360.6333604,2562.21458363533,False
2276,5,345,startFixDisplay,1765536360.6335108,2562.2147328853607,False
2277,5,345,startFixPeriod,1765536360.6401918,2562.2214148044586,False
2278,5,345,TargetPresentation,1765536361.82691,2563.408133506775,False
2279,5,345,TargetDisplacement,1765536362.0348825,2563.6161053180695,True
2280,5,345,LeftResponse,1765536362.729187,2564.3104083538055,False
2281,5,346,FeedbackPeriodStarted,1765536362.756609,2564.337832212448,False
2282,5,346,startFixDisplay,1765536362.7567606,2564.337982416153,False
2283,5,346,startFixPeriod,1765536362.7635207,2564.3447420597076,False
2284,5,346,TargetPresentation,1765536364.0612166,2565.6424374580383,False
2285,5,346,TargetRemoval,1765536364.0750916,2565.6563153266907,True
2286,5,346,TargetReappeared,1765536364.3248837,2565.9061069488525,False
2287,5,346,LeftResponse,1765536364.9288383,2566.5100605487823,False
2288,5,347,FeedbackPeriodStarted,1765536364.949211,2566.530431509018,False
2289,5,347,startFixDisplay,1765536364.9492729,2566.530492782593,False
2290,5,347,startFixPeriod,1765536365.157461,2566.738682985306,False
2291,5,347,TargetPresentation,1765536366.5037959,2568.0850174427032,False
2292,5,347,TargetDisplacement,1765536366.6632535,2568.2444763183594,True
2293,5,347,RightResponse,1765536367.5934546,2569.1746759414673,False
2294,5,348,FeedbackPeriodStarted,1765536367.6209471,2569.2021708488464,False
2295,5,348,startFixDisplay,1765536367.6211412,2569.202363729477,False
2296,5,348,startFixPeriod,1765536367.808375,2569.3895983695984,False
2297,5,348,TargetPresentation,1765536368.578518,2570.159738779068,False
2298,5,348,TargetDisplacement,1765536368.7449977,2570.3262178897858,True
2299,5,348,RightResponse,1765536369.7446485,2571.3258714675903,False
2300,5,348,FeedbackPeriodStarted,1765536369.7581315,2571.3393523693085,False
2301,5,349,startFixDisplay,1765536371.7704566,2573.3516795635223,False
2302,5,349,startFixPeriod,1765536371.777303,2573.35852599144,False
2303,5,349,TargetPresentation,1765536372.3811278,2573.9623517990112,False
2304,5,349,TargetRemoval,1765536372.5682728,2574.149493455887,True
2305,5,349,TargetReappeared,1765536372.8182714,2574.3994946479797,False
2306,5,349,LeftResponse,1765536373.2904534,2574.87167429924,False
2307,5,350,FeedbackPeriodStarted,1765536373.3109822,2574.892205476761,False
2308,5,350,startFixDisplay,1765536373.3111508,2574.8923728466034,False
2309,5,350,startFixPeriod,1765536373.4636967,2575.0449199676514,False
2310,5,350,TargetPresentation,1765536373.9702263,2575.5514476299286,False
2311,5,350,TargetRemoval,1765536374.150481,2575.7317037582397,True
2312,5,350,TargetReappeared,1765536374.4004273,2575.981649875641,False
2313,5,350,LeftResponse,1765536374.9557145,2576.536936044693,False
2314,5,351,FeedbackPeriodStarted,1765536374.9832554,2576.564478635788,False
2315,5,351,startFixDisplay,1765536374.9834049,2576.5646266937256,False
2316,5,351,startFixPeriod,1765536375.1291046,2576.710329055786,False
2317,5,351,TargetPresentation,1765536375.7119508,2577.293174266815,False
2318,5,351,TargetRemoval,1765536375.9406648,2577.5218851566315,True
2319,5,351,TargetReappeared,1765536376.1907418,2577.771965265274,False
2320,5,351,LeftResponse,1765536376.7114143,2578.292636871338,False
2321,5,352,FeedbackPeriodStarted,1765536376.7319767,2578.31320977211,False
2322,5,352,startFixDisplay,1765536376.7322218,2578.313444375992,False
2323,5,352,startFixPeriod,1765536376.8844843,2578.4657051563263,False
2324,5,352,TargetPresentation,1765536377.6132922,2579.19451379776,False
2325,5,352,TargetDisplacement,1765536377.8490028,2579.430225610733,True
2326,5,352,LeftResponse,1765536378.7793608,2580.360583305359,False
2327,5,353,FeedbackPeriodStarted,1765536378.8066611,2580.387883901596,False
2328,5,353,startFixDisplay,1765536378.806803,2580.3880245685577,False
2329,5,353,startFixPeriod,1765536378.959429,2580.5406527519226,False
2330,5,353,TargetPresentation,1765536380.180699,2581.7619223594666,False
2331,5,353,TargetDisplacement,1765536380.3471732,2581.928395986557,True
2332,5,353,RightResponse,1765536381.1802764,2582.7614991664886,False
2333,5,354,FeedbackPeriodStarted,1765536381.2004685,2582.7816894054413,False
2334,5,354,startFixDisplay,1765536381.2005386,2582.781758785248,False
2335,5,354,startFixPeriod,1765536381.3811853,2582.9624087810516,False
2336,5,354,TargetPresentation,1765536382.026472,2583.607694387436,False
2337,5,354,TargetDisplacement,1765536382.1997948,2583.7810175418854,True
2338,5,354,LeftResponse,1765536383.206435,2584.787657260895,False
2339,5,354,FeedbackPeriodStarted,1765536383.213092,2584.794314146042,False
2340,5,355,startFixDisplay,1765536385.2252753,2586.8064987659454,False
2341,5,355,startFixPeriod,1765536385.2321553,2586.813378095627,False
2342,5,355,TargetPresentation,1765536386.6409051,2588.2221286296844,False
2343,5,355,TargetRemoval,1765536386.821216,2588.402438879013,True
2344,5,355,TargetReappeared,1765536387.0712287,2588.6524517536163,False
2345,5,355,RightResponse,1765536387.6473794,2589.2286009788513,False
2346,5,356,FeedbackPeriodStarted,1765536387.6747026,2589.255925655365,False
2347,5,356,startFixDisplay,1765536387.6748452,2589.2560670375824,False
2348,5,356,startFixPeriod,1765536387.8830738,2589.4642951488495,False
2349,5,356,TargetPresentation,1765536388.583895,2590.1651186943054,False
2350,5,356,TargetDisplacement,1765536388.6670895,2590.248313188553,True
2351,5,356,LeftResponse,1765536389.4305325,2591.0117535591125,False
2352,5,357,FeedbackPeriodStarted,1765536389.4580367,2591.0392599105835,False
2353,5,357,startFixDisplay,1765536389.4582138,2591.0394339561462,False
2354,5,357,startFixPeriod,1765536389.5762184,2591.157440662384,False
2355,5,357,TargetPresentation,1765536390.1521614,2591.733384847641,False
2356,5,357,TargetDisplacement,1765536390.3116086,2591.8928315639496,True
2357,5,357,RightResponse,1765536391.3526943,2592.933914899826,False
2358,5,358,FeedbackPeriodStarted,1765536391.37337,2592.9545929431915,False
2359,5,358,startFixDisplay,1765536391.3735023,2592.9547243118286,False
2360,5,358,startFixPeriod,1765536391.6647432,2593.24596452713,False
2361,5,358,TargetPresentation,1765536392.6708748,2594.2520978450775,False
2362,5,358,TargetDisplacement,1765536392.8512607,2594.4324836730957,True
2363,5,358,RightResponse,1765536393.6077635,2595.188984155655,False
2364,5,359,FeedbackPeriodStarted,1765536393.628463,2595.2096865177155,False
2365,5,359,startFixDisplay,1765536393.6286125,2595.209834575653,False
2366,5,359,startFixPeriod,1765536393.7951107,2595.3763341903687,False
2367,5,359,TargetPresentation,1765536395.2939208,2596.8751442432404,False
2368,5,359,TargetRemoval,1765536395.300856,2596.8820791244507,True
2369,5,359,TargetReappeared,1765536395.5506644,2597.1318876743317,False
2370,5,359,LeftResponse,1765536396.2655098,2597.8467304706573,False
2371,5,360,FeedbackPeriodStarted,1765536396.2861052,2597.867325782776,False
2372,5,360,startFixDisplay,1765536396.286172,2597.8673918247223,False
2373,5,360,startFixPeriod,1765536396.4735043,2598.0547263622284,False
2374,5,360,TargetPresentation,1765536397.4034424,2598.984666109085,False
2375,5,360,TargetDisplacement,1765536397.6044252,2599.1856455802917,True
2376,5,360,LeftResponse,1765536398.1946025,2599.775823354721,False
2377,5,360,FeedbackPeriodStarted,1765536398.2012644,2599.7824873924255,False
2378,5,361,startFixDisplay,1765536400.2135668,2601.794789791107,False
2379,5,361,startFixPeriod,1765536400.4079628,2601.9891860485077,False
2380,5,361,TargetPresentation,1765536401.1503704,2602.731591463089,False
2381,5,361,TargetRemoval,1765536401.3723693,2602.9535896778107,True
2382,5,361,TargetReappeared,1765536401.6223435,2603.2035653591156,False
2383,5,361,LeftResponse,1765536402.136086,2603.717309474945,False
2384,5,362,FeedbackPeriodStarted,1765536402.1634336,2603.744653940201,False
2385,5,362,startFixDisplay,1765536402.1634948,2603.744714975357,False
2386,5,362,startFixPeriod,1765536402.3028018,2603.884025812149,False
2387,5,362,TargetPresentation,1765536403.2529595,2604.8341810703278,False
2388,5,362,TargetRemoval,1765536403.4888778,2605.0701003074646,True
2389,5,362,TargetReappeared,1765536403.7387476,2605.3199706077576,False
2390,5,362,LeftResponse,1765536404.1484919,2605.729714155197,False
2391,5,363,FeedbackPeriodStarted,1765536404.175843,2605.7570657730103,False
2392,5,363,startFixDisplay,1765536404.1759844,2605.7572062015533,False
2393,5,363,startFixPeriod,1765536404.363243,2605.944466114044,False
2394,5,363,TargetPresentation,1765536405.0085716,2606.5897936820984,False
2395,5,363,TargetRemoval,1765536405.209764,2606.7909870147705,True
2396,5,363,TargetReappeared,1765536405.4595506,2607.0407741069794,False
2397,5,363,RightResponse,1765536405.93187,2607.5130927562714,False
2398,5,364,FeedbackPeriodStarted,1765536405.9593306,2607.5405535697937,False
2399,5,364,startFixDisplay,1765536405.959472,2607.540693759918,False
2400,5,364,startFixPeriod,1765536406.0980382,2607.6792619228363,False
2401,5,364,TargetPresentation,1765536407.471842,2609.0530655384064,False
2402,5,364,TargetDisplacement,1765536407.6592052,2609.2404279708862,True
2403,5,364,RightResponse,1765536408.50621,2610.0874309539795,False
2404,5,365,FeedbackPeriodStarted,1765536408.5267541,2610.1079773902893,False
2405,5,365,startFixDisplay,1765536408.526946,2610.108167886734,False
2406,5,365,startFixPeriod,1765536408.6862226,2610.26744389534,False
2407,5,365,TargetPresentation,1765536409.3315945,2610.91281580925,False
2408,5,365,TargetRemoval,1765536409.3385339,2610.9197556972504,True
2409,5,365,TargetReappeared,1765536409.5883765,2611.169600009918,False
2410,5,365,LeftResponse,1765536410.4559596,2612.0371820926666,False
2411,5,366,FeedbackPeriodStarted,1765536410.4834392,2612.064662218094,False
2412,5,366,startFixDisplay,1765536410.4835548,2612.064774751663,False
2413,5,366,startFixPeriod,1765536410.7818608,2612.363084077835,False
2414,5,366,TargetPresentation,1765536411.6909096,2613.2721326351166,False
2415,5,366,TargetDisplacement,1765536411.8503773,2613.43160033226,True
2416,5,366,LeftResponse,1765536412.475346,2614.0565690994263,False
2417,5,366,FeedbackPeriodStarted,1765536412.4818223,2614.063045501709,False
2418,5,367,startFixDisplay,1765536414.4941757,2616.075398683548,False
2419,5,367,startFixPeriod,1765536414.7719038,2616.353127002716,False
2420,5,367,TargetPresentation,1765536415.9583385,2617.5395617485046,False
2421,5,367,TargetDisplacement,1765536416.1178448,2617.699067592621,True
2422,5,367,LeftResponse,1765536416.867566,2618.4487867355347,False
2423,5,368,FeedbackPeriodStarted,1765536416.8881083,2618.4693291187286,False
2424,5,368,startFixDisplay,1765536416.888178,2618.4693982601166,False
2425,5,368,startFixPeriod,1765536417.0548713,2618.6360948085785,False
2426,5,368,TargetPresentation,1765536418.2275367,2619.8087577819824,False
2427,5,368,TargetDisplacement,1765536418.414783,2619.9960057735443,True
2428,5,368,RightResponse,1765536419.039565,2620.620787858963,False
2429,5,369,FeedbackPeriodStarted,1765536419.0671167,2620.6483404636383,False
2430,5,369,startFixDisplay,1765536419.0672524,2620.6484744548798,False
2431,5,369,startFixPeriod,1765536419.303131,2620.8843545913696,False
2432,5,369,TargetPresentation,1765536420.2745678,2621.8557918071747,False
2433,5,369,TargetDisplacement,1765536420.461651,2622.0428714752197,True
2434,5,369,LeftResponse,1765536421.1217027,2622.7029237747192,False
2435,5,370,FeedbackPeriodStarted,1765536421.148768,2622.7299914360046,False
2436,5,370,startFixDisplay,1765536421.1488993,2622.7301213741302,False
2437,5,370,startFixPeriod,1765536421.3501663,2622.931388616562,False
2438,5,370,TargetPresentation,1765536422.5365422,2624.11776304245,False
2439,5,370,TargetDisplacement,1765536422.716937,2624.298159599304,True
2440,5,370,LeftResponse,1765536423.2515216,2624.8327429294586,False
2441,5,371,FeedbackPeriodStarted,1765536423.2790852,2624.860308408737,False
2442,5,371,startFixDisplay,1765536423.279227,2624.8604488372803,False
2443,5,371,startFixPeriod,1765536423.438723,2625.019944190979,False
2444,5,371,TargetPresentation,1765536424.2644608,2625.8456819057465,False
2445,5,371,TargetRemoval,1765536424.4378483,2626.019071340561,True
2446,5,371,TargetReappeared,1765536424.6877522,2626.268975496292,False
2447,5,371,RightResponse,1765536425.2917593,2626.872982263565,False
2448,5,372,FeedbackPeriodStarted,1765536425.319139,2626.9003620147705,False
2449,5,372,startFixDisplay,1765536425.3192823,2626.9005041122437,False
2450,5,372,startFixPeriod,1765536425.450987,2627.032210111618,False
2451,5,372,TargetPresentation,1765536426.7763605,2628.357583999634,False
2452,5,372,TargetDisplacement,1765536426.9428182,2628.524040699005,True
2453,5,372,LeftResponse,1765536427.5606108,2629.141831636429,False
2454,5,372,FeedbackPeriodStarted,1765536427.5675073,2629.1487307548523,False
2455,5,373,startFixDisplay,1765536429.5796528,2631.1608760356903,False
2456,5,373,startFixPeriod,1765536429.5865386,2631.1677589416504,False
2457,5,373,TargetPresentation,1765536430.5721397,2632.153363466263,False
2458,5,373,TargetRemoval,1765536430.7385128,2632.3197355270386,True
2459,5,373,TargetReappeared,1765536430.9883683,2632.5695893764496,False
2460,5,373,RightResponse,1765536431.432774,2633.0139968395233,False
2461,5,374,FeedbackPeriodStarted,1765536431.453117,2633.034337759018,False
2462,5,374,startFixDisplay,1765536431.45318,2633.034399986267,False
2463,5,374,startFixPeriod,1765536431.6475668,2633.228789806366,False
2464,5,374,TargetPresentation,1765536432.5497105,2634.130932331085,False
2465,5,374,TargetDisplacement,1765536432.8549325,2634.436155319214,True
2466,5,374,RightResponse,1765536433.8958743,2635.4770951271057,False
2467,5,375,FeedbackPeriodStarted,1765536433.9235494,2635.5047726631165,False
2468,5,375,startFixDisplay,1765536433.9236934,2635.5049152374268,False
2469,5,375,startFixPeriod,1765536434.1247394,2635.705961227417,False
2470,5,375,TargetPresentation,1765536435.5821452,2637.163369178772,False
2471,5,375,TargetDisplacement,1765536435.7622578,2637.3434784412384,True
2472,5,375,RightResponse,1765536436.3593676,2637.9405879974365,False
2473,5,376,FeedbackPeriodStarted,1765536436.3800151,2637.961238384247,False
2474,5,376,startFixDisplay,1765536436.380292,2637.961521625519,False
2475,5,376,startFixPeriod,1765536436.567405,2638.148627281189,False
2476,5,376,TargetPresentation,1765536437.6707265,2639.2519495487213,False
2477,5,376,TargetDisplacement,1765536437.8371112,2639.4183349609375,True
2478,5,376,LeftResponse,1765536438.3994644,2639.980686187744,False
2479,5,377,FeedbackPeriodStarted,1765536438.4204109,2640.001634120941,False
2480,5,377,startFixDisplay,1765536438.4205434,2640.0017652511597,False
2481,5,377,startFixPeriod,1765536438.5658607,2640.147084236145,False
2482,5,377,TargetPresentation,1765536440.0299973,2641.611218690872,False
2483,5,377,TargetDisplacement,1765536440.2381337,2641.8193566799164,True
2484,5,377,LeftResponse,1765536440.8905675,2642.4717881679535,False
2485,5,378,FeedbackPeriodStarted,1765536440.911111,2642.4923317432404,False
2486,5,378,startFixDisplay,1765536440.9111764,2642.4923963546753,False
2487,5,378,startFixPeriod,1765536441.0431283,2642.6243517398834,False
2488,5,378,TargetPresentation,1765536442.1533422,2643.734564304352,False
2489,5,378,TargetRemoval,1765536442.3476183,2643.9288415908813,True
2490,5,378,TargetReappeared,1765536442.597461,2644.1786844730377,False
2491,5,378,LeftResponse,1765536443.0417187,2644.622940301895,False
2492,5,378,FeedbackPeriodStarted,1765536443.055483,2644.6367042064667,False
2493,5,379,startFixDisplay,1765536445.067601,2646.648823738098,False
2494,5,379,startFixPeriod,1765536445.074631,2646.65585398674,False
2495,5,379,TargetPresentation,1765536446.4347007,2648.0159220695496,False
2496,5,379,TargetRemoval,1765536446.587259,2648.1684794425964,True
2497,5,379,TargetReappeared,1765536446.8371956,2648.4184186458588,False
2498,5,379,RightResponse,1765536447.3507204,2648.9319410324097,False
2499,5,380,FeedbackPeriodStarted,1765536447.3713562,2648.9525775909424,False
2500,5,380,startFixDisplay,1765536447.3714497,2648.952670097351,False
2501,5,380,startFixPeriod,1765536447.531196,2649.1124193668365,False
2502,5,380,TargetPresentation,1765536448.6899495,2650.2711730003357,False
2503,5,380,TargetRemoval,1765536449.0228884,2650.604111433029,True
2504,5,380,TargetReappeared,1765536449.2728744,2650.8540976047516,False
2505,5,380,LeftResponse,1765536449.6758397,2651.25706076622,False
2506,5,381,FeedbackPeriodStarted,1765536449.702957,2651.2841799259186,False
2507,5,381,startFixDisplay,1765536449.703103,2651.2843248844147,False
2508,5,381,startFixPeriod,1765536449.8834763,2651.464699983597,False
2509,5,381,TargetPresentation,1765536450.7231593,2652.3043830394745,False
2510,5,381,TargetDisplacement,1765536450.9242013,2652.505423784256,True
2511,5,381,RightResponse,1765536451.7986038,2653.379824399948,False
2512,5,382,FeedbackPeriodStarted,1765536451.8192356,2653.4004559516907,False
2513,5,382,startFixDisplay,1765536451.8193011,2653.4005212783813,False
2514,5,382,startFixPeriod,1765536451.9513361,2653.5325593948364,False
2515,5,382,TargetPresentation,1765536453.075451,2654.6566739082336,False
2516,5,382,TargetRemoval,1765536453.2349248,2654.8161478042603,True
2517,5,382,TargetReappeared,1765536453.4848154,2655.066036939621,False
2518,5,382,LeftResponse,1765536454.081731,2655.66295170784,False
2519,5,383,FeedbackPeriodStarted,1765536454.1093323,2655.690556049347,False
2520,5,383,startFixDisplay,1765536454.109466,2655.6906881332397,False
2521,5,383,startFixPeriod,1765536454.3937104,2655.974931001663,False
2522,5,383,TargetPresentation,1765536455.205752,2656.78697347641,False
2523,5,383,TargetRemoval,1765536455.4137483,2656.9949712753296,True
2524,5,383,TargetReappeared,1765536455.663669,2657.2448921203613,False
2525,5,383,RightResponse,1765536456.1704695,2657.7516918182373,False
2526,5,384,FeedbackPeriodStarted,1765536456.1978908,2657.77911400795,False
2527,5,384,startFixDisplay,1765536456.198032,2657.779253721237,False
2528,5,384,startFixPeriod,1765536456.3506615,2657.931884765625,False
2529,5,384,TargetPresentation,1765536457.4192994,2659.000522375107,False
2530,5,384,TargetRemoval,1765536457.6133811,2659.1946012973785,True
2531,5,384,TargetReappeared,1765536457.8634248,2659.4446482658386,False
2532,5,384,RightResponse,1765536458.2866645,2659.867884874344,False
2533,5,384,FeedbackPeriodStarted,1765536458.2934914,2659.874712228775,False
2534,5,385,startFixDisplay,1765536460.305767,2661.886990070343,False
2535,5,385,startFixPeriod,1765536460.5764687,2662.157692193985,False
2536,5,385,TargetPresentation,1765536461.7075603,2663.288780927658,False
2537,5,385,TargetRemoval,1765536461.8879635,2663.4691865444183,True
2538,5,385,TargetReappeared,1765536462.1378388,2663.71906208992,False
2539,5,385,RightResponse,1765536462.713783,2664.295003414154,False
2540,5,386,FeedbackPeriodStarted,1765536462.7343607,2664.3155810832977,False
2541,5,386,startFixDisplay,1765536462.7344224,2664.315642595291,False
2542,5,386,startFixPeriod,1765536462.8663688,2664.4475915431976,False
2543,5,386,TargetPresentation,1765536464.1779203,2665.7591433525085,False
2544,5,386,TargetDisplacement,1765536464.344352,2665.9255747795105,True
2545,5,386,LeftResponse,1765536465.3649411,2666.946163892746,False
2546,5,387,FeedbackPeriodStarted,1765536465.399131,2666.980354309082,False
2547,5,387,startFixDisplay,1765536465.3992748,2666.9804966449738,False
2548,5,387,startFixPeriod,1765536465.6074474,2667.1886706352234,False
2549,5,387,TargetPresentation,1765536466.4886522,2668.06987452507,False
2550,5,387,TargetDisplacement,1765536466.6620371,2668.2432601451874,True
2551,5,387,RightResponse,1765536467.3839672,2668.965189933777,False
2552,5,388,FeedbackPeriodStarted,1765536467.411425,2668.9926455020905,False
2553,5,388,startFixDisplay,1765536467.4114864,2668.9927065372467,False
2554,5,388,startFixPeriod,1765536467.5502985,2669.1315207481384,False
2555,5,388,TargetPresentation,1765536468.3760097,2669.9572331905365,False
2556,5,388,TargetDisplacement,1765536468.549422,2670.1306445598602,True
2557,5,388,RightResponse,1765536469.2576327,2670.8388545513153,False
2558,5,389,FeedbackPeriodStarted,1765536469.2849526,2670.8661756515503,False
2559,5,389,startFixDisplay,1765536469.285118,2670.8663403987885,False
2560,5,389,startFixPeriod,1765536469.4447224,2671.0259461402893,False
2561,5,389,TargetPresentation,1765536470.4092577,2671.9904811382294,False
2562,5,389,TargetDisplacement,1765536470.97808,2672.55930352211,True
2563,5,389,RightResponse,1765536471.748721,2673.329941511154,False
2564,5,390,FeedbackPeriodStarted,1765536471.7690296,2673.3502502441406,False
2565,5,390,startFixDisplay,1765536471.7691202,2673.350340604782,False
2566,5,390,startFixPeriod,1765536471.9358299,2673.5170533657074,False
2567,5,390,TargetPresentation,1765536473.3513598,2674.9325828552246,False
2568,5,390,TargetDisplacement,1765536473.5177283,2675.0989508628845,True
2569,5,390,LeftResponse,1765536474.16354,2675.7447628974915,False
2570,5,390,FeedbackPeriodStarted,1765536474.170129,2675.7513525485992,False
2571,5,391,startFixDisplay,1765536476.1823647,2677.763587474823,False
2572,5,391,startFixPeriod,1765536476.189266,2677.770488500595,False
2573,5,391,TargetPresentation,1765536477.0221808,2678.6034042835236,False
2574,5,391,TargetDisplacement,1765536477.2024462,2678.7836668491364,True
2575,5,391,RightResponse,1765536477.8833601,2679.4645817279816,False
2576,5,392,FeedbackPeriodStarted,1765536477.9102514,2679.4914746284485,False
2577,5,392,startFixDisplay,1765536477.910362,2679.4915821552277,False
2578,5,392,startFixPeriod,1765536478.0976582,2679.6788799762726,False
2579,5,392,TargetPresentation,1765536478.680462,2680.2616827487946,False
2580,5,392,TargetRemoval,1765536478.9025245,2680.4837470054626,True
2581,5,392,TargetReappeared,1765536479.1523716,2680.7335925102234,False
2582,5,392,LeftResponse,1765536479.5688455,2681.1500668525696,False
2583,5,393,FeedbackPeriodStarted,1765536479.596352,2681.1775727272034,False
2584,5,393,startFixDisplay,1765536479.596418,2681.1776378154755,False
2585,5,393,startFixPeriod,1765536479.7700217,2681.351245164871,False
2586,5,393,TargetPresentation,1765536480.991232,2682.5724551677704,False
2587,5,393,TargetDisplacement,1765536481.3519838,2682.9332065582275,True
2588,5,393,LeftResponse,1765536482.1225545,2683.703776359558,False
2589,5,394,FeedbackPeriodStarted,1765536482.1499531,2683.7311758995056,False
2590,5,394,startFixDisplay,1765536482.1501222,2683.7313442230225,False
2591,5,394,startFixPeriod,1765536482.3096817,2683.890905380249,False
2592,5,394,TargetPresentation,1765536482.989761,2684.570984363556,False
2593,5,394,TargetDisplacement,1765536483.1560743,2684.737297296524,True
2594,5,394,RightResponse,1765536484.2388682,2685.820090532303,False
2595,5,395,FeedbackPeriodStarted,1765536484.2663682,2685.8475890159607,False
2596,5,395,startFixDisplay,1765536484.266431,2685.8476510047913,False
2597,5,395,startFixPeriod,1765536484.7383914,2686.319614648819,False
2598,5,395,TargetPresentation,1765536485.4184167,2686.999640226364,False
2599,5,395,TargetRemoval,1765536485.4392357,2687.0204589366913,True
2600,5,395,TargetReappeared,1765536485.6889865,2687.2702095508575,False
2601,5,395,RightResponse,1765536486.3553789,2687.936601638794,False
2602,5,395,FeedbackPeriodStarted,1765536486.4034953,2687.9847161769867,False
2603,6,396,startFixDisplay,1765536490.0743618,2691.655585050583,False
2604,6,396,startFixPeriod,1765536490.220145,2691.8013677597046,False
2605,6,396,TargetPresentation,1765536491.1500328,2692.731256008148,False
2606,6,396,TargetDisplacement,1765536491.3234384,2692.9046609401703,True
2607,6,396,RightResponse,1765536491.9689767,2693.5501980781555,False
2608,6,397,FeedbackPeriodStarted,1765536491.9964554,2693.5776784420013,False
2609,6,397,startFixDisplay,1765536491.996578,2693.577798128128,False
2610,6,397,startFixPeriod,1765536492.1908112,2693.7720336914062,False
2611,6,397,TargetPresentation,1765536492.9472678,2694.5284910202026,False
2612,6,397,TargetDisplacement,1765536493.1413734,2694.7225937843323,True
2613,6,397,LeftResponse,1765536494.0021954,2695.583418369293,False
2614,6,398,FeedbackPeriodStarted,1765536494.0295951,2695.6108181476593,False
2615,6,398,startFixDisplay,1765536494.0297368,2695.610958814621,False
2616,6,398,startFixPeriod,1765536494.1684253,2695.7496480941772,False
2617,6,398,TargetPresentation,1765536494.9804254,2696.5616488456726,False
2618,6,398,TargetRemoval,1765536495.216279,2696.797502040863,True
2619,6,398,TargetReappeared,1765536495.4661899,2697.0474133491516,False
2620,6,398,LeftResponse,1765536495.8757815,2697.4570021629333,False
2621,6,399,FeedbackPeriodStarted,1765536495.9032261,2697.4844493865967,False
2622,6,399,startFixDisplay,1765536495.9033825,2697.4846024513245,False
2623,6,399,startFixPeriod,1765536496.0490475,2697.6302711963654,False
2624,6,399,TargetPresentation,1765536496.7151482,2698.2963695526123,False
2625,6,399,TargetRemoval,1765536497.2423801,2698.8236026763916,True
2626,6,399,TargetReappeared,1765536497.4923823,2699.073605775833,False
2627,6,399,LeftResponse,1765536497.9644449,2699.5456664562225,False
2628,6,400,FeedbackPeriodStarted,1765536497.9918027,2699.57302570343,False
2629,6,400,startFixDisplay,1765536497.991905,2699.5731251239777,False
2630,6,400,startFixPeriod,1765536498.1931953,2699.774418115616,False
2631,6,400,TargetPresentation,1765536498.949529,2700.530752182007,False
2632,6,400,TargetRemoval,1765536498.9564605,2700.537682056427,True
2633,6,400,TargetReappeared,1765536499.2063336,2700.7875571250916,False
2634,6,400,RightResponse,1765536499.7061307,2701.287353515625,False
2635,6,401,FeedbackPeriodStarted,1765536499.7335649,2701.314785718918,False
2636,6,401,startFixDisplay,1765536499.7336268,2701.314846754074,False
2637,6,401,startFixPeriod,1765536499.9140449,2701.4952681064606,False
2638,6,401,TargetPresentation,1765536501.3018107,2702.8830320835114,False
2639,6,401,TargetRemoval,1765536502.8491518,2704.430374622345,True
2640,6,401,TargetReappeared,1765536503.0991268,2704.680349588394,False
2641,6,401,LeftResponse,1765536503.8349662,2705.41618847847,False
2642,6,402,FeedbackPeriodStarted,1765536503.862299,2705.4435217380524,False
2643,6,402,startFixDisplay,1765536503.8624218,2705.4436416625977,False
2644,6,402,startFixPeriod,1765536504.195534,2705.7767577171326,False
2645,6,402,TargetPresentation,1765536504.9102476,2706.4914712905884,False
2646,6,402,TargetDisplacement,1765536505.083495,2706.6647152900696,True
2647,6,402,RightResponse,1765536506.4161522,2707.997372865677,False
2648,6,402,FeedbackPeriodStarted,1765536506.4228477,2708.004068851471,False
2649,6,403,startFixDisplay,1765536508.4351068,2710.0163304805756,False
2650,6,403,startFixPeriod,1765536508.6712275,2710.2524507045746,False
2651,6,403,TargetPresentation,1765536509.9756942,2711.5569155216217,False
2652,6,403,TargetDisplacement,1765536510.1490204,2711.730243206024,True
2653,6,403,RightResponse,1765536510.7253048,2712.3065259456635,False
2654,6,404,FeedbackPeriodStarted,1765536510.7527516,2712.3339750766754,False
2655,6,404,startFixDisplay,1765536510.7528758,2712.3340957164764,False
2656,6,404,startFixPeriod,1765536510.9402854,2712.5215089321136,False
2657,6,404,TargetPresentation,1765536511.7937028,2713.3749248981476,False
2658,6,404,TargetRemoval,1765536511.8007097,2713.381931781769,True
2659,6,404,TargetReappeared,1765536512.0505044,2713.631727695465,False
2660,6,404,RightResponse,1765536512.6822946,2714.263514995575,False
2661,6,405,FeedbackPeriodStarted,1765536512.709623,2714.2908461093903,False
2662,6,405,startFixDisplay,1765536512.7097502,2714.29097032547,False
2663,6,405,startFixPeriod,1765536512.897024,2714.4782474040985,False
2664,6,405,TargetPresentation,1765536514.3194957,2715.9007189273834,False
2665,6,405,TargetDisplacement,1765536514.4929454,2716.07416844368,True
2666,6,405,RightResponse,1765536515.291337,2716.8725595474243,False
2667,6,406,FeedbackPeriodStarted,1765536515.3187249,2716.899945497513,False
2668,6,406,startFixDisplay,1765536515.3187876,2716.900007724762,False
2669,6,406,startFixPeriod,1765536515.5131044,2717.09432888031,False
2670,6,406,TargetPresentation,1765536516.0126128,2717.593836069107,False
2671,6,406,TargetDisplacement,1765536516.1097264,2717.690949201584,True
2672,6,406,LeftResponse,1765536517.1161234,2718.6973440647125,False
2673,6,407,FeedbackPeriodStarted,1765536517.1437047,2718.7249279022217,False
2674,6,407,startFixDisplay,1765536517.1438072,2718.7250270843506,False
2675,6,407,startFixPeriod,1765536517.5253828,2719.1066048145294,False
2676,6,407,TargetPresentation,1765536518.2262933,2719.807516813278,False
2677,6,407,TargetRemoval,1765536518.503625,2720.084845304489,True
2678,6,407,TargetReappeared,1765536518.7535532,2720.334775209427,False
2679,6,407,RightResponse,1765536519.4338896,2721.015112400055,False
2680,6,408,FeedbackPeriodStarted,1765536519.4611485,2721.0423696041107,False
2681,6,408,startFixDisplay,1765536519.4612143,2721.0424342155457,False
2682,6,408,startFixPeriod,1765536519.6071012,2721.188323497772,False
2683,6,408,TargetPresentation,1765536520.3426716,2721.923894882202,False
2684,6,408,TargetRemoval,1765536520.5090256,2722.09024810791,True
2685,6,408,TargetReappeared,1765536520.7590134,2722.3402366638184,False
2686,6,408,LeftResponse,1765536521.1409078,2722.7221286296844,False
2687,6,408,FeedbackPeriodStarted,1765536521.1476703,2722.7288937568665,False
2688,6,409,startFixDisplay,1765536523.1597257,2724.7409484386444,False
2689,6,409,startFixPeriod,1765536523.3888702,2724.9700922966003,False
2690,6,409,TargetPresentation,1765536524.7002156,2726.281436920166,False
2691,6,409,TargetDisplacement,1765536524.866705,2726.44792509079,True
2692,6,409,RightResponse,1765536525.4361534,2727.0173745155334,False
2693,6,410,FeedbackPeriodStarted,1765536525.4635484,2727.044770002365,False
2694,6,410,startFixDisplay,1765536525.4636426,2727.0448632240295,False
2695,6,410,startFixPeriod,1765536525.6302629,2727.211486339569,False
2696,6,410,TargetPresentation,1765536526.8375473,2728.418770313263,False
2697,6,410,TargetRemoval,1765536526.91383,2728.495053052902,True
2698,6,410,TargetReappeared,1765536527.163681,2728.7449040412903,False
2699,6,410,LeftResponse,1765536527.594204,2729.175426721573,False
2700,6,411,FeedbackPeriodStarted,1765536527.6216433,2729.202866077423,False
2701,6,411,startFixDisplay,1765536527.621781,2729.203001022339,False
2702,6,411,startFixPeriod,1765536527.7743475,2729.3555705547333,False
2703,6,411,TargetPresentation,1765536528.8916702,2730.4728939533234,False
2704,6,411,TargetDisplacement,1765536529.0718265,2730.6530468463898,True
2705,6,411,LeftResponse,1765536529.8216467,2731.4028692245483,False
2706,6,412,FeedbackPeriodStarted,1765536529.849018,2731.430240869522,False
2707,6,412,startFixDisplay,1765536529.8492641,2731.43048620224,False
2708,6,412,startFixPeriod,1765536529.9671152,2731.5483388900757,False
2709,6,412,TargetPresentation,1765536531.2022166,2732.783437728882,False
2710,6,412,TargetDisplacement,1765536531.3617854,2732.943008184433,True
2711,6,412,RightResponse,1765536532.3545341,2733.935756921768,False
2712,6,413,FeedbackPeriodStarted,1765536532.3817716,2733.9629921913147,False
2713,6,413,startFixDisplay,1765536532.3818357,2733.9630556106567,False
2714,6,413,startFixPeriod,1765536532.7149692,2734.2961926460266,False
2715,6,413,TargetPresentation,1765536533.2215137,2734.802737236023,False
2716,6,413,TargetDisplacement,1765536533.3878984,2734.969118833542,True
2717,6,413,RightResponse,1765536534.6372256,2736.2184472084045,False
2718,6,414,FeedbackPeriodStarted,1765536534.6576707,2736.238891363144,False
2719,6,414,startFixDisplay,1765536534.6577368,2736.2389566898346,False
2720,6,414,startFixPeriod,1765536535.0325842,2736.613806962967,False
2721,6,414,TargetPresentation,1765536535.7194567,2737.3006801605225,False
2722,6,414,TargetDisplacement,1765536535.8858907,2737.4671111106873,True
2723,6,414,LeftResponse,1765536536.9898007,2738.5710232257843,False
2724,6,414,FeedbackPeriodStarted,1765536536.996152,2738.5773725509644,False
2725,6,415,startFixDisplay,1765536539.0084467,2740.589667081833,False
2726,6,415,startFixPeriod,1765536539.223831,2740.805053949356,False
2727,6,415,TargetPresentation,1765536539.896895,2741.4781181812286,False
2728,6,415,TargetRemoval,1765536540.0633178,2741.6445405483246,True
2729,6,415,TargetReappeared,1765536540.3132148,2741.894436120987,False
2730,6,415,RightResponse,1765536540.7230983,2742.304321527481,False
2731,6,416,FeedbackPeriodStarted,1765536540.7503996,2742.3316226005554,False
2732,6,416,startFixDisplay,1765536540.7505307,2742.3317527770996,False
2733,6,416,startFixPeriod,1765536541.0696585,2742.6508820056915,False
2734,6,416,TargetPresentation,1765536542.1105094,2743.691733121872,False
2735,6,416,TargetRemoval,1765536542.2145388,2743.7957620620728,True
2736,6,416,TargetReappeared,1765536542.4643664,2744.045589208603,False
2737,6,416,LeftResponse,1765536542.9161127,2744.497334241867,False
2738,6,417,FeedbackPeriodStarted,1765536542.9430223,2744.52424287796,False
2739,6,417,startFixDisplay,1765536542.9430976,2744.524317741394,False
2740,6,417,startFixPeriod,1765536543.0680194,2744.64924287796,False
2741,6,417,TargetPresentation,1765536543.6994028,2745.28062582016,False
2742,6,417,TargetDisplacement,1765536543.706295,2745.287518262863,True
2743,6,417,RightResponse,1765536544.4628007,2746.044021129608,False
2744,6,418,FeedbackPeriodStarted,1765536544.4904525,2746.0716757774353,False
2745,6,418,startFixDisplay,1765536544.490584,2746.071805715561,False
2746,6,418,startFixPeriod,1765536544.69181,2746.2730329036713,False
2747,6,418,TargetPresentation,1765536545.5730324,2747.154256105423,False
2748,6,418,TargetDisplacement,1765536545.7532525,2747.3344728946686,True
2749,6,418,RightResponse,1765536546.4407914,2748.022013425827,False
2750,6,419,FeedbackPeriodStarted,1765536546.4679668,2748.04918718338,False
2751,6,419,startFixDisplay,1765536546.4680314,2748.0492515563965,False
2752,6,419,startFixPeriod,1765536546.474862,2748.056082725525,False
2753,6,419,TargetPresentation,1765536547.5229614,2749.10418510437,False
2754,6,419,TargetRemoval,1765536547.7170079,2749.2982280254364,True
2755,6,419,TargetReappeared,1765536547.9669826,2749.5482041835785,False
2756,6,419,LeftResponse,1765536548.3628995,2749.944121837616,False
2757,6,420,FeedbackPeriodStarted,1765536548.3901064,2749.9713270664215,False
2758,6,420,startFixDisplay,1765536548.3901718,2749.9713916778564,False
2759,6,420,startFixPeriod,1765536548.584633,2750.1658565998077,False
2760,6,420,TargetPresentation,1765536549.285472,2750.86669588089,False
2761,6,420,TargetRemoval,1765536549.4380808,2751.0193059444427,True
2762,6,420,TargetReappeared,1765536549.68793,2751.2691535949707,False
2763,6,420,LeftResponse,1765536550.2371702,2751.8183917999268,False
2764,6,420,FeedbackPeriodStarted,1765536550.249999,2751.8312225341797,False
2765,6,421,startFixDisplay,1765536552.2621622,2753.843385219574,False
2766,6,421,startFixPeriod,1765536552.2689905,2753.850210905075,False
2767,6,421,TargetPresentation,1765536553.2059555,2754.787178516388,False
2768,6,421,TargetDisplacement,1765536553.379301,2754.9605243206024,True
2769,6,421,LeftResponse,1765536554.1084347,2755.6896572113037,False
2770,6,422,FeedbackPeriodStarted,1765536554.1358798,2755.7171030044556,False
2771,6,422,startFixDisplay,1765536554.1360295,2755.717251062393,False
2772,6,422,startFixPeriod,1765536554.2953832,2755.8766067028046,False
2773,6,422,TargetPresentation,1765536555.1351311,2756.716352701187,False
2774,6,422,TargetRemoval,1765536555.2736018,2756.854821920395,True
2775,6,422,TargetReappeared,1765536555.5236807,2757.104903936386,False
2776,6,422,RightResponse,1765536555.9472835,2757.528505563736,False
2777,6,423,FeedbackPeriodStarted,1765536555.9745915,2757.555814743042,False
2778,6,423,startFixDisplay,1765536555.9747238,2757.5559458732605,False
2779,6,423,startFixPeriod,1765536556.529803,2758.111026287079,False
2780,6,423,TargetPresentation,1765536557.5082498,2759.089473247528,False
2781,6,423,TargetDisplacement,1765536557.6954298,2759.2766528129578,True
2782,6,423,LeftResponse,1765536558.5840132,2760.165236234665,False
2783,6,424,FeedbackPeriodStarted,1765536558.6114395,2760.192662715912,False
2784,6,424,startFixDisplay,1765536558.6115873,2760.1928091049194,False
2785,6,424,startFixPeriod,1765536558.9654112,2760.5466344356537,False
2786,6,424,TargetPresentation,1765536559.9575977,2761.5388190746307,False
2787,6,424,TargetDisplacement,1765536560.1449091,2761.726131916046,True
2788,6,424,RightResponse,1765536560.631052,2762.2123000621796,False
2789,6,425,FeedbackPeriodStarted,1765536560.6584427,2762.2396636009216,False
2790,6,425,startFixDisplay,1765536560.658509,2762.239729166031,False
2791,6,425,startFixPeriod,1765536560.8528295,2762.4340527057648,False
2792,6,425,TargetPresentation,1765536562.2129724,2763.794195652008,False
2793,6,425,TargetDisplacement,1765536562.2199094,2763.8011326789856,True
2794,6,425,RightResponse,1765536562.9278724,2764.5090951919556,False
2795,6,426,FeedbackPeriodStarted,1765536562.9551954,2764.536416053772,False
2796,6,426,startFixDisplay,1765536562.955259,2764.536478996277,False
2797,6,426,startFixPeriod,1765536563.1497436,2764.7309670448303,False
2798,6,426,TargetPresentation,1765536563.7048664,2765.286089658737,False
2799,6,426,TargetRemoval,1765536564.2043307,2765.7855536937714,True
2800,6,426,TargetReappeared,1765536564.4542346,2766.035456418991,False
2801,6,426,LeftResponse,1765536565.0026045,2766.583827495575,False
2802,6,426,FeedbackPeriodStarted,1765536565.0093167,2766.590539455414,False
2803,6,427,startFixDisplay,1765536567.0215192,2768.6027421951294,False
2804,6,427,startFixPeriod,1765536567.257545,2768.8387682437897,False
2805,6,427,TargetPresentation,1765536568.4510221,2770.032245159149,False
2806,6,427,TargetRemoval,1765536568.6245105,2770.2057332992554,True
2807,6,427,TargetReappeared,1765536568.874356,2770.4555785655975,False
2808,6,427,LeftResponse,1765536569.2770214,2770.858242034912,False
2809,6,428,FeedbackPeriodStarted,1765536569.3045504,2770.885773420334,False
2810,6,428,startFixDisplay,1765536569.3046913,2770.8859128952026,False
2811,6,428,startFixPeriod,1765536569.4918702,2771.073093175888,False
2812,6,428,TargetPresentation,1765536570.2552378,2771.8364610671997,False
2813,6,428,TargetDisplacement,1765536570.2622068,2771.843430042267,True
2814,6,428,LeftResponse,1765536571.1645534,2772.745776414871,False
2815,6,429,FeedbackPeriodStarted,1765536571.1919332,2772.7731564044952,False
2816,6,429,startFixDisplay,1765536571.1920867,2772.7733092308044,False
2817,6,429,startFixPeriod,1765536571.3586466,2772.939870119095,False
2818,6,429,TargetPresentation,1765536572.1011095,2773.682333469391,False
2819,6,429,TargetDisplacement,1765536572.1079905,2773.689212322235,True
2820,6,429,LeftResponse,1765536573.2530103,2774.834230661392,False
2821,6,430,FeedbackPeriodStarted,1765536573.280695,2774.861916065216,False
2822,6,430,startFixDisplay,1765536573.2807653,2774.861985206604,False
2823,6,430,startFixPeriod,1765536573.4125679,2774.9937913417816,False
2824,6,430,TargetPresentation,1765536574.8211145,2776.4023354053497,False
2825,6,430,TargetDisplacement,1765536574.8280742,2776.409295797348,True
2826,6,430,LeftResponse,1765536575.5846882,2777.1659111976624,False
2827,6,431,FeedbackPeriodStarted,1765536575.6120296,2777.1932501792908,False
2828,6,431,startFixDisplay,1765536575.612105,2777.1933250427246,False
2829,6,431,startFixPeriod,1765536575.7441623,2777.325384616852,False
2830,6,431,TargetPresentation,1765536577.0694456,2778.6506700515747,False
2831,6,431,TargetDisplacement,1765536577.1039386,2778.6851592063904,True
2832,6,431,LeftResponse,1765536577.8190396,2779.400260448456,False
2833,6,432,FeedbackPeriodStarted,1765536577.8466003,2779.4278235435486,False
2834,6,432,startFixDisplay,1765536577.8467476,2779.427969932556,False
2835,6,432,startFixPeriod,1765536578.2836885,2779.8649117946625,False
2836,6,432,TargetPresentation,1765536579.3939757,2780.9751987457275,False
2837,6,432,TargetDisplacement,1765536579.5882325,2781.1694555282593,True
2838,6,432,LeftResponse,1765536580.2476702,2781.8288917541504,False
2839,6,432,FeedbackPeriodStarted,1765536580.254349,2781.835572242737,False
2840,6,433,startFixDisplay,1765536582.2665071,2783.847727537155,False
2841,6,433,startFixPeriod,1765536582.4888494,2784.070072889328,False
2842,6,433,TargetPresentation,1765536583.8835158,2785.4647376537323,False
2843,6,433,TargetDisplacement,1765536584.0570016,2785.6382219791412,True
2844,6,433,RightResponse,1765536584.7929466,2786.374169111252,False
2845,6,434,FeedbackPeriodStarted,1765536584.820309,2786.4015324115753,False
2846,6,434,startFixDisplay,1765536584.8204563,2786.401678085327,False
2847,6,434,startFixPeriod,1765536584.9452677,2786.5264897346497,False
2848,6,434,TargetPresentation,1765536586.3746865,2787.9559094905853,False
2849,6,434,TargetDisplacement,1765536586.5481062,2788.129329442978,True
2850,6,434,RightResponse,1765536587.2631917,2788.844413280487,False
2851,6,435,FeedbackPeriodStarted,1765536587.290566,2788.8717889785767,False
2852,6,435,startFixDisplay,1765536587.2907066,2788.871928691864,False
2853,6,435,startFixPeriod,1765536587.46409,2789.045312166214,False
2854,6,435,TargetPresentation,1765536588.7131395,2790.294360399246,False
2855,6,435,TargetRemoval,1765536588.8726032,2790.453826189041,True
2856,6,435,TargetReappeared,1765536589.1225426,2790.703765630722,False
2857,6,435,LeftResponse,1765536589.5321949,2791.11341714859,False
2858,6,436,FeedbackPeriodStarted,1765536589.559667,2791.1408903598785,False
2859,6,436,startFixDisplay,1765536589.559808,2791.141030073166,False
2860,6,436,startFixPeriod,1765536589.733187,2791.3144092559814,False
2861,6,436,TargetPresentation,1765536591.1418493,2792.7230727672577,False
2862,6,436,TargetDisplacement,1765536591.1487973,2792.7300181388855,True
2863,6,436,RightResponse,1765536591.9539819,2793.5352051258087,False
2864,6,437,FeedbackPeriodStarted,1765536591.981329,2793.5625519752502,False
2865,6,437,startFixDisplay,1765536591.9814756,2793.562697649002,False
2866,6,437,startFixPeriod,1765536592.1687915,2793.7500145435333,False
2867,6,437,TargetPresentation,1765536593.55664,2795.1378633975983,False
2868,6,437,TargetDisplacement,1765536593.7369447,2795.3181681632996,True
2869,6,437,RightResponse,1765536594.791745,2796.372965812683,False
2870,6,438,FeedbackPeriodStarted,1765536594.8193953,2796.4006185531616,False
2871,6,438,startFixDisplay,1765536594.8195376,2796.4007596969604,False
2872,6,438,startFixPeriod,1765536595.2081764,2796.789399623871,False
2873,6,438,TargetPresentation,1765536595.832558,2797.413779735565,False
2874,6,438,TargetDisplacement,1765536596.0058932,2797.587113380432,True
2875,6,438,LeftResponse,1765536596.811414,2798.392636537552,False
2876,6,438,FeedbackPeriodStarted,1765536596.824954,2798.4061777591705,False
2877,6,439,startFixDisplay,1765536598.8371089,2800.418331861496,False
2878,6,439,startFixPeriod,1765536599.0384927,2800.6197159290314,False
2879,6,439,TargetPresentation,1765536599.6699522,2801.2511732578278,False
2880,6,439,TargetDisplacement,1765536599.8362632,2801.4174859523773,True
2881,6,439,LeftResponse,1765536600.3572423,2801.938462972641,False
2882,6,440,FeedbackPeriodStarted,1765536600.3845057,2801.965728998184,False
2883,6,440,startFixDisplay,1765536600.3846476,2801.965869665146,False
2884,6,440,startFixPeriod,1765536600.5095725,2802.090795993805,False
2885,6,440,TargetPresentation,1765536601.5295308,2803.11075258255,False
2886,6,440,TargetDisplacement,1765536601.7446232,2803.3258459568024,True
2887,6,440,LeftResponse,1765536602.2723527,2803.8535759449005,False
2888,6,441,FeedbackPeriodStarted,1765536602.2996736,2803.880896806717,False
2889,6,441,startFixDisplay,1765536602.2998133,2803.8810353279114,False
2890,6,441,startFixPeriod,1765536602.4177766,2803.9989998340607,False
2891,6,441,TargetPresentation,1765536603.2643425,2804.8455657958984,False
2892,6,441,TargetRemoval,1765536603.4377513,2805.018974304199,True
2893,6,441,TargetReappeared,1765536603.6874862,2805.268709421158,False
2894,6,441,RightResponse,1765536604.055669,2805.63689160347,False
2895,6,442,FeedbackPeriodStarted,1765536604.0829153,2805.6641359329224,False
2896,6,442,startFixDisplay,1765536604.0829813,2805.664201259613,False
2897,6,442,startFixPeriod,1765536604.2566652,2805.8378880023956,False
2898,6,442,TargetPresentation,1765536605.0615408,2806.6427624225616,False
2899,6,442,TargetDisplacement,1765536605.2974453,2806.878668785095,True
2900,6,442,LeftResponse,1765536606.4287093,2808.0099313259125,False
2901,6,443,FeedbackPeriodStarted,1765536606.4563267,2808.037549972534,False
2902,6,443,startFixDisplay,1765536606.4564595,2808.03768157959,False
2903,6,443,startFixPeriod,1765536606.733943,2808.3151667118073,False
2904,6,443,TargetPresentation,1765536608.1216786,2809.70290184021,False
2905,6,443,TargetRemoval,1765536608.288091,2809.8693113327026,True
2906,6,443,TargetReappeared,1765536608.5379975,2810.1192197799683,False
2907,6,443,LeftResponse,1765536608.9545803,2810.535801887512,False
2908,6,444,FeedbackPeriodStarted,1765536608.9820397,2810.5632605552673,False
2909,6,444,startFixDisplay,1765536608.9821103,2810.5633301734924,False
2910,6,444,startFixPeriod,1765536609.1625276,2810.743750810623,False
2911,6,444,TargetPresentation,1765536610.2033765,2811.784598350525,False
2912,6,444,TargetDisplacement,1765536610.3767364,2811.9579594135284,True
2913,6,444,LeftResponse,1765536610.9529667,2812.534187555313,False
2914,6,444,FeedbackPeriodStarted,1765536610.9597557,2812.540978908539,False
2915,6,445,startFixDisplay,1765536612.971805,2814.5530257225037,False
2916,6,445,startFixPeriod,1765536613.1803238,2814.7615473270416,False
2917,6,445,TargetPresentation,1765536614.1239913,2815.70521402359,False
2918,6,445,TargetDisplacement,1765536614.1862857,2815.7675087451935,True
2919,6,445,LeftResponse,1765536614.77661,2816.357832670212,False
2920,6,446,FeedbackPeriodStarted,1765536614.8039498,2816.3851730823517,False
2921,6,446,startFixDisplay,1765536614.8041227,2816.38534450531,False
2922,6,446,startFixPeriod,1765536614.9566884,2816.5379116535187,False
2923,6,446,TargetPresentation,1765536616.3722322,2817.953455209732,False
2924,6,446,TargetRemoval,1765536616.5386808,2818.119903564453,True
2925,6,446,TargetReappeared,1765536616.7886047,2818.369828224182,False
2926,6,446,RightResponse,1765536617.2329667,2818.8141882419586,False
2927,6,447,FeedbackPeriodStarted,1765536617.2603517,2818.841574907303,False
2928,6,447,startFixDisplay,1765536617.2604935,2818.841715335846,False
2929,6,447,startFixPeriod,1765536617.4548163,2819.036039829254,False
2930,6,447,TargetPresentation,1765536618.3082862,2819.8895094394684,False
2931,6,447,TargetRemoval,1765536618.3151276,2819.89634847641,True
2932,6,447,TargetReappeared,1765536618.5649915,2820.1462149620056,False
2933,6,447,LeftResponse,1765536619.3078105,2820.8890330791473,False
2934,6,448,FeedbackPeriodStarted,1765536619.3351145,2820.9163382053375,False
2935,6,448,startFixDisplay,1765536619.3352683,2820.916490316391,False
2936,6,448,startFixPeriod,1765536619.5085826,2821.089805841446,False
2937,6,448,TargetPresentation,1765536620.2581167,2821.839343070984,False
2938,6,448,TargetRemoval,1765536620.2650907,2821.8463163375854,True
2939,6,448,TargetReappeared,1765536620.5148401,2822.0960631370544,False
2940,6,448,LeftResponse,1765536621.1673574,2822.74857878685,False
2941,6,449,FeedbackPeriodStarted,1765536621.19488,2822.7761034965515,False
2942,6,449,startFixDisplay,1765536621.1950297,2822.776251554489,False
2943,6,449,startFixPeriod,1765536621.3059902,2822.88721370697,False
2944,6,449,TargetPresentation,1765536622.173324,2823.754547357559,False
2945,6,449,TargetDisplacement,1765536622.2910125,2823.872232913971,True
2946,6,449,LeftResponse,1765536623.3531373,2824.9343593120575,False
2947,6,450,FeedbackPeriodStarted,1765536623.3804994,2824.9617199897766,False
2948,6,450,startFixDisplay,1765536623.3805616,2824.9617817401886,False
2949,6,450,startFixPeriod,1765536623.5333374,2825.114560365677,False
2950,6,450,TargetPresentation,1765536624.9141853,2826.495408296585,False
2951,6,450,TargetDisplacement,1765536625.094474,2826.675696849823,True
2952,6,450,LeftResponse,1765536625.7679462,2827.3491690158844,False
2953,6,450,FeedbackPeriodStarted,1765536625.7744992,2827.355722427368,False
2954,6,451,startFixDisplay,1765536627.7868128,2829.368036031723,False
2955,6,451,startFixPeriod,1765536627.8632,2829.4444212913513,False
2956,6,451,TargetPresentation,1765536629.1400309,2830.7212529182434,False
2957,6,451,TargetDisplacement,1765536629.306575,2830.8877980709076,True
2958,6,451,RightResponse,1765536630.8055859,2832.38680768013,False
2959,6,452,FeedbackPeriodStarted,1765536630.8333294,2832.4145538806915,False
2960,6,452,startFixDisplay,1765536630.8334854,2832.4147074222565,False
2961,6,452,startFixPeriod,1765536631.0136182,2832.594841480255,False
2962,6,452,TargetPresentation,1765536632.3321152,2833.9133410453796,False
2963,6,452,TargetDisplacement,1765536632.5192437,2834.100464105606,True
2964,6,452,RightResponse,1765536633.706228,2835.287450313568,False
2965,6,453,FeedbackPeriodStarted,1765536633.7335126,2835.314733505249,False
2966,6,453,startFixDisplay,1765536633.7335773,2835.314797401428,False
2967,6,453,startFixPeriod,1765536633.9210997,2835.502324104309,False
2968,6,453,TargetPresentation,1765536635.2325978,2836.813821077347,False
2969,6,453,TargetRemoval,1765536635.2394583,2836.8206794261932,True
2970,6,453,TargetReappeared,1765536635.4891517,2837.070374250412,False
2971,6,453,LeftResponse,1765536636.1211095,2837.7023327350616,False
2972,6,454,FeedbackPeriodStarted,1765536636.148369,2837.7295920848846,False
2973,6,454,startFixDisplay,1765536636.148501,2837.729722738266,False
2974,6,454,startFixPeriod,1765536636.4607763,2838.041999578476,False
2975,6,454,TargetPresentation,1765536637.6751149,2839.256337404251,False
2976,6,454,TargetDisplacement,1765536637.8416102,2839.422833442688,True
2977,6,454,LeftResponse,1765536638.4316041,2840.0128259658813,False
2978,6,455,FeedbackPeriodStarted,1765536638.4592042,2840.040427684784,False
2979,6,455,startFixDisplay,1765536638.4593525,2840.04057431221,False
2980,6,455,startFixPeriod,1765536638.6326518,2840.213875055313,False
2981,6,455,TargetPresentation,1765536639.4375947,2841.0188179016113,False
2982,6,455,TargetDisplacement,1765536639.444508,2841.025731563568,True
2983,6,455,RightResponse,1765536640.5686977,2842.1499178409576,False
2984,6,456,FeedbackPeriodStarted,1765536640.596403,2842.1776237487793,False
2985,6,456,startFixDisplay,1765536640.5964706,2842.1776907444,False
2986,6,456,startFixPeriod,1765536640.7421422,2842.323363304138,False
2987,6,456,TargetPresentation,1765536641.6858263,2843.267047405243,False
2988,6,456,TargetRemoval,1765536641.692766,2843.273987054825,True
2989,6,456,TargetReappeared,1765536641.9425907,2843.5238122940063,False
2990,6,456,LeftResponse,1765536642.5466244,2844.127846956253,False
2991,6,456,FeedbackPeriodStarted,1765536642.5532503,2844.134471178055,False
2992,6,457,startFixDisplay,1765536644.5655017,2846.146725177765,False
2993,6,457,startFixPeriod,1765536644.773678,2846.3549013137817,False
2994,6,457,TargetPresentation,1765536646.0297775,2847.6110010147095,False
2995,6,457,TargetDisplacement,1765536646.2031195,2847.784339904785,True
2996,6,457,RightResponse,1765536647.056955,2848.638177394867,False
2997,6,458,FeedbackPeriodStarted,1765536647.084344,2848.665566921234,False
2998,6,458,startFixDisplay,1765536647.0844855,2848.665707349777,False
2999,6,458,startFixPeriod,1765536647.257992,2848.839215040207,False
3000,6,458,TargetPresentation,1765536648.3127236,2849.8939473629,False
3001,6,458,TargetDisplacement,1765536648.3196588,2849.90088224411,True
3002,6,458,LeftResponse,1765536649.055419,2850.636639356613,False
3003,6,459,FeedbackPeriodStarted,1765536649.0827923,2850.66401553154,False
3004,6,459,startFixDisplay,1765536649.0828981,2850.664118051529,False
3005,6,459,startFixPeriod,1765536649.2772279,2850.8584489822388,False
3006,6,459,TargetPresentation,1765536650.0890934,2851.670315504074,False
3007,6,459,TargetDisplacement,1765536650.255578,2851.836801290512,True
3008,6,459,LeftResponse,1765536650.9218247,2852.5030465126038,False
3009,6,460,FeedbackPeriodStarted,1765536650.9494462,2852.53066945076,False
3010,6,460,startFixDisplay,1765536650.9495938,2852.530815601349,False
3011,6,460,startFixPeriod,1765536651.1298988,2852.7111217975616,False
3012,6,460,TargetPresentation,1765536652.1639059,2853.745127439499,False
3013,6,460,TargetRemoval,1765536652.337211,2853.918431043625,True
3014,6,460,TargetReappeared,1765536652.587209,2854.1684312820435,False
3015,6,460,RightResponse,1765536653.0176258,2854.5988478660583,False
3016,6,461,FeedbackPeriodStarted,1765536653.0449572,2854.6261785030365,False
3017,6,461,startFixDisplay,1765536653.0450468,2854.6262669563293,False
3018,6,461,startFixPeriod,1765536653.2185845,2854.799805879593,False
3019,6,461,TargetPresentation,1765536653.7390904,2855.3203144073486,False
3020,6,461,TargetDisplacement,1765536653.870832,2855.4520552158356,True
3021,6,461,RightResponse,1765536655.0993478,2856.6805696487427,False
3022,6,461,FeedbackPeriodStarted,1765536655.1405752,2856.721798181534,False
3023,7,462,startFixDisplay,1765536659.3041153,2860.8853356838226,False
3024,7,462,startFixPeriod,1765536659.3109431,2860.892163515091,False
3025,7,462,TargetPresentation,1765536659.9356363,2861.516859769821,False
3026,7,462,TargetRemoval,1765536659.942581,2861.523804664612,True
3027,7,462,TargetReappeared,1765536660.1923099,2861.77353143692,False
3028,7,462,RightResponse,1765536661.1779017,2862.759123325348,False
3029,7,463,FeedbackPeriodStarted,1765536661.2123535,2862.7935767173767,False
3030,7,463,startFixDisplay,1765536661.2124836,2862.7937054634094,False
3031,7,463,startFixPeriod,1765536661.3442972,2862.925518512726,False
3032,7,463,TargetPresentation,1765536662.142248,2863.7234699726105,False
3033,7,463,TargetRemoval,1765536662.3156567,2863.8968799114227,True
3034,7,463,TargetReappeared,1765536662.5655408,2864.1467645168304,False
3035,7,463,RightResponse,1765536662.9752836,2864.5565042495728,False
3036,7,464,FeedbackPeriodStarted,1765536663.0026498,2864.583873271942,False
3037,7,464,startFixDisplay,1765536663.0027993,2864.5840213298798,False
3038,7,464,startFixPeriod,1765536663.203945,2864.785168647766,False
3039,7,464,TargetPresentation,1765536664.0713296,2865.652552843094,False
3040,7,464,TargetDisplacement,1765536664.085086,2865.6663098335266,True
3041,7,464,RightResponse,1765536664.751403,2866.3326234817505,False
3042,7,465,FeedbackPeriodStarted,1765536664.7789288,2866.360149383545,False
3043,7,465,startFixDisplay,1765536664.7789912,2866.360211133957,False
3044,7,465,startFixPeriod,1765536664.9178836,2866.49910736084,False
3045,7,465,TargetPresentation,1765536665.4799447,2867.0611684322357,False
3046,7,465,TargetRemoval,1765536665.653362,2867.234585046768,True
3047,7,465,TargetReappeared,1765536665.903251,2867.4844744205475,False
3048,7,465,LeftResponse,1765536666.2918127,2867.8730330467224,False
3049,7,466,FeedbackPeriodStarted,1765536666.319467,2867.900690317154,False
3050,7,466,startFixDisplay,1765536666.3196096,2867.9008316993713,False
3051,7,466,startFixPeriod,1765536666.5068865,2868.0881094932556,False
3052,7,466,TargetPresentation,1765536667.6310515,2869.212301492691,False
3053,7,466,TargetDisplacement,1765536667.8043528,2869.385575771332,True
3054,7,466,LeftResponse,1765536668.387673,2869.968894958496,False
3055,7,467,FeedbackPeriodStarted,1765536668.4149728,2869.996193408966,False
3056,7,467,startFixDisplay,1765536668.415037,2869.9962570667267,False
3057,7,467,startFixPeriod,1765536668.7135036,2870.2947251796722,False
3058,7,467,TargetPresentation,1765536669.2546654,2870.8358886241913,False
3059,7,467,TargetDisplacement,1765536669.434998,2871.016220808029,True
3060,7,467,RightResponse,1765536670.7399545,2872.3211767673492,False
3061,7,468,FeedbackPeriodStarted,1765536670.7673945,2872.348618030548,False
3062,7,468,startFixDisplay,1765536670.7675354,2872.3487572669983,False
3063,7,468,startFixPeriod,1765536670.9548616,2872.536085128784,False
3064,7,468,TargetPresentation,1765536671.8292203,2873.4104437828064,False
3065,7,468,TargetDisplacement,1765536671.9747272,2873.5559499263763,True
3066,7,468,LeftResponse,1765536673.1894445,2874.7706665992737,False
3067,7,468,FeedbackPeriodStarted,1765536673.2030363,2874.7842593193054,False
3068,7,469,startFixDisplay,1765536675.2151508,2876.7963712215424,False
3069,7,469,startFixPeriod,1765536675.4721189,2877.0533423423767,False
3070,7,469,TargetPresentation,1765536676.6933763,2878.27459692955,False
3071,7,469,TargetRemoval,1765536676.8668208,2878.448043823242,True
3072,7,469,TargetReappeared,1765536677.1166728,2878.6978957653046,False
3073,7,469,LeftResponse,1765536677.7969897,2879.378212451935,False
3074,7,470,FeedbackPeriodStarted,1765536677.8244038,2879.4056243896484,False
3075,7,470,startFixDisplay,1765536677.824466,2879.4056861400604,False
3076,7,470,startFixPeriod,1765536678.0257132,2879.6069362163544,False
3077,7,470,TargetPresentation,1765536678.6086335,2880.189857006073,False
3078,7,470,TargetDisplacement,1765536678.809792,2880.3910150527954,True
3079,7,470,RightResponse,1765536679.580169,2881.1613895893097,False
3080,7,471,FeedbackPeriodStarted,1765536679.607706,2881.1889266967773,False
3081,7,471,startFixDisplay,1765536679.6077676,2881.1889877319336,False
3082,7,471,startFixPeriod,1765536679.7882245,2881.36944770813,False
3083,7,471,TargetPresentation,1765536680.57931,2882.160532951355,False
3084,7,471,TargetDisplacement,1765536680.7803178,2882.3615379333496,True
3085,7,471,LeftResponse,1765536681.9117715,2883.4929943084717,False
3086,7,472,FeedbackPeriodStarted,1765536681.9391344,2883.5203552246094,False
3087,7,472,startFixDisplay,1765536681.9392002,2883.5204203128815,False
3088,7,472,startFixPeriod,1765536682.1475277,2883.7287497520447,False
3089,7,472,TargetPresentation,1765536683.2369883,2884.818211078644,False
3090,7,472,TargetRemoval,1765536683.396405,2884.9776277542114,True
3091,7,472,TargetReappeared,1765536683.6462982,2885.227519273758,False
3092,7,472,RightResponse,1765536684.0975664,2885.6787869930267,False
3093,7,473,FeedbackPeriodStarted,1765536684.1251087,2885.7063324451447,False
3094,7,473,startFixDisplay,1765536684.125259,2885.7064809799194,False
3095,7,473,startFixPeriod,1765536684.3334026,2885.9146258831024,False
3096,7,473,TargetPresentation,1765536685.443569,2887.0247921943665,False
3097,7,473,TargetDisplacement,1765536685.630764,2887.2119867801666,True
3098,7,473,LeftResponse,1765536686.637397,2888.218619823456,False
3099,7,474,FeedbackPeriodStarted,1765536686.671812,2888.2530357837677,False
3100,7,474,startFixDisplay,1765536686.6719496,2888.253171443939,False
3101,7,474,startFixPeriod,1765536686.8523502,2888.4335730075836,False
3102,7,474,TargetPresentation,1765536688.226204,2889.8074271678925,False
3103,7,474,TargetDisplacement,1765536688.4062681,2889.9874885082245,True
3104,7,474,LeftResponse,1765536689.0936968,2890.674917936325,False
3105,7,474,FeedbackPeriodStarted,1765536689.100402,2890.6816234588623,False
3106,7,475,startFixDisplay,1765536691.1126099,2892.6938326358795,False
3107,7,475,startFixPeriod,1765536691.1195745,2892.7007970809937,False
3108,7,475,TargetPresentation,1765536692.0704021,2893.651625394821,False
3109,7,475,TargetDisplacement,1765536692.5560277,2894.1372504234314,True
3110,7,475,RightResponse,1765536693.2433255,2894.824548482895,False
3111,7,476,FeedbackPeriodStarted,1765536693.2707417,2894.851964712143,False
3112,7,476,startFixDisplay,1765536693.2708838,2894.852105617523,False
3113,7,476,startFixPeriod,1765536693.465084,2895.046305656433,False
3114,7,476,TargetPresentation,1765536694.8529243,2896.434147834778,False
3115,7,476,TargetDisplacement,1765536695.0262895,2896.6075122356415,True
3116,7,476,RightResponse,1765536695.8938305,2897.4750514030457,False
3117,7,477,FeedbackPeriodStarted,1765536695.9213932,2897.5026161670685,False
3118,7,477,startFixDisplay,1765536695.921514,2897.5027339458466,False
3119,7,477,startFixPeriod,1765536696.1088836,2897.690106868744,False
3120,7,477,TargetPresentation,1765536697.246872,2898.8280951976776,False
3121,7,477,TargetRemoval,1765536697.3508954,2898.932118177414,True
3122,7,477,TargetReappeared,1765536697.6007187,2899.181941986084,False
3123,7,477,RightResponse,1765536698.2186496,2899.7998712062836,False
3124,7,478,FeedbackPeriodStarted,1765536698.2462325,2899.827456474304,False
3125,7,478,startFixDisplay,1765536698.2463903,2899.827612400055,False
3126,7,478,startFixPeriod,1765536698.4403856,2900.021607398987,False
3127,7,478,TargetPresentation,1765536699.4881778,2901.069399356842,False
3128,7,478,TargetRemoval,1765536699.6407995,2901.222022294998,True
3129,7,478,TargetReappeared,1765536699.8906252,2901.4718465805054,False
3130,7,478,RightResponse,1765536700.4532743,2902.0344989299774,False
3131,7,479,FeedbackPeriodStarted,1765536700.4874194,2902.0686428546906,False
3132,7,479,startFixDisplay,1765536700.487526,2902.0687460899353,False
3133,7,479,startFixPeriod,1765536700.6955702,2902.276792526245,False
3134,7,479,TargetPresentation,1765536701.8405466,2903.421769142151,False
3135,7,479,TargetDisplacement,1765536702.0139003,2903.595123052597,True
3136,7,479,RightResponse,1765536702.8955722,2904.4767932891846,False
3137,7,480,FeedbackPeriodStarted,1765536702.92289,2904.5041105747223,False
3138,7,480,startFixDisplay,1765536702.9229546,2904.5041744709015,False
3139,7,480,startFixPeriod,1765536703.103498,2904.6847195625305,False
3140,7,480,TargetPresentation,1765536703.700286,2905.281509399414,False
3141,7,480,TargetDisplacement,1765536703.9221017,2905.503322124481,True
3142,7,480,LeftResponse,1765536704.5955088,2906.1767299175262,False
3143,7,480,FeedbackPeriodStarted,1765536704.6023357,2906.1835589408875,False
3144,7,481,startFixDisplay,1765536706.6148396,2908.1960599422455,False
3145,7,481,startFixPeriod,1765536706.6214714,2908.2026917934418,False
3146,7,481,TargetPresentation,1765536707.8498278,2909.4310495853424,False
3147,7,481,TargetDisplacement,1765536708.0093558,2909.590579032898,True
3148,7,481,RightResponse,1765536708.7386172,2910.3198385238647,False
3149,7,482,FeedbackPeriodStarted,1765536708.772504,2910.3537249565125,False
3150,7,482,startFixDisplay,1765536708.7725713,2910.353791475296,False
3151,7,482,startFixPeriod,1765536708.9184155,2910.4996376037598,False
3152,7,482,TargetPresentation,1765536710.0702162,2911.651439189911,False
3153,7,482,TargetDisplacement,1765536710.236733,2911.8179557323456,True
3154,7,482,RightResponse,1765536711.0143244,2912.5955469608307,False
3155,7,483,FeedbackPeriodStarted,1765536711.0416582,2912.622881412506,False
3156,7,483,startFixDisplay,1765536711.0417974,2912.6230194568634,False
3157,7,483,startFixPeriod,1765536711.298478,2912.879700899124,False
3158,7,483,TargetPresentation,1765536712.3740492,2913.9552721977234,False
3159,7,483,TargetRemoval,1765536712.5474465,2914.128669500351,True
3160,7,483,TargetReappeared,1765536712.797274,2914.3784964084625,False
3161,7,483,RightResponse,1765536713.401549,2914.9827699661255,False
3162,7,484,FeedbackPeriodStarted,1765536713.4286451,2915.0098683834076,False
3163,7,484,startFixDisplay,1765536713.4287858,2915.010007619858,False
3164,7,484,startFixPeriod,1765536713.581353,2915.1625742912292,False
3165,7,484,TargetPresentation,1765536714.983035,2916.564258337021,False
3166,7,484,TargetDisplacement,1765536714.9900203,2916.5712435245514,True
3167,7,484,RightResponse,1765536715.7604847,2917.3417069911957,False
3168,7,485,FeedbackPeriodStarted,1765536715.7879953,2917.3692185878754,False
3169,7,485,startFixDisplay,1765536715.7883472,2917.369571208954,False
3170,7,485,startFixPeriod,1765536715.9753127,2917.5565354824066,False
3171,7,485,TargetPresentation,1765536717.3215244,2918.902745962143,False
3172,7,485,TargetRemoval,1765536717.3285148,2918.909737586975,True
3173,7,485,TargetReappeared,1765536717.5783236,2919.1595463752747,False
3174,7,485,RightResponse,1765536718.2169871,2919.7982099056244,False
3175,7,486,FeedbackPeriodStarted,1765536718.2442656,2919.8254861831665,False
3176,7,486,startFixDisplay,1765536718.2443333,2919.825553417206,False
3177,7,486,startFixPeriod,1765536718.4180045,2919.9992282390594,False
3178,7,486,TargetPresentation,1765536719.4449017,2921.026124715805,False
3179,7,486,TargetDisplacement,1765536719.4518752,2921.0330986976624,True
3180,7,486,LeftResponse,1765536720.1041422,2921.6853630542755,False
3181,7,486,FeedbackPeriodStarted,1765536720.111112,2921.6923356056213,False
3182,7,487,startFixDisplay,1765536722.1231642,2923.704384326935,False
3183,7,487,startFixPeriod,1765536722.1301942,2923.711414575577,False
3184,7,487,TargetPresentation,1765536722.6715558,2924.252779006958,False
3185,7,487,TargetRemoval,1765536722.8103,2924.3915202617645,True
3186,7,487,TargetReappeared,1765536723.0602949,2924.641518354416,False
3187,7,487,LeftResponse,1765536723.5740285,2925.1552498340607,False
3188,7,488,FeedbackPeriodStarted,1765536723.601292,2925.182515144348,False
3189,7,488,startFixDisplay,1765536723.601444,2925.18266415596,False
3190,7,488,startFixPeriod,1765536723.7818854,2925.3631088733673,False
3191,7,488,TargetPresentation,1765536725.0725012,2926.6537232398987,False
3192,7,488,TargetDisplacement,1765536725.0793784,2926.66059923172,True
3193,7,488,RightResponse,1765536725.836204,2927.4174268245697,False
3194,7,489,FeedbackPeriodStarted,1765536725.8633182,2927.444538831711,False
3195,7,489,startFixDisplay,1765536725.863383,2927.4446029663086,False
3196,7,489,startFixPeriod,1765536726.0440137,2927.625237464905,False
3197,7,489,TargetPresentation,1765536726.564376,2928.1455974578857,False
3198,7,489,TargetDisplacement,1765536726.605984,2928.1872069835663,True
3199,7,489,RightResponse,1765536727.3557532,2928.936975479126,False
3200,7,490,FeedbackPeriodStarted,1765536727.3830318,2928.964252471924,False
3201,7,490,startFixDisplay,1765536727.3831062,2928.9643263816833,False
3202,7,490,startFixPeriod,1765536727.5635517,2929.144773006439,False
3203,7,490,TargetPresentation,1765536728.410215,2929.9914362430573,False
3204,7,490,TargetDisplacement,1765536728.750039,2930.331259250641,True
3205,7,490,RightResponse,1765536729.3264587,2930.907680273056,False
3206,7,491,FeedbackPeriodStarted,1765536729.3537717,2930.9349949359894,False
3207,7,491,startFixDisplay,1765536729.353912,2930.9351341724396,False
3208,7,491,startFixPeriod,1765536729.4371881,2931.018410682678,False
3209,7,491,TargetPresentation,1765536730.0546417,2931.6358630657196,False
3210,7,491,TargetRemoval,1765536730.228141,2931.809361219406,True
3211,7,491,TargetReappeared,1765536730.4780297,2932.05925321579,False
3212,7,491,RightResponse,1765536731.1722605,2932.7534832954407,False
3213,7,492,FeedbackPeriodStarted,1765536731.206385,2932.787605524063,False
3214,7,492,startFixDisplay,1765536731.2064438,2932.787663936615,False
3215,7,492,startFixPeriod,1765536731.2135189,2932.794739961624,False
3216,7,492,TargetPresentation,1765536732.1779697,2933.759190559387,False
3217,7,492,TargetRemoval,1765536732.3444824,2933.925702571869,True
3218,7,492,TargetReappeared,1765536732.594391,2934.175611972809,False
3219,7,492,RightResponse,1765536733.274798,2934.8560190200806,False
3220,7,492,FeedbackPeriodStarted,1765536733.2812574,2934.8624792099,False
3221,7,493,startFixDisplay,1765536735.2936397,2936.8748626708984,False
3222,7,493,startFixPeriod,1765536735.3214219,2936.9026448726654,False
3223,7,493,TargetPresentation,1765536735.918126,2937.499349117279,False
3224,7,493,TargetRemoval,1765536736.0985367,2937.679759502411,True
3225,7,493,TargetReappeared,1765536736.3484125,2937.9296333789825,False
3226,7,493,LeftResponse,1765536736.8413446,2938.422565460205,False
3227,7,494,FeedbackPeriodStarted,1765536736.8688157,2938.4500386714935,False
3228,7,494,startFixDisplay,1765536736.8689592,2938.450181245804,False
3229,7,494,startFixPeriod,1765536737.0285351,2938.6097569465637,False
3230,7,494,TargetPresentation,1765536737.9097092,2939.490930080414,False
3231,7,494,TargetDisplacement,1765536738.0969386,2939.6781616210938,True
3232,7,494,RightResponse,1765536739.2701468,2940.8513700962067,False
3233,7,495,FeedbackPeriodStarted,1765536739.2974398,2940.8786602020264,False
3234,7,495,startFixDisplay,1765536739.2975006,2940.8787207603455,False
3235,7,495,startFixPeriod,1765536739.3044667,2940.8856892585754,False
3236,7,495,TargetPresentation,1765536740.2967558,2941.8779788017273,False
3237,7,495,TargetDisplacement,1765536740.51184,2942.093062877655,True
3238,7,495,RightResponse,1765536741.4490438,2943.030266523361,False
3239,7,496,FeedbackPeriodStarted,1765536741.4763057,2943.0575289726257,False
3240,7,496,startFixDisplay,1765536741.4764385,2943.057660341263,False
3241,7,496,startFixPeriod,1765536741.483218,2943.064441204071,False
3242,7,496,TargetPresentation,1765536742.558891,2944.1401143074036,False
3243,7,496,TargetDisplacement,1765536742.7044718,2944.2856919765472,True
3244,7,496,RightResponse,1765536743.7805037,2945.3617255687714,False
3245,7,497,FeedbackPeriodStarted,1765536743.8147957,2945.3960189819336,False
3246,7,497,startFixDisplay,1765536743.814937,2945.396158695221,False
3247,7,497,startFixPeriod,1765536743.946735,2945.5279581546783,False
3248,7,497,TargetPresentation,1765536744.9945052,2946.5757269859314,False
3249,7,497,TargetRemoval,1765536745.001477,2946.582697868347,True
3250,7,497,TargetReappeared,1765536745.2513037,2946.832526922226,False
3251,7,497,LeftResponse,1765536746.8126905,2948.3939118385315,False
3252,7,498,FeedbackPeriodStarted,1765536746.8402388,2948.421462535858,False
3253,7,498,startFixDisplay,1765536746.8403747,2948.421596765518,False
3254,7,498,startFixPeriod,1765536746.9374244,2948.5186474323273,False
3255,7,498,TargetPresentation,1765536748.4085221,2949.989743232727,False
3256,7,498,TargetDisplacement,1765536748.5819001,2950.1631228923798,True
3257,7,498,LeftResponse,1765536749.1997855,2950.781008005142,False
3258,7,498,FeedbackPeriodStarted,1765536749.206554,2950.7877745628357,False
3259,7,499,startFixDisplay,1765536751.218599,2952.7998197078705,False
3260,7,499,startFixPeriod,1765536751.4201136,2953.0013370513916,False
3261,7,499,TargetPresentation,1765536752.2666967,2953.847918510437,False
3262,7,499,TargetRemoval,1765536752.433064,2954.0142872333527,True
3263,7,499,TargetReappeared,1765536752.683116,2954.264340162277,False
3264,7,499,LeftResponse,1765536753.1691172,2954.7503402233124,False
3265,7,500,FeedbackPeriodStarted,1765536753.196298,2954.777519226074,False
3266,7,500,startFixDisplay,1765536753.1963804,2954.7776007652283,False
3267,7,500,startFixPeriod,1765536753.3770113,2954.958233356476,False
3268,7,500,TargetPresentation,1765536754.8619084,2956.443132162094,False
3269,7,500,TargetDisplacement,1765536755.0283134,2956.609533548355,True
3270,7,500,RightResponse,1765536755.666879,2957.248099565506,False
3271,7,501,FeedbackPeriodStarted,1765536755.694446,2957.275669336319,False
3272,7,501,startFixDisplay,1765536755.6945786,2957.275800704956,False
3273,7,501,startFixPeriod,1765536755.874977,2957.456200838089,False
3274,7,501,TargetPresentation,1765536756.6730056,2958.2542293071747,False
3275,7,501,TargetDisplacement,1765536756.887983,2958.469206094742,True
3276,7,501,RightResponse,1765536757.6166646,2959.1978855133057,False
3277,7,502,FeedbackPeriodStarted,1765536757.6443164,2959.2255396842957,False
3278,7,502,startFixDisplay,1765536757.6444578,2959.2256796360016,False
3279,7,502,startFixPeriod,1765536757.7761765,2959.3573994636536,False
3280,7,502,TargetPresentation,1765536758.9281375,2960.5093607902527,False
3281,7,502,TargetDisplacement,1765536759.115409,2960.696631669998,True
3282,7,502,LeftResponse,1765536759.7472372,2961.3284583091736,False
3283,7,503,FeedbackPeriodStarted,1765536759.7744865,2961.3557074069977,False
3284,7,503,startFixDisplay,1765536759.7745502,2961.355770111084,False
3285,7,503,startFixPeriod,1765536759.9550788,2961.5363030433655,False
3286,7,503,TargetPresentation,1765536760.7808418,2962.362065076828,False
3287,7,503,TargetRemoval,1765536760.7878191,2962.3690423965454,True
3288,7,503,TargetReappeared,1765536761.037507,2962.6187279224396,False
3289,7,503,LeftResponse,1765536761.7317996,2963.3130221366882,False
3290,7,504,FeedbackPeriodStarted,1765536761.7591994,2963.3404228687286,False
3291,7,504,startFixDisplay,1765536761.7593434,2963.340563774109,False
3292,7,504,startFixPeriod,1765536761.7661304,2963.347353696823,False
3293,7,504,TargetPresentation,1765536763.07772,2964.658941268921,False
3294,7,504,TargetDisplacement,1765536763.08469,2964.6659138202667,True
3295,7,504,LeftResponse,1765536763.7997117,2965.3809332847595,False
3296,7,504,FeedbackPeriodStarted,1765536763.8062341,2965.3874571323395,False
3297,7,505,startFixDisplay,1765536765.8254905,2967.4067137241364,False
3298,7,505,startFixPeriod,1765536765.846226,2967.4274473190308,False
3299,7,505,TargetPresentation,1765536766.817887,2968.399109363556,False
3300,7,505,TargetDisplacement,1765536766.9773326,2968.5585553646088,True
3301,7,505,LeftResponse,1765536767.9076045,2969.4888257980347,False
3302,7,506,FeedbackPeriodStarted,1765536767.93495,2969.516173362732,False
3303,7,506,startFixDisplay,1765536767.9350986,2969.516320705414,False
3304,7,506,startFixPeriod,1765536768.7259781,2970.307200908661,False
3305,7,506,TargetPresentation,1765536769.4545956,2971.035816669464,False
3306,7,506,TargetDisplacement,1765536769.6419241,2971.223146915436,True
3307,7,506,RightResponse,1765536770.27353,2971.8547508716583,False
3308,7,507,FeedbackPeriodStarted,1765536770.30116,2971.8823833465576,False
3309,7,507,startFixDisplay,1765536770.3013043,2971.882526397705,False
3310,7,507,startFixPeriod,1765536770.620427,2972.201648950577,False
3311,7,507,TargetPresentation,1765536771.3838031,2972.96502661705,False
3312,7,507,TargetDisplacement,1765536771.5432444,2973.1244671344757,True
3313,7,507,RightResponse,1765536772.4735193,2974.0547420978546,False
3314,7,508,FeedbackPeriodStarted,1765536772.50084,2974.0820631980896,False
3315,7,508,startFixDisplay,1765536772.5009818,2974.0822036266327,False
3316,7,508,startFixPeriod,1765536772.6952767,2974.276500225067,False
3317,7,508,TargetPresentation,1765536773.2365153,2974.81773853302,False
3318,7,508,TargetDisplacement,1765536773.243384,2974.824604988098,True
3319,7,508,RightResponse,1765536774.096923,2975.6781437397003,False
3320,7,509,FeedbackPeriodStarted,1765536774.1245754,2975.705797433853,False
3321,7,509,startFixDisplay,1765536774.12468,2975.7059009075165,False
3322,7,509,startFixPeriod,1765536774.2911599,2975.872382879257,False
3323,7,509,TargetPresentation,1765536775.040684,2976.621907711029,False
3324,7,509,TargetDisplacement,1765536775.0476263,2976.6288497447968,True
3325,7,509,LeftResponse,1765536775.9290962,2977.510319709778,False
3326,7,510,FeedbackPeriodStarted,1765536775.956466,2977.537688970566,False
3327,7,510,startFixDisplay,1765536775.956606,2977.5378279685974,False
3328,7,510,startFixPeriod,1765536776.1439188,2977.725140810013,False
3329,7,510,TargetPresentation,1765536777.5942183,2979.1754417419434,False
3330,7,510,TargetRemoval,1765536777.7953548,2979.376578092575,True
3331,7,510,TargetReappeared,1765536778.0453255,2979.626549243927,False
3332,7,510,RightResponse,1765536778.6215062,2980.202728509903,False
3333,7,510,FeedbackPeriodStarted,1765536778.6349978,2980.2162206172943,False
3334,7,511,startFixDisplay,1765536780.647142,2982.228362083435,False
3335,7,511,startFixPeriod,1765536780.6821198,2982.263345003128,False
3336,7,511,TargetPresentation,1765536782.0631163,2983.6443421840668,False
3337,7,511,TargetDisplacement,1765536782.2293768,2983.81059718132,True
3338,7,511,LeftResponse,1765536783.0416887,2984.6229236125946,False
3339,7,512,FeedbackPeriodStarted,1765536783.0690386,2984.6502616405487,False
3340,7,512,startFixDisplay,1765536783.0692132,2984.6504352092743,False
3341,7,512,startFixPeriod,1765536783.2079098,2984.7891330718994,False
3342,7,512,TargetPresentation,1765536784.5609345,2986.1421554088593,False
3343,7,512,TargetDisplacement,1765536784.7274957,2986.3087186813354,True
3344,7,512,RightResponse,1765536785.588418,2987.1696407794952,False
3345,7,513,FeedbackPeriodStarted,1765536785.6156402,2987.196860551834,False
3346,7,513,startFixDisplay,1765536785.6157043,2987.1969244480133,False
3347,7,513,startFixPeriod,1765536785.747513,2987.328734397888,False
3348,7,513,TargetPresentation,1765536787.0035748,2988.5847980976105,False
3349,7,513,TargetDisplacement,1765536787.1769922,2988.7582154273987,True
3350,7,513,RightResponse,1765536787.774504,2989.3557279109955,False
3351,7,514,FeedbackPeriodStarted,1765536787.8084173,2989.389640569687,False
3352,7,514,startFixDisplay,1765536787.8085287,2989.389748573303,False
3353,7,514,startFixPeriod,1765536787.8848293,2989.466052055359,False
3354,7,514,TargetPresentation,1765536788.5994792,2990.1807012557983,False
3355,7,514,TargetRemoval,1765536788.7798657,2990.361088514328,True
3356,7,514,TargetReappeared,1765536789.0296838,2990.610905647278,False
3357,7,514,RightResponse,1765536789.5157301,2991.0969529151917,False
3358,7,515,FeedbackPeriodStarted,1765536789.5431979,2991.1244208812714,False
3359,7,515,startFixDisplay,1765536789.5433395,2991.124561548233,False
3360,7,515,startFixPeriod,1765536789.591747,2991.1729702949524,False
3361,7,515,TargetPresentation,1765536790.9518692,2992.533091545105,False
3362,7,515,TargetDisplacement,1765536791.1323144,2992.713537454605,True
3363,7,515,LeftResponse,1765536791.6807427,2993.261965751648,False
3364,7,516,FeedbackPeriodStarted,1765536791.7152932,2993.2965178489685,False
3365,7,516,startFixDisplay,1765536791.7154596,2993.2966816425323,False
3366,7,516,startFixPeriod,1765536791.8609111,2993.4421339035034,False
3367,7,516,TargetPresentation,1765536792.547879,2994.1291019916534,False
3368,7,516,TargetDisplacement,1765536792.5547793,2994.13600230217,True
3369,7,516,RightResponse,1765536793.4988592,2995.0800819396973,False
3370,7,516,FeedbackPeriodStarted,1765536793.5124893,2995.0937101840973,False
3371,7,517,startFixDisplay,1765536795.531582,2997.112805366516,False
3372,7,517,startFixPeriod,1765536795.538486,2997.1197090148926,False
3373,7,517,TargetPresentation,1765536796.6072898,2998.188513278961,False
3374,7,517,TargetRemoval,1765536796.7667513,2998.3479743003845,True
3375,7,517,TargetReappeared,1765536797.0166569,2998.5978779792786,False
3376,7,517,RightResponse,1765536797.530528,2999.111750602722,False
3377,7,518,FeedbackPeriodStarted,1765536797.5578892,2999.139112472534,False
3378,7,518,startFixDisplay,1765536797.558023,2999.1392447948456,False
3379,7,518,startFixPeriod,1765536797.7105649,2999.291788816452,False
3380,7,518,TargetPresentation,1765536798.2308702,2999.8120913505554,False
3381,7,518,TargetRemoval,1765536798.3349779,2999.9162006378174,True
3382,7,518,TargetReappeared,1765536798.5847373,3000.165958404541,False
3383,7,518,RightResponse,1765536799.1264915,3000.707713365555,False
3384,7,519,FeedbackPeriodStarted,1765536799.16075,3000.741972923279,False
3385,7,519,startFixDisplay,1765536799.1608896,3000.7421114444733,False
3386,7,519,startFixPeriod,1765536799.2926722,3000.873893260956,False
3387,7,519,TargetPresentation,1765536800.5417213,3002.1229445934296,False
3388,7,519,TargetRemoval,1765536800.7289963,3002.310219526291,True
3389,7,519,TargetReappeared,1765536800.9787536,3002.559977054596,False
3390,7,519,RightResponse,1765536801.3401747,3002.9213984012604,False
3391,7,520,FeedbackPeriodStarted,1765536801.3742385,3002.955461502075,False
3392,7,520,startFixDisplay,1765536801.37438,3002.9556019306183,False
3393,7,520,startFixPeriod,1765536801.5131607,3003.0943841934204,False
3394,7,520,TargetPresentation,1765536802.2278712,3003.8090925216675,False
3395,7,520,TargetRemoval,1765536802.4012032,3003.982425928116,True
3396,7,520,TargetReappeared,1765536802.6511633,3004.2323865890503,False
3397,7,520,LeftResponse,1765536803.3450854,3004.9263076782227,False
3398,7,521,FeedbackPeriodStarted,1765536803.3725564,3004.953777074814,False
3399,7,521,startFixDisplay,1765536803.3726192,3004.953839302063,False
3400,7,521,startFixPeriod,1765536803.6294482,3005.21066904068,False
3401,7,521,TargetPresentation,1765536804.927301,3006.508524656296,False
3402,7,521,TargetRemoval,1765536805.1214125,3006.7026329040527,True
3403,7,521,TargetReappeared,1765536805.371254,3006.952477455139,False
3404,7,521,LeftResponse,1765536805.8365757,3007.417798757553,False
3405,7,522,FeedbackPeriodStarted,1765536805.8707929,3007.4520165920258,False
3406,7,522,startFixDisplay,1765536805.870936,3007.4521577358246,False
3407,7,522,startFixPeriod,1765536806.0026464,3007.5838673114777,False
3408,7,522,TargetPresentation,1765536807.175464,3008.756685256958,False
3409,7,522,TargetDisplacement,1765536807.3557453,3008.9369683265686,True
3410,7,522,LeftResponse,1765536808.1334774,3009.714699983597,False
3411,7,522,FeedbackPeriodStarted,1765536808.1468885,3009.7281119823456,False
3412,7,523,startFixDisplay,1765536810.159481,3011.7407038211823,False
3413,7,523,startFixPeriod,1765536810.1660147,3011.747237443924,False
3414,7,523,TargetPresentation,1765536810.8115423,3012.3927659988403,False
3415,7,523,TargetDisplacement,1765536810.9917488,3012.5729715824127,True
3416,7,523,LeftResponse,1765536811.6583478,3013.2395708560944,False
3417,7,524,FeedbackPeriodStarted,1765536811.6856828,3013.2669060230255,False
3418,7,524,startFixDisplay,1765536811.6858213,3013.267043352127,False
3419,7,524,startFixPeriod,1765536811.8176765,3013.398900270462,False
3420,7,524,TargetPresentation,1765536813.0111656,3014.5923869609833,False
3421,7,524,TargetDisplacement,1765536813.1775506,3014.7587735652924,True
3422,7,524,RightResponse,1765536813.9968042,3015.578025817871,False
3423,7,525,FeedbackPeriodStarted,1765536814.0311587,3015.612382173538,False
3424,7,525,startFixDisplay,1765536814.0313058,3015.612527370453,False
3425,7,525,startFixPeriod,1765536814.426709,3016.0079324245453,False
3426,7,525,TargetPresentation,1765536815.0027554,3016.5839791297913,False
3427,7,525,TargetDisplacement,1765536815.169098,3016.750321149826,True
3428,7,525,LeftResponse,1765536816.0924585,3017.673681497574,False
3429,7,526,FeedbackPeriodStarted,1765536816.119776,3017.70099902153,False
3430,7,526,startFixDisplay,1765536816.1199138,3017.701135635376,False
3431,7,526,startFixPeriod,1765536816.1753666,3017.7565898895264,False
3432,7,526,TargetPresentation,1765536816.7096634,3018.2908866405487,False
3433,7,526,TargetRemoval,1765536816.8691666,3018.450389146805,True
3434,7,526,TargetReappeared,1765536817.1191933,3018.70041680336,False
3435,7,526,RightResponse,1765536817.7299645,3019.3111855983734,False
3436,7,527,FeedbackPeriodStarted,1765536817.7573645,3019.3385877609253,False
3437,7,527,startFixDisplay,1765536817.7574995,3019.338721036911,False
3438,7,527,startFixPeriod,1765536817.8893478,3019.4705715179443,False
3439,7,527,TargetPresentation,1765536818.728847,3020.310068845749,False
3440,7,527,TargetDisplacement,1765536818.8467712,3020.427993774414,True
3441,7,527,RightResponse,1765536819.4786289,3021.0598504543304,False
3442,7,527,FeedbackPeriodStarted,1765536819.5268514,3021.108074426651,False
