,blockID,trialNumber,triggerName,timestamp_sys,timestamp_psyc,triggerSent_Serial00
0,pract,-1,StartPractice,1764328614.4469821,616.6408927440643,False
1,pract,0,startFixDisplay,1764328614.4569316,616.6508419513702,False
2,pract,0,startFixPeriod,1764328614.6931746,616.887088060379,False
3,pract,0,TargetPresentation,1764328616.074039,618.2679524421692,False
4,pract,0,TargetDisplacement,1764328616.3028412,618.496753692627,True
5,pract,0,RightResponse,1764328616.5879104,618.7818231582642,False
6,pract,0,FeedbackPeriodStarted,1764328616.6081924,618.8021059036255,False
7,pract,1,startFixDisplay,1764328617.1147332,619.3086462020874,False
8,pract,1,startFixPeriod,1764328617.489563,619.6834893226624,False
9,pract,1,TargetPresentation,1764328618.5304785,620.7243900299072,False
10,pract,1,TargetDisplacement,1764328618.682998,620.8769085407257,True
11,pract,1,LeftResponse,1764328619.1901193,621.3840320110321,False
12,pract,1,FeedbackPeriodStarted,1764328619.1965182,621.3904314041138,False
13,pract,2,startFixDisplay,1764328619.7034335,621.8973445892334,False
14,pract,2,startFixPeriod,1764328619.7794871,621.9734003543854,False
15,pract,2,TargetPresentation,1764328620.7579722,622.9518857002258,False
16,pract,2,TargetRemoval,1764328620.9243019,623.118212223053,True
17,pract,2,TargetReappeared,1764328621.1741924,623.3681056499481,False
18,pract,2,RightResponse,1764328621.2160718,623.4099836349487,False
19,pract,2,FeedbackPeriodStarted,1764328621.2226486,623.4165616035461,False
20,pract,3,startFixDisplay,1764328621.7293038,623.9232175350189,False
21,pract,3,startFixPeriod,1764328621.9305363,624.1244494915009,False
22,pract,3,TargetPresentation,1764328622.8881328,625.0820441246033,False
23,pract,3,TargetDisplacement,1764328623.026808,625.2207207679749,True
24,pract,3,LeftResponse,1764328623.2839282,625.4778409004211,False
25,pract,3,FeedbackPeriodStarted,1764328623.2975304,625.4914436340332,False
26,pract,4,startFixDisplay,1764328623.803915,625.9978280067444,False
27,pract,4,startFixPeriod,1764328623.9706006,626.1645159721375,False
28,pract,4,TargetPresentation,1764328624.9282215,627.1221330165863,False
29,pract,4,TargetRemoval,1764328625.0807977,627.2747104167938,True
30,pract,4,TargetReappeared,1764328625.3308883,627.5248003005981,False
31,pract,4,RightResponse,1764328626.2542207,628.4481334686279,False
32,pract,4,FeedbackPeriodStarted,1764328626.274248,628.4681594371796,False
33,pract,5,startFixDisplay,1764328626.7807682,628.9746809005737,False
34,pract,5,startFixPeriod,1764328626.7877204,628.9816331863403,False
35,pract,5,TargetPresentation,1764328628.2451491,630.4390621185303,False
36,pract,5,TargetDisplacement,1764328628.390695,630.5846078395844,True
37,pract,5,LeftResponse,1764328628.647543,630.8414535522461,False
38,pract,5,FeedbackPeriodStarted,1764328628.6543941,630.8483049869537,False
39,pract,6,startFixDisplay,1764328629.1608772,631.3547902107239,False
40,pract,6,startFixPeriod,1764328629.5566866,631.7506015300751,False
41,pract,6,TargetPresentation,1764328630.6390169,632.8329303264618,False
42,pract,6,TargetRemoval,1764328630.7916963,632.9856095314026,True
43,pract,6,TargetReappeared,1764328631.041465,633.2353768348694,False
44,pract,6,RightResponse,1764328631.1042228,633.2981355190277,False
45,pract,6,FeedbackPeriodStarted,1764328631.1178846,633.3117954730988,False
46,pract,7,startFixDisplay,1764328631.624233,633.8181457519531,False
47,pract,7,startFixPeriod,1764328632.235066,634.4289784431458,False
48,pract,7,TargetPresentation,1764328632.7484834,634.9423940181732,False
49,pract,7,TargetDisplacement,1764328632.880264,635.0741741657257,True
50,pract,7,LeftResponse,1764328633.0886357,635.2825462818146,False
51,pract,7,FeedbackPeriodStarted,1764328633.095466,635.2893769741058,False
52,pract,8,startFixDisplay,1764328633.6018734,635.7957863807678,False
53,pract,8,startFixPeriod,1764328633.990749,636.1846625804901,False
54,pract,8,TargetPresentation,1764328635.4756505,637.6695640087128,False
55,pract,8,TargetDisplacement,1764328635.6280324,637.8219428062439,True
56,pract,8,RightResponse,1764328635.8433397,638.0372505187988,False
57,pract,8,FeedbackPeriodStarted,1764328635.8570874,638.0509979724884,False
58,pract,9,startFixDisplay,1764328636.3635476,638.5574584007263,False
59,pract,9,startFixPeriod,1764328636.5303826,638.7242934703827,False
60,pract,9,TargetPresentation,1764328637.356141,639.5500545501709,False
61,pract,9,TargetRemoval,1764328637.4947345,639.6886477470398,True
62,pract,9,TargetReappeared,1764328637.7446022,639.9385137557983,False
63,pract,9,LeftResponse,1764328637.7795365,639.9734489917755,False
64,pract,9,FeedbackPeriodStarted,1764328637.7861514,639.980064868927,False
65,pract,10,startFixDisplay,1764328638.2927172,640.4866306781769,False
66,pract,10,startFixPeriod,1764328638.4108064,640.6047201156616,False
67,pract,10,TargetPresentation,1764328639.3198364,641.5137495994568,False
68,pract,10,TargetDisplacement,1764328639.5001493,641.6940624713898,True
69,pract,10,RightResponse,1764328639.7362912,641.9302022457123,False
70,pract,10,FeedbackPeriodStarted,1764328639.7499876,641.9439005851746,False
71,pract,11,startFixDisplay,1764328640.2563994,642.4503099918365,False
72,pract,11,startFixPeriod,1764328640.3398495,642.5337626934052,False
73,pract,11,TargetPresentation,1764328640.9228265,643.116739988327,False
74,pract,11,TargetRemoval,1764328641.1169343,643.3108470439911,True
75,pract,11,TargetReappeared,1764328641.3667452,643.560658454895,False
76,pract,11,LeftResponse,1764328642.0473027,644.2412152290344,False
77,pract,11,FeedbackPeriodStarted,1764328642.0536475,644.2475605010986,False
78,pract,12,startFixDisplay,1764328642.5601535,644.7540664672852,False
79,pract,12,startFixPeriod,1764328642.8032613,644.9971735477448,False
80,pract,12,TargetPresentation,1764328643.5041249,645.6980381011963,False
81,pract,12,TargetDisplacement,1764328643.691382,645.8852922916412,True
82,pract,12,FeedbackPeriodStarted,1764328645.696651,647.8905644416809,False
83,pract,13,startFixDisplay,1764328646.2031465,648.3970592021942,False
84,pract,13,startFixPeriod,1764328646.6682212,648.8621320724487,False
85,pract,13,TargetPresentation,1764328647.584242,649.7781558036804,False
86,pract,13,TargetRemoval,1764328647.5911822,649.7850954532623,True
87,pract,13,TargetReappeared,1764328647.8409812,650.0348944664001,False
88,pract,13,LeftResponse,1764328648.22998,650.4238927364349,False
89,pract,13,FeedbackPeriodStarted,1764328648.2365506,650.4304640293121,False
90,pract,14,startFixDisplay,1764328648.7428815,650.936794757843,False
91,pract,14,startFixPeriod,1764328648.7498078,650.9437208175659,False
92,pract,14,TargetPresentation,1764328649.6243944,651.8183062076569,False
93,pract,14,TargetDisplacement,1764328649.7629597,651.9568724632263,True
94,pract,14,RightResponse,1764328650.1516953,652.3456063270569,False
95,pract,14,FeedbackPeriodStarted,1764328650.1654358,652.3593490123749,False
96,pract,15,startFixDisplay,1764328650.6718864,652.8657991886139,False
97,pract,15,startFixPeriod,1764328650.9288461,653.1227595806122,False
98,pract,15,TargetPresentation,1764328651.6088483,653.8027617931366,False
99,pract,15,TargetRemoval,1764328651.747516,653.9414284229279,True
100,pract,15,TargetReappeared,1764328651.9975085,654.1914217472076,False
101,pract,15,LeftResponse,1764328652.1572254,654.3511383533478,False
102,pract,15,FeedbackPeriodStarted,1764328652.170848,654.3647615909576,False
103,pract,16,startFixDisplay,1764328652.6772585,654.8711712360382,False
104,pract,16,startFixPeriod,1764328652.6841924,654.8781054019928,False
105,pract,16,TargetPresentation,1764328653.8501885,656.044102191925,False
106,pract,16,TargetDisplacement,1764328653.9957874,656.1896998882294,True
107,pract,16,RightResponse,1764328654.363952,656.5578646659851,False
108,pract,16,FeedbackPeriodStarted,1764328654.3773842,656.5712950229645,False
109,pract,17,startFixDisplay,1764328654.8838809,657.0777940750122,False
110,pract,17,startFixPeriod,1764328654.890806,657.0847187042236,False
111,pract,17,TargetPresentation,1764328655.8486414,658.0425536632538,False
112,pract,17,TargetRemoval,1764328655.9664898,658.160403251648,True
113,pract,17,TargetReappeared,1764328656.2163725,658.410285949707,False
114,pract,17,LeftResponse,1764328656.327502,658.5214126110077,False
115,pract,17,FeedbackPeriodStarted,1764328656.334334,658.5282473564148,False
116,pract,18,startFixDisplay,1764328656.8407352,659.0346484184265,False
117,pract,18,startFixPeriod,1764328657.1601355,659.3540489673615,False
118,pract,18,TargetPresentation,1764328658.0899634,660.2838768959045,False
119,pract,18,TargetDisplacement,1764328658.2492807,660.4431910514832,True
120,pract,18,RightResponse,1764328658.6522832,660.8461949825287,False
121,pract,18,FeedbackPeriodStarted,1764328658.658947,660.8528604507446,False
122,pract,19,startFixDisplay,1764328659.1652212,661.3591320514679,False
123,pract,19,startFixPeriod,1764328659.1723592,661.366272687912,False
124,pract,19,TargetPresentation,1764328660.5115998,662.7055115699768,False
125,pract,19,TargetDisplacement,1764328660.6433692,662.8372819423676,True
126,pract,19,LeftResponse,1764328661.102132,663.2960441112518,False
127,pract,19,FeedbackPeriodStarted,1764328661.1082087,663.3021206855774,False
128,pract,20,startFixDisplay,1764328661.614745,663.8086576461792,False
129,pract,20,startFixPeriod,1764328661.7398415,663.9337549209595,False
130,pract,20,TargetPresentation,1764328662.4614682,664.655378818512,False
131,pract,20,TargetRemoval,1764328662.6141152,664.808028459549,True
132,pract,20,TargetReappeared,1764328662.8639967,665.0579099655151,False
133,pract,20,RightResponse,1764328663.2320662,665.4259796142578,False
134,pract,20,FeedbackPeriodStarted,1764328663.2385144,665.4324276447296,False
135,pract,21,startFixDisplay,1764328663.7450793,665.9389922618866,False
136,pract,21,startFixPeriod,1764328663.7519288,665.9458391666412,False
137,pract,21,TargetPresentation,1764328664.5848958,666.7788088321686,False
138,pract,21,TargetDisplacement,1764328664.5918448,666.7857580184937,True
139,pract,21,LeftResponse,1764328665.285926,667.4798378944397,False
140,pract,21,FeedbackPeriodStarted,1764328665.2924705,667.4863831996918,False
141,pract,22,startFixDisplay,1764328665.7990205,667.9929332733154,False
142,pract,22,startFixPeriod,1764328665.8268528,668.0207660198212,False
143,pract,22,TargetPresentation,1764328666.326551,668.5204632282257,False
144,pract,22,TargetDisplacement,1764328666.4859953,668.6799082756042,True
145,pract,22,RightResponse,1764328667.3051212,669.4990332126617,False
146,pract,22,FeedbackPeriodStarted,1764328667.3117447,669.5056579113007,False
147,pract,23,startFixDisplay,1764328667.8182,670.012110710144,False
148,pract,23,startFixPeriod,1764328667.8252628,670.0191757678986,False
149,pract,23,TargetPresentation,1764328668.914815,671.1087284088135,False
150,pract,23,TargetDisplacement,1764328668.9217982,671.1157116889954,True
151,pract,23,LeftResponse,1764328669.4423282,671.6362385749817,False
152,pract,23,FeedbackPeriodStarted,1764328669.4490557,671.6429665088654,False
153,pract,24,startFixDisplay,1764328669.9555473,672.1494605541229,False
154,pract,24,startFixPeriod,1764328670.2539935,672.4479069709778,False
155,pract,24,TargetPresentation,1764328671.121306,673.3152167797089,False
156,pract,24,TargetDisplacement,1764328671.2877865,673.4816992282867,True
157,pract,24,RightResponse,1764328671.6491382,673.8430507183075,False
158,pract,24,FeedbackPeriodStarted,1764328671.655826,673.8497395515442,False
159,pract,25,startFixDisplay,1764328672.162117,674.3560299873352,False
160,pract,25,startFixPeriod,1764328672.1689534,674.362863779068,False
161,pract,25,TargetPresentation,1764328673.5362847,675.7301979064941,False
162,pract,25,TargetDisplacement,1764328673.6541302,675.8480432033539,True
163,pract,25,LeftResponse,1764328674.5287442,676.7226555347443,False
164,pract,25,FeedbackPeriodStarted,1764328674.53543,676.729341506958,False
165,pract,26,startFixDisplay,1764328675.0418496,677.235762834549,False
166,pract,26,startFixPeriod,1764328675.048863,677.2427759170532,False
167,pract,26,TargetPresentation,1764328676.2631972,678.4571104049683,False
168,pract,26,TargetRemoval,1764328676.436601,678.6305136680603,True
169,pract,26,TargetReappeared,1764328676.6864834,678.8803963661194,False
170,pract,26,RightResponse,1764328676.7561357,678.9500482082367,False
171,pract,26,FeedbackPeriodStarted,1764328676.7627296,678.9566426277161,False
172,pract,27,startFixDisplay,1764328677.2692468,679.4631595611572,False
173,pract,27,startFixPeriod,1764328677.4220595,679.6159725189209,False
174,pract,27,TargetPresentation,1764328678.4422107,680.6361224651337,False
175,pract,27,TargetDisplacement,1764328678.4490483,680.642959356308,True
176,pract,27,LeftResponse,1764328679.1504734,681.3443853855133,False
177,pract,27,FeedbackPeriodStarted,1764328679.1567008,681.3506140708923,False
178,pract,28,startFixDisplay,1764328679.6632159,681.8571288585663,False
179,pract,28,startFixPeriod,1764328679.691074,681.8849844932556,False
180,pract,28,TargetPresentation,1764328680.6140347,682.8079462051392,False
181,pract,28,TargetDisplacement,1764328680.801245,682.9951577186584,True
182,pract,28,RightResponse,1764328681.1623647,683.3562760353088,False
183,pract,28,FeedbackPeriodStarted,1764328681.1692433,683.3631567955017,False
184,pract,29,startFixDisplay,1764328681.6755917,683.8695061206818,False
185,pract,29,startFixPeriod,1764328681.876959,684.0708723068237,False
186,pract,29,TargetPresentation,1764328682.744184,684.9380974769592,False
187,pract,29,TargetRemoval,1764328682.76498,684.958892583847,True
188,pract,29,TargetReappeared,1764328683.0150309,685.2089443206787,False
189,pract,29,LeftResponse,1764328683.3621998,685.5561127662659,False
190,pract,29,FeedbackPeriodStarted,1764328683.3688302,685.5627436637878,False
191,pract,30,startFixDisplay,1764328683.875199,686.0691118240356,False
192,pract,30,startFixPeriod,1764328684.2778895,686.4718029499054,False
193,pract,30,TargetPresentation,1764328684.9162648,687.1101763248444,False
194,pract,30,TargetDisplacement,1764328685.0410233,687.2349338531494,True
195,pract,30,RightResponse,1764328685.9850993,688.1790120601654,False
196,pract,30,FeedbackPeriodStarted,1764328685.9916527,688.1855657100677,False
197,pract,31,startFixDisplay,1764328686.4981127,688.6920254230499,False
198,pract,31,startFixPeriod,1764328686.678738,688.8726513385773,False
199,pract,31,TargetPresentation,1764328687.4489524,689.6428635120392,False
200,pract,31,TargetDisplacement,1764328687.5669584,689.7608716487885,True
201,pract,31,RightResponse,1764328688.4483452,690.6422562599182,False
202,pract,31,FeedbackPeriodStarted,1764328688.4550486,690.6489593982697,False
203,pract,32,startFixDisplay,1764328688.9614215,691.155332326889,False
204,pract,32,startFixPeriod,1764328688.9685025,691.1624133586884,False
205,pract,32,TargetPresentation,1764328689.7458162,691.9397296905518,False
206,pract,32,TargetDisplacement,1764328689.8914983,692.0854113101959,True
207,pract,32,RightResponse,1764328690.433074,692.6269845962524,False
208,pract,32,FeedbackPeriodStarted,1764328690.439709,692.6336224079132,False
209,pract,33,startFixDisplay,1764328690.9530475,693.146960735321,False
210,pract,33,startFixPeriod,1764328691.0154886,693.2093992233276,False
211,pract,33,TargetPresentation,1764328692.014878,694.2087914943695,False
212,pract,33,TargetDisplacement,1764328692.021873,694.2157862186432,True
213,pract,33,RightResponse,1764328692.8475354,695.0414459705353,False
214,pract,33,FeedbackPeriodStarted,1764328692.854558,695.0484716892242,False
215,pract,34,startFixDisplay,1764328693.360946,695.5548567771912,False
216,pract,34,startFixPeriod,1764328693.3678312,695.5617442131042,False
217,pract,34,TargetPresentation,1764328694.2422533,696.4361646175385,False
218,pract,34,TargetDisplacement,1764328694.401757,696.5956699848175,True
219,pract,34,RightResponse,1764328694.9780424,697.1719529628754,False
220,pract,34,FeedbackPeriodStarted,1764328694.984844,697.1787574291229,False
221,pract,35,startFixDisplay,1764328695.4910743,697.6849851608276,False
222,pract,35,startFixPeriod,1764328695.754998,697.948911190033,False
223,pract,35,TargetPresentation,1764328697.1635182,699.3574302196503,False
224,pract,35,TargetDisplacement,1764328697.281445,699.4753577709198,True
225,pract,35,LeftResponse,1764328698.3850682,700.5789797306061,False
226,pract,35,FeedbackPeriodStarted,1764328698.3918211,700.5857343673706,False
227,pract,36,startFixDisplay,1764328698.8982263,701.092139005661,False
228,pract,36,startFixPeriod,1764328698.9051533,701.0990657806396,False
229,pract,36,TargetPresentation,1764328699.4744036,701.6683142185211,False
230,pract,36,TargetDisplacement,1764328699.7240787,701.9179887771606,True
231,pract,36,LeftResponse,1764328700.4183004,702.6122133731842,False
232,pract,36,FeedbackPeriodStarted,1764328700.424933,702.6188435554504,False
233,pract,37,startFixDisplay,1764328700.9313843,703.125296831131,False
234,pract,37,startFixPeriod,1764328700.9661438,703.1600570678711,False
235,pract,37,TargetPresentation,1764328701.7504017,703.9443144798279,False
236,pract,37,TargetDisplacement,1764328701.875131,704.069043636322,True
237,pract,37,LeftResponse,1764328702.8886058,705.0825190544128,False
238,pract,37,FeedbackPeriodStarted,1764328702.8953063,705.0892198085785,False
239,pract,38,startFixDisplay,1764328703.4016817,705.5955946445465,False
240,pract,38,startFixPeriod,1764328703.4503746,705.6442878246307,False
241,pract,38,TargetPresentation,1764328704.0402536,706.234167098999,False
242,pract,38,TargetDisplacement,1764328704.1996815,706.3935940265656,True
243,pract,38,RightResponse,1764328705.0882225,707.2821328639984,False
244,pract,38,FeedbackPeriodStarted,1764328705.0950267,707.2889399528503,False
245,pract,39,startFixDisplay,1764328705.6014,707.7953135967255,False
246,pract,39,startFixPeriod,1764328705.6708467,707.8647599220276,False
247,pract,39,TargetPresentation,1764328706.3787732,708.5726864337921,False
248,pract,39,TargetDisplacement,1764328706.489675,708.6835880279541,True
249,pract,39,LeftResponse,1764328707.0590332,709.2529439926147,False
250,pract,39,FeedbackPeriodStarted,1764328707.065562,709.2594728469849,False
251,pract,40,startFixDisplay,1764328707.572011,709.7659242153168,False
252,pract,40,startFixPeriod,1764328707.5998874,709.7938005924225,False
253,pract,40,TargetPresentation,1764328708.293928,710.4878413677216,False
254,pract,40,TargetRemoval,1764328708.488053,710.6819634437561,True
255,pract,40,TargetReappeared,1764328708.7380192,710.9319303035736,False
256,pract,40,RightResponse,1764328708.9812126,711.1751234531403,False
257,pract,40,FeedbackPeriodStarted,1764328708.9877179,711.1816284656525,False
258,pract,41,startFixDisplay,1764328709.4940872,711.6879999637604,False
259,pract,41,startFixPeriod,1764328709.5428317,711.7367448806763,False
260,pract,41,TargetPresentation,1764328710.9932048,713.1871178150177,False
261,pract,41,TargetRemoval,1764328711.1317742,713.3256869316101,True
262,pract,41,TargetReappeared,1764328711.3817682,713.5756816864014,False
263,pract,41,RightResponse,1764328712.1666698,714.3605813980103,False
264,pract,41,FeedbackPeriodStarted,1764328712.1726356,714.3665475845337,False
265,pract,-1,EndPractice,1764328712.669899,714.8638126850128,False
266,0,0,startFixDisplay,1764328809.6591835,811.8530976772308,False
267,0,0,startFixPeriod,1764328809.860557,812.0544695854187,False
268,0,0,TargetPresentation,1764328810.7626235,812.9565377235413,False
269,0,0,TargetDisplacement,1764328810.9290066,813.122917175293,True
270,0,0,RightResponse,1764328811.685895,813.879807472229,False
271,0,1,FeedbackPeriodStarted,1764328811.7061977,813.9001111984253,False
272,0,1,startFixDisplay,1764328811.7063017,813.9002120494843,False
273,0,1,startFixPeriod,1764328811.7131855,813.9070990085602,False
274,0,1,TargetPresentation,1764328813.1288805,815.3227941989899,False
275,0,1,TargetRemoval,1764328813.274397,815.468309879303,True
276,0,1,TargetReappeared,1764328813.5243912,815.7183032035828,False
277,0,1,RightResponse,1764328813.6355348,815.8294463157654,False
278,0,2,FeedbackPeriodStarted,1764328813.6560323,815.8499455451965,False
279,0,2,startFixDisplay,1764328813.6561742,815.8500862121582,False
280,0,2,startFixPeriod,1764328813.8852584,816.0791718959808,False
281,0,2,TargetPresentation,1764328814.8565607,817.0504713058472,False
282,0,2,TargetDisplacement,1764328815.0091949,817.2031080722809,True
283,0,2,LeftResponse,1764328815.7867737,817.9806864261627,False
284,0,3,FeedbackPeriodStarted,1764328815.8071952,818.0011088848114,False
285,0,3,startFixDisplay,1764328815.8073392,818.0012516975403,False
286,0,3,startFixPeriod,1764328815.9600687,818.1539816856384,False
287,0,3,TargetPresentation,1764328817.1604536,819.3543684482574,False
288,0,3,TargetDisplacement,1764328817.3198903,819.5138034820557,True
289,0,3,RightResponse,1764328818.3610842,820.5549962520599,False
290,0,4,FeedbackPeriodStarted,1764328818.3746057,820.5685217380524,False
291,0,4,startFixDisplay,1764328818.3747585,820.5686705112457,False
292,0,4,startFixPeriod,1764328818.5135317,820.707444190979,False
293,0,4,TargetPresentation,1764328819.5128376,821.7067515850067,False
294,0,4,TargetDisplacement,1764328819.6582487,821.8521616458893,True
295,0,4,RightResponse,1764328820.3457882,822.5397012233734,False
296,0,5,FeedbackPeriodStarted,1764328820.3660738,822.5599849224091,False
297,0,5,startFixDisplay,1764328820.366141,822.560051202774,False
298,0,5,startFixPeriod,1764328820.3731282,822.5670416355133,False
299,0,5,TargetPresentation,1764328821.323787,823.5177006721497,False
300,0,5,TargetRemoval,1764328821.4554906,823.6494033336639,True
301,0,5,TargetReappeared,1764328821.7055209,823.8994345664978,False
302,0,5,LeftResponse,1764328822.3301115,824.5240223407745,False
303,0,6,FeedbackPeriodStarted,1764328822.3436012,824.5375118255615,False
304,0,6,startFixDisplay,1764328822.3436663,824.5375764369965,False
305,0,6,startFixPeriod,1764328822.3507876,824.5447010993958,False
306,0,6,TargetPresentation,1764328823.5097446,825.7036583423615,False
307,0,6,TargetRemoval,1764328823.6483047,825.8422181606293,True
308,0,6,TargetReappeared,1764328823.8982425,826.0921559333801,False
309,0,6,RightResponse,1764328824.4051626,826.5990750789642,False
310,0,6,FeedbackPeriodStarted,1764328824.4116483,826.6055588722229,False
311,0,7,startFixDisplay,1764328826.4168665,828.6107797622681,False
312,0,7,startFixPeriod,1764328826.8611765,829.0550901889801,False
313,0,7,TargetPresentation,1764328828.0060296,830.1999430656433,False
314,0,7,TargetDisplacement,1764328828.1517072,830.3456201553345,True
315,0,7,LeftResponse,1764328828.964022,831.1579339504242,False
316,0,8,FeedbackPeriodStarted,1764328828.9842932,831.1782040596008,False
317,0,8,startFixDisplay,1764328828.9843738,831.1782841682434,False
318,0,8,startFixPeriod,1764328829.0677743,831.2616875171661,False
319,0,8,TargetPresentation,1764328830.1433306,832.3372428417206,False
320,0,8,TargetDisplacement,1764328830.2750347,832.4689476490021,True
321,0,8,LeftResponse,1764328831.149888,833.3438010215759,False
322,0,9,FeedbackPeriodStarted,1764328831.1701388,833.3640496730804,False
323,0,9,startFixDisplay,1764328831.1702034,833.3641135692596,False
324,0,9,startFixPeriod,1764328831.309171,833.5030844211578,False
325,0,9,TargetPresentation,1764328832.5720842,834.7659966945648,False
326,0,9,TargetDisplacement,1764328832.703757,834.8976700305939,True
327,0,9,LeftResponse,1764328833.5578392,835.7517530918121,False
328,0,10,FeedbackPeriodStarted,1764328833.5849946,835.7789077758789,False
329,0,10,startFixDisplay,1764328833.5851147,835.7790246009827,False
330,0,10,startFixPeriod,1764328833.6198347,835.813747882843,False
331,0,10,TargetPresentation,1764328834.2582085,836.4521203041077,False
332,0,10,TargetDisplacement,1764328834.4245203,836.6184306144714,True
333,0,10,RightResponse,1764328835.1813455,837.3752574920654,False
334,0,11,FeedbackPeriodStarted,1764328835.2017975,837.395711183548,False
335,0,11,startFixDisplay,1764328835.2019413,837.3958535194397,False
336,0,11,startFixPeriod,1764328835.2296395,837.4235515594482,False
337,0,11,TargetPresentation,1764328836.3885894,838.5825023651123,False
338,0,11,TargetDisplacement,1764328836.5201247,838.7140350341797,True
339,0,11,LeftResponse,1764328837.2837782,839.4776892662048,False
340,0,12,FeedbackPeriodStarted,1764328837.3042805,839.4981942176819,False
341,0,12,startFixDisplay,1764328837.3043652,839.4982752799988,False
342,0,12,startFixPeriod,1764328837.32519,839.5191025733948,False
343,0,12,TargetPresentation,1764328838.248058,840.4419713020325,False
344,0,12,TargetDisplacement,1764328838.2549894,840.4489026069641,True
345,0,12,RightResponse,1764328839.4279988,841.6219115257263,False
346,0,12,FeedbackPeriodStarted,1764328839.4345503,841.6284639835358,False
347,0,13,startFixDisplay,1764328841.4398942,843.6338074207306,False
348,0,13,startFixPeriod,1764328841.8563774,844.0502891540527,False
349,0,13,TargetPresentation,1764328842.7514362,844.9453496932983,False
350,0,13,TargetDisplacement,1764328842.8901832,845.0840961933136,True
351,0,13,LeftResponse,1764328843.7646978,845.9586083889008,False
352,0,14,FeedbackPeriodStarted,1764328843.7783945,845.9723076820374,False
353,0,14,startFixDisplay,1764328843.778535,845.9724473953247,False
354,0,14,startFixPeriod,1764328843.9590662,846.152979850769,False
355,0,14,TargetPresentation,1764328844.9721055,847.1660187244415,False
356,0,14,TargetDisplacement,1764328845.1108134,847.304726600647,True
357,0,14,LeftResponse,1764328845.9367504,848.1306614875793,False
358,0,15,FeedbackPeriodStarted,1764328845.9573205,848.1512315273285,False
359,0,15,startFixDisplay,1764328845.9573908,848.151300907135,False
360,0,15,startFixPeriod,1764328846.00602,848.1999328136444,False
361,0,15,TargetPresentation,1764328847.4076333,849.6015446186066,False
362,0,15,TargetDisplacement,1764328847.539309,849.7332193851471,True
363,0,15,LeftResponse,1764328848.2475972,850.4415090084076,False
364,0,16,FeedbackPeriodStarted,1764328848.2679834,850.4618968963623,False
365,0,16,startFixDisplay,1764328848.2681177,850.4620299339294,False
366,0,16,startFixPeriod,1764328848.3098466,850.503760099411,False
367,0,16,TargetPresentation,1764328848.9272766,851.1211876869202,False
368,0,16,TargetRemoval,1764328849.0590377,851.2529513835907,True
369,0,16,TargetReappeared,1764328849.308953,851.5028667449951,False
370,0,16,RightResponse,1764328849.954514,852.1484258174896,False
371,0,17,FeedbackPeriodStarted,1764328849.9679475,852.1618583202362,False
372,0,17,startFixDisplay,1764328849.9680104,852.1619207859039,False
373,0,17,startFixPeriod,1764328849.9749522,852.1688628196716,False
374,0,17,TargetPresentation,1764328851.2172687,853.4111821651459,False
375,0,17,TargetDisplacement,1764328851.3766992,853.5706119537354,True
376,0,17,LeftResponse,1764328852.30666,854.5005705356598,False
377,0,18,FeedbackPeriodStarted,1764328852.3203719,854.5142829418182,False
378,0,18,startFixDisplay,1764328852.320498,854.5144083499908,False
379,0,18,startFixPeriod,1764328852.5356717,854.7295849323273,False
380,0,18,TargetPresentation,1764328853.784616,855.9785294532776,False
381,0,18,TargetDisplacement,1764328854.0064871,856.2003974914551,True
382,0,18,RightResponse,1764328854.7702627,856.9641757011414,False
383,0,18,FeedbackPeriodStarted,1764328854.7837322,856.9776430130005,False
384,0,19,startFixDisplay,1764328856.7889905,858.982901096344,False
385,0,19,startFixPeriod,1764328857.0252552,859.2191689014435,False
386,0,19,TargetPresentation,1764328858.3782957,860.5722086429596,False
387,0,19,TargetDisplacement,1764328858.5169182,860.7108314037323,True
388,0,19,RightResponse,1764328859.2042756,861.398188829422,False
389,0,20,FeedbackPeriodStarted,1764328859.2247646,861.4186787605286,False
390,0,20,startFixDisplay,1764328859.224907,861.4188189506531,False
391,0,20,startFixPeriod,1764328859.231687,861.4256002902985,False
392,0,20,TargetPresentation,1764328860.2933898,862.4873034954071,False
393,0,20,TargetDisplacement,1764328860.5014307,862.6953411102295,True
394,0,20,LeftResponse,1764328861.1403353,863.3342461585999,False
395,0,21,FeedbackPeriodStarted,1764328861.1538353,863.3477489948273,False
396,0,21,startFixDisplay,1764328861.153987,863.3478989601135,False
397,0,21,startFixPeriod,1764328861.3204076,863.5143194198608,False
398,0,21,TargetPresentation,1764328862.347504,864.5414175987244,False
399,0,21,TargetRemoval,1764328862.4791744,864.6730849742889,True
400,0,21,TargetReappeared,1764328862.7290642,864.9229772090912,False
401,0,21,LeftResponse,1764328863.1247513,865.3186616897583,False
402,0,22,FeedbackPeriodStarted,1764328863.1381989,865.3321096897125,False
403,0,22,startFixDisplay,1764328863.1382656,865.3321757316589,False
404,0,22,startFixPeriod,1764328863.2702315,865.4641437530518,False
405,0,22,TargetPresentation,1764328864.6164784,866.8103921413422,False
406,0,22,TargetRemoval,1764328864.8175137,867.0114240646362,True
407,0,22,TargetReappeared,1764328865.0675416,867.2614548206329,False
408,0,22,LeftResponse,1764328865.6160152,867.8099277019501,False
409,0,23,FeedbackPeriodStarted,1764328865.6434,867.8373136520386,False
410,0,23,startFixDisplay,1764328865.6435533,867.8374655246735,False
411,0,23,startFixPeriod,1764328865.6502357,867.844146490097,False
412,0,23,TargetPresentation,1764328866.601038,868.7949495315552,False
413,0,23,TargetDisplacement,1764328866.857691,869.0516040325165,True
414,0,23,LeftResponse,1764328867.60054,869.7944507598877,False
415,0,24,FeedbackPeriodStarted,1764328867.6140664,869.8079776763916,False
416,0,24,startFixDisplay,1764328867.6141326,869.8080427646637,False
417,0,24,startFixPeriod,1764328867.6558278,869.8497409820557,False
418,0,24,TargetPresentation,1764328868.3912723,870.5851855278015,False
419,0,24,TargetDisplacement,1764328868.627281,870.8211913108826,True
420,0,24,RightResponse,1764328869.8001907,871.9941036701202,False
421,0,24,FeedbackPeriodStarted,1764328869.8138003,872.0077135562897,False
422,0,25,startFixDisplay,1764328871.8190393,874.0129525661469,False
423,0,25,startFixPeriod,1764328871.957974,874.1518869400024,False
424,0,25,TargetPresentation,1764328872.623988,874.8179013729095,False
425,0,25,TargetDisplacement,1764328872.7904832,874.984395980835,True
426,0,25,RightResponse,1764328873.4987593,875.6926720142365,False
427,0,26,FeedbackPeriodStarted,1764328873.5189993,875.7129101753235,False
428,0,26,startFixDisplay,1764328873.5190654,875.7129755020142,False
429,0,26,startFixPeriod,1764328873.6718538,875.8657672405243,False
430,0,26,TargetPresentation,1764328874.9972131,877.1911244392395,False
431,0,26,TargetDisplacement,1764328875.1498022,877.3437151908875,True
432,0,26,RightResponse,1764328875.7607284,877.9546408653259,False
433,0,27,FeedbackPeriodStarted,1764328875.7741842,877.9680950641632,False
434,0,27,startFixDisplay,1764328875.774249,877.968159198761,False
435,0,27,startFixPeriod,1764328876.017203,878.2111141681671,False
436,0,27,TargetPresentation,1764328876.8637443,879.0576550960541,False
437,0,27,TargetDisplacement,1764328877.002416,879.1963262557983,True
438,0,27,LeftResponse,1764328877.6829004,879.8768126964569,False
439,0,28,FeedbackPeriodStarted,1764328877.6963074,879.8902189731598,False
440,0,28,startFixDisplay,1764328877.6964734,879.890383720398,False
441,0,28,startFixPeriod,1764328877.703318,879.897228717804,False
442,0,28,TargetPresentation,1764328878.2239199,880.4178335666656,False
443,0,28,TargetDisplacement,1764328878.4458027,880.6397156715393,True
444,0,28,LeftResponse,1764328879.0500247,881.2439374923706,False
445,0,29,FeedbackPeriodStarted,1764328879.063288,881.257199048996,False
446,0,29,startFixDisplay,1764328879.0633717,881.2572817802429,False
447,0,29,startFixPeriod,1764328879.2093458,881.4032609462738,False
448,0,29,TargetPresentation,1764328879.7643871,881.9582991600037,False
449,0,29,TargetDisplacement,1764328879.9238133,882.1177265644073,True
450,0,29,LeftResponse,1764328881.097037,883.2909483909607,False
451,0,30,FeedbackPeriodStarted,1764328881.1103654,883.3042764663696,False
452,0,30,startFixDisplay,1764328881.1104279,883.304337978363,False
453,0,30,startFixPeriod,1764328881.1173813,883.3112945556641,False
454,0,30,TargetPresentation,1764328882.5678778,884.7617909908295,False
455,0,30,TargetDisplacement,1764328882.7480323,884.9419453144073,True
456,0,30,LeftResponse,1764328883.4007032,885.5946161746979,False
457,0,30,FeedbackPeriodStarted,1764328883.4072738,885.6011846065521,False
458,0,31,startFixDisplay,1764328885.412646,887.6065595149994,False
459,0,31,startFixPeriod,1764328885.6210263,887.8149399757385,False
460,0,31,TargetPresentation,1764328886.6133401,888.807252407074,False
461,0,31,TargetRemoval,1764328886.807402,889.0013151168823,True
462,0,31,TargetReappeared,1764328887.0572934,889.2512054443359,False
463,0,31,LeftResponse,1764328887.591723,889.7856342792511,False
464,0,32,FeedbackPeriodStarted,1764328887.6122916,889.806205034256,False
465,0,32,startFixDisplay,1764328887.612434,889.8063461780548,False
466,0,32,startFixPeriod,1764328887.633254,889.8271670341492,False
467,0,32,TargetPresentation,1764328889.0766823,891.2705955505371,False
468,0,32,TargetRemoval,1764328889.249977,891.4438903331757,True
469,0,32,TargetReappeared,1764328889.499858,891.6937713623047,False
470,0,32,RightResponse,1764328889.9720612,892.1659739017487,False
471,0,33,FeedbackPeriodStarted,1764328889.99244,892.1863553524017,False
472,0,33,startFixDisplay,1764328889.9926233,892.1865355968475,False
473,0,33,startFixPeriod,1764328889.9993272,892.193240404129,False
474,0,33,TargetPresentation,1764328890.9361966,893.1301093101501,False
475,0,33,TargetRemoval,1764328891.2137063,893.4076189994812,True
476,0,33,TargetReappeared,1764328891.4635513,893.6574625968933,False
477,0,33,LeftResponse,1764328892.2966027,894.4905159473419,False
478,0,34,FeedbackPeriodStarted,1764328892.316978,894.5108914375305,False
479,0,34,startFixDisplay,1764328892.3171058,894.5110177993774,False
480,0,34,startFixPeriod,1764328892.324033,894.5179438591003,False
481,0,34,TargetPresentation,1764328893.531445,895.7253563404083,False
482,0,34,TargetDisplacement,1764328893.7464423,895.9403553009033,True
483,0,34,RightResponse,1764328894.4337513,896.6276631355286,False
484,0,35,FeedbackPeriodStarted,1764328894.4543154,896.6482288837433,False
485,0,35,startFixDisplay,1764328894.4544525,896.6483647823334,False
486,0,35,startFixPeriod,1764328894.4611835,896.6550967693329,False
487,0,35,TargetPresentation,1764328895.6618364,897.8557500839233,False
488,0,35,TargetDisplacement,1764328895.8836932,898.0776064395905,True
489,0,35,LeftResponse,1764328897.056671,899.2505822181702,False
490,0,36,FeedbackPeriodStarted,1764328897.070088,899.263998746872,False
491,0,36,startFixDisplay,1764328897.0702114,899.2641217708588,False
492,0,36,startFixPeriod,1764328897.2438745,899.4377882480621,False
493,0,36,TargetPresentation,1764328898.048855,900.2427685260773,False
494,0,36,TargetRemoval,1764328898.1734974,900.3674077987671,True
495,0,36,TargetReappeared,1764328898.4235039,900.6174173355103,False
496,0,36,RightResponse,1764328898.9165018,901.1104140281677,False
497,0,36,FeedbackPeriodStarted,1764328898.923186,901.1170997619629,False
498,0,37,startFixDisplay,1764328900.9282765,903.1221899986267,False
499,0,37,startFixPeriod,1764328901.1505468,903.3444604873657,False
500,0,37,TargetPresentation,1764328902.1080565,904.3019680976868,False
501,0,37,TargetRemoval,1764328902.2953553,904.4892690181732,True
502,0,37,TargetReappeared,1764328902.545314,904.7392258644104,False
503,0,37,LeftResponse,1764328903.3920817,905.5859944820404,False
504,0,38,FeedbackPeriodStarted,1764328903.412508,905.6064212322235,False
505,0,38,startFixDisplay,1764328903.4126756,905.6065876483917,False
506,0,38,startFixPeriod,1764328903.4194498,905.6133604049683,False
507,0,38,TargetPresentation,1764328904.411906,906.6058197021484,False
508,0,38,TargetDisplacement,1764328904.5713403,906.7652530670166,True
509,0,38,LeftResponse,1764328905.8555098,908.049421787262,False
510,0,39,FeedbackPeriodStarted,1764328905.875848,908.0697619915009,False
511,0,39,startFixDisplay,1764328905.8760118,908.0699245929718,False
512,0,39,startFixPeriod,1764328906.0147388,908.2086522579193,False
513,0,39,TargetPresentation,1764328907.430276,909.6241867542267,False
514,0,39,TargetRemoval,1764328907.5967836,909.7906966209412,True
515,0,39,TargetReappeared,1764328907.8466015,910.0405151844025,False
516,0,39,RightResponse,1764328908.2980707,910.4919838905334,False
517,0,40,FeedbackPeriodStarted,1764328908.3252475,910.5191583633423,False
518,0,40,startFixDisplay,1764328908.325318,910.519228219986,False
519,0,40,startFixPeriod,1764328908.3321648,910.5260756015778,False
520,0,40,TargetPresentation,1764328909.414773,911.6086866855621,False
521,0,40,TargetRemoval,1764328909.5813327,911.7752432823181,True
522,0,40,TargetReappeared,1764328909.8313744,912.0252864360809,False
523,0,40,RightResponse,1764328910.4282956,912.6222085952759,False
524,0,41,FeedbackPeriodStarted,1764328910.441624,912.6355347633362,False
525,0,41,startFixDisplay,1764328910.4416876,912.6355974674225,False
526,0,41,startFixPeriod,1764328910.5875645,912.781492471695,False
527,0,41,TargetPresentation,1764328911.7326324,913.9265460968018,False
528,0,41,TargetDisplacement,1764328911.8711166,914.0650296211243,True
529,0,41,LeftResponse,1764328912.7389028,914.9328162670135,False
530,0,42,FeedbackPeriodStarted,1764328912.7593806,914.9532940387726,False
531,0,42,startFixDisplay,1764328912.7594624,914.9533724784851,False
532,0,42,startFixPeriod,1764328912.7662768,914.9601881504059,False
533,0,42,TargetPresentation,1764328913.3632543,915.5571677684784,False
534,0,42,TargetDisplacement,1764328913.57817,915.7720830440521,True
535,0,42,LeftResponse,1764328914.4530466,916.6469602584839,False
536,0,42,FeedbackPeriodStarted,1764328914.4594123,916.653323173523,False
537,0,43,startFixDisplay,1764328916.4648075,918.6587207317352,False
538,0,43,startFixPeriod,1764328916.7424393,918.9363508224487,False
539,0,43,TargetPresentation,1764328917.2630236,919.4569354057312,False
540,0,43,TargetRemoval,1764328917.297583,919.4914968013763,True
541,0,43,TargetReappeared,1764328917.5475082,919.7414195537567,False
542,0,43,LeftResponse,1764328918.2485409,920.4424560070038,False
543,0,44,FeedbackPeriodStarted,1764328918.2758992,920.4698123931885,False
544,0,44,startFixDisplay,1764328918.2760444,920.4699563980103,False
545,0,44,startFixPeriod,1764328918.4564764,920.6503887176514,False
546,0,44,TargetPresentation,1764328919.3722765,921.5661900043488,False
547,0,44,TargetDisplacement,1764328919.5249598,921.7188725471497,True
548,0,44,LeftResponse,1764328921.052038,923.2459506988525,False
549,0,45,FeedbackPeriodStarted,1764328921.0652766,923.2591876983643,False
550,0,45,startFixDisplay,1764328921.065337,923.2592468261719,False
551,0,45,startFixPeriod,1764328921.0723276,923.2662408351898,False
552,0,45,TargetPresentation,1764328922.078778,924.272691488266,False
553,0,45,TargetRemoval,1764328922.2243063,924.4182198047638,True
554,0,45,TargetReappeared,1764328922.4741933,924.6681072711945,False
555,0,45,RightResponse,1764328923.22387,925.4177830219269,False
556,0,46,FeedbackPeriodStarted,1764328923.2441685,925.4380795955658,False
557,0,46,startFixDisplay,1764328923.2443247,925.4382486343384,False
558,0,46,startFixPeriod,1764328923.43172,925.6256332397461,False
559,0,46,TargetPresentation,1764328924.6529787,926.846892118454,False
560,0,46,TargetDisplacement,1764328924.798643,926.9925560951233,True
561,0,46,LeftResponse,1764328925.4719043,927.6658160686493,False
562,0,47,FeedbackPeriodStarted,1764328925.4925423,927.6864557266235,False
563,0,47,startFixDisplay,1764328925.4928033,927.6867163181305,False
564,0,47,startFixPeriod,1764328925.5273504,927.721263885498,False
565,0,47,TargetPresentation,1764328927.0054214,929.1993341445923,False
566,0,47,TargetDisplacement,1764328927.1718965,929.36580991745,True
567,0,47,LeftResponse,1764328927.9075491,930.101459980011,False
568,0,48,FeedbackPeriodStarted,1764328927.9212656,930.1151766777039,False
569,0,48,startFixDisplay,1764328927.9213555,930.1152667999268,False
570,0,48,startFixPeriod,1764328927.9281116,930.1220252513885,False
571,0,48,TargetPresentation,1764328928.57367,930.7675828933716,False
572,0,48,TargetRemoval,1764328928.753841,930.94775390625,True
573,0,48,TargetReappeared,1764328929.0038974,931.197811126709,False
574,0,48,RightResponse,1764328929.42739,931.6213006973267,False
575,0,48,FeedbackPeriodStarted,1764328929.4340942,931.6280076503754,False
576,0,49,startFixDisplay,1764328931.439233,933.6331460475922,False
577,0,49,startFixPeriod,1764328931.6752815,933.8691952228546,False
578,0,49,TargetPresentation,1764328932.5150106,934.7089219093323,False
579,0,49,TargetDisplacement,1764328932.7714276,934.9653379917145,True
580,0,49,LeftResponse,1764328933.3897116,935.5836341381073,False
581,0,50,FeedbackPeriodStarted,1764328933.4099357,935.6038494110107,False
582,0,50,startFixDisplay,1764328933.4100778,935.6039900779724,False
583,0,50,startFixPeriod,1764328933.5766373,935.7705528736115,False
584,0,50,TargetPresentation,1764328934.8951142,937.0890278816223,False
585,0,50,TargetDisplacement,1764328935.144753,937.3386654853821,True
586,0,50,RightResponse,1764328935.7071187,937.9010317325592,False
587,0,51,FeedbackPeriodStarted,1764328935.7275336,937.9214448928833,False
588,0,51,startFixDisplay,1764328935.7276235,937.9215335845947,False
589,0,51,startFixPeriod,1764328935.7345388,937.9284517765045,False
590,0,51,TargetPresentation,1764328936.7615895,938.9555006027222,False
591,0,51,TargetDisplacement,1764328936.9140897,939.1080000400543,True
592,0,51,LeftResponse,1764328937.5183053,939.7122182846069,False
593,0,52,FeedbackPeriodStarted,1764328937.5387185,939.7326321601868,False
594,0,52,startFixDisplay,1764328937.5388687,939.7327809333801,False
595,0,52,startFixPeriod,1764328937.6152256,939.809139251709,False
596,0,52,TargetPresentation,1764328938.7809815,940.9748952388763,False
597,0,52,TargetDisplacement,1764328938.857133,941.0510456562042,True
598,0,52,RightResponse,1764328939.5861385,941.7800490856171,False
599,0,53,FeedbackPeriodStarted,1764328939.5994365,941.7933473587036,False
600,0,53,startFixDisplay,1764328939.5995016,941.79341173172,False
601,0,53,startFixPeriod,1764328939.648248,941.8421590328217,False
602,0,53,TargetPresentation,1764328940.2381387,942.4320521354675,False
603,0,53,TargetDisplacement,1764328940.2588017,942.452714920044,True
604,0,53,LeftResponse,1764328941.3487337,943.5426456928253,False
605,0,54,FeedbackPeriodStarted,1764328941.3691492,943.5630629062653,False
606,0,54,startFixDisplay,1764328941.3692894,943.5632014274597,False
607,0,54,startFixPeriod,1764328941.5080266,943.7019402980804,False
608,0,54,TargetPresentation,1764328942.8194528,945.0133662223816,False
609,0,54,TargetDisplacement,1764328942.9927802,945.1866931915283,True
610,0,54,LeftResponse,1764328943.506687,945.7006001472473,False
611,0,54,FeedbackPeriodStarted,1764328943.5131583,945.7070715427399,False
612,0,55,startFixDisplay,1764328945.518421,947.712331533432,False
613,0,55,startFixPeriod,1764328945.7685475,947.962461233139,False
614,0,55,TargetPresentation,1764328947.0523343,949.2462480068207,False
615,0,55,TargetRemoval,1764328947.2325287,949.4264416694641,True
616,0,55,TargetReappeared,1764328947.482495,949.676406621933,False
617,0,55,LeftResponse,1764328947.885258,950.0791709423065,False
618,0,56,FeedbackPeriodStarted,1764328947.905608,950.0995187759399,False
619,0,56,startFixDisplay,1764328947.9056728,950.0995826721191,False
620,0,56,startFixPeriod,1764328948.1348312,950.3287446498871,False
621,0,56,TargetPresentation,1764328948.8980892,951.0920026302338,False
622,0,56,TargetRemoval,1764328949.050433,951.2443435192108,True
623,0,56,TargetReappeared,1764328949.300529,951.4944398403168,False
624,0,56,RightResponse,1764328949.7378688,951.9317824840546,False
625,0,57,FeedbackPeriodStarted,1764328949.7583554,951.952269077301,False
626,0,57,startFixDisplay,1764328949.7584968,951.952409029007,False
627,0,57,startFixPeriod,1764328950.0013242,952.1952381134033,False
628,0,57,TargetPresentation,1764328950.965946,953.159859418869,False
629,0,57,TargetRemoval,1764328951.1323633,953.3262767791748,True
630,0,57,TargetReappeared,1764328951.3822176,953.5761299133301,False
631,0,57,RightResponse,1764328951.7224767,953.9163901805878,False
632,0,58,FeedbackPeriodStarted,1764328951.7498007,953.9437143802643,False
633,0,58,startFixDisplay,1764328951.749938,953.9438500404358,False
634,0,58,startFixPeriod,1764328951.7917058,953.9856197834015,False
635,0,58,TargetPresentation,1764328952.8256276,955.0195417404175,False
636,0,58,TargetRemoval,1764328953.0265474,955.2204577922821,True
637,0,58,TargetReappeared,1764328953.2764862,955.4703986644745,False
638,0,58,LeftResponse,1764328953.6444786,955.8383901119232,False
639,0,59,FeedbackPeriodStarted,1764328953.664983,955.8588967323303,False
640,0,59,startFixDisplay,1764328953.6651244,955.8590366840363,False
641,0,59,startFixPeriod,1764328953.6719196,955.8658330440521,False
642,0,59,TargetPresentation,1764328954.5048177,956.6987311840057,False
643,0,59,TargetDisplacement,1764328954.747559,956.9414722919464,True
644,0,59,RightResponse,1764328955.2198832,957.4137961864471,False
645,0,60,FeedbackPeriodStarted,1764328955.2402775,957.4341914653778,False
646,0,60,startFixDisplay,1764328955.2404308,957.4343430995941,False
647,0,60,startFixPeriod,1764328955.3443692,957.5382812023163,False
648,0,60,TargetPresentation,1764328956.8363416,959.030252456665,False
649,0,60,TargetDisplacement,1764328956.974999,959.1689126491547,True
650,0,60,LeftResponse,1764328957.4888542,959.6827661991119,False
651,0,60,FeedbackPeriodStarted,1764328957.5023677,959.6962785720825,False
652,0,61,startFixDisplay,1764328959.5077286,961.701643705368,False
653,0,61,startFixPeriod,1764328959.716054,961.9099662303925,False
654,0,61,TargetPresentation,1764328961.0830405,963.2769675254822,False
655,0,61,TargetDisplacement,1764328961.214751,963.4086647033691,True
656,0,61,RightResponse,1764328961.7702038,963.9641156196594,False
657,0,62,FeedbackPeriodStarted,1764328961.7906823,963.9845957756042,False
658,0,62,startFixDisplay,1764328961.7908328,963.9847447872162,False
659,0,62,startFixPeriod,1764328962.0059195,964.1998331546783,False
660,0,62,TargetPresentation,1764328963.477004,965.6709175109863,False
661,0,62,TargetDisplacement,1764328963.6155221,965.8094325065613,True
662,0,62,LeftResponse,1764328963.976733,966.1706435680389,False
663,0,63,FeedbackPeriodStarted,1764328963.997225,966.1911385059357,False
664,0,63,startFixDisplay,1764328963.9973674,966.1912794113159,False
665,0,63,startFixPeriod,1764328964.122317,966.3162298202515,False
666,0,63,TargetPresentation,1764328964.753759,966.9476726055145,False
667,0,63,TargetRemoval,1764328965.0172212,967.2111337184906,True
668,0,63,TargetReappeared,1764328965.2671974,967.4611110687256,False
669,0,63,RightResponse,1764328965.427135,967.6210477352142,False
670,0,64,FeedbackPeriodStarted,1764328965.440893,967.6348037719727,False
671,0,64,startFixDisplay,1764328965.4409595,967.6348695755005,False
672,0,64,startFixPeriod,1764328965.60729,967.8012037277222,False
673,0,64,TargetPresentation,1764328966.8008358,968.9947476387024,False
674,0,64,TargetRemoval,1764328966.9254916,969.1194019317627,True
675,0,64,TargetReappeared,1764328967.1754968,969.3694088459015,False
676,0,64,RightResponse,1764328967.4116926,969.6056046485901,False
677,0,65,FeedbackPeriodStarted,1764328967.4321046,969.6260187625885,False
678,0,65,startFixDisplay,1764328967.4322371,969.6261491775513,False
679,0,65,startFixPeriod,1764328967.5502188,969.7441325187683,False
680,0,65,TargetPresentation,1764328968.6811833,970.8750953674316,False
681,0,65,TargetDisplacement,1764328968.8267274,971.0206379890442,True
682,0,65,LeftResponse,1764328969.3407302,971.5346426963806,False
683,0,65,FeedbackPeriodStarted,1764328969.3749933,971.5689070224762,False
684,1,66,startFixDisplay,1764329082.5922885,1084.7862021923065,False
685,1,66,startFixPeriod,1764329082.7728908,1084.966804742813,False
686,1,66,TargetPresentation,1764329084.1399639,1086.3338797092438,False
687,1,66,TargetDisplacement,1764329084.2855046,1086.479418039322,True
688,1,66,LeftResponse,1764329085.1598837,1087.3537948131561,False
689,1,67,FeedbackPeriodStarted,1764329085.173825,1087.3677384853363,False
690,1,67,startFixDisplay,1764329085.17396,1087.3678722381592,False
691,1,67,startFixPeriod,1764329085.319478,1087.513391494751,False
692,1,67,TargetPresentation,1764329086.277094,1088.4710056781769,False
693,1,67,TargetRemoval,1764329086.4433842,1088.6372945308685,True
694,1,67,TargetReappeared,1764329086.693305,1088.8872184753418,False
695,1,67,RightResponse,1764329086.922767,1089.1166796684265,False
696,1,68,FeedbackPeriodStarted,1764329086.9431093,1089.1370236873627,False
697,1,68,startFixDisplay,1764329086.9432611,1089.1371734142303,False
698,1,68,startFixPeriod,1764329086.9500523,1089.1439633369446,False
699,1,68,TargetPresentation,1764329088.0396068,1090.2335209846497,False
700,1,68,TargetDisplacement,1764329088.2821996,1090.4761097431183,True
701,1,68,RightResponse,1764329088.6852148,1090.8791275024414,False
702,1,69,FeedbackPeriodStarted,1764329088.6989522,1090.8928654193878,False
703,1,69,startFixDisplay,1764329088.6991105,1090.8930225372314,False
704,1,69,startFixPeriod,1764329088.7055979,1090.8995089530945,False
705,1,69,TargetPresentation,1764329089.3717225,1091.565634727478,False
706,1,69,TargetDisplacement,1764329089.5660293,1091.7599425315857,True
707,1,69,RightResponse,1764329090.0660179,1092.2599306106567,False
708,1,70,FeedbackPeriodStarted,1764329090.079963,1092.273874282837,False
709,1,70,startFixDisplay,1764329090.0800366,1092.273946762085,False
710,1,70,startFixPeriod,1764329090.2393427,1092.4332556724548,False
711,1,70,TargetPresentation,1764329091.3217604,1093.5156741142273,False
712,1,70,TargetDisplacement,1764329091.460417,1093.654330253601,True
713,1,70,LeftResponse,1764329091.7870092,1093.9809222221375,False
714,1,71,FeedbackPeriodStarted,1764329091.8073692,1094.0012829303741,False
715,1,71,startFixDisplay,1764329091.807509,1094.00142121315,False
716,1,71,startFixPeriod,1764329091.9394062,1094.1333203315735,False
717,1,71,TargetPresentation,1764329093.1883926,1095.382306098938,False
718,1,71,TargetDisplacement,1764329093.3339093,1095.5278220176697,True
719,1,71,LeftResponse,1764329093.862061,1096.05597281456,False
720,1,72,FeedbackPeriodStarted,1764329093.8821375,1096.0760507583618,False
721,1,72,startFixDisplay,1764329093.8822794,1096.076191663742,False
722,1,72,startFixPeriod,1764329094.1320527,1096.3259649276733,False
723,1,72,TargetPresentation,1764329095.0897,1097.2836136817932,False
724,1,72,TargetRemoval,1764329095.1382248,1097.332138299942,True
725,1,72,TargetReappeared,1764329095.38806,1097.5819737911224,False
726,1,72,LeftResponse,1764329095.867148,1098.0610609054565,False
727,1,72,FeedbackPeriodStarted,1764329095.8738039,1098.0677194595337,False
728,1,73,startFixDisplay,1764329097.8788314,1100.072741985321,False
729,1,73,startFixPeriod,1764329098.4620097,1100.655923128128,False
730,1,73,TargetPresentation,1764329099.8012364,1101.9951474666595,False
731,1,73,TargetDisplacement,1764329099.98153,1102.1754403114319,True
732,1,73,RightResponse,1764329100.4121904,1102.606103181839,False
733,1,74,FeedbackPeriodStarted,1764329100.4326506,1102.6265778541565,False
734,1,74,startFixDisplay,1764329100.4329107,1102.6268231868744,False
735,1,74,startFixPeriod,1764329100.585419,1102.779330253601,False
736,1,74,TargetPresentation,1764329101.362562,1103.5564737319946,False
737,1,74,TargetDisplacement,1764329101.5360389,1103.7299530506134,True
738,1,74,LeftResponse,1764329102.1676424,1104.361554145813,False
739,1,75,FeedbackPeriodStarted,1764329102.1882322,1104.3821458816528,False
740,1,75,startFixDisplay,1764329102.188375,1104.3822870254517,False
741,1,75,startFixPeriod,1764329102.2507713,1104.4446845054626,False
742,1,75,TargetPresentation,1764329103.2569582,1105.450871706009,False
743,1,75,TargetDisplacement,1764329103.3954885,1105.5894014835358,True
744,1,75,LeftResponse,1764329103.728904,1105.9228155612946,False
745,1,76,FeedbackPeriodStarted,1764329103.7494166,1105.9433302879333,False
746,1,76,startFixDisplay,1764329103.749548,1105.943460226059,False
747,1,76,startFixPeriod,1764329103.8815546,1106.0754680633545,False
748,1,76,TargetPresentation,1764329104.9015415,1107.0954551696777,False
749,1,76,TargetDisplacement,1764329105.0678198,1107.2617328166962,True
750,1,76,RightResponse,1764329105.477773,1107.6716847419739,False
751,1,77,FeedbackPeriodStarted,1764329105.4980748,1107.6919856071472,False
752,1,77,startFixDisplay,1764329105.4981413,1107.692051410675,False
753,1,77,startFixPeriod,1764329105.504981,1107.6988940238953,False
754,1,77,TargetPresentation,1764329106.7472947,1108.9412083625793,False
755,1,77,TargetRemoval,1764329106.899799,1109.0937123298645,True
756,1,77,TargetReappeared,1764329107.1497183,1109.3436317443848,False
757,1,77,LeftResponse,1764329107.4274518,1109.6213629245758,False
758,1,78,FeedbackPeriodStarted,1764329107.447967,1109.6418800354004,False
759,1,78,startFixDisplay,1764329107.4481099,1109.6420221328735,False
760,1,78,startFixPeriod,1764329107.4688866,1109.6628003120422,False
761,1,78,TargetPresentation,1764329108.495915,1110.6898283958435,False
762,1,78,TargetRemoval,1764329108.6969666,1110.890879392624,True
763,1,78,TargetReappeared,1764329108.9468963,1111.1408100128174,False
764,1,78,LeftResponse,1764329109.3288198,1111.5227324962616,False
765,1,78,FeedbackPeriodStarted,1764329109.3354099,1111.5293231010437,False
766,1,79,startFixDisplay,1764329111.3405793,1113.5344905853271,False
767,1,79,startFixPeriod,1764329111.8058095,1113.9997231960297,False
768,1,79,TargetPresentation,1764329113.1450646,1115.3389782905579,False
769,1,79,TargetDisplacement,1764329113.3461318,1115.5400445461273,True
770,1,79,RightResponse,1764329114.0057325,1116.1996438503265,False
771,1,80,FeedbackPeriodStarted,1764329114.026142,1116.2200555801392,False
772,1,80,startFixDisplay,1764329114.0262842,1116.220196723938,False
773,1,80,startFixPeriod,1764329114.1095555,1116.3034672737122,False
774,1,80,TargetPresentation,1764329115.5041876,1117.6981010437012,False
775,1,80,TargetDisplacement,1764329115.649858,1117.8437712192535,True
776,1,80,LeftResponse,1764329116.3235211,1118.5174341201782,False
777,1,81,FeedbackPeriodStarted,1764329116.3437796,1118.537692785263,False
778,1,81,startFixDisplay,1764329116.3439856,1118.5379004478455,False
779,1,81,startFixPeriod,1764329116.3716269,1118.5655407905579,False
780,1,81,TargetPresentation,1764329117.4889014,1119.6828150749207,False
781,1,81,TargetRemoval,1764329117.5372913,1119.7312042713165,True
782,1,81,TargetReappeared,1764329117.7871442,1119.9810576438904,False
783,1,81,LeftResponse,1764329118.425876,1120.6197876930237,False
784,1,82,FeedbackPeriodStarted,1764329118.4462457,1120.6401588916779,False
785,1,82,startFixDisplay,1764329118.4463847,1120.6402966976166,False
786,1,82,startFixPeriod,1764329118.696226,1120.8901393413544,False
787,1,82,TargetPresentation,1764329120.03525,1122.229160785675,False
788,1,82,TargetRemoval,1764329120.174222,1122.3681359291077,True
789,1,82,TargetReappeared,1764329120.4241056,1122.6180193424225,False
790,1,82,LeftResponse,1764329120.7575505,1122.9514634609222,False
791,1,83,FeedbackPeriodStarted,1764329120.7778754,1122.9717891216278,False
792,1,83,startFixDisplay,1764329120.778009,1122.9719207286835,False
793,1,83,startFixPeriod,1764329120.944336,1123.1382462978363,False
794,1,83,TargetPresentation,1764329121.6175034,1123.8114149570465,False
795,1,83,TargetRemoval,1764329121.8880546,1124.081964969635,True
796,1,83,TargetReappeared,1764329122.138001,1124.3319137096405,False
797,1,83,LeftResponse,1764329122.5892546,1124.783165216446,False
798,1,84,FeedbackPeriodStarted,1764329122.6031168,1124.7970280647278,False
799,1,84,startFixDisplay,1764329122.6031945,1124.7971050739288,False
800,1,84,startFixPeriod,1764329122.6097279,1124.803638458252,False
801,1,84,TargetPresentation,1764329123.158068,1125.351981639862,False
802,1,84,TargetDisplacement,1764329123.3937955,1125.5877084732056,True
803,1,84,LeftResponse,1764329124.039729,1126.233641386032,False
804,1,84,FeedbackPeriodStarted,1764329124.0463197,1126.2402329444885,False
805,1,85,startFixDisplay,1764329126.0513458,1128.2452564239502,False
806,1,85,startFixPeriod,1764329126.2876287,1128.481541633606,False
807,1,85,TargetPresentation,1764329126.9538188,1129.1477327346802,False
808,1,85,TargetDisplacement,1764329127.0993168,1129.2932300567627,True
809,1,85,LeftResponse,1764329127.7867007,1129.9806125164032,False
810,1,86,FeedbackPeriodStarted,1764329127.807038,1130.0009512901306,False
811,1,86,startFixDisplay,1764329127.80718,1130.0010921955109,False
812,1,86,startFixPeriod,1764329127.904383,1130.0982942581177,False
813,1,86,TargetPresentation,1764329129.0493212,1131.2432346343994,False
814,1,86,TargetDisplacement,1764329129.1948514,1131.3887646198273,True
815,1,86,LeftResponse,1764329129.9445848,1132.1384966373444,False
816,1,87,FeedbackPeriodStarted,1764329129.9652207,1132.1591339111328,False
817,1,87,startFixDisplay,1764329129.9653544,1132.1592664718628,False
818,1,87,startFixPeriod,1764329130.0067961,1132.2007081508636,False
819,1,87,TargetPresentation,1764329130.7563214,1132.9502329826355,False
820,1,87,TargetDisplacement,1764329130.790869,1132.9847824573517,True
821,1,87,RightResponse,1764329131.4851565,1133.679069519043,False
822,1,88,FeedbackPeriodStarted,1764329131.5055985,1133.6995124816895,False
823,1,88,startFixDisplay,1764329131.50575,1133.6996619701385,False
824,1,88,startFixPeriod,1764329131.5403492,1133.7342627048492,False
825,1,88,TargetPresentation,1764329132.9421575,1135.1360714435577,False
826,1,88,TargetRemoval,1764329133.115498,1135.3094110488892,True
827,1,88,TargetReappeared,1764329133.3653634,1135.559276342392,False
828,1,88,LeftResponse,1764329133.712451,1135.9063639640808,False
829,1,89,FeedbackPeriodStarted,1764329133.7330835,1135.926995754242,False
830,1,89,startFixDisplay,1764329133.7331953,1135.9271063804626,False
831,1,89,startFixPeriod,1764329133.9275007,1136.1214141845703,False
832,1,89,TargetPresentation,1764329134.940622,1137.1345336437225,False
833,1,89,TargetDisplacement,1764329135.100121,1137.2940344810486,True
834,1,89,LeftResponse,1764329135.516982,1137.7108957767487,False
835,1,90,FeedbackPeriodStarted,1764329135.5371366,1137.7310500144958,False
836,1,90,startFixDisplay,1764329135.5372758,1137.7311880588531,False
837,1,90,startFixPeriod,1764329135.70372,1137.897631406784,False
838,1,90,TargetPresentation,1764329136.8348918,1139.0288054943085,False
839,1,90,TargetRemoval,1764329136.9596741,1139.1535844802856,True
840,1,90,TargetReappeared,1764329137.2096314,1139.4035429954529,False
841,1,90,RightResponse,1764329137.3971972,1139.5911102294922,False
842,1,90,FeedbackPeriodStarted,1764329137.4038217,1139.5977354049683,False
843,1,91,startFixDisplay,1764329139.4091036,1141.603017091751,False
844,1,91,startFixPeriod,1764329139.672962,1141.8668746948242,False
845,1,91,TargetPresentation,1764329141.0747163,1143.2686302661896,False
846,1,91,TargetDisplacement,1764329141.2270973,1143.4210078716278,True
847,1,91,LeftResponse,1764329141.8729992,1144.0669121742249,False
848,1,92,FeedbackPeriodStarted,1764329141.8936357,1144.0875470638275,False
849,1,92,startFixDisplay,1764329141.8937705,1144.0876815319061,False
850,1,92,startFixPeriod,1764329142.011481,1144.2053945064545,False
851,1,92,TargetPresentation,1764329143.4894543,1145.6833679676056,False
852,1,92,TargetRemoval,1764329143.6350267,1145.8289391994476,True
853,1,92,TargetReappeared,1764329143.885018,1146.0789313316345,False
854,1,92,RightResponse,1764329144.5237172,1146.7176303863525,False
855,1,93,FeedbackPeriodStarted,1764329144.5509634,1146.7448770999908,False
856,1,93,startFixDisplay,1764329144.5511048,1146.7450170516968,False
857,1,93,startFixPeriod,1764329144.7315426,1146.9254562854767,False
858,1,93,TargetPresentation,1764329146.2026434,1148.396555185318,False
859,1,93,TargetDisplacement,1764329146.3896902,1148.5836005210876,True
860,1,93,LeftResponse,1764329147.028675,1149.2225873470306,False
861,1,94,FeedbackPeriodStarted,1764329147.0490649,1149.2429785728455,False
862,1,94,startFixDisplay,1764329147.0492096,1149.24312210083,False
863,1,94,startFixPeriod,1764329147.1601517,1149.3540654182434,False
864,1,94,TargetPresentation,1764329148.2635136,1150.4574263095856,False
865,1,94,TargetDisplacement,1764329148.4159925,1150.609905719757,True
866,1,94,LeftResponse,1764329149.0340009,1151.2279138565063,False
867,1,95,FeedbackPeriodStarted,1764329149.0543919,1151.2483055591583,False
868,1,95,startFixDisplay,1764329149.0545144,1151.2484247684479,False
869,1,95,startFixPeriod,1764329149.1863058,1151.3802194595337,False
870,1,95,TargetPresentation,1764329150.151009,1152.3449230194092,False
871,1,95,TargetDisplacement,1764329150.2687376,1152.4626507759094,True
872,1,95,RightResponse,1764329150.9836552,1153.177566766739,False
873,1,96,FeedbackPeriodStarted,1764329151.0042725,1153.1981856822968,False
874,1,96,startFixDisplay,1764329151.0044124,1153.1983246803284,False
875,1,96,startFixPeriod,1764329151.2957945,1153.4897062778473,False
876,1,96,TargetPresentation,1764329151.982729,1154.1766395568848,False
877,1,96,TargetDisplacement,1764329152.1145315,1154.3084444999695,True
878,1,96,LeftResponse,1764329152.7115479,1154.905458688736,False
879,1,96,FeedbackPeriodStarted,1764329152.7181745,1154.9120881557465,False
880,1,97,startFixDisplay,1764329154.723526,1156.91743683815,False
881,1,97,startFixPeriod,1764329154.7303772,1156.9242877960205,False
882,1,97,TargetPresentation,1764329155.882642,1158.076555967331,False
883,1,97,TargetDisplacement,1764329156.0906103,1158.2845232486725,True
884,1,97,LeftResponse,1764329156.8263948,1159.0203080177307,False
885,1,98,FeedbackPeriodStarted,1764329156.85382,1159.0477335453033,False
886,1,98,startFixDisplay,1764329156.8539553,1159.0478675365448,False
887,1,98,startFixPeriod,1764329156.992755,1159.186666727066,False
888,1,98,TargetPresentation,1764329158.3181734,1160.5120868682861,False
889,1,98,TargetRemoval,1764329158.4498856,1160.6437990665436,True
890,1,98,TargetReappeared,1764329158.6998217,1160.8937335014343,False
891,1,98,LeftResponse,1764329158.922105,1161.1160180568695,False
892,1,99,FeedbackPeriodStarted,1764329158.942479,1161.1363921165466,False
893,1,99,startFixDisplay,1764329158.9426467,1161.136559009552,False
894,1,99,startFixPeriod,1764329159.310472,1161.5043847560883,False
895,1,99,TargetPresentation,1764329159.8377974,1162.031711101532,False
896,1,99,TargetRemoval,1764329160.1082807,1162.3021910190582,True
897,1,99,TargetReappeared,1764329160.358213,1162.5521266460419,False
898,1,99,RightResponse,1764329160.4833179,1162.6772305965424,False
899,1,100,FeedbackPeriodStarted,1764329160.503797,1162.6977105140686,False
900,1,100,startFixDisplay,1764329160.5039306,1162.69784283638,False
901,1,100,startFixPeriod,1764329160.6705418,1162.8644535541534,False
902,1,100,TargetPresentation,1764329161.655793,1163.8497066497803,False
903,1,100,TargetDisplacement,1764329161.7737377,1163.967651128769,True
904,1,100,LeftResponse,1764329162.3569458,1164.5508584976196,False
905,1,101,FeedbackPeriodStarted,1764329162.3772478,1164.5711591243744,False
906,1,101,startFixDisplay,1764329162.3773353,1164.5712459087372,False
907,1,101,startFixPeriod,1764329162.4677076,1164.66162109375,False
908,1,101,TargetPresentation,1764329163.2170866,1165.41100025177,False
909,1,101,TargetRemoval,1764329163.3835137,1165.5774266719818,True
910,1,101,TargetReappeared,1764329163.6334457,1165.827359199524,False
911,1,101,LeftResponse,1764329164.0916922,1166.2856035232544,False
912,1,102,FeedbackPeriodStarted,1764329164.1120965,1166.3060097694397,False
913,1,102,startFixDisplay,1764329164.1122375,1166.3061497211456,False
914,1,102,startFixPeriod,1764329164.1191468,1166.313060283661,False
915,1,102,TargetPresentation,1764329165.3682423,1167.5621557235718,False
916,1,102,TargetDisplacement,1764329165.5137715,1167.7076845169067,True
917,1,102,LeftResponse,1764329166.1871893,1168.381102323532,False
918,1,102,FeedbackPeriodStarted,1764329166.1938918,1168.3878049850464,False
919,1,103,startFixDisplay,1764329168.1991684,1170.3930821418762,False
920,1,103,startFixPeriod,1764329168.5324328,1170.7263453006744,False
921,1,103,TargetPresentation,1764329169.1291816,1171.3230955600739,False
922,1,103,TargetDisplacement,1764329169.1359582,1171.3298716545105,True
923,1,103,LeftResponse,1764329169.8719018,1172.0658147335052,False
924,1,104,FeedbackPeriodStarted,1764329169.8921902,1172.0861012935638,False
925,1,104,startFixDisplay,1764329169.8922565,1172.086166381836,False
926,1,104,startFixPeriod,1764329170.0520487,1172.2459621429443,False
927,1,104,TargetPresentation,1764329170.9957416,1173.1896555423737,False
928,1,104,TargetDisplacement,1764329171.1482067,1173.3421199321747,True
929,1,104,LeftResponse,1764329171.773136,1173.9670486450195,False
930,1,105,FeedbackPeriodStarted,1764329171.7935095,1173.9874200820923,False
931,1,105,startFixDisplay,1764329171.7936563,1173.9875667095184,False
932,1,105,startFixPeriod,1764329171.9395628,1174.1334972381592,False
933,1,105,TargetPresentation,1764329172.98032,1175.174246788025,False
934,1,105,TargetDisplacement,1764329173.1329155,1175.326828956604,True
935,1,105,LeftResponse,1764329173.6746054,1175.8685202598572,False
936,1,106,FeedbackPeriodStarted,1764329173.7018304,1175.8957438468933,False
937,1,106,startFixDisplay,1764329173.7019732,1175.8958854675293,False
938,1,106,startFixPeriod,1764329173.8822875,1176.0761988162994,False
939,1,106,TargetPresentation,1764329175.0134172,1177.207328081131,False
940,1,106,TargetRemoval,1764329175.1659634,1177.3598763942719,True
941,1,106,TargetReappeared,1764329175.415991,1177.6099042892456,False
942,1,106,LeftResponse,1764329175.8811722,1178.0750858783722,False
943,1,107,FeedbackPeriodStarted,1764329175.901471,1178.0953843593597,False
944,1,107,startFixDisplay,1764329175.9016042,1178.0955142974854,False
945,1,107,startFixPeriod,1764329176.047464,1178.2413766384125,False
946,1,107,TargetPresentation,1764329177.1437263,1179.3376376628876,False
947,1,107,TargetDisplacement,1764329177.2962909,1179.4902038574219,True
948,1,107,LeftResponse,1764329177.9208755,1180.1147863864899,False
949,1,108,FeedbackPeriodStarted,1764329177.9414802,1180.1353914737701,False
950,1,108,startFixDisplay,1764329177.9415436,1180.1354539394379,False
951,1,108,startFixPeriod,1764329178.1083026,1180.3022162914276,False
952,1,108,TargetPresentation,1764329179.0382044,1181.232118844986,False
953,1,108,TargetRemoval,1764329179.1836822,1181.3775928020477,True
954,1,108,TargetReappeared,1764329179.4337177,1181.627631187439,False
955,1,108,LeftResponse,1764329179.9889984,1182.1829099655151,False
956,1,108,FeedbackPeriodStarted,1764329179.9955869,1182.18949842453,False
957,1,109,startFixDisplay,1764329182.0008686,1184.19478225708,False
958,1,109,startFixPeriod,1764329182.0078914,1184.201804637909,False
959,1,109,TargetPresentation,1764329182.7158313,1184.9097447395325,False
960,1,109,TargetDisplacement,1764329182.9099233,1185.1038365364075,True
961,1,109,LeftResponse,1764329183.5695589,1185.7634706497192,False
962,1,110,FeedbackPeriodStarted,1764329183.589958,1185.7838726043701,False
963,1,110,startFixDisplay,1764329183.590104,1185.7840294837952,False
964,1,110,startFixPeriod,1764329183.7150393,1185.9089529514313,False
965,1,110,TargetPresentation,1764329184.7697003,1186.963613986969,False
966,1,110,TargetDisplacement,1764329184.922135,1187.116045475006,True
967,1,110,LeftResponse,1764329185.5538664,1187.747777223587,False
968,1,111,FeedbackPeriodStarted,1764329185.574491,1187.7684049606323,False
969,1,111,startFixDisplay,1764329185.5746555,1187.7685675621033,False
970,1,111,startFixPeriod,1764329185.824483,1188.0183956623077,False
971,1,111,TargetPresentation,1764329186.6363819,1188.8302953243256,False
972,1,111,TargetDisplacement,1764329186.8096812,1189.0035917758942,True
973,1,111,LeftResponse,1764329187.3441548,1189.5380659103394,False
974,1,112,FeedbackPeriodStarted,1764329187.364842,1189.5587556362152,False
975,1,112,startFixDisplay,1764329187.364984,1189.5588960647583,False
976,1,112,startFixPeriod,1764329187.5315602,1189.7254719734192,False
977,1,112,TargetPresentation,1764329188.995532,1191.189442873001,False
978,1,112,TargetDisplacement,1764329189.1342888,1191.328202009201,True
979,1,112,LeftResponse,1764329189.842424,1192.0363366603851,False
980,1,113,FeedbackPeriodStarted,1764329189.8628774,1192.0567910671234,False
981,1,113,startFixDisplay,1764329189.8630152,1192.056927204132,False
982,1,113,startFixPeriod,1764329190.0156865,1192.2095985412598,False
983,1,113,TargetPresentation,1764329190.9039533,1193.0978677272797,False
984,1,113,TargetDisplacement,1764329191.0493636,1193.243276834488,True
985,1,113,LeftResponse,1764329191.7299018,1193.9238147735596,False
986,1,114,FeedbackPeriodStarted,1764329191.7503104,1193.9442238807678,False
987,1,114,startFixDisplay,1764329191.7504637,1193.944373846054,False
988,1,114,startFixPeriod,1764329191.9031126,1194.0970242023468,False
989,1,114,TargetPresentation,1764329192.6455936,1194.839504957199,False
990,1,114,TargetDisplacement,1764329192.7703424,1194.964255809784,True
991,1,114,LeftResponse,1764329193.9017472,1196.0956602096558,False
992,1,114,FeedbackPeriodStarted,1764329193.9154122,1196.109323501587,False
993,1,115,startFixDisplay,1764329195.9205537,1198.114464521408,False
994,1,115,startFixPeriod,1764329196.2052217,1198.3991351127625,False
995,1,115,TargetPresentation,1764329197.5029569,1199.6968705654144,False
996,1,115,TargetRemoval,1764329197.738607,1199.9325172901154,True
997,1,115,TargetReappeared,1764329197.9885123,1200.1824233531952,False
998,1,115,RightResponse,1764329198.5162594,1200.7101707458496,False
999,1,116,FeedbackPeriodStarted,1764329198.5366325,1200.7305462360382,False
1000,1,116,startFixDisplay,1764329198.536777,1200.730689048767,False
1001,1,116,startFixPeriod,1764329198.8421793,1201.0360929965973,False
1002,1,116,TargetPresentation,1764329199.8205397,1202.0144534111023,False
1003,1,116,TargetRemoval,1764329199.8481605,1202.0420711040497,True
1004,1,116,TargetReappeared,1764329200.0981054,1202.2920188903809,False
1005,1,116,LeftResponse,1764329200.5216022,1202.7155139446259,False
1006,1,117,FeedbackPeriodStarted,1764329200.5420442,1202.7359578609467,False
1007,1,117,startFixDisplay,1764329200.5421798,1202.7360920906067,False
1008,1,117,startFixPeriod,1764329200.6044536,1202.7983651161194,False
1009,1,117,TargetPresentation,1764329202.0966134,1204.2905271053314,False
1010,1,117,TargetRemoval,1764329202.2282,1204.4221103191376,True
1011,1,117,TargetReappeared,1764329202.4781923,1204.6721060276031,False
1012,1,117,LeftResponse,1764329203.0683596,1205.2622723579407,False
1013,1,118,FeedbackPeriodStarted,1764329203.088602,1205.282513141632,False
1014,1,118,startFixDisplay,1764329203.0886724,1205.2825827598572,False
1015,1,118,startFixPeriod,1764329203.4774582,1205.6713716983795,False
1016,1,118,TargetPresentation,1764329204.2336714,1206.4275822639465,False
1017,1,118,TargetDisplacement,1764329204.4001777,1206.594093322754,True
1018,1,118,LeftResponse,1764329205.066602,1207.2605140209198,False
1019,1,119,FeedbackPeriodStarted,1764329205.0869768,1207.2808876037598,False
1020,1,119,startFixDisplay,1764329205.08704,1207.280950307846,False
1021,1,119,startFixPeriod,1764329205.2122045,1207.4061179161072,False
1022,1,119,TargetPresentation,1764329206.5722756,1208.7661893367767,False
1023,1,119,TargetRemoval,1764329206.690141,1208.8840556144714,True
1024,1,119,TargetReappeared,1764329206.9400048,1209.1339180469513,False
1025,1,119,LeftResponse,1764329207.370446,1209.564356803894,False
1026,1,120,FeedbackPeriodStarted,1764329207.390944,1209.5848574638367,False
1027,1,120,startFixDisplay,1764329207.391093,1209.5850048065186,False
1028,1,120,startFixPeriod,1764329207.5159364,1209.7098495960236,False
1029,1,120,TargetPresentation,1764329208.3833532,1210.5772666931152,False
1030,1,120,TargetRemoval,1764329208.5357027,1210.7296130657196,True
1031,1,120,TargetReappeared,1764329208.7857256,1210.9796385765076,False
1032,1,120,RightResponse,1764329209.285429,1211.4793395996094,False
1033,1,120,FeedbackPeriodStarted,1764329209.2922566,1211.486167192459,False
1034,1,121,startFixDisplay,1764329211.297395,1213.4913058280945,False
1035,1,121,startFixPeriod,1764329211.582166,1213.7760789394379,False
1036,1,121,TargetPresentation,1764329212.5606685,1214.754582643509,False
1037,1,121,TargetDisplacement,1764329212.7130523,1214.9069650173187,True
1038,1,121,LeftResponse,1764329213.5322514,1215.7261629104614,False
1039,1,122,FeedbackPeriodStarted,1764329213.5526488,1215.7465596199036,False
1040,1,122,startFixDisplay,1764329213.5527134,1215.7466235160828,False
1041,1,122,startFixPeriod,1764329213.601379,1215.795304775238,False
1042,1,122,TargetPresentation,1764329214.9406626,1217.1345739364624,False
1043,1,122,TargetDisplacement,1764329215.1209822,1217.314894914627,True
1044,1,122,LeftResponse,1764329216.0929136,1218.2868270874023,False
1045,1,123,FeedbackPeriodStarted,1764329216.1130867,1218.3069977760315,False
1046,1,123,startFixDisplay,1764329216.113149,1218.3070590496063,False
1047,1,123,startFixPeriod,1764329216.2590985,1218.4530107975006,False
1048,1,123,TargetPresentation,1764329217.3622873,1219.5561981201172,False
1049,1,123,TargetDisplacement,1764329217.528658,1219.7225682735443,True
1050,1,123,LeftResponse,1764329218.0288565,1220.222769021988,False
1051,1,124,FeedbackPeriodStarted,1764329218.056124,1220.2500369548798,False
1052,1,124,startFixDisplay,1764329218.0562553,1220.250167131424,False
1053,1,124,startFixPeriod,1764329218.0770519,1220.2709653377533,False
1054,1,124,TargetPresentation,1764329219.5621395,1221.7560510635376,False
1055,1,124,TargetRemoval,1764329219.7214475,1221.9153578281403,True
1056,1,124,TargetReappeared,1764329219.9715955,1222.1655099391937,False
1057,1,124,LeftResponse,1764329220.3745399,1222.568451166153,False
1058,1,125,FeedbackPeriodStarted,1764329220.3944871,1222.5883979797363,False
1059,1,125,startFixDisplay,1764329220.3945498,1222.5884597301483,False
1060,1,125,startFixPeriod,1764329220.5474272,1222.7413403987885,False
1061,1,125,TargetPresentation,1764329221.74096,1223.9348731040955,False
1062,1,125,TargetDisplacement,1764329221.9143815,1224.1082944869995,True
1063,1,125,LeftResponse,1764329222.6224434,1224.816355228424,False
1064,1,126,FeedbackPeriodStarted,1764329222.6428478,1224.8367590904236,False
1065,1,126,startFixDisplay,1764329222.642913,1224.8368229866028,False
1066,1,126,startFixPeriod,1764329222.7679787,1224.9618923664093,False
1067,1,126,TargetPresentation,1764329224.2528894,1226.4468023777008,False
1068,1,126,TargetDisplacement,1764329224.4123092,1226.60622215271,True
1069,1,126,LeftResponse,1764329225.044107,1227.2380197048187,False
1070,1,126,FeedbackPeriodStarted,1764329225.0506876,1227.2445983886719,False
1071,1,127,startFixDisplay,1764329227.0560186,1229.2499318122864,False
1072,1,127,startFixPeriod,1764329227.11156,1229.3054711818695,False
1073,1,127,TargetPresentation,1764329227.7223794,1229.916293144226,False
1074,1,127,TargetRemoval,1764329227.985875,1230.1797876358032,True
1075,1,127,TargetReappeared,1764329228.2359447,1230.4298586845398,False
1076,1,127,LeftResponse,1764329228.617779,1230.8116908073425,False
1077,1,128,FeedbackPeriodStarted,1764329228.6380656,1230.8319766521454,False
1078,1,128,startFixDisplay,1764329228.638134,1230.8320438861847,False
1079,1,128,startFixPeriod,1764329228.7909765,1230.9848880767822,False
1080,1,128,TargetPresentation,1764329230.1094878,1232.3034012317657,False
1081,1,128,TargetDisplacement,1764329230.2618608,1232.4557735919952,True
1082,1,128,RightResponse,1764329231.0255384,1233.219449520111,False
1083,1,129,FeedbackPeriodStarted,1764329231.0459945,1233.2399077415466,False
1084,1,129,startFixDisplay,1764329231.046135,1233.2400472164154,False
1085,1,129,startFixPeriod,1764329231.1990426,1233.392956495285,False
1086,1,129,TargetPresentation,1764329232.6351767,1234.829089641571,False
1087,1,129,TargetRemoval,1764329232.7947073,1234.9886198043823,True
1088,1,129,TargetReappeared,1764329233.0447361,1235.2386493682861,False
1089,1,129,LeftResponse,1764329233.4057274,1235.5996387004852,False
1090,1,130,FeedbackPeriodStarted,1764329233.4261699,1235.6200833320618,False
1091,1,130,startFixDisplay,1764329233.4263155,1235.6202273368835,False
1092,1,130,startFixPeriod,1764329233.5859559,1235.7798829078674,False
1093,1,130,TargetPresentation,1764329234.258966,1236.4528789520264,False
1094,1,130,TargetDisplacement,1764329234.39059,1236.5845003128052,True
1095,1,130,LeftResponse,1764329235.1544724,1237.3483860492706,False
1096,1,131,FeedbackPeriodStarted,1764329235.174669,1237.368579864502,False
1097,1,131,startFixDisplay,1764329235.1747365,1237.368646621704,False
1098,1,131,startFixPeriod,1764329235.2927303,1237.486643075943,False
1099,1,131,TargetPresentation,1764329235.875626,1238.069539308548,False
1100,1,131,TargetDisplacement,1764329236.049106,1238.2430186271667,True
1101,1,131,LeftResponse,1764329236.8751755,1239.0690877437592,False
1102,1,131,FeedbackPeriodStarted,1764329236.9164498,1239.110360622406,False
1103,2,132,startFixDisplay,1764329281.2151058,1283.4090161323547,False
1104,2,132,startFixPeriod,1764329281.2570372,1283.4509501457214,False
1105,2,132,TargetPresentation,1764329282.5755308,1284.7694430351257,False
1106,2,132,TargetDisplacement,1764329282.735002,1284.9289152622223,True
1107,2,132,LeftResponse,1764329283.1863906,1285.3803009986877,False
1108,2,133,FeedbackPeriodStarted,1764329283.2067876,1285.4007008075714,False
1109,2,133,startFixDisplay,1764329283.2069137,1285.4008257389069,False
1110,2,133,startFixPeriod,1764329283.373485,1285.567398071289,False
1111,2,133,TargetPresentation,1764329284.365702,1286.5596148967743,False
1112,2,133,TargetRemoval,1764329284.497544,1286.6914567947388,True
1113,2,133,TargetReappeared,1764329284.7473323,1286.941245317459,False
1114,2,133,RightResponse,1764329285.2890146,1287.4829275608063,False
1115,2,134,FeedbackPeriodStarted,1764329285.309318,1287.5032315254211,False
1116,2,134,startFixDisplay,1764329285.309494,1287.503404378891,False
1117,2,134,startFixPeriod,1764329285.5732002,1287.7671134471893,False
1118,2,134,TargetPresentation,1764329286.5514681,1288.7453813552856,False
1119,2,134,TargetDisplacement,1764329286.6971316,1288.891044139862,True
1120,2,134,LeftResponse,1764329287.3704662,1289.5643768310547,False
1121,2,135,FeedbackPeriodStarted,1764329287.3910062,1289.5849192142487,False
1122,2,135,startFixDisplay,1764329287.3911452,1289.585057258606,False
1123,2,135,startFixPeriod,1764329287.5993772,1289.7932906150818,False
1124,2,135,TargetPresentation,1764329288.4320323,1290.6259458065033,False
1125,2,135,TargetRemoval,1764329288.5637698,1290.7576825618744,True
1126,2,135,TargetReappeared,1764329288.8138182,1291.0077331066132,False
1127,2,135,LeftResponse,1764329289.3204424,1291.5143549442291,False
1128,2,136,FeedbackPeriodStarted,1764329289.3408902,1291.5348036289215,False
1129,2,136,startFixDisplay,1764329289.3410354,1291.5349469184875,False
1130,2,136,startFixPeriod,1764329289.5908096,1291.7847228050232,False
1131,2,136,TargetPresentation,1764329290.6040425,1292.7979555130005,False
1132,2,136,TargetDisplacement,1764329290.7355638,1292.9294893741608,True
1133,2,136,LeftResponse,1764329291.568738,1293.7626497745514,False
1134,2,137,FeedbackPeriodStarted,1764329291.5892577,1293.7831711769104,False
1135,2,137,startFixDisplay,1764329291.5893886,1293.7833006381989,False
1136,2,137,startFixPeriod,1764329291.929316,1294.1232302188873,False
1137,2,137,TargetPresentation,1764329293.2269273,1295.4208407402039,False
1138,2,137,TargetDisplacement,1764329293.3793275,1295.5732378959656,True
1139,2,137,LeftResponse,1764329294.011367,1296.205279827118,False
1140,2,138,FeedbackPeriodStarted,1764329294.0316465,1296.2255599498749,False
1141,2,138,startFixDisplay,1764329294.031787,1296.2256989479065,False
1142,2,138,startFixPeriod,1764329294.1358073,1296.3297204971313,False
1143,2,138,TargetPresentation,1764329294.9824657,1297.176376581192,False
1144,2,138,TargetDisplacement,1764329295.1558204,1297.3497331142426,True
1145,2,138,RightResponse,1764329295.7596502,1297.953560590744,False
1146,2,138,FeedbackPeriodStarted,1764329295.7665346,1297.9604485034943,False
1147,2,139,startFixDisplay,1764329297.7786698,1299.9725806713104,False
1148,2,139,startFixPeriod,1764329298.3965366,1300.5904500484467,False
1149,2,139,TargetPresentation,1764329299.0695539,1301.2634646892548,False
1150,2,139,TargetRemoval,1764329299.0765347,1301.270446062088,True
1151,2,139,TargetReappeared,1764329299.3263597,1301.5202729701996,False
1152,2,139,LeftResponse,1764329300.4368482,1302.6307604312897,False
1153,2,140,FeedbackPeriodStarted,1764329300.4571261,1302.6510379314423,False
1154,2,140,startFixDisplay,1764329300.4572153,1302.651125907898,False
1155,2,140,startFixPeriod,1764329300.6031463,1302.7970597743988,False
1156,2,140,TargetPresentation,1764329301.5052192,1303.699132680893,False
1157,2,140,TargetDisplacement,1764329301.7202637,1303.9141771793365,True
1158,2,140,RightResponse,1764329302.0605142,1304.2544257640839,False
1159,2,141,FeedbackPeriodStarted,1764329302.080995,1304.2749083042145,False
1160,2,141,startFixDisplay,1764329302.081129,1304.2750408649445,False
1161,2,141,startFixPeriod,1764329302.5042953,1304.6982080936432,False
1162,2,141,TargetPresentation,1764329303.2955074,1305.4894201755524,False
1163,2,141,TargetRemoval,1764329303.4480264,1305.6419394016266,True
1164,2,141,TargetReappeared,1764329303.6979098,1305.8918228149414,False
1165,2,141,RightResponse,1764329304.4959753,1306.6898863315582,False
1166,2,142,FeedbackPeriodStarted,1764329304.5164456,1306.7103564739227,False
1167,2,142,startFixDisplay,1764329304.5165813,1306.7104921340942,False
1168,2,142,startFixPeriod,1764329304.558312,1306.7522237300873,False
1169,2,142,TargetPresentation,1764329306.0433638,1308.2372760772705,False
1170,2,142,TargetRemoval,1764329306.1820066,1308.375919342041,True
1171,2,142,TargetReappeared,1764329306.4318905,1308.6258034706116,False
1172,2,142,LeftResponse,1764329307.0427485,1309.236659526825,False
1173,2,143,FeedbackPeriodStarted,1764329307.0631564,1309.2570695877075,False
1174,2,143,startFixDisplay,1764329307.063298,1309.257209777832,False
1175,2,143,startFixPeriod,1764329307.507486,1309.7013974189758,False
1176,2,143,TargetPresentation,1764329308.9436882,1311.1375997066498,False
1177,2,143,TargetDisplacement,1764329309.082604,1311.2765147686005,True
1178,2,143,LeftResponse,1764329309.8253205,1312.0192320346832,False
1179,2,144,FeedbackPeriodStarted,1764329309.845779,1312.0396921634674,False
1180,2,144,startFixDisplay,1764329309.845927,1312.0398387908936,False
1181,2,144,startFixPeriod,1764329309.8526843,1312.0465972423553,False
1182,2,144,TargetPresentation,1764329310.9492528,1313.1431665420532,False
1183,2,144,TargetDisplacement,1764329311.115499,1313.309409379959,True
1184,2,144,RightResponse,1764329311.7472563,1313.941166639328,False
1185,2,144,FeedbackPeriodStarted,1764329311.7541938,1313.9481070041656,False
1186,2,145,startFixDisplay,1764329313.759185,1315.9530954360962,False
1187,2,145,startFixPeriod,1764329313.856582,1316.0504941940308,False
1188,2,145,TargetPresentation,1764329315.251325,1317.4452378749847,False
1189,2,145,TargetDisplacement,1764329315.3691726,1317.5630850791931,True
1190,2,145,LeftResponse,1764329315.986909,1318.180819272995,False
1191,2,146,FeedbackPeriodStarted,1764329316.0076408,1318.2015542984009,False
1192,2,146,startFixDisplay,1764329316.0077784,1318.2016904354095,False
1193,2,146,startFixPeriod,1764329316.1533906,1318.34730386734,False
1194,2,146,TargetPresentation,1764329316.7780006,1318.9719140529633,False
1195,2,146,TargetRemoval,1764329316.9929636,1319.1868760585785,True
1196,2,146,TargetReappeared,1764329317.242962,1319.4368751049042,False
1197,2,146,RightResponse,1764329317.888338,1320.0822489261627,False
1198,2,147,FeedbackPeriodStarted,1764329317.9089627,1320.1028761863708,False
1199,2,147,startFixDisplay,1764329317.909105,1320.103017091751,False
1200,2,147,startFixPeriod,1764329318.0825167,1320.2764286994934,False
1201,2,147,TargetPresentation,1764329318.9637418,1321.1576526165009,False
1202,2,147,TargetRemoval,1764329319.116307,1321.3102197647095,True
1203,2,147,TargetReappeared,1764329319.3663132,1321.5602266788483,False
1204,2,147,LeftResponse,1764329319.9008405,1322.0947523117065,False
1205,2,148,FeedbackPeriodStarted,1764329319.921206,1322.1151196956635,False
1206,2,148,startFixDisplay,1764329319.921346,1322.1152579784393,False
1207,2,148,startFixPeriod,1764329320.087893,1322.2818064689636,False
1208,2,148,TargetPresentation,1764329321.5173364,1323.7112498283386,False
1209,2,148,TargetRemoval,1764329321.642084,1323.835996389389,True
1210,2,148,TargetReappeared,1764329321.8920712,1324.08598446846,False
1211,2,148,RightResponse,1764329322.3572228,1324.5511343479156,False
1212,2,149,FeedbackPeriodStarted,1764329322.377613,1324.5715272426605,False
1213,2,149,startFixDisplay,1764329322.3777516,1324.5716636180878,False
1214,2,149,startFixPeriod,1764329322.5304697,1324.7243831157684,False
1215,2,149,TargetPresentation,1764329323.6338348,1325.8277478218079,False
1216,2,149,TargetDisplacement,1764329323.7793095,1325.9732224941254,True
1217,2,149,LeftResponse,1764329324.6817415,1326.875654220581,False
1218,2,150,FeedbackPeriodStarted,1764329324.709244,1326.9031574726105,False
1219,2,150,startFixDisplay,1764329324.7093961,1326.9033081531525,False
1220,2,150,startFixPeriod,1764329324.8480494,1327.0419631004333,False
1221,2,150,TargetPresentation,1764329326.2219872,1328.4159007072449,False
1222,2,150,TargetRemoval,1764329326.3745542,1328.5684673786163,True
1223,2,150,TargetReappeared,1764329326.6244943,1328.8184080123901,False
1224,2,150,RightResponse,1764329327.082765,1329.276676416397,False
1225,2,150,FeedbackPeriodStarted,1764329327.0892172,1329.2831301689148,False
1226,2,151,startFixDisplay,1764329329.1016886,1331.2956109046936,False
1227,2,151,startFixPeriod,1764329329.5735412,1331.7674524784088,False
1228,2,151,TargetPresentation,1764329330.8574264,1333.0513381958008,False
1229,2,151,TargetDisplacement,1764329331.0305178,1333.2244279384613,True
1230,2,151,RightResponse,1764329331.7735574,1333.967469215393,False
1231,2,152,FeedbackPeriodStarted,1764329331.7937837,1333.9876945018768,False
1232,2,152,startFixDisplay,1764329331.793851,1333.9877607822418,False
1233,2,152,startFixPeriod,1764329332.050817,1334.2447304725647,False
1234,2,152,TargetPresentation,1764329332.6961193,1334.890032529831,False
1235,2,152,TargetDisplacement,1764329332.8416479,1335.0355582237244,True
1236,2,152,RightResponse,1764329333.4250786,1335.6189913749695,False
1237,2,153,FeedbackPeriodStarted,1764329333.445415,1335.6393282413483,False
1238,2,153,startFixDisplay,1764329333.4455562,1335.6394679546356,False
1239,2,153,startFixPeriod,1764329333.5912895,1335.7852046489716,False
1240,2,153,TargetPresentation,1764329334.7986813,1336.9925923347473,False
1241,2,153,TargetDisplacement,1764329334.9512231,1337.1451361179352,True
1242,2,153,RightResponse,1764329335.708095,1337.9020080566406,False
1243,2,154,FeedbackPeriodStarted,1764329335.72835,1337.922263622284,False
1244,2,154,startFixDisplay,1764329335.7284997,1337.9224116802216,False
1245,2,154,startFixPeriod,1764329335.9573667,1338.1512784957886,False
1246,2,154,TargetPresentation,1764329336.8873317,1339.0812449455261,False
1247,2,154,TargetRemoval,1764329337.032904,1339.2268164157867,True
1248,2,154,TargetReappeared,1764329337.282916,1339.4768295288086,False
1249,2,154,RightResponse,1764329338.1365645,1340.330495595932,False
1250,2,155,FeedbackPeriodStarted,1764329338.1570368,1340.3509502410889,False
1251,2,155,startFixDisplay,1764329338.157177,1340.351089000702,False
1252,2,155,startFixPeriod,1764329338.2750576,1340.4689707756042,False
1253,2,155,TargetPresentation,1764329339.6699576,1341.8638710975647,False
1254,2,155,TargetDisplacement,1764329339.8223047,1342.0162150859833,True
1255,2,155,RightResponse,1764329340.4748762,1342.668786764145,False
1256,2,156,FeedbackPeriodStarted,1764329340.4955003,1342.68941116333,False
1257,2,156,startFixDisplay,1764329340.4955776,1342.689487695694,False
1258,2,156,startFixPeriod,1764329340.8147886,1343.0087018013,False
1259,2,156,TargetPresentation,1764329341.377037,1343.5709512233734,False
1260,2,156,TargetRemoval,1764329341.5015845,1343.6954951286316,True
1261,2,156,TargetReappeared,1764329341.7515428,1343.9454536437988,False
1262,2,156,RightResponse,1764329342.2375894,1344.431501865387,False
1263,2,156,FeedbackPeriodStarted,1764329342.251107,1344.4450178146362,False
1264,2,157,startFixDisplay,1764329344.2562585,1346.4501690864563,False
1265,2,157,startFixPeriod,1764329344.9296546,1347.123568058014,False
1266,2,157,TargetPresentation,1764329346.3383138,1348.53222489357,False
1267,2,157,TargetRemoval,1764329346.34525,1348.5391619205475,True
1268,2,157,TargetReappeared,1764329346.5950458,1348.7889590263367,False
1269,2,157,RightResponse,1764329347.1713753,1349.3652901649475,False
1270,2,158,FeedbackPeriodStarted,1764329347.1916578,1349.3855712413788,False
1271,2,158,startFixDisplay,1764329347.1918092,1349.3857209682465,False
1272,2,158,startFixPeriod,1764329347.302821,1349.4967329502106,False
1273,2,158,TargetPresentation,1764329348.6281204,1350.822031736374,False
1274,2,158,TargetDisplacement,1764329348.7805812,1350.9744918346405,True
1275,2,158,RightResponse,1764329349.4332278,1351.6271388530731,False
1276,2,159,FeedbackPeriodStarted,1764329349.453628,1351.6475389003754,False
1277,2,159,startFixDisplay,1764329349.4536912,1351.647601366043,False
1278,2,159,startFixPeriod,1764329349.6066158,1351.8005301952362,False
1279,2,159,TargetPresentation,1764329350.543468,1352.7373793125153,False
1280,2,159,TargetRemoval,1764329350.7721288,1352.9660415649414,True
1281,2,159,TargetReappeared,1764329351.0221148,1353.216028213501,False
1282,2,159,LeftResponse,1764329351.5357325,1353.7296435832977,False
1283,2,160,FeedbackPeriodStarted,1764329351.5563338,1353.750247001648,False
1284,2,160,startFixDisplay,1764329351.5564804,1353.7503924369812,False
1285,2,160,startFixPeriod,1764329351.6397219,1353.8336489200592,False
1286,2,160,TargetPresentation,1764329352.819364,1355.0132775306702,False
1287,2,160,TargetDisplacement,1764329352.9440117,1355.137924194336,True
1288,2,160,RightResponse,1764329353.5551617,1355.749074459076,False
1289,2,161,FeedbackPeriodStarted,1764329353.5755,1355.7694132328033,False
1290,2,161,startFixDisplay,1764329353.5756817,1355.7695920467377,False
1291,2,161,startFixPeriod,1764329353.631262,1355.8251943588257,False
1292,2,161,TargetPresentation,1764329354.776197,1356.9701099395752,False
1293,2,161,TargetRemoval,1764329354.9147909,1357.1087038516998,True
1294,2,161,TargetReappeared,1764329355.1647356,1357.358648777008,False
1295,2,161,RightResponse,1764329355.5536742,1357.7475850582123,False
1296,2,162,FeedbackPeriodStarted,1764329355.5739508,1357.7678639888763,False
1297,2,162,startFixDisplay,1764329355.5740895,1357.768001317978,False
1298,2,162,startFixPeriod,1764329355.8308804,1358.024793624878,False
1299,2,162,TargetPresentation,1764329356.6287618,1358.822675228119,False
1300,2,162,TargetRemoval,1764329356.7952497,1358.989163160324,True
1301,2,162,TargetReappeared,1764329357.0452678,1359.2391810417175,False
1302,2,162,LeftResponse,1764329357.4757037,1359.6696166992188,False
1303,2,162,FeedbackPeriodStarted,1764329357.4892962,1359.6832077503204,False
1304,2,163,startFixDisplay,1764329359.494473,1361.6883862018585,False
1305,2,163,startFixPeriod,1764329359.8902366,1362.084150314331,False
1306,2,163,TargetPresentation,1764329361.2780857,1363.4719989299774,False
1307,2,163,TargetRemoval,1764329361.4235601,1363.6174731254578,True
1308,2,163,TargetReappeared,1764329361.6733975,1363.8673107624054,False
1309,2,163,LeftResponse,1764329362.1665356,1364.3604483604431,False
1310,2,164,FeedbackPeriodStarted,1764329362.1870537,1364.3809645175934,False
1311,2,164,startFixDisplay,1764329362.1871202,1364.3810300827026,False
1312,2,164,startFixPeriod,1764329362.3466463,1364.5405592918396,False
1313,2,164,TargetPresentation,1764329363.5817695,1365.775681257248,False
1314,2,164,TargetDisplacement,1764329363.7203681,1365.914278268814,True
1315,2,164,LeftResponse,1764329364.5046136,1366.6985239982605,False
1316,2,165,FeedbackPeriodStarted,1764329364.5254874,1366.7193982601166,False
1317,2,165,startFixDisplay,1764329364.525558,1366.7194681167603,False
1318,2,165,startFixPeriod,1764329364.629439,1366.8233506679535,False
1319,2,165,TargetPresentation,1764329366.0728815,1368.2667922973633,False
1320,2,165,TargetDisplacement,1764329366.2184896,1368.4124026298523,True
1321,2,165,LeftResponse,1764329366.9890478,1369.1829590797424,False
1322,2,166,FeedbackPeriodStarted,1764329367.0094697,1369.203382730484,False
1323,2,166,startFixDisplay,1764329367.0096338,1369.203543663025,False
1324,2,166,startFixPeriod,1764329367.044433,1369.2383465766907,False
1325,2,166,TargetPresentation,1764329367.6273048,1369.8212180137634,False
1326,2,166,TargetRemoval,1764329367.8283265,1370.022236585617,True
1327,2,166,TargetReappeared,1764329368.0783386,1370.2722518444061,False
1328,2,166,RightResponse,1764329368.5086985,1370.7026109695435,False
1329,2,167,FeedbackPeriodStarted,1764329368.536085,1370.7299981117249,False
1330,2,167,startFixDisplay,1764329368.536223,1370.7301347255707,False
1331,2,167,startFixPeriod,1764329368.682014,1370.8759276866913,False
1332,2,167,TargetPresentation,1764329369.8894289,1372.0833418369293,False
1333,2,167,TargetDisplacement,1764329370.027988,1372.2219007015228,True
1334,2,167,LeftResponse,1764329370.8749256,1373.0688371658325,False
1335,2,168,FeedbackPeriodStarted,1764329370.8952317,1373.0891425609589,False
1336,2,168,startFixDisplay,1764329370.8952942,1373.0892043113708,False
1337,2,168,startFixPeriod,1764329370.902312,1373.0962250232697,False
1338,2,168,TargetPresentation,1764329371.5894077,1373.783320903778,False
1339,2,168,TargetDisplacement,1764329371.7418563,1373.9357690811157,True
1340,2,168,RightResponse,1764329372.533468,1374.7273790836334,False
1341,2,168,FeedbackPeriodStarted,1764329372.5399663,1374.733880519867,False
1342,2,169,startFixDisplay,1764329374.5451493,1376.7390596866608,False
1343,2,169,startFixPeriod,1764329375.2117043,1377.4056179523468,False
1344,2,169,TargetPresentation,1764329376.079042,1378.2729551792145,False
1345,2,169,TargetDisplacement,1764329376.2384646,1378.4323773384094,True
1346,2,169,LeftResponse,1764329376.9813578,1379.175269126892,False
1347,2,170,FeedbackPeriodStarted,1764329377.001705,1379.1956186294556,False
1348,2,170,startFixDisplay,1764329377.0018423,1379.1957540512085,False
1349,2,170,startFixPeriod,1764329377.25855,1379.4524614810944,False
1350,2,170,TargetPresentation,1764329378.1122062,1380.3061196804047,False
1351,2,170,TargetDisplacement,1764329378.264639,1380.4585492610931,True
1352,2,170,LeftResponse,1764329378.8826447,1381.076557636261,False
1353,2,171,FeedbackPeriodStarted,1764329378.9028838,1381.0967946052551,False
1354,2,171,startFixDisplay,1764329378.9029455,1381.0968554019928,False
1355,2,171,startFixPeriod,1764329379.0627882,1381.25670003891,False
1356,2,171,TargetPresentation,1764329379.9857497,1382.1796627044678,False
1357,2,171,TargetRemoval,1764329380.1312537,1382.3251662254333,True
1358,2,171,TargetReappeared,1764329380.3812158,1382.5751276016235,False
1359,2,171,RightResponse,1764329380.8046067,1382.9985184669495,False
1360,2,172,FeedbackPeriodStarted,1764329380.824996,1383.0189065933228,False
1361,2,172,startFixDisplay,1764329380.825074,1383.018984079361,False
1362,2,172,startFixPeriod,1764329381.206901,1383.400812625885,False
1363,2,172,TargetPresentation,1764329382.5254118,1384.7193250656128,False
1364,2,172,TargetDisplacement,1764329382.7056644,1384.8995773792267,True
1365,2,172,LeftResponse,1764329383.413826,1385.6077370643616,False
1366,2,173,FeedbackPeriodStarted,1764329383.4342115,1385.6281247138977,False
1367,2,173,startFixDisplay,1764329383.4343488,1385.6282608509064,False
1368,2,173,startFixPeriod,1764329383.6356566,1385.8295698165894,False
1369,2,173,TargetPresentation,1764329384.364203,1386.558114528656,False
1370,2,173,TargetRemoval,1764329384.579179,1386.7730915546417,True
1371,2,173,TargetReappeared,1764329384.8291662,1387.0230793952942,False
1372,2,173,RightResponse,1764329385.3083563,1387.5022695064545,False
1373,2,174,FeedbackPeriodStarted,1764329385.3284872,1387.5223979949951,False
1374,2,174,startFixDisplay,1764329385.328549,1387.5224590301514,False
1375,2,174,startFixPeriod,1764329385.3704004,1387.5643136501312,False
1376,2,174,TargetPresentation,1764329386.1266851,1388.3205959796906,False
1377,2,174,TargetDisplacement,1764329386.6192966,1388.8132066726685,True
1378,2,174,RightResponse,1764329387.0913336,1389.28524518013,False
1379,2,174,FeedbackPeriodStarted,1764329387.0979958,1389.291908979416,False
1380,2,175,startFixDisplay,1764329389.103331,1391.297241449356,False
1381,2,175,startFixPeriod,1764329389.4158046,1391.6097166538239,False
1382,2,175,TargetPresentation,1764329389.9293509,1392.123265504837,False
1383,2,175,TargetDisplacement,1764329391.2961645,1393.490077495575,True
1384,2,175,RightResponse,1764329391.7338204,1393.9277319908142,False
1385,2,176,FeedbackPeriodStarted,1764329391.7541447,1393.948058128357,False
1386,2,176,startFixDisplay,1764329391.7542782,1393.9481899738312,False
1387,2,176,startFixPeriod,1764329392.067045,1394.2609586715698,False
1388,2,176,TargetPresentation,1764329392.8992703,1395.0931837558746,False
1389,2,176,TargetRemoval,1764329393.412683,1395.606595993042,True
1390,2,176,TargetReappeared,1764329393.6624231,1395.856333732605,False
1391,2,176,RightResponse,1764329395.279709,1397.4736211299896,False
1392,2,177,FeedbackPeriodStarted,1764329395.2998748,1397.4937858581543,False
1393,2,177,startFixDisplay,1764329395.2999413,1397.4938514232635,False
1394,2,177,startFixPeriod,1764329395.6123872,1397.806300163269,False
1395,2,177,TargetPresentation,1764329396.4936554,1398.6875677108765,False
1396,2,177,TargetDisplacement,1764329396.5005271,1398.6944377422333,True
1397,2,177,LeftResponse,1764329397.5138977,1399.7078108787537,False
1398,2,178,FeedbackPeriodStarted,1764329397.5412323,1399.7351455688477,False
1399,2,178,startFixDisplay,1764329397.5413573,1399.7352690696716,False
1400,2,178,startFixPeriod,1764329397.7148488,1399.9087607860565,False
1401,2,178,TargetPresentation,1764329398.6792514,1400.873162984848,False
1402,2,178,TargetDisplacement,1764329399.2067504,1401.4006609916687,True
1403,2,178,LeftResponse,1764329399.7690604,1401.9629728794098,False
1404,2,179,FeedbackPeriodStarted,1764329399.7895505,1401.9834642410278,False
1405,2,179,startFixDisplay,1764329399.7896826,1401.983592748642,False
1406,2,179,startFixPeriod,1764329399.9839447,1402.1778571605682,False
1407,2,179,TargetPresentation,1764329401.3440742,1403.5379877090454,False
1408,2,179,TargetRemoval,1764329401.5520132,1403.7459259033203,True
1409,2,179,TargetReappeared,1764329401.8020668,1403.9959800243378,False
1410,2,179,LeftResponse,1764329402.4958613,1404.6897718906403,False
1411,2,180,FeedbackPeriodStarted,1764329402.5165339,1404.7104473114014,False
1412,2,180,startFixDisplay,1764329402.5166893,1404.7105994224548,False
1413,2,180,startFixPeriod,1764329402.523556,1404.7174696922302,False
1414,2,180,TargetPresentation,1764329403.453457,1405.6473696231842,False
1415,2,180,TargetDisplacement,1764329403.5574129,1405.7513256072998,True
1416,2,180,RightResponse,1764329404.321172,1406.5150845050812,False
1417,2,180,FeedbackPeriodStarted,1764329404.3278387,1406.5217521190643,False
1418,2,181,startFixDisplay,1764329406.3399596,1408.5338726043701,False
1419,2,181,startFixPeriod,1764329406.3469074,1408.5408201217651,False
1420,2,181,TargetPresentation,1764329407.7696233,1409.9635355472565,False
1421,2,181,TargetDisplacement,1764329408.1024718,1410.2963848114014,True
1422,2,181,LeftResponse,1764329408.6510305,1410.8449432849884,False
1423,2,182,FeedbackPeriodStarted,1764329408.6713512,1410.8652620315552,False
1424,2,182,startFixDisplay,1764329408.6714125,1410.8653223514557,False
1425,2,182,startFixPeriod,1764329408.9076512,1411.1015644073486,False
1426,2,182,TargetPresentation,1764329409.5181885,1411.7121019363403,False
1427,2,182,TargetDisplacement,1764329410.3161614,1412.510071516037,True
1428,2,182,RightResponse,1764329411.204711,1413.398622751236,False
1429,2,183,FeedbackPeriodStarted,1764329411.2254233,1413.4193341732025,False
1430,2,183,startFixDisplay,1764329411.2255013,1413.4194118976593,False
1431,2,183,startFixPeriod,1764329411.3847675,1413.5786809921265,False
1432,2,183,TargetPresentation,1764329412.1411412,1414.3350546360016,False
1433,2,183,TargetRemoval,1764329412.2935765,1414.4874873161316,True
1434,2,183,TargetReappeared,1764329412.5436606,1414.7375721931458,False
1435,2,183,RightResponse,1764329413.265543,1415.459454536438,False
1436,2,184,FeedbackPeriodStarted,1764329413.2928615,1415.48677444458,False
1437,2,184,startFixDisplay,1764329413.2929995,1415.4869112968445,False
1438,2,184,startFixPeriod,1764329413.494259,1415.6881728172302,False
1439,2,184,TargetPresentation,1764329414.1326432,1416.3265545368195,False
1440,2,184,TargetRemoval,1764329414.507241,1416.7011535167694,True
1441,2,184,TargetReappeared,1764329414.7572358,1416.9511487483978,False
1442,2,184,LeftResponse,1764329415.590062,1417.7839732170105,False
1443,2,185,FeedbackPeriodStarted,1764329415.6104789,1417.8043901920319,False
1444,2,185,startFixDisplay,1764329415.6105464,1417.8044562339783,False
1445,2,185,startFixPeriod,1764329415.6174095,1417.8113203048706,False
1446,2,185,TargetPresentation,1764329416.6099203,1418.8038337230682,False
1447,2,185,TargetRemoval,1764329417.602107,1419.796020269394,True
1448,2,185,TargetReappeared,1764329417.852024,1420.0459372997284,False
1449,2,185,LeftResponse,1764329418.2132308,1420.407143354416,False
1450,2,186,FeedbackPeriodStarted,1764329418.240484,1420.4343948364258,False
1451,2,186,startFixDisplay,1764329418.240554,1420.4344639778137,False
1452,2,186,startFixPeriod,1764329418.2474272,1420.4413380622864,False
1453,2,186,TargetPresentation,1764329418.7610197,1420.9549326896667,False
1454,2,186,TargetRemoval,1764329418.9134672,1421.1073777675629,True
1455,2,186,TargetReappeared,1764329419.1634903,1421.3574011325836,False
1456,2,186,RightResponse,1764329419.9897647,1422.1836912631989,False
1457,2,186,FeedbackPeriodStarted,1764329420.0031562,1422.1970694065094,False
1458,2,187,startFixDisplay,1764329422.0152717,1424.2091844081879,False
1459,2,187,startFixPeriod,1764329422.8203483,1425.0142614841461,False
1460,2,187,TargetPresentation,1764329423.673845,1425.867758512497,False
1461,2,187,TargetDisplacement,1764329423.8888547,1426.0827679634094,True
1462,2,187,LeftResponse,1764329424.707873,1426.901783466339,False
1463,2,188,FeedbackPeriodStarted,1764329424.7283788,1426.9222919940948,False
1464,2,188,startFixDisplay,1764329424.7285883,1426.9225027561188,False
1465,2,188,startFixPeriod,1764329424.9090116,1427.1029250621796,False
1466,2,188,TargetPresentation,1764329426.151137,1428.3450503349304,False
1467,2,188,TargetDisplacement,1764329426.275963,1428.4698762893677,True
1468,2,188,RightResponse,1764329427.116019,1429.3099312782288,False
1469,2,189,FeedbackPeriodStarted,1764329427.1432178,1429.3371312618256,False
1470,2,189,startFixDisplay,1764329427.1433644,1429.337275981903,False
1471,2,189,startFixPeriod,1764329427.1502898,1429.3442027568817,False
1472,2,189,TargetPresentation,1764329428.1981473,1430.3920607566833,False
1473,2,189,TargetDisplacement,1764329428.343699,1430.5376117229462,True
1474,2,189,RightResponse,1764329429.0935895,1431.2875034809113,False
1475,2,190,FeedbackPeriodStarted,1764329429.1138697,1431.307782649994,False
1476,2,190,startFixDisplay,1764329429.1140065,1431.3079183101654,False
1477,2,190,startFixPeriod,1764329429.1903865,1431.384299993515,False
1478,2,190,TargetPresentation,1764329429.690034,1431.8839449882507,False
1479,2,190,TargetRemoval,1764329430.5919847,1432.7858979701996,True
1480,2,190,TargetReappeared,1764329430.8418455,1433.035758972168,False
1481,2,190,RightResponse,1764329431.195985,1433.3898973464966,False
1482,2,191,FeedbackPeriodStarted,1764329431.21638,1433.4102928638458,False
1483,2,191,startFixDisplay,1764329431.2165165,1433.4104285240173,False
1484,2,191,startFixPeriod,1764329431.6676605,1433.8615736961365,False
1485,2,191,TargetPresentation,1764329433.1594777,1435.3533911705017,False
1486,2,191,TargetRemoval,1764329433.305084,1435.4989967346191,True
1487,2,191,TargetReappeared,1764329433.554848,1435.7487590312958,False
1488,2,191,RightResponse,1764329434.3808503,1436.5747611522675,False
1489,2,192,FeedbackPeriodStarted,1764329434.4014616,1436.5953750610352,False
1490,2,192,startFixDisplay,1764329434.4016066,1436.595519065857,False
1491,2,192,startFixPeriod,1764329434.6375084,1436.8314213752747,False
1492,2,192,TargetPresentation,1764329435.227399,1437.4213128089905,False
1493,2,192,TargetDisplacement,1764329435.532646,1437.726559638977,True
1494,2,192,LeftResponse,1764329437.2259078,1439.4198186397552,False
1495,2,192,FeedbackPeriodStarted,1764329437.2327397,1439.4266505241394,False
1496,2,193,startFixDisplay,1764329439.2448306,1441.4387438297272,False
1497,2,193,startFixPeriod,1764329439.5434785,1441.7373919487,False
1498,2,193,TargetPresentation,1764329441.0006025,1443.194514989853,False
1499,2,193,TargetDisplacement,1764329441.1253443,1443.319257259369,True
1500,2,193,RightResponse,1764329442.3262057,1444.5201168060303,False
1501,2,194,FeedbackPeriodStarted,1764329442.3468988,1444.5408096313477,False
1502,2,194,startFixDisplay,1764329442.3469648,1444.5408747196198,False
1503,2,194,startFixPeriod,1764329442.4855926,1444.6795065402985,False
1504,2,194,TargetPresentation,1764329443.7554216,1445.949334859848,False
1505,2,194,TargetDisplacement,1764329443.9149323,1446.1088469028473,True
1506,2,194,LeftResponse,1764329444.6922624,1446.8861737251282,False
1507,2,195,FeedbackPeriodStarted,1764329444.712711,1446.9066219329834,False
1508,2,195,startFixDisplay,1764329444.712777,1446.906686782837,False
1509,2,195,startFixPeriod,1764329444.7198074,1446.9137182235718,False
1510,2,195,TargetPresentation,1764329445.6914487,1447.8853595256805,False
1511,2,195,TargetDisplacement,1764329446.4129786,1448.60689163208,True
1512,2,195,RightResponse,1764329446.5867145,1448.7806251049042,False
1513,2,196,FeedbackPeriodStarted,1764329446.6071708,1448.8010838031769,False
1514,2,196,startFixDisplay,1764329446.6073098,1448.8012216091156,False
1515,2,196,startFixPeriod,1764329446.6837783,1448.8776922225952,False
1516,2,196,TargetPresentation,1764329447.5372603,1449.731171131134,False
1517,2,196,TargetDisplacement,1764329447.7243695,1449.918282032013,True
1518,2,196,LeftResponse,1764329448.8001697,1450.9940814971924,False
1519,2,197,FeedbackPeriodStarted,1764329448.8207934,1451.0147066116333,False
1520,2,197,startFixDisplay,1764329448.82092,1451.0148317813873,False
1521,2,197,startFixPeriod,1764329448.827816,1451.0217292308807,False
1522,2,197,TargetPresentation,1764329449.9728277,1452.1667411327362,False
1523,2,197,TargetRemoval,1764329450.541683,1452.735595703125,True
1524,2,197,TargetReappeared,1764329450.791644,1452.9855575561523,False
1525,2,197,LeftResponse,1764329451.5067198,1453.700633764267,False
1526,2,197,FeedbackPeriodStarted,1764329451.5476947,1453.7416055202484,False
1527,3,198,startFixDisplay,1764329705.5024896,1707.6964004039764,False
1528,3,198,startFixPeriod,1764329705.5305,1707.7244129180908,False
1529,3,198,TargetPresentation,1764329706.3215322,1708.515444278717,False
1530,3,198,TargetRemoval,1764329706.6059082,1708.799821138382,True
1531,3,198,TargetReappeared,1764329706.8559418,1709.049854516983,False
1532,3,198,LeftResponse,1764329707.3557994,1709.5497105121613,False
1533,3,199,FeedbackPeriodStarted,1764329707.376142,1709.5700552463531,False
1534,3,199,startFixDisplay,1764329707.3762782,1709.5701904296875,False
1535,3,199,startFixPeriod,1764329707.3831732,1709.5770862102509,False
1536,3,199,TargetPresentation,1764329708.0702186,1710.264131784439,False
1537,3,199,TargetRemoval,1764329708.2296321,1710.4235427379608,True
1538,3,199,TargetReappeared,1764329708.47961,1710.6735236644745,False
1539,3,199,RightResponse,1764329709.028216,1711.2221281528473,False
1540,3,200,FeedbackPeriodStarted,1764329709.0484667,1711.242380142212,False
1541,3,200,startFixDisplay,1764329709.0486271,1711.2425391674042,False
1542,3,200,startFixPeriod,1764329709.1874497,1711.3813619613647,False
1543,3,200,TargetPresentation,1764329710.561332,1712.7552452087402,False
1544,3,200,TargetDisplacement,1764329710.7347207,1712.9286336898804,True
1545,3,200,LeftResponse,1764329711.470679,1713.6645901203156,False
1546,3,201,FeedbackPeriodStarted,1764329711.4910517,1713.6849658489227,False
1547,3,201,startFixDisplay,1764329711.491197,1713.6851091384888,False
1548,3,201,startFixPeriod,1764329711.4979525,1713.6918652057648,False
1549,3,201,TargetPresentation,1764329712.6639006,1714.8578140735626,False
1550,3,201,TargetDisplacement,1764329712.830297,1715.0242099761963,True
1551,3,201,RightResponse,1764329713.6770782,1715.8709897994995,False
1552,3,202,FeedbackPeriodStarted,1764329713.7046006,1715.8985137939453,False
1553,3,202,startFixDisplay,1764329713.7047508,1715.8986611366272,False
1554,3,202,startFixPeriod,1764329713.7115595,1715.905470609665,False
1555,3,202,TargetPresentation,1764329714.4402149,1716.6341280937195,False
1556,3,202,TargetDisplacement,1764329715.0439045,1717.2378180027008,True
1557,3,202,RightResponse,1764329715.4539254,1717.6478395462036,False
1558,3,203,FeedbackPeriodStarted,1764329715.474023,1717.6679365634918,False
1559,3,203,startFixDisplay,1764329715.4741619,1717.6680736541748,False
1560,3,203,startFixPeriod,1764329715.481098,1717.6750111579895,False
1561,3,203,TargetPresentation,1764329716.0015955,1718.1955091953278,False
1562,3,203,TargetDisplacement,1764329716.7647047,1718.9586176872253,True
1563,3,203,RightResponse,1764329716.9663897,1719.160302400589,False
1564,3,204,FeedbackPeriodStarted,1764329716.9866226,1719.1805331707,False
1565,3,204,startFixDisplay,1764329716.9866817,1719.180591583252,False
1566,3,204,startFixPeriod,1764329716.993731,1719.187641620636,False
1567,3,204,TargetPresentation,1764329717.9444506,1720.1383616924286,False
1568,3,204,TargetDisplacement,1764329718.117846,1720.3117587566376,True
1569,3,204,LeftResponse,1764329719.2354462,1721.429358959198,False
1570,3,204,FeedbackPeriodStarted,1764329719.2490702,1721.4429833889008,False
1571,3,205,startFixDisplay,1764329721.2611303,1723.4550430774689,False
1572,3,205,startFixPeriod,1764329721.511178,1723.7050914764404,False
1573,3,205,TargetPresentation,1764329722.2674947,1724.4614071846008,False
1574,3,205,TargetRemoval,1764329722.4477367,1724.6416494846344,True
1575,3,205,TargetReappeared,1764329722.6976798,1724.8915920257568,False
1576,3,205,RightResponse,1764329723.2185428,1725.4124557971954,False
1577,3,206,FeedbackPeriodStarted,1764329723.245856,1725.439769268036,False
1578,3,206,startFixDisplay,1764329723.2459884,1725.4399003982544,False
1579,3,206,startFixPeriod,1764329723.391658,1725.5855689048767,False
1580,3,206,TargetPresentation,1764329724.1202588,1726.3141717910767,False
1581,3,206,TargetRemoval,1764329724.328328,1726.5222384929657,True
1582,3,206,TargetReappeared,1764329724.5782733,1726.7721862792969,False
1583,3,206,LeftResponse,1764329725.1405885,1727.3344995975494,False
1584,3,207,FeedbackPeriodStarted,1764329725.1609266,1727.3548395633698,False
1585,3,207,startFixDisplay,1764329725.161065,1727.35497713089,False
1586,3,207,startFixPeriod,1764329725.2999086,1727.4938216209412,False
1587,3,207,TargetPresentation,1764329726.4517488,1728.645660161972,False
1588,3,207,TargetRemoval,1764329726.5972757,1728.7911884784698,True
1589,3,207,TargetReappeared,1764329726.8472147,1729.0411279201508,False
1590,3,207,LeftResponse,1764329727.444087,1729.6379978656769,False
1591,3,208,FeedbackPeriodStarted,1764329727.4646223,1729.6585330963135,False
1592,3,208,startFixDisplay,1764329727.4646833,1729.6585931777954,False
1593,3,208,startFixPeriod,1764329727.5896542,1729.783565044403,False
1594,3,208,TargetPresentation,1764329728.7138388,1730.9077506065369,False
1595,3,208,TargetDisplacement,1764329729.4561877,1731.6501004695892,True
1596,3,208,RightResponse,1764329729.7757704,1731.9696817398071,False
1597,3,209,FeedbackPeriodStarted,1764329729.7961743,1731.9900863170624,False
1598,3,209,startFixDisplay,1764329729.79626,1731.9901702404022,False
1599,3,209,startFixPeriod,1764329729.8031363,1731.997049331665,False
1600,3,209,TargetPresentation,1764329730.9552248,1733.149138212204,False
1601,3,209,TargetDisplacement,1764329731.1771076,1733.3710203170776,True
1602,3,209,RightResponse,1764329731.8576033,1734.0515184402466,False
1603,3,210,FeedbackPeriodStarted,1764329731.8782036,1734.0721147060394,False
1604,3,210,startFixDisplay,1764329731.878262,1734.072172164917,False
1605,3,210,startFixPeriod,1764329732.0169036,1734.2108170986176,False
1606,3,210,TargetPresentation,1764329732.9952738,1735.1891872882843,False
1607,3,210,TargetDisplacement,1764329733.1409013,1735.334811925888,True
1608,3,210,RightResponse,1764329733.8836677,1736.0775792598724,False
1609,3,210,FeedbackPeriodStarted,1764329733.8902323,1736.0841455459595,False
1610,3,211,startFixDisplay,1764329735.895863,1738.0897736549377,False
1611,3,211,startFixPeriod,1764329736.145384,1738.3392946720123,False
1612,3,211,TargetPresentation,1764329737.2904248,1739.4843354225159,False
1613,3,211,TargetRemoval,1764329737.4361129,1739.6300256252289,True
1614,3,211,TargetReappeared,1764329737.6860948,1739.8800082206726,False
1615,3,211,RightResponse,1764329738.3316555,1740.5255672931671,False
1616,3,212,FeedbackPeriodStarted,1764329738.3520088,1740.5459215641022,False
1617,3,212,startFixDisplay,1764329738.3522089,1740.5461213588715,False
1618,3,212,startFixPeriod,1764329738.5117552,1740.7056667804718,False
1619,3,212,TargetPresentation,1764329739.039218,1741.2331314086914,False
1620,3,212,TargetRemoval,1764329739.3234427,1741.5173528194427,True
1621,3,212,TargetReappeared,1764329739.5735128,1741.7674243450165,False
1622,3,212,LeftResponse,1764329740.010873,1742.2047843933105,False
1623,3,213,FeedbackPeriodStarted,1764329740.0313058,1742.2252192497253,False
1624,3,213,startFixDisplay,1764329740.0314372,1742.2253487110138,False
1625,3,213,startFixPeriod,1764329740.198065,1742.3919787406921,False
1626,3,213,TargetPresentation,1764329741.3707361,1743.5646488666534,False
1627,3,213,TargetDisplacement,1764329741.71749,1743.9114031791687,True
1628,3,213,LeftResponse,1764329742.5090384,1744.7029511928558,False
1629,3,214,FeedbackPeriodStarted,1764329742.5293076,1744.7232208251953,False
1630,3,214,startFixDisplay,1764329742.529448,1744.723359823227,False
1631,3,214,startFixPeriod,1764329742.7029922,1744.8969056606293,False
1632,3,214,TargetPresentation,1764329744.194799,1746.3887095451355,False
1633,3,214,TargetDisplacement,1764329744.4653616,1746.6592741012573,True
1634,3,214,RightResponse,1764329745.0626087,1747.2565205097198,False
1635,3,215,FeedbackPeriodStarted,1764329745.0828903,1747.2768032550812,False
1636,3,215,startFixDisplay,1764329745.0830276,1747.2769396305084,False
1637,3,215,startFixPeriod,1764329745.0900028,1747.283915758133,False
1638,3,215,TargetPresentation,1764329746.2697399,1748.4636540412903,False
1639,3,215,TargetDisplacement,1764329746.5677023,1748.7616126537323,True
1640,3,215,RightResponse,1764329747.1998718,1749.393783569336,False
1641,3,216,FeedbackPeriodStarted,1764329747.2269425,1749.4208533763885,False
1642,3,216,startFixDisplay,1764329747.2270062,1749.4209160804749,False
1643,3,216,startFixPeriod,1764329747.2338972,1749.4278078079224,False
1644,3,216,TargetPresentation,1764329748.517799,1750.7117104530334,False
1645,3,216,TargetRemoval,1764329749.2186697,1751.412582397461,True
1646,3,216,TargetReappeared,1764329749.4685166,1751.662430047989,False
1647,3,216,RightResponse,1764329749.5103195,1751.7042307853699,False
1648,3,216,FeedbackPeriodStarted,1764329749.517157,1751.7110712528229,False
1649,3,217,startFixDisplay,1764329751.529216,1753.723129272461,False
1650,3,217,startFixPeriod,1764329751.8764434,1754.0703570842743,False
1651,3,217,TargetPresentation,1764329752.5772624,1754.7711758613586,False
1652,3,217,TargetRemoval,1764329754.1938684,1756.3877811431885,True
1653,3,217,TargetReappeared,1764329754.443866,1756.6377794742584,False
1654,3,217,RightResponse,1764329755.7138233,1757.9077348709106,False
1655,3,218,FeedbackPeriodStarted,1764329755.73433,1757.9282431602478,False
1656,3,218,startFixDisplay,1764329755.7344768,1757.9283888339996,False
1657,3,218,startFixPeriod,1764329755.907905,1758.1018180847168,False
1658,3,218,TargetPresentation,1764329757.1084929,1759.3024053573608,False
1659,3,218,TargetDisplacement,1764329757.2679145,1759.4618275165558,True
1660,3,218,RightResponse,1764329757.9759247,1760.1698360443115,False
1661,3,219,FeedbackPeriodStarted,1764329757.996482,1760.1903948783875,False
1662,3,219,startFixDisplay,1764329757.9966311,1760.190542936325,False
1663,3,219,startFixPeriod,1764329758.2047992,1760.3987123966217,False
1664,3,219,TargetPresentation,1764329758.7322168,1760.9261302947998,False
1665,3,219,TargetDisplacement,1764329759.8769665,1762.0708792209625,True
1666,3,219,LeftResponse,1764329760.8558588,1763.0497696399689,False
1667,3,220,FeedbackPeriodStarted,1764329760.8761728,1763.070086479187,False
1668,3,220,startFixDisplay,1764329760.8763218,1763.070233821869,False
1669,3,220,startFixPeriod,1764329761.1539457,1763.3478586673737,False
1670,3,220,TargetPresentation,1764329761.7367651,1763.9306786060333,False
1671,3,220,TargetDisplacement,1764329762.0488207,1764.2427337169647,True
1672,3,220,RightResponse,1764329762.937181,1765.1310918331146,False
1673,3,221,FeedbackPeriodStarted,1764329762.957865,1765.1517779827118,False
1674,3,221,startFixDisplay,1764329762.9580052,1765.1519169807434,False
1675,3,221,startFixPeriod,1764329763.1384544,1765.3323678970337,False
1676,3,221,TargetPresentation,1764329764.0197573,1766.2136704921722,False
1677,3,221,TargetRemoval,1764329764.519107,1766.7130196094513,True
1678,3,221,TargetReappeared,1764329764.769161,1766.963074207306,False
1679,3,221,LeftResponse,1764329765.2205374,1767.4144506454468,False
1680,3,222,FeedbackPeriodStarted,1764329765.240808,1767.4347190856934,False
1681,3,222,startFixDisplay,1764329765.240875,1767.4347851276398,False
1682,3,222,startFixPeriod,1764329765.2477014,1767.4416122436523,False
1683,3,222,TargetPresentation,1764329765.9972339,1768.1911470890045,False
1684,3,222,TargetDisplacement,1764329766.420372,1768.614282131195,True
1685,3,222,LeftResponse,1764329767.3716004,1769.5655131340027,False
1686,3,222,FeedbackPeriodStarted,1764329767.37803,1769.5719430446625,False
1687,3,223,startFixDisplay,1764329769.3903167,1771.584229707718,False
1688,3,223,startFixPeriod,1764329769.6473186,1771.8412325382233,False
1689,3,223,TargetPresentation,1764329770.9518495,1773.1457614898682,False
1690,3,223,TargetDisplacement,1764329771.111201,1773.3051137924194,True
1691,3,223,LeftResponse,1764329772.721484,1774.9153954982758,False
1692,3,224,FeedbackPeriodStarted,1764329772.7488568,1774.9427697658539,False
1693,3,224,startFixDisplay,1764329772.748993,1774.9429049491882,False
1694,3,224,startFixPeriod,1764329772.9363348,1775.1302480697632,False
1695,3,224,TargetPresentation,1764329773.6233196,1775.8172328472137,False
1696,3,224,TargetRemoval,1764329773.935482,1776.1293950080872,True
1697,3,224,TargetReappeared,1764329774.1854467,1776.3793597221375,False
1698,3,224,RightResponse,1764329774.9141972,1777.1081094741821,False
1699,3,225,FeedbackPeriodStarted,1764329774.9347253,1777.1286392211914,False
1700,3,225,startFixDisplay,1764329774.934881,1777.1287927627563,False
1701,3,225,startFixPeriod,1764329775.0806098,1777.2745220661163,False
1702,3,225,TargetPresentation,1764329775.5870218,1777.7809340953827,False
1703,3,225,TargetDisplacement,1764329775.9615974,1778.1555123329163,True
1704,3,225,RightResponse,1764329777.0374885,1779.2313990592957,False
1705,3,226,FeedbackPeriodStarted,1764329777.0579588,1779.251872062683,False
1706,3,226,startFixDisplay,1764329777.0580993,1779.2520110607147,False
1707,3,226,startFixPeriod,1764329777.3079412,1779.5018546581268,False
1708,3,226,TargetPresentation,1764329778.6332884,1780.8272016048431,False
1709,3,226,TargetDisplacement,1764329778.9523287,1781.1462388038635,True
1710,3,226,LeftResponse,1764329779.549606,1781.743520975113,False
1711,3,227,FeedbackPeriodStarted,1764329779.5769389,1781.7708520889282,False
1712,3,227,startFixDisplay,1764329779.577071,1781.7709827423096,False
1713,3,227,startFixPeriod,1764329779.5838583,1781.7777690887451,False
1714,3,227,TargetPresentation,1764329780.597021,1782.7909336090088,False
1715,3,227,TargetRemoval,1764329780.916169,1783.110081911087,True
1716,3,227,TargetReappeared,1764329781.165953,1783.3598659038544,False
1717,3,227,RightResponse,1764329781.7491403,1783.9430527687073,False
1718,3,228,FeedbackPeriodStarted,1764329781.769501,1783.9634115695953,False
1719,3,228,startFixDisplay,1764329781.7695823,1783.9634926319122,False
1720,3,228,startFixPeriod,1764329781.77659,1783.9705052375793,False
1721,3,228,TargetPresentation,1764329782.963311,1785.1572241783142,False
1722,3,228,TargetRemoval,1764329783.9206617,1786.1145718097687,True
1723,3,228,TargetReappeared,1764329784.1707036,1786.3646154403687,False
1724,3,228,LeftResponse,1764329785.0383568,1787.2322692871094,False
1725,3,228,FeedbackPeriodStarted,1764329785.0449653,1787.2388784885406,False
1726,3,229,startFixDisplay,1764329787.0570946,1789.2510075569153,False
1727,3,229,startFixPeriod,1764329787.0919154,1789.2858283519745,False
1728,3,229,TargetPresentation,1764329788.24391,1790.4378237724304,False
1729,3,229,TargetDisplacement,1764329788.6739612,1790.8678741455078,True
1730,3,229,RightResponse,1764329790.4368236,1792.6307353973389,False
1731,3,230,FeedbackPeriodStarted,1764329790.4642346,1792.6581478118896,False
1732,3,230,startFixDisplay,1764329790.4643223,1792.6582324504852,False
1733,3,230,startFixPeriod,1764329790.471139,1792.6650516986847,False
1734,3,230,TargetPresentation,1764329791.3247125,1793.5186233520508,False
1735,3,230,TargetRemoval,1764329792.9276485,1795.1215617656708,True
1736,3,230,TargetReappeared,1764329793.1775174,1795.3714306354523,False
1737,3,230,RightResponse,1764329793.9759245,1796.1698348522186,False
1738,3,231,FeedbackPeriodStarted,1764329793.99606,1796.1899707317352,False
1739,3,231,startFixDisplay,1764329793.996127,1796.1900370121002,False
1740,3,231,startFixPeriod,1764329794.0032105,1796.1971235275269,False
1741,3,231,TargetPresentation,1764329794.5099158,1796.7038295269012,False
1742,3,231,TargetDisplacement,1764329794.8705223,1797.064435005188,True
1743,3,231,FeedbackPeriodStarted,1764329796.876093,1799.0700061321259,False
1744,3,232,startFixDisplay,1764329797.3893619,1799.5832750797272,False
1745,3,232,startFixPeriod,1764329797.7989478,1799.9928612709045,False
1746,3,232,TargetPresentation,1764329798.7564838,1800.9503972530365,False
1747,3,232,TargetDisplacement,1764329799.1866772,1801.3805904388428,True
1748,3,232,LeftResponse,1764329799.8253288,1802.0192415714264,False
1749,3,233,FeedbackPeriodStarted,1764329799.8457882,1802.0397017002106,False
1750,3,233,startFixDisplay,1764329799.84593,1802.039841890335,False
1751,3,233,startFixPeriod,1764329800.026474,1802.2203886508942,False
1752,3,233,TargetPresentation,1764329800.7827382,1802.9766507148743,False
1753,3,233,TargetDisplacement,1764329801.2613432,1803.45525598526,True
1754,3,233,LeftResponse,1764329802.4345639,1804.62850856781,False
1755,3,234,FeedbackPeriodStarted,1764329802.4548805,1804.6487939357758,False
1756,3,234,startFixDisplay,1764329802.455028,1804.6489398479462,False
1757,3,234,startFixPeriod,1764329802.6285264,1804.8224394321442,False
1758,3,234,TargetPresentation,1764329803.3086095,1805.5025222301483,False
1759,3,234,TargetDisplacement,1764329803.59291,1805.7868230342865,True
1760,3,234,RightResponse,1764329804.7659996,1806.9599115848541,False
1761,3,234,FeedbackPeriodStarted,1764329804.779672,1806.9735834598541,False
1762,3,235,startFixDisplay,1764329806.7916949,1808.985605955124,False
1763,3,235,startFixPeriod,1764329807.1250472,1809.318960428238,False
1764,3,235,TargetPresentation,1764329807.6800914,1809.8740043640137,False
1765,3,235,TargetDisplacement,1764329807.9089348,1810.1028475761414,True
1766,3,235,RightResponse,1764329808.7837927,1810.9777042865753,False
1767,3,236,FeedbackPeriodStarted,1764329808.8042045,1810.9981181621552,False
1768,3,236,startFixDisplay,1764329808.8043547,1810.9982664585114,False
1769,3,236,startFixPeriod,1764329808.949976,1811.1438896656036,False
1770,3,236,TargetPresentation,1764329809.6993766,1811.8932900428772,False
1771,3,236,TargetDisplacement,1764329809.9699402,1812.1638550758362,True
1772,3,236,LeftResponse,1764329810.643385,1812.8372976779938,False
1773,3,237,FeedbackPeriodStarted,1764329810.6637442,1812.8576574325562,False
1774,3,237,startFixDisplay,1764329810.6638846,1812.8577964305878,False
1775,3,237,startFixPeriod,1764329810.844231,1813.0381441116333,False
1776,3,237,TargetPresentation,1764329811.7047768,1813.8986902236938,False
1777,3,237,TargetDisplacement,1764329811.8920772,1814.0859904289246,True
1778,3,237,RightResponse,1764329812.5999312,1814.7938423156738,False
1779,3,238,FeedbackPeriodStarted,1764329812.6274447,1814.821358203888,False
1780,3,238,startFixDisplay,1764329812.6276214,1814.8215341567993,False
1781,3,238,startFixPeriod,1764329812.8011632,1814.9950790405273,False
1782,3,238,TargetPresentation,1764329813.6476977,1815.8416090011597,False
1783,3,238,TargetRemoval,1764329814.0639875,1816.2579004764557,True
1784,3,238,TargetReappeared,1764329814.3138103,1816.5077211856842,False
1785,3,238,LeftResponse,1764329814.6748316,1816.868742465973,False
1786,3,239,FeedbackPeriodStarted,1764329814.6953394,1816.8892526626587,False
1787,3,239,startFixDisplay,1764329814.6954834,1816.889395236969,False
1788,3,239,startFixPeriod,1764329814.8480384,1817.0419495105743,False
1789,3,239,TargetPresentation,1764329816.3470237,1818.540936946869,False
1790,3,239,TargetDisplacement,1764329816.7145886,1818.9084990024567,True
1791,3,239,LeftResponse,1764329817.360047,1819.5539581775665,False
1792,3,240,FeedbackPeriodStarted,1764329817.3807275,1819.5746412277222,False
1793,3,240,startFixDisplay,1764329817.380866,1819.574777841568,False
1794,3,240,startFixPeriod,1764329817.5820978,1819.7760109901428,False
1795,3,240,TargetPresentation,1764329818.949166,1821.1430795192719,False
1796,3,240,TargetRemoval,1764329819.150201,1821.3441135883331,True
1797,3,240,TargetReappeared,1764329819.4002023,1821.5941152572632,False
1798,3,240,LeftResponse,1764329820.0178866,1822.2117974758148,False
1799,3,240,FeedbackPeriodStarted,1764329820.0244973,1822.2184100151062,False
1800,3,241,startFixDisplay,1764329822.036806,1824.2307193279266,False
1801,3,241,startFixPeriod,1764329822.2937465,1824.4876592159271,False
1802,3,241,TargetPresentation,1764329823.0501287,1825.2440421581268,False
1803,3,241,TargetDisplacement,1764329823.264995,1825.4589083194733,True
1804,3,241,LeftResponse,1764329823.889744,1826.0836548805237,False
1805,3,242,FeedbackPeriodStarted,1764329823.9103549,1826.1042680740356,False
1806,3,242,startFixDisplay,1764329823.9104984,1826.1044101715088,False
1807,3,242,startFixPeriod,1764329824.0700228,1826.263934135437,False
1808,3,242,TargetPresentation,1764329824.5766802,1826.7705936431885,False
1809,3,242,TargetDisplacement,1764329824.8194375,1827.013350725174,True
1810,3,242,RightResponse,1764329826.5892894,1828.7832024097443,False
1811,3,243,FeedbackPeriodStarted,1764329826.6165009,1828.810411453247,False
1812,3,243,startFixDisplay,1764329826.6166208,1828.8105313777924,False
1813,3,243,startFixPeriod,1764329826.7623954,1828.9563086032867,False
1814,3,243,TargetPresentation,1764329827.3383427,1829.5322532653809,False
1815,3,243,TargetDisplacement,1764329827.6157217,1829.809632062912,True
1816,3,243,LeftResponse,1764329828.2892272,1830.483139514923,False
1817,3,244,FeedbackPeriodStarted,1764329828.309703,1830.5036165714264,False
1818,3,244,startFixDisplay,1764329828.3098426,1830.5037548542023,False
1819,3,244,startFixPeriod,1764329828.5248933,1830.7188038825989,False
1820,3,244,TargetPresentation,1764329829.6906843,1831.8845977783203,False
1821,3,244,TargetDisplacement,1764329829.6975355,1831.891446352005,True
1822,3,244,RightResponse,1764329830.5306165,1832.7245287895203,False
1823,3,245,FeedbackPeriodStarted,1764329830.5509915,1832.7449052333832,False
1824,3,245,startFixDisplay,1764329830.5511308,1832.7450425624847,False
1825,3,245,startFixPeriod,1764329830.7594004,1832.9533138275146,False
1826,3,245,TargetPresentation,1764329831.2659063,1833.4598200321198,False
1827,3,245,TargetRemoval,1764329832.5703726,1834.7642858028412,True
1828,3,245,TargetReappeared,1764329832.8201613,1835.0140721797943,False
1829,3,245,LeftResponse,1764329833.4727955,1835.6667082309723,False
1830,3,246,FeedbackPeriodStarted,1764329833.5000987,1835.694011926651,False
1831,3,246,startFixDisplay,1764329833.500237,1835.694149017334,False
1832,3,246,startFixPeriod,1764329833.5071247,1835.7010383605957,False
1833,3,246,TargetPresentation,1764329834.3538446,1836.547758102417,False
1834,3,246,TargetDisplacement,1764329834.4993932,1836.6933035850525,True
1835,3,246,RightResponse,1764329835.6099482,1837.8038606643677,False
1836,3,246,FeedbackPeriodStarted,1764329835.6165848,1837.8104979991913,False
1837,3,247,startFixDisplay,1764329837.6288784,1839.822791337967,False
1838,3,247,startFixPeriod,1764329837.8510363,1840.0449495315552,False
1839,3,247,TargetPresentation,1764329838.5588877,1840.7528009414673,False
1840,3,247,TargetDisplacement,1764329838.7808013,1840.9747116565704,True
1841,3,247,LeftResponse,1764329840.3076649,1842.5015773773193,False
1842,3,248,FeedbackPeriodStarted,1764329840.3351824,1842.5290954113007,False
1843,3,248,startFixDisplay,1764329840.3353791,1842.5292916297913,False
1844,3,248,startFixPeriod,1764329840.5088966,1842.7028107643127,False
1845,3,248,TargetPresentation,1764329841.2788913,1843.4728021621704,False
1846,3,248,TargetRemoval,1764329841.9380279,1844.1319403648376,True
1847,3,248,TargetReappeared,1764329842.187994,1844.3819072246552,False
1848,3,248,RightResponse,1764329842.6528983,1844.8468089103699,False
1849,3,249,FeedbackPeriodStarted,1764329842.6736553,1844.8675661087036,False
1850,3,249,startFixDisplay,1764329842.6737251,1844.8676352500916,False
1851,3,249,startFixPeriod,1764329842.7984939,1844.9924051761627,False
1852,3,249,TargetPresentation,1764329843.499476,1845.6933891773224,False
1853,3,249,TargetRemoval,1764329845.0883691,1847.2822797298431,True
1854,3,249,TargetReappeared,1764329845.3383124,1847.5322260856628,False
1855,3,249,LeftResponse,1764329845.6577923,1847.8517038822174,False
1856,3,250,FeedbackPeriodStarted,1764329845.6782093,1847.8721225261688,False
1857,3,250,startFixDisplay,1764329845.6783588,1847.8722705841064,False
1858,3,250,startFixPeriod,1764329845.8517478,1848.0456612110138,False
1859,3,250,TargetPresentation,1764329846.809348,1849.003261566162,False
1860,3,250,TargetDisplacement,1764329847.0104458,1849.2043585777283,True
1861,3,250,LeftResponse,1764329848.7246528,1850.9185633659363,False
1862,3,251,FeedbackPeriodStarted,1764329848.745183,1850.939096212387,False
1863,3,251,startFixDisplay,1764329848.7453575,1850.9392700195312,False
1864,3,251,startFixPeriod,1764329848.9881823,1851.1820957660675,False
1865,3,251,TargetPresentation,1764329849.7238057,1851.917718410492,False
1866,3,251,TargetDisplacement,1764329849.9317048,1852.125615119934,True
1867,3,251,RightResponse,1764329851.7571783,1853.9510900974274,False
1868,3,252,FeedbackPeriodStarted,1764329851.7844608,1853.9783737659454,False
1869,3,252,startFixDisplay,1764329851.7846282,1853.9785404205322,False
1870,3,252,startFixPeriod,1764329851.812363,1854.0062763690948,False
1871,3,252,TargetPresentation,1764329853.0960522,1855.289965391159,False
1872,3,252,TargetDisplacement,1764329853.3249695,1855.5188822746277,True
1873,3,252,RightResponse,1764329854.262255,1856.4561703205109,False
1874,3,252,FeedbackPeriodStarted,1764329854.2758155,1856.4697260856628,False
1875,3,253,startFixDisplay,1764329856.287801,1858.4817113876343,False
1876,3,253,startFixPeriod,1764329856.641853,1858.8357651233673,False
1877,3,253,TargetPresentation,1764329857.2108471,1859.404757976532,False
1878,3,253,TargetRemoval,1764329857.4605844,1859.6544947624207,True
1879,3,253,TargetReappeared,1764329857.7104669,1859.9043774604797,False
1880,3,253,RightResponse,1764329858.3072708,1860.5011811256409,False
1881,3,254,FeedbackPeriodStarted,1764329858.327848,1860.521758556366,False
1882,3,254,startFixDisplay,1764329858.3278959,1860.5218057632446,False
1883,3,254,startFixPeriod,1764329858.4668126,1860.6607236862183,False
1884,3,254,TargetPresentation,1764329859.4175324,1861.6114435195923,False
1885,3,254,TargetDisplacement,1764329859.604697,1861.7986073493958,True
1886,3,254,LeftResponse,1764329860.3614986,1862.5554111003876,False
1887,3,255,FeedbackPeriodStarted,1764329860.3819296,1862.5758430957794,False
1888,3,255,startFixDisplay,1764329860.382061,1862.5759727954865,False
1889,3,255,startFixPeriod,1764329860.548622,1862.7425327301025,False
1890,3,255,TargetPresentation,1764329861.3535104,1863.547422170639,False
1891,3,255,TargetDisplacement,1764329861.6586533,1863.852563381195,True
1892,3,255,LeftResponse,1764329862.2419438,1864.4358563423157,False
1893,3,256,FeedbackPeriodStarted,1764329862.2624052,1864.45631814003,False
1894,3,256,startFixDisplay,1764329862.2626095,1864.4565229415894,False
1895,3,256,startFixPeriod,1764329862.4845417,1864.6784551143646,False
1896,3,256,TargetPresentation,1764329863.6989045,1865.8928179740906,False
1897,3,256,TargetRemoval,1764329863.8652935,1866.0592062473297,True
1898,3,256,TargetReappeared,1764329864.1151395,1866.3090527057648,False
1899,3,256,LeftResponse,1764329864.6220105,1866.8159227371216,False
1900,3,257,FeedbackPeriodStarted,1764329864.6495051,1866.8434188365936,False
1901,3,257,startFixDisplay,1764329864.6496813,1866.843593597412,False
1902,3,257,startFixPeriod,1764329864.823095,1867.017008304596,False
1903,3,257,TargetPresentation,1764329865.870841,1868.0647540092468,False
1904,3,257,TargetDisplacement,1764329866.1275108,1868.3214240074158,True
1905,3,257,RightResponse,1764329866.7173374,1868.9112477302551,False
1906,3,258,FeedbackPeriodStarted,1764329866.738067,1868.931979894638,False
1907,3,258,startFixDisplay,1764329866.7382026,1868.9321143627167,False
1908,3,258,startFixPeriod,1764329866.9048247,1869.0987367630005,False
1909,3,258,TargetPresentation,1764329867.5224166,1869.7163417339325,False
1910,3,258,TargetDisplacement,1764329867.7721074,1869.9660201072693,True
1911,3,258,LeftResponse,1764329868.5566475,1870.7505600452423,False
1912,3,258,FeedbackPeriodStarted,1764329868.5701401,1870.7640535831451,False
1913,3,259,startFixDisplay,1764329870.5822573,1872.776170015335,False
1914,3,259,startFixPeriod,1764329870.9850655,1873.1789796352386,False
1915,3,259,TargetPresentation,1764329872.0674973,1874.26140832901,False
1916,3,259,TargetRemoval,1764329872.2547271,1874.4486374855042,True
1917,3,259,TargetReappeared,1764329872.5046701,1874.6985836029053,False
1918,3,259,LeftResponse,1764329872.907205,1875.1011164188385,False
1919,3,260,FeedbackPeriodStarted,1764329872.9275975,1875.1215085983276,False
1920,3,260,startFixDisplay,1764329872.9276605,1875.1215703487396,False
1921,3,260,startFixPeriod,1764329872.9346006,1875.128511428833,False
1922,3,260,TargetPresentation,1764329873.469166,1875.6630792617798,False
1923,3,260,TargetRemoval,1764329873.4760659,1875.6699793338776,True
1924,3,260,TargetReappeared,1764329873.725898,1875.9198098182678,False
1925,3,260,LeftResponse,1764329874.5450864,1876.7389996051788,False
1926,3,261,FeedbackPeriodStarted,1764329874.5652022,1876.759113073349,False
1927,3,261,startFixDisplay,1764329874.5652652,1876.7591750621796,False
1928,3,261,startFixPeriod,1764329874.7043185,1876.8982319831848,False
1929,3,261,TargetPresentation,1764329875.5369105,1877.730821609497,False
1930,3,261,TargetRemoval,1764329875.8489108,1878.0428211688995,True
1931,3,261,TargetReappeared,1764329876.0990164,1878.2929298877716,False
1932,3,261,LeftResponse,1764329876.5018432,1878.695754289627,False
1933,3,262,FeedbackPeriodStarted,1764329876.5221536,1878.7160670757294,False
1934,3,262,startFixDisplay,1764329876.5223,1878.7162120342255,False
1935,3,262,startFixPeriod,1764329876.695859,1878.8897733688354,False
1936,3,262,TargetPresentation,1764329877.9308825,1880.1247959136963,False
1937,3,262,TargetRemoval,1764329878.2776325,1880.4715428352356,True
1938,3,262,TargetReappeared,1764329878.527756,1880.7216691970825,False
1939,3,262,LeftResponse,1764329878.8055081,1880.9994204044342,False
1940,3,263,FeedbackPeriodStarted,1764329878.8328078,1881.0267186164856,False
1941,3,263,startFixDisplay,1764329878.83287,1881.0267798900604,False
1942,3,263,startFixPeriod,1764329878.9300776,1881.123990535736,False
1943,3,263,TargetPresentation,1764329880.005492,1882.1994051933289,False
1944,3,263,TargetDisplacement,1764329880.186065,1882.379977941513,True
1945,3,263,RightResponse,1764329880.9149787,1883.1088936328888,False
1946,3,263,FeedbackPeriodStarted,1764329880.9562612,1883.150174856186,False
1947,4,264,startFixDisplay,1764330050.6572351,2052.8511481285095,False
1948,4,264,startFixPeriod,1764330050.9210796,2053.114992618561,False
1949,4,264,TargetPresentation,1764330052.1563005,2054.350214242935,False
1950,4,264,TargetDisplacement,1764330052.329481,2054.5233912467957,True
1951,4,264,LeftResponse,1764330053.120896,2055.3148081302643,False
1952,4,265,FeedbackPeriodStarted,1764330053.1414363,2055.3353497982025,False
1953,4,265,startFixDisplay,1764330053.1415403,2055.3354501724243,False
1954,4,265,startFixPeriod,1764330053.2803524,2055.474265575409,False
1955,4,265,TargetPresentation,1764330054.1825209,2056.376434803009,False
1956,4,265,TargetDisplacement,1764330054.3348844,2056.528797149658,True
1957,4,265,RightResponse,1764330055.1891062,2057.383019208908,False
1958,4,266,FeedbackPeriodStarted,1764330055.2160609,2057.40997171402,False
1959,4,266,startFixDisplay,1764330055.2161248,2057.4100346565247,False
1960,4,266,startFixPeriod,1764330055.2230837,2057.416995048523,False
1961,4,266,TargetPresentation,1764330056.0420187,2058.235929250717,False
1962,4,266,TargetDisplacement,1764330056.2015011,2058.395411491394,True
1963,4,266,LeftResponse,1764330056.9583836,2059.152307987213,False
1964,4,267,FeedbackPeriodStarted,1764330056.9787483,2059.172661781311,False
1965,4,267,startFixDisplay,1764330056.9788928,2059.172816991806,False
1966,4,267,startFixPeriod,1764330056.9858503,2059.179761171341,False
1967,4,267,TargetPresentation,1764330058.005871,2060.1997830867767,False
1968,4,267,TargetRemoval,1764330058.2001019,2060.3940148353577,True
1969,4,267,TargetReappeared,1764330058.4499702,2060.6438834667206,False
1970,4,267,LeftResponse,1764330058.873517,2061.067428588867,False
1971,4,268,FeedbackPeriodStarted,1764330058.900902,2061.09481549263,False
1972,4,268,startFixDisplay,1764330058.9010358,2061.0949478149414,False
1973,4,268,startFixPeriod,1764330059.046786,2061.2406985759735,False
1974,4,268,TargetPresentation,1764330059.685064,2061.878975868225,False
1975,4,268,TargetDisplacement,1764330059.8235495,2062.0174598693848,True
1976,4,268,LeftResponse,1764330060.4903219,2062.684235572815,False
1977,4,269,FeedbackPeriodStarted,1764330060.5106692,2062.704582452774,False
1978,4,269,startFixDisplay,1764330060.5108106,2062.7047226428986,False
1979,4,269,startFixPeriod,1764330060.5594225,2062.75333571434,False
1980,4,269,TargetPresentation,1764330061.183948,2063.377861022949,False
1981,4,269,TargetDisplacement,1764330061.544641,2063.7385551929474,True
1982,4,269,RightResponse,1764330062.14188,2064.3357923030853,False
1983,4,270,FeedbackPeriodStarted,1764330062.162056,2064.3559668064117,False
1984,4,270,startFixDisplay,1764330062.1621246,2064.356034517288,False
1985,4,270,startFixPeriod,1764330062.1690617,2064.3629744052887,False
1986,4,270,TargetPresentation,1764330063.4183075,2065.6122212409973,False
1987,4,270,TargetDisplacement,1764330063.8067014,2066.000613927841,True
1988,4,270,LeftResponse,1764330064.0916536,2066.2855656147003,False
1989,4,270,FeedbackPeriodStarted,1764330064.0983906,2066.2923040390015,False
1990,4,271,startFixDisplay,1764330066.1104438,2068.304358959198,False
1991,4,271,startFixPeriod,1764330066.3049371,2068.4988489151,False
1992,4,271,TargetPresentation,1764330066.9364016,2069.1303148269653,False
1993,4,271,TargetDisplacement,1764330067.1444268,2069.338339328766,True
1994,4,271,RightResponse,1764330067.7622163,2069.956127882004,False
1995,4,272,FeedbackPeriodStarted,1764330067.7827053,2069.9766161441803,False
1996,4,272,startFixDisplay,1764330067.782846,2069.9767560958862,False
1997,4,272,startFixPeriod,1764330067.8245473,2070.0184597969055,False
1998,4,272,TargetPresentation,1764330069.1777217,2071.371635198593,False
1999,4,272,TargetDisplacement,1764330069.3717973,2071.565710067749,True
2000,4,272,LeftResponse,1764330069.878686,2072.072597503662,False
2001,4,273,FeedbackPeriodStarted,1764330069.9060886,2072.100001335144,False
2002,4,273,startFixDisplay,1764330069.9062452,2072.100157260895,False
2003,4,273,startFixPeriod,1764330069.9129398,2072.106850385666,False
2004,4,273,TargetPresentation,1764330070.4612775,2072.655190229416,False
2005,4,273,TargetDisplacement,1764330070.7111092,2072.905019760132,True
2006,4,273,LeftResponse,1764330071.4122293,2073.606141805649,False
2007,4,274,FeedbackPeriodStarted,1764330071.4399288,2073.6338431835175,False
2008,4,274,startFixDisplay,1764330071.4400678,2073.6339795589447,False
2009,4,274,startFixPeriod,1764330071.5994725,2073.793385744095,False
2010,4,274,TargetPresentation,1764330072.1960337,2074.3899466991425,False
2011,4,274,TargetDisplacement,1764330072.3555574,2074.549467563629,True
2012,4,274,RightResponse,1764330073.2927334,2075.48664522171,False
2013,4,275,FeedbackPeriodStarted,1764330073.3202136,2075.514126777649,False
2014,4,275,startFixDisplay,1764330073.3203568,2075.514268875122,False
2015,4,275,startFixPeriod,1764330073.4868042,2075.680717229843,False
2016,4,275,TargetPresentation,1764330074.5762048,2076.7701182365417,False
2017,4,275,TargetDisplacement,1764330074.7357154,2076.929625749588,True
2018,4,275,LeftResponse,1764330075.444216,2077.6381289958954,False
2019,4,276,FeedbackPeriodStarted,1764330075.4641721,2077.658082962036,False
2020,4,276,startFixDisplay,1764330075.4642344,2077.658144235611,False
2021,4,276,startFixPeriod,1764330075.6102421,2077.804155111313,False
2022,4,276,TargetPresentation,1764330076.338875,2078.5327882766724,False
2023,4,276,TargetRemoval,1764330076.5259223,2078.7198326587677,True
2024,4,276,TargetReappeared,1764330076.775959,2078.969872236252,False
2025,4,276,LeftResponse,1764330077.1924603,2079.386372566223,False
2026,4,276,FeedbackPeriodStarted,1764330077.1990087,2079.3929209709167,False
2027,4,277,startFixDisplay,1764330079.2114263,2081.405340194702,False
2028,4,277,startFixPeriod,1764330079.4683511,2081.6622648239136,False
2029,4,277,TargetPresentation,1764330080.786775,2082.9806883335114,False
2030,4,277,TargetRemoval,1764330081.1959279,2083.389838218689,True
2031,4,277,TargetReappeared,1764330081.4457867,2083.6396996974945,False
2032,4,277,LeftResponse,1764330081.5920837,2083.7859966754913,False
2033,4,278,FeedbackPeriodStarted,1764330081.6261635,2083.8200771808624,False
2034,4,278,startFixDisplay,1764330081.6262949,2083.820206642151,False
2035,4,278,startFixPeriod,1764330081.7303963,2083.92430973053,False
2036,4,278,TargetPresentation,1764330082.2577858,2084.4516973495483,False
2037,4,278,TargetDisplacement,1764330082.4448998,2084.638810157776,True
2038,4,278,RightResponse,1764330083.1320965,2085.326007604599,False
2039,4,279,FeedbackPeriodStarted,1764330083.159712,2085.3536252975464,False
2040,4,279,startFixDisplay,1764330083.1598413,2085.353753089905,False
2041,4,279,startFixPeriod,1764330083.166575,2085.3604865074158,False
2042,4,279,TargetPresentation,1764330084.2492962,2086.4432096481323,False
2043,4,279,TargetDisplacement,1764330084.4919884,2086.6858987808228,True
2044,4,279,LeftResponse,1764330085.0682795,2087.262192249298,False
2045,4,280,FeedbackPeriodStarted,1764330085.088934,2087.282844543457,False
2046,4,280,startFixDisplay,1764330085.0889993,2087.282909154892,False
2047,4,280,startFixPeriod,1764330085.1445045,2087.3384172916412,False
2048,4,280,TargetPresentation,1764330086.3795204,2088.5734322071075,False
2049,4,280,TargetDisplacement,1764330086.6777365,2088.8716492652893,True
2050,4,280,RightResponse,1764330087.2818806,2089.4757924079895,False
2051,4,281,FeedbackPeriodStarted,1764330087.302339,2089.496252298355,False
2052,4,281,startFixDisplay,1764330087.3025084,2089.49644780159,False
2053,4,281,startFixPeriod,1764330087.4273756,2089.6212887763977,False
2054,4,281,TargetPresentation,1764330088.7318935,2090.925806760788,False
2055,4,281,TargetDisplacement,1764330088.8913357,2091.0852484703064,True
2056,4,281,LeftResponse,1764330089.9047022,2092.098612546921,False
2057,4,282,FeedbackPeriodStarted,1764330089.9252255,2092.11913895607,False
2058,4,282,startFixDisplay,1764330089.9254315,2092.1193442344666,False
2059,4,282,startFixPeriod,1764330090.1543884,2092.3483011722565,False
2060,4,282,TargetPresentation,1764330090.9800487,2093.173959493637,False
2061,4,282,TargetDisplacement,1764330091.153426,2093.3473386764526,True
2062,4,282,LeftResponse,1764330091.7922509,2093.986163377762,False
2063,4,282,FeedbackPeriodStarted,1764330091.8059342,2093.9998474121094,False
2064,4,283,startFixDisplay,1764330093.8179364,2096.011846780777,False
2065,4,283,startFixPeriod,1764330093.9292467,2096.1231598854065,False
2066,4,283,TargetPresentation,1764330094.8313682,2097.0252814292908,False
2067,4,283,TargetRemoval,1764330095.0116103,2097.2055237293243,True
2068,4,283,TargetReappeared,1764330095.261612,2097.45552778244,False
2069,4,283,RightResponse,1764330095.9696481,2098.163561105728,False
2070,4,284,FeedbackPeriodStarted,1764330095.9968965,2098.1908094882965,False
2071,4,284,startFixDisplay,1764330095.9970326,2098.190944671631,False
2072,4,284,startFixPeriod,1764330096.0941744,2098.288086414337,False
2073,4,284,TargetPresentation,1764330097.5236957,2099.7176089286804,False
2074,4,284,TargetRemoval,1764330097.683126,2099.87703871727,True
2075,4,284,TargetReappeared,1764330097.933056,2100.126968860626,False
2076,4,284,RightResponse,1764330098.4745085,2100.668419599533,False
2077,4,285,FeedbackPeriodStarted,1764330098.4948592,2100.688770055771,False
2078,4,285,startFixDisplay,1764330098.4949772,2100.6888875961304,False
2079,4,285,startFixPeriod,1764330098.6616075,2100.8555212020874,False
2080,4,285,TargetPresentation,1764330099.5013475,2101.6952607631683,False
2081,4,285,TargetDisplacement,1764330099.6329777,2101.8268880844116,True
2082,4,285,RightResponse,1764330100.3551333,2102.549046278,False
2083,4,286,FeedbackPeriodStarted,1764330100.3753378,2102.5692484378815,False
2084,4,286,startFixDisplay,1764330100.3754008,2102.569310903549,False
2085,4,286,startFixPeriod,1764330100.5213788,2102.7152919769287,False
2086,4,286,TargetPresentation,1764330101.0833929,2103.277306318283,False
2087,4,286,TargetRemoval,1764330101.2358854,2103.4297955036163,True
2088,4,286,TargetReappeared,1764330101.4859238,2103.679835796356,False
2089,4,286,LeftResponse,1764330102.3812585,2104.575170278549,False
2090,4,287,FeedbackPeriodStarted,1764330102.408493,2104.6024038791656,False
2091,4,287,startFixDisplay,1764330102.4085531,2104.602463245392,False
2092,4,287,startFixPeriod,1764330102.5197606,2104.7136738300323,False
2093,4,287,TargetPresentation,1764330103.1304622,2105.324376344681,False
2094,4,287,TargetRemoval,1764330103.393929,2105.587839126587,True
2095,4,287,TargetReappeared,1764330103.6439433,2105.8378567695618,False
2096,4,287,RightResponse,1764330104.1715033,2106.3654160499573,False
2097,4,288,FeedbackPeriodStarted,1764330104.1988451,2106.392758131027,False
2098,4,288,startFixDisplay,1764330104.1989377,2106.3928475379944,False
2099,4,288,startFixPeriod,1764330104.2058108,2106.3997213840485,False
2100,4,288,TargetPresentation,1764330104.7401524,2106.9340631961823,False
2101,4,288,TargetDisplacement,1764330104.8649983,2107.058911085129,True
2102,4,288,RightResponse,1764330105.864293,2108.0582036972046,False
2103,4,288,FeedbackPeriodStarted,1764330105.8711686,2108.0650792121887,False
2104,4,289,startFixDisplay,1764330107.8833199,2110.0772302150726,False
2105,4,289,startFixPeriod,1764330107.932178,2110.126091003418,False
2106,4,289,TargetPresentation,1764330108.8064973,2111.0004086494446,False
2107,4,289,TargetDisplacement,1764330109.0353947,2111.2293071746826,True
2108,4,289,LeftResponse,1764330109.5840032,2111.777914047241,False
2109,4,290,FeedbackPeriodStarted,1764330109.6044118,2111.7983255386353,False
2110,4,290,startFixDisplay,1764330109.6045413,2111.798451423645,False
2111,4,290,startFixPeriod,1764330109.9099424,2112.1038551330566,False
2112,4,290,TargetPresentation,1764330110.693942,2112.887855052948,False
2113,4,290,TargetDisplacement,1764330110.8741868,2113.06809926033,True
2114,4,290,LeftResponse,1764330111.4922867,2113.686199426651,False
2115,4,291,FeedbackPeriodStarted,1764330111.519515,2113.7134261131287,False
2116,4,291,startFixDisplay,1764330111.51959,2113.713500022888,False
2117,4,291,startFixPeriod,1764330111.5543685,2113.7482817173004,False
2118,4,291,TargetPresentation,1764330112.2483082,2114.4422211647034,False
2119,4,291,TargetRemoval,1764330112.4425054,2114.636416196823,True
2120,4,291,TargetReappeared,1764330112.6922822,2114.8861951828003,False
2121,4,291,LeftResponse,1764330113.088119,2115.282031774521,False
2122,4,292,FeedbackPeriodStarted,1764330113.1154618,2115.3093724250793,False
2123,4,292,startFixDisplay,1764330113.1155257,2115.3094358444214,False
2124,4,292,startFixPeriod,1764330113.122529,2115.3164398670197,False
2125,4,292,TargetPresentation,1764330114.142742,2116.3366527557373,False
2126,4,292,TargetDisplacement,1764330114.2951944,2116.489107131958,True
2127,4,292,LeftResponse,1764330115.1075087,2117.3014216423035,False
2128,4,293,FeedbackPeriodStarted,1764330115.1347907,2117.3287041187286,False
2129,4,293,startFixDisplay,1764330115.1349943,2117.328906774521,False
2130,4,293,startFixPeriod,1764330115.3777592,2117.571670770645,False
2131,4,293,TargetPresentation,1764330116.6962762,2118.8901896476746,False
2132,4,293,TargetRemoval,1764330116.848737,2119.0426473617554,True
2133,4,293,TargetReappeared,1764330117.0986803,2119.2925910949707,False
2134,4,293,LeftResponse,1764330117.6056802,2119.7995932102203,False
2135,4,294,FeedbackPeriodStarted,1764330117.6259243,2119.8198375701904,False
2136,4,294,startFixDisplay,1764330117.6260767,2119.819988489151,False
2137,4,294,startFixPeriod,1764330117.7578447,2119.951756954193,False
2138,4,294,TargetPresentation,1764330118.764041,2120.9579544067383,False
2139,4,294,TargetRemoval,1764330118.874952,2121.068862438202,True
2140,4,294,TargetReappeared,1764330119.1249208,2121.3188338279724,False
2141,4,294,RightResponse,1764330119.6245499,2121.818460226059,False
2142,4,294,FeedbackPeriodStarted,1764330119.6313682,2121.825281381607,False
2143,4,295,startFixDisplay,1764330121.6435513,2123.8374643325806,False
2144,4,295,startFixPeriod,1764330121.671431,2123.8653433322906,False
2145,4,295,TargetPresentation,1764330122.8303108,2125.024222135544,False
2146,4,295,TargetDisplacement,1764330123.0591853,2125.253098011017,True
2147,4,295,LeftResponse,1764330123.6356711,2125.8295838832855,False
2148,4,296,FeedbackPeriodStarted,1764330123.6628363,2125.856749534607,False
2149,4,296,startFixDisplay,1764330123.6629684,2125.8568801879883,False
2150,4,296,startFixPeriod,1764330123.8781338,2126.0720450878143,False
2151,4,296,TargetPresentation,1764330124.7386642,2126.932578086853,False
2152,4,296,TargetRemoval,1764330125.175598,2127.3695080280304,True
2153,4,296,TargetReappeared,1764330125.4255362,2127.61944937706,False
2154,4,296,RightResponse,1764330126.6259627,2128.8198733329773,False
2155,4,297,FeedbackPeriodStarted,1764330126.6466577,2128.8405685424805,False
2156,4,297,startFixDisplay,1764330126.6467187,2128.8406286239624,False
2157,4,297,startFixPeriod,1764330126.91053,2129.1044430732727,False
2158,4,297,TargetPresentation,1764330128.256717,2130.450630426407,False
2159,4,297,TargetRemoval,1764330128.3884048,2130.5823175907135,True
2160,4,297,TargetReappeared,1764330128.6384313,2130.8323426246643,False
2161,4,297,LeftResponse,1764330129.1243472,2131.3182599544525,False
2162,4,298,FeedbackPeriodStarted,1764330129.1517553,2131.3456683158875,False
2163,4,298,startFixDisplay,1764330129.1518989,2131.345809698105,False
2164,4,298,startFixPeriod,1764330129.1587334,2131.352646589279,False
2165,4,298,TargetPresentation,1764330130.3938186,2132.5877301692963,False
2166,4,298,TargetDisplacement,1764330130.5742188,2132.7681319713593,True
2167,4,298,LeftResponse,1764330131.1920393,2133.385950088501,False
2168,4,299,FeedbackPeriodStarted,1764330131.2124326,2133.4063436985016,False
2169,4,299,startFixDisplay,1764330131.2125144,2133.4064245224,False
2170,4,299,startFixPeriod,1764330131.4417822,2133.63569521904,False
2171,4,299,TargetPresentation,1764330132.6211917,2134.8151049613953,False
2172,4,299,TargetDisplacement,1764330132.7459502,2134.9398605823517,True
2173,4,299,RightResponse,1764330133.4749606,2135.668872117996,False
2174,4,300,FeedbackPeriodStarted,1764330133.5024285,2135.6963415145874,False
2175,4,300,startFixDisplay,1764330133.5025647,2135.696501970291,False
2176,4,300,startFixPeriod,1764330133.6620684,2135.8559803962708,False
2177,4,300,TargetPresentation,1764330134.654325,2136.848237991333,False
2178,4,300,TargetRemoval,1764330134.9180903,2137.1120030879974,True
2179,4,300,TargetReappeared,1764330135.167936,2137.3618471622467,False
2180,4,300,LeftResponse,1764330135.5774367,2137.7713479995728,False
2181,4,300,FeedbackPeriodStarted,1764330135.5841246,2137.7780368328094,False
2182,4,301,startFixDisplay,1764330137.5964303,2139.7903435230255,False
2183,4,301,startFixPeriod,1764330138.0130134,2140.206926584244,False
2184,4,301,TargetPresentation,1764330139.1787615,2141.3726732730865,False
2185,4,301,TargetRemoval,1764330139.4354033,2141.6293160915375,True
2186,4,301,TargetReappeared,1764330139.6852658,2141.8791790008545,False
2187,4,301,LeftResponse,1764330140.011648,2142.20555973053,False
2188,4,302,FeedbackPeriodStarted,1764330140.0389867,2142.2329001426697,False
2189,4,302,startFixDisplay,1764330140.0391238,2142.2330355644226,False
2190,4,302,startFixPeriod,1764330140.2264755,2142.4203889369965,False
2191,4,302,TargetPresentation,1764330141.0522344,2143.246148109436,False
2192,4,302,TargetDisplacement,1764330141.378073,2143.5719833374023,True
2193,4,302,RightResponse,1764330141.9684064,2144.1623191833496,False
2194,4,303,FeedbackPeriodStarted,1764330141.9887214,2144.1826322078705,False
2195,4,303,startFixDisplay,1764330141.988784,2144.1826939582825,False
2196,4,303,startFixPeriod,1764330142.14169,2144.335603237152,False
2197,4,303,TargetPresentation,1764330143.5710144,2145.764925479889,False
2198,4,303,TargetDisplacement,1764330143.7791011,2145.9730141162872,True
2199,4,303,LeftResponse,1764330144.299899,2146.4938101768494,False
2200,4,304,FeedbackPeriodStarted,1764330144.320593,2146.5145041942596,False
2201,4,304,startFixDisplay,1764330144.3206823,2146.514592409134,False
2202,4,304,startFixPeriod,1764330144.4316068,2146.625520467758,False
2203,4,304,TargetPresentation,1764330145.1255062,2147.3194196224213,False
2204,4,304,TargetRemoval,1764330145.4167945,2147.6107075214386,True
2205,4,304,TargetReappeared,1764330145.6666937,2147.8606054782867,False
2206,4,304,LeftResponse,1764330146.0624437,2148.2563552856445,False
2207,4,305,FeedbackPeriodStarted,1764330146.0898812,2148.2837920188904,False
2208,4,305,startFixDisplay,1764330146.0899463,2148.2838563919067,False
2209,4,305,startFixPeriod,1764330146.2149193,2148.4088323116302,False
2210,4,305,TargetPresentation,1764330147.5193596,2149.713273048401,False
2211,4,305,TargetRemoval,1764330147.526363,2149.720276117325,True
2212,4,305,TargetReappeared,1764330147.776144,2149.970057249069,False
2213,4,305,LeftResponse,1764330148.331459,2150.5253715515137,False
2214,4,306,FeedbackPeriodStarted,1764330148.352018,2150.545928955078,False
2215,4,306,startFixDisplay,1764330148.3520827,2150.5459926128387,False
2216,4,306,startFixPeriod,1764330148.414504,2150.6084172725677,False
2217,4,306,TargetPresentation,1764330149.4276805,2151.621593952179,False
2218,4,306,TargetDisplacement,1764330149.7328153,2151.926725625992,True
2219,4,306,LeftResponse,1764330150.2537625,2152.4476754665375,False
2220,4,306,FeedbackPeriodStarted,1764330150.2602727,2152.4541857242584,False
2221,4,307,startFixDisplay,1764330152.3418326,2154.5357456207275,False
2222,4,307,startFixPeriod,1764330152.578051,2154.7719626426697,False
2223,4,307,TargetPresentation,1764330153.45917,2155.653081178665,False
2224,4,307,TargetDisplacement,1764330153.7158525,2155.9097652435303,True
2225,4,307,RightResponse,1764330154.278034,2156.471944332123,False
2226,4,308,FeedbackPeriodStarted,1764330154.2986894,2156.492602586746,False
2227,4,308,startFixDisplay,1764330154.298825,2156.4927368164062,False
2228,4,308,startFixPeriod,1764330154.4376802,2156.631593942642,False
2229,4,308,TargetPresentation,1764330155.8393388,2158.0332520008087,False
2230,4,308,TargetRemoval,1764330155.977972,2158.171884536743,True
2231,4,308,TargetReappeared,1764330156.2278225,2158.421733379364,False
2232,4,308,LeftResponse,1764330156.581987,2158.7758972644806,False
2233,4,309,FeedbackPeriodStarted,1764330156.6023266,2158.796237230301,False
2234,4,309,startFixDisplay,1764330156.6023872,2158.7962970733643,False
2235,4,309,startFixPeriod,1764330156.6720176,2158.8659312725067,False
2236,4,309,TargetPresentation,1764330157.2340262,2159.4279370307922,False
2237,4,309,TargetDisplacement,1764330157.4698656,2159.6637785434723,True
2238,4,309,RightResponse,1764330158.1086137,2160.302524328232,False
2239,4,310,FeedbackPeriodStarted,1764330158.1289268,2160.3228375911713,False
2240,4,310,startFixDisplay,1764330158.1289895,2160.322899580002,False
2241,4,310,startFixPeriod,1764330158.344368,2160.5382816791534,False
2242,4,310,TargetPresentation,1764330159.5448625,2161.738776445389,False
2243,4,310,TargetDisplacement,1764330159.7667034,2161.9606161117554,True
2244,4,310,LeftResponse,1764330160.2942276,2162.4881381988525,False
2245,4,311,FeedbackPeriodStarted,1764330160.3147175,2162.5086278915405,False
2246,4,311,startFixDisplay,1764330160.3147786,2162.508688688278,False
2247,4,311,startFixPeriod,1764330160.4746783,2162.6685914993286,False
2248,4,311,TargetPresentation,1764330161.8207493,2164.0146627426147,False
2249,4,311,TargetRemoval,1764330161.9525406,2164.146453857422,True
2250,4,311,TargetReappeared,1764330162.202435,2164.39634847641,False
2251,4,311,RightResponse,1764330162.7092073,2164.903118610382,False
2252,4,312,FeedbackPeriodStarted,1764330162.7297752,2164.9236896038055,False
2253,4,312,startFixDisplay,1764330162.7299185,2164.923830509186,False
2254,4,312,startFixPeriod,1764330162.882509,2165.0764224529266,False
2255,4,312,TargetPresentation,1764330163.4306672,2165.6245806217194,False
2256,4,312,TargetRemoval,1764330163.7220588,2165.9159717559814,True
2257,4,312,TargetReappeared,1764330163.9719586,2166.165871858597,False
2258,4,312,LeftResponse,1764330164.2981691,2166.4920811653137,False
2259,4,312,FeedbackPeriodStarted,1764330164.3047886,2166.498701810837,False
2260,4,313,startFixDisplay,1764330166.3169897,2168.5109000205994,False
2261,4,313,startFixPeriod,1764330166.3240151,2168.517925977707,False
2262,4,313,TargetPresentation,1764330166.8446362,2169.038549900055,False
2263,4,313,TargetDisplacement,1764330166.907136,2169.101049423218,True
2264,4,313,RightResponse,1764330167.712144,2169.9060549736023,False
2265,4,314,FeedbackPeriodStarted,1764330167.7396405,2169.933551311493,False
2266,4,314,startFixDisplay,1764330167.7397015,2169.9336116313934,False
2267,4,314,startFixPeriod,1764330167.8369446,2170.0308554172516,False
2268,4,314,TargetPresentation,1764330168.5863838,2170.780297279358,False
2269,4,314,TargetDisplacement,1764330168.8221786,2171.016091823578,True
2270,4,314,LeftResponse,1764330169.3566954,2171.5506069660187,False
2271,4,315,FeedbackPeriodStarted,1764330169.377151,2171.5710620880127,False
2272,4,315,startFixDisplay,1764330169.3772147,2171.571124792099,False
2273,4,315,startFixPeriod,1764330169.5440366,2171.737947702408,False
2274,4,315,TargetPresentation,1764330170.5777936,2172.771707057953,False
2275,4,315,TargetDisplacement,1764330170.8136382,2173.0075509548187,True
2276,4,315,RightResponse,1764330171.4524705,2173.6463832855225,False
2277,4,316,FeedbackPeriodStarted,1764330171.4796572,2173.67356801033,False
2278,4,316,startFixDisplay,1764330171.4797206,2173.6736307144165,False
2279,4,316,startFixPeriod,1764330171.6603413,2173.854254722595,False
2280,4,316,TargetPresentation,1764330172.416772,2174.6106848716736,False
2281,4,316,TargetDisplacement,1764330172.583088,2174.7770006656647,True
2282,4,316,RightResponse,1764330173.214974,2175.4088847637177,False
2283,4,317,FeedbackPeriodStarted,1764330173.2356875,2175.4295983314514,False
2284,4,317,startFixDisplay,1764330173.235754,2175.4296641349792,False
2285,4,317,startFixPeriod,1764330173.2422593,2175.436172246933,False
2286,4,317,TargetPresentation,1764330174.3388247,2176.532737970352,False
2287,4,317,TargetRemoval,1764330174.5122387,2176.7061519622803,True
2288,4,317,TargetReappeared,1764330174.7620132,2176.955924510956,False
2289,4,317,LeftResponse,1764330175.1023734,2177.296285867691,False
2290,4,318,FeedbackPeriodStarted,1764330175.129672,2177.3235850334167,False
2291,4,318,startFixDisplay,1764330175.1298125,2177.3237245082855,False
2292,4,318,startFixPeriod,1764330175.3172164,2177.5111298561096,False
2293,4,318,TargetPresentation,1764330176.3720095,2178.5659234523773,False
2294,4,318,TargetDisplacement,1764330176.524421,2178.7183334827423,True
2295,4,318,RightResponse,1764330177.1838925,2179.3778035640717,False
2296,4,318,FeedbackPeriodStarted,1764330177.1905994,2179.384512901306,False
2297,4,319,startFixDisplay,1764330179.2028773,2181.3967900276184,False
2298,4,319,startFixPeriod,1764330179.2098002,2181.4037129879,False
2299,4,319,TargetPresentation,1764330180.0704222,2182.264335632324,False
2300,4,319,TargetDisplacement,1764330180.3061671,2182.500079870224,True
2301,4,319,RightResponse,1764330180.9380207,2183.1319313049316,False
2302,4,320,FeedbackPeriodStarted,1764330180.958783,2183.1526939868927,False
2303,4,320,startFixDisplay,1764330180.9588697,2183.1527800559998,False
2304,4,320,startFixPeriod,1764330181.0348723,2183.228785276413,False
2305,4,320,TargetPresentation,1764330181.763653,2183.9575669765472,False
2306,4,320,TargetRemoval,1764330181.9646013,2184.1585116386414,True
2307,4,320,TargetReappeared,1764330182.2145035,2184.408414363861,False
2308,4,320,RightResponse,1764330182.6173267,2184.8112392425537,False
2309,4,321,FeedbackPeriodStarted,1764330182.638035,2184.83194565773,False
2310,4,321,startFixDisplay,1764330182.638085,2184.8320059776306,False
2311,4,321,startFixPeriod,1764330182.9571147,2185.1510281562805,False
2312,4,321,TargetPresentation,1764330184.1228418,2186.316755056381,False
2313,4,321,TargetRemoval,1764330184.2475362,2186.441448688507,True
2314,4,321,TargetReappeared,1764330184.4975898,2186.69150185585,False
2315,4,321,RightResponse,1764330184.9627335,2187.1566450595856,False
2316,4,322,FeedbackPeriodStarted,1764330184.9900389,2187.1839520931244,False
2317,4,322,startFixDisplay,1764330184.9901767,2187.1840884685516,False
2318,4,322,startFixPeriod,1764330185.0735495,2187.2674634456635,False
2319,4,322,TargetPresentation,1764330186.4127424,2188.6066539287567,False
2320,4,322,TargetRemoval,1764330186.6345026,2188.8284130096436,True
2321,4,322,TargetReappeared,1764330186.8845487,2189.0784616470337,False
2322,4,322,LeftResponse,1764330187.2041876,2189.398100376129,False
2323,4,323,FeedbackPeriodStarted,1764330187.2313225,2189.425235271454,False
2324,4,323,startFixDisplay,1764330187.2315245,2189.425436973572,False
2325,4,323,startFixPeriod,1764330187.2383463,2189.432256937027,False
2326,4,323,TargetPresentation,1764330188.7026908,2190.896602153778,False
2327,4,323,TargetDisplacement,1764330188.8413103,2191.0352232456207,True
2328,4,323,RightResponse,1764330189.5633917,2191.7573041915894,False
2329,4,324,FeedbackPeriodStarted,1764330189.597537,2191.7914502620697,False
2330,4,324,startFixDisplay,1764330189.5976932,2191.791604757309,False
2331,4,324,startFixPeriod,1764330189.604698,2191.7986109256744,False
2332,4,324,TargetPresentation,1764330190.8260176,2193.01993060112,False
2333,4,324,TargetRemoval,1764330191.117285,2193.3111979961395,True
2334,4,324,TargetReappeared,1764330191.3673172,2193.5612308979034,False
2335,4,324,RightResponse,1764330191.7213626,2193.915275335312,False
2336,4,324,FeedbackPeriodStarted,1764330191.7350209,2193.92893409729,False
2337,4,325,startFixDisplay,1764330193.7470608,2195.940973520279,False
2338,4,325,startFixPeriod,1764330193.9970436,2196.1909561157227,False
2339,4,325,TargetPresentation,1764330195.1767056,2197.370616912842,False
2340,4,325,TargetRemoval,1764330195.3985817,2197.5924961566925,True
2341,4,325,TargetReappeared,1764330195.648547,2197.8424599170685,False
2342,4,325,RightResponse,1764330196.0379477,2198.2318584918976,False
2343,4,326,FeedbackPeriodStarted,1764330196.0648203,2198.258733510971,False
2344,4,326,startFixDisplay,1764330196.0649753,2198.258889436722,False
2345,4,326,startFixPeriod,1764330196.5228937,2198.716804742813,False
2346,4,326,TargetPresentation,1764330197.9315982,2200.125512123108,False
2347,4,326,TargetRemoval,1764330198.1187627,2200.3126752376556,True
2348,4,326,TargetReappeared,1764330198.368771,2200.562684059143,False
2349,4,326,LeftResponse,1764330198.7158885,2200.909800052643,False
2350,4,327,FeedbackPeriodStarted,1764330198.7432103,2200.937123298645,False
2351,4,327,startFixDisplay,1764330198.7433496,2200.9372618198395,False
2352,4,327,startFixPeriod,1764330198.778011,2200.9719228744507,False
2353,4,327,TargetPresentation,1764330199.617756,2201.8116669654846,False
2354,4,327,TargetDisplacement,1764330199.8673134,2202.0612258911133,True
2355,4,327,RightResponse,1764330200.672781,2202.86669421196,False
2356,4,328,FeedbackPeriodStarted,1764330200.699988,2202.8938987255096,False
2357,4,328,startFixDisplay,1764330200.7000508,2202.893960952759,False
2358,4,328,startFixPeriod,1764330200.915355,2203.1092681884766,False
2359,4,328,TargetPresentation,1764330201.442784,2203.6366970539093,False
2360,4,328,TargetDisplacement,1764330201.602029,2203.7959420681,True
2361,4,328,LeftResponse,1764330202.317307,2204.5112195014954,False
2362,4,329,FeedbackPeriodStarted,1764330202.3514838,2204.5453946590424,False
2363,4,329,startFixDisplay,1764330202.3515444,2204.545454263687,False
2364,4,329,startFixPeriod,1764330202.5320442,2204.7259573936462,False
2365,4,329,TargetPresentation,1764330203.1497726,2205.3436863422394,False
2366,4,329,TargetRemoval,1764330203.4063523,2205.600265264511,True
2367,4,329,TargetReappeared,1764330203.6561992,2205.850112438202,False
2368,4,329,LeftResponse,1764330204.0103524,2206.2042651176453,False
2369,4,329,FeedbackPeriodStarted,1764330204.0515492,2206.2454624176025,False
2370,5,330,startFixDisplay,1764330245.4428747,2247.6367881298065,False
2371,5,330,startFixPeriod,1764330245.449806,2247.643718957901,False
2372,5,330,TargetPresentation,1764330246.032956,2248.22686958313,False
2373,5,330,TargetDisplacement,1764330246.2755504,2248.469460964203,True
2374,5,330,LeftResponse,1764330247.1156967,2249.3096091747284,False
2375,5,331,FeedbackPeriodStarted,1764330247.1430554,2249.3369691371918,False
2376,5,331,startFixDisplay,1764330247.14321,2249.337121963501,False
2377,5,331,startFixPeriod,1764330247.1500113,2249.3439223766327,False
2378,5,331,TargetPresentation,1764330247.7259886,2249.9198994636536,False
2379,5,331,TargetDisplacement,1764330248.0312293,2250.225141763687,True
2380,5,331,LeftResponse,1764330248.5242393,2250.7181508541107,False
2381,5,332,FeedbackPeriodStarted,1764330248.5449436,2250.73885679245,False
2382,5,332,startFixDisplay,1764330248.5450714,2250.738983631134,False
2383,5,332,startFixPeriod,1764330248.551609,2250.7455229759216,False
2384,5,332,TargetPresentation,1764330249.6897433,2251.8836567401886,False
2385,5,332,TargetRemoval,1764330249.9186456,2252.1125559806824,True
2386,5,332,TargetReappeared,1764330250.168648,2252.362559556961,False
2387,5,332,LeftResponse,1764330250.5781202,2252.7720313072205,False
2388,5,333,FeedbackPeriodStarted,1764330250.59901,2252.79292345047,False
2389,5,333,startFixDisplay,1764330250.5991285,2252.7930402755737,False
2390,5,333,startFixPeriod,1764330250.605558,2252.7994706630707,False
2391,5,333,TargetPresentation,1764330251.6743488,2253.868262052536,False
2392,5,333,TargetDisplacement,1764330251.9169729,2254.110882997513,True
2393,5,333,LeftResponse,1764330252.5140274,2254.7079379558563,False
2394,5,334,FeedbackPeriodStarted,1764330252.534668,2254.7285811901093,False
2395,5,334,startFixDisplay,1764330252.5348337,2254.7287454605103,False
2396,5,334,startFixPeriod,1764330252.7292132,2254.923125743866,False
2397,5,334,TargetPresentation,1764330253.297959,2255.4918699264526,False
2398,5,334,TargetRemoval,1764330253.4436889,2255.637599468231,True
2399,5,334,TargetReappeared,1764330253.693584,2255.887497663498,False
2400,5,334,LeftResponse,1764330254.2210405,2256.4149508476257,False
2401,5,335,FeedbackPeriodStarted,1764330254.2416668,2256.435580253601,False
2402,5,335,startFixDisplay,1764330254.2418005,2256.435712337494,False
2403,5,335,startFixPeriod,1764330254.4014018,2256.595315217972,False
2404,5,335,TargetPresentation,1764330255.2896428,2257.4835534095764,False
2405,5,335,TargetDisplacement,1764330255.4767795,2257.6706924438477,True
2406,5,335,RightResponse,1764330256.1226075,2258.316520690918,False
2407,5,336,FeedbackPeriodStarted,1764330256.1497335,2258.343644142151,False
2408,5,336,startFixDisplay,1764330256.149796,2258.3437061309814,False
2409,5,336,startFixPeriod,1764330256.1568687,2258.3507792949677,False
2410,5,336,TargetPresentation,1764330257.634997,2259.828909635544,False
2411,5,336,TargetDisplacement,1764330257.8360162,2260.0299265384674,True
2412,5,336,LeftResponse,1764330258.3708446,2260.5647571086884,False
2413,5,336,FeedbackPeriodStarted,1764330258.384415,2260.5783281326294,False
2414,5,337,startFixDisplay,1764330260.396513,2262.59042596817,False
2415,5,337,startFixPeriod,1764330260.5771503,2262.771063566208,False
2416,5,337,TargetPresentation,1764330261.2571464,2263.451060295105,False
2417,5,337,TargetRemoval,1764330261.458334,2263.6522471904755,True
2418,5,337,TargetReappeared,1764330261.7082176,2263.9021310806274,False
2419,5,337,LeftResponse,1764330262.1387186,2264.332631587982,False
2420,5,338,FeedbackPeriodStarted,1764330262.1589696,2264.3528804779053,False
2421,5,338,startFixDisplay,1764330262.1590314,2264.352941274643,False
2422,5,338,startFixPeriod,1764330262.242517,2264.4364302158356,False
2423,5,338,TargetPresentation,1764330263.477695,2265.6716079711914,False
2424,5,338,TargetDisplacement,1764330263.6509957,2265.84490609169,True
2425,5,338,LeftResponse,1764330264.491084,2266.6849970817566,False
2426,5,339,FeedbackPeriodStarted,1764330264.5184367,2266.712351322174,False
2427,5,339,startFixDisplay,1764330264.5185592,2266.7124693393707,False
2428,5,339,startFixPeriod,1764330264.7196963,2266.9136097431183,False
2429,5,339,TargetPresentation,1764330265.5107865,2267.7047111988068,False
2430,5,339,TargetRemoval,1764330265.6701946,2267.864107608795,True
2431,5,339,TargetReappeared,1764330265.9202485,2268.114161968231,False
2432,5,339,LeftResponse,1764330266.4962091,2268.6901211738586,False
2433,5,340,FeedbackPeriodStarted,1764330266.516975,2268.710888147354,False
2434,5,340,startFixDisplay,1764330266.5171888,2268.7111151218414,False
2435,5,340,startFixPeriod,1764330266.6696806,2268.8635935783386,False
2436,5,340,TargetPresentation,1764330267.481455,2269.6753680706024,False
2437,5,340,TargetDisplacement,1764330267.689465,2269.8833787441254,True
2438,5,340,RightResponse,1764330268.3006797,2270.4945929050446,False
2439,5,341,FeedbackPeriodStarted,1764330268.3211057,2270.515017271042,False
2440,5,341,startFixDisplay,1764330268.321193,2270.5151031017303,False
2441,5,341,startFixPeriod,1764330268.4113467,2270.6052598953247,False
2442,5,341,TargetPresentation,1764330269.0289135,2271.222826719284,False
2443,5,341,TargetDisplacement,1764330269.2160392,2271.409951686859,True
2444,5,341,LeftResponse,1764330269.9660554,2272.1599678993225,False
2445,5,342,FeedbackPeriodStarted,1764330269.9932609,2272.187173843384,False
2446,5,342,startFixDisplay,1764330269.9934065,2272.1873183250427,False
2447,5,342,startFixPeriod,1764330270.1323133,2272.3262269496918,False
2448,5,342,TargetPresentation,1764330271.3742912,2273.5682044029236,False
2449,5,342,TargetDisplacement,1764330271.5822053,2273.7761178016663,True
2450,5,342,LeftResponse,1764330272.1864676,2274.3803803920746,False
2451,5,342,FeedbackPeriodStarted,1764330272.193066,2274.3869767189026,False
2452,5,343,startFixDisplay,1764330274.2052066,2276.399119615555,False
2453,5,343,startFixPeriod,1764330274.434373,2276.6282861232758,False
2454,5,343,TargetPresentation,1764330275.2254162,2277.4193296432495,False
2455,5,343,TargetDisplacement,1764330275.4265406,2277.620453119278,True
2456,5,343,LeftResponse,1764330276.2320256,2278.4259371757507,False
2457,5,344,FeedbackPeriodStarted,1764330276.2592983,2278.4532120227814,False
2458,5,344,startFixDisplay,1764330276.25944,2278.4533519744873,False
2459,5,344,startFixPeriod,1764330276.4536495,2278.6475608348846,False
2460,5,344,TargetPresentation,1764330277.9178605,2280.111772298813,False
2461,5,344,TargetDisplacement,1764330278.0772507,2280.271163702011,True
2462,5,344,RightResponse,1764330278.6810613,2280.8749718666077,False
2463,5,345,FeedbackPeriodStarted,1764330278.701652,2280.8955628871918,False
2464,5,345,startFixDisplay,1764330278.7017176,2280.8956277370453,False
2465,5,345,startFixPeriod,1764330278.868452,2281.06236577034,False
2466,5,345,TargetPresentation,1764330279.5692644,2281.7631776332855,False
2467,5,345,TargetDisplacement,1764330279.7565124,2281.9504227638245,True
2468,5,345,LeftResponse,1764330280.38137,2282.5752828121185,False
2469,5,346,FeedbackPeriodStarted,1764330280.408727,2282.602639913559,False
2470,5,346,startFixDisplay,1764330280.4088647,2282.602776527405,False
2471,5,346,startFixPeriod,1764330280.617096,2282.811007976532,False
2472,5,346,TargetPresentation,1764330281.165255,2283.359167098999,False
2473,5,346,TargetRemoval,1764330281.324557,2283.5184671878815,True
2474,5,346,TargetReappeared,1764330281.5746663,2283.7685770988464,False
2475,5,346,LeftResponse,1764330282.352129,2284.5460419654846,False
2476,5,347,FeedbackPeriodStarted,1764330282.3864114,2284.580324649811,False
2477,5,347,startFixDisplay,1764330282.3865502,2284.5804624557495,False
2478,5,347,startFixPeriod,1764330282.6156778,2284.809592485428,False
2479,5,347,TargetPresentation,1764330283.2050934,2285.399003982544,False
2480,5,347,TargetDisplacement,1764330283.5659952,2285.759906053543,True
2481,5,347,LeftResponse,1764330284.072849,2286.266760826111,False
2482,5,348,FeedbackPeriodStarted,1764330284.093704,2286.2876148223877,False
2483,5,348,startFixDisplay,1764330284.0937717,2286.2876818180084,False
2484,5,348,startFixPeriod,1764330284.1976578,2286.391571044922,False
2485,5,348,TargetPresentation,1764330285.647921,2287.841831922531,False
2486,5,348,TargetDisplacement,1764330285.883623,2288.077536344528,True
2487,5,348,RightResponse,1764330286.4181201,2288.6120307445526,False
2488,5,348,FeedbackPeriodStarted,1764330286.424946,2288.618858575821,False
2489,5,349,startFixDisplay,1764330288.4372027,2290.6311156749725,False
2490,5,349,startFixPeriod,1764330288.4441376,2290.6380500793457,False
2491,5,349,TargetPresentation,1764330289.9292397,2292.123152732849,False
2492,5,349,TargetDisplacement,1764330290.1302936,2292.324206352234,True
2493,5,349,LeftResponse,1764330290.6720183,2292.8659298419952,False
2494,5,350,FeedbackPeriodStarted,1764330290.699406,2292.893319129944,False
2495,5,350,startFixDisplay,1764330290.699536,2292.8934478759766,False
2496,5,350,startFixPeriod,1764330290.7063522,2292.900265455246,False
2497,5,350,TargetPresentation,1764330292.1637282,2294.3576414585114,False
2498,5,350,TargetDisplacement,1764330292.3717406,2294.565653562546,True
2499,5,350,LeftResponse,1764330292.8300626,2295.023973464966,False
2500,5,351,FeedbackPeriodStarted,1764330292.857338,2295.0512511730194,False
2501,5,351,startFixDisplay,1764330292.8574743,2295.0513863563538,False
2502,5,351,startFixPeriod,1764330292.9130428,2295.1069543361664,False
2503,5,351,TargetPresentation,1764330293.5376415,2295.7315549850464,False
2504,5,351,TargetRemoval,1764330293.9538066,2296.147719144821,True
2505,5,351,TargetReappeared,1764330294.2037055,2296.397618532181,False
2506,5,351,RightResponse,1764330294.321939,2296.5158517360687,False
2507,5,352,FeedbackPeriodStarted,1764330294.3492458,2296.543159008026,False
2508,5,352,startFixDisplay,1764330294.349447,2296.5433597564697,False
2509,5,352,startFixPeriod,1764330294.6131406,2296.8070538043976,False
2510,5,352,TargetPresentation,1764330295.3903341,2297.5842473506927,False
2511,5,352,TargetDisplacement,1764330295.5636399,2297.75755238533,True
2512,5,352,LeftResponse,1764330296.1469724,2298.3408839702606,False
2513,5,353,FeedbackPeriodStarted,1764330296.1742036,2298.36811709404,False
2514,5,353,startFixDisplay,1764330296.1743424,2298.368254184723,False
2515,5,353,startFixPeriod,1764330296.4381185,2298.632030725479,False
2516,5,353,TargetPresentation,1764330297.5830746,2299.77698802948,False
2517,5,353,TargetDisplacement,1764330298.0269198,2300.2208302021027,True
2518,5,353,LeftResponse,1764330298.2700408,2300.4639513492584,False
2519,5,354,FeedbackPeriodStarted,1764330298.2905273,2300.4844381809235,False
2520,5,354,startFixDisplay,1764330298.2906046,2300.484514474869,False
2521,5,354,startFixPeriod,1764330298.4225645,2300.6165041923523,False
2522,5,354,TargetPresentation,1764330298.9290366,2301.1229498386383,False
2523,5,354,TargetDisplacement,1764330299.255132,2301.449044942856,True
2524,5,354,LeftResponse,1764330299.9841628,2302.178074836731,False
2525,5,354,FeedbackPeriodStarted,1764330299.9908166,2302.184729576111,False
2526,5,355,startFixDisplay,1764330302.0029204,2304.1968307495117,False
2527,5,355,startFixPeriod,1764330302.2737477,2304.4676587581635,False
2528,5,355,TargetPresentation,1764330303.279941,2305.473851919174,False
2529,5,355,TargetDisplacement,1764330303.4603567,2305.6542704105377,True
2530,5,355,RightResponse,1764330304.0297246,2306.2236375808716,False
2531,5,356,FeedbackPeriodStarted,1764330304.0568943,2306.250804901123,False
2532,5,356,startFixDisplay,1764330304.0569572,2306.250867128372,False
2533,5,356,startFixPeriod,1764330304.1889603,2306.3828735351562,False
2534,5,356,TargetPresentation,1764330305.0910609,2307.2849740982056,False
2535,5,356,TargetDisplacement,1764330305.2851903,2307.4791033267975,True
2536,5,356,LeftResponse,1764330305.7782013,2307.972113132477,False
2537,5,357,FeedbackPeriodStarted,1764330305.805771,2307.99969124794,False
2538,5,357,startFixDisplay,1764330305.8059566,2307.9998688697815,False
2539,5,357,startFixPeriod,1764330305.8126569,2308.00656747818,False
2540,5,357,TargetPresentation,1764330306.7703075,2308.96421957016,False
2541,5,357,TargetDisplacement,1764330306.985238,2309.1791508197784,True
2542,5,357,LeftResponse,1764330307.4921165,2309.686027288437,False
2543,5,358,FeedbackPeriodStarted,1764330307.5196068,2309.7135207653046,False
2544,5,358,startFixDisplay,1764330307.5197344,2309.713644504547,False
2545,5,358,startFixPeriod,1764330307.7626874,2309.9566009044647,False
2546,5,358,TargetPresentation,1764330308.7132244,2310.90713763237,False
2547,5,358,TargetDisplacement,1764330309.1086993,2311.3026123046875,True
2548,5,358,RightResponse,1764330309.629523,2311.8234357833862,False
2549,5,359,FeedbackPeriodStarted,1764330309.6568627,2311.8507764339447,False
2550,5,359,startFixDisplay,1764330309.6570115,2311.8509232997894,False
2551,5,359,startFixPeriod,1764330310.1704485,2312.3643622398376,False
2552,5,359,TargetPresentation,1764330311.1002471,2313.2941603660583,False
2553,5,359,TargetDisplacement,1764330311.3220918,2313.516002178192,True
2554,5,359,LeftResponse,1764330311.766758,2313.96067070961,False
2555,5,360,FeedbackPeriodStarted,1764330311.794058,2313.9879705905914,False
2556,5,360,startFixDisplay,1764330311.7941802,2313.988091468811,False
2557,5,360,startFixPeriod,1764330311.9814887,2314.1754019260406,False
2558,5,360,TargetPresentation,1764330312.5436409,2314.737555027008,False
2559,5,360,TargetDisplacement,1764330312.8071685,2315.0010828971863,True
2560,5,360,LeftResponse,1764330313.3487475,2315.542660474777,False
2561,5,360,FeedbackPeriodStarted,1764330313.35538,2315.5492928028107,False
2562,5,361,startFixDisplay,1764330315.3674617,2317.5613725185394,False
2563,5,361,startFixPeriod,1764330315.5621214,2317.756034851074,False
2564,5,361,TargetPresentation,1764330316.6098466,2318.8037576675415,False
2565,5,361,TargetDisplacement,1764330316.7693195,2318.9632325172424,True
2566,5,361,LeftResponse,1764330317.3319159,2319.525827884674,False
2567,5,362,FeedbackPeriodStarted,1764330317.3590367,2319.5529475212097,False
2568,5,362,startFixDisplay,1764330317.3591013,2319.5530111789703,False
2569,5,362,startFixPeriod,1764330317.5258255,2319.719738006592,False
2570,5,362,TargetPresentation,1764330318.490467,2320.6843807697296,False
2571,5,362,TargetDisplacement,1764330318.622047,2320.81595993042,True
2572,5,362,RightResponse,1764330319.2816617,2321.4755733013153,False
2573,5,363,FeedbackPeriodStarted,1764330319.3091512,2321.5030648708344,False
2574,5,363,startFixDisplay,1764330319.3092813,2321.5031933784485,False
2575,5,363,startFixPeriod,1764330319.3158727,2321.5097856521606,False
2576,5,363,TargetPresentation,1764330320.4055145,2322.5994277000427,False
2577,5,363,TargetRemoval,1764330320.5580304,2322.7519431114197,True
2578,5,363,TargetReappeared,1764330320.8080218,2323.0019352436066,False
2579,5,363,RightResponse,1764330321.2521396,2323.446050643921,False
2580,5,364,FeedbackPeriodStarted,1764330321.2797632,2323.4736742973328,False
2581,5,364,startFixDisplay,1764330321.2798324,2323.4737424850464,False
2582,5,364,startFixPeriod,1764330321.43247,2323.626383304596,False
2583,5,364,TargetPresentation,1764330322.2859056,2324.4798188209534,False
2584,5,364,TargetRemoval,1764330322.528701,2324.722611427307,True
2585,5,364,TargetReappeared,1764330322.7786934,2324.972606897354,False
2586,5,364,RightResponse,1764330323.1813812,2325.3752937316895,False
2587,5,365,FeedbackPeriodStarted,1764330323.2086413,2325.4025518894196,False
2588,5,365,startFixDisplay,1764330323.2087011,2325.4026112556458,False
2589,5,365,startFixPeriod,1764330323.2920556,2325.485966682434,False
2590,5,365,TargetPresentation,1764330324.0693965,2326.263310432434,False
2591,5,365,TargetDisplacement,1764330324.31204,2326.505950689316,True
2592,5,365,RightResponse,1764330325.0410275,2327.2349529266357,False
2593,5,366,FeedbackPeriodStarted,1764330325.0683331,2327.2622458934784,False
2594,5,366,startFixDisplay,1764330325.0684676,2327.2623794078827,False
2595,5,366,startFixPeriod,1764330325.3460908,2327.540003299713,False
2596,5,366,TargetPresentation,1764330326.192694,2328.386607170105,False
2597,5,366,TargetDisplacement,1764330326.3382607,2328.532173395157,True
2598,5,366,LeftResponse,1764330327.025543,2329.219455718994,False
2599,5,366,FeedbackPeriodStarted,1764330327.0322742,2329.226187467575,False
2600,5,367,startFixDisplay,1764330329.04444,2331.238353729248,False
2601,5,367,startFixPeriod,1764330329.0513093,2331.245222091675,False
2602,5,367,TargetPresentation,1764330329.8496182,2332.043531894684,False
2603,5,367,TargetDisplacement,1764330330.1201227,2332.314035654068,True
2604,5,367,RightResponse,1764330330.6407971,2332.8347086906433,False
2605,5,368,FeedbackPeriodStarted,1764330330.6681688,2332.862082004547,False
2606,5,368,startFixDisplay,1764330330.6683135,2332.8622255325317,False
2607,5,368,startFixPeriod,1764330330.7308235,2332.9247369766235,False
2608,5,368,TargetPresentation,1764330332.0351825,2334.229095697403,False
2609,5,368,TargetRemoval,1764330332.2295377,2334.423450946808,True
2610,5,368,TargetReappeared,1764330332.4794393,2334.6733508110046,False
2611,5,368,LeftResponse,1764330332.8130512,2335.00696516037,False
2612,5,369,FeedbackPeriodStarted,1764330332.8469613,2335.040871858597,False
2613,5,369,startFixDisplay,1764330332.847028,2335.040937900543,False
2614,5,369,startFixPeriod,1764330332.992982,2335.1868946552277,False
2615,5,369,TargetPresentation,1764330333.9088573,2336.1027686595917,False
2616,5,369,TargetRemoval,1764330334.0960374,2336.2899475097656,True
2617,5,369,TargetReappeared,1764330334.345988,2336.5398993492126,False
2618,5,369,RightResponse,1764330334.7693832,2336.96329498291,False
2619,5,370,FeedbackPeriodStarted,1764330334.7968917,2336.99080491066,False
2620,5,370,startFixDisplay,1764330334.797018,2336.990930080414,False
2621,5,370,startFixPeriod,1764330335.1858046,2337.379718542099,False
2622,5,370,TargetPresentation,1764330336.469397,2338.663310289383,False
2623,5,370,TargetDisplacement,1764330336.5941164,2338.788026571274,True
2624,5,370,LeftResponse,1764330337.4828458,2339.6767585277557,False
2625,5,371,FeedbackPeriodStarted,1764330337.5100434,2339.703955888748,False
2626,5,371,startFixDisplay,1764330337.5101616,2339.704072713852,False
2627,5,371,startFixPeriod,1764330337.7600842,2339.953997373581,False
2628,5,371,TargetPresentation,1764330338.689874,2340.883786678314,False
2629,5,371,TargetDisplacement,1764330338.8146417,2341.0085546970367,True
2630,5,371,LeftResponse,1764330339.6406667,2341.834577322006,False
2631,5,372,FeedbackPeriodStarted,1764330339.6612928,2341.8552038669586,False
2632,5,372,startFixDisplay,1764330339.661359,2341.8552691936493,False
2633,5,372,startFixPeriod,1764330339.8695638,2342.0635044574738,False
2634,5,372,TargetPresentation,1764330340.6605632,2342.8544738292694,False
2635,5,372,TargetRemoval,1764330340.8477488,2343.041661262512,True
2636,5,372,TargetReappeared,1764330341.0978124,2343.291725873947,False
2637,5,372,LeftResponse,1764330341.5003998,2343.6943113803864,False
2638,5,372,FeedbackPeriodStarted,1764330341.5070138,2343.700924873352,False
2639,5,373,startFixDisplay,1764330343.5191483,2345.713058948517,False
2640,5,373,startFixPeriod,1764330343.5262375,2345.720150232315,False
2641,5,373,TargetPresentation,1764330344.2898352,2346.483749628067,False
2642,5,373,TargetDisplacement,1764330344.5600438,2346.753953933716,True
2643,5,373,LeftResponse,1764330345.1711805,2347.365093231201,False
2644,5,374,FeedbackPeriodStarted,1764330345.1985064,2347.392419576645,False
2645,5,374,startFixDisplay,1764330345.1986697,2347.39258146286,False
2646,5,374,startFixPeriod,1764330345.2194347,2347.4133477211,False
2647,5,374,TargetPresentation,1764330346.1561992,2348.350111246109,False
2648,5,374,TargetDisplacement,1764330346.371225,2348.565137863159,True
2649,5,374,LeftResponse,1764330346.933867,2349.127780199051,False
2650,5,375,FeedbackPeriodStarted,1764330346.961034,2349.154944896698,False
2651,5,375,startFixDisplay,1764330346.9610949,2349.15500497818,False
2652,5,375,startFixPeriod,1764330347.0584567,2349.2523703575134,False
2653,5,375,TargetPresentation,1764330347.786933,2349.9808461666107,False
2654,5,375,TargetDisplacement,1764330347.960259,2350.154171705246,True
2655,5,375,LeftResponse,1764330348.5642996,2350.7582111358643,False
2656,5,376,FeedbackPeriodStarted,1764330348.591678,2350.785588979721,False
2657,5,376,startFixDisplay,1764330348.5917385,2350.7856483459473,False
2658,5,376,startFixPeriod,1764330348.8069696,2351.00088095665,False
2659,5,376,TargetPresentation,1764330349.5078344,2351.701747894287,False
2660,5,376,TargetRemoval,1764330349.6673431,2351.861256122589,True
2661,5,376,TargetReappeared,1764330349.9172778,2352.1111907958984,False
2662,5,376,RightResponse,1764330350.2992086,2352.4931211471558,False
2663,5,377,FeedbackPeriodStarted,1764330350.3265052,2352.520418405533,False
2664,5,377,startFixDisplay,1764330350.3266685,2352.520580768585,False
2665,5,377,startFixPeriod,1764330350.4167745,2352.6106855869293,False
2666,5,377,TargetPresentation,1764330351.8184938,2354.012407064438,False
2667,5,377,TargetDisplacement,1764330352.0056338,2354.199543952942,True
2668,5,377,LeftResponse,1764330352.505416,2354.699326276779,False
2669,5,378,FeedbackPeriodStarted,1764330352.5331147,2354.7270278930664,False
2670,5,378,startFixDisplay,1764330352.5332527,2354.7271645069122,False
2671,5,378,startFixPeriod,1764330352.734311,2354.9282217025757,False
2672,5,378,TargetPresentation,1764330353.9625928,2356.156503677368,False
2673,5,378,TargetRemoval,1764330354.11512,2356.3090300559998,True
2674,5,378,TargetReappeared,1764330354.3650577,2356.5589685440063,False
2675,5,378,LeftResponse,1764330354.9063222,2357.100232362747,False
2676,5,378,FeedbackPeriodStarted,1764330354.9132156,2357.1071264743805,False
2677,5,379,startFixDisplay,1764330356.9254858,2359.1193985939026,False
2678,5,379,startFixPeriod,1764330357.154693,2359.3486063480377,False
2679,5,379,TargetPresentation,1764330358.0497723,2360.243685722351,False
2680,5,379,TargetDisplacement,1764330358.216149,2360.4100592136383,True
2681,5,379,LeftResponse,1764330358.8341398,2361.0280525684357,False
2682,5,380,FeedbackPeriodStarted,1764330358.861535,2361.0554459095,False
2683,5,380,startFixDisplay,1764330358.861622,2361.0555322170258,False
2684,5,380,startFixPeriod,1764330359.0003476,2361.194260597229,False
2685,5,380,TargetPresentation,1764330359.7498593,2361.943769931793,False
2686,5,380,TargetDisplacement,1764330359.971679,2362.165589094162,True
2687,5,380,LeftResponse,1764330360.6105275,2362.804438829422,False
2688,5,381,FeedbackPeriodStarted,1764330360.637922,2362.8318331241608,False
2689,5,381,startFixDisplay,1764330360.6379879,2362.8318979740143,False
2690,5,381,startFixPeriod,1764330360.853157,2363.047070503235,False
2691,5,381,TargetPresentation,1764330362.039676,2364.2335889339447,False
2692,5,381,TargetDisplacement,1764330362.2616603,2364.45557308197,True
2693,5,381,LeftResponse,1764330362.824221,2365.018133163452,False
2694,5,382,FeedbackPeriodStarted,1764330362.8513134,2365.0452241897583,False
2695,5,382,startFixDisplay,1764330362.8513756,2365.0452857017517,False
2696,5,382,startFixPeriod,1764330362.9001498,2365.0940611362457,False
2697,5,382,TargetPresentation,1764330363.8300257,2366.023936986923,False
2698,5,382,TargetDisplacement,1764330364.1490421,2366.342952489853,True
2699,5,382,RightResponse,1764330364.5310812,2366.7249937057495,False
2700,5,383,FeedbackPeriodStarted,1764330364.5585063,2366.7524197101593,False
2701,5,383,startFixDisplay,1764330364.5586762,2366.7525877952576,False
2702,5,383,startFixPeriod,1764330364.5863242,2366.7802374362946,False
2703,5,383,TargetPresentation,1764330365.606467,2367.800380706787,False
2704,5,383,TargetDisplacement,1764330365.8005092,2367.994422197342,True
2705,5,383,RightResponse,1764330366.494914,2368.688826560974,False
2706,5,384,FeedbackPeriodStarted,1764330366.5220556,2368.7159667015076,False
2707,5,384,startFixDisplay,1764330366.5221198,2368.7160296440125,False
2708,5,384,startFixPeriod,1764330366.5290368,2368.722947359085,False
2709,5,384,TargetPresentation,1764330367.2856472,2369.479560136795,False
2710,5,384,TargetDisplacement,1764330367.5215044,2369.715414762497,True
2711,5,384,RightResponse,1764330368.2504692,2370.4443819522858,False
2712,5,384,FeedbackPeriodStarted,1764330368.2570992,2370.451009988785,False
2713,5,385,startFixDisplay,1764330370.2692685,2372.463182449341,False
2714,5,385,startFixPeriod,1764330370.359488,2372.553400993347,False
2715,5,385,TargetPresentation,1764330371.705841,2373.899754524231,False
2716,5,385,TargetDisplacement,1764330371.8860638,2374.079974412918,True
2717,5,385,RightResponse,1764330372.4691818,2374.663092851639,False
2718,5,386,FeedbackPeriodStarted,1764330372.4966953,2374.690608739853,False
2719,5,386,startFixDisplay,1764330372.496836,2374.6907477378845,False
2720,5,386,startFixPeriod,1764330372.809143,2375.0030555725098,False
2721,5,386,TargetPresentation,1764330373.3504064,2375.544319629669,False
2722,5,386,TargetDisplacement,1764330373.488898,2375.6828107833862,True
2723,5,386,RightResponse,1764330374.065377,2376.2592899799347,False
2724,5,387,FeedbackPeriodStarted,1764330374.099599,2376.2935094833374,False
2725,5,387,startFixDisplay,1764330374.0996654,2376.293575525284,False
2726,5,387,startFixPeriod,1764330374.6410105,2376.83492231369,False
2727,5,387,TargetPresentation,1764330375.4597785,2377.653689146042,False
2728,5,387,TargetRemoval,1764330375.6815922,2377.8755025863647,True
2729,5,387,TargetReappeared,1764330375.9317536,2378.1256668567657,False
2730,5,387,RightResponse,1764330376.3968205,2378.59073138237,False
2731,5,388,FeedbackPeriodStarted,1764330376.4241586,2378.618072271347,False
2732,5,388,startFixDisplay,1764330376.4242961,2378.618208169937,False
2733,5,388,startFixPeriod,1764330376.6325176,2378.8264310359955,False
2734,5,388,TargetPresentation,1764330377.7357497,2379.929663658142,False
2735,5,388,TargetRemoval,1764330377.936908,2380.1308212280273,True
2736,5,388,TargetReappeared,1764330378.1869016,2380.3808147907257,False
2737,5,388,LeftResponse,1764330378.7145903,2380.908503293991,False
2738,5,389,FeedbackPeriodStarted,1764330378.7417,2380.935610771179,False
2739,5,389,startFixDisplay,1764330378.7417634,2380.9356734752655,False
2740,5,389,startFixPeriod,1764330378.9016657,2381.0955777168274,False
2741,5,389,TargetPresentation,1764330380.1575584,2382.35147190094,False
2742,5,389,TargetDisplacement,1764330380.3099911,2382.5039014816284,True
2743,5,389,RightResponse,1764330380.9420779,2383.1359906196594,False
2744,5,390,FeedbackPeriodStarted,1764330380.969318,2383.163232088089,False
2745,5,390,startFixDisplay,1764330380.969462,2383.1633739471436,False
2746,5,390,startFixPeriod,1764330380.976115,2383.170025587082,False
2747,5,390,TargetPresentation,1764330382.0519388,2384.2458522319794,False
2748,5,390,TargetDisplacement,1764330382.1974049,2384.3913180828094,True
2749,5,390,LeftResponse,1764330383.0582829,2385.2521953582764,False
2750,5,390,FeedbackPeriodStarted,1764330383.0648458,2385.2587587833405,False
2751,5,391,startFixDisplay,1764330385.0770075,2387.2709181308746,False
2752,5,391,startFixPeriod,1764330385.3202097,2387.514122724533,False
2753,5,391,TargetPresentation,1764330386.1805966,2388.3745074272156,False
2754,5,391,TargetDisplacement,1764330386.340157,2388.534071445465,True
2755,5,391,RightResponse,1764330386.8678741,2389.0617866516113,False
2756,5,392,FeedbackPeriodStarted,1764330386.8951428,2389.089055776596,False
2757,5,392,startFixDisplay,1764330386.8952777,2389.089190006256,False
2758,5,392,startFixPeriod,1764330386.9021468,2389.096057653427,False
2759,5,392,TargetPresentation,1764330387.9431202,2390.1370310783386,False
2760,5,392,TargetDisplacement,1764330388.1302717,2390.3241844177246,True
2761,5,392,LeftResponse,1764330388.7203677,2390.9142787456512,False
2762,5,393,FeedbackPeriodStarted,1764330388.747919,2390.941832780838,False
2763,5,393,startFixDisplay,1764330388.7480607,2390.9419724941254,False
2764,5,393,startFixPeriod,1764330388.7828498,2390.9767639636993,False
2765,5,393,TargetPresentation,1764330389.95549,2392.149402618408,False
2766,5,393,TargetDisplacement,1764330390.2467787,2392.4406914711,True
2767,5,393,LeftResponse,1764330390.7260652,2392.9199776649475,False
2768,5,394,FeedbackPeriodStarted,1764330390.7532759,2392.947189092636,False
2769,5,394,startFixDisplay,1764330390.7534144,2392.9473264217377,False
2770,5,394,startFixPeriod,1764330390.7880478,2392.981958389282,False
2771,5,394,TargetPresentation,1764330391.6278348,2393.8217463493347,False
2772,5,394,TargetDisplacement,1764330391.842686,2394.036596059799,True
2773,5,394,RightResponse,1764330392.4260106,2394.6199231147766,False
2774,5,395,FeedbackPeriodStarted,1764330392.4533465,2394.6472601890564,False
2775,5,395,startFixDisplay,1764330392.4535613,2394.647474050522,False
2776,5,395,startFixPeriod,1764330392.4602673,2394.654180288315,False
2777,5,395,TargetPresentation,1764330392.9808624,2395.174775838852,False
2778,5,395,TargetDisplacement,1764330393.3968852,2395.590795516968,True
2779,5,395,LeftResponse,1764330394.008207,2396.2021193504333,False
2780,5,395,FeedbackPeriodStarted,1764330394.049351,2396.2432639598846,False
2781,6,396,startFixDisplay,1764330500.2511537,2502.4450640678406,False
2782,6,396,startFixPeriod,1764330500.2998981,2502.4938113689423,False
2783,6,396,TargetPresentation,1764330501.229911,2503.423822402954,False
2784,6,396,TargetDisplacement,1764330501.4864256,2503.680338382721,True
2785,6,396,LeftResponse,1764330502.3890624,2504.5829753875732,False
2786,6,397,FeedbackPeriodStarted,1764330502.4162352,2504.6101484298706,False
2787,6,397,startFixDisplay,1764330502.4163754,2504.610286951065,False
2788,6,397,startFixPeriod,1764330502.7217073,2504.91561794281,False
2789,6,397,TargetPresentation,1764330504.1025457,2506.296458721161,False
2790,6,397,TargetRemoval,1764330504.2412581,2506.4351708889008,True
2791,6,397,TargetReappeared,1764330504.491214,2506.685127735138,False
2792,6,397,RightResponse,1764330504.9077556,2507.101667404175,False
2793,6,398,FeedbackPeriodStarted,1764330504.9351492,2507.1290624141693,False
2794,6,398,startFixDisplay,1764330504.9352908,2507.129202604294,False
2795,6,398,startFixPeriod,1764330504.963008,2507.156920194626,False
2796,6,398,TargetPresentation,1764330505.5458755,2507.7397866249084,False
2797,6,398,TargetDisplacement,1764330505.7678206,2507.961733818054,True
2798,6,398,LeftResponse,1764330506.670395,2508.864307641983,False
2799,6,399,FeedbackPeriodStarted,1764330506.6976771,2508.8915905952454,False
2800,6,399,startFixDisplay,1764330506.6978073,2508.891719341278,False
2801,6,399,startFixPeriod,1764330506.8364398,2509.0303535461426,False
2802,6,399,TargetPresentation,1764330507.974557,2510.168470144272,False
2803,6,399,TargetDisplacement,1764330508.189579,2510.383493900299,True
2804,6,399,LeftResponse,1764330508.8352664,2511.0291786193848,False
2805,6,400,FeedbackPeriodStarted,1764330508.8625438,2511.0564546585083,False
2806,6,400,startFixDisplay,1764330508.8626134,2511.0565235614777,False
2807,6,400,startFixPeriod,1764330509.0639923,2511.257903814316,False
2808,6,400,TargetPresentation,1764330510.1327276,2512.326640844345,False
2809,6,400,TargetRemoval,1764330510.569739,2512.763651609421,True
2810,6,400,TargetReappeared,1764330510.8196588,2513.0135700702667,False
2811,6,400,RightResponse,1764330511.3471944,2513.5411071777344,False
2812,6,401,FeedbackPeriodStarted,1764330511.374433,2513.5683438777924,False
2813,6,401,startFixDisplay,1764330511.3744962,2513.56840634346,False
2814,6,401,startFixPeriod,1764330511.5342507,2513.7281625270844,False
2815,6,401,TargetPresentation,1764330512.9846525,2515.1785695552826,False
2816,6,401,TargetDisplacement,1764330513.185667,2515.3795773983,True
2817,6,401,LeftResponse,1764330513.7134106,2515.9073235988617,False
2818,6,402,FeedbackPeriodStarted,1764330513.740804,2515.9347171783447,False
2819,6,402,startFixDisplay,1764330513.7409415,2515.9348516464233,False
2820,6,402,startFixPeriod,1764330513.8797913,2516.0737042427063,False
2821,6,402,TargetPresentation,1764330515.0732393,2517.267151117325,False
2822,6,402,TargetDisplacement,1764330515.5310037,2517.72491645813,True
2823,6,402,RightResponse,1764330515.8784983,2518.0724110603333,False
2824,6,402,FeedbackPeriodStarted,1764330515.8849275,2518.078840494156,False
2825,6,403,startFixDisplay,1764330517.897225,2520.091138124466,False
2826,6,403,startFixPeriod,1764330518.0987144,2520.2926280498505,False
2827,6,403,TargetPresentation,1764330519.396296,2521.5902092456818,False
2828,6,403,TargetDisplacement,1764330519.618175,2521.812087535858,True
2829,6,403,LeftResponse,1764330520.19431,2522.388221502304,False
2830,6,404,FeedbackPeriodStarted,1764330520.2218719,2522.4157848358154,False
2831,6,404,startFixDisplay,1764330520.2220068,2522.4159166812897,False
2832,6,404,startFixPeriod,1764330520.2287977,2522.4227106571198,False
2833,6,404,TargetPresentation,1764330520.8048162,2522.9987297058105,False
2834,6,404,TargetRemoval,1764330521.0407255,2523.23463845253,True
2835,6,404,TargetReappeared,1764330521.290523,2523.4844365119934,False
2836,6,404,RightResponse,1764330521.8460095,2524.039921760559,False
2837,6,405,FeedbackPeriodStarted,1764330521.8733563,2524.067269563675,False
2838,6,405,startFixDisplay,1764330521.8734918,2524.067403793335,False
2839,6,405,startFixPeriod,1764330522.0052412,2524.1991534233093,False
2840,6,405,TargetPresentation,1764330522.7616286,2524.9555423259735,False
2841,6,405,TargetRemoval,1764330522.9904828,2525.184395313263,True
2842,6,405,TargetReappeared,1764330523.2404065,2525.4343197345734,False
2843,6,405,LeftResponse,1764330523.7608562,2525.9547662734985,False
2844,6,406,FeedbackPeriodStarted,1764330523.7815356,2525.9754486083984,False
2845,6,406,startFixDisplay,1764330523.7816846,2525.975596666336,False
2846,6,406,startFixPeriod,1764330523.9413304,2526.135241508484,False
2847,6,406,TargetPresentation,1764330525.4330413,2527.626953125,False
2848,6,406,TargetDisplacement,1764330525.682849,2527.8767619132996,True
2849,6,406,LeftResponse,1764330526.4465232,2528.640435695648,False
2850,6,407,FeedbackPeriodStarted,1764330526.4807575,2528.6746683120728,False
2851,6,407,startFixDisplay,1764330526.4808187,2528.6747286319733,False
2852,6,407,startFixPeriod,1764330526.633669,2528.8275821208954,False
2853,6,407,TargetPresentation,1764330527.6328635,2529.8267743587494,False
2854,6,407,TargetDisplacement,1764330527.8755202,2530.069432735443,True
2855,6,407,LeftResponse,1764330528.8543348,2531.0482470989227,False
2856,6,408,FeedbackPeriodStarted,1764330528.8957167,2531.0896298885345,False
2857,6,408,startFixDisplay,1764330528.895821,2531.089730978012,False
2858,6,408,startFixPeriod,1764330529.0277088,2531.221621990204,False
2859,6,408,TargetPresentation,1764330529.6105912,2531.804505586624,False
2860,6,408,TargetRemoval,1764330529.8393092,2532.0332219600677,True
2861,6,408,TargetReappeared,1764330530.089359,2532.283272266388,False
2862,6,408,LeftResponse,1764330530.5681865,2532.762097120285,False
2863,6,408,FeedbackPeriodStarted,1764330530.575016,2532.7689266204834,False
2864,6,409,startFixDisplay,1764330532.587109,2534.781019926071,False
2865,6,409,startFixPeriod,1764330532.594085,2534.78799533844,False
2866,6,409,TargetPresentation,1764330533.8711383,2536.0650510787964,False
2867,6,409,TargetRemoval,1764330534.0307124,2536.2246260643005,True
2868,6,409,TargetReappeared,1764330534.2805374,2536.4744505882263,False
2869,6,409,RightResponse,1764330534.7248354,2536.918746948242,False
2870,6,410,FeedbackPeriodStarted,1764330534.7521753,2536.9460887908936,False
2871,6,410,startFixDisplay,1764330534.7523131,2536.946224927902,False
2872,6,410,startFixPeriod,1764330534.918683,2537.112596511841,False
2873,6,410,TargetPresentation,1764330536.2372134,2538.431126832962,False
2874,6,410,TargetDisplacement,1764330536.3619323,2538.5558426380157,True
2875,6,410,LeftResponse,1764330537.084145,2539.2780573368073,False
2876,6,411,FeedbackPeriodStarted,1764330537.1114018,2539.3053147792816,False
2877,6,411,startFixDisplay,1764330537.1115956,2539.305508852005,False
2878,6,411,startFixPeriod,1764330537.1183565,2539.312267065048,False
2879,6,411,TargetPresentation,1764330537.6528976,2539.8468105793,False
2880,6,411,TargetDisplacement,1764330537.8260932,2540.020003557205,True
2881,6,411,LeftResponse,1764330538.4996552,2540.693567752838,False
2882,6,412,FeedbackPeriodStarted,1764330538.526922,2540.720833301544,False
2883,6,412,startFixDisplay,1764330538.526988,2540.7208983898163,False
2884,6,412,startFixPeriod,1764330538.5339289,2540.7278394699097,False
2885,6,412,TargetPresentation,1764330539.0337636,2541.22767663002,False
2886,6,412,TargetRemoval,1764330539.2278454,2541.4217579364777,True
2887,6,412,TargetReappeared,1764330539.4778683,2541.6717822551727,False
2888,6,412,LeftResponse,1764330540.0886319,2542.2825429439545,False
2889,6,413,FeedbackPeriodStarted,1764330540.116023,2542.309936285019,False
2890,6,413,startFixDisplay,1764330540.1161625,2542.310074329376,False
2891,6,413,startFixPeriod,1764330540.2758105,2542.46972322464,False
2892,6,413,TargetPresentation,1764330541.6636186,2543.857533454895,False
2893,6,413,TargetDisplacement,1764330541.8300598,2544.02397274971,True
2894,6,413,LeftResponse,1764330542.7464368,2544.9403495788574,False
2895,6,414,FeedbackPeriodStarted,1764330542.773824,2544.9677374362946,False
2896,6,414,startFixDisplay,1764330542.7739668,2544.9678790569305,False
2897,6,414,startFixPeriod,1764330543.079226,2545.2731380462646,False
2898,6,414,TargetPresentation,1764330543.904907,2546.0988178253174,False
2899,6,414,TargetDisplacement,1764330544.0989895,2546.2928998470306,True
2900,6,414,LeftResponse,1764330544.7586484,2546.9525611400604,False
2901,6,414,FeedbackPeriodStarted,1764330544.7652013,2546.959114551544,False
2902,6,415,startFixDisplay,1764330546.777355,2548.971265554428,False
2903,6,415,startFixPeriod,1764330546.860913,2549.0548264980316,False
2904,6,415,TargetPresentation,1764330548.1724331,2550.3663465976715,False
2905,6,415,TargetDisplacement,1764330548.3943465,2550.588259458542,True
2906,6,415,RightResponse,1764330549.2064693,2551.400379896164,False
2907,6,416,FeedbackPeriodStarted,1764330549.233861,2551.4277715682983,False
2908,6,416,startFixDisplay,1764330549.2339818,2551.4278922080994,False
2909,6,416,startFixPeriod,1764330549.3798404,2551.573753595352,False
2910,6,416,TargetPresentation,1764330550.281919,2552.475832223892,False
2911,6,416,TargetRemoval,1764330550.4483705,2552.6422834396362,True
2912,6,416,TargetReappeared,1764330550.698286,2552.892198562622,False
2913,6,416,RightResponse,1764330551.073021,2553.266932249069,False
2914,6,417,FeedbackPeriodStarted,1764330551.1005943,2553.2945082187653,False
2915,6,417,startFixDisplay,1764330551.1007452,2553.294657230377,False
2916,6,417,startFixPeriod,1764330551.2672992,2553.461212158203,False
2917,6,417,TargetPresentation,1764330551.8016007,2553.99551486969,False
2918,6,417,TargetDisplacement,1764330551.995734,2554.1896476745605,True
2919,6,417,LeftResponse,1764330553.016231,2555.210142850876,False
2920,6,418,FeedbackPeriodStarted,1764330553.0434783,2555.2373919487,False
2921,6,418,startFixDisplay,1764330553.0436475,2555.237559556961,False
2922,6,418,startFixPeriod,1764330553.1616383,2555.355550289154,False
2923,6,418,TargetPresentation,1764330553.7236183,2555.917531490326,False
2924,6,418,TargetDisplacement,1764330553.9941156,2556.18802857399,True
2925,6,418,LeftResponse,1764330554.834231,2557.0281438827515,False
2926,6,419,FeedbackPeriodStarted,1764330554.8685558,2557.062469482422,False
2927,6,419,startFixDisplay,1764330554.868731,2557.0626430511475,False
2928,6,419,startFixPeriod,1764330554.8755925,2557.06950712204,False
2929,6,419,TargetPresentation,1764330555.4861896,2557.680102825165,False
2930,6,419,TargetDisplacement,1764330555.7357008,2557.9296112060547,True
2931,6,419,LeftResponse,1764330556.3954396,2558.5893523693085,False
2932,6,420,FeedbackPeriodStarted,1764330556.422684,2558.616594552994,False
2933,6,420,startFixDisplay,1764330556.42275,2558.6166598796844,False
2934,6,420,startFixPeriod,1764330556.4297566,2558.623667240143,False
2935,6,420,TargetPresentation,1764330557.4985538,2559.692467212677,False
2936,6,420,TargetDisplacement,1764330557.6856465,2559.8795568943024,True
2937,6,420,RightResponse,1764330558.2760983,2560.470010995865,False
2938,6,420,FeedbackPeriodStarted,1764330558.2896094,2560.483523130417,False
2939,6,421,startFixDisplay,1764330560.3015378,2562.495448112488,False
2940,6,421,startFixPeriod,1764330560.3364165,2562.530329465866,False
2941,6,421,TargetPresentation,1764330561.4814796,2563.675390958786,False
2942,6,421,TargetDisplacement,1764330561.640948,2563.8348581790924,True
2943,6,421,LeftResponse,1764330562.2658863,2564.459798336029,False
2944,6,422,FeedbackPeriodStarted,1764330562.2931147,2564.4870252609253,False
2945,6,422,startFixDisplay,1764330562.293175,2564.4870851039886,False
2946,6,422,startFixPeriod,1764330562.3001635,2564.4940762519836,False
2947,6,422,TargetPresentation,1764330563.16077,2565.354682445526,False
2948,6,422,TargetDisplacement,1764330563.5215387,2565.7154517173767,True
2949,6,422,RightResponse,1764330564.0006406,2566.1945514678955,False
2950,6,423,FeedbackPeriodStarted,1764330564.028042,2566.2219681739807,False
2951,6,423,startFixDisplay,1764330564.028121,2566.2220311164856,False
2952,6,423,startFixPeriod,1764330564.0350046,2566.228917837143,False
2953,6,423,TargetPresentation,1764330564.8746843,2567.068597793579,False
2954,6,423,TargetRemoval,1764330565.0410752,2567.234985589981,True
2955,6,423,TargetReappeared,1764330565.2910402,2567.484953403473,False
2956,6,423,LeftResponse,1764330565.7214067,2567.9153192043304,False
2957,6,424,FeedbackPeriodStarted,1764330565.7489624,2567.9428753852844,False
2958,6,424,startFixDisplay,1764330565.7490542,2567.942964076996,False
2959,6,424,startFixPeriod,1764330565.8670175,2568.060930252075,False
2960,6,424,TargetPresentation,1764330567.2687051,2569.462615966797,False
2961,6,424,TargetDisplacement,1764330567.421122,2569.615035057068,True
2962,6,424,LeftResponse,1764330568.094599,2570.2885110378265,False
2963,6,425,FeedbackPeriodStarted,1764330568.12185,2570.3157608509064,False
2964,6,425,startFixDisplay,1764330568.1219115,2570.315821647644,False
2965,6,425,startFixPeriod,1764330568.2748206,2570.468731880188,False
2966,6,425,TargetPresentation,1764330569.3572788,2571.5511898994446,False
2967,6,425,TargetDisplacement,1764330569.468189,2571.662099123001,True
2968,6,425,RightResponse,1764330570.169315,2572.3632276058197,False
2969,6,426,FeedbackPeriodStarted,1764330570.1967888,2572.390699863434,False
2970,6,426,startFixDisplay,1764330570.1968522,2572.3907623291016,False
2971,6,426,startFixPeriod,1764330570.5299873,2572.7238988876343,False
2972,6,426,TargetPresentation,1764330571.7097492,2573.903662443161,False
2973,6,426,TargetDisplacement,1764330572.014832,2574.2087445259094,True
2974,6,426,RightResponse,1764330572.5218503,2574.715761899948,False
2975,6,426,FeedbackPeriodStarted,1764330572.5282552,2574.7221682071686,False
2976,6,427,startFixDisplay,1764330574.5405862,2576.734501361847,False
2977,6,427,startFixPeriod,1764330574.8043766,2576.9982900619507,False
2978,6,427,TargetPresentation,1764330576.2962763,2578.490189552307,False
2979,6,427,TargetDisplacement,1764330576.4906375,2578.6845519542694,True
2980,6,427,LeftResponse,1764330577.08052,2579.2744312286377,False
2981,6,428,FeedbackPeriodStarted,1764330577.115139,2579.309052467346,False
2982,6,428,startFixDisplay,1764330577.1152833,2579.3091950416565,False
2983,6,428,startFixPeriod,1764330577.2539394,2579.4478528499603,False
2984,6,428,TargetPresentation,1764330578.607114,2580.801025867462,False
2985,6,428,TargetDisplacement,1764330578.8081875,2581.002100467682,True
2986,6,428,LeftResponse,1764330579.3289716,2581.522884130478,False
2987,6,429,FeedbackPeriodStarted,1764330579.3563154,2581.5502274036407,False
2988,6,429,startFixDisplay,1764330579.3564231,2581.5503339767456,False
2989,6,429,startFixPeriod,1764330579.363246,2581.557158946991,False
2990,6,429,TargetPresentation,1764330580.1960635,2582.389975786209,False
2991,6,429,TargetDisplacement,1764330580.4873903,2582.681303024292,True
2992,6,429,LeftResponse,1764330580.9666898,2583.16060256958,False
2993,6,430,FeedbackPeriodStarted,1764330580.993932,2583.1878457069397,False
2994,6,430,startFixDisplay,1764330580.9940832,2583.18799495697,False
2995,6,430,startFixPeriod,1764330581.1259303,2583.3198430538177,False
2996,6,430,TargetPresentation,1764330581.625531,2583.8194439411163,False
2997,6,430,TargetDisplacement,1764330581.8406231,2584.0345361232758,True
2998,6,430,RightResponse,1764330582.5416636,2584.73557639122,False
2999,6,431,FeedbackPeriodStarted,1764330582.569108,2584.763020992279,False
3000,6,431,startFixDisplay,1764330582.5693102,2584.7632224559784,False
3001,6,431,startFixPeriod,1764330582.5759485,2584.7698590755463,False
3002,6,431,TargetPresentation,1764330583.2007985,2585.3947117328644,False
3003,6,431,TargetDisplacement,1764330583.4989424,2585.692855119705,True
3004,6,431,LeftResponse,1764330584.005781,2586.1996915340424,False
3005,6,432,FeedbackPeriodStarted,1764330584.0333319,2586.2272453308105,False
3006,6,432,startFixDisplay,1764330584.0334783,2586.227390050888,False
3007,6,432,startFixPeriod,1764330584.040098,2586.2340087890625,False
3008,6,432,TargetPresentation,1764330585.067311,2587.26122379303,False
3009,6,432,TargetDisplacement,1764330585.2198164,2587.413729429245,True
3010,6,432,LeftResponse,1764330585.7613616,2587.9552733898163,False
3011,6,432,FeedbackPeriodStarted,1764330585.7681134,2587.9620265960693,False
3012,6,433,startFixDisplay,1764330587.7802458,2589.9741587638855,False
3013,6,433,startFixPeriod,1764330588.106686,2590.300599336624,False
3014,6,433,TargetPresentation,1764330589.0572379,2591.2511513233185,False
3015,6,433,TargetDisplacement,1764330589.3068163,2591.500729084015,True
3016,6,433,LeftResponse,1764330589.6817684,2591.8756787776947,False
3017,6,434,FeedbackPeriodStarted,1764330589.7093601,2591.9032735824585,False
3018,6,434,startFixDisplay,1764330589.7094953,2591.903407096863,False
3019,6,434,startFixPeriod,1764330589.8621857,2592.0560965538025,False
3020,6,434,TargetPresentation,1764330591.1875155,2593.3814289569855,False
3021,6,434,TargetDisplacement,1764330591.3468907,2593.540803670883,True
3022,6,434,RightResponse,1764330591.9926667,2594.1865792274475,False
3023,6,435,FeedbackPeriodStarted,1764330592.0200179,2594.213930606842,False
3024,6,435,startFixDisplay,1764330592.0201495,2594.2140607833862,False
3025,6,435,startFixPeriod,1764330592.262988,2594.4569005966187,False
3026,6,435,TargetPresentation,1764330593.4636085,2595.6575224399567,False
3027,6,435,TargetDisplacement,1764330593.609013,2595.8029255867004,True
3028,6,435,LeftResponse,1764330594.3312564,2596.5251681804657,False
3029,6,436,FeedbackPeriodStarted,1764330594.3585296,2596.552443265915,False
3030,6,436,startFixDisplay,1764330594.358701,2596.552613258362,False
3031,6,436,startFixPeriod,1764330594.5945404,2596.7884542942047,False
3032,6,436,TargetPresentation,1764330595.4133873,2597.607300758362,False
3033,6,436,TargetRemoval,1764330595.5797725,2597.7736852169037,True
3034,6,436,TargetReappeared,1764330595.829773,2598.0236864089966,False
3035,6,436,LeftResponse,1764330596.1282117,2598.3221220970154,False
3036,6,437,FeedbackPeriodStarted,1764330596.1557453,2598.349658727646,False
3037,6,437,startFixDisplay,1764330596.1558874,2598.349797487259,False
3038,6,437,startFixPeriod,1764330596.239032,2598.4329431056976,False
3039,6,437,TargetPresentation,1764330597.252171,2599.4460821151733,False
3040,6,437,TargetDisplacement,1764330597.404704,2599.598616838455,True
3041,6,437,RightResponse,1764330597.9602501,2600.154162168503,False
3042,6,438,FeedbackPeriodStarted,1764330597.9875646,2600.181487798691,False
3043,6,438,startFixDisplay,1764330597.9877157,2600.1816277503967,False
3044,6,438,startFixPeriod,1764330598.2098866,2600.4038121700287,False
3045,6,438,TargetPresentation,1764330599.3199258,2601.513838529587,False
3046,6,438,TargetDisplacement,1764330599.521058,2601.7149708271027,True
3047,6,438,LeftResponse,1764330600.0974386,2602.2913501262665,False
3048,6,438,FeedbackPeriodStarted,1764330600.1110263,2602.3049371242523,False
3049,6,439,startFixDisplay,1764330602.1231127,2604.3170232772827,False
3050,6,439,startFixPeriod,1764330602.4426367,2604.6365501880646,False
3051,6,439,TargetPresentation,1764330603.1365185,2605.3304295539856,False
3052,6,439,TargetRemoval,1764330603.2681558,2605.462065935135,True
3053,6,439,TargetReappeared,1764330603.5181305,2605.7120413780212,False
3054,6,439,LeftResponse,1764330603.9483185,2606.142228603363,False
3055,6,440,FeedbackPeriodStarted,1764330603.968984,2606.1628971099854,False
3056,6,440,startFixDisplay,1764330603.9691129,2606.163024663925,False
3057,6,440,startFixPeriod,1764330603.9760494,2606.1699619293213,False
3058,6,440,TargetPresentation,1764330605.1002972,2607.29421043396,False
3059,6,440,TargetDisplacement,1764330605.3150475,2607.5089576244354,True
3060,6,440,RightResponse,1764330606.2941453,2608.4880578517914,False
3061,6,441,FeedbackPeriodStarted,1764330606.3212974,2608.5152082443237,False
3062,6,441,startFixDisplay,1764330606.3213634,2608.5152735710144,False
3063,6,441,startFixPeriod,1764330606.6406016,2608.8345148563385,False
3064,6,441,TargetPresentation,1764330607.6607912,2609.8547043800354,False
3065,6,441,TargetDisplacement,1764330607.6676629,2609.8615760803223,True
3066,6,441,RightResponse,1764330608.5078824,2610.7017965316772,False
3067,6,442,FeedbackPeriodStarted,1764330608.5348141,2610.7287249565125,False
3068,6,442,startFixDisplay,1764330608.5348778,2610.7287876605988,False
3069,6,442,startFixPeriod,1764330608.7293775,2610.9232909679413,False
3070,6,442,TargetPresentation,1764330609.562066,2611.7559792995453,False
3071,6,442,TargetRemoval,1764330609.790934,2611.984847545624,True
3072,6,442,TargetReappeared,1764330610.0413327,2612.2352471351624,False
3073,6,442,LeftResponse,1764330610.3742046,2612.5681171417236,False
3074,6,443,FeedbackPeriodStarted,1764330610.4084861,2612.602399587631,False
3075,6,443,startFixDisplay,1764330610.4086435,2612.602555513382,False
3076,6,443,startFixPeriod,1764330610.4710221,2612.664935350418,False
3077,6,443,TargetPresentation,1764330611.0540383,2613.2479491233826,False
3078,6,443,TargetDisplacement,1764330611.3660152,2613.5599253177643,True
3079,6,443,LeftResponse,1764330611.8938956,2614.0878081321716,False
3080,6,444,FeedbackPeriodStarted,1764330611.9211905,2614.1151037216187,False
3081,6,444,startFixDisplay,1764330611.9213345,2614.115246295929,False
3082,6,444,startFixPeriod,1764330612.0185463,2614.2124605178833,False
3083,6,444,TargetPresentation,1764330612.89979,2615.093703508377,False
3084,6,444,TargetRemoval,1764330613.2188084,2615.412718772888,True
3085,6,444,TargetReappeared,1764330613.4688368,2615.662750005722,False
3086,6,444,RightResponse,1764330613.947821,2616.1417446136475,False
3087,6,444,FeedbackPeriodStarted,1764330613.9544127,2616.148325920105,False
3088,6,445,startFixDisplay,1764330615.9738033,2618.167717218399,False
3089,6,445,startFixPeriod,1764330616.3484442,2618.542357444763,False
3090,6,445,TargetPresentation,1764330617.333833,2619.52774643898,False
3091,6,445,TargetDisplacement,1764330617.5279052,2619.721817970276,True
3092,6,445,LeftResponse,1764330618.0001547,2620.1940660476685,False
3093,6,446,FeedbackPeriodStarted,1764330618.0275006,2620.2214136123657,False
3094,6,446,startFixDisplay,1764330618.0276628,2620.221574783325,False
3095,6,446,startFixPeriod,1764330618.2982783,2620.492190361023,False
3096,6,446,TargetPresentation,1764330619.4641209,2621.6580340862274,False
3097,6,446,TargetDisplacement,1764330619.7900915,2621.984004020691,True
3098,6,446,RightResponse,1764330620.2206717,2622.414582967758,False
3099,6,447,FeedbackPeriodStarted,1764330620.2480032,2622.4419169425964,False
3100,6,447,startFixDisplay,1764330620.2481453,2622.4420573711395,False
3101,6,447,startFixPeriod,1764330620.4355397,2622.6294531822205,False
3102,6,447,TargetPresentation,1764330621.7748027,2623.9687163829803,False
3103,6,447,TargetRemoval,1764330621.9481285,2624.1420414447784,True
3104,6,447,TargetReappeared,1764330622.1979792,2624.3918900489807,False
3105,6,447,RightResponse,1764330622.6003993,2624.7943098545074,False
3106,6,448,FeedbackPeriodStarted,1764330622.628224,2624.822137117386,False
3107,6,448,startFixDisplay,1764330622.6283607,2624.822272539139,False
3108,6,448,startFixPeriod,1764330622.8087866,2625.0026998519897,False
3109,6,448,TargetPresentation,1764330623.5164902,2625.710403442383,False
3110,6,448,TargetRemoval,1764330623.731507,2625.9254195690155,True
3111,6,448,TargetReappeared,1764330623.9814403,2626.1753532886505,False
3112,6,448,LeftResponse,1764330624.536784,2626.73069691658,False
3113,6,449,FeedbackPeriodStarted,1764330624.5711021,2626.7650153636932,False
3114,6,449,startFixDisplay,1764330624.57124,2626.7651517391205,False
3115,6,449,startFixPeriod,1764330624.966772,2627.160685300827,False
3116,6,449,TargetPresentation,1764330625.7230995,2627.9170253276825,False
3117,6,449,TargetDisplacement,1764330625.889475,2628.0833880901337,True
3118,6,449,LeftResponse,1764330626.7225502,2628.916463136673,False
3119,6,450,FeedbackPeriodStarted,1764330626.7499704,2628.9438836574554,False
3120,6,450,startFixDisplay,1764330626.7501004,2628.944012403488,False
3121,6,450,startFixPeriod,1764330626.8749552,2629.0688664913177,False
3122,6,450,TargetPresentation,1764330627.735401,2629.9293143749237,False
3123,6,450,TargetDisplacement,1764330627.9086642,2630.1025745868683,True
3124,6,450,LeftResponse,1764330628.5268042,2630.720716714859,False
3125,6,450,FeedbackPeriodStarted,1764330628.533252,2630.7271649837494,False
3126,6,451,startFixDisplay,1764330630.5455406,2632.7394540309906,False
3127,6,451,startFixPeriod,1764330630.774721,2632.9686346054077,False
3128,6,451,TargetPresentation,1764330631.538014,2633.7319276332855,False
3129,6,451,TargetRemoval,1764330631.6489475,2633.8428604602814,True
3130,6,451,TargetReappeared,1764330631.8988574,2634.0927691459656,False
3131,6,451,RightResponse,1764330632.336155,2634.5300652980804,False
3132,6,452,FeedbackPeriodStarted,1764330632.3635924,2634.5575058460236,False
3133,6,452,startFixDisplay,1764330632.3637927,2634.5577051639557,False
3134,6,452,startFixPeriod,1764330632.5580285,2634.7519421577454,False
3135,6,452,TargetPresentation,1764330633.1547732,2635.348685026169,False
3136,6,452,TargetRemoval,1764330633.3697362,2635.5636489391327,True
3137,6,452,TargetReappeared,1764330633.6197393,2635.8136529922485,False
3138,6,452,LeftResponse,1764330633.987726,2636.18163895607,False
3139,6,453,FeedbackPeriodStarted,1764330634.0151112,2636.2090244293213,False
3140,6,453,startFixDisplay,1764330634.01525,2636.209161758423,False
3141,6,453,startFixPeriod,1764330634.188722,2636.382635116577,False
3142,6,453,TargetPresentation,1764330635.222699,2637.4166100025177,False
3143,6,453,TargetDisplacement,1764330635.3405461,2637.534459590912,True
3144,6,453,LeftResponse,1764330635.9237475,2638.117660522461,False
3145,6,454,FeedbackPeriodStarted,1764330635.9509523,2638.1448628902435,False
3146,6,454,startFixDisplay,1764330635.9510157,2638.1449258327484,False
3147,6,454,startFixPeriod,1764330635.9581223,2638.152035474777,False
3148,6,454,TargetPresentation,1764330637.1447222,2639.3386328220367,False
3149,6,454,TargetRemoval,1764330637.345778,2639.539690256119,True
3150,6,454,TargetReappeared,1764330637.5957935,2639.7897067070007,False
3151,6,454,RightResponse,1764330638.2829342,2640.4768466949463,False
3152,6,455,FeedbackPeriodStarted,1764330638.3103554,2640.504268884659,False
3153,6,455,startFixDisplay,1764330638.3105543,2640.5044672489166,False
3154,6,455,startFixPeriod,1764330638.456172,2640.6500837802887,False
3155,6,455,TargetPresentation,1764330639.6081278,2641.8020408153534,False
3156,6,455,TargetRemoval,1764330639.7745914,2641.9685049057007,True
3157,6,455,TargetReappeared,1764330640.0244672,2642.218380689621,False
3158,6,455,RightResponse,1764330640.4687703,2642.6626827716827,False
3159,6,456,FeedbackPeriodStarted,1764330640.4961126,2642.69002366066,False
3160,6,456,startFixDisplay,1764330640.4961793,2642.6900894641876,False
3161,6,456,startFixPeriod,1764330640.5726714,2642.766584634781,False
3162,6,456,TargetPresentation,1764330641.1486154,2643.3425295352936,False
3163,6,456,TargetRemoval,1764330641.384332,2643.5782449245453,True
3164,6,456,TargetReappeared,1764330641.634314,2643.8282256126404,False
3165,6,456,LeftResponse,1764330642.3769557,2644.570867538452,False
3166,6,456,FeedbackPeriodStarted,1764330642.3835952,2644.5775101184845,False
3167,6,457,startFixDisplay,1764330644.3958833,2646.5897965431213,False
3168,6,457,startFixPeriod,1764330644.6667473,2646.8606610298157,False
3169,6,457,TargetPresentation,1764330646.0961163,2648.290027141571,False
3170,6,457,TargetDisplacement,1764330646.2554681,2648.449380636215,True
3171,6,457,LeftResponse,1764330647.234413,2649.428325653076,False
3172,6,458,FeedbackPeriodStarted,1764330647.2617238,2649.455637216568,False
3173,6,458,startFixDisplay,1764330647.261867,2649.455778837204,False
3174,6,458,startFixPeriod,1764330647.3938136,2649.5877277851105,False
3175,6,458,TargetPresentation,1764330648.2680352,2650.461948633194,False
3176,6,458,TargetDisplacement,1764330648.53842,2650.73233294487,True
3177,6,458,LeftResponse,1764330649.4549487,2651.6488609313965,False
3178,6,459,FeedbackPeriodStarted,1764330649.4890661,2651.682976961136,False
3179,6,459,startFixDisplay,1764330649.4891446,2651.6830546855927,False
3180,6,459,startFixPeriod,1764330649.4960537,2651.689966917038,False
3181,6,459,TargetPresentation,1764330650.1901457,2652.38405919075,False
3182,6,459,TargetDisplacement,1764330650.5299802,2652.723890542984,True
3183,6,459,RightResponse,1764330651.1548884,2653.348799943924,False
3184,6,460,FeedbackPeriodStarted,1764330651.1823487,2653.376262664795,False
3185,6,460,startFixDisplay,1764330651.1824923,2653.3764040470123,False
3186,6,460,startFixPeriod,1764330651.50162,2653.69553399086,False
3187,6,460,TargetPresentation,1764330652.4176044,2654.6115181446075,False
3188,6,460,TargetRemoval,1764330652.584012,2654.7779247760773,True
3189,6,460,TargetReappeared,1764330652.833891,2655.0278038978577,False
3190,6,460,LeftResponse,1764330653.2921083,2655.4860208034515,False
3191,6,461,FeedbackPeriodStarted,1764330653.3332932,2655.52720451355,False
3192,6,461,startFixDisplay,1764330653.3333547,2655.5272648334503,False
3193,6,461,startFixPeriod,1764330653.423673,2655.6175861358643,False
3194,6,461,TargetPresentation,1764330654.728342,2656.9222559928894,False
3195,6,461,TargetDisplacement,1764330654.860023,2657.053933620453,True
3196,6,461,LeftResponse,1764330655.6373346,2657.831244945526,False
3197,6,461,FeedbackPeriodStarted,1764330655.6787715,2657.8726844787598,False
3198,7,462,startFixDisplay,1764330737.5454185,2739.7393288612366,False
3199,7,462,startFixPeriod,1764330737.607997,2739.8019099235535,False
3200,7,462,TargetPresentation,1764330738.1770742,2740.370986700058,False
3201,7,462,TargetDisplacement,1764330738.4337487,2740.6276614665985,True
3202,7,462,RightResponse,1764330739.0099113,2741.2038218975067,False
3203,7,463,FeedbackPeriodStarted,1764330739.0374577,2741.2313709259033,False
3204,7,463,startFixDisplay,1764330739.0376174,2741.2315294742584,False
3205,7,463,startFixPeriod,1764330739.1625993,2741.356513977051,False
3206,7,463,TargetPresentation,1764330740.3351586,2742.5290694236755,False
3207,7,463,TargetDisplacement,1764330740.7027736,2742.8966863155365,True
3208,7,463,RightResponse,1764330741.1959536,2743.3898661136627,False
3209,7,464,FeedbackPeriodStarted,1764330741.2299812,2743.423892736435,False
3210,7,464,startFixDisplay,1764330741.2300417,2743.423952102661,False
3211,7,464,startFixPeriod,1764330741.3134544,2743.507367372513,False
3212,7,464,TargetPresentation,1764330742.715159,2744.909069776535,False
3213,7,464,TargetDisplacement,1764330742.89549,2745.0894026756287,True
3214,7,464,RightResponse,1764330743.4927464,2745.6866590976715,False
3215,7,465,FeedbackPeriodStarted,1764330743.5201294,2745.714040994644,False
3216,7,465,startFixDisplay,1764330743.5201967,2745.7141065597534,False
3217,7,465,startFixPeriod,1764330743.6728334,2745.866746902466,False
3218,7,465,TargetPresentation,1764330744.3042314,2746.498142719269,False
3219,7,465,TargetRemoval,1764330744.7899609,2746.983873605728,True
3220,7,465,TargetReappeared,1764330745.0398307,2747.2337443828583,False
3221,7,465,LeftResponse,1764330745.1720238,2747.3659353256226,False
3222,7,466,FeedbackPeriodStarted,1764330745.1993294,2747.393243074417,False
3223,7,466,startFixDisplay,1764330745.1994727,2747.393384695053,False
3224,7,466,startFixPeriod,1764330745.4839294,2747.677842617035,False
3225,7,466,TargetPresentation,1764330746.9549592,2749.1488699913025,False
3226,7,466,TargetDisplacement,1764330747.1282718,2749.3221843242645,True
3227,7,466,LeftResponse,1764330747.753144,2749.9470558166504,False
3228,7,467,FeedbackPeriodStarted,1764330747.7806032,2749.97451710701,False
3229,7,467,startFixDisplay,1764330747.780766,2749.9746775627136,False
3230,7,467,startFixPeriod,1764330747.9541504,2750.148063182831,False
3231,7,467,TargetPresentation,1764330749.0297618,2751.2236738204956,False
3232,7,467,TargetDisplacement,1764330749.3834841,2751.577397108078,True
3233,7,467,LeftResponse,1764330749.8833086,2752.0772194862366,False
3234,7,468,FeedbackPeriodStarted,1764330749.9109015,2752.1048147678375,False
3235,7,468,startFixDisplay,1764330749.9111185,2752.1050310134888,False
3236,7,468,startFixPeriod,1764330749.917815,2752.111727952957,False
3237,7,468,TargetPresentation,1764330750.8477435,2753.041654586792,False
3238,7,468,TargetDisplacement,1764330751.0418773,2753.235787630081,True
3239,7,468,LeftResponse,1764330751.7083666,2753.9022784233093,False
3240,7,468,FeedbackPeriodStarted,1764330751.7220285,2753.9159393310547,False
3241,7,469,startFixDisplay,1764330753.7341132,2755.9280235767365,False
3242,7,469,startFixPeriod,1764330753.7411733,2755.935083627701,False
3243,7,469,TargetPresentation,1764330754.8654532,2757.0593645572662,False
3244,7,469,TargetRemoval,1764330754.997143,2757.191053390503,True
3245,7,469,TargetReappeared,1764330755.247151,2757.441064119339,False
3246,7,469,RightResponse,1764330755.892959,2758.0868725776672,False
3247,7,470,FeedbackPeriodStarted,1764330755.9200804,2758.113993883133,False
3248,7,470,startFixDisplay,1764330755.9202268,2758.114138841629,False
3249,7,470,startFixPeriod,1764330755.9269989,2758.120911359787,False
3250,7,470,TargetPresentation,1764330757.197081,2759.3909945487976,False
3251,7,470,TargetDisplacement,1764330757.508951,2759.7028613090515,True
3252,7,470,RightResponse,1764330758.0784917,2760.272404193878,False
3253,7,471,FeedbackPeriodStarted,1764330758.1058497,2760.299760580063,False
3254,7,471,startFixDisplay,1764330758.1059172,2760.2998270988464,False
3255,7,471,startFixPeriod,1764330758.3211858,2760.5150978565216,False
3256,7,471,TargetPresentation,1764330758.8416867,2761.035614013672,False
3257,7,471,TargetDisplacement,1764330759.10495,2761.298860311508,True
3258,7,471,LeftResponse,1764330759.8064003,2762.000312805176,False
3259,7,472,FeedbackPeriodStarted,1764330759.8336601,2762.0275733470917,False
3260,7,472,startFixDisplay,1764330759.8337991,2762.0277111530304,False
3261,7,472,startFixPeriod,1764330759.8615465,2762.0554587841034,False
3262,7,472,TargetPresentation,1764330761.0481555,2763.242066860199,False
3263,7,472,TargetDisplacement,1764330761.1730292,2763.366942167282,True
3264,7,472,LeftResponse,1764330761.8186915,2764.012603998184,False
3265,7,473,FeedbackPeriodStarted,1764330761.8459847,2764.0398981571198,False
3266,7,473,startFixDisplay,1764330761.8461561,2764.040066242218,False
3267,7,473,startFixPeriod,1764330761.9502668,2764.1441802978516,False
3268,7,473,TargetPresentation,1764330762.6094253,2764.8033361434937,False
3269,7,473,TargetDisplacement,1764330762.7827709,2764.9766838550568,True
3270,7,473,LeftResponse,1764330763.5603712,2765.7542839050293,False
3271,7,474,FeedbackPeriodStarted,1764330763.5946445,2765.788557767868,False
3272,7,474,startFixDisplay,1764330763.5947394,2765.7886493206024,False
3273,7,474,startFixPeriod,1764330763.7960284,2765.9899394512177,False
3274,7,474,TargetPresentation,1764330764.3026888,2766.4966020584106,False
3275,7,474,TargetDisplacement,1764330764.510685,2766.7045981884003,True
3276,7,474,LeftResponse,1764330765.1564672,2767.3503801822662,False
3277,7,474,FeedbackPeriodStarted,1764330765.1628249,2767.356736421585,False
3278,7,475,startFixDisplay,1764330767.1821434,2769.376056909561,False
3279,7,475,startFixPeriod,1764330767.5777864,2769.7716994285583,False
3280,7,475,TargetPresentation,1764330768.7575018,2770.951415538788,False
3281,7,475,TargetDisplacement,1764330768.895955,2771.0898656845093,True
3282,7,475,LeftResponse,1764330769.5417306,2771.7356431484222,False
3283,7,476,FeedbackPeriodStarted,1764330769.5690494,2771.7629601955414,False
3284,7,476,startFixDisplay,1764330769.5691097,2771.7630200386047,False
3285,7,476,startFixPeriod,1764330769.652599,2771.846513271332,False
3286,7,476,TargetPresentation,1764330770.6239822,2772.817893266678,False
3287,7,476,TargetDisplacement,1764330770.8875954,2773.0815091133118,True
3288,7,476,LeftResponse,1764330771.4499588,2773.643871307373,False
3289,7,477,FeedbackPeriodStarted,1764330771.4773972,2773.671309232712,False
3290,7,477,startFixDisplay,1764330771.4774964,2773.671407222748,False
3291,7,477,startFixPeriod,1764330771.6093514,2773.803263425827,False
3292,7,477,TargetPresentation,1764330772.2200165,2774.4139297008514,False
3293,7,477,TargetDisplacement,1764330772.5112698,2774.705182790756,True
3294,7,477,RightResponse,1764330773.379017,2775.5729286670685,False
3295,7,478,FeedbackPeriodStarted,1764330773.4063044,2775.6002151966095,False
3296,7,478,startFixDisplay,1764330773.4063625,2775.600272655487,False
3297,7,478,startFixPeriod,1764330773.5663378,2775.760251760483,False
3298,7,478,TargetPresentation,1764330774.5653338,2776.7592453956604,False
3299,7,478,TargetDisplacement,1764330774.7873409,2776.9812536239624,True
3300,7,478,LeftResponse,1764330775.349886,2777.543798685074,False
3301,7,479,FeedbackPeriodStarted,1764330775.376993,2777.5709040164948,False
3302,7,479,startFixDisplay,1764330775.3770542,2777.5709640979767,False
3303,7,479,startFixPeriod,1764330775.4952824,2777.6891939640045,False
3304,7,479,TargetPresentation,1764330776.369602,2778.5635159015656,False
3305,7,479,TargetDisplacement,1764330776.598424,2778.792336702347,True
3306,7,479,LeftResponse,1764330777.2162228,2779.4101338386536,False
3307,7,480,FeedbackPeriodStarted,1764330777.2441056,2779.4380207061768,False
3308,7,480,startFixDisplay,1764330777.2442133,2779.4381234645844,False
3309,7,480,startFixPeriod,1764330777.271668,2779.465581178665,False
3310,7,480,TargetPresentation,1764330778.1043038,2780.298217535019,False
3311,7,480,TargetDisplacement,1764330778.3609781,2780.554888486862,True
3312,7,480,RightResponse,1764330778.9789069,2781.172819375992,False
3313,7,480,FeedbackPeriodStarted,1764330778.985497,2781.1794102191925,False
3314,7,481,startFixDisplay,1764330780.9975893,2783.1914999485016,False
3315,7,481,startFixPeriod,1764330781.046348,2783.2402608394623,False
3316,7,481,TargetPresentation,1764330781.5877335,2783.7816467285156,False
3317,7,481,TargetDisplacement,1764330781.5946817,2783.788595199585,True
3318,7,481,LeftResponse,1764330782.4900725,2784.683985233307,False
3319,7,482,FeedbackPeriodStarted,1764330782.5173645,2784.711277484894,False
3320,7,482,startFixDisplay,1764330782.5175002,2784.711412191391,False
3321,7,482,startFixPeriod,1764330782.6562843,2784.8501954078674,False
3322,7,482,TargetPresentation,1764330783.4820476,2785.6759581565857,False
3323,7,482,TargetDisplacement,1764330783.6693063,2785.8632192611694,True
3324,7,482,LeftResponse,1764330784.2664404,2786.460352897644,False
3325,7,483,FeedbackPeriodStarted,1764330784.2937646,2786.4876778125763,False
3326,7,483,startFixDisplay,1764330784.2939022,2786.487813949585,False
3327,7,483,startFixPeriod,1764330784.3008018,2786.4947147369385,False
3328,7,483,TargetPresentation,1764330784.8351996,2787.029111146927,False
3329,7,483,TargetDisplacement,1764330785.1335425,2787.3274557590485,True
3330,7,483,RightResponse,1764330786.0289621,2788.222874403,False
3331,7,484,FeedbackPeriodStarted,1764330786.056223,2788.2501335144043,False
3332,7,484,startFixDisplay,1764330786.0562832,2788.2501933574677,False
3333,7,484,startFixPeriod,1764330786.1812985,2788.3752117156982,False
3334,7,484,TargetPresentation,1764330787.3331451,2789.527055978775,False
3335,7,484,TargetDisplacement,1764330787.797957,2789.9918670654297,True
3336,7,484,LeftResponse,1764330788.270196,2790.4641070365906,False
3337,7,485,FeedbackPeriodStarted,1764330788.2976618,2790.491575241089,False
3338,7,485,startFixDisplay,1764330788.2978046,2790.4917166233063,False
3339,7,485,startFixPeriod,1764330788.3393843,2790.5332975387573,False
3340,7,485,TargetPresentation,1764330789.7410488,2791.9349603652954,False
3341,7,485,TargetDisplacement,1764330789.8866923,2792.08060503006,True
3342,7,485,LeftResponse,1764330790.650203,2792.844113588333,False
3343,7,486,FeedbackPeriodStarted,1764330790.6777875,2792.871701002121,False
3344,7,486,startFixDisplay,1764330790.677929,2792.871840953827,False
3345,7,486,startFixPeriod,1764330790.8582342,2793.0521461963654,False
3346,7,486,TargetPresentation,1764330791.4896903,2793.6836035251617,False
3347,7,486,TargetDisplacement,1764330791.6769524,2793.8708651065826,True
3348,7,486,RightResponse,1764330792.3502853,2794.5441958904266,False
3349,7,486,FeedbackPeriodStarted,1764330792.357028,2794.550938844681,False
3350,7,487,startFixDisplay,1764330794.3761685,2796.5700812339783,False
3351,7,487,startFixPeriod,1764330794.4665546,2796.6604676246643,False
3352,7,487,TargetPresentation,1764330795.6045904,2797.7985043525696,False
3353,7,487,TargetDisplacement,1764330795.8056917,2797.9996042251587,True
3354,7,487,LeftResponse,1764330796.5070448,2798.7009563446045,False
3355,7,488,FeedbackPeriodStarted,1764330796.5342355,2798.728148460388,False
3356,7,488,startFixDisplay,1764330796.5343752,2798.7282869815826,False
3357,7,488,startFixPeriod,1764330796.6801379,2798.874051094055,False
3358,7,488,TargetPresentation,1764330797.9221487,2800.1160593032837,False
3359,7,488,TargetRemoval,1764330798.1164346,2800.3103477954865,True
3360,7,488,TargetReappeared,1764330798.3662682,2800.560179233551,False
3361,7,488,LeftResponse,1764330798.9843202,2801.1782324314117,False
3362,7,489,FeedbackPeriodStarted,1764330799.0184054,2801.21231842041,False
3363,7,489,startFixDisplay,1764330799.0185406,2801.2124524116516,False
3364,7,489,startFixPeriod,1764330799.2129107,2801.4068241119385,False
3365,7,489,TargetPresentation,1764330800.0387042,2802.2326176166534,False
3366,7,489,TargetRemoval,1764330800.1980171,2802.391927242279,True
3367,7,489,TargetReappeared,1764330800.448071,2802.6419820785522,False
3368,7,489,LeftResponse,1764330800.9202418,2803.114152431488,False
3369,7,490,FeedbackPeriodStarted,1764330800.9475298,2803.1414449214935,False
3370,7,490,startFixDisplay,1764330800.9477582,2803.1416714191437,False
3371,7,490,startFixPeriod,1764330801.2043324,2803.3982458114624,False
3372,7,490,TargetPresentation,1764330802.4880219,2804.6819326877594,False
3373,7,490,TargetDisplacement,1764330802.6752613,2804.869174003601,True
3374,7,490,RightResponse,1764330803.7303355,2805.924246788025,False
3375,7,491,FeedbackPeriodStarted,1764330803.7577696,2805.9516825675964,False
3376,7,491,startFixDisplay,1764330803.7579062,2805.9518179893494,False
3377,7,491,startFixPeriod,1764330803.8065548,2806.000467777252,False
3378,7,491,TargetPresentation,1764330804.5767703,2806.7706837654114,False
3379,7,491,TargetDisplacement,1764330804.7916844,2806.9855971336365,True
3380,7,491,RightResponse,1764330805.603908,2807.7978208065033,False
3381,7,492,FeedbackPeriodStarted,1764330805.6313443,2807.825257539749,False
3382,7,492,startFixDisplay,1764330805.6314793,2807.825391292572,False
3383,7,492,startFixPeriod,1764330805.8188357,2808.0127489566803,False
3384,7,492,TargetPresentation,1764330807.0191596,2809.2130711078644,False
3385,7,492,TargetRemoval,1764330807.1718097,2809.3657228946686,True
3386,7,492,TargetReappeared,1764330807.4216678,2809.6155796051025,False
3387,7,492,LeftResponse,1764330807.9631429,2810.157054901123,False
3388,7,492,FeedbackPeriodStarted,1764330807.9697874,2810.163698196411,False
3389,7,493,startFixDisplay,1764330809.981934,2812.1758444309235,False
3390,7,493,startFixPeriod,1764330809.9889164,2812.1828269958496,False
3391,7,493,TargetPresentation,1764330811.1341178,2813.3280313014984,False
3392,7,493,TargetRemoval,1764330811.3421843,2813.5360968112946,True
3393,7,493,TargetReappeared,1764330811.5920503,2813.785963535309,False
3394,7,493,LeftResponse,1764330812.057066,2814.2509772777557,False
3395,7,494,FeedbackPeriodStarted,1764330812.0846465,2814.2785596847534,False
3396,7,494,startFixDisplay,1764330812.0847838,2814.278695821762,False
3397,7,494,startFixPeriod,1764330812.1611054,2814.355016231537,False
3398,7,494,TargetPresentation,1764330813.6251118,2815.8190248012543,False
3399,7,494,TargetDisplacement,1764330813.9026465,2816.096559524536,True
3400,7,494,LeftResponse,1764330814.4093592,2816.603270292282,False
3401,7,495,FeedbackPeriodStarted,1764330814.43695,2816.6308631896973,False
3402,7,495,startFixDisplay,1764330814.4370887,2816.631000518799,False
3403,7,495,startFixPeriod,1764330814.4439836,2816.6379079818726,False
3404,7,495,TargetPresentation,1764330815.1448781,2817.3387908935547,False
3405,7,495,TargetDisplacement,1764330815.3530238,2817.546936750412,True
3406,7,495,RightResponse,1764330816.0886555,2818.2825667858124,False
3407,7,496,FeedbackPeriodStarted,1764330816.1161027,2818.3100135326385,False
3408,7,496,startFixDisplay,1764330816.116166,2818.310076236725,False
3409,7,496,startFixPeriod,1764330816.2481563,2818.4420676231384,False
3410,7,496,TargetPresentation,1764330817.7193012,2819.9132130146027,False
3411,7,496,TargetDisplacement,1764330817.8925862,2820.086501121521,True
3412,7,496,LeftResponse,1764330818.6425078,2820.8364205360413,False
3413,7,497,FeedbackPeriodStarted,1764330818.6696637,2820.863574743271,False
3414,7,497,startFixDisplay,1764330818.6697295,2820.8636395931244,False
3415,7,497,startFixPeriod,1764330818.8572276,2821.0511395931244,False
3416,7,497,TargetPresentation,1764330820.078537,2822.272450208664,False
3417,7,497,TargetDisplacement,1764330820.2241518,2822.4180648326874,True
3418,7,497,LeftResponse,1764330820.869947,2823.063859462738,False
3419,7,498,FeedbackPeriodStarted,1764330820.8971384,2823.091049194336,False
3420,7,498,startFixDisplay,1764330820.8972025,2823.091112613678,False
3421,7,498,startFixPeriod,1764330820.90416,2823.0980706214905,False
3422,7,498,TargetPresentation,1764330822.3128633,2824.506776571274,False
3423,7,498,TargetRemoval,1764330822.4793794,2824.6732926368713,True
3424,7,498,TargetReappeared,1764330822.7292855,2824.9231989383698,False
3425,7,498,LeftResponse,1764330823.1041944,2825.2981057167053,False
3426,7,498,FeedbackPeriodStarted,1764330823.1178641,2825.3117773532867,False
3427,7,499,startFixDisplay,1764330825.137024,2827.330937385559,False
3428,7,499,startFixPeriod,1764330825.400827,2827.5947408676147,False
3429,7,499,TargetPresentation,1764330826.385967,2828.5798783302307,False
3430,7,499,TargetDisplacement,1764330826.538629,2828.7325417995453,True
3431,7,499,LeftResponse,1764330827.2538679,2829.4477803707123,False
3432,7,500,FeedbackPeriodStarted,1764330827.281086,2829.4749994277954,False
3433,7,500,startFixDisplay,1764330827.2812085,2829.4751183986664,False
3434,7,500,startFixPeriod,1764330827.468766,2829.662693500519,False
3435,7,500,TargetPresentation,1764330828.613655,2830.8075683116913,False
3436,7,500,TargetRemoval,1764330828.7730603,2830.96697306633,True
3437,7,500,TargetReappeared,1764330829.0230317,2831.216945409775,False
3438,7,500,LeftResponse,1764330829.3980122,2831.5919234752655,False
3439,7,501,FeedbackPeriodStarted,1764330829.4252467,2831.619157552719,False
3440,7,501,startFixDisplay,1764330829.4253101,2831.6192202568054,False
3441,7,501,startFixPeriod,1764330829.4322033,2831.6261162757874,False
3442,7,501,TargetPresentation,1764330830.2096033,2832.4035172462463,False
3443,7,501,TargetDisplacement,1764330830.5077465,2832.7016592025757,True
3444,7,501,LeftResponse,1764330831.1465464,2833.3404593467712,False
3445,7,502,FeedbackPeriodStarted,1764330831.1808815,2833.374792098999,False
3446,7,502,startFixDisplay,1764330831.1809502,2833.3748602867126,False
3447,7,502,startFixPeriod,1764330831.3545282,2833.5484416484833,False
3448,7,502,TargetPresentation,1764330832.548035,2834.7419481277466,False
3449,7,502,TargetRemoval,1764330832.7005847,2834.8944985866547,True
3450,7,502,TargetReappeared,1764330832.9504828,2835.144396543503,False
3451,7,502,RightResponse,1764330833.3186455,2835.512558221817,False
3452,7,503,FeedbackPeriodStarted,1764330833.3458421,2835.539755344391,False
3453,7,503,startFixDisplay,1764330833.3459725,2835.539884328842,False
3454,7,503,startFixPeriod,1764330833.4778922,2835.671805381775,False
3455,7,503,TargetPresentation,1764330834.3591192,2836.553031206131,False
3456,7,503,TargetDisplacement,1764330834.560196,2836.754108428955,True
3457,7,503,LeftResponse,1764330835.2613046,2837.4552154541016,False
3458,7,504,FeedbackPeriodStarted,1764330835.2887442,2837.482671022415,False
3459,7,504,startFixDisplay,1764330835.2888653,2837.4827761650085,False
3460,7,504,startFixPeriod,1764330835.4486074,2837.6425216197968,False
3461,7,504,TargetPresentation,1764330836.0521283,2838.246039867401,False
3462,7,504,TargetRemoval,1764330836.0591297,2838.253042936325,True
3463,7,504,TargetReappeared,1764330836.308938,2838.5028512477875,False
3464,7,504,RightResponse,1764330836.8851464,2839.0790581703186,False
3465,7,504,FeedbackPeriodStarted,1764330836.8988178,2839.092730998993,False
3466,7,505,startFixDisplay,1764330838.9179459,2841.1118564605713,False
3467,7,505,startFixPeriod,1764330838.9248364,2841.1187467575073,False
3468,7,505,TargetPresentation,1764330840.0699134,2842.263826608658,False
3469,7,505,TargetRemoval,1764330840.277879,2842.471789598465,True
3470,7,505,TargetReappeared,1764330840.5278869,2842.721799850464,False
3471,7,505,LeftResponse,1764330840.9584255,2843.1523385047913,False
3472,7,506,FeedbackPeriodStarted,1764330840.9857423,2843.1796536445618,False
3473,7,506,startFixDisplay,1764330840.985806,2843.1797161102295,False
3474,7,506,startFixPeriod,1764330840.9927373,2843.1866505146027,False
3475,7,506,TargetPresentation,1764330841.7630637,2843.956976890564,False
3476,7,506,TargetDisplacement,1764330841.9987724,2844.192685365677,True
3477,7,506,LeftResponse,1764330842.6722257,2844.8661365509033,False
3478,7,507,FeedbackPeriodStarted,1764330842.69963,2844.893543481827,False
3479,7,507,startFixDisplay,1764330842.6997678,2844.893679857254,False
3480,7,507,startFixPeriod,1764330842.8664086,2845.0603218078613,False
3481,7,507,TargetPresentation,1764330843.9141662,2846.1080780029297,False
3482,7,507,TargetDisplacement,1764330844.101365,2846.29527759552,True
3483,7,507,LeftResponse,1764330844.802686,2846.9965987205505,False
3484,7,508,FeedbackPeriodStarted,1764330844.8298895,2847.0238029956818,False
3485,7,508,startFixDisplay,1764330844.830027,2847.023937225342,False
3486,7,508,startFixPeriod,1764330845.0314069,2847.2253201007843,False
3487,7,508,TargetPresentation,1764330845.6975408,2847.891454219818,False
3488,7,508,TargetDisplacement,1764330845.898521,2848.092433691025,True
3489,7,508,RightResponse,1764330846.68305,2848.876962661743,False
3490,7,509,FeedbackPeriodStarted,1764330846.717461,2848.9113743305206,False
3491,7,509,startFixDisplay,1764330846.7176194,2848.911531686783,False
3492,7,509,startFixPeriod,1764330846.8424578,2849.0363705158234,False
3493,7,509,TargetPresentation,1764330847.911047,2850.1049604415894,False
3494,7,509,TargetDisplacement,1764330848.0774496,2850.271362066269,True
3495,7,509,RightResponse,1764330848.6470003,2850.8409130573273,False
3496,7,510,FeedbackPeriodStarted,1764330848.6741657,2850.8680787086487,False
3497,7,510,startFixDisplay,1764330848.6742961,2850.8682079315186,False
3498,7,510,startFixPeriod,1764330848.7852411,2850.979152917862,False
3499,7,510,TargetPresentation,1764330850.1107304,2852.3046438694,False
3500,7,510,TargetRemoval,1764330850.2775009,2852.47141456604,True
3501,7,510,TargetReappeared,1764330850.5270307,2852.720942735672,False
3502,7,510,LeftResponse,1764330851.332247,2853.526158809662,False
3503,7,510,FeedbackPeriodStarted,1764330851.3459377,2853.5398507118225,False
3504,7,511,startFixDisplay,1764330853.3648965,2855.5588068962097,False
3505,7,511,startFixPeriod,1764330853.6911907,2855.885101556778,False
3506,7,511,TargetPresentation,1764330854.8569825,2857.050894021988,False
3507,7,511,TargetDisplacement,1764330854.86391,2857.0578207969666,True
3508,7,511,RightResponse,1764330855.5372264,2857.731138944626,False
3509,7,512,FeedbackPeriodStarted,1764330855.571466,2857.765376806259,False
3510,7,512,startFixDisplay,1764330855.5715282,2857.7654383182526,False
3511,7,512,startFixPeriod,1764330855.7312312,2857.925142288208,False
3512,7,512,TargetPresentation,1764330856.8832648,2859.077178001404,False
3513,7,512,TargetDisplacement,1764330857.0635402,2859.2574532032013,True
3514,7,512,RightResponse,1764330857.736956,2859.9308683872223,False
3515,7,513,FeedbackPeriodStarted,1764330857.7712698,2859.965183019638,False
3516,7,513,startFixDisplay,1764330857.7714148,2859.9653267860413,False
3517,7,513,startFixPeriod,1764330857.8894188,2860.0833320617676,False
3518,7,513,TargetPresentation,1764330858.853906,2861.0478188991547,False
3519,7,513,TargetDisplacement,1764330858.9439404,2861.1378507614136,True
3520,7,513,RightResponse,1764330859.7980201,2861.991931438446,False
3521,7,514,FeedbackPeriodStarted,1764330859.8251958,2862.0191090106964,False
3522,7,514,startFixDisplay,1764330859.825328,2862.019240140915,False
3523,7,514,startFixPeriod,1764330859.9225626,2862.116505384445,False
3524,7,514,TargetPresentation,1764330860.6718764,2862.8657898902893,False
3525,7,514,TargetDisplacement,1764330860.8868992,2863.0808119773865,True
3526,7,514,LeftResponse,1764330862.2402608,2864.434172153473,False
3527,7,515,FeedbackPeriodStarted,1764330862.2677963,2864.4617099761963,False
3528,7,515,startFixDisplay,1764330862.267937,2864.4618484973907,False
3529,7,515,startFixPeriod,1764330862.4207342,2864.6146562099457,False
3530,7,515,TargetPresentation,1764330863.398971,2865.5928843021393,False
3531,7,515,TargetDisplacement,1764330863.551608,2865.7455213069916,True
3532,7,515,LeftResponse,1764330864.7801473,2866.9740586280823,False
3533,7,516,FeedbackPeriodStarted,1764330864.8143928,2867.0083062648773,False
3534,7,516,startFixDisplay,1764330864.8146071,2867.0085196495056,False
3535,7,516,startFixPeriod,1764330864.9324389,2867.1263518333435,False
3536,7,516,TargetPresentation,1764330866.0567179,2868.2506442070007,False
3537,7,516,TargetDisplacement,1764330866.0635545,2868.257467985153,True
3538,7,516,LeftResponse,1764330866.8686643,2869.062577009201,False
3539,7,516,FeedbackPeriodStarted,1764330866.8752964,2869.0692076683044,False
3540,7,517,startFixDisplay,1764330868.8945394,2871.0884523391724,False
3541,7,517,startFixPeriod,1764330868.9014776,2871.0953907966614,False
3542,7,517,TargetPresentation,1764330869.5052762,2871.699189901352,False
3543,7,517,TargetDisplacement,1764330869.7202287,2871.9141414165497,True
3544,7,517,LeftResponse,1764330870.7269385,2872.9208509922028,False
3545,7,518,FeedbackPeriodStarted,1764330870.754235,2872.948147058487,False
3546,7,518,startFixDisplay,1764330870.7543333,2872.9482440948486,False
3547,7,518,startFixPeriod,1764330870.9555967,2873.149510860443,False
3548,7,518,TargetPresentation,1764330871.531562,2873.7255017757416,False
3549,7,518,TargetRemoval,1764330871.7673674,2873.9612805843353,True
3550,7,518,TargetReappeared,1764330872.0172656,2874.211179256439,False
3551,7,518,RightResponse,1764330872.6280675,2874.821980237961,False
3552,7,519,FeedbackPeriodStarted,1764330872.6555078,2874.8494210243225,False
3553,7,519,startFixDisplay,1764330872.655694,2874.8496062755585,False
3554,7,519,startFixPeriod,1764330872.787426,2874.9813392162323,False
3555,7,519,TargetPresentation,1764330873.7659569,2875.9598705768585,False
3556,7,519,TargetDisplacement,1764330873.932198,2876.126108646393,True
3557,7,519,LeftResponse,1764330874.6681216,2876.8620343208313,False
3558,7,520,FeedbackPeriodStarted,1764330874.6955428,2876.8894562721252,False
3559,7,520,startFixDisplay,1764330874.6957097,2876.889621734619,False
3560,7,520,startFixPeriod,1764330874.8066926,2877.000606060028,False
3561,7,520,TargetPresentation,1764330875.9863486,2878.1802594661713,False
3562,7,520,TargetDisplacement,1764330876.1805403,2878.3744530677795,True
3563,7,520,RightResponse,1764330876.8123057,2879.0062165260315,False
3564,7,521,FeedbackPeriodStarted,1764330876.8397083,2879.033620595932,False
3565,7,521,startFixDisplay,1764330876.8398087,2879.0337195396423,False
3566,7,521,startFixPeriod,1764330877.04803,2879.2419419288635,False
3567,7,521,TargetPresentation,1764330877.5892289,2879.7831406593323,False
3568,7,521,TargetDisplacement,1764330877.7279022,2879.9218125343323,True
3569,7,521,LeftResponse,1764330878.373557,2880.5674698352814,False
3570,7,522,FeedbackPeriodStarted,1764330878.4148946,2880.6088078022003,False
3571,7,522,startFixDisplay,1764330878.4150302,2880.6089420318604,False
3572,7,522,startFixPeriod,1764330878.4218223,2880.6157352924347,False
3573,7,522,TargetPresentation,1764330879.5321994,2881.726110458374,False
3574,7,522,TargetDisplacement,1764330879.6569355,2881.8508479595184,True
3575,7,522,LeftResponse,1764330880.4346352,2882.628548145294,False
3576,7,522,FeedbackPeriodStarted,1764330880.4411738,2882.635086774826,False
3577,7,523,startFixDisplay,1764330882.4603205,2884.6542336940765,False
3578,7,523,startFixPeriod,1764330882.4672275,2884.6611375808716,False
3579,7,523,TargetPresentation,1764330883.4528096,2885.646721839905,False
3580,7,523,TargetRemoval,1764330883.5705643,2885.764495372772,True
3581,7,523,TargetReappeared,1764330883.8204262,2886.014336824417,False
3582,7,523,LeftResponse,1764330884.1885262,2886.382437467575,False
3583,7,524,FeedbackPeriodStarted,1764330884.2158542,2886.4097650051117,False
3584,7,524,startFixDisplay,1764330884.215915,2886.4098250865936,False
3585,7,524,startFixPeriod,1764330884.3963804,2886.590292453766,False
3586,7,524,TargetPresentation,1764330885.5621629,2887.7560760974884,False
3587,7,524,TargetDisplacement,1764330885.7355223,2887.9294352531433,True
3588,7,524,LeftResponse,1764330886.374462,2888.568374633789,False
3589,7,525,FeedbackPeriodStarted,1764330886.4085593,2888.6024701595306,False
3590,7,525,startFixDisplay,1764330886.408634,2888.6025438308716,False
3591,7,525,startFixPeriod,1764330886.617038,2888.8109509944916,False
3592,7,525,TargetPresentation,1764330888.1018515,2890.29576253891,False
3593,7,525,TargetRemoval,1764330888.2475138,2890.441426515579,True
3594,7,525,TargetReappeared,1764330888.4975152,2890.691428422928,False
3595,7,525,LeftResponse,1764330888.7822776,2890.976190328598,False
3596,7,526,FeedbackPeriodStarted,1764330888.8096032,2891.0035173892975,False
3597,7,526,startFixDisplay,1764330888.8097456,2891.003657579422,False
3598,7,526,startFixPeriod,1764330888.9901423,2891.1840558052063,False
3599,7,526,TargetPresentation,1764330890.183728,2892.3776412010193,False
3600,7,526,TargetDisplacement,1764330890.4054704,2892.5993835926056,True
3601,7,526,RightResponse,1764330890.947224,2893.1411352157593,False
3602,7,527,FeedbackPeriodStarted,1764330890.974495,2893.1684079170227,False
3603,7,527,startFixDisplay,1764330890.974651,2893.1685633659363,False
3604,7,527,startFixPeriod,1764330891.1481853,2893.342111825943,False
3605,7,527,TargetPresentation,1764330891.7933881,2893.98730134964,False
3606,7,527,TargetDisplacement,1764330891.9459922,2894.139904975891,True
3607,7,527,LeftResponse,1764330892.6196198,2894.813532590866,False
3608,7,527,FeedbackPeriodStarted,1764330892.6675613,2894.8614716529846,False
