,blockID,trialNumber,triggerName,timestamp_sys,timestamp_psyc,triggerSent_Serial00
0,pract,-1,StartPractice,1764335548.2655208,378.1148958206177,False
1,pract,0,startFixDisplay,1764335548.2820435,378.13141775131226,False
2,pract,0,startFixPeriod,1764335548.497264,378.3466410636902,False
3,pract,0,TargetPresentation,1764335549.4342558,379.2836334705353,False
4,pract,0,TargetRemoval,1764335549.586808,379.43618535995483,True
5,pract,0,TargetReappeared,1764335549.8365436,379.68592071533203,False
6,pract,0,LeftResponse,1764335550.4475543,380.2969295978546,False
7,pract,0,FeedbackPeriodStarted,1764335550.4610083,380.31038546562195,False
8,pract,1,startFixDisplay,1764335550.9675362,380.8169136047363,False
9,pract,1,startFixPeriod,1764335551.0787518,380.9281265735626,False
10,pract,1,TargetPresentation,1764335551.9461656,381.79554271698,False
11,pract,1,TargetRemoval,1764335552.1124933,381.96186995506287,True
12,pract,1,TargetReappeared,1764335552.362482,382.21185994148254,False
13,pract,1,RightResponse,1764335553.3063667,383.15574383735657,False
14,pract,1,FeedbackPeriodStarted,1764335553.31999,383.16936469078064,False
15,pract,2,startFixDisplay,1764335553.8264463,383.6758234500885,False
16,pract,2,startFixPeriod,1764335553.8334985,383.68287539482117,False
17,pract,2,TargetPresentation,1764335555.0965023,384.94587993621826,False
18,pract,2,TargetDisplacement,1764335555.248921,385.098295211792,True
19,pract,2,RightResponse,1764335556.0195858,385.86896300315857,False
20,pract,2,FeedbackPeriodStarted,1764335556.0330734,385.8824484348297,False
21,pract,3,startFixDisplay,1764335556.5396156,386.3889944553375,False
22,pract,3,startFixPeriod,1764335556.7895436,386.63892102241516,False
23,pract,3,TargetPresentation,1764335558.232953,388.0823299884796,False
24,pract,3,TargetDisplacement,1764335558.3784873,388.2278642654419,True
25,pract,3,FeedbackPeriodStarted,1764335560.3839731,390.233350276947,False
26,pract,4,startFixDisplay,1764335560.8903456,390.73972249031067,False
27,pract,4,startFixPeriod,1764335561.299939,391.14931440353394,False
28,pract,4,TargetPresentation,1764335561.9314046,391.7807822227478,False
29,pract,4,TargetDisplacement,1764335562.125583,391.97496008872986,True
30,pract,4,LeftResponse,1764335563.090444,392.93982100486755,False
31,pract,4,FeedbackPeriodStarted,1764335563.096925,392.94629979133606,False
32,pract,5,startFixDisplay,1764335563.603467,393.452844619751,False
33,pract,5,startFixPeriod,1764335563.6590874,393.5084636211395,False
34,pract,5,TargetPresentation,1764335564.7903173,394.6396949291229,False
35,pract,5,TargetDisplacement,1764335564.963534,394.812908411026,True
36,pract,5,RightResponse,1764335565.366596,395.2159733772278,False
37,pract,5,FeedbackPeriodStarted,1764335565.3868637,395.23624062538147,False
38,pract,6,startFixDisplay,1764335565.893356,395.7427327632904,False
39,pract,6,startFixPeriod,1764335565.900362,395.7497384548187,False
40,pract,6,TargetPresentation,1764335567.2745235,397.1239011287689,False
41,pract,6,TargetDisplacement,1764335567.2813694,397.13074707984924,True
42,pract,6,LeftResponse,1764335567.829987,397.67936277389526,False
43,pract,6,FeedbackPeriodStarted,1764335567.8365898,397.6859679222107,False
44,pract,7,startFixDisplay,1764335568.3429768,398.1923518180847,False
45,pract,7,startFixPeriod,1764335568.34993,398.19930720329285,False
46,pract,7,TargetPresentation,1764335569.4393828,399.28875851631165,False
47,pract,7,TargetDisplacement,1764335569.5710897,399.4204640388489,True
48,pract,7,RightResponse,1764335570.8899493,400.7393252849579,False
49,pract,7,FeedbackPeriodStarted,1764335570.9103706,400.7597472667694,False
50,pract,8,startFixDisplay,1764335571.416752,401.266126871109,False
51,pract,8,startFixPeriod,1764335571.6391413,401.48851919174194,False
52,pract,8,TargetPresentation,1764335572.235832,402.0852081775665,False
53,pract,8,TargetRemoval,1764335572.2428398,402.09221720695496,True
54,pract,8,TargetReappeared,1764335572.4927,402.3420777320862,False
55,pract,8,RightResponse,1764335573.374188,403.2235646247864,False
56,pract,8,FeedbackPeriodStarted,1764335573.3876803,403.2370569705963,False
57,pract,9,startFixDisplay,1764335573.8940125,403.74338698387146,False
58,pract,9,startFixPeriod,1764335574.2135186,404.06289505958557,False
59,pract,9,TargetPresentation,1764335574.9699006,404.8192777633667,False
60,pract,9,TargetRemoval,1764335575.0945425,404.94391679763794,True
61,pract,9,TargetReappeared,1764335575.3445973,405.19397735595703,False
62,pract,9,LeftResponse,1764335575.774857,405.6242325305939,False
63,pract,9,FeedbackPeriodStarted,1764335575.788497,405.63787388801575,False
64,pract,-1,EndPractice,1764335576.2825046,406.13187885284424,False
65,0,0,startFixDisplay,1764335655.205648,485.05502223968506,False
66,0,0,startFixPeriod,1764335655.4349427,485.2843198776245,False
67,0,0,TargetPresentation,1764335656.2745907,486.12396907806396,False
68,0,0,TargetRemoval,1764335656.2815435,486.13091826438904,True
69,0,0,TargetReappeared,1764335656.5313163,486.3806939125061,False
70,0,0,FeedbackPeriodStarted,1764335658.536721,488.3860991001129,False
71,0,1,startFixDisplay,1764335659.043064,488.89244318008423,False
72,0,1,startFixPeriod,1764335659.2306175,489.07999563217163,False
73,0,1,TargetPresentation,1764335660.0494428,489.89882040023804,False
74,0,1,TargetRemoval,1764335660.0563426,489.9057197570801,True
75,0,1,TargetReappeared,1764335660.3061616,490.1555380821228,False
76,0,1,FeedbackPeriodStarted,1764335662.3115275,492.16090512275696,False
77,0,2,startFixDisplay,1764335662.8178458,492.6672205924988,False
78,0,2,startFixPeriod,1764335663.047043,492.8964207172394,False
79,0,2,TargetPresentation,1764335663.9144185,493.7637960910797,False
80,0,2,TargetRemoval,1764335664.066995,493.9163725376129,True
81,0,2,TargetReappeared,1764335664.3169582,494.1663360595703,False
82,0,2,LeftResponse,1764335664.6362557,494.4856312274933,False
83,0,3,FeedbackPeriodStarted,1764335664.6497054,494.4990804195404,False
84,0,3,startFixDisplay,1764335664.6497762,494.4991500377655,False
85,0,3,startFixPeriod,1764335664.8234296,494.6728072166443,False
86,0,3,TargetPresentation,1764335665.3923867,495.2417640686035,False
87,0,3,TargetDisplacement,1764335665.5449464,495.39432072639465,True
88,0,3,RightResponse,1764335667.2590234,497.10839796066284,False
89,0,4,FeedbackPeriodStarted,1764335667.2728922,497.12226963043213,False
90,0,4,startFixDisplay,1764335667.2730465,497.12242245674133,False
91,0,4,startFixPeriod,1764335667.453297,497.302672624588,False
92,0,4,TargetPresentation,1764335668.2236176,498.0730106830597,False
93,0,4,TargetDisplacement,1764335668.369171,498.2185480594635,True
94,0,4,RightResponse,1764335670.1806269,500.0300028324127,False
95,0,5,FeedbackPeriodStarted,1764335670.1941128,500.0434899330139,False
96,0,5,startFixDisplay,1764335670.1942587,500.04363441467285,False
97,0,5,startFixPeriod,1764335670.374691,500.2240686416626,False
98,0,5,TargetPresentation,1764335671.1934557,501.04283332824707,False
99,0,5,TargetRemoval,1764335671.3598416,501.2092158794403,True
100,0,5,TargetReappeared,1764335671.6097715,501.45914936065674,False
101,0,5,LeftResponse,1764335672.1302974,501.97967290878296,False
102,0,6,FeedbackPeriodStarted,1764335672.1440334,501.99340867996216,False
103,0,6,startFixDisplay,1764335672.1441047,501.9934787750244,False
104,0,6,startFixPeriod,1764335672.3174524,502.1668276786804,False
105,0,6,TargetPresentation,1764335672.9421048,502.7914819717407,False
106,0,6,TargetDisplacement,1764335673.0876935,502.93707060813904,True
107,0,6,LeftResponse,1764335673.9622047,503.8115801811218,False
108,0,6,FeedbackPeriodStarted,1764335673.9758887,503.8252635002136,False
109,0,7,startFixDisplay,1764335675.9811807,505.8305585384369,False
110,0,7,startFixPeriod,1764335676.501842,506.35121750831604,False
111,0,7,TargetPresentation,1764335677.285895,507.1352722644806,False
112,0,7,TargetDisplacement,1764335677.4454129,507.2947905063629,True
113,0,7,LeftResponse,1764335678.1951964,508.04457354545593,False
114,0,8,FeedbackPeriodStarted,1764335678.2087016,508.0580792427063,False
115,0,8,startFixDisplay,1764335678.2088673,508.0582432746887,False
116,0,8,startFixPeriod,1764335678.3685102,508.21788787841797,False
117,0,8,TargetPresentation,1764335679.2912693,509.1406466960907,False
118,0,8,TargetDisplacement,1764335679.485605,509.3349826335907,True
119,0,8,LeftResponse,1764335680.047969,509.897344827652,False
120,0,9,FeedbackPeriodStarted,1764335680.068302,509.91767930984497,False
121,0,9,startFixDisplay,1764335680.068445,509.9178206920624,False
122,0,9,startFixPeriod,1764335680.2211282,510.0705032348633,False
123,0,9,TargetPresentation,1764335681.22708,511.076455116272,False
124,0,9,TargetRemoval,1764335681.4146605,511.26403760910034,True
125,0,9,TargetReappeared,1764335681.6645365,511.51391410827637,False
126,0,9,LeftResponse,1764335681.997623,511.8469977378845,False
127,0,10,FeedbackPeriodStarted,1764335682.011228,511.8606057167053,False
128,0,10,startFixDisplay,1764335682.0113707,511.86074686050415,False
129,0,10,startFixPeriod,1764335682.2057562,512.0551335811615,False
130,0,10,TargetPresentation,1764335683.3158646,513.1652419567108,False
131,0,10,TargetRemoval,1764335683.4754853,513.3248598575592,True
132,0,10,TargetReappeared,1764335683.7253616,513.5747389793396,False
133,0,10,RightResponse,1764335684.1348467,513.9842214584351,False
134,0,11,FeedbackPeriodStarted,1764335684.1484709,513.9978477954865,False
135,0,11,startFixDisplay,1764335684.1486142,513.9979882240295,False
136,0,11,startFixPeriod,1764335684.52328,514.3726575374603,False
137,0,11,TargetPresentation,1764335685.4878578,515.3372356891632,False
138,0,11,TargetDisplacement,1764335685.619541,515.4689183235168,True
139,0,11,RightResponse,1764335686.5843694,516.4337449073792,False
140,0,12,FeedbackPeriodStarted,1764335686.6049097,516.4542844295502,False
141,0,12,startFixDisplay,1764335686.6049738,516.4543478488922,False
142,0,12,startFixPeriod,1764335686.8616977,516.7110750675201,False
143,0,12,TargetPresentation,1764335688.1179197,517.9672980308533,False
144,0,12,TargetDisplacement,1764335688.2703836,518.1197607517242,True
145,0,12,LeftResponse,1764335688.7982085,518.6475853919983,False
146,0,12,FeedbackPeriodStarted,1764335688.8117793,518.6611568927765,False
147,0,13,startFixDisplay,1764335690.8168905,520.6662685871124,False
148,0,13,startFixPeriod,1764335690.823812,520.6731889247894,False
149,0,13,TargetPresentation,1764335692.121639,521.9710137844086,False
150,0,13,TargetDisplacement,1764335692.2879827,522.1373569965363,True
151,0,13,RightResponse,1764335692.7741992,522.6235761642456,False
152,0,14,FeedbackPeriodStarted,1764335692.7875535,522.636928319931,False
153,0,14,startFixDisplay,1764335692.787646,522.6370203495026,False
154,0,14,startFixPeriod,1764335693.0445595,522.8939368724823,False
155,0,14,TargetPresentation,1764335693.9811249,523.8305025100708,False
156,0,14,TargetRemoval,1764335694.1476262,523.9970033168793,True
157,0,14,TargetReappeared,1764335694.3976343,524.2470116615295,False
158,0,14,LeftResponse,1764335694.6686733,524.5180492401123,False
159,0,15,FeedbackPeriodStarted,1764335694.6818345,524.531209230423,False
160,0,15,startFixDisplay,1764335694.681902,524.5312757492065,False
161,0,15,startFixPeriod,1764335694.8207588,524.6701362133026,False
162,0,15,TargetPresentation,1764335695.9797058,525.8290812969208,False
163,0,15,TargetDisplacement,1764335696.139172,525.9885499477386,True
164,0,15,LeftResponse,1764335696.6045434,526.4539203643799,False
165,0,16,FeedbackPeriodStarted,1764335696.6248546,526.4742314815521,False
166,0,16,startFixDisplay,1764335696.6249695,526.4743432998657,False
167,0,16,startFixPeriod,1764335697.3257537,527.1751291751862,False
168,0,16,TargetPresentation,1764335698.685943,528.5353178977966,False
169,0,16,TargetDisplacement,1764335698.831424,528.680801153183,True
170,0,16,LeftResponse,1764335699.1788628,529.0282399654388,False
171,0,17,FeedbackPeriodStarted,1764335699.1923091,529.0416870117188,False
172,0,17,startFixDisplay,1764335699.1924548,529.0418305397034,False
173,0,17,startFixPeriod,1764335699.4561126,529.3054902553558,False
174,0,17,TargetPresentation,1764335700.0112152,529.8605930805206,False
175,0,17,TargetRemoval,1764335700.177668,530.027045249939,True
176,0,17,TargetReappeared,1764335700.4275913,530.276967048645,False
177,0,17,LeftResponse,1764335700.8165398,530.6659164428711,False
178,0,18,FeedbackPeriodStarted,1764335700.8369565,530.6863322257996,False
179,0,18,startFixDisplay,1764335700.8370528,530.6864275932312,False
180,0,18,startFixPeriod,1764335701.1491916,530.998566865921,False
181,0,18,TargetPresentation,1764335701.9749017,531.8242766857147,False
182,0,18,TargetDisplacement,1764335702.1137888,531.9631662368774,True
183,0,18,LeftResponse,1764335702.7941065,532.6434826850891,False
184,0,18,FeedbackPeriodStarted,1764335702.8008626,532.6502406597137,False
185,0,19,startFixDisplay,1764335704.805999,534.6553766727448,False
186,0,19,startFixPeriod,1764335704.8128843,534.6622586250305,False
187,0,19,TargetPresentation,1764335705.3960588,535.245433807373,False
188,0,19,TargetRemoval,1764335705.5554676,535.4048445224762,True
189,0,19,TargetReappeared,1764335705.8052895,535.6546647548676,False
190,0,19,LeftResponse,1764335706.0277653,535.8771421909332,False
191,0,20,FeedbackPeriodStarted,1764335706.0414128,535.8907902240753,False
192,0,20,startFixDisplay,1764335706.0416934,535.8910691738129,False
193,0,20,startFixPeriod,1764335706.4436955,536.2930729389191,False
194,0,20,TargetPresentation,1764335707.519336,537.3687138557434,False
195,0,20,TargetRemoval,1764335707.6648974,537.514274597168,True
196,0,20,TargetReappeared,1764335707.914791,537.7641687393188,False
197,0,20,LeftResponse,1764335708.3175626,538.1669549942017,False
198,0,21,FeedbackPeriodStarted,1764335708.3379698,538.187344789505,False
199,0,21,startFixDisplay,1764335708.3380337,538.1874077320099,False
200,0,21,startFixPeriod,1764335708.7961032,538.6454784870148,False
201,0,21,TargetPresentation,1764335709.5456247,539.3949999809265,False
202,0,21,TargetRemoval,1764335709.7049751,539.5543520450592,True
203,0,21,TargetReappeared,1764335709.9549532,539.8043301105499,False
204,0,21,LeftResponse,1764335710.3507178,540.2000935077667,False
205,0,22,FeedbackPeriodStarted,1764335710.371121,540.2204985618591,False
206,0,22,startFixDisplay,1764335710.3712606,540.220636844635,False
207,0,22,startFixPeriod,1764335711.2386174,541.0879950523376,False
208,0,22,TargetPresentation,1764335712.272621,542.1219992637634,False
209,0,22,TargetDisplacement,1764335712.445924,542.2953014373779,True
210,0,22,RightResponse,1764335713.4318395,543.2812163829803,False
211,0,23,FeedbackPeriodStarted,1764335713.4589496,543.3083271980286,False
212,0,23,startFixDisplay,1764335713.4590924,543.3084664344788,False
213,0,23,startFixPeriod,1764335713.7575512,543.6069283485413,False
214,0,23,TargetPresentation,1764335714.382021,544.2313983440399,False
215,0,23,TargetRemoval,1764335714.3890467,544.2384221553802,True
216,0,23,TargetReappeared,1764335714.6387026,544.4880776405334,False
217,0,23,RightResponse,1764335715.3816307,545.2310061454773,False
218,0,24,FeedbackPeriodStarted,1764335715.4019778,545.2513554096222,False
219,0,24,startFixDisplay,1764335715.4021258,545.2515017986298,False
220,0,24,startFixPeriod,1764335715.5825148,545.4318919181824,False
221,0,24,TargetPresentation,1764335717.0674295,546.9168074131012,False
222,0,24,TargetRemoval,1764335717.2129033,547.0622773170471,True
223,0,24,TargetReappeared,1764335717.4629009,547.31227850914,False
224,0,24,LeftResponse,1764335717.8448281,547.6942036151886,False
225,0,24,FeedbackPeriodStarted,1764335717.8514247,547.7008037567139,False
226,0,25,startFixDisplay,1764335719.856763,549.706140756607,False
227,0,25,startFixPeriod,1764335719.8637128,549.7130897045135,False
228,0,25,TargetPresentation,1764335720.4120755,550.2614505290985,False
229,0,25,TargetRemoval,1764335720.55775,550.4071273803711,True
230,0,25,TargetReappeared,1764335720.8076334,550.6570110321045,False
231,0,25,RightResponse,1764335721.2588923,551.1082670688629,False
232,0,26,FeedbackPeriodStarted,1764335721.2723339,551.1217114925385,False
233,0,26,startFixDisplay,1764335721.2724798,551.1218559741974,False
234,0,26,startFixPeriod,1764335721.46683,551.3162076473236,False
235,0,26,TargetPresentation,1764335722.0775135,551.9268915653229,False
236,0,26,TargetDisplacement,1764335722.3756876,552.2250649929047,True
237,0,26,LeftResponse,1764335722.9796941,552.8290686607361,False
238,0,27,FeedbackPeriodStarted,1764335722.9932632,552.84264087677,False
239,0,27,startFixDisplay,1764335722.9934082,552.8427841663361,False
240,0,27,startFixPeriod,1764335723.166951,553.0163283348083,False
241,0,27,TargetPresentation,1764335724.1868968,554.0362734794617,False
242,0,27,TargetDisplacement,1764335724.3463728,554.1957504749298,True
243,0,27,RightResponse,1764335724.9157,554.7650754451752,False
244,0,28,FeedbackPeriodStarted,1764335724.9361668,554.7855441570282,False
245,0,28,startFixDisplay,1764335724.9363708,554.7857477664948,False
246,0,28,startFixPeriod,1764335725.1930788,555.0424559116364,False
247,0,28,TargetPresentation,1764335726.1090546,555.9584314823151,False
248,0,28,TargetRemoval,1764335726.2545352,556.103912115097,True
249,0,28,TargetReappeared,1764335726.5045152,556.3538925647736,False
250,0,28,LeftResponse,1764335726.9903598,556.8397343158722,False
251,0,29,FeedbackPeriodStarted,1764335727.0039742,556.853351354599,False
252,0,29,startFixDisplay,1764335727.0040655,556.8534395694733,False
253,0,29,startFixPeriod,1764335727.1845915,557.0339720249176,False
254,0,29,TargetPresentation,1764335728.3364718,558.1858496665955,False
255,0,29,TargetRemoval,1764335728.46809,558.317464351654,True
256,0,29,TargetReappeared,1764335728.7180734,558.5674483776093,False
257,0,29,RightResponse,1764335729.1277463,558.9771220684052,False
258,0,30,FeedbackPeriodStarted,1764335729.1482742,558.9976511001587,False
259,0,30,startFixDisplay,1764335729.1483912,558.9977667331696,False
260,0,30,startFixPeriod,1764335729.5784578,559.4278354644775,False
261,0,30,TargetPresentation,1764335730.9038672,560.7532448768616,False
262,0,30,TargetDisplacement,1764335731.035533,560.8849103450775,True
263,0,30,LeftResponse,1764335731.618862,561.468239068985,False
264,0,30,FeedbackPeriodStarted,1764335731.6253622,561.4747395515442,False
265,0,31,startFixDisplay,1764335733.630693,563.48006772995,False
266,0,31,startFixPeriod,1764335733.7072232,563.5565986633301,False
267,0,31,TargetPresentation,1764335734.2970417,564.1464173793793,False
268,0,31,TargetDisplacement,1764335734.4635174,564.3128945827484,True
269,0,31,LeftResponse,1764335735.0468354,564.8962104320526,False
270,0,32,FeedbackPeriodStarted,1764335735.0602136,564.9095911979675,False
271,0,32,startFixDisplay,1764335735.0603635,564.9097394943237,False
272,0,32,startFixPeriod,1764335735.2406456,565.0900228023529,False
273,0,32,TargetPresentation,1764335736.3301234,566.1794989109039,False
274,0,32,TargetDisplacement,1764335736.8018467,566.6512241363525,True
275,0,32,RightResponse,1764335737.378053,567.2274281978607,False
276,0,33,FeedbackPeriodStarted,1764335737.3987923,567.2481701374054,False
277,0,33,startFixDisplay,1764335737.3988907,567.2482647895813,False
278,0,33,startFixPeriod,1764335737.662521,567.5118985176086,False
279,0,33,TargetPresentation,1764335738.9808934,568.8302710056305,False
280,0,33,TargetDisplacement,1764335739.1473675,568.9967448711395,True
281,0,33,LeftResponse,1764335740.327148,570.1765234470367,False
282,0,34,FeedbackPeriodStarted,1764335740.3477798,570.1971569061279,False
283,0,34,startFixDisplay,1764335740.347927,570.1973032951355,False
284,0,34,startFixPeriod,1764335740.5214477,570.3708252906799,False
285,0,34,TargetPresentation,1764335741.451293,571.3006711006165,False
286,0,34,TargetDisplacement,1764335741.6177166,571.4670939445496,True
287,0,34,LeftResponse,1764335742.5477624,572.3971374034882,False
288,0,35,FeedbackPeriodStarted,1764335742.5611904,572.4105651378632,False
289,0,35,startFixDisplay,1764335742.5612588,572.4106328487396,False
290,0,35,startFixPeriod,1764335742.728015,572.577392578125,False
291,0,35,TargetPresentation,1764335744.0534246,573.9028027057648,False
292,0,35,TargetDisplacement,1764335744.198923,574.0482976436615,True
293,0,35,LeftResponse,1764335744.906868,574.7562427520752,False
294,0,36,FeedbackPeriodStarted,1764335744.9204614,574.7698361873627,False
295,0,36,startFixDisplay,1764335744.9205303,574.7699043750763,False
296,0,36,startFixPeriod,1764335745.0873623,574.936740398407,False
297,0,36,TargetPresentation,1764335746.197557,576.0469319820404,False
298,0,36,TargetDisplacement,1764335746.2045262,576.0539038181305,True
299,0,36,LeftResponse,1764335747.682704,577.5320794582367,False
300,0,36,FeedbackPeriodStarted,1764335747.696153,577.5455300807953,False
301,0,37,startFixDisplay,1764335749.7015207,579.5508980751038,False
302,0,37,startFixPeriod,1764335749.7084808,579.5578577518463,False
303,0,37,TargetPresentation,1764335750.5136952,580.3630731105804,False
304,0,37,TargetDisplacement,1764335750.6591,580.5084745883942,True
305,0,37,LeftResponse,1764335751.5408647,581.3902401924133,False
306,0,38,FeedbackPeriodStarted,1764335751.5612302,581.4106073379517,False
307,0,38,startFixDisplay,1764335751.5614383,581.4108147621155,False
308,0,38,startFixPeriod,1764335751.8389425,581.6883199214935,False
309,0,38,TargetPresentation,1764335752.4910939,582.3404686450958,False
310,0,38,TargetRemoval,1764335752.4980967,582.3474740982056,True
311,0,38,TargetReappeared,1764335752.7478993,582.5972766876221,False
312,0,38,RightResponse,1764335753.2753782,583.1247527599335,False
313,0,39,FeedbackPeriodStarted,1764335753.288939,583.1383137702942,False
314,0,39,startFixDisplay,1764335753.2890081,583.1383821964264,False
315,0,39,startFixPeriod,1764335754.0386736,583.8880498409271,False
316,0,39,TargetPresentation,1764335755.4819684,585.3313462734222,False
317,0,39,TargetDisplacement,1764335755.6276386,585.4770181179047,True
318,0,39,RightResponse,1764335757.3834434,587.2328188419342,False
319,0,40,FeedbackPeriodStarted,1764335757.3969676,587.2463426589966,False
320,0,40,startFixDisplay,1764335757.397031,587.2464053630829,False
321,0,40,startFixPeriod,1764335757.6261282,587.4755058288574,False
322,0,40,TargetPresentation,1764335758.6668224,588.5161998271942,False
323,0,40,TargetDisplacement,1764335758.7986233,588.6480007171631,True
324,0,40,LeftResponse,1764335760.2213383,590.0707139968872,False
325,0,41,FeedbackPeriodStarted,1764335760.242086,590.091463804245,False
326,0,41,startFixDisplay,1764335760.2422245,590.0916004180908,False
327,0,41,startFixPeriod,1764335760.5198472,590.3692252635956,False
328,0,41,TargetPresentation,1764335761.7062118,591.555587053299,False
329,0,41,TargetDisplacement,1764335761.8586993,591.7080738544464,True
330,0,41,RightResponse,1764335763.0872242,592.9365990161896,False
331,0,42,FeedbackPeriodStarted,1764335763.1008399,592.9502146244049,False
332,0,42,startFixDisplay,1764335763.1009085,592.9502825737,False
333,0,42,startFixPeriod,1764335763.274423,593.1238000392914,False
334,0,42,TargetPresentation,1764335764.4887433,594.3381209373474,False
335,0,42,TargetDisplacement,1764335764.5718825,594.421257019043,True
336,0,42,LeftResponse,1764335765.5783234,595.4276986122131,False
337,0,42,FeedbackPeriodStarted,1764335765.585118,595.4344930648804,False
338,0,43,startFixDisplay,1764335767.5903788,597.4397556781769,False
339,0,43,startFixPeriod,1764335767.5973077,597.4466843605042,False
340,0,43,TargetPresentation,1764335768.1388364,597.9882144927979,False
341,0,43,TargetRemoval,1764335768.3121524,598.1615297794342,True
342,0,43,TargetReappeared,1764335768.5620668,598.4114418029785,False
343,0,43,LeftResponse,1764335768.9161878,598.7655634880066,False
344,0,44,FeedbackPeriodStarted,1764335768.9366572,598.7860350608826,False
345,0,44,startFixDisplay,1764335768.936803,598.7861795425415,False
346,0,44,startFixPeriod,1764335769.3739743,599.2233507633209,False
347,0,44,TargetPresentation,1764335770.8034127,600.6527905464172,False
348,0,44,TargetRemoval,1764335770.956071,600.8054451942444,True
349,0,44,TargetReappeared,1764335771.2058442,601.0552220344543,False
350,0,44,LeftResponse,1764335771.7681942,601.6175713539124,False
351,0,45,FeedbackPeriodStarted,1764335771.788506,601.6378831863403,False
352,0,45,startFixDisplay,1764335771.7886999,601.6380763053894,False
353,0,45,startFixPeriod,1764335772.558952,602.4083287715912,False
354,0,45,TargetPresentation,1764335773.6413465,603.4907240867615,False
355,0,45,TargetDisplacement,1764335773.7799642,603.6293411254883,True
356,0,45,RightResponse,1764335775.4597604,605.3091371059418,False
357,0,46,FeedbackPeriodStarted,1764335775.4730337,605.3224084377289,False
358,0,46,startFixDisplay,1764335775.4731598,605.3225340843201,False
359,0,46,startFixPeriod,1764335775.7786388,605.6280167102814,False
360,0,46,TargetPresentation,1764335776.9652083,606.8145854473114,False
361,0,46,TargetRemoval,1764335776.9721048,606.8214795589447,True
362,0,46,TargetReappeared,1764335777.221921,607.0712959766388,False
363,0,46,RightResponse,1764335777.8606813,607.7100579738617,False
364,0,47,FeedbackPeriodStarted,1764335777.8739367,607.7233114242554,False
365,0,47,startFixDisplay,1764335777.873991,607.7233760356903,False
366,0,47,startFixPeriod,1764335778.4571247,608.3065023422241,False
367,0,47,TargetPresentation,1764335779.5465102,609.3958878517151,False
368,0,47,TargetDisplacement,1764335779.5534472,609.4028227329254,True
369,0,47,LeftResponse,1764335780.4628131,610.3121902942657,False
370,0,48,FeedbackPeriodStarted,1764335780.4760811,610.3254556655884,False
371,0,48,startFixDisplay,1764335780.4761484,610.3255224227905,False
372,0,48,startFixPeriod,1764335780.8024712,610.6518485546112,False
373,0,48,TargetPresentation,1764335782.218076,612.0674512386322,False
374,0,48,TargetDisplacement,1764335782.363606,612.2129831314087,True
375,0,48,RightResponse,1764335783.2314165,613.0807936191559,False
376,0,48,FeedbackPeriodStarted,1764335783.2378979,613.0872752666473,False
377,0,49,startFixDisplay,1764335785.2432823,615.0926594734192,False
378,0,49,startFixPeriod,1764335785.2501705,615.0995452404022,False
379,0,49,TargetPresentation,1764335786.5618837,616.4112606048584,False
380,0,49,TargetDisplacement,1764335786.7144272,616.5638043880463,True
381,0,49,LeftResponse,1764335787.2561345,617.1055104732513,False
382,0,50,FeedbackPeriodStarted,1764335787.2694726,617.1188476085663,False
383,0,50,startFixDisplay,1764335787.269545,617.11891913414,False
384,0,50,startFixPeriod,1764335787.692866,617.542240858078,False
385,0,50,TargetPresentation,1764335788.4979227,618.3472998142242,False
386,0,50,TargetDisplacement,1764335788.6365016,618.4858784675598,True
387,0,50,LeftResponse,1764335789.4070327,619.2564091682434,False
388,0,51,FeedbackPeriodStarted,1764335789.420584,619.2699589729309,False
389,0,51,startFixDisplay,1764335789.420712,619.2700862884521,False
390,0,51,startFixPeriod,1764335789.6634924,619.5128695964813,False
391,0,51,TargetPresentation,1764335790.6629074,620.5122849941254,False
392,0,51,TargetRemoval,1764335790.8083854,620.6577625274658,True
393,0,51,TargetReappeared,1764335791.0582383,620.9076156616211,False
394,0,51,RightResponse,1764335791.398701,621.2480771541595,False
395,0,52,FeedbackPeriodStarted,1764335791.4121444,621.2615218162537,False
396,0,52,startFixDisplay,1764335791.4122956,621.2616717815399,False
397,0,52,startFixPeriod,1764335791.8910644,621.7404413223267,False
398,0,52,TargetPresentation,1764335793.1330743,622.9824500083923,False
399,0,52,TargetRemoval,1764335793.2926931,623.1420707702637,True
400,0,52,TargetReappeared,1764335793.5426393,623.3920147418976,False
401,0,52,LeftResponse,1764335793.9522312,623.8016073703766,False
402,0,53,FeedbackPeriodStarted,1764335793.965935,623.815313577652,False
403,0,53,startFixDisplay,1764335793.9661238,623.8155000209808,False
404,0,53,startFixPeriod,1764335794.4446642,624.2940411567688,False
405,0,53,TargetPresentation,1764335795.1107912,624.9601664543152,False
406,0,53,TargetDisplacement,1764335795.2979436,625.1473183631897,True
407,0,53,RightResponse,1764335796.700084,626.5494608879089,False
408,0,54,FeedbackPeriodStarted,1764335796.7204382,626.5698153972626,False
409,0,54,startFixDisplay,1764335796.7206628,626.5700399875641,False
410,0,54,startFixPeriod,1764335797.0049934,626.8543689250946,False
411,0,54,TargetPresentation,1764335798.0807881,627.9301660060883,False
412,0,54,TargetDisplacement,1764335798.233299,628.082676410675,True
413,0,54,FeedbackPeriodStarted,1764335800.245653,630.0950281620026,False
414,0,55,startFixDisplay,1764335802.750438,632.5998158454895,False
415,0,55,startFixPeriod,1764335802.993519,632.8428957462311,False
416,0,55,TargetPresentation,1764335804.0482376,633.8976128101349,False
417,0,55,TargetRemoval,1764335804.193828,634.0432050228119,True
418,0,55,TargetReappeared,1764335804.4438112,634.2931885719299,False
419,0,55,LeftResponse,1764335804.7630017,634.6123764514923,False
420,0,56,FeedbackPeriodStarted,1764335804.7765777,634.6259531974792,False
421,0,56,startFixDisplay,1764335804.776667,634.6260411739349,False
422,0,56,startFixPeriod,1764335805.2348356,635.0842134952545,False
423,0,56,TargetPresentation,1764335806.5879495,636.4373252391815,False
424,0,56,TargetDisplacement,1764335806.747422,636.5967991352081,True
425,0,56,RightResponse,1764335807.3791492,637.2285254001617,False
426,0,57,FeedbackPeriodStarted,1764335807.3926473,637.2420220375061,False
427,0,57,startFixDisplay,1764335807.3927152,637.2420892715454,False
428,0,57,startFixPeriod,1764335807.6010425,637.4504194259644,False
429,0,57,TargetPresentation,1764335808.5169518,638.3663296699524,False
430,0,57,TargetDisplacement,1764335808.676475,638.5258529186249,True
431,0,57,LeftResponse,1764335809.259809,639.1091859340668,False
432,0,58,FeedbackPeriodStarted,1764335809.2731884,639.122565984726,False
433,0,58,startFixDisplay,1764335809.2733686,639.1227443218231,False
434,0,58,startFixPeriod,1764335809.5231047,639.3724806308746,False
435,0,58,TargetPresentation,1764335810.2516418,640.1010196208954,False
436,0,58,TargetDisplacement,1764335810.397296,640.2466728687286,True
437,0,58,RightResponse,1764335811.050068,640.8994436264038,False
438,0,59,FeedbackPeriodStarted,1764335811.0633585,640.9127333164215,False
439,0,59,startFixDisplay,1764335811.063428,640.9128017425537,False
440,0,59,startFixPeriod,1764335811.4245074,641.2738854885101,False
441,0,59,TargetPresentation,1764335811.9447508,641.7941284179688,False
442,0,59,TargetDisplacement,1764335812.021034,641.870411157608,True
443,0,59,RightResponse,1764335812.9859102,642.8352854251862,False
444,0,60,FeedbackPeriodStarted,1764335812.9993675,642.8487422466278,False
445,0,60,startFixDisplay,1764335812.9994318,642.8488059043884,False
446,0,60,startFixPeriod,1764335813.2216787,643.0710558891296,False
447,0,60,TargetPresentation,1764335814.5192115,644.3685891628265,False
448,0,60,TargetDisplacement,1764335814.6579537,644.5073282718658,True
449,0,60,RightResponse,1764335815.8447921,645.6941692829132,False
450,0,60,FeedbackPeriodStarted,1764335815.8514876,645.7008655071259,False
451,0,61,startFixDisplay,1764335817.8568137,647.7061910629272,False
452,0,61,startFixPeriod,1764335818.0511017,647.9004788398743,False
453,0,61,TargetPresentation,1764335818.9255397,648.7749173641205,False
454,0,61,TargetDisplacement,1764335819.1197662,648.9691436290741,True
455,0,61,LeftResponse,1764335820.320429,650.1698048114777,False
456,0,62,FeedbackPeriodStarted,1764335820.3409774,650.1903550624847,False
457,0,62,startFixDisplay,1764335820.3411152,650.190491437912,False
458,0,62,startFixPeriod,1764335820.5145335,650.3639109134674,False
459,0,62,TargetPresentation,1764335821.354128,651.2035036087036,False
460,0,62,TargetDisplacement,1764335821.4859736,651.3353481292725,True
461,0,62,LeftResponse,1764335822.034249,651.8836236000061,False
462,0,63,FeedbackPeriodStarted,1764335822.0478425,651.8972175121307,False
463,0,63,startFixDisplay,1764335822.0479147,651.897289276123,False
464,0,63,startFixPeriod,1764335822.4298184,652.2791957855225,False
465,0,63,TargetPresentation,1764335823.7134645,653.5628423690796,False
466,0,63,TargetRemoval,1764335823.8590176,653.7083950042725,True
467,0,63,TargetReappeared,1764335824.108942,653.9583179950714,False
468,0,63,RightResponse,1764335824.5600708,654.4094452857971,False
469,0,64,FeedbackPeriodStarted,1764335824.5737774,654.4231548309326,False
470,0,64,startFixDisplay,1764335824.5739238,654.4232997894287,False
471,0,64,startFixPeriod,1764335824.8931518,654.7425270080566,False
472,0,64,TargetPresentation,1764335825.455093,655.3044676780701,False
473,0,64,TargetDisplacement,1764335825.6700857,655.5194599628448,True
474,0,64,RightResponse,1764335826.509988,656.359363079071,False
475,0,65,FeedbackPeriodStarted,1764335826.5235097,656.3728845119476,False
476,0,65,startFixDisplay,1764335826.523583,656.3729569911957,False
477,0,65,startFixPeriod,1764335826.690315,656.5396926403046,False
478,0,65,TargetPresentation,1764335828.0989695,657.9483444690704,False
479,0,65,TargetDisplacement,1764335828.230616,658.0799906253815,True
480,0,65,LeftResponse,1764335828.8831663,658.7325410842896,False
481,0,65,FeedbackPeriodStarted,1764335828.9177673,658.7671451568604,False
482,1,66,startFixDisplay,1764336035.7771657,865.6265428066254,False
483,1,66,startFixPeriod,1764336035.985636,865.8350138664246,False
484,1,66,TargetPresentation,1764336036.721083,866.5704591274261,False
485,1,66,TargetDisplacement,1764336036.8805573,866.7299344539642,True
486,1,66,RightResponse,1764336037.6859648,867.5353417396545,False
487,1,67,FeedbackPeriodStarted,1764336037.6993525,867.548730134964,False
488,1,67,startFixDisplay,1764336037.6994977,867.5488741397858,False
489,1,67,startFixPeriod,1764336037.9353068,867.7846820354462,False
490,1,67,TargetPresentation,1764336038.5043705,868.3537466526031,False
491,1,67,TargetRemoval,1764336038.6430838,868.4924614429474,True
492,1,67,TargetReappeared,1764336038.8929396,868.7423152923584,False
493,1,67,RightResponse,1764336039.3166425,869.1660199165344,False
494,1,68,FeedbackPeriodStarted,1764336039.336912,869.1862893104553,False
495,1,68,startFixDisplay,1764336039.3370574,869.1864333152771,False
496,1,68,startFixPeriod,1764336039.753337,869.6027128696442,False
497,1,68,TargetPresentation,1764336040.5375896,870.3869683742523,False
498,1,68,TargetRemoval,1764336040.6831224,870.5324993133545,True
499,1,68,TargetReappeared,1764336040.933099,870.7824764251709,False
500,1,68,LeftResponse,1764336041.4607327,871.3101072311401,False
501,1,69,FeedbackPeriodStarted,1764336041.4810758,871.3304507732391,False
502,1,69,startFixDisplay,1764336041.4811492,871.3305230140686,False
503,1,69,startFixPeriod,1764336041.6686797,871.5180566310883,False
504,1,69,TargetPresentation,1764336042.3208704,872.1702480316162,False
505,1,69,TargetDisplacement,1764336042.4455907,872.2949697971344,True
506,1,69,LeftResponse,1764336044.1182137,873.9675886631012,False
507,1,70,FeedbackPeriodStarted,1764336044.1317086,873.9810841083527,False
508,1,70,startFixDisplay,1764336044.131771,873.9811453819275,False
509,1,70,startFixPeriod,1764336044.3540938,874.2034704685211,False
510,1,70,TargetPresentation,1764336044.9022698,874.7516477108002,False
511,1,70,TargetDisplacement,1764336044.9091585,874.7585337162018,True
512,1,70,RightResponse,1764336046.1653142,876.0146899223328,False
513,1,71,FeedbackPeriodStarted,1764336046.1787615,876.0281360149384,False
514,1,71,startFixDisplay,1764336046.1788285,876.0282025337219,False
515,1,71,startFixPeriod,1764336046.3938994,876.2432768344879,False
516,1,71,TargetPresentation,1764336047.2614639,877.11084151268,False
517,1,71,TargetRemoval,1764336047.3307366,877.1801111698151,True
518,1,71,TargetReappeared,1764336047.5807393,877.4301166534424,False
519,1,71,LeftResponse,1764336048.0872347,877.9366092681885,False
520,1,72,FeedbackPeriodStarted,1764336048.1008315,877.9502062797546,False
521,1,72,startFixDisplay,1764336048.1008985,877.9502725601196,False
522,1,72,startFixPeriod,1764336048.3579552,878.2073328495026,False
523,1,72,TargetPresentation,1764336049.1974416,879.0468165874481,False
524,1,72,TargetDisplacement,1764336049.3291454,879.1785223484039,True
525,1,72,RightResponse,1764336049.8361735,879.6855492591858,False
526,1,72,FeedbackPeriodStarted,1764336049.8426418,879.692019701004,False
527,1,73,startFixDisplay,1764336051.8479846,881.6973626613617,False
528,1,73,startFixPeriod,1764336052.1605022,882.009880065918,False
529,1,73,TargetPresentation,1764336053.5135994,883.3629789352417,False
530,1,73,TargetDisplacement,1764336053.6660042,883.5153813362122,True
531,1,73,RightResponse,1764336054.81139,884.6607670783997,False
532,1,74,FeedbackPeriodStarted,1764336054.8318431,884.6812183856964,False
533,1,74,startFixDisplay,1764336054.8319154,884.681289434433,False
534,1,74,startFixPeriod,1764336055.0123694,884.8617472648621,False
535,1,74,TargetPresentation,1764336056.4001472,886.2495250701904,False
536,1,74,TargetDisplacement,1764336056.4070604,886.2564382553101,True
537,1,74,LeftResponse,1764336057.3579931,887.207368850708,False
538,1,75,FeedbackPeriodStarted,1764336057.37839,887.2277672290802,False
539,1,75,startFixDisplay,1764336057.37852,887.2278959751129,False
540,1,75,startFixPeriod,1764336058.065661,887.9150393009186,False
541,1,75,TargetPresentation,1764336059.1689017,889.0182769298553,False
542,1,75,TargetDisplacement,1764336059.293672,889.1430509090424,True
543,1,75,LeftResponse,1764336059.890783,889.7401587963104,False
544,1,76,FeedbackPeriodStarted,1764336059.9112494,889.7606267929077,False
545,1,76,startFixDisplay,1764336059.911388,889.7607638835907,False
546,1,76,startFixPeriod,1764336060.154234,890.0036113262177,False
547,1,76,TargetPresentation,1764336060.7787874,890.6281628608704,False
548,1,76,TargetDisplacement,1764336060.9313197,890.7806971073151,True
549,1,76,RightResponse,1764336062.1739073,892.0232844352722,False
550,1,77,FeedbackPeriodStarted,1764336062.1871197,892.0364947319031,False
551,1,77,startFixDisplay,1764336062.1871917,892.0365662574768,False
552,1,77,startFixPeriod,1764336062.3539932,892.2033712863922,False
553,1,77,TargetPresentation,1764336062.936809,892.7861838340759,False
554,1,77,TargetDisplacement,1764336062.9437366,892.7931139469147,True
555,1,77,RightResponse,1764336063.839169,893.6885452270508,False
556,1,78,FeedbackPeriodStarted,1764336063.8594902,893.7088675498962,False
557,1,78,startFixDisplay,1764336063.859666,893.7090423107147,False
558,1,78,startFixPeriod,1764336064.5049515,894.3543272018433,False
559,1,78,TargetPresentation,1764336065.6777732,895.5271506309509,False
560,1,78,TargetDisplacement,1764336065.8231897,895.6725640296936,True
561,1,78,LeftResponse,1764336066.3927343,896.2421114444733,False
562,1,78,FeedbackPeriodStarted,1764336066.406224,896.2555997371674,False
563,1,79,startFixDisplay,1764336068.4114573,898.2608325481415,False
564,1,79,startFixPeriod,1764336068.6059735,898.4553511142731,False
565,1,79,TargetPresentation,1764336069.6885085,899.5378863811493,False
566,1,79,TargetDisplacement,1764336069.8409607,899.6903350353241,True
567,1,79,LeftResponse,1764336070.4033678,900.2527441978455,False
568,1,80,FeedbackPeriodStarted,1764336070.4238284,900.2732033729553,False
569,1,80,startFixDisplay,1764336070.423897,900.2732710838318,False
570,1,80,startFixPeriod,1764336070.7431188,900.5924937725067,False
571,1,80,TargetPresentation,1764336071.6452217,901.4945974349976,False
572,1,80,TargetDisplacement,1764336071.769919,901.6192934513092,True
573,1,80,LeftResponse,1764336072.3049421,902.1543197631836,False
574,1,81,FeedbackPeriodStarted,1764336072.3252482,902.1746253967285,False
575,1,81,startFixDisplay,1764336072.3253858,902.1747617721558,False
576,1,81,startFixPeriod,1764336072.7414658,902.5908432006836,False
577,1,81,TargetPresentation,1764336073.9976094,903.8469891548157,False
578,1,81,TargetRemoval,1764336074.1500573,903.9994316101074,True
579,1,81,TargetReappeared,1764336074.3999784,904.2493546009064,False
580,1,81,RightResponse,1764336074.788995,904.6383709907532,False
581,1,82,FeedbackPeriodStarted,1764336074.8092732,904.6586480140686,False
582,1,82,startFixDisplay,1764336074.8093414,904.6587154865265,False
583,1,82,startFixPeriod,1764336075.0940025,904.9433791637421,False
584,1,82,TargetPresentation,1764336075.6698756,905.5192532539368,False
585,1,82,TargetDisplacement,1764336075.8224196,905.671796798706,True
586,1,82,RightResponse,1764336076.3709111,906.2202868461609,False
587,1,83,FeedbackPeriodStarted,1764336076.3914135,906.2407908439636,False
588,1,83,startFixDisplay,1764336076.391558,906.2409341335297,False
589,1,83,startFixPeriod,1764336076.5650015,906.4143917560577,False
590,1,83,TargetPresentation,1764336077.439213,907.288590669632,False
591,1,83,TargetRemoval,1764336077.5779326,907.4273092746735,True
592,1,83,TargetReappeared,1764336077.8278275,907.6772050857544,False
593,1,83,RightResponse,1764336078.341833,908.1912107467651,False
594,1,84,FeedbackPeriodStarted,1764336078.3620758,908.2114531993866,False
595,1,84,startFixDisplay,1764336078.3622236,908.2115998268127,False
596,1,84,startFixPeriod,1764336078.5843282,908.4337050914764,False
597,1,84,TargetPresentation,1764336079.7430856,909.5924603939056,False
598,1,84,TargetDisplacement,1764336079.8817282,909.7311050891876,True
599,1,84,LeftResponse,1764336080.666202,910.5155782699585,False
600,1,84,FeedbackPeriodStarted,1764336080.6798587,910.5292363166809,False
601,1,85,startFixDisplay,1764336082.685067,912.5344452857971,False
602,1,85,startFixPeriod,1764336082.8795924,912.7289707660675,False
603,1,85,TargetPresentation,1764336084.21181,914.061187505722,False
604,1,85,TargetDisplacement,1764336084.3644354,914.2138142585754,True
605,1,85,LeftResponse,1764336085.2042668,915.0536420345306,False
606,1,86,FeedbackPeriodStarted,1764336085.2247932,915.0741710662842,False
607,1,86,startFixDisplay,1764336085.224942,915.0743179321289,False
608,1,86,startFixPeriod,1764336085.460855,915.3102328777313,False
609,1,86,TargetPresentation,1764336086.8417957,916.6911730766296,False
610,1,86,TargetDisplacement,1764336086.980407,916.8297839164734,True
611,1,86,RightResponse,1764336087.508104,917.3574793338776,False
612,1,87,FeedbackPeriodStarted,1764336087.5286088,917.3779864311218,False
613,1,87,startFixDisplay,1764336087.5287626,917.3781385421753,False
614,1,87,startFixPeriod,1764336087.9519722,917.8013479709625,False
615,1,87,TargetPresentation,1764336088.9789863,918.8283638954163,False
616,1,87,TargetRemoval,1764336089.1037228,918.9530999660492,True
617,1,87,TargetReappeared,1764336089.35369,919.2030675411224,False
618,1,87,RightResponse,1764336089.8119128,919.661289691925,False
619,1,88,FeedbackPeriodStarted,1764336089.832352,919.6817293167114,False
620,1,88,startFixDisplay,1764336089.8324997,919.6818761825562,False
621,1,88,startFixPeriod,1764336090.34593,920.195307970047,False
622,1,88,TargetPresentation,1764336091.5393198,921.388697385788,False
623,1,88,TargetDisplacement,1764336091.671058,921.5204322338104,True
624,1,88,RightResponse,1764336092.1433418,921.9927172660828,False
625,1,89,FeedbackPeriodStarted,1764336092.1638234,922.0132009983063,False
626,1,89,startFixDisplay,1764336092.163965,922.0133409500122,False
627,1,89,startFixPeriod,1764336092.420594,922.2699718475342,False
628,1,89,TargetPresentation,1764336093.7391267,923.5885026454926,False
629,1,89,TargetRemoval,1764336093.877787,923.7271640300751,True
630,1,89,TargetReappeared,1764336094.1278152,923.9771928787231,False
631,1,89,RightResponse,1764336094.5097933,924.3591704368591,False
632,1,90,FeedbackPeriodStarted,1764336094.5300431,924.3794202804565,False
633,1,90,startFixDisplay,1764336094.5301824,924.3795585632324,False
634,1,90,startFixPeriod,1764336095.133956,924.9833338260651,False
635,1,90,TargetPresentation,1764336095.9388185,925.7881951332092,False
636,1,90,TargetDisplacement,1764336096.0635278,925.9129054546356,True
637,1,90,LeftResponse,1764336096.6188924,926.4682674407959,False
638,1,90,FeedbackPeriodStarted,1764336096.6257331,926.4751081466675,False
639,1,91,startFixDisplay,1764336098.630854,928.4802284240723,False
640,1,91,startFixPeriod,1764336098.8323743,928.6817495822906,False
641,1,91,TargetPresentation,1764336100.0050828,929.8544583320618,False
642,1,91,TargetDisplacement,1764336100.143726,929.9931035041809,True
643,1,91,RightResponse,1764336100.6852612,930.534636259079,False
644,1,92,FeedbackPeriodStarted,1764336100.7058077,930.555184841156,False
645,1,92,startFixDisplay,1764336100.706018,930.5553946495056,False
646,1,92,startFixPeriod,1764336100.9002373,930.7496135234833,False
647,1,92,TargetPresentation,1764336102.3850298,932.2344212532043,False
648,1,92,TargetRemoval,1764336102.3919683,932.2413430213928,True
649,1,92,TargetReappeared,1764336102.6417894,932.4911668300629,False
650,1,92,RightResponse,1764336103.3568301,933.2062075138092,False
651,1,93,FeedbackPeriodStarted,1764336103.370287,933.2196617126465,False
652,1,93,startFixDisplay,1764336103.370351,933.2197251319885,False
653,1,93,startFixPeriod,1764336104.0436351,933.8930127620697,False
654,1,93,TargetPresentation,1764336104.6680949,934.517471075058,False
655,1,93,TargetDisplacement,1764336104.81377,934.6631479263306,True
656,1,93,RightResponse,1764336106.0351598,935.884535074234,False
657,1,94,FeedbackPeriodStarted,1764336106.0558286,935.9052059650421,False
658,1,94,startFixDisplay,1764336106.0559564,935.905330657959,False
659,1,94,startFixPeriod,1764336106.229211,936.0785868167877,False
660,1,94,TargetPresentation,1764336107.5478742,937.3972499370575,False
661,1,94,TargetDisplacement,1764336107.6794565,937.5288336277008,True
662,1,94,RightResponse,1764336108.39443,938.2438054084778,False
663,1,95,FeedbackPeriodStarted,1764336108.4150507,938.2644283771515,False
664,1,95,startFixDisplay,1764336108.4152036,938.2645797729492,False
665,1,95,startFixPeriod,1764336108.64423,938.4936058521271,False
666,1,95,TargetPresentation,1764336109.9208896,939.7702667713165,False
667,1,95,TargetDisplacement,1764336110.0665011,939.9158780574799,True
668,1,95,LeftResponse,1764336110.566468,940.4158451557159,False
669,1,96,FeedbackPeriodStarted,1764336110.5939243,940.4433016777039,False
670,1,96,startFixDisplay,1764336110.5940506,940.4434244632721,False
671,1,96,startFixPeriod,1764336110.8647811,940.7141582965851,False
672,1,96,TargetPresentation,1764336112.127684,941.9770619869232,False
673,1,96,TargetDisplacement,1764336112.2661738,942.1155512332916,True
674,1,96,LeftResponse,1764336112.835723,942.6850998401642,False
675,1,96,FeedbackPeriodStarted,1764336112.8423626,942.6917412281036,False
676,1,97,startFixDisplay,1764336114.8474815,944.6968595981598,False
677,1,97,startFixPeriod,1764336114.9587407,944.8081181049347,False
678,1,97,TargetPresentation,1764336115.9232306,945.7726056575775,False
679,1,97,TargetDisplacement,1764336116.0618007,945.9111750125885,True
680,1,97,RightResponse,1764336116.8742936,946.7236692905426,False
681,1,98,FeedbackPeriodStarted,1764336116.8945537,946.7439312934875,False
682,1,98,startFixDisplay,1764336116.8947277,946.7441036701202,False
683,1,98,startFixPeriod,1764336117.1097791,946.9591565132141,False
684,1,98,TargetPresentation,1764336118.2964575,948.1458351612091,False
685,1,98,TargetRemoval,1764336118.4280434,948.2774176597595,True
686,1,98,TargetReappeared,1764336118.6781526,948.5275282859802,False
687,1,98,LeftResponse,1764336119.0529196,948.9022941589355,False
688,1,99,FeedbackPeriodStarted,1764336119.066454,948.9158284664154,False
689,1,99,startFixDisplay,1764336119.0665212,948.915894985199,False
690,1,99,startFixPeriod,1764336119.829892,949.6792693138123,False
691,1,99,TargetPresentation,1764336120.371061,950.22043633461,False
692,1,99,TargetDisplacement,1764336120.5028114,950.3521883487701,True
693,1,99,RightResponse,1764336121.3498943,951.199271440506,False
694,1,100,FeedbackPeriodStarted,1764336121.3702662,951.2196435928345,False
695,1,100,startFixDisplay,1764336121.3704112,951.2197873592377,False
696,1,100,startFixPeriod,1764336121.5645912,951.4139692783356,False
697,1,100,TargetPresentation,1764336122.744229,952.5936040878296,False
698,1,100,TargetRemoval,1764336122.882954,952.732328414917,True
699,1,100,TargetReappeared,1764336123.1329088,952.982284784317,False
700,1,100,LeftResponse,1764336123.528601,953.3779783248901,False
701,1,101,FeedbackPeriodStarted,1764336123.5491676,953.3985424041748,False
702,1,101,startFixDisplay,1764336123.5492396,953.39861369133,False
703,1,101,startFixPeriod,1764336124.0558567,953.905234336853,False
704,1,101,TargetPresentation,1764336125.0689068,954.9182841777802,False
705,1,101,TargetRemoval,1764336125.2074711,955.0568478107452,True
706,1,101,TargetReappeared,1764336125.4574687,955.3068449497223,False
707,1,101,RightResponse,1764336125.7770097,955.626386642456,False
708,1,102,FeedbackPeriodStarted,1764336125.7973423,955.646719455719,False
709,1,102,startFixDisplay,1764336125.79749,955.6468660831451,False
710,1,102,startFixPeriod,1764336126.3594053,956.2087831497192,False
711,1,102,TargetPresentation,1764336127.66405,957.5134253501892,False
712,1,102,TargetDisplacement,1764336127.6710503,957.5204257965088,True
713,1,102,LeftResponse,1764336128.3513033,958.2006795406342,False
714,1,102,FeedbackPeriodStarted,1764336128.357857,958.2072319984436,False
715,1,103,startFixDisplay,1764336130.3631678,960.2125453948975,False
716,1,103,startFixPeriod,1764336130.5646768,960.4140553474426,False
717,1,103,TargetPresentation,1764336131.1128411,960.9622189998627,False
718,1,103,TargetDisplacement,1764336131.265288,961.1146652698517,True
719,1,103,LeftResponse,1764336132.3622458,962.2116229534149,False
720,1,104,FeedbackPeriodStarted,1764336132.3893743,962.2387516498566,False
721,1,104,startFixDisplay,1764336132.38952,962.2388958930969,False
722,1,104,startFixPeriod,1764336132.7156727,962.5650501251221,False
723,1,104,TargetPresentation,1764336133.4164,963.265777349472,False
724,1,104,TargetDisplacement,1764336133.5690176,963.4183945655823,True
725,1,104,RightResponse,1764336134.3812814,964.2306573390961,False
726,1,105,FeedbackPeriodStarted,1764336134.4017825,964.2511599063873,False
727,1,105,startFixDisplay,1764336134.4020014,964.2513756752014,False
728,1,105,startFixPeriod,1764336134.575383,964.4247605800629,False
729,1,105,TargetPresentation,1764336135.2969632,965.1463408470154,False
730,1,105,TargetDisplacement,1764336135.3038633,965.1532390117645,True
731,1,105,RightResponse,1764336136.2618656,966.1112422943115,False
732,1,106,FeedbackPeriodStarted,1764336136.2821777,966.1315524578094,False
733,1,106,startFixDisplay,1764336136.2822447,966.1316187381744,False
734,1,106,startFixPeriod,1764336136.4488454,966.2982227802277,False
735,1,106,TargetPresentation,1764336137.704736,967.5541133880615,False
736,1,106,TargetRemoval,1764336137.7601607,967.6095352172852,True
737,1,106,TargetReappeared,1764336138.010112,967.8594913482666,False
738,1,106,RightResponse,1764336139.2941864,969.143562078476,False
739,1,107,FeedbackPeriodStarted,1764336139.3145356,969.1639130115509,False
740,1,107,startFixDisplay,1764336139.314719,969.1640951633453,False
741,1,107,startFixPeriod,1764336139.5297003,969.3790776729584,False
742,1,107,TargetPresentation,1764336140.7372143,970.5865910053253,False
743,1,107,TargetDisplacement,1764336140.7441535,970.5935287475586,True
744,1,107,LeftResponse,1764336141.4519813,971.3013558387756,False
745,1,108,FeedbackPeriodStarted,1764336141.4725308,971.3219058513641,False
746,1,108,startFixDisplay,1764336141.4726193,971.3219933509827,False
747,1,108,startFixPeriod,1764336141.7711399,971.6205151081085,False
748,1,108,TargetPresentation,1764336142.9507544,972.8001294136047,False
749,1,108,TargetDisplacement,1764336142.957714,972.8070890903473,True
750,1,108,RightResponse,1764336143.7004776,973.5498547554016,False
751,1,108,FeedbackPeriodStarted,1764336143.714004,973.5633788108826,False
752,1,109,startFixDisplay,1764336145.7192562,975.5686340332031,False
753,1,109,startFixPeriod,1764336146.0871954,975.9365701675415,False
754,1,109,TargetPresentation,1764336147.308502,977.1578788757324,False
755,1,109,TargetDisplacement,1764336147.4470556,977.2964298725128,True
756,1,109,RightResponse,1764336148.0721433,977.9215204715729,False
757,1,110,FeedbackPeriodStarted,1764336148.0925972,977.9419775009155,False
758,1,110,startFixDisplay,1764336148.0927634,977.9421381950378,False
759,1,110,startFixPeriod,1764336148.3424313,978.191808462143,False
760,1,110,TargetPresentation,1764336149.6538286,979.5032043457031,False
761,1,110,TargetDisplacement,1764336149.8202496,979.6696264743805,True
762,1,110,RightResponse,1764336150.3549333,980.2043099403381,False
763,1,111,FeedbackPeriodStarted,1764336150.3754401,980.2248177528381,False
764,1,111,startFixDisplay,1764336150.375608,980.2249846458435,False
765,1,111,startFixPeriod,1764336150.632204,980.48157954216,False
766,1,111,TargetPresentation,1764336151.5273235,981.3766984939575,False
767,1,111,TargetRemoval,1764336151.6730196,981.5223941802979,True
768,1,111,TargetReappeared,1764336151.9229429,981.7723195552826,False
769,1,111,LeftResponse,1764336152.3256834,982.1750588417053,False
770,1,112,FeedbackPeriodStarted,1764336152.3460717,982.1954464912415,False
771,1,112,startFixDisplay,1764336152.3461401,982.1955142021179,False
772,1,112,startFixPeriod,1764336152.512793,982.3621709346771,False
773,1,112,TargetPresentation,1764336153.1997712,983.049147605896,False
774,1,112,TargetRemoval,1764336153.3244424,983.1738193035126,True
775,1,112,TargetReappeared,1764336153.574425,983.423802614212,False
776,1,112,RightResponse,1764336153.9426293,983.7920062541962,False
777,1,113,FeedbackPeriodStarted,1764336153.9628794,983.8122570514679,False
778,1,113,startFixDisplay,1764336153.9630897,983.812463760376,False
779,1,113,startFixPeriod,1764336154.233664,984.0830411911011,False
780,1,113,TargetPresentation,1764336154.7608864,984.6102640628815,False
781,1,113,TargetDisplacement,1764336154.8996706,984.7490477561951,True
782,1,113,RightResponse,1764336155.7674007,985.6167776584625,False
783,1,114,FeedbackPeriodStarted,1764336155.787852,985.6372294425964,False
784,1,114,startFixDisplay,1764336155.7879946,985.6373705863953,False
785,1,114,startFixPeriod,1764336156.0170677,985.8664448261261,False
786,1,114,TargetPresentation,1764336156.8773882,986.7267639636993,False
787,1,114,TargetRemoval,1764336157.0299122,986.879289150238,True
788,1,114,TargetReappeared,1764336157.2798858,987.1292636394501,False
789,1,114,LeftResponse,1764336157.5992086,987.4485833644867,False
790,1,114,FeedbackPeriodStarted,1764336157.6060154,987.4553928375244,False
791,1,115,startFixDisplay,1764336159.6112137,989.4605915546417,False
792,1,115,startFixPeriod,1764336159.94439,989.7937676906586,False
793,1,115,TargetPresentation,1764336160.9296925,990.7790825366974,False
794,1,115,TargetRemoval,1764336161.0826752,990.9320526123047,True
795,1,115,TargetReappeared,1764336161.332136,991.1815116405487,False
796,1,115,RightResponse,1764336161.7834928,991.6328694820404,False
797,1,116,FeedbackPeriodStarted,1764336161.8039637,991.6533408164978,False
798,1,116,startFixDisplay,1764336161.8041713,991.6535477638245,False
799,1,116,startFixPeriod,1764336162.116294,991.9656689167023,False
800,1,116,TargetPresentation,1764336162.6714056,992.5207831859589,False
801,1,116,TargetDisplacement,1764336162.8308706,992.6802446842194,True
802,1,116,LeftResponse,1764336163.3102345,993.1596102714539,False
803,1,117,FeedbackPeriodStarted,1764336163.3307145,993.1801002025604,False
804,1,117,startFixDisplay,1764336163.330926,993.1803021430969,False
805,1,117,startFixPeriod,1764336163.5319364,993.3813140392303,False
806,1,117,TargetPresentation,1764336164.7254336,994.5748085975647,False
807,1,117,TargetDisplacement,1764336164.857196,994.7065732479095,True
808,1,117,LeftResponse,1764336165.8360703,995.6854467391968,False
809,1,118,FeedbackPeriodStarted,1764336165.8564324,995.7058100700378,False
810,1,118,startFixDisplay,1764336165.8566082,995.7059862613678,False
811,1,118,startFixPeriod,1764336166.0439126,995.8932902812958,False
812,1,118,TargetPresentation,1764336167.209677,997.0590553283691,False
813,1,118,TargetRemoval,1764336167.334365,997.1837418079376,True
814,1,118,TargetReappeared,1764336167.5843518,997.4337289333344,False
815,1,118,LeftResponse,1764336168.056613,997.9059898853302,False
816,1,119,FeedbackPeriodStarted,1764336168.0768325,997.9262073040009,False
817,1,119,startFixDisplay,1764336168.0768993,997.9262733459473,False
818,1,119,startFixPeriod,1764336168.3268392,998.176216840744,False
819,1,119,TargetPresentation,1764336169.749397,999.5987739562988,False
820,1,119,TargetDisplacement,1764336169.8949356,999.7443127632141,True
821,1,119,RightResponse,1764336170.4642253,1000.3136005401611,False
822,1,120,FeedbackPeriodStarted,1764336170.4847395,1000.3341171741486,False
823,1,120,startFixDisplay,1764336170.4848392,1000.3342132568359,False
824,1,120,startFixPeriod,1764336170.7070158,1000.5563933849335,False
825,1,120,TargetPresentation,1764336172.0809398,1001.9303162097931,False
826,1,120,TargetDisplacement,1764336172.2333224,1002.0826997756958,True
827,1,120,LeftResponse,1764336172.733388,1002.5827641487122,False
828,1,120,FeedbackPeriodStarted,1764336172.7400784,1002.589453458786,False
829,1,121,startFixDisplay,1764336174.745184,1004.5945591926575,False
830,1,121,startFixPeriod,1764336175.2034338,1005.0528109073639,False
831,1,121,TargetPresentation,1764336176.5009978,1006.3503732681274,False
832,1,121,TargetRemoval,1764336176.646709,1006.496086359024,True
833,1,121,TargetReappeared,1764336176.8965964,1006.7459759712219,False
834,1,121,LeftResponse,1764336177.4728792,1007.3222560882568,False
835,1,122,FeedbackPeriodStarted,1764336177.493145,1007.3425228595734,False
836,1,122,startFixDisplay,1764336177.4932914,1007.3426673412323,False
837,1,122,startFixPeriod,1764336178.0276198,1007.8769996166229,False
838,1,122,TargetPresentation,1764336178.9644022,1008.8137800693512,False
839,1,122,TargetDisplacement,1764336179.1308177,1008.9801950454712,True
840,1,122,LeftResponse,1764336179.637827,1009.487203836441,False
841,1,123,FeedbackPeriodStarted,1764336179.6581306,1009.5075080394745,False
842,1,123,startFixDisplay,1764336179.6582751,1009.507651090622,False
843,1,123,startFixPeriod,1764336180.2272077,1010.0765836238861,False
844,1,123,TargetPresentation,1764336181.6220093,1011.4713845252991,False
845,1,123,TargetRemoval,1764336181.7537608,1011.6031374931335,True
846,1,123,TargetReappeared,1764336182.0037005,1011.8530783653259,False
847,1,123,LeftResponse,1764336182.4758701,1012.3252472877502,False
848,1,124,FeedbackPeriodStarted,1764336182.496211,1012.3455855846405,False
849,1,124,startFixDisplay,1764336182.496335,1012.345709323883,False
850,1,124,startFixPeriod,1764336183.0515356,1012.9009132385254,False
851,1,124,TargetPresentation,1764336183.5719297,1013.4213047027588,False
852,1,124,TargetDisplacement,1764336183.7174914,1013.5668687820435,True
853,1,124,LeftResponse,1764336184.9044743,1014.7538499832153,False
854,1,125,FeedbackPeriodStarted,1764336184.924866,1014.7742438316345,False
855,1,125,startFixDisplay,1764336184.924975,1014.7743489742279,False
856,1,125,startFixPeriod,1764336185.1400359,1014.9894108772278,False
857,1,125,TargetPresentation,1764336186.5762691,1016.4256443977356,False
858,1,125,TargetRemoval,1764336186.7498207,1016.5991950035095,True
859,1,125,TargetReappeared,1764336186.9998481,1016.8492257595062,False
860,1,125,LeftResponse,1764336187.50645,1017.3558259010315,False
861,1,126,FeedbackPeriodStarted,1764336187.5270016,1017.3763763904572,False
862,1,126,startFixDisplay,1764336187.5270684,1017.3764424324036,False
863,1,126,startFixPeriod,1764336187.7700129,1017.6193900108337,False
864,1,126,TargetPresentation,1764336189.039917,1018.8892948627472,False
865,1,126,TargetRemoval,1764336189.171532,1019.0209090709686,True
866,1,126,TargetReappeared,1764336189.421489,1019.270866394043,False
867,1,126,RightResponse,1764336189.8520358,1019.7014112472534,False
868,1,126,FeedbackPeriodStarted,1764336189.858441,1019.7078168392181,False
869,1,127,startFixDisplay,1764336191.8637567,1021.7131311893463,False
870,1,127,startFixPeriod,1764336192.1209173,1021.9702951908112,False
871,1,127,TargetPresentation,1764336193.244984,1023.0943613052368,False
872,1,127,TargetDisplacement,1764336193.4043095,1023.2536838054657,True
873,1,127,LeftResponse,1764336193.904404,1023.7537801265717,False
874,1,128,FeedbackPeriodStarted,1764336193.924767,1023.7741417884827,False
875,1,128,startFixDisplay,1764336193.924832,1023.774206161499,False
876,1,128,startFixPeriod,1764336194.098475,1023.9478523731232,False
877,1,128,TargetPresentation,1764336194.7854087,1024.634786605835,False
878,1,128,TargetDisplacement,1764336194.9309862,1024.7803604602814,True
879,1,128,RightResponse,1764336195.6946084,1025.543984413147,False
880,1,129,FeedbackPeriodStarted,1764336195.7151701,1025.5645484924316,False
881,1,129,startFixDisplay,1764336195.7153316,1025.5647072792053,False
882,1,129,startFixPeriod,1764336195.9511518,1025.8005270957947,False
883,1,129,TargetPresentation,1764336196.492239,1026.3416163921356,False
884,1,129,TargetRemoval,1764336196.6379833,1026.4873576164246,True
885,1,129,TargetReappeared,1764336196.8878858,1026.7372634410858,False
886,1,129,LeftResponse,1764336197.3252592,1027.1746351718903,False
887,1,130,FeedbackPeriodStarted,1764336197.3457427,1027.1951203346252,False
888,1,130,startFixDisplay,1764336197.3458896,1027.19526553154,False
889,1,130,startFixPeriod,1764336197.6511183,1027.5004959106445,False
890,1,130,TargetPresentation,1764336198.2272706,1028.076648235321,False
891,1,130,TargetRemoval,1764336198.3657918,1028.2151687145233,True
892,1,130,TargetReappeared,1764336198.61582,1028.465194940567,False
893,1,130,RightResponse,1764336199.046192,1028.8955674171448,False
894,1,131,FeedbackPeriodStarted,1764336199.0666199,1028.915997505188,False
895,1,131,startFixDisplay,1764336199.0667508,1028.9161248207092,False
896,1,131,startFixPeriod,1764336199.309721,1029.1590983867645,False
897,1,131,TargetPresentation,1764336200.7251675,1030.5745451450348,False
898,1,131,TargetDisplacement,1764336200.8569152,1030.7062923908234,True
899,1,131,RightResponse,1764336202.030165,1031.879542350769,False
900,1,131,FeedbackPeriodStarted,1764336202.071224,1031.9206011295319,False
901,2,132,startFixDisplay,1764336247.077656,1076.9270312786102,False
902,2,132,startFixPeriod,1764336247.265294,1077.114669561386,False
903,2,132,TargetPresentation,1764336247.8412669,1077.6906442642212,False
904,2,132,TargetDisplacement,1764336247.9868581,1077.8362352848053,True
905,2,132,LeftResponse,1764336249.2362783,1079.0856530666351,False
906,2,133,FeedbackPeriodStarted,1764336249.2568357,1079.1062138080597,False
907,2,133,startFixDisplay,1764336249.256974,1079.106350183487,False
908,2,133,startFixPeriod,1764336249.5134466,1079.3628242015839,False
909,2,133,TargetPresentation,1764336250.7070909,1080.556468486786,False
910,2,133,TargetDisplacement,1764336250.8457074,1080.6950845718384,True
911,2,133,LeftResponse,1764336251.6234179,1081.472793340683,False
912,2,134,FeedbackPeriodStarted,1764336251.6437554,1081.4931328296661,False
913,2,134,startFixDisplay,1764336251.6438556,1081.4932296276093,False
914,2,134,startFixPeriod,1764336251.8242729,1081.6736500263214,False
915,2,134,TargetPresentation,1764336253.1149845,1082.9643623828888,False
916,2,134,TargetDisplacement,1764336253.2397165,1083.0890908241272,True
917,2,134,RightResponse,1764336253.7882032,1083.6375789642334,False
918,2,135,FeedbackPeriodStarted,1764336253.8087082,1083.658085346222,False
919,2,135,startFixDisplay,1764336253.8088512,1083.6582272052765,False
920,2,135,startFixPeriod,1764336254.2113018,1084.0606780052185,False
921,2,135,TargetPresentation,1764336255.3424141,1085.1917905807495,False
922,2,135,TargetDisplacement,1764336255.4948475,1085.344224691391,True
923,2,135,LeftResponse,1764336256.0712388,1085.9206147193909,False
924,2,136,FeedbackPeriodStarted,1764336256.0916562,1085.9410336017609,False
925,2,136,startFixDisplay,1764336256.0918062,1085.941181898117,False
926,2,136,startFixPeriod,1764336256.2791302,1086.1285071372986,False
927,2,136,TargetPresentation,1764336257.4031777,1087.2525527477264,False
928,2,136,TargetDisplacement,1764336257.5279515,1087.3773283958435,True
929,2,136,RightResponse,1764336258.2570362,1088.1064109802246,False
930,2,137,FeedbackPeriodStarted,1764336258.2774055,1088.1267828941345,False
931,2,137,startFixDisplay,1764336258.2776139,1088.1269931793213,False
932,2,137,startFixPeriod,1764336258.5342653,1088.3836421966553,False
933,2,137,TargetPresentation,1764336259.450131,1089.2995066642761,False
934,2,137,TargetRemoval,1764336259.595787,1089.4451639652252,True
935,2,137,TargetReappeared,1764336259.8461356,1089.6955115795135,False
936,2,137,LeftResponse,1764336260.1444223,1089.9937987327576,False
937,2,138,FeedbackPeriodStarted,1764336260.1648238,1090.0142130851746,False
938,2,138,startFixDisplay,1764336260.164903,1090.0142767429352,False
939,2,138,startFixPeriod,1764336260.4356086,1090.2849872112274,False
940,2,138,TargetPresentation,1764336261.6983647,1091.5477421283722,False
941,2,138,TargetRemoval,1764336261.8440351,1091.6934230327606,True
942,2,138,TargetReappeared,1764336262.093975,1091.9433512687683,False
943,2,138,RightResponse,1764336262.774064,1092.6234393119812,False
944,2,138,FeedbackPeriodStarted,1764336262.7809236,1092.6303009986877,False
945,2,139,startFixDisplay,1764336264.7862053,1094.6355798244476,False
946,2,139,startFixPeriod,1764336264.79307,1094.6424443721771,False
947,2,139,TargetPresentation,1764336266.0492117,1095.898589372635,False
948,2,139,TargetDisplacement,1764336266.2017484,1096.0511257648468,True
949,2,139,RightResponse,1764336267.5900013,1097.439376115799,False
950,2,140,FeedbackPeriodStarted,1764336267.6104171,1097.459794998169,False
951,2,140,startFixDisplay,1764336267.610562,1097.4599380493164,False
952,2,140,startFixPeriod,1764336267.818798,1097.668176651001,False
953,2,140,TargetPresentation,1764336268.727705,1098.5770826339722,False
954,2,140,TargetRemoval,1764336268.9011028,1098.7504773139954,True
955,2,140,TargetReappeared,1764336269.1510205,1099.0003979206085,False
956,2,140,LeftResponse,1764336269.4982548,1099.347630739212,False
957,2,141,FeedbackPeriodStarted,1764336269.518627,1099.3680045604706,False
958,2,141,startFixDisplay,1764336269.518775,1099.3681509494781,False
959,2,141,startFixPeriod,1764336270.0390723,1099.888447523117,False
960,2,141,TargetPresentation,1764336271.4686282,1101.3180031776428,False
961,2,141,TargetDisplacement,1764336271.6557999,1101.5051741600037,True
962,2,141,LeftResponse,1764336272.5789583,1102.4283332824707,False
963,2,142,FeedbackPeriodStarted,1764336272.5925062,1102.441880941391,False
964,2,142,startFixDisplay,1764336272.5925999,1102.441974401474,False
965,2,142,startFixPeriod,1764336273.099402,1102.948781967163,False
966,2,142,TargetPresentation,1764336274.1957803,1104.0451579093933,False
967,2,142,TargetDisplacement,1764336274.3412085,1104.1905827522278,True
968,2,142,LeftResponse,1764336275.0009692,1104.8503437042236,False
969,2,143,FeedbackPeriodStarted,1764336275.0213199,1104.870697259903,False
970,2,143,startFixDisplay,1764336275.0214643,1104.8708403110504,False
971,2,143,startFixPeriod,1764336275.514085,1105.3634605407715,False
972,2,143,TargetPresentation,1764336276.4648628,1106.314240694046,False
973,2,143,TargetDisplacement,1764336276.610397,1106.4597747325897,True
974,2,143,LeftResponse,1764336277.5543244,1107.4036991596222,False
975,2,144,FeedbackPeriodStarted,1764336277.574929,1107.4243063926697,False
976,2,144,startFixDisplay,1764336277.575081,1107.4244573116302,False
977,2,144,startFixPeriod,1764336277.7346199,1107.583997964859,False
978,2,144,TargetPresentation,1764336278.5811634,1108.4305408000946,False
979,2,144,TargetDisplacement,1764336278.726722,1108.5760991573334,True
980,2,144,RightResponse,1764336279.636146,1109.4855229854584,False
981,2,144,FeedbackPeriodStarted,1764336279.6427088,1109.4920861721039,False
982,2,145,startFixDisplay,1764336281.6480849,1111.4974632263184,False
983,2,145,startFixPeriod,1764336281.856319,1111.7056968212128,False
984,2,145,TargetPresentation,1764336282.7792594,1112.6286351680756,False
985,2,145,TargetRemoval,1764336282.9317575,1112.7811343669891,True
986,2,145,TargetReappeared,1764336283.1816278,1113.0310032367706,False
987,2,145,LeftResponse,1764336283.5564384,1113.4058136940002,False
988,2,146,FeedbackPeriodStarted,1764336283.5770833,1113.4264583587646,False
989,2,146,startFixDisplay,1764336283.577148,1113.4265220165253,False
990,2,146,startFixPeriod,1764336283.9867325,1113.8361093997955,False
991,2,146,TargetPresentation,1764336284.7707255,1114.6201009750366,False
992,2,146,TargetDisplacement,1764336284.9162571,1114.7656314373016,True
993,2,146,RightResponse,1764336285.624731,1115.4741084575653,False
994,2,147,FeedbackPeriodStarted,1764336285.6449409,1115.4943182468414,False
995,2,147,startFixDisplay,1764336285.645071,1115.4944450855255,False
996,2,147,startFixPeriod,1764336286.103102,1115.9524796009064,False
997,2,147,TargetPresentation,1764336286.6582525,1116.5076286792755,False
998,2,147,TargetDisplacement,1764336286.8107662,1116.6601605415344,True
999,2,147,RightResponse,1764336288.4210856,1118.2704627513885,False
1000,2,148,FeedbackPeriodStarted,1764336288.4414198,1118.2907972335815,False
1001,2,148,startFixDisplay,1764336288.441585,1118.2909631729126,False
1002,2,148,startFixPeriod,1764336288.6080966,1118.4574716091156,False
1003,2,148,TargetPresentation,1764336289.2187788,1119.0681567192078,False
1004,2,148,TargetRemoval,1764336289.3504028,1119.1997799873352,True
1005,2,148,TargetReappeared,1764336289.6003158,1119.4496915340424,False
1006,2,148,RightResponse,1764336290.1210291,1119.970404624939,False
1007,2,149,FeedbackPeriodStarted,1764336290.1414714,1119.9908487796783,False
1008,2,149,startFixDisplay,1764336290.1416495,1119.991025686264,False
1009,2,149,startFixPeriod,1764336290.3219962,1120.171373128891,False
1010,2,149,TargetPresentation,1764336290.8217316,1120.671109199524,False
1011,2,149,TargetDisplacement,1764336290.9602954,1120.8096725940704,True
1012,2,149,RightResponse,1764336291.5644193,1121.4137961864471,False
1013,2,150,FeedbackPeriodStarted,1764336291.5848768,1121.4342548847198,False
1014,2,150,startFixDisplay,1764336291.5850341,1121.434410572052,False
1015,2,150,startFixPeriod,1764336291.7791946,1121.6285722255707,False
1016,2,150,TargetPresentation,1764336292.5079083,1122.3572854995728,False
1017,2,150,TargetRemoval,1764336292.6329696,1122.4823472499847,True
1018,2,150,TargetReappeared,1764336292.8825552,1122.7319331169128,False
1019,2,150,LeftResponse,1764336293.2921166,1123.141492843628,False
1020,2,150,FeedbackPeriodStarted,1764336293.3059056,1123.1552832126617,False
1021,2,151,startFixDisplay,1764336295.3110158,1125.160394191742,False
1022,2,151,startFixPeriod,1764336295.5401502,1125.389527797699,False
1023,2,151,TargetPresentation,1764336296.1786847,1126.0280630588531,False
1024,2,151,TargetDisplacement,1764336296.331212,1126.1805889606476,True
1025,2,151,LeftResponse,1764336297.3168952,1127.1662719249725,False
1026,2,152,FeedbackPeriodStarted,1764336297.3372152,1127.1865923404694,False
1027,2,152,startFixDisplay,1764336297.337368,1127.1867442131042,False
1028,2,152,startFixPeriod,1764336297.5663424,1127.4157183170319,False
1029,2,152,TargetPresentation,1764336299.0027766,1128.8521540164948,False
1030,2,152,TargetRemoval,1764336299.1690133,1129.0183873176575,True
1031,2,152,TargetReappeared,1764336299.4190073,1129.2683827877045,False
1032,2,152,LeftResponse,1764336299.8288376,1129.6782143115997,False
1033,2,153,FeedbackPeriodStarted,1764336299.8492007,1129.698575258255,False
1034,2,153,startFixDisplay,1764336299.8493195,1129.6986935138702,False
1035,2,153,startFixPeriod,1764336300.0574195,1129.9067966938019,False
1036,2,153,TargetPresentation,1764336300.8693447,1130.7187237739563,False
1037,2,153,TargetDisplacement,1764336301.0149891,1130.864366054535,True
1038,2,153,RightResponse,1764336301.5149422,1131.3643188476562,False
1039,2,154,FeedbackPeriodStarted,1764336301.5353267,1131.3847014904022,False
1040,2,154,startFixDisplay,1764336301.5353901,1131.3847641944885,False
1041,2,154,startFixPeriod,1764336301.764515,1131.613893032074,False
1042,2,154,TargetPresentation,1764336302.673464,1132.5228397846222,False
1043,2,154,TargetDisplacement,1764336302.8260443,1132.6754214763641,True
1044,2,154,LeftResponse,1764336303.499413,1133.3487882614136,False
1045,2,155,FeedbackPeriodStarted,1764336303.519916,1133.3692908287048,False
1046,2,155,startFixDisplay,1764336303.5199804,1133.3693544864655,False
1047,2,155,startFixPeriod,1764336303.6727648,1133.5221421718597,False
1048,2,155,TargetPresentation,1764336304.4151936,1134.2645711898804,False
1049,2,155,TargetDisplacement,1764336304.560752,1134.4101285934448,True
1050,2,155,LeftResponse,1764336305.1092656,1134.9586408138275,False
1051,2,156,FeedbackPeriodStarted,1764336305.129818,1134.9791951179504,False
1052,2,156,startFixDisplay,1764336305.1299624,1134.979338169098,False
1053,2,156,startFixPeriod,1764336305.3241093,1135.1734845638275,False
1054,2,156,TargetPresentation,1764336306.7675195,1136.616895198822,False
1055,2,156,TargetRemoval,1764336306.9340436,1136.7834208011627,True
1056,2,156,TargetReappeared,1764336307.1838617,1137.0332388877869,False
1057,2,156,RightResponse,1764336307.6629446,1137.512319803238,False
1058,2,156,FeedbackPeriodStarted,1764336307.669446,1137.5188229084015,False
1059,2,157,startFixDisplay,1764336309.6746764,1139.524050951004,False
1060,2,157,startFixPeriod,1764336309.71662,1139.5659973621368,False
1061,2,157,TargetPresentation,1764336310.7714295,1140.620807170868,False
1062,2,157,TargetDisplacement,1764336310.903088,1140.7524650096893,True
1063,2,157,LeftResponse,1764336311.7705467,1141.619921207428,False
1064,2,158,FeedbackPeriodStarted,1764336311.7913249,1141.6406998634338,False
1065,2,158,startFixDisplay,1764336311.7913902,1141.6407639980316,False
1066,2,158,startFixPeriod,1764336311.971861,1141.8212382793427,False
1067,2,158,TargetPresentation,1764336312.7004318,1142.5498094558716,False
1068,2,158,TargetDisplacement,1764336312.8390892,1142.688465833664,True
1069,2,158,LeftResponse,1764336313.3389738,1143.1883487701416,False
1070,2,159,FeedbackPeriodStarted,1764336313.3594742,1143.2088510990143,False
1071,2,159,startFixDisplay,1764336313.359641,1143.2090170383453,False
1072,2,159,startFixPeriod,1764336313.6440737,1143.493448972702,False
1073,2,159,TargetPresentation,1764336314.3171823,1144.1665573120117,False
1074,2,159,TargetRemoval,1764336314.3241677,1144.173544883728,True
1075,2,159,TargetReappeared,1764336314.573925,1144.423300743103,False
1076,2,159,RightResponse,1764336316.1074827,1145.9568572044373,False
1077,2,160,FeedbackPeriodStarted,1764336316.1280098,1145.9773843288422,False
1078,2,160,startFixDisplay,1764336316.1280732,1145.977447271347,False
1079,2,160,startFixPeriod,1764336316.2947874,1146.1441645622253,False
1080,2,160,TargetPresentation,1764336317.2454464,1147.0948226451874,False
1081,2,160,TargetDisplacement,1764336317.349317,1147.1986916065216,True
1082,2,160,LeftResponse,1764336318.1547735,1148.004150390625,False
1083,2,161,FeedbackPeriodStarted,1764336318.1751869,1148.0245640277863,False
1084,2,161,startFixDisplay,1764336318.1753342,1148.024709701538,False
1085,2,161,startFixPeriod,1764336318.362683,1148.2120609283447,False
1086,2,161,TargetPresentation,1764336318.8622053,1148.711582183838,False
1087,2,161,TargetDisplacement,1764336319.0495086,1148.8988854885101,True
1088,2,161,RightResponse,1764336320.3405333,1150.1899099349976,False
1089,2,162,FeedbackPeriodStarted,1764336320.3609424,1150.210319519043,False
1090,2,162,startFixDisplay,1764336320.361082,1150.2104575634003,False
1091,2,162,startFixPeriod,1764336320.5276904,1150.3770680427551,False
1092,2,162,TargetPresentation,1764336321.0758832,1150.9252605438232,False
1093,2,162,TargetDisplacement,1764336321.2214277,1151.07080411911,True
1094,2,162,LeftResponse,1764336321.9711075,1151.820484161377,False
1095,2,162,FeedbackPeriodStarted,1764336321.9780045,1151.827382326126,False
1096,2,163,startFixDisplay,1764336323.9834013,1153.8327758312225,False
1097,2,163,startFixPeriod,1764336323.9900444,1153.8394210338593,False
1098,2,163,TargetPresentation,1764336324.9269836,1154.7763586044312,False
1099,2,163,TargetRemoval,1764336325.0864697,1154.935846567154,True
1100,2,163,TargetReappeared,1764336325.3363695,1155.1857452392578,False
1101,2,163,LeftResponse,1764336325.752887,1155.602261543274,False
1102,2,164,FeedbackPeriodStarted,1764336325.7734025,1155.6227796077728,False
1103,2,164,startFixDisplay,1764336325.7735426,1155.6229186058044,False
1104,2,164,startFixPeriod,1764336326.0025167,1155.8518924713135,False
1105,2,164,TargetPresentation,1764336326.6270823,1156.4764575958252,False
1106,2,164,TargetDisplacement,1764336326.8003693,1156.649745941162,True
1107,2,164,LeftResponse,1764336327.4183416,1157.2677178382874,False
1108,2,165,FeedbackPeriodStarted,1764336327.4386828,1157.288057565689,False
1109,2,165,startFixDisplay,1764336327.43875,1157.2881243228912,False
1110,2,165,startFixPeriod,1764336327.876042,1157.725417137146,False
1111,2,165,TargetPresentation,1764336329.3680465,1159.2174241542816,False
1112,2,165,TargetDisplacement,1764336329.5343504,1159.383727312088,True
1113,2,165,RightResponse,1764336330.5200365,1160.3694112300873,False
1114,2,166,FeedbackPeriodStarted,1764336330.540544,1160.3899207115173,False
1115,2,166,startFixDisplay,1764336330.5407217,1160.3900978565216,False
1116,2,166,startFixPeriod,1764336330.6934054,1160.542781829834,False
1117,2,166,TargetPresentation,1764336331.6718318,1161.5212092399597,False
1118,2,166,TargetDisplacement,1764336331.8242173,1161.673591852188,True
1119,2,166,LeftResponse,1764336332.3660746,1162.2154514789581,False
1120,2,167,FeedbackPeriodStarted,1764336332.3861814,1162.2355561256409,False
1121,2,167,startFixDisplay,1764336332.3862479,1162.2356221675873,False
1122,2,167,startFixPeriod,1764336332.6918414,1162.5412185192108,False
1123,2,167,TargetPresentation,1764336333.2191176,1163.0684926509857,False
1124,2,167,TargetDisplacement,1764336333.3855414,1163.2349181175232,True
1125,2,167,LeftResponse,1764336334.0936973,1163.943074464798,False
1126,2,168,FeedbackPeriodStarted,1764336334.121182,1163.9705595970154,False
1127,2,168,startFixDisplay,1764336334.1213353,1163.970710992813,False
1128,2,168,startFixPeriod,1764336335.3284762,1165.1778509616852,False
1129,2,168,TargetPresentation,1764336336.646967,1166.496344089508,False
1130,2,168,TargetDisplacement,1764336336.792578,1166.64195561409,True
1131,2,168,LeftResponse,1764336337.480034,1167.3294105529785,False
1132,2,168,FeedbackPeriodStarted,1764336337.4864848,1167.3358619213104,False
1133,2,169,startFixDisplay,1764336339.4917207,1169.3410952091217,False
1134,2,169,startFixPeriod,1764336339.498788,1169.3481647968292,False
1135,2,169,TargetPresentation,1764336340.8105261,1170.6599035263062,False
1136,2,169,TargetRemoval,1764336340.962998,1170.8123726844788,True
1137,2,169,TargetReappeared,1764336341.212945,1171.06232213974,False
1138,2,169,LeftResponse,1764336341.6433024,1171.4926784038544,False
1139,2,170,FeedbackPeriodStarted,1764336341.6637826,1171.5131595134735,False
1140,2,170,startFixDisplay,1764336341.663925,1171.5133006572723,False
1141,2,170,startFixPeriod,1764336342.1912706,1172.040646314621,False
1142,2,170,TargetPresentation,1764336343.5582433,1173.407618522644,False
1143,2,170,TargetDisplacement,1764336343.5652063,1173.4145815372467,True
1144,2,170,FeedbackPeriodStarted,1764336345.570508,1175.419885635376,False
1145,2,171,startFixDisplay,1764336346.0839777,1175.9333522319794,False
1146,2,171,startFixPeriod,1764336346.3825526,1176.2319304943085,False
1147,2,171,TargetPresentation,1764336346.9098501,1176.7592270374298,False
1148,2,171,TargetRemoval,1764336347.0554135,1176.9047904014587,True
1149,2,171,TargetReappeared,1764336347.3054485,1177.1548256874084,False
1150,2,171,LeftResponse,1764336347.7846088,1177.6339876651764,False
1151,2,172,FeedbackPeriodStarted,1764336347.8048992,1177.6542754173279,False
1152,2,172,startFixDisplay,1764336347.804997,1177.6543715000153,False
1153,2,172,startFixPeriod,1764336348.4295404,1178.2789180278778,False
1154,2,172,TargetPresentation,1764336349.4703567,1179.3197321891785,False
1155,2,172,TargetRemoval,1764336349.608974,1179.4583485126495,True
1156,2,172,TargetReappeared,1764336349.8589792,1179.7083566188812,False
1157,2,172,RightResponse,1764336350.4004126,1180.2497873306274,False
1158,2,173,FeedbackPeriodStarted,1764336350.420837,1180.2702124118805,False
1159,2,173,startFixDisplay,1764336350.4209292,1180.2703037261963,False
1160,2,173,startFixPeriod,1764336350.899876,1180.7492537498474,False
1161,2,173,TargetPresentation,1764336351.753254,1181.6026294231415,False
1162,2,173,TargetDisplacement,1764336351.7601378,1181.6095130443573,True
1163,2,173,LeftResponse,1764336353.0788593,1182.928236246109,False
1164,2,174,FeedbackPeriodStarted,1764336353.099271,1182.9486458301544,False
1165,2,174,startFixDisplay,1764336353.099335,1182.9487087726593,False
1166,2,174,startFixPeriod,1764336353.3283405,1183.1777160167694,False
1167,2,174,TargetPresentation,1764336354.0710564,1183.920434474945,False
1168,2,174,TargetDisplacement,1764336354.271968,1184.1213421821594,True
1169,2,174,LeftResponse,1764336354.9872534,1184.8366301059723,False
1170,2,174,FeedbackPeriodStarted,1764336355.000793,1184.8501706123352,False
1171,2,175,startFixDisplay,1764336357.005988,1186.855364561081,False
1172,2,175,startFixPeriod,1764336357.2628958,1187.1122734546661,False
1173,2,175,TargetPresentation,1764336357.7902498,1187.6396272182465,False
1174,2,175,TargetRemoval,1764336357.9288592,1187.778235912323,True
1175,2,175,TargetReappeared,1764336358.1787305,1188.0281076431274,False
1176,2,175,LeftResponse,1764336358.6370006,1188.48637509346,False
1177,2,176,FeedbackPeriodStarted,1764336358.6575918,1188.5069704055786,False
1178,2,176,startFixDisplay,1764336358.6577444,1188.5071201324463,False
1179,2,176,startFixPeriod,1764336359.0532153,1188.9025909900665,False
1180,2,176,TargetPresentation,1764336359.726285,1189.5756616592407,False
1181,2,176,TargetDisplacement,1764336359.8718371,1189.7212114334106,True
1182,2,176,LeftResponse,1764336360.4410655,1190.2904403209686,False
1183,2,177,FeedbackPeriodStarted,1764336360.468725,1190.3181021213531,False
1184,2,177,startFixDisplay,1764336360.4688668,1190.3182425498962,False
1185,2,177,startFixPeriod,1764336360.7254188,1190.5747961997986,False
1186,2,177,TargetPresentation,1764336362.148007,1191.99738407135,False
1187,2,177,TargetDisplacement,1764336362.3144526,1192.163830280304,True
1188,2,177,RightResponse,1764336362.8144214,1192.6637976169586,False
1189,2,178,FeedbackPeriodStarted,1764336362.834801,1192.684178352356,False
1190,2,178,startFixDisplay,1764336362.834931,1192.68430685997,False
1191,2,178,startFixPeriod,1764336363.1263766,1192.9757540225983,False
1192,2,178,TargetPresentation,1764336363.8341885,1193.6835658550262,False
1193,2,178,TargetDisplacement,1764336364.000596,1193.8499727249146,True
1194,2,178,RightResponse,1764336364.5422747,1194.3916494846344,False
1195,2,179,FeedbackPeriodStarted,1764336364.562649,1194.412026166916,False
1196,2,179,startFixDisplay,1764336364.562794,1194.4121696949005,False
1197,2,179,startFixPeriod,1764336364.7848597,1194.6342372894287,False
1198,2,179,TargetPresentation,1764336365.4579294,1195.3073081970215,False
1199,2,179,TargetRemoval,1764336365.631215,1195.4805920124054,True
1200,2,179,TargetReappeared,1764336365.8811297,1195.7305068969727,False
1201,2,179,RightResponse,1764336366.5337327,1196.383109331131,False
1202,2,180,FeedbackPeriodStarted,1764336366.554121,1196.40349817276,False
1203,2,180,startFixDisplay,1764336366.554262,1196.4036376476288,False
1204,2,180,startFixPeriod,1764336366.74847,1196.5978467464447,False
1205,2,180,TargetPresentation,1764336367.9768555,1197.8262312412262,False
1206,2,180,TargetRemoval,1764336368.1223536,1197.9717304706573,True
1207,2,180,TargetReappeared,1764336368.372276,1198.2216532230377,False
1208,2,180,LeftResponse,1764336368.7471247,1198.5964999198914,False
1209,2,180,FeedbackPeriodStarted,1764336368.75392,1198.6032946109772,False
1210,2,181,startFixDisplay,1764336370.7590039,1200.6083784103394,False
1211,2,181,startFixPeriod,1764336370.9604897,1200.8098669052124,False
1212,2,181,TargetPresentation,1764336372.1957366,1202.0451138019562,False
1213,2,181,TargetRemoval,1764336372.3413632,1202.1907403469086,True
1214,2,181,TargetReappeared,1764336372.5912616,1202.4406383037567,False
1215,2,181,LeftResponse,1764336372.9869027,1202.8362782001495,False
1216,2,182,FeedbackPeriodStarted,1764336373.007385,1202.8567621707916,False
1217,2,182,startFixDisplay,1764336373.0075262,1202.856901884079,False
1218,2,182,startFixPeriod,1764336373.2713554,1203.120730638504,False
1219,2,182,TargetPresentation,1764336374.0345964,1203.8839740753174,False
1220,2,182,TargetDisplacement,1764336374.1871932,1204.0365674495697,True
1221,2,182,RightResponse,1764336374.6384814,1204.4878571033478,False
1222,2,183,FeedbackPeriodStarted,1764336374.6588888,1204.5082659721375,False
1223,2,183,startFixDisplay,1764336374.6590374,1204.508413553238,False
1224,2,183,startFixPeriod,1764336374.832528,1204.6819055080414,False
1225,2,183,TargetPresentation,1764336375.44309,1205.292465209961,False
1226,2,183,TargetDisplacement,1764336375.588721,1205.4380979537964,True
1227,2,183,LeftResponse,1764336376.0469868,1205.896362066269,False
1228,2,184,FeedbackPeriodStarted,1764336376.0674887,1205.9168636798859,False
1229,2,184,startFixDisplay,1764336376.0675564,1205.9169301986694,False
1230,2,184,startFixPeriod,1764336376.2758904,1206.125267982483,False
1231,2,184,TargetPresentation,1764336376.969791,1206.819168329239,False
1232,2,184,TargetDisplacement,1764336377.143141,1206.9925181865692,True
1233,2,184,RightResponse,1764336377.5806956,1207.4300725460052,False
1234,2,185,FeedbackPeriodStarted,1764336377.6010587,1207.4504334926605,False
1235,2,185,startFixDisplay,1764336377.6011205,1207.4504945278168,False
1236,2,185,startFixPeriod,1764336377.788665,1207.6380455493927,False
1237,2,185,TargetPresentation,1764336378.8570428,1208.7064175605774,False
1238,2,185,TargetDisplacement,1764336379.009675,1208.8590517044067,True
1239,2,185,RightResponse,1764336380.1622882,1210.0116639137268,False
1240,2,186,FeedbackPeriodStarted,1764336380.1823993,1210.031776189804,False
1241,2,186,startFixDisplay,1764336380.182542,1210.0319180488586,False
1242,2,186,startFixPeriod,1764336380.3559182,1210.2052931785583,False
1243,2,186,TargetPresentation,1764336381.396832,1211.2462100982666,False
1244,2,186,TargetDisplacement,1764336381.556247,1211.4056341648102,True
1245,2,186,RightResponse,1764336382.1812277,1212.0306038856506,False
1246,2,186,FeedbackPeriodStarted,1764336382.1877847,1212.0371618270874,False
1247,2,187,startFixDisplay,1764336384.193118,1214.0424926280975,False
1248,2,187,startFixPeriod,1764336384.4084437,1214.2578194141388,False
1249,2,187,TargetPresentation,1764336385.3244054,1215.1737806797028,False
1250,2,187,TargetRemoval,1764336385.4768589,1215.3262355327606,True
1251,2,187,TargetReappeared,1764336385.7268593,1215.576236486435,False
1252,2,187,RightResponse,1764336386.1921635,1216.041540145874,False
1253,2,188,FeedbackPeriodStarted,1764336386.2124357,1216.061812877655,False
1254,2,188,startFixDisplay,1764336386.212613,1216.0619893074036,False
1255,2,188,startFixPeriod,1764336386.9273398,1216.776715040207,False
1256,2,188,TargetPresentation,1764336388.2943437,1218.1437208652496,False
1257,2,188,TargetRemoval,1764336388.4399736,1218.2893507480621,True
1258,2,188,TargetReappeared,1764336388.6898053,1218.5391829013824,False
1259,2,188,RightResponse,1764336389.085751,1218.9351286888123,False
1260,2,189,FeedbackPeriodStarted,1764336389.1059496,1218.9553244113922,False
1261,2,189,startFixDisplay,1764336389.106016,1218.9553897380829,False
1262,2,189,startFixPeriod,1764336389.3489823,1219.1983580589294,False
1263,2,189,TargetPresentation,1764336389.911131,1219.7605080604553,False
1264,2,189,TargetRemoval,1764336390.0567822,1219.9061589241028,True
1265,2,189,TargetReappeared,1764336390.3066545,1220.1560323238373,False
1266,2,189,LeftResponse,1764336390.7090578,1220.558432817459,False
1267,2,190,FeedbackPeriodStarted,1764336390.7297819,1220.5791590213776,False
1268,2,190,startFixDisplay,1764336390.729926,1220.5793018341064,False
1269,2,190,startFixPeriod,1764336390.9589741,1220.8083517551422,False
1270,2,190,TargetPresentation,1764336392.2148647,1222.0642421245575,False
1271,2,190,TargetRemoval,1764336392.3743577,1222.2237350940704,True
1272,2,190,TargetReappeared,1764336392.6242507,1222.4736278057098,False
1273,2,190,RightResponse,1764336392.9992535,1222.84862947464,False
1274,2,191,FeedbackPeriodStarted,1764336393.0195026,1222.86887717247,False
1275,2,191,startFixDisplay,1764336393.0195796,1222.8689539432526,False
1276,2,191,startFixPeriod,1764336393.1932411,1223.0426166057587,False
1277,2,191,TargetPresentation,1764336394.4769752,1224.326352596283,False
1278,2,191,TargetDisplacement,1764336394.6156347,1224.4650118350983,True
1279,2,191,LeftResponse,1764336395.5112526,1225.3606278896332,False
1280,2,192,FeedbackPeriodStarted,1764336395.5315938,1225.380972623825,False
1281,2,192,startFixDisplay,1764336395.5317583,1225.3811340332031,False
1282,2,192,startFixPeriod,1764336395.7329347,1225.582311630249,False
1283,2,192,TargetPresentation,1764336396.6141272,1226.4635021686554,False
1284,2,192,TargetRemoval,1764336396.766677,1226.6160535812378,True
1285,2,192,TargetReappeared,1764336397.0166836,1226.8660604953766,False
1286,2,192,LeftResponse,1764336397.3847985,1227.2341752052307,False
1287,2,192,FeedbackPeriodStarted,1764336397.3914127,1227.2407896518707,False
1288,2,193,startFixDisplay,1764336399.4034905,1229.2528674602509,False
1289,2,193,startFixPeriod,1764336399.6604123,1229.5097892284393,False
1290,2,193,TargetPresentation,1764336400.7082114,1230.5575864315033,False
1291,2,193,TargetDisplacement,1764336400.8675444,1230.7169184684753,True
1292,2,193,RightResponse,1764336401.9573066,1231.8066809177399,False
1293,2,194,FeedbackPeriodStarted,1764336401.9778266,1231.827201128006,False
1294,2,194,startFixDisplay,1764336401.9778922,1231.8272659778595,False
1295,2,194,startFixPeriod,1764336402.1377017,1231.987078666687,False
1296,2,194,TargetPresentation,1764336403.178589,1233.0279684066772,False
1297,2,194,TargetDisplacement,1764336403.1854632,1233.0348405838013,True
1298,2,194,LeftResponse,1764336404.3099492,1234.1593255996704,False
1299,2,195,FeedbackPeriodStarted,1764336404.337123,1234.1864976882935,False
1300,2,195,startFixDisplay,1764336404.3372462,1234.1866204738617,False
1301,2,195,startFixPeriod,1764336404.9410384,1234.7904155254364,False
1302,2,195,TargetPresentation,1764336405.9888499,1235.8382275104523,False
1303,2,195,TargetRemoval,1764336406.1274662,1235.976842880249,True
1304,2,195,TargetReappeared,1764336406.3774161,1236.2267932891846,False
1305,2,195,LeftResponse,1764336406.8423696,1236.6917448043823,False
1306,2,196,FeedbackPeriodStarted,1764336406.8629777,1236.7123546600342,False
1307,2,196,startFixDisplay,1764336406.8631184,1236.7124938964844,False
1308,2,196,startFixPeriod,1764336407.106035,1236.9554119110107,False
1309,2,196,TargetPresentation,1764336408.0913143,1237.9406895637512,False
1310,2,196,TargetDisplacement,1764336408.0981736,1237.947548866272,True
1311,2,196,RightResponse,1764336409.028425,1238.8778009414673,False
1312,2,197,FeedbackPeriodStarted,1764336409.0486677,1238.8980424404144,False
1313,2,197,startFixDisplay,1764336409.0487375,1238.8981115818024,False
1314,2,197,startFixPeriod,1764336409.2640133,1239.1133902072906,False
1315,2,197,TargetPresentation,1764336409.9580104,1239.807387828827,False
1316,2,197,TargetRemoval,1764336409.9648995,1239.8142766952515,True
1317,2,197,TargetReappeared,1764336410.2147892,1240.0641667842865,False
1318,2,197,RightResponse,1764336411.1031754,1240.9525496959686,False
1319,2,197,FeedbackPeriodStarted,1764336411.137636,1240.987013578415,False
1320,3,198,startFixDisplay,1764336450.2666132,1280.1159930229187,False
1321,3,198,startFixPeriod,1764336450.5236385,1280.3730158805847,False
1322,3,198,TargetPresentation,1764336451.1758509,1281.0252282619476,False
1323,3,198,TargetDisplacement,1764336451.3284028,1281.17777967453,True
1324,3,198,RightResponse,1764336451.8351793,1281.6845541000366,False
1325,3,199,FeedbackPeriodStarted,1764336451.8557177,1281.7050948143005,False
1326,3,199,startFixDisplay,1764336451.85586,1281.7052357196808,False
1327,3,199,startFixPeriod,1764336452.3624077,1282.2117850780487,False
1328,3,199,TargetPresentation,1764336453.6808476,1283.5302250385284,False
1329,3,199,TargetDisplacement,1764336453.8332782,1283.6826524734497,True
1330,3,199,RightResponse,1764336454.3957312,1284.245106458664,False
1331,3,200,FeedbackPeriodStarted,1764336454.416207,1284.2655849456787,False
1332,3,200,startFixDisplay,1764336454.4163566,1284.2657322883606,False
1333,3,200,startFixPeriod,1764336454.6176794,1284.4670569896698,False
1334,3,200,TargetPresentation,1764336455.429347,1285.2787215709686,False
1335,3,200,TargetRemoval,1764336455.5680976,1285.4174740314484,True
1336,3,200,TargetReappeared,1764336455.8179982,1285.6673738956451,False
1337,3,200,RightResponse,1764336456.234331,1286.083705663681,False
1338,3,201,FeedbackPeriodStarted,1764336456.2550502,1286.104427576065,False
1339,3,201,startFixDisplay,1764336456.2551944,1286.104570388794,False
1340,3,201,startFixPeriod,1764336456.4702961,1286.3196721076965,False
1341,3,201,TargetPresentation,1764336457.580696,1287.4300746917725,False
1342,3,201,TargetDisplacement,1764336457.7262068,1287.5755836963654,True
1343,3,201,LeftResponse,1764336458.6909215,1288.5402972698212,False
1344,3,202,FeedbackPeriodStarted,1764336458.7114048,1288.5607793331146,False
1345,3,202,startFixDisplay,1764336458.7114677,1288.5608417987823,False
1346,3,202,startFixPeriod,1764336458.9058452,1288.7552227973938,False
1347,3,202,TargetPresentation,1764336459.9882987,1289.8376758098602,False
1348,3,202,TargetDisplacement,1764336460.0020595,1289.8514363765717,True
1349,3,202,RightResponse,1764336460.5573509,1290.4067256450653,False
1350,3,203,FeedbackPeriodStarted,1764336460.5781066,1290.427482366562,False
1351,3,203,startFixDisplay,1764336460.5782633,1290.4276382923126,False
1352,3,203,startFixPeriod,1764336460.800174,1290.649551153183,False
1353,3,203,TargetPresentation,1764336461.3068602,1291.156237602234,False
1354,3,203,TargetDisplacement,1764336461.4663708,1291.3157477378845,True
1355,3,203,RightResponse,1764336462.1608372,1292.0102121829987,False
1356,3,204,FeedbackPeriodStarted,1764336462.181005,1292.030382156372,False
1357,3,204,startFixDisplay,1764336462.1811543,1292.0305280685425,False
1358,3,204,startFixPeriod,1764336462.4656816,1292.315059185028,False
1359,3,204,TargetPresentation,1764336463.7770975,1293.6264724731445,False
1360,3,204,TargetRemoval,1764336463.9227893,1293.7721662521362,True
1361,3,204,TargetReappeared,1764336464.1728058,1294.0221841335297,False
1362,3,204,LeftResponse,1764336464.5892818,1294.4386582374573,False
1363,3,204,FeedbackPeriodStarted,1764336464.6029,1294.4522771835327,False
1364,3,205,startFixDisplay,1764336466.6082802,1296.4576570987701,False
1365,3,205,startFixPeriod,1764336466.7954662,1296.6448409557343,False
1366,3,205,TargetPresentation,1764336468.1070395,1297.956416130066,False
1367,3,205,TargetRemoval,1764336468.2805026,1298.1298792362213,True
1368,3,205,TargetReappeared,1764336468.5302966,1298.3796737194061,False
1369,3,205,LeftResponse,1764336468.9190657,1298.7684423923492,False
1370,3,206,FeedbackPeriodStarted,1764336468.9394782,1298.7888531684875,False
1371,3,206,startFixDisplay,1764336468.939541,1298.7889149188995,False
1372,3,206,startFixPeriod,1764336469.3491378,1299.1985130310059,False
1373,3,206,TargetPresentation,1764336470.7647521,1300.6141293048859,False
1374,3,206,TargetRemoval,1764336470.771717,1300.6210942268372,True
1375,3,206,TargetReappeared,1764336471.021517,1300.8708944320679,False
1376,3,206,LeftResponse,1764336471.4450824,1301.294459104538,False
1377,3,207,FeedbackPeriodStarted,1764336471.465378,1301.3147549629211,False
1378,3,207,startFixDisplay,1764336471.4655228,1301.3148987293243,False
1379,3,207,startFixPeriod,1764336471.7222857,1301.571662902832,False
1380,3,207,TargetPresentation,1764336472.3953729,1302.2447500228882,False
1381,3,207,TargetDisplacement,1764336472.5618222,1302.4111993312836,True
1382,3,207,RightResponse,1764336473.1729894,1303.0223665237427,False
1383,3,208,FeedbackPeriodStarted,1764336473.1932142,1303.0425918102264,False
1384,3,208,startFixDisplay,1764336473.1933625,1303.042738199234,False
1385,3,208,startFixPeriod,1764336473.3807702,1303.2301478385925,False
1386,3,208,TargetPresentation,1764336474.2967699,1304.1461470127106,False
1387,3,208,TargetDisplacement,1764336474.4561653,1304.3055419921875,True
1388,3,208,RightResponse,1764336475.8929474,1305.7423238754272,False
1389,3,209,FeedbackPeriodStarted,1764336475.9132683,1305.7626430988312,False
1390,3,209,startFixDisplay,1764336475.9133315,1305.762705564499,False
1391,3,209,startFixPeriod,1764336476.1078405,1305.9572179317474,False
1392,3,209,TargetPresentation,1764336477.2735937,1307.1229724884033,False
1393,3,209,TargetRemoval,1764336477.4329913,1307.2823679447174,True
1394,3,209,TargetReappeared,1764336477.6828613,1307.5322387218475,False
1395,3,209,LeftResponse,1764336478.0301805,1307.8795547485352,False
1396,3,210,FeedbackPeriodStarted,1764336478.050585,1307.8999631404877,False
1397,3,210,startFixDisplay,1764336478.0507321,1307.900107383728,False
1398,3,210,startFixPeriod,1764336478.286671,1308.136048078537,False
1399,3,210,TargetPresentation,1764336479.2302825,1309.0796582698822,False
1400,3,210,TargetDisplacement,1764336479.3688836,1309.2182602882385,True
1401,3,210,LeftResponse,1764336480.2367642,1310.086139678955,False
1402,3,210,FeedbackPeriodStarted,1764336480.243336,1310.092711687088,False
1403,3,211,startFixDisplay,1764336482.2485583,1312.0979328155518,False
1404,3,211,startFixPeriod,1764336482.4570649,1312.306441783905,False
1405,3,211,TargetPresentation,1764336483.0259984,1312.8753757476807,False
1406,3,211,TargetRemoval,1764336483.1994462,1313.048823595047,True
1407,3,211,TargetReappeared,1764336483.449203,1313.2985801696777,False
1408,3,211,LeftResponse,1764336483.9627106,1313.8120849132538,False
1409,3,212,FeedbackPeriodStarted,1764336483.9833617,1313.8327367305756,False
1410,3,212,startFixDisplay,1764336483.9834292,1313.8328032493591,False
1411,3,212,startFixPeriod,1764336484.1848636,1314.0342383384705,False
1412,3,212,TargetPresentation,1764336484.8716412,1314.7210183143616,False
1413,3,212,TargetDisplacement,1764336485.0173435,1314.8667178153992,True
1414,3,212,LeftResponse,1764336485.8641703,1315.7135446071625,False
1415,3,213,FeedbackPeriodStarted,1764336485.884747,1315.7341239452362,False
1416,3,213,startFixDisplay,1764336485.8848915,1315.7342672348022,False
1417,3,213,startFixPeriod,1764336486.0653157,1315.9146909713745,False
1418,3,213,TargetPresentation,1764336487.3004687,1317.1498460769653,False
1419,3,213,TargetDisplacement,1764336487.4459944,1317.2953715324402,True
1420,3,213,LeftResponse,1764336487.883367,1317.7327420711517,False
1421,3,214,FeedbackPeriodStarted,1764336487.904001,1317.7533779144287,False
1422,3,214,startFixDisplay,1764336487.9041438,1317.7535195350647,False
1423,3,214,startFixPeriod,1764336488.1123154,1317.9616913795471,False
1424,3,214,TargetPresentation,1764336489.583318,1319.432695388794,False
1425,3,214,TargetDisplacement,1764336489.7565696,1319.6059436798096,True
1426,3,214,RightResponse,1764336490.5342631,1320.3836388587952,False
1427,3,215,FeedbackPeriodStarted,1764336490.5616732,1320.4110505580902,False
1428,3,215,startFixDisplay,1764336490.5618072,1320.4111828804016,False
1429,3,215,startFixPeriod,1764336490.7490673,1320.598444223404,False
1430,3,215,TargetPresentation,1764336491.9495442,1321.7989213466644,False
1431,3,215,TargetDisplacement,1764336492.1160653,1321.9654421806335,True
1432,3,215,RightResponse,1764336492.6990275,1322.5484018325806,False
1433,3,216,FeedbackPeriodStarted,1764336492.7197511,1322.5691287517548,False
1434,3,216,startFixDisplay,1764336492.7198994,1322.5692749023438,False
1435,3,216,startFixPeriod,1764336493.1848023,1323.0341796875,False
1436,3,216,TargetPresentation,1764336494.5934021,1324.4427785873413,False
1437,3,216,TargetDisplacement,1764336494.7459216,1324.595295906067,True
1438,3,216,LeftResponse,1764336495.225183,1325.074557542801,False
1439,3,216,FeedbackPeriodStarted,1764336495.2318447,1325.081221818924,False
1440,3,217,startFixDisplay,1764336497.2368295,1327.0862038135529,False
1441,3,217,startFixPeriod,1764336497.438311,1327.2876868247986,False
1442,3,217,TargetPresentation,1764336498.8470263,1328.6964020729065,False
1443,3,217,TargetRemoval,1764336498.9926443,1328.8420219421387,True
1444,3,217,TargetReappeared,1764336499.2425506,1329.0919270515442,False
1445,3,217,RightResponse,1764336499.6035278,1329.4529039859772,False
1446,3,218,FeedbackPeriodStarted,1764336499.6240695,1329.4734466075897,False
1447,3,218,startFixDisplay,1764336499.6242182,1329.473593711853,False
1448,3,218,startFixPeriod,1764336500.1515193,1330.0008952617645,False
1449,3,218,TargetPresentation,1764336501.3937168,1331.2430939674377,False
1450,3,218,TargetRemoval,1764336501.532266,1331.3816423416138,True
1451,3,218,TargetReappeared,1764336501.782274,1331.631649017334,False
1452,3,218,RightResponse,1764336502.2681687,1332.1175446510315,False
1453,3,219,FeedbackPeriodStarted,1764336502.2884884,1332.1378631591797,False
1454,3,219,startFixDisplay,1764336502.2885842,1332.1379582881927,False
1455,3,219,startFixPeriod,1764336502.7259321,1332.5753092765808,False
1456,3,219,TargetPresentation,1764336503.607243,1333.4566197395325,False
1457,3,219,TargetDisplacement,1764336503.614123,1333.4635004997253,True
1458,3,219,LeftResponse,1764336504.5511842,1334.4005608558655,False
1459,3,220,FeedbackPeriodStarted,1764336504.571514,1334.420891046524,False
1460,3,220,startFixDisplay,1764336504.5716817,1334.4210577011108,False
1461,3,220,startFixPeriod,1764336504.7035592,1334.552936553955,False
1462,3,220,TargetPresentation,1764336505.2726321,1335.122009754181,False
1463,3,220,TargetDisplacement,1764336505.4667168,1335.3160936832428,True
1464,3,220,LeftResponse,1764336505.9463513,1335.795726299286,False
1465,3,221,FeedbackPeriodStarted,1764336505.9662647,1335.8156394958496,False
1466,3,221,startFixDisplay,1764336505.966332,1335.8157060146332,False
1467,3,221,startFixPeriod,1764336506.1468592,1335.9962344169617,False
1468,3,221,TargetPresentation,1764336507.1530726,1337.0024499893188,False
1469,3,221,TargetRemoval,1764336507.3054814,1337.1548557281494,True
1470,3,221,TargetReappeared,1764336507.555491,1337.4048686027527,False
1471,3,221,LeftResponse,1764336507.8749166,1337.724291086197,False
1472,3,222,FeedbackPeriodStarted,1764336507.8952756,1337.7446510791779,False
1473,3,222,startFixDisplay,1764336507.8953552,1337.7447295188904,False
1474,3,222,startFixPeriod,1764336508.173135,1338.0225112438202,False
1475,3,222,TargetPresentation,1764336508.7558782,1338.6052556037903,False
1476,3,222,TargetDisplacement,1764336508.9292686,1338.7786452770233,True
1477,3,222,RightResponse,1764336509.6511533,1339.500529050827,False
1478,3,222,FeedbackPeriodStarted,1764336509.6578915,1339.5072691440582,False
1479,3,223,startFixDisplay,1764336511.6701033,1341.5194780826569,False
1480,3,223,startFixPeriod,1764336512.253174,1342.102551460266,False
1481,3,223,TargetPresentation,1764336513.2038262,1343.053201675415,False
1482,3,223,TargetDisplacement,1764336513.356319,1343.2056930065155,True
1483,3,223,LeftResponse,1764336513.8562455,1343.7056212425232,False
1484,3,224,FeedbackPeriodStarted,1764336513.8838434,1343.7332184314728,False
1485,3,224,startFixDisplay,1764336513.8839097,1343.7332835197449,False
1486,3,224,startFixPeriod,1764336514.1060026,1343.9553792476654,False
1487,3,224,TargetPresentation,1764336514.9594061,1344.8087837696075,False
1488,3,224,TargetDisplacement,1764336515.104954,1344.954330921173,True
1489,3,224,LeftResponse,1764336515.7646358,1345.6140129566193,False
1490,3,225,FeedbackPeriodStarted,1764336515.7849836,1345.634358406067,False
1491,3,225,startFixDisplay,1764336515.7850468,1345.6344208717346,False
1492,3,225,startFixPeriod,1764336516.0766165,1345.9259927272797,False
1493,3,225,TargetPresentation,1764336516.5970697,1346.446447134018,False
1494,3,225,TargetDisplacement,1764336516.7495954,1346.5989725589752,True
1495,3,225,LeftResponse,1764336517.2704737,1347.1198482513428,False
1496,3,226,FeedbackPeriodStarted,1764336517.290807,1347.1401839256287,False
1497,3,226,startFixDisplay,1764336517.2909458,1347.1403212547302,False
1498,3,226,startFixPeriod,1764336517.450526,1347.299902677536,False
1499,3,226,TargetPresentation,1764336517.9501333,1347.7995083332062,False
1500,3,226,TargetDisplacement,1764336518.074924,1347.9243009090424,True
1501,3,226,RightResponse,1764336518.6371198,1348.4864943027496,False
1502,3,227,FeedbackPeriodStarted,1764336518.6578202,1348.5071976184845,False
1503,3,227,startFixDisplay,1764336518.6579635,1348.5073392391205,False
1504,3,227,startFixPeriod,1764336518.8661685,1348.7155582904816,False
1505,3,227,TargetPresentation,1764336519.6294494,1349.4788269996643,False
1506,3,227,TargetDisplacement,1764336519.7958097,1349.645186662674,True
1507,3,227,LeftResponse,1764336520.3652213,1350.214596748352,False
1508,3,228,FeedbackPeriodStarted,1764336520.385498,1350.2348728179932,False
1509,3,228,startFixDisplay,1764336520.3855639,1350.2349381446838,False
1510,3,228,startFixPeriod,1764336520.5592983,1350.4086756706238,False
1511,3,228,TargetPresentation,1764336521.2462337,1351.0956099033356,False
1512,3,228,TargetDisplacement,1764336521.3988097,1351.2481865882874,True
1513,3,228,FeedbackPeriodStarted,1764336523.4042556,1353.253633260727,False
1514,3,229,startFixDisplay,1764336525.9160073,1355.7653844356537,False
1515,3,229,startFixPeriod,1764336526.1311443,1355.980519771576,False
1516,3,229,TargetPresentation,1764336527.4288774,1357.2782545089722,False
1517,3,229,TargetRemoval,1764336527.588278,1357.4376542568207,True
1518,3,229,TargetReappeared,1764336527.8383207,1357.6876966953278,False
1519,3,229,LeftResponse,1764336528.5045576,1358.3539326190948,False
1520,3,230,FeedbackPeriodStarted,1764336528.525107,1358.3744843006134,False
1521,3,230,startFixDisplay,1764336528.5252488,1358.374624490738,False
1522,3,230,startFixPeriod,1764336529.1635256,1359.0129029750824,False
1523,3,230,TargetPresentation,1764336530.086449,1359.9358248710632,False
1524,3,230,TargetRemoval,1764336530.259987,1360.109364271164,True
1525,3,230,TargetReappeared,1764336530.5097737,1360.3591520786285,False
1526,3,230,LeftResponse,1764336530.8775427,1360.7269167900085,False
1527,3,231,FeedbackPeriodStarted,1764336530.898232,1360.7476086616516,False
1528,3,231,startFixDisplay,1764336530.8983696,1360.7477452754974,False
1529,3,231,startFixPeriod,1764336531.1551554,1361.0045318603516,False
1530,3,231,TargetPresentation,1764336531.9253259,1361.7747015953064,False
1531,3,231,TargetRemoval,1764336532.0639822,1361.9133567810059,True
1532,3,231,TargetReappeared,1764336532.3138733,1362.163249015808,False
1533,3,231,LeftResponse,1764336532.9733708,1362.8227467536926,False
1534,3,232,FeedbackPeriodStarted,1764336532.9937818,1362.8431589603424,False
1535,3,232,startFixDisplay,1764336532.9939475,1362.8433232307434,False
1536,3,232,startFixPeriod,1764336533.2021716,1363.0515468120575,False
1537,3,232,TargetPresentation,1764336534.0624452,1363.9118223190308,False
1538,3,232,TargetDisplacement,1764336534.2081034,1364.0574774742126,True
1539,3,232,RightResponse,1764336534.8539824,1364.7033593654633,False
1540,3,233,FeedbackPeriodStarted,1764336534.8742359,1364.7236108779907,False
1541,3,233,startFixDisplay,1764336534.8743045,1364.7236783504486,False
1542,3,233,startFixPeriod,1764336535.0479288,1364.8973059654236,False
1543,3,233,TargetPresentation,1764336535.83203,1365.681407213211,False
1544,3,233,TargetDisplacement,1764336535.9775949,1365.8269717693329,True
1545,3,233,LeftResponse,1764336536.5815573,1366.4309318065643,False
1546,3,234,FeedbackPeriodStarted,1764336536.602183,1366.4515607357025,False
1547,3,234,startFixDisplay,1764336536.6023247,1366.4517004489899,False
1548,3,234,startFixPeriod,1764336536.768702,1366.6180782318115,False
1549,3,234,TargetPresentation,1764336537.3931546,1367.2425298690796,False
1550,3,234,TargetRemoval,1764336537.5666292,1367.4160056114197,True
1551,3,234,TargetReappeared,1764336537.8166106,1367.6659882068634,False
1552,3,234,RightResponse,1764336538.4621065,1368.31148147583,False
1553,3,234,FeedbackPeriodStarted,1764336538.4687412,1368.318118095398,False
1554,3,235,startFixDisplay,1764336540.474068,1370.3234448432922,False
1555,3,235,startFixPeriod,1764336540.6546278,1370.5040056705475,False
1556,3,235,TargetPresentation,1764336541.8067362,1371.656114578247,False
1557,3,235,TargetRemoval,1764336541.9590986,1371.8084757328033,True
1558,3,235,TargetReappeared,1764336542.2090065,1372.058384180069,False
1559,3,235,RightResponse,1764336542.6047986,1372.4541747570038,False
1560,3,236,FeedbackPeriodStarted,1764336542.625132,1372.474506855011,False
1561,3,236,startFixDisplay,1764336542.625196,1372.4745700359344,False
1562,3,236,startFixPeriod,1764336542.8266168,1372.6759948730469,False
1563,3,236,TargetPresentation,1764336544.1381156,1373.9874918460846,False
1564,3,236,TargetRemoval,1764336544.2836316,1374.1330082416534,True
1565,3,236,TargetReappeared,1764336544.5335238,1374.3828992843628,False
1566,3,236,RightResponse,1764336544.908732,1374.7581088542938,False
1567,3,237,FeedbackPeriodStarted,1764336544.9289792,1374.7783560752869,False
1568,3,237,startFixDisplay,1764336544.929108,1374.7784819602966,False
1569,3,237,startFixPeriod,1764336545.2412884,1375.0906636714935,False
1570,3,237,TargetPresentation,1764336546.705496,1376.554871559143,False
1571,3,237,TargetDisplacement,1764336546.8580098,1376.7073864936829,True
1572,3,237,LeftResponse,1764336547.4690995,1377.3184752464294,False
1573,3,238,FeedbackPeriodStarted,1764336547.4893918,1377.3387665748596,False
1574,3,238,startFixDisplay,1764336547.48946,1377.3388340473175,False
1575,3,238,startFixPeriod,1764336547.6700304,1377.519407749176,False
1576,3,238,TargetPresentation,1764336549.050949,1378.9003267288208,False
1577,3,238,TargetDisplacement,1764336549.189461,1379.0388379096985,True
1578,3,238,RightResponse,1764336549.97415,1379.8235268592834,False
1579,3,239,FeedbackPeriodStarted,1764336549.9943871,1379.843761920929,False
1580,3,239,startFixDisplay,1764336549.9944534,1379.8438274860382,False
1581,3,239,startFixPeriod,1764336550.2097359,1380.0591132640839,False
1582,3,239,TargetPresentation,1764336551.0562778,1380.9056551456451,False
1583,3,239,TargetDisplacement,1764336551.194881,1381.0442578792572,True
1584,3,239,RightResponse,1764336551.9655018,1381.814877986908,False
1585,3,240,FeedbackPeriodStarted,1764336551.9859436,1381.8353207111359,False
1586,3,240,startFixDisplay,1764336551.986086,1381.835461616516,False
1587,3,240,startFixPeriod,1764336552.4163,1382.2656753063202,False
1588,3,240,TargetPresentation,1764336553.2212076,1383.0705828666687,False
1589,3,240,TargetDisplacement,1764336553.380712,1383.230088710785,True
1590,3,240,LeftResponse,1764336554.2622826,1384.111657857895,False
1591,3,240,FeedbackPeriodStarted,1764336554.27592,1384.1252946853638,False
1592,3,241,startFixDisplay,1764336556.2881007,1386.137475013733,False
1593,3,241,startFixPeriod,1764336556.4756408,1386.3250184059143,False
1594,3,241,TargetPresentation,1764336557.002974,1386.8523514270782,False
1595,3,241,TargetDisplacement,1764336557.1693447,1387.018718957901,True
1596,3,241,LeftResponse,1764336557.7041602,1387.5535366535187,False
1597,3,242,FeedbackPeriodStarted,1764336557.7244692,1387.5738446712494,False
1598,3,242,startFixDisplay,1764336557.7245367,1387.5739104747772,False
1599,3,242,startFixPeriod,1764336557.9951782,1387.8445541858673,False
1600,3,242,TargetPresentation,1764336559.2443578,1389.0937325954437,False
1601,3,242,TargetDisplacement,1764336559.4038339,1389.2532110214233,True
1602,3,242,LeftResponse,1764336560.3407085,1390.1900832653046,False
1603,3,243,FeedbackPeriodStarted,1764336560.3613205,1390.210695028305,False
1604,3,243,startFixDisplay,1764336560.361386,1390.2107598781586,False
1605,3,243,startFixPeriod,1764336560.5349452,1390.38432264328,False
1606,3,243,TargetPresentation,1764336561.5411623,1391.39053940773,False
1607,3,243,TargetRemoval,1764336561.6799176,1391.5292921066284,True
1608,3,243,TargetReappeared,1764336561.9297733,1391.7791504859924,False
1609,3,243,RightResponse,1764336562.3946662,1392.2440407276154,False
1610,3,244,FeedbackPeriodStarted,1764336562.4154284,1392.264805316925,False
1611,3,244,startFixDisplay,1764336562.4155881,1392.2649643421173,False
1612,3,244,startFixPeriod,1764336562.686044,1392.5354192256927,False
1613,3,244,TargetPresentation,1764336563.7616858,1393.61106300354,False
1614,3,244,TargetDisplacement,1764336563.9071965,1393.7565732002258,True
1615,3,244,LeftResponse,1764336564.7194114,1394.5687885284424,False
1616,3,245,FeedbackPeriodStarted,1764336564.7399268,1394.589303970337,False
1617,3,245,startFixDisplay,1764336564.7401345,1394.5895121097565,False
1618,3,245,startFixPeriod,1764336565.017484,1394.8668611049652,False
1619,3,245,TargetPresentation,1764336565.9820907,1395.8314678668976,False
1620,3,245,TargetDisplacement,1764336566.1692774,1396.0186541080475,True
1621,3,245,LeftResponse,1764336566.9122243,1396.761599779129,False
1622,3,246,FeedbackPeriodStarted,1764336566.9326544,1396.7820317745209,False
1623,3,246,startFixDisplay,1764336566.932804,1396.7821798324585,False
1624,3,246,startFixPeriod,1764336567.0993404,1396.9487159252167,False
1625,3,246,TargetPresentation,1764336568.0222273,1397.8716044425964,False
1626,3,246,TargetDisplacement,1764336568.049844,1397.899220943451,True
1627,3,246,RightResponse,1764336569.2159288,1399.065304517746,False
1628,3,246,FeedbackPeriodStarted,1764336569.222605,1399.0719828605652,False
1629,3,247,startFixDisplay,1764336571.2347927,1401.084169626236,False
1630,3,247,startFixPeriod,1764336571.4223995,1401.2717769145966,False
1631,3,247,TargetPresentation,1764336572.2481325,1402.097510099411,False
1632,3,247,TargetDisplacement,1764336572.3937159,1402.2430925369263,True
1633,3,247,RightResponse,1764336573.247673,1403.0970497131348,False
1634,3,248,FeedbackPeriodStarted,1764336573.267947,1403.11732172966,False
1635,3,248,startFixDisplay,1764336573.2680144,1403.1173882484436,False
1636,3,248,startFixPeriod,1764336573.4693666,1403.3187437057495,False
1637,3,248,TargetPresentation,1764336574.4547303,1404.304107427597,False
1638,3,248,TargetDisplacement,1764336574.5933657,1404.4427435398102,True
1639,3,248,RightResponse,1764336575.808081,1405.6574563980103,False
1640,3,249,FeedbackPeriodStarted,1764336575.8283775,1405.6777522563934,False
1641,3,249,startFixDisplay,1764336575.8284438,1405.677817583084,False
1642,3,249,startFixPeriod,1764336576.0646338,1405.9140112400055,False
1643,3,249,TargetPresentation,1764336577.26504,1407.1144154071808,False
1644,3,249,TargetDisplacement,1764336577.4036312,1407.2530088424683,True
1645,3,249,RightResponse,1764336578.2922504,1408.1416268348694,False
1646,3,250,FeedbackPeriodStarted,1764336578.312684,1408.162061214447,False
1647,3,250,startFixDisplay,1764336578.3128269,1408.1622025966644,False
1648,3,250,startFixPeriod,1764336578.5348048,1408.3841824531555,False
1649,3,250,TargetPresentation,1764336579.4785066,1409.327882051468,False
1650,3,250,TargetDisplacement,1764336579.6311502,1409.480527639389,True
1651,3,250,LeftResponse,1764336580.859775,1410.709151983261,False
1652,3,251,FeedbackPeriodStarted,1764336580.880131,1410.729508638382,False
1653,3,251,startFixDisplay,1764336580.880267,1410.729642868042,False
1654,3,251,startFixPeriod,1764336581.0329173,1410.8822946548462,False
1655,3,251,TargetPresentation,1764336582.4344296,1412.2838053703308,False
1656,3,251,TargetRemoval,1764336582.594082,1412.443459033966,True
1657,3,251,TargetReappeared,1764336582.8439493,1412.693326473236,False
1658,3,251,RightResponse,1764336583.2468715,1413.096248626709,False
1659,3,252,FeedbackPeriodStarted,1764336583.2671335,1413.116510629654,False
1660,3,252,startFixDisplay,1764336583.2672756,1413.1166512966156,False
1661,3,252,startFixPeriod,1764336583.6697218,1413.519098997116,False
1662,3,252,TargetPresentation,1764336585.0853126,1414.9346873760223,False
1663,3,252,TargetRemoval,1764336585.2308424,1415.0802164077759,True
1664,3,252,TargetReappeared,1764336585.4808092,1415.3301866054535,False
1665,3,252,RightResponse,1764336585.9043033,1415.7536787986755,False
1666,3,252,FeedbackPeriodStarted,1764336585.9179475,1415.7673223018646,False
1667,3,253,startFixDisplay,1764336587.9301748,1417.7795519828796,False
1668,3,253,startFixPeriod,1764336588.1454985,1417.9948761463165,False
1669,3,253,TargetPresentation,1764336588.957391,1418.8067688941956,False
1670,3,253,TargetRemoval,1764336589.1098373,1418.9592139720917,True
1671,3,253,TargetReappeared,1764336589.3599045,1419.2092821598053,False
1672,3,253,LeftResponse,1764336590.6230328,1420.4724099636078,False
1673,3,254,FeedbackPeriodStarted,1764336590.6503794,1420.4997544288635,False
1674,3,254,startFixDisplay,1764336590.6504524,1420.4998264312744,False
1675,3,254,startFixPeriod,1764336590.837805,1420.687182188034,False
1676,3,254,TargetPresentation,1764336591.6704624,1421.5198383331299,False
1677,3,254,TargetRemoval,1764336591.8160076,1421.6653819084167,True
1678,3,254,TargetReappeared,1764336592.066063,1421.9154403209686,False
1679,3,254,RightResponse,1764336592.427023,1422.2764010429382,False
1680,3,255,FeedbackPeriodStarted,1764336592.454439,1422.3038158416748,False
1681,3,255,startFixDisplay,1764336592.4545891,1422.3039650917053,False
1682,3,255,startFixPeriod,1764336592.6835356,1422.532912015915,False
1683,3,255,TargetPresentation,1764336593.8632693,1423.7126469612122,False
1684,3,255,TargetDisplacement,1764336594.001865,1423.851241827011,True
1685,3,255,LeftResponse,1764336595.0362263,1424.8856029510498,False
1686,3,256,FeedbackPeriodStarted,1764336595.0565157,1424.9058928489685,False
1687,3,256,startFixDisplay,1764336595.0566726,1424.9060485363007,False
1688,3,256,startFixPeriod,1764336595.2440467,1425.0934238433838,False
1689,3,256,TargetPresentation,1764336596.4862788,1426.3356547355652,False
1690,3,256,TargetDisplacement,1764336596.493153,1426.3425285816193,True
1691,3,256,RightResponse,1764336597.8601696,1427.7095453739166,False
1692,3,257,FeedbackPeriodStarted,1764336597.8807106,1427.730087518692,False
1693,3,257,startFixDisplay,1764336597.8808496,1427.7302255630493,False
1694,3,257,startFixPeriod,1764336598.0611544,1427.9105305671692,False
1695,3,257,TargetPresentation,1764336599.2963655,1429.145742893219,False
1696,3,257,TargetDisplacement,1764336599.435128,1429.284504890442,True
1697,3,257,LeftResponse,1764336600.1640885,1430.0134642124176,False
1698,3,258,FeedbackPeriodStarted,1764336600.1844716,1430.0338490009308,False
1699,3,258,startFixDisplay,1764336600.1846564,1430.0340328216553,False
1700,3,258,startFixPeriod,1764336600.4691868,1430.318564414978,False
1701,3,258,TargetPresentation,1764336601.0797918,1430.9291694164276,False
1702,3,258,TargetRemoval,1764336601.1004543,1430.9498312473297,True
1703,3,258,TargetReappeared,1764336601.3503847,1431.199761390686,False
1704,3,258,RightResponse,1764336602.2319784,1432.081356048584,False
1705,3,258,FeedbackPeriodStarted,1764336602.2385795,1432.0879573822021,False
1706,3,259,startFixDisplay,1764336604.250751,1434.1001279354095,False
1707,3,259,startFixPeriod,1764336604.4798958,1434.329272031784,False
1708,3,259,TargetPresentation,1764336605.8329828,1435.6823599338531,False
1709,3,259,TargetDisplacement,1764336605.9854815,1435.8348557949066,True
1710,3,259,RightResponse,1764336606.7630858,1436.6124629974365,False
1711,3,260,FeedbackPeriodStarted,1764336606.7904818,1436.6398589611053,False
1712,3,260,startFixDisplay,1764336606.7906404,1436.6400163173676,False
1713,3,260,startFixPeriod,1764336606.9779892,1436.827364206314,False
1714,3,260,TargetPresentation,1764336607.526148,1437.375524520874,False
1715,3,260,TargetDisplacement,1764336607.6994543,1437.5488312244415,True
1716,3,260,RightResponse,1764336608.3313313,1438.1807062625885,False
1717,3,261,FeedbackPeriodStarted,1764336608.351639,1438.201013803482,False
1718,3,261,startFixDisplay,1764336608.3517065,1438.2010805606842,False
1719,3,261,startFixPeriod,1764336608.5461476,1438.3955228328705,False
1720,3,261,TargetPresentation,1764336609.3163953,1439.1657710075378,False
1721,3,261,TargetDisplacement,1764336609.4551215,1439.3044979572296,True
1722,3,261,LeftResponse,1764336610.2673323,1440.116707086563,False
1723,3,262,FeedbackPeriodStarted,1764336610.2877576,1440.137134552002,False
1724,3,262,startFixDisplay,1764336610.2879,1440.1372759342194,False
1725,3,262,startFixPeriod,1764336610.4683232,1440.3176982402802,False
1726,3,262,TargetPresentation,1764336610.9748528,1440.8242304325104,False
1727,3,262,TargetDisplacement,1764336611.1203911,1440.9697678089142,True
1728,3,262,LeftResponse,1764336612.3350875,1442.184463262558,False
1729,3,263,FeedbackPeriodStarted,1764336612.3625255,1442.211902141571,False
1730,3,263,startFixDisplay,1764336612.3627417,1442.2121181488037,False
1731,3,263,startFixPeriod,1764336612.563784,1442.4131608009338,False
1732,3,263,TargetPresentation,1764336613.4243507,1443.2737255096436,False
1733,3,263,TargetDisplacement,1764336613.5629017,1443.4122760295868,True
1734,3,263,RightResponse,1764336614.8887777,1444.738154411316,False
1735,3,263,FeedbackPeriodStarted,1764336614.9300475,1444.7794222831726,False
1736,4,264,startFixDisplay,1764336997.4372592,1827.2866337299347,False
1737,4,264,startFixPeriod,1764336997.6665273,1827.5159022808075,False
1738,4,264,TargetPresentation,1764336998.325785,1828.17516207695,False
1739,4,264,TargetDisplacement,1764336998.4782224,1828.3275966644287,True
1740,4,264,LeftResponse,1764336998.964445,1828.8138217926025,False
1741,4,265,FeedbackPeriodStarted,1764336998.9847798,1828.8341567516327,False
1742,4,265,startFixDisplay,1764336998.9849215,1828.8342971801758,False
1743,4,265,startFixPeriod,1764336999.3387835,1829.1881592273712,False
1744,4,265,TargetPresentation,1764337000.1575553,1830.0069303512573,False
1745,4,265,TargetDisplacement,1764337000.2961218,1830.145495891571,True
1746,4,265,RightResponse,1764337000.8864965,1830.7358725070953,False
1747,4,266,FeedbackPeriodStarted,1764337000.9068651,1830.7562425136566,False
1748,4,266,startFixDisplay,1764337000.9070103,1830.7563860416412,False
1749,4,266,startFixPeriod,1764337001.1151886,1830.9645636081696,False
1750,4,266,TargetPresentation,1764337001.6911721,1831.5405495166779,False
1751,4,266,TargetDisplacement,1764337001.8507109,1831.700088262558,True
1752,4,266,RightResponse,1764337002.4409482,1832.2903249263763,False
1753,4,267,FeedbackPeriodStarted,1764337002.4611175,1832.3104922771454,False
1754,4,267,startFixDisplay,1764337002.4611855,1832.310559272766,False
1755,4,267,startFixPeriod,1764337002.6209111,1832.4702882766724,False
1756,4,267,TargetPresentation,1764337003.384338,1833.2337138652802,False
1757,4,267,TargetRemoval,1764337003.5576093,1833.406985759735,True
1758,4,267,TargetReappeared,1764337003.8076196,1833.656997203827,False
1759,4,267,LeftResponse,1764337004.0854075,1833.9347834587097,False
1760,4,268,FeedbackPeriodStarted,1764337004.1058311,1833.9552083015442,False
1761,4,268,startFixDisplay,1764337004.1060412,1833.955417394638,False
1762,4,268,startFixPeriod,1764337004.5014343,1834.3508105278015,False
1763,4,268,TargetPresentation,1764337005.826906,1835.6762833595276,False
1764,4,268,TargetDisplacement,1764337005.9863894,1835.8357665538788,True
1765,4,268,RightResponse,1764337006.5833375,1836.4327125549316,False
1766,4,269,FeedbackPeriodStarted,1764337006.603824,1836.4532008171082,False
1767,4,269,startFixDisplay,1764337006.603963,1836.4533386230469,False
1768,4,269,startFixPeriod,1764337006.7983084,1836.6476855278015,False
1769,4,269,TargetPresentation,1764337008.0472808,1837.8966581821442,False
1770,4,269,TargetDisplacement,1764337008.199854,1838.0492305755615,True
1771,4,269,LeftResponse,1764337008.8387072,1838.6881020069122,False
1772,4,270,FeedbackPeriodStarted,1764337008.8590214,1838.7083983421326,False
1773,4,270,startFixDisplay,1764337008.8591647,1838.7085404396057,False
1774,4,270,startFixPeriod,1764337009.0604012,1838.9097783565521,False
1775,4,270,TargetPresentation,1764337010.115173,1839.9645504951477,False
1776,4,270,TargetRemoval,1764337010.2607675,1840.1101441383362,True
1777,4,270,TargetReappeared,1764337010.5107536,1840.36013007164,False
1778,4,270,LeftResponse,1764337010.9066086,1840.755984544754,False
1779,4,270,FeedbackPeriodStarted,1764337010.9201443,1840.7695217132568,False
1780,4,271,startFixDisplay,1764337012.9321625,1842.7815370559692,False
1781,4,271,startFixPeriod,1764337013.154501,1843.0038781166077,False
1782,4,271,TargetPresentation,1764337013.7651107,1843.6144878864288,False
1783,4,271,TargetDisplacement,1764337013.9245179,1843.7738947868347,True
1784,4,271,RightResponse,1764337014.5076354,1844.357010602951,False
1785,4,272,FeedbackPeriodStarted,1764337014.5282454,1844.3776226043701,False
1786,4,272,startFixDisplay,1764337014.5283954,1844.377771615982,False
1787,4,272,startFixPeriod,1764337014.9031472,1844.7525248527527,False
1788,4,272,TargetPresentation,1764337015.8675122,1845.7168872356415,False
1789,4,272,TargetRemoval,1764337016.034048,1845.8834249973297,True
1790,4,272,TargetReappeared,1764337016.2839353,1846.1333124637604,False
1791,4,272,LeftResponse,1764337016.6034794,1846.45285654068,False
1792,4,273,FeedbackPeriodStarted,1764337016.6238062,1846.4731833934784,False
1793,4,273,startFixDisplay,1764337016.6239378,1846.4733135700226,False
1794,4,273,startFixPeriod,1764337017.1721783,1847.0215554237366,False
1795,4,273,TargetPresentation,1764337018.0742838,1847.9236612319946,False
1796,4,273,TargetDisplacement,1764337018.2128794,1848.062255859375,True
1797,4,273,RightResponse,1764337018.907123,1848.7564985752106,False
1798,4,274,FeedbackPeriodStarted,1764337018.927451,1848.776825428009,False
1799,4,274,startFixDisplay,1764337018.9275186,1848.7768926620483,False
1800,4,274,startFixPeriod,1764337019.1357803,1848.9851551055908,False
1801,4,274,TargetPresentation,1764337020.1212194,1849.9705965518951,False
1802,4,274,TargetDisplacement,1764337020.266916,1850.1162934303284,True
1803,4,274,LeftResponse,1764337021.016376,1850.8657505512238,False
1804,4,275,FeedbackPeriodStarted,1764337021.0370064,1850.8863835334778,False
1805,4,275,startFixDisplay,1764337021.0371454,1850.886521100998,False
1806,4,275,startFixPeriod,1764337021.182814,1851.0321910381317,False
1807,4,275,TargetPresentation,1764337022.424892,1852.2742693424225,False
1808,4,275,TargetDisplacement,1764337022.5705638,1852.4199533462524,True
1809,4,275,RightResponse,1764337023.0566583,1852.906034231186,False
1810,4,276,FeedbackPeriodStarted,1764337023.084044,1852.9334208965302,False
1811,4,276,startFixDisplay,1764337023.0841794,1852.9335551261902,False
1812,4,276,startFixPeriod,1764337023.3341002,1853.1834769248962,False
1813,4,276,TargetPresentation,1764337024.0695343,1853.9189114570618,False
1814,4,276,TargetRemoval,1764337024.2358859,1854.0852625370026,True
1815,4,276,TargetReappeared,1764337024.485917,1854.3352944850922,False
1816,4,276,LeftResponse,1764337024.8053067,1854.654682636261,False
1817,4,276,FeedbackPeriodStarted,1764337024.812012,1854.6613895893097,False
1818,4,277,startFixDisplay,1764337026.8241212,1856.673498392105,False
1819,4,277,startFixPeriod,1764337026.831095,1856.6804718971252,False
1820,4,277,TargetPresentation,1764337028.038589,1857.8879640102386,False
1821,4,277,TargetDisplacement,1764337028.1912012,1858.040578365326,True
1822,4,277,LeftResponse,1764337029.0173094,1858.8666851520538,False
1823,4,278,FeedbackPeriodStarted,1764337029.0377827,1858.88716006279,False
1824,4,278,startFixDisplay,1764337029.0379288,1858.8873043060303,False
1825,4,278,startFixPeriod,1764337029.225277,1859.0746524333954,False
1826,4,278,TargetPresentation,1764337030.5991182,1860.448495388031,False
1827,4,278,TargetDisplacement,1764337030.7517807,1860.6011581420898,True
1828,4,278,RightResponse,1764337031.3002427,1861.1496193408966,False
1829,4,279,FeedbackPeriodStarted,1764337031.3205726,1861.169947385788,False
1830,4,279,startFixDisplay,1764337031.3206384,1861.17001247406,False
1831,4,279,startFixPeriod,1764337031.7164502,1861.565827846527,False
1832,4,279,TargetPresentation,1764337032.2993095,1862.1486854553223,False
1833,4,279,TargetRemoval,1764337032.4449034,1862.2942805290222,True
1834,4,279,TargetReappeared,1764337032.6947718,1862.5441491603851,False
1835,4,279,LeftResponse,1764337033.069831,1862.9192073345184,False
1836,4,280,FeedbackPeriodStarted,1764337033.0901976,1862.939574956894,False
1837,4,280,startFixDisplay,1764337033.0903487,1862.9397249221802,False
1838,4,280,startFixPeriod,1764337033.3887687,1863.2381463050842,False
1839,4,280,TargetPresentation,1764337034.2699986,1864.119374036789,False
1840,4,280,TargetDisplacement,1764337034.4085517,1864.2579283714294,True
1841,4,280,LeftResponse,1764337034.9849782,1864.8343541622162,False
1842,4,281,FeedbackPeriodStarted,1764337035.0122654,1864.8616421222687,False
1843,4,281,startFixDisplay,1764337035.0124784,1864.8618528842926,False
1844,4,281,startFixPeriod,1764337035.2760413,1865.125417470932,False
1845,4,281,TargetPresentation,1764337036.0741055,1865.9234828948975,False
1846,4,281,TargetDisplacement,1764337036.219604,1866.0689780712128,True
1847,4,281,RightResponse,1764337036.9626231,1866.8120002746582,False
1848,4,282,FeedbackPeriodStarted,1764337036.9828358,1866.832210302353,False
1849,4,282,startFixDisplay,1764337036.9829023,1866.8322763442993,False
1850,4,282,startFixPeriod,1764337037.135825,1866.9852013587952,False
1851,4,282,TargetPresentation,1764337038.3846583,1868.234035730362,False
1852,4,282,TargetRemoval,1764337038.5302968,1868.3796710968018,True
1853,4,282,TargetReappeared,1764337038.7804205,1868.629796743393,False
1854,4,282,RightResponse,1764337039.328974,1869.178349494934,False
1855,4,282,FeedbackPeriodStarted,1764337039.3352036,1869.1845791339874,False
1856,4,283,startFixDisplay,1764337041.347554,1871.196931362152,False
1857,4,283,startFixPeriod,1764337041.5767019,1871.426076412201,False
1858,4,283,TargetPresentation,1764337042.8257916,1872.6751685142517,False
1859,4,283,TargetRemoval,1764337042.9782357,1872.8276100158691,True
1860,4,283,TargetReappeared,1764337043.2282457,1873.077623128891,False
1861,4,283,LeftResponse,1764337043.6240532,1873.4734301567078,False
1862,4,284,FeedbackPeriodStarted,1764337043.651361,1873.500738143921,False
1863,4,284,startFixDisplay,1764337043.651557,1873.5009331703186,False
1864,4,284,startFixPeriod,1764337043.9775512,1873.826928138733,False
1865,4,284,TargetPresentation,1764337044.5604947,1874.4098694324493,False
1866,4,284,TargetRemoval,1764337044.7060492,1874.555426120758,True
1867,4,284,TargetReappeared,1764337044.9560053,1874.8053827285767,False
1868,4,284,RightResponse,1764337045.3171837,1875.1665606498718,False
1869,4,285,FeedbackPeriodStarted,1764337045.3377209,1875.1871042251587,False
1870,4,285,startFixDisplay,1764337045.3379085,1875.1872844696045,False
1871,4,285,startFixPeriod,1764337045.6568327,1875.5062096118927,False
1872,4,285,TargetPresentation,1764337046.8851306,1876.7345054149628,False
1873,4,285,TargetDisplacement,1764337047.0307446,1876.8801219463348,True
1874,4,285,LeftResponse,1764337047.5235116,1877.372885942459,False
1875,4,286,FeedbackPeriodStarted,1764337047.5441208,1877.3934981822968,False
1876,4,286,startFixDisplay,1764337047.5442548,1877.3936305046082,False
1877,4,286,startFixPeriod,1764337047.7385974,1877.5879726409912,False
1878,4,286,TargetPresentation,1764337048.821138,1878.6705136299133,False
1879,4,286,TargetDisplacement,1764337048.9598038,1878.8091807365417,True
1880,4,286,LeftResponse,1764337049.5361965,1879.3855731487274,False
1881,4,287,FeedbackPeriodStarted,1764337049.5564082,1879.405782699585,False
1882,4,287,startFixDisplay,1764337049.556475,1879.40584897995,False
1883,4,287,startFixPeriod,1764337049.7925022,1879.6418783664703,False
1884,4,287,TargetPresentation,1764337050.764116,1880.6134941577911,False
1885,4,287,TargetDisplacement,1764337050.9164813,1880.765855550766,True
1886,4,287,LeftResponse,1764337051.444273,1881.2936482429504,False
1887,4,288,FeedbackPeriodStarted,1764337051.4716868,1881.32106423378,False
1888,4,288,startFixDisplay,1764337051.4718275,1881.3212032318115,False
1889,4,288,startFixPeriod,1764337051.8116398,1881.6610171794891,False
1890,4,288,TargetPresentation,1764337053.060783,1882.91015958786,False
1891,4,288,TargetDisplacement,1764337053.2202988,1883.0696756839752,True
1892,4,288,RightResponse,1764337053.7826273,1883.6320021152496,False
1893,4,288,FeedbackPeriodStarted,1764337053.7893755,1883.638752937317,False
1894,4,289,startFixDisplay,1764337055.8017054,1885.6510829925537,False
1895,4,289,startFixPeriod,1764337055.808585,1885.657962322235,False
1896,4,289,TargetPresentation,1764337057.0090847,1886.8584620952606,False
1897,4,289,TargetRemoval,1764337057.1685543,1887.017930984497,True
1898,4,289,TargetReappeared,1764337057.418454,1887.2678298950195,False
1899,4,289,RightResponse,1764337057.800426,1887.649801492691,False
1900,4,290,FeedbackPeriodStarted,1764337057.8278842,1887.6772615909576,False
1901,4,290,startFixDisplay,1764337057.8280332,1887.677409172058,False
1902,4,290,startFixPeriod,1764337058.1819444,1888.0313217639923,False
1903,4,290,TargetPresentation,1764337058.972965,1888.822342157364,False
1904,4,290,TargetDisplacement,1764337059.1185565,1888.9679336547852,True
1905,4,290,RightResponse,1764337059.792549,1889.641924381256,False
1906,4,291,FeedbackPeriodStarted,1764337059.81932,1889.6686973571777,False
1907,4,291,startFixDisplay,1764337059.8194613,1889.6688373088837,False
1908,4,291,startFixPeriod,1764337059.992966,1889.8423416614532,False
1909,4,291,TargetPresentation,1764337060.5411465,1890.3905239105225,False
1910,4,291,TargetDisplacement,1764337060.7282593,1890.5776336193085,True
1911,4,291,LeftResponse,1764337061.6236978,1891.4730727672577,False
1912,4,292,FeedbackPeriodStarted,1764337061.6512117,1891.5005888938904,False
1913,4,292,startFixDisplay,1764337061.6513524,1891.5007283687592,False
1914,4,292,startFixPeriod,1764337061.8248188,1891.6741948127747,False
1915,4,292,TargetPresentation,1764337062.643681,1892.493058681488,False
1916,4,292,TargetDisplacement,1764337062.8031561,1892.652530670166,True
1917,4,292,LeftResponse,1764337063.9273543,1893.7767288684845,False
1918,4,293,FeedbackPeriodStarted,1764337063.9480176,1893.7974066734314,False
1919,4,293,startFixDisplay,1764337063.9480965,1893.797470331192,False
1920,4,293,startFixPeriod,1764337064.128592,1893.9779679775238,False
1921,4,293,TargetPresentation,1764337064.6490147,1894.498391866684,False
1922,4,293,TargetDisplacement,1764337064.794651,1894.644028186798,True
1923,4,293,RightResponse,1764337065.7593997,1895.6087744235992,False
1924,4,294,FeedbackPeriodStarted,1764337065.7799275,1895.6293046474457,False
1925,4,294,startFixDisplay,1764337065.78011,1895.6294839382172,False
1926,4,294,startFixPeriod,1764337065.9467084,1895.7960860729218,False
1927,4,294,TargetPresentation,1764337066.453246,1896.3026235103607,False
1928,4,294,TargetDisplacement,1764337066.4601,1896.3094747066498,True
1929,4,294,RightResponse,1764337067.1890717,1897.0384483337402,False
1930,4,294,FeedbackPeriodStarted,1764337067.195756,1897.045133113861,False
1931,4,295,startFixDisplay,1764337069.2078094,1899.057186126709,False
1932,4,295,startFixPeriod,1764337069.2147412,1899.0641179084778,False
1933,4,295,TargetPresentation,1764337070.0406625,1899.8900396823883,False
1934,4,295,TargetDisplacement,1764337070.1861148,1900.0354890823364,True
1935,4,295,LeftResponse,1764337070.9567544,1900.8061292171478,False
1936,4,296,FeedbackPeriodStarted,1764337070.9773235,1900.826700925827,False
1937,4,296,startFixDisplay,1764337070.977466,1900.8268420696259,False
1938,4,296,startFixPeriod,1764337071.1648552,1901.0142331123352,False
1939,4,296,TargetPresentation,1764337072.3721135,1902.2214887142181,False
1940,4,296,TargetDisplacement,1764337072.5177157,1902.3670926094055,True
1941,4,296,LeftResponse,1764337073.156363,1903.0057377815247,False
1942,4,297,FeedbackPeriodStarted,1764337073.1768363,1903.0262110233307,False
1943,4,297,startFixDisplay,1764337073.176903,1903.0262768268585,False
1944,4,297,startFixPeriod,1764337073.3853645,1903.234740972519,False
1945,4,297,TargetPresentation,1764337074.7662332,1904.6156108379364,False
1946,4,297,TargetRemoval,1764337074.9256296,1904.7750067710876,True
1947,4,297,TargetReappeared,1764337075.1754782,1905.0248556137085,False
1948,4,297,LeftResponse,1764337075.5505254,1905.3999013900757,False
1949,4,298,FeedbackPeriodStarted,1764337075.5778298,1905.4272067546844,False
1950,4,298,startFixDisplay,1764337075.5779808,1905.4273545742035,False
1951,4,298,startFixPeriod,1764337076.077482,1905.9268567562103,False
1952,4,298,TargetPresentation,1764337077.4516535,1907.3010313510895,False
1953,4,298,TargetDisplacement,1764337077.597097,1907.4464738368988,True
1954,4,298,RightResponse,1764337078.2913587,1908.1407346725464,False
1955,4,299,FeedbackPeriodStarted,1764337078.3117533,1908.1611278057098,False
1956,4,299,startFixDisplay,1764337078.311823,1908.1611967086792,False
1957,4,299,startFixPeriod,1764337078.7630937,1908.6124711036682,False
1958,4,299,TargetPresentation,1764337079.39447,1909.2438471317291,False
1959,4,299,TargetDisplacement,1764337079.539981,1909.3893575668335,True
1960,4,299,RightResponse,1764337080.2483017,1910.0976786613464,False
1961,4,300,FeedbackPeriodStarted,1764337080.2755044,1910.1248788833618,False
1962,4,300,startFixDisplay,1764337080.2755818,1910.1249563694,False
1963,4,300,startFixPeriod,1764337080.4978325,1910.34720993042,False
1964,4,300,TargetPresentation,1764337081.8370483,1911.6864256858826,False
1965,4,300,TargetDisplacement,1764337081.9826024,1911.8319809436798,True
1966,4,300,LeftResponse,1764337082.6493022,1912.4986793994904,False
1967,4,300,FeedbackPeriodStarted,1764337082.6556644,1912.5050389766693,False
1968,4,301,startFixDisplay,1764337084.668002,1914.5173788070679,False
1969,4,301,startFixPeriod,1764337084.674996,1914.5243728160858,False
1970,4,301,TargetPresentation,1764337085.36904,1915.2184174060822,False
1971,4,301,TargetDisplacement,1764337085.5214288,1915.3708028793335,True
1972,4,301,LeftResponse,1764337086.1118221,1915.9611983299255,False
1973,4,302,FeedbackPeriodStarted,1764337086.1390572,1915.9884338378906,False
1974,4,302,startFixDisplay,1764337086.139196,1915.9885716438293,False
1975,4,302,startFixPeriod,1764337086.326494,1916.1758685112,False
1976,4,302,TargetPresentation,1764337087.464699,1917.3140761852264,False
1977,4,302,TargetDisplacement,1764337087.5963972,1917.4457740783691,True
1978,4,302,RightResponse,1764337088.0754356,1917.9248099327087,False
1979,4,303,FeedbackPeriodStarted,1764337088.0958574,1917.945234298706,False
1980,4,303,startFixDisplay,1764337088.0959961,1917.9453718662262,False
1981,4,303,startFixPeriod,1764337088.5123646,1918.3617420196533,False
1982,4,303,TargetPresentation,1764337089.6018496,1919.4512269496918,False
1983,4,303,TargetRemoval,1764337089.6225016,1919.4718766212463,True
1984,4,303,TargetReappeared,1764337089.8724127,1919.7217886447906,False
1985,4,303,LeftResponse,1764337090.4138753,1920.2632505893707,False
1986,4,304,FeedbackPeriodStarted,1764337090.4412966,1920.2906742095947,False
1987,4,304,startFixDisplay,1764337090.4414213,1920.2907950878143,False
1988,4,304,startFixPeriod,1764337090.6843088,1920.5336861610413,False
1989,4,304,TargetPresentation,1764337091.7251794,1921.5745570659637,False
1990,4,304,TargetDisplacement,1764337091.8638058,1921.713182926178,True
1991,4,304,RightResponse,1764337092.5512269,1922.4006037712097,False
1992,4,305,FeedbackPeriodStarted,1764337092.5714445,1922.4208190441132,False
1993,4,305,startFixDisplay,1764337092.5715117,1922.4208858013153,False
1994,4,305,startFixPeriod,1764337092.8285327,1922.677909374237,False
1995,4,305,TargetPresentation,1764337093.362837,1923.212214231491,False
1996,4,305,TargetRemoval,1764337093.4877152,1923.337093114853,True
1997,4,305,TargetReappeared,1764337093.7374463,1923.5868210792542,False
1998,4,305,RightResponse,1764337094.133115,1923.9824907779694,False
1999,4,306,FeedbackPeriodStarted,1764337094.1537185,1924.0030953884125,False
2000,4,306,startFixDisplay,1764337094.1538634,1924.0032391548157,False
2001,4,306,startFixPeriod,1764337094.3757756,1924.2251513004303,False
2002,4,306,TargetPresentation,1764337095.1598637,1925.009241104126,False
2003,4,306,TargetDisplacement,1764337095.3263876,1925.1757645606995,True
2004,4,306,RightResponse,1764337095.8402576,1925.6896345615387,False
2005,4,306,FeedbackPeriodStarted,1764337095.8538811,1925.7032587528229,False
2006,4,307,startFixDisplay,1764337097.8660042,1927.7153813838959,False
2007,4,307,startFixPeriod,1764337097.8730855,1927.7224626541138,False
2008,4,307,TargetPresentation,1764337098.7891114,1928.6384885311127,False
2009,4,307,TargetRemoval,1764337098.9347587,1928.7841355800629,True
2010,4,307,TargetReappeared,1764337099.1846063,1929.033983707428,False
2011,4,307,LeftResponse,1764337099.6082754,1929.45765209198,False
2012,4,308,FeedbackPeriodStarted,1764337099.6354568,1929.484831571579,False
2013,4,308,startFixDisplay,1764337099.6355221,1929.4848959445953,False
2014,4,308,startFixPeriod,1764337099.8924634,1929.7418382167816,False
2015,4,308,TargetPresentation,1764337100.676453,1930.525827884674,False
2016,4,308,TargetDisplacement,1764337100.829004,1930.678380727768,True
2017,4,308,RightResponse,1764337101.557957,1931.4073324203491,False
2018,4,309,FeedbackPeriodStarted,1764337101.5783098,1931.427684545517,False
2019,4,309,startFixDisplay,1764337101.5783765,1931.4277505874634,False
2020,4,309,startFixPeriod,1764337101.7451415,1931.5945188999176,False
2021,4,309,TargetPresentation,1764337102.4112859,1932.2606632709503,False
2022,4,309,TargetDisplacement,1764337102.5846367,1932.434014081955,True
2023,4,309,RightResponse,1764337103.0774298,1932.9268045425415,False
2024,4,310,FeedbackPeriodStarted,1764337103.0980532,1932.9474306106567,False
2025,4,310,startFixDisplay,1764337103.0981965,1932.9475722312927,False
2026,4,310,startFixPeriod,1764337103.2786942,1933.1280703544617,False
2027,4,310,TargetPresentation,1764337104.40292,1934.2522974014282,False
2028,4,310,TargetRemoval,1764337104.5483077,1934.3976843357086,True
2029,4,310,TargetReappeared,1764337104.798319,1934.6476962566376,False
2030,4,310,LeftResponse,1764337105.1386104,1934.9879870414734,False
2031,4,311,FeedbackPeriodStarted,1764337105.1590497,1935.0084247589111,False
2032,4,311,startFixDisplay,1764337105.1591384,1935.008513212204,False
2033,4,311,startFixPeriod,1764337105.402017,1935.2513945102692,False
2034,4,311,TargetPresentation,1764337106.1722631,1936.0216405391693,False
2035,4,311,TargetRemoval,1764337106.31791,1936.1672868728638,True
2036,4,311,TargetReappeared,1764337106.5678298,1936.4172070026398,False
2037,4,311,LeftResponse,1764337107.6297114,1937.4790875911713,False
2038,4,312,FeedbackPeriodStarted,1764337107.657055,1937.506432056427,False
2039,4,312,startFixDisplay,1764337107.6571965,1937.5065722465515,False
2040,4,312,startFixPeriod,1764337108.059725,1937.9091022014618,False
2041,4,312,TargetPresentation,1764337109.33646,1939.1858367919922,False
2042,4,312,TargetRemoval,1764337109.4889512,1939.338327884674,True
2043,4,312,TargetReappeared,1764337109.738953,1939.5883305072784,False
2044,4,312,RightResponse,1764337110.1207545,1939.9701297283173,False
2045,4,312,FeedbackPeriodStarted,1764337110.1274915,1939.976866722107,False
2046,4,313,startFixDisplay,1764337112.1396055,1941.9889798164368,False
2047,4,313,startFixPeriod,1764337112.1605911,1942.0099692344666,False
2048,4,313,TargetPresentation,1764337113.631662,1943.481036901474,False
2049,4,313,TargetRemoval,1764337113.7981017,1943.6474783420563,True
2050,4,313,TargetReappeared,1764337114.0480576,1943.8974349498749,False
2051,4,313,LeftResponse,1764337114.4231095,1944.2724862098694,False
2052,4,314,FeedbackPeriodStarted,1764337114.4432695,1944.2926440238953,False
2053,4,314,startFixDisplay,1764337114.443331,1944.292704820633,False
2054,4,314,startFixPeriod,1764337114.6170864,1944.466463804245,False
2055,4,314,TargetPresentation,1764337116.1088796,1945.9582569599152,False
2056,4,314,TargetRemoval,1764337116.2613914,1946.1107680797577,True
2057,4,314,TargetReappeared,1764337116.5112314,1946.360606431961,False
2058,4,314,RightResponse,1764337116.8792589,1946.7286336421967,False
2059,4,315,FeedbackPeriodStarted,1764337116.89978,1946.7491571903229,False
2060,4,315,startFixDisplay,1764337116.8999193,1946.7492952346802,False
2061,4,315,startFixPeriod,1764337117.4689026,1947.3182802200317,False
2062,4,315,TargetPresentation,1764337118.8290398,1948.678416967392,False
2063,4,315,TargetDisplacement,1764337118.981561,1948.8309376239777,True
2064,4,315,RightResponse,1764337120.0366595,1949.8860349655151,False
2065,4,316,FeedbackPeriodStarted,1764337120.0640152,1949.9133923053741,False
2066,4,316,startFixDisplay,1764337120.0641546,1949.91353058815,False
2067,4,316,startFixPeriod,1764337120.2446306,1950.0940074920654,False
2068,4,316,TargetPresentation,1764337121.4797578,1951.3291356563568,False
2069,4,316,TargetDisplacement,1764337121.6183062,1951.4676804542542,True
2070,4,316,LeftResponse,1764337122.2777956,1952.1271710395813,False
2071,4,317,FeedbackPeriodStarted,1764337122.298426,1952.147803068161,False
2072,4,317,startFixDisplay,1764337122.298591,1952.1479675769806,False
2073,4,317,startFixPeriod,1764337122.9161334,1952.7655107975006,False
2074,4,317,TargetPresentation,1764337124.297046,1954.1464233398438,False
2075,4,317,TargetDisplacement,1764337124.449484,1954.2988607883453,True
2076,4,317,LeftResponse,1764337125.0187163,1954.8680911064148,False
2077,4,318,FeedbackPeriodStarted,1764337125.0393457,1954.8887226581573,False
2078,4,318,startFixDisplay,1764337125.0395532,1954.8889274597168,False
2079,4,318,startFixPeriod,1764337125.2129946,1955.062371969223,False
2080,4,318,TargetPresentation,1764337126.4342802,1956.283655166626,False
2081,4,318,TargetDisplacement,1764337126.579806,1956.429182767868,True
2082,4,318,RightResponse,1764337127.41963,1957.2690052986145,False
2083,4,318,FeedbackPeriodStarted,1764337127.4263272,1957.2757046222687,False
2084,4,319,startFixDisplay,1764337129.4386113,1959.2879881858826,False
2085,4,319,startFixPeriod,1764337129.445563,1959.2949578762054,False
2086,4,319,TargetPresentation,1764337130.3617864,1960.2111639976501,False
2087,4,319,TargetDisplacement,1764337130.5003588,1960.349735736847,True
2088,4,319,LeftResponse,1764337131.048941,1960.8983163833618,False
2089,4,320,FeedbackPeriodStarted,1764337131.0762777,1960.9256553649902,False
2090,4,320,startFixDisplay,1764337131.076431,1960.9258053302765,False
2091,4,320,startFixPeriod,1764337131.3401334,1961.1895105838776,False
2092,4,320,TargetPresentation,1764337132.7834551,1962.6328310966492,False
2093,4,320,TargetDisplacement,1764337132.9429924,1962.7923691272736,True
2094,4,320,RightResponse,1764337133.4426768,1963.2920515537262,False
2095,4,321,FeedbackPeriodStarted,1764337133.4632647,1963.3126425743103,False
2096,4,321,startFixDisplay,1764337133.4633749,1963.312748670578,False
2097,4,321,startFixPeriod,1764337133.9006145,1963.749992132187,False
2098,4,321,TargetPresentation,1764337135.3023088,1965.1516859531403,False
2099,4,321,TargetDisplacement,1764337135.4548516,1965.3042290210724,True
2100,4,321,LeftResponse,1764337136.1422102,1965.991585969925,False
2101,4,322,FeedbackPeriodStarted,1764337136.16962,1966.01899766922,False
2102,4,322,startFixDisplay,1764337136.169773,1966.0191490650177,False
2103,4,322,startFixPeriod,1764337136.377827,1966.2272024154663,False
2104,4,322,TargetPresentation,1764337136.8983064,1966.747682094574,False
2105,4,322,TargetRemoval,1764337137.0855098,1966.93488407135,True
2106,4,322,TargetReappeared,1764337137.3354728,1967.184847831726,False
2107,4,322,LeftResponse,1764337137.7657769,1967.6151523590088,False
2108,4,323,FeedbackPeriodStarted,1764337137.7932727,1967.6426498889923,False
2109,4,323,startFixDisplay,1764337137.793446,1967.6428203582764,False
2110,4,323,startFixPeriod,1764337137.9807904,1967.8301665782928,False
2111,4,323,TargetPresentation,1764337139.0633125,1968.91268992424,False
2112,4,323,TargetRemoval,1764337139.2089396,1969.0583164691925,True
2113,4,323,TargetReappeared,1764337139.4588344,1969.3082115650177,False
2114,4,323,RightResponse,1764337139.8545337,1969.703908920288,False
2115,4,324,FeedbackPeriodStarted,1764337139.8748398,1969.724214553833,False
2116,4,324,startFixDisplay,1764337139.8749025,1969.7242765426636,False
2117,4,324,startFixPeriod,1764337140.1319444,1969.9813215732574,False
2118,4,324,TargetPresentation,1764337141.242159,1971.0915338993073,False
2119,4,324,TargetRemoval,1764337141.387761,1971.2371380329132,True
2120,4,324,TargetReappeared,1764337141.6376827,1971.4870603084564,False
2121,4,324,LeftResponse,1764337141.9707735,1971.8201479911804,False
2122,4,324,FeedbackPeriodStarted,1764337141.9775429,1971.8269176483154,False
2123,4,325,startFixDisplay,1764337143.9897923,1973.8391695022583,False
2124,4,325,startFixPeriod,1764337143.9967852,1973.8461620807648,False
2125,4,325,TargetPresentation,1764337144.8156824,1974.6650569438934,False
2126,4,325,TargetRemoval,1764337144.9543703,1974.8037469387054,True
2127,4,325,TargetReappeared,1764337145.2042415,1975.0536184310913,False
2128,4,325,LeftResponse,1764337145.565072,1975.4144468307495,False
2129,4,326,FeedbackPeriodStarted,1764337145.585883,1975.4352605342865,False
2130,4,326,startFixDisplay,1764337145.5860271,1975.4354031085968,False
2131,4,326,startFixPeriod,1764337145.8913088,1975.7406854629517,False
2132,4,326,TargetPresentation,1764337146.751799,1976.6011765003204,False
2133,4,326,TargetDisplacement,1764337146.9111402,1976.7605168819427,True
2134,4,326,LeftResponse,1764337147.3972669,1977.246643781662,False
2135,4,327,FeedbackPeriodStarted,1764337147.4245563,1977.2739307880402,False
2136,4,327,startFixDisplay,1764337147.424635,1977.274008989334,False
2137,4,327,startFixPeriod,1764337147.605278,1977.4546556472778,False
2138,4,327,TargetPresentation,1764337148.5558157,1978.4051909446716,False
2139,4,327,TargetDisplacement,1764337148.5628622,1978.4122395515442,True
2140,4,327,LeftResponse,1764337150.4159222,1980.2652986049652,False
2141,4,328,FeedbackPeriodStarted,1764337150.443146,1980.2925231456757,False
2142,4,328,startFixDisplay,1764337150.443289,1980.2926647663116,False
2143,4,328,startFixPeriod,1764337150.901194,1980.7505688667297,False
2144,4,328,TargetPresentation,1764337151.7755048,1981.6248805522919,False
2145,4,328,TargetRemoval,1764337151.9350893,1981.7844665050507,True
2146,4,328,TargetReappeared,1764337152.1849942,1982.0343713760376,False
2147,4,328,LeftResponse,1764337152.5043652,1982.3537409305573,False
2148,4,329,FeedbackPeriodStarted,1764337152.5248384,1982.3742153644562,False
2149,4,329,startFixDisplay,1764337152.524989,1982.3743648529053,False
2150,4,329,startFixPeriod,1764337152.7262309,1982.5756072998047,False
2151,4,329,TargetPresentation,1764337153.6490552,1983.4984323978424,False
2152,4,329,TargetDisplacement,1764337153.8154812,1983.6648581027985,True
2153,4,329,LeftResponse,1764337154.3084586,1984.1578335762024,False
2154,4,329,FeedbackPeriodStarted,1764337154.356897,1984.2062740325928,False
2155,5,330,startFixDisplay,1764337173.230849,2003.0802261829376,False
2156,5,330,startFixPeriod,1764337173.4390993,2003.2884759902954,False
2157,5,330,TargetPresentation,1764337174.847917,2004.697294473648,False
2158,5,330,TargetDisplacement,1764337175.0071363,2004.856510400772,True
2159,5,330,RightResponse,1764337175.7016902,2005.5510659217834,False
2160,5,331,FeedbackPeriodStarted,1764337175.722205,2005.5715799331665,False
2161,5,331,startFixDisplay,1764337175.7222798,2005.5716536045074,False
2162,5,331,startFixPeriod,1764337175.9303823,2005.7797572612762,False
2163,5,331,TargetPresentation,1764337177.0266685,2006.8760433197021,False
2164,5,331,TargetDisplacement,1764337177.186242,2007.0356187820435,True
2165,5,331,LeftResponse,1764337177.7069244,2007.5563008785248,False
2166,5,332,FeedbackPeriodStarted,1764337177.7343123,2007.583689212799,False
2167,5,332,startFixDisplay,1764337177.7344534,2007.583829164505,False
2168,5,332,startFixPeriod,1764337178.130088,2007.9794642925262,False
2169,5,332,TargetPresentation,1764337179.413802,2009.2631795406342,False
2170,5,332,TargetDisplacement,1764337179.5731804,2009.4225549697876,True
2171,5,332,RightResponse,1764337180.8847492,2010.7341237068176,False
2172,5,333,FeedbackPeriodStarted,1764337180.9054818,2010.754858970642,False
2173,5,333,startFixDisplay,1764337180.9056418,2010.7550179958344,False
2174,5,333,startFixPeriod,1764337181.4122555,2011.2616329193115,False
2175,5,333,TargetPresentation,1764337182.1408145,2011.990191936493,False
2176,5,333,TargetDisplacement,1764337182.2794049,2012.1287815570831,True
2177,5,333,LeftResponse,1764337182.79341,2012.6427869796753,False
2178,5,334,FeedbackPeriodStarted,1764337182.8136106,2012.6629853248596,False
2179,5,334,startFixDisplay,1764337182.8136802,2012.663054227829,False
2180,5,334,startFixPeriod,1764337183.0289693,2012.8783466815948,False
2181,5,334,TargetPresentation,1764337184.2364588,2014.0858371257782,False
2182,5,334,TargetDisplacement,1764337184.3751442,2014.2245211601257,True
2183,5,334,RightResponse,1764337185.055384,2014.904759645462,False
2184,5,335,FeedbackPeriodStarted,1764337185.0757415,2014.9251163005829,False
2185,5,335,startFixDisplay,1764337185.0758095,2014.9251837730408,False
2186,5,335,startFixPeriod,1764337185.3466742,2015.196051120758,False
2187,5,335,TargetPresentation,1764337185.9156132,2015.7649891376495,False
2188,5,335,TargetDisplacement,1764337186.0473423,2015.8967192173004,True
2189,5,335,LeftResponse,1764337186.8388102,2016.6881861686707,False
2190,5,336,FeedbackPeriodStarted,1764337186.8661227,2016.715497493744,False
2191,5,336,startFixDisplay,1764337186.8662446,2016.7156188488007,False
2192,5,336,startFixPeriod,1764337187.0466046,2016.8959805965424,False
2193,5,336,TargetPresentation,1764337188.219355,2018.0687301158905,False
2194,5,336,TargetRemoval,1764337188.3579533,2018.2073299884796,True
2195,5,336,TargetReappeared,1764337188.6078799,2018.4572553634644,False
2196,5,336,LeftResponse,1764337189.0522816,2018.9016580581665,False
2197,5,336,FeedbackPeriodStarted,1764337189.0587804,2018.9081559181213,False
2198,5,337,startFixDisplay,1764337191.0711472,2020.920524597168,False
2199,5,337,startFixPeriod,1764337191.2309883,2021.0803654193878,False
2200,5,337,TargetPresentation,1764337192.2509031,2022.1002802848816,False
2201,5,337,TargetDisplacement,1764337192.4242737,2022.2736508846283,True
2202,5,337,RightResponse,1764337193.1809433,2023.0303184986115,False
2203,5,338,FeedbackPeriodStarted,1764337193.2013474,2023.0507221221924,False
2204,5,338,startFixDisplay,1764337193.201416,2023.0507898330688,False
2205,5,338,startFixPeriod,1764337193.3820066,2023.2313838005066,False
2206,5,338,TargetPresentation,1764337194.4714324,2024.320809841156,False
2207,5,338,TargetDisplacement,1764337194.6170485,2024.4664256572723,True
2208,5,338,LeftResponse,1764337195.1239839,2024.9733600616455,False
2209,5,339,FeedbackPeriodStarted,1764337195.1445282,2024.9939050674438,False
2210,5,339,startFixDisplay,1764337195.1447272,2024.994103193283,False
2211,5,339,startFixPeriod,1764337195.3458714,2025.1952495574951,False
2212,5,339,TargetPresentation,1764337196.2408624,2026.0902383327484,False
2213,5,339,TargetDisplacement,1764337196.3866043,2026.2359790802002,True
2214,5,339,LeftResponse,1764337197.0323482,2026.8817250728607,False
2215,5,340,FeedbackPeriodStarted,1764337197.052702,2026.9020791053772,False
2216,5,340,startFixDisplay,1764337197.0528886,2026.9022643566132,False
2217,5,340,startFixPeriod,1764337197.2123234,2027.0616986751556,False
2218,5,340,TargetPresentation,1764337197.7674623,2027.616839647293,False
2219,5,340,TargetRemoval,1764337197.9270577,2027.7764344215393,True
2220,5,340,TargetReappeared,1764337198.1769607,2028.0263381004333,False
2221,5,340,LeftResponse,1764337198.5239239,2028.3732993602753,False
2222,5,341,FeedbackPeriodStarted,1764337198.544415,2028.3937900066376,False
2223,5,341,startFixDisplay,1764337198.5444849,2028.3938586711884,False
2224,5,341,startFixPeriod,1764337198.7597315,2028.6091086864471,False
2225,5,341,TargetPresentation,1764337200.2169607,2030.0663380622864,False
2226,5,341,TargetDisplacement,1764337200.3763568,2030.2257311344147,True
2227,5,341,RightResponse,1764337201.1121905,2030.9615650177002,False
2228,5,342,FeedbackPeriodStarted,1764337201.1327474,2030.9821245670319,False
2229,5,342,startFixDisplay,1764337201.132888,2030.9822640419006,False
2230,5,342,startFixPeriod,1764337201.4313316,2031.2807083129883,False
2231,5,342,TargetPresentation,1764337202.2779477,2032.1273248195648,False
2232,5,342,TargetRemoval,1764337202.423543,2032.272917509079,True
2233,5,342,TargetReappeared,1764337202.6733658,2032.5227408409119,False
2234,5,342,LeftResponse,1764337203.082884,2032.9322595596313,False
2235,5,342,FeedbackPeriodStarted,1764337203.0896056,2032.9389817714691,False
2236,5,343,startFixDisplay,1764337205.1018326,2034.9512095451355,False
2237,5,343,startFixPeriod,1764337205.275513,2035.1248888969421,False
2238,5,343,TargetPresentation,1764337206.031912,2035.8812894821167,False
2239,5,343,TargetDisplacement,1764337206.1774368,2036.0268111228943,True
2240,5,343,RightResponse,1764337206.6706064,2036.5199835300446,False
2241,5,344,FeedbackPeriodStarted,1764337206.6908846,2036.540259361267,False
2242,5,344,startFixDisplay,1764337206.6910121,2036.5403861999512,False
2243,5,344,startFixPeriod,1764337206.906157,2036.7555327415466,False
2244,5,344,TargetPresentation,1764337207.5099218,2037.3592991828918,False
2245,5,344,TargetDisplacement,1764337207.6900659,2037.5394401550293,True
2246,5,344,RightResponse,1764337208.2873604,2038.1367373466492,False
2247,5,345,FeedbackPeriodStarted,1764337208.3076162,2038.1569910049438,False
2248,5,345,startFixDisplay,1764337208.3076894,2038.1570632457733,False
2249,5,345,startFixPeriod,1764337208.4952393,2038.3446164131165,False
2250,5,345,TargetPresentation,1764337209.244724,2039.0940999984741,False
2251,5,345,TargetDisplacement,1764337209.3902407,2039.2396178245544,True
2252,5,345,LeftResponse,1764337209.9250727,2039.7744500637054,False
2253,5,346,FeedbackPeriodStarted,1764337209.9452167,2039.794591665268,False
2254,5,346,startFixDisplay,1764337209.9452798,2039.7946536540985,False
2255,5,346,startFixPeriod,1764337210.3410585,2040.1904356479645,False
2256,5,346,TargetPresentation,1764337211.1667361,2041.0161135196686,False
2257,5,346,TargetDisplacement,1764337211.312302,2041.1616787910461,True
2258,5,346,RightResponse,1764337211.8540957,2041.7034723758698,False
2259,5,347,FeedbackPeriodStarted,1764337211.8814104,2041.7307877540588,False
2260,5,347,startFixDisplay,1764337211.8815572,2041.730933189392,False
2261,5,347,startFixPeriod,1764337212.096625,2041.9460031986237,False
2262,5,347,TargetPresentation,1764337213.477453,2043.326830625534,False
2263,5,347,TargetDisplacement,1764337213.6300216,2043.4793989658356,True
2264,5,347,RightResponse,1764337214.567188,2044.416564464569,False
2265,5,348,FeedbackPeriodStarted,1764337214.5945122,2044.4438881874084,False
2266,5,348,startFixDisplay,1764337214.594659,2044.4440343379974,False
2267,5,348,startFixPeriod,1764337214.7959576,2044.6453347206116,False
2268,5,348,TargetPresentation,1764337215.80904,2045.658417224884,False
2269,5,348,TargetDisplacement,1764337215.9962175,2045.8455946445465,True
2270,5,348,LeftResponse,1764337216.7111552,2046.5605301856995,False
2271,5,348,FeedbackPeriodStarted,1764337216.7178054,2046.5671825408936,False
2272,5,349,startFixDisplay,1764337218.730088,2048.5794625282288,False
2273,5,349,startFixPeriod,1764337218.8066807,2048.6560559272766,False
2274,5,349,TargetPresentation,1764337219.5838377,2049.4332139492035,False
2275,5,349,TargetDisplacement,1764337219.7293868,2049.5787608623505,True
2276,5,349,RightResponse,1764337220.3473592,2050.1967358589172,False
2277,5,350,FeedbackPeriodStarted,1764337220.3678117,2050.217188835144,False
2278,5,350,startFixDisplay,1764337220.3679593,2050.217334985733,False
2279,5,350,startFixPeriod,1764337220.5414908,2050.390867948532,False
2280,5,350,TargetPresentation,1764337222.0125287,2051.8619043827057,False
2281,5,350,TargetRemoval,1764337222.151212,2052.0005888938904,True
2282,5,350,TargetReappeared,1764337222.4010572,2052.2504346370697,False
2283,5,350,RightResponse,1764337222.8106625,2052.6600375175476,False
2284,5,351,FeedbackPeriodStarted,1764337222.8310254,2052.6804003715515,False
2285,5,351,startFixDisplay,1764337222.8310943,2052.6804683208466,False
2286,5,351,startFixPeriod,1764337223.0603507,2052.909728050232,False
2287,5,351,TargetPresentation,1764337224.25378,2054.1031556129456,False
2288,5,351,TargetDisplacement,1764337224.2608206,2054.1101982593536,True
2289,5,351,LeftResponse,1764337225.1906967,2055.0400714874268,False
2290,5,352,FeedbackPeriodStarted,1764337225.211134,2055.0605087280273,False
2291,5,352,startFixDisplay,1764337225.2112064,2055.0605807304382,False
2292,5,352,startFixPeriod,1764337225.711016,2055.5603935718536,False
2293,5,352,TargetPresentation,1764337226.9670897,2056.816467523575,False
2294,5,352,TargetRemoval,1764337227.119484,2056.9688606262207,True
2295,5,352,TargetReappeared,1764337227.3694317,2057.2188091278076,False
2296,5,352,LeftResponse,1764337227.772177,2057.621552467346,False
2297,5,353,FeedbackPeriodStarted,1764337227.7994485,2057.648825645447,False
2298,5,353,startFixDisplay,1764337227.7995853,2057.648959875107,False
2299,5,353,startFixPeriod,1764337227.9870412,2057.836431503296,False
2300,5,353,TargetPresentation,1764337228.6115062,2058.4608812332153,False
2301,5,353,TargetDisplacement,1764337228.7640889,2058.61346578598,True
2302,5,353,LeftResponse,1764337229.8677378,2059.717114686966,False
2303,5,354,FeedbackPeriodStarted,1764337229.8880942,2059.7374699115753,False
2304,5,354,startFixDisplay,1764337229.8881812,2059.7375552654266,False
2305,5,354,startFixPeriod,1764337230.1658978,2060.0152752399445,False
2306,5,354,TargetPresentation,1764337231.0402348,2060.8896119594574,False
2307,5,354,TargetDisplacement,1764337231.1717956,2061.0211725234985,True
2308,5,354,RightResponse,1764337232.0396051,2061.88898062706,False
2309,5,354,FeedbackPeriodStarted,1764337232.0462484,2061.8956232070923,False
2310,5,355,startFixDisplay,1764337234.0584223,2063.90779709816,False
2311,5,355,startFixPeriod,1764337234.0653825,2063.9147593975067,False
2312,5,355,TargetPresentation,1764337234.6901445,2064.5395216941833,False
2313,5,355,TargetDisplacement,1764337234.8495953,2064.698970556259,True
2314,5,355,LeftResponse,1764337235.412189,2065.2615661621094,False
2315,5,356,FeedbackPeriodStarted,1764337235.439362,2065.2887392044067,False
2316,5,356,startFixDisplay,1764337235.4394908,2065.288866519928,False
2317,5,356,startFixPeriod,1764337235.9321616,2065.7815384864807,False
2318,5,356,TargetPresentation,1764337236.5011876,2066.350564956665,False
2319,5,356,TargetDisplacement,1764337236.6399636,2066.489340543747,True
2320,5,356,LeftResponse,1764337237.611532,2067.4609076976776,False
2321,5,357,FeedbackPeriodStarted,1764337237.631969,2067.4813437461853,False
2322,5,357,startFixDisplay,1764337237.6320324,2067.4814064502716,False
2323,5,357,startFixPeriod,1764337237.8751876,2067.7245647907257,False
2324,5,357,TargetPresentation,1764337238.4231877,2068.2725627422333,False
2325,5,357,TargetRemoval,1764337238.56883,2068.418206691742,True
2326,5,357,TargetReappeared,1764337238.8187807,2068.668158054352,False
2327,5,357,RightResponse,1764337239.2006583,2069.05003285408,False
2328,5,358,FeedbackPeriodStarted,1764337239.2280338,2069.0774109363556,False
2329,5,358,startFixDisplay,1764337239.2281733,2069.0775492191315,False
2330,5,358,startFixPeriod,1764337239.4085891,2069.257965326309,False
2331,5,358,TargetPresentation,1764337239.9706984,2069.8200738430023,False
2332,5,358,TargetDisplacement,1764337240.1786997,2070.028074026108,True
2333,5,358,RightResponse,1764337240.8731914,2070.7225680351257,False
2334,5,359,FeedbackPeriodStarted,1764337240.900347,2070.749721765518,False
2335,5,359,startFixDisplay,1764337240.9004164,2070.7497901916504,False
2336,5,359,startFixPeriod,1764337241.171227,2071.02060174942,False
2337,5,359,TargetPresentation,1764337242.1010568,2071.9504339694977,False
2338,5,359,TargetDisplacement,1764337242.2603726,2072.1097495555878,True
2339,5,359,LeftResponse,1764337242.9963522,2072.845728158951,False
2340,5,360,FeedbackPeriodStarted,1764337243.0236235,2072.8729979991913,False
2341,5,360,startFixDisplay,1764337243.0236905,2072.873064517975,False
2342,5,360,startFixPeriod,1764337243.2946017,2073.143980741501,False
2343,5,360,TargetPresentation,1764337243.9398413,2073.789217233658,False
2344,5,360,TargetDisplacement,1764337244.0854595,2073.934836626053,True
2345,5,360,RightResponse,1764337244.835228,2074.684604883194,False
2346,5,360,FeedbackPeriodStarted,1764337244.841861,2074.6912381649017,False
2347,5,361,startFixDisplay,1764337246.8540845,2076.703461408615,False
2348,5,361,startFixPeriod,1764337246.8610485,2076.7104256153107,False
2349,5,361,TargetPresentation,1764337247.5273864,2077.376763343811,False
2350,5,361,TargetRemoval,1764337247.6729538,2077.5223309993744,True
2351,5,361,TargetReappeared,1764337247.922872,2077.7722494602203,False
2352,5,361,LeftResponse,1764337248.2701373,2078.119513988495,False
2353,5,362,FeedbackPeriodStarted,1764337248.2974353,2078.146812438965,False
2354,5,362,startFixDisplay,1764337248.2975237,2078.1468975543976,False
2355,5,362,startFixPeriod,1764337248.623642,2078.47301697731,False
2356,5,362,TargetPresentation,1764337249.1926343,2079.042009830475,False
2357,5,362,TargetDisplacement,1764337249.3313885,2079.1807663440704,True
2358,5,362,LeftResponse,1764337249.8035443,2079.65292096138,False
2359,5,363,FeedbackPeriodStarted,1764337249.823984,2079.673359155655,False
2360,5,363,startFixDisplay,1764337249.824065,2079.673439025879,False
2361,5,363,startFixPeriod,1764337250.1087267,2079.95810341835,False
2362,5,363,TargetPresentation,1764337250.8857815,2080.735158920288,False
2363,5,363,TargetDisplacement,1764337251.0590806,2080.9084548950195,True
2364,5,363,RightResponse,1764337251.6702027,2081.519577741623,False
2365,5,364,FeedbackPeriodStarted,1764337251.6976633,2081.5470468997955,False
2366,5,364,startFixDisplay,1764337251.6977985,2081.5471727848053,False
2367,5,364,startFixPeriod,1764337251.891919,2081.7412960529327,False
2368,5,364,TargetPresentation,1764337252.4124205,2082.261798143387,False
2369,5,364,TargetDisplacement,1764337252.5580893,2082.4074659347534,True
2370,5,364,LeftResponse,1764337253.0439048,2082.8932802677155,False
2371,5,365,FeedbackPeriodStarted,1764337253.0715046,2082.920881986618,False
2372,5,365,startFixDisplay,1764337253.0716233,2082.9209973812103,False
2373,5,365,startFixPeriod,1764337253.2868092,2083.1361858844757,False
2374,5,365,TargetPresentation,1764337254.744005,2084.593382358551,False
2375,5,365,TargetRemoval,1764337254.8965025,2084.7458770275116,True
2376,5,365,TargetReappeared,1764337255.1463947,2084.995771884918,False
2377,5,365,RightResponse,1764337255.6114578,2085.4608330726624,False
2378,5,366,FeedbackPeriodStarted,1764337255.6390083,2085.4883856773376,False
2379,5,366,startFixDisplay,1764337255.6391149,2085.4884889125824,False
2380,5,366,startFixPeriod,1764337255.881891,2085.731266975403,False
2381,5,366,TargetPresentation,1764337257.366904,2087.216281414032,False
2382,5,366,TargetDisplacement,1764337257.5053685,2087.3547427654266,True
2383,5,366,RightResponse,1764337258.2137403,2088.0631160736084,False
2384,5,366,FeedbackPeriodStarted,1764337258.2273748,2088.0767521858215,False
2385,5,367,startFixDisplay,1764337260.239513,2090.0888900756836,False
2386,5,367,startFixPeriod,1764337260.4199793,2090.269356250763,False
2387,5,367,TargetPresentation,1764337261.1971726,2091.046549797058,False
2388,5,367,TargetRemoval,1764337261.3358722,2091.185248851776,True
2389,5,367,TargetReappeared,1764337261.5856988,2091.4350736141205,False
2390,5,367,LeftResponse,1764337261.9814806,2091.8308568000793,False
2391,5,368,FeedbackPeriodStarted,1764337262.00192,2091.8512954711914,False
2392,5,368,startFixDisplay,1764337262.0020034,2091.8513774871826,False
2393,5,368,startFixPeriod,1764337262.2520118,2092.101389169693,False
2394,5,368,TargetPresentation,1764337263.0983834,2092.947760105133,False
2395,5,368,TargetRemoval,1764337263.2510865,2093.1004638671875,True
2396,5,368,TargetReappeared,1764337263.5011158,2093.35049366951,False
2397,5,368,LeftResponse,1764337263.8760445,2093.725421190262,False
2398,5,369,FeedbackPeriodStarted,1764337263.9033122,2093.7526893615723,False
2399,5,369,startFixDisplay,1764337263.9034605,2093.752836704254,False
2400,5,369,startFixPeriod,1764337264.1948798,2094.04425740242,False
2401,5,369,TargetPresentation,1764337265.3605087,2095.2098848819733,False
2402,5,369,TargetDisplacement,1764337265.5131097,2095.362486600876,True
2403,5,369,LeftResponse,1764337266.0685933,2095.9179697036743,False
2404,5,370,FeedbackPeriodStarted,1764337266.0960062,2095.9453814029694,False
2405,5,370,startFixDisplay,1764337266.096079,2095.9454531669617,False
2406,5,370,startFixPeriod,1764337266.359847,2096.2092232704163,False
2407,5,370,TargetPresentation,1764337267.518624,2097.367998600006,False
2408,5,370,TargetDisplacement,1764337267.6920013,2097.5413756370544,True
2409,5,370,RightResponse,1764337268.5182104,2098.36758685112,False
2410,5,371,FeedbackPeriodStarted,1764337268.5385146,2098.3878903388977,False
2411,5,371,startFixDisplay,1764337268.5386171,2098.3879911899567,False
2412,5,371,startFixPeriod,1764337268.739969,2098.5893466472626,False
2413,5,371,TargetPresentation,1764337269.5240793,2099.373456478119,False
2414,5,371,TargetDisplacement,1764337269.6694694,2099.518843650818,True
2415,5,371,RightResponse,1764337270.3916976,2100.24107336998,False
2416,5,372,FeedbackPeriodStarted,1764337270.4190667,2100.2684445381165,False
2417,5,372,startFixDisplay,1764337270.4192111,2100.268586874008,False
2418,5,372,startFixPeriod,1764337270.6205015,2100.4698781967163,False
2419,5,372,TargetPresentation,1764337271.8555999,2101.7049765586853,False
2420,5,372,TargetRemoval,1764337271.9941816,2101.843555688858,True
2421,5,372,TargetReappeared,1764337272.2442248,2102.093602180481,False
2422,5,372,LeftResponse,1764337272.6607234,2102.510098695755,False
2423,5,372,FeedbackPeriodStarted,1764337272.667426,2102.516803264618,False
2424,5,373,startFixDisplay,1764337274.6795123,2104.528886795044,False
2425,5,373,startFixPeriod,1764337274.9573207,2104.806696653366,False
2426,5,373,TargetPresentation,1764337275.6443536,2105.493729829788,False
2427,5,373,TargetDisplacement,1764337275.8175523,2105.6669266223907,True
2428,5,373,LeftResponse,1764337276.5187526,2106.3681271076202,False
2429,5,374,FeedbackPeriodStarted,1764337276.5392275,2106.3886046409607,False
2430,5,374,startFixDisplay,1764337276.539364,2106.388739824295,False
2431,5,374,startFixPeriod,1764337276.8308418,2106.6802191734314,False
2432,5,374,TargetPresentation,1764337277.3720531,2107.2214303016663,False
2433,5,374,TargetDisplacement,1764337277.5315998,2107.3809769153595,True
2434,5,374,RightResponse,1764337278.8363771,2108.6857526302338,False
2435,5,375,FeedbackPeriodStarted,1764337278.8638,2108.713177204132,False
2436,5,375,startFixDisplay,1764337278.863938,2108.713313817978,False
2437,5,375,startFixPeriod,1764337279.0374959,2108.8868730068207,False
2438,5,375,TargetPresentation,1764337279.8286023,2109.6779799461365,False
2439,5,375,TargetDisplacement,1764337279.9672816,2109.8166584968567,True
2440,5,375,FeedbackPeriodStarted,1764337281.9725306,2111.8219063282013,False
2441,5,376,startFixDisplay,1764337282.485991,2112.3353679180145,False
2442,5,376,startFixPeriod,1764337282.6042128,2112.4535899162292,False
2443,5,376,TargetPresentation,1764337283.6589277,2113.5083050727844,False
2444,5,376,TargetDisplacement,1764337283.818351,2113.667727470398,True
2445,5,376,LeftResponse,1764337284.6861804,2114.5355570316315,False
2446,5,377,FeedbackPeriodStarted,1764337284.7134986,2114.562873363495,False
2447,5,377,startFixDisplay,1764337284.7136056,2114.5629806518555,False
2448,5,377,startFixPeriod,1764337285.0952642,2114.9446415901184,False
2449,5,377,TargetPresentation,1764337285.7961292,2115.6455047130585,False
2450,5,377,TargetDisplacement,1764337285.9208431,2115.7702198028564,True
2451,5,377,RightResponse,1764337286.5804815,2116.429856777191,False
2452,5,378,FeedbackPeriodStarted,1764337286.6078064,2116.4571833610535,False
2453,5,378,startFixDisplay,1764337286.6079488,2116.4573245048523,False
2454,5,378,startFixPeriod,1764337286.9756653,2116.825041770935,False
2455,5,378,TargetPresentation,1764337288.2177365,2118.067113637924,False
2456,5,378,TargetDisplacement,1764337288.363406,2118.212780237198,True
2457,5,378,RightResponse,1764337289.15486,2119.004236459732,False
2458,5,378,FeedbackPeriodStarted,1764337289.1684735,2119.01784825325,False
2459,5,379,startFixDisplay,1764337291.1805363,2121.029910802841,False
2460,5,379,startFixPeriod,1764337291.1875901,2121.0369651317596,False
2461,5,379,TargetPresentation,1764337292.1175113,2121.9668865203857,False
2462,5,379,TargetDisplacement,1764337292.2701938,2122.1195707321167,True
2463,5,379,RightResponse,1764337292.8115082,2122.660882472992,False
2464,5,380,FeedbackPeriodStarted,1764337292.8320339,2122.6814086437225,False
2465,5,380,startFixDisplay,1764337292.832101,2122.681475162506,False
2466,5,380,startFixPeriod,1764337293.0336144,2122.8829917907715,False
2467,5,380,TargetPresentation,1764337293.748316,2123.597693681717,False
2468,5,380,TargetDisplacement,1764337293.9215567,2123.7709312438965,True
2469,5,380,LeftResponse,1764337294.3868072,2124.236183166504,False
2470,5,381,FeedbackPeriodStarted,1764337294.4142203,2124.263597011566,False
2471,5,381,startFixDisplay,1764337294.414362,2124.263737678528,False
2472,5,381,startFixPeriod,1764337294.6294832,2124.478858232498,False
2473,5,381,TargetPresentation,1764337295.7326238,2125.581999540329,False
2474,5,381,TargetDisplacement,1764337295.8922732,2125.741649866104,True
2475,5,381,RightResponse,1764337296.8779488,2126.7273247241974,False
2476,5,382,FeedbackPeriodStarted,1764337296.8987129,2126.748087644577,False
2477,5,382,startFixDisplay,1764337296.8987887,2126.748162984848,False
2478,5,382,startFixPeriod,1764337297.134535,2126.9839107990265,False
2479,5,382,TargetPresentation,1764337298.119801,2127.9691758155823,False
2480,5,382,TargetRemoval,1764337298.272274,2128.1216480731964,True
2481,5,382,TargetReappeared,1764337298.5223267,2128.371703863144,False
2482,5,382,RightResponse,1764337298.9874203,2128.8367972373962,False
2483,5,383,FeedbackPeriodStarted,1764337299.0148153,2128.8641924858093,False
2484,5,383,startFixDisplay,1764337299.0149577,2128.864333152771,False
2485,5,383,startFixPeriod,1764337299.410491,2129.2598662376404,False
2486,5,383,TargetPresentation,1764337300.2362313,2130.085606575012,False
2487,5,383,TargetDisplacement,1764337300.381831,2130.231207847595,True
2488,5,383,LeftResponse,1764337301.3327804,2131.182154893875,False
2489,5,384,FeedbackPeriodStarted,1764337301.3531628,2131.2025377750397,False
2490,5,384,startFixDisplay,1764337301.3532302,2131.202604532242,False
2491,5,384,startFixPeriod,1764337301.5338595,2131.383236885071,False
2492,5,384,TargetPresentation,1764337302.8245468,2132.67392373085,False
2493,5,384,TargetRemoval,1764337302.9910042,2132.8403811454773,True
2494,5,384,TargetReappeared,1764337303.240821,2133.090196609497,False
2495,5,384,RightResponse,1764337303.594755,2133.4441294670105,False
2496,5,384,FeedbackPeriodStarted,1764337303.6015437,2133.4509184360504,False
2497,5,385,startFixDisplay,1764337305.6137679,2135.4631447792053,False
2498,5,385,startFixPeriod,1764337305.620832,2135.4702088832855,False
2499,5,385,TargetPresentation,1764337306.5716467,2136.4210212230682,False
2500,5,385,TargetDisplacement,1764337306.7102284,2136.5596051216125,True
2501,5,385,RightResponse,1764337307.3352036,2137.1845779418945,False
2502,5,386,FeedbackPeriodStarted,1764337307.3555381,2137.2049131393433,False
2503,5,386,startFixDisplay,1764337307.3556342,2137.205008506775,False
2504,5,386,startFixPeriod,1764337307.5847433,2137.434119939804,False
2505,5,386,TargetPresentation,1764337308.7019231,2138.551300048828,False
2506,5,386,TargetRemoval,1764337308.8613877,2138.7107648849487,True
2507,5,386,TargetReappeared,1764337309.1112733,2138.9606504440308,False
2508,5,386,RightResponse,1764337309.541713,2139.3910880088806,False
2509,5,387,FeedbackPeriodStarted,1764337309.5624871,2139.4118621349335,False
2510,5,387,startFixDisplay,1764337309.5625591,2139.41193318367,False
2511,5,387,startFixPeriod,1764337309.7427013,2139.5920765399933,False
2512,5,387,TargetPresentation,1764337311.1236897,2140.9730665683746,False
2513,5,387,TargetDisplacement,1764337311.2691782,2141.1185524463654,True
2514,5,387,LeftResponse,1764337312.137001,2141.986375808716,False
2515,5,388,FeedbackPeriodStarted,1764337312.1642878,2142.013664960861,False
2516,5,388,startFixDisplay,1764337312.1644375,2142.013813495636,False
2517,5,388,startFixPeriod,1764337312.3517532,2142.2011301517487,False
2518,5,388,TargetPresentation,1764337313.5106645,2143.3600397109985,False
2519,5,388,TargetDisplacement,1764337313.64927,2143.498644590378,True
2520,5,388,LeftResponse,1764337314.3435361,2144.192911863327,False
2521,5,389,FeedbackPeriodStarted,1764337314.370978,2144.2203557491302,False
2522,5,389,startFixDisplay,1764337314.3711286,2144.220504283905,False
2523,5,389,startFixPeriod,1764337314.5792384,2144.4286155700684,False
2524,5,389,TargetPresentation,1764337315.8490803,2145.6984577178955,False
2525,5,389,TargetDisplacement,1764337315.987631,2145.837005376816,True
2526,5,389,RightResponse,1764337316.7653303,2146.614706993103,False
2527,5,390,FeedbackPeriodStarted,1764337316.7926328,2146.6420109272003,False
2528,5,390,startFixDisplay,1764337316.7927814,2146.6421570777893,False
2529,5,390,startFixPeriod,1764337317.0287304,2146.878105401993,False
2530,5,390,TargetPresentation,1764337318.1459005,2147.9952776432037,False
2531,5,390,TargetDisplacement,1764337318.2983906,2148.14776468277,True
2532,5,390,LeftResponse,1764337318.8471186,2148.696495294571,False
2533,5,390,FeedbackPeriodStarted,1764337318.8535337,2148.70290851593,False
2534,5,391,startFixDisplay,1764337320.8658183,2150.7151951789856,False
2535,5,391,startFixPeriod,1764337321.0741618,2150.923538208008,False
2536,5,391,TargetPresentation,1764337322.3994658,2152.24884057045,False
2537,5,391,TargetDisplacement,1764337322.5519862,2152.4013628959656,True
2538,5,391,LeftResponse,1764337323.1284397,2152.9778168201447,False
2539,5,392,FeedbackPeriodStarted,1764337323.155737,2153.005112171173,False
2540,5,392,startFixDisplay,1764337323.1558068,2153.0051805973053,False
2541,5,392,startFixPeriod,1764337323.391714,2153.241090297699,False
2542,5,392,TargetPresentation,1764337324.7587895,2154.6081659793854,False
2543,5,392,TargetDisplacement,1764337324.9043813,2154.753757953644,True
2544,5,392,RightResponse,1764337325.3557773,2155.2051532268524,False
2545,5,393,FeedbackPeriodStarted,1764337325.3831308,2155.232507944107,False
2546,5,393,startFixDisplay,1764337325.3832738,2155.2326493263245,False
2547,5,393,startFixPeriod,1764337325.6886446,2155.538020133972,False
2548,5,393,TargetPresentation,1764337326.7503495,2156.599727153778,False
2549,5,393,TargetDisplacement,1764337326.895947,2156.7453241348267,True
2550,5,393,RightResponse,1764337327.5277386,2157.377114534378,False
2551,5,394,FeedbackPeriodStarted,1764337327.555057,2157.4044342041016,False
2552,5,394,startFixDisplay,1764337327.5551972,2157.404571056366,False
2553,5,394,startFixPeriod,1764337327.9715538,2157.8209311962128,False
2554,5,394,TargetPresentation,1764337329.4356902,2159.28506731987,False
2555,5,394,TargetDisplacement,1764337329.5883274,2159.437704563141,True
2556,5,394,RightResponse,1764337330.6433308,2160.492707490921,False
2557,5,395,FeedbackPeriodStarted,1764337330.6706917,2160.5200669765472,False
2558,5,395,startFixDisplay,1764337330.6707623,2160.520136117935,False
2559,5,395,startFixPeriod,1764337331.8296432,2161.679019212723,False
2560,5,395,TargetPresentation,1764337333.0787644,2162.9281408786774,False
2561,5,395,TargetDisplacement,1764337333.22425,2163.073626756668,True
2562,5,395,RightResponse,1764337334.0294218,2163.8787965774536,False
2563,5,395,FeedbackPeriodStarted,1764337334.0708084,2163.9201831817627,False
2564,6,396,startFixDisplay,1764337362.0559778,2191.9053552150726,False
2565,6,396,startFixPeriod,1764337362.507192,2192.3565680980682,False
2566,6,396,TargetPresentation,1764337363.0970228,2192.9463999271393,False
2567,6,396,TargetDisplacement,1764337363.1107063,2192.9600808620453,True
2568,6,396,LeftResponse,1764337364.4363673,2194.2857422828674,False
2569,6,397,FeedbackPeriodStarted,1764337364.463714,2194.313088417053,False
2570,6,397,startFixDisplay,1764337364.4638329,2194.313206911087,False
2571,6,397,startFixPeriod,1764337364.901192,2194.7505691051483,False
2572,6,397,TargetPresentation,1764337366.0461142,2195.8954916000366,False
2573,6,397,TargetDisplacement,1764337366.2263987,2196.07577586174,True
2574,6,397,LeftResponse,1764337366.8167455,2196.6661286354065,False
2575,6,398,FeedbackPeriodStarted,1764337366.8438764,2196.693253517151,False
2576,6,398,startFixDisplay,1764337366.8440208,2196.6933965682983,False
2577,6,398,startFixPeriod,1764337367.2326343,2197.082010984421,False
2578,6,398,TargetPresentation,1764337367.773847,2197.623224258423,False
2579,6,398,TargetDisplacement,1764337367.9194264,2197.7688035964966,True
2580,6,398,RightResponse,1764337368.9673269,2198.8167021274567,False
2581,6,399,FeedbackPeriodStarted,1764337368.9879646,2198.837339401245,False
2582,6,399,startFixDisplay,1764337368.988032,2198.8374059200287,False
2583,6,399,startFixPeriod,1764337369.2241673,2199.0735449790955,False
2584,6,399,TargetPresentation,1764337369.9735606,2199.8229377269745,False
2585,6,399,TargetDisplacement,1764337370.132977,2199.982353925705,True
2586,6,399,RightResponse,1764337370.848063,2200.697439432144,False
2587,6,400,FeedbackPeriodStarted,1764337370.8753603,2200.7247347831726,False
2588,6,400,startFixDisplay,1764337370.875424,2200.724797964096,False
2589,6,400,startFixPeriod,1764337371.0421484,2200.8915255069733,False
2590,6,400,TargetPresentation,1764337371.902747,2201.7521238327026,False
2591,6,400,TargetDisplacement,1764337372.0481443,2201.897521018982,True
2592,6,400,RightResponse,1764337372.7146132,2202.563987970352,False
2593,6,401,FeedbackPeriodStarted,1764337372.7420135,2202.5913882255554,False
2594,6,401,startFixDisplay,1764337372.7420788,2202.591452598572,False
2595,6,401,startFixPeriod,1764337372.9642532,2202.813628435135,False
2596,6,401,TargetPresentation,1764337374.095242,2203.9446177482605,False
2597,6,401,TargetDisplacement,1764337374.2339454,2204.0833220481873,True
2598,6,401,RightResponse,1764337375.0947454,2204.9441204071045,False
2599,6,402,FeedbackPeriodStarted,1764337375.1221187,2204.9714953899384,False
2600,6,402,startFixDisplay,1764337375.122306,2204.9716823101044,False
2601,6,402,startFixPeriod,1764337375.281969,2205.131346464157,False
2602,6,402,TargetPresentation,1764337376.010497,2205.8598721027374,False
2603,6,402,TargetDisplacement,1764337376.1769187,2206.026295900345,True
2604,6,402,LeftResponse,1764337376.8639953,2206.7133700847626,False
2605,6,402,FeedbackPeriodStarted,1764337376.8708699,2206.7202467918396,False
2606,6,403,startFixDisplay,1764337378.8830497,2208.7324266433716,False
2607,6,403,startFixPeriod,1764337378.9039526,2208.7533292770386,False
2608,6,403,TargetPresentation,1764337379.7853694,2209.6347465515137,False
2609,6,403,TargetDisplacement,1764337379.944869,2209.7942459583282,True
2610,6,403,RightResponse,1764337380.8890347,2210.7384116649628,False
2611,6,404,FeedbackPeriodStarted,1764337380.916201,2210.7655758857727,False
2612,6,404,startFixDisplay,1764337380.9162705,2210.765644788742,False
2613,6,404,startFixPeriod,1764337381.1107244,2210.9600994586945,False
2614,6,404,TargetPresentation,1764337382.3875005,2212.2368779182434,False
2615,6,404,TargetDisplacement,1764337382.5746784,2212.42405295372,True
2616,6,404,RightResponse,1764337383.1647716,2213.0141468048096,False
2617,6,405,FeedbackPeriodStarted,1764337383.192205,2213.0415818691254,False
2618,6,405,startFixDisplay,1764337383.192361,2213.0417370796204,False
2619,6,405,startFixPeriod,1764337383.4005167,2213.249894142151,False
2620,6,405,TargetPresentation,1764337384.6080315,2214.4574086666107,False
2621,6,405,TargetDisplacement,1764337384.7534635,2214.602838039398,True
2622,6,405,RightResponse,1764337385.517122,2215.3664977550507,False
2623,6,406,FeedbackPeriodStarted,1764337385.544553,2215.3939275741577,False
2624,6,406,startFixDisplay,1764337385.5446243,2215.393998146057,False
2625,6,406,startFixPeriod,1764337385.947223,2215.7966001033783,False
2626,6,406,TargetPresentation,1764337387.182372,2217.0317471027374,False
2627,6,406,TargetRemoval,1764337387.1893198,2217.038697242737,True
2628,6,406,TargetReappeared,1764337387.4391527,2217.2885303497314,False
2629,6,406,LeftResponse,1764337387.8973975,2217.746772289276,False
2630,6,407,FeedbackPeriodStarted,1764337387.9181104,2217.767485141754,False
2631,6,407,startFixDisplay,1764337387.91818,2217.7675540447235,False
2632,6,407,startFixPeriod,1764337388.1816058,2218.0309817790985,False
2633,6,407,TargetPresentation,1764337389.305707,2219.155081987381,False
2634,6,407,TargetDisplacement,1764337389.4374168,2219.286793231964,True
2635,6,407,LeftResponse,1764337390.3607335,2220.2101080417633,False
2636,6,408,FeedbackPeriodStarted,1764337390.3813455,2220.230720281601,False
2637,6,408,startFixDisplay,1764337390.3814104,2220.23078417778,False
2638,6,408,startFixPeriod,1764337390.7559838,2220.6053614616394,False
2639,6,408,TargetPresentation,1764337392.0396261,2221.889000892639,False
2640,6,408,TargetRemoval,1764337392.1922703,2222.041647195816,True
2641,6,408,TargetReappeared,1764337392.442094,2222.291471719742,False
2642,6,408,RightResponse,1764337393.087477,2222.9368517398834,False
2643,6,408,FeedbackPeriodStarted,1764337393.094349,2222.943725824356,False
2644,6,409,startFixDisplay,1764337395.106553,2224.9559297561646,False
2645,6,409,startFixPeriod,1764337395.3426309,2225.192005634308,False
2646,6,409,TargetPresentation,1764337395.939389,2225.7887663841248,False
2647,6,409,TargetDisplacement,1764337396.140605,2225.9899818897247,True
2648,6,409,RightResponse,1764337397.2441907,2227.093567609787,False
2649,6,410,FeedbackPeriodStarted,1764337397.271563,2227.1209564208984,False
2650,6,410,startFixDisplay,1764337397.2717135,2227.1210894584656,False
2651,6,410,startFixPeriod,1764337397.8338478,2227.6832251548767,False
2652,6,410,TargetPresentation,1764337399.062069,2228.9114470481873,False
2653,6,410,TargetDisplacement,1764337399.2701144,2229.1194911003113,True
2654,6,410,RightResponse,1764337400.06847,2229.9178454875946,False
2655,6,411,FeedbackPeriodStarted,1764337400.0957978,2229.9451756477356,False
2656,6,411,startFixDisplay,1764337400.0959463,2229.9453222751617,False
2657,6,411,startFixPeriod,1764337400.318012,2230.167389392853,False
2658,6,411,TargetPresentation,1764337401.2408946,2231.0902717113495,False
2659,6,411,TargetDisplacement,1764337401.4141576,2231.2635316848755,True
2660,6,411,RightResponse,1764337401.9972415,2231.846616268158,False
2661,6,412,FeedbackPeriodStarted,1764337402.0248654,2231.874242544174,False
2662,6,412,startFixDisplay,1764337402.0250778,2231.874454021454,False
2663,6,412,startFixPeriod,1764337402.226248,2232.075625181198,False
2664,6,412,TargetPresentation,1764337403.3087683,2233.158145427704,False
2665,6,412,TargetDisplacement,1764337403.4959033,2233.345279932022,True
2666,6,412,RightResponse,1764337404.2873023,2234.1366777420044,False
2667,6,413,FeedbackPeriodStarted,1764337404.3146572,2234.1640343666077,False
2668,6,413,startFixDisplay,1764337404.3148012,2234.1641767024994,False
2669,6,413,startFixPeriod,1764337404.5923967,2234.4417717456818,False
2670,6,413,TargetPresentation,1764337405.2584736,2235.1078486442566,False
2671,6,413,TargetDisplacement,1764337405.3901935,2235.239570379257,True
2672,6,413,LeftResponse,1764337406.646683,2236.4960577487946,False
2673,6,414,FeedbackPeriodStarted,1764337406.6740193,2236.523396730423,False
2674,6,414,startFixDisplay,1764337406.6741674,2236.523543357849,False
2675,6,414,startFixPeriod,1764337406.8823035,2236.7316811084747,False
2676,6,414,TargetPresentation,1764337408.256223,2238.1056003570557,False
2677,6,414,TargetRemoval,1764337408.4364133,2238.2857875823975,True
2678,6,414,TargetReappeared,1764337408.6868155,2238.536192893982,False
2679,6,414,LeftResponse,1764337409.158397,2239.007771253586,False
2680,6,414,FeedbackPeriodStarted,1764337409.1652124,2239.0145897865295,False
2681,6,415,startFixDisplay,1764337411.177239,2241.026613473892,False
2682,6,415,startFixPeriod,1764337411.1843667,2241.0337438583374,False
2683,6,415,TargetPresentation,1764337411.7257106,2241.575085401535,False
2684,6,415,TargetRemoval,1764337411.906003,2241.755379676819,True
2685,6,415,TargetReappeared,1764337412.1559575,2242.0053350925446,False
2686,6,415,RightResponse,1764337412.6141229,2242.463499546051,False
2687,6,416,FeedbackPeriodStarted,1764337412.6484394,2242.497815132141,False
2688,6,416,startFixDisplay,1764337412.648544,2242.497918844223,False
2689,6,416,startFixPeriod,1764337412.8498569,2242.699234485626,False
2690,6,416,TargetPresentation,1764337413.3771374,2243.226514816284,False
2691,6,416,TargetDisplacement,1764337413.5434315,2243.392805814743,True
2692,6,416,LeftResponse,1764337414.390643,2244.2400171756744,False
2693,6,417,FeedbackPeriodStarted,1764337414.4180734,2244.2674515247345,False
2694,6,417,startFixDisplay,1764337414.4182293,2244.2676050662994,False
2695,6,417,startFixPeriod,1764337414.6887102,2244.5380856990814,False
2696,6,417,TargetPresentation,1764337416.0140254,2245.8634033203125,False
2697,6,417,TargetDisplacement,1764337416.1527169,2246.002094268799,True
2698,6,417,LeftResponse,1764337416.9369826,2246.786357164383,False
2699,6,418,FeedbackPeriodStarted,1764337416.9577646,2246.807139158249,False
2700,6,418,startFixDisplay,1764337416.9578338,2246.807207584381,False
2701,6,418,startFixPeriod,1764337417.2005196,2247.0498950481415,False
2702,6,418,TargetPresentation,1764337417.866799,2247.716176509857,False
2703,6,418,TargetDisplacement,1764337418.0332234,2247.8826007843018,True
2704,6,418,LeftResponse,1764337418.5123243,2248.361699819565,False
2705,6,419,FeedbackPeriodStarted,1764337418.539718,2248.389092683792,False
2706,6,419,startFixDisplay,1764337418.5397887,2248.3891627788544,False
2707,6,419,startFixPeriod,1764337418.7827263,2248.63210272789,False
2708,6,419,TargetPresentation,1764337419.9067895,2249.7561645507812,False
2709,6,419,TargetDisplacement,1764337420.0662851,2249.9156618118286,True
2710,6,419,LeftResponse,1764337421.2325153,2251.08189201355,False
2711,6,420,FeedbackPeriodStarted,1764337421.266736,2251.116113424301,False
2712,6,420,startFixDisplay,1764337421.2668786,2251.1162543296814,False
2713,6,420,startFixPeriod,1764337421.447359,2251.296736717224,False
2714,6,420,TargetPresentation,1764337422.869791,2252.719167947769,False
2715,6,420,TargetDisplacement,1764337423.0153751,2252.8647520542145,True
2716,6,420,LeftResponse,1764337423.7514675,2253.6008443832397,False
2717,6,420,FeedbackPeriodStarted,1764337423.7579618,2253.607338666916,False
2718,6,421,startFixDisplay,1764337425.7700121,2255.619386434555,False
2719,6,421,startFixPeriod,1764337426.0339506,2255.8833253383636,False
2720,6,421,TargetPresentation,1764337427.4912887,2257.3406660556793,False
2721,6,421,TargetRemoval,1764337427.6506596,2257.5000338554382,True
2722,6,421,TargetReappeared,1764337427.9005527,2257.749927520752,False
2723,6,421,LeftResponse,1764337428.3033943,2258.1527700424194,False
2724,6,422,FeedbackPeriodStarted,1764337428.3306606,2258.1800351142883,False
2725,6,422,startFixDisplay,1764337428.330723,2258.1800968647003,False
2726,6,422,startFixPeriod,1764337428.5388718,2258.3882462978363,False
2727,6,422,TargetPresentation,1764337429.059417,2258.9087924957275,False
2728,6,422,TargetDisplacement,1764337429.2326684,2259.082042694092,True
2729,6,422,LeftResponse,1764337429.7467225,2259.5960972309113,False
2730,6,423,FeedbackPeriodStarted,1764337429.7741256,2259.623502969742,False
2731,6,423,startFixDisplay,1764337429.7742748,2259.6236505508423,False
2732,6,423,startFixPeriod,1764337430.0031397,2259.8525171279907,False
2733,6,423,TargetPresentation,1764337431.3077197,2261.157096385956,False
2734,6,423,TargetDisplacement,1764337431.4742393,2261.323617219925,True
2735,6,423,RightResponse,1764337432.300288,2262.149664878845,False
2736,6,424,FeedbackPeriodStarted,1764337432.3276875,2262.1770622730255,False
2737,6,424,startFixDisplay,1764337432.3277538,2262.177127599716,False
2738,6,424,startFixPeriod,1764337432.4804375,2262.329812526703,False
2739,6,424,TargetPresentation,1764337433.368547,2263.217924594879,False
2740,6,424,TargetDisplacement,1764337433.7848017,2263.6341786384583,True
2741,6,424,LeftResponse,1764337434.5346708,2264.3840465545654,False
2742,6,425,FeedbackPeriodStarted,1764337434.5620167,2264.4113936424255,False
2743,6,425,startFixDisplay,1764337434.5621562,2264.41153216362,False
2744,6,425,startFixPeriod,1764337434.7286625,2264.5780391693115,False
2745,6,425,TargetPresentation,1764337435.2421336,2265.0915110111237,False
2746,6,425,TargetRemoval,1764337435.4293404,2265.2787170410156,True
2747,6,425,TargetReappeared,1764337435.679331,2265.5287086963654,False
2748,6,425,RightResponse,1764337436.0474358,2265.896812438965,False
2749,6,426,FeedbackPeriodStarted,1764337436.07466,2265.9240374565125,False
2750,6,426,startFixDisplay,1764337436.0747924,2265.9241683483124,False
2751,6,426,startFixPeriod,1764337436.3246474,2266.1740238666534,False
2752,6,426,TargetPresentation,1764337437.282259,2267.131636619568,False
2753,6,426,TargetDisplacement,1764337437.4555402,2267.3049166202545,True
2754,6,426,RightResponse,1764337438.4970407,2268.3464200496674,False
2755,6,426,FeedbackPeriodStarted,1764337438.5032644,2268.352641582489,False
2756,6,427,startFixDisplay,1764337440.5154722,2270.3648467063904,False
2757,6,427,startFixPeriod,1764337440.5226107,2270.3719851970673,False
2758,6,427,TargetPresentation,1764337441.945074,2271.7944514751434,False
2759,6,427,TargetDisplacement,1764337442.083674,2271.9330480098724,True
2760,6,427,LeftResponse,1764337442.6392946,2272.488671064377,False
2761,6,428,FeedbackPeriodStarted,1764337442.6668475,2272.516224861145,False
2762,6,428,startFixDisplay,1764337442.6669965,2272.5163724422455,False
2763,6,428,startFixPeriod,1764337442.8680856,2272.7174627780914,False
2764,6,428,TargetPresentation,1764337444.1727023,2274.022078037262,False
2765,6,428,TargetRemoval,1764337444.3321552,2274.181532382965,True
2766,6,428,TargetReappeared,1764337444.5820909,2274.4314680099487,False
2767,6,428,LeftResponse,1764337445.0403633,2274.889739751816,False
2768,6,429,FeedbackPeriodStarted,1764337445.0676644,2274.917041540146,False
2769,6,429,startFixDisplay,1764337445.0678167,2274.917192697525,False
2770,6,429,startFixPeriod,1764337445.359248,2275.2086250782013,False
2771,6,429,TargetPresentation,1764337446.670786,2276.5201630592346,False
2772,6,429,TargetRemoval,1764337446.8094556,2276.6588323116302,True
2773,6,429,TargetReappeared,1764337447.0592315,2276.9086084365845,False
2774,6,429,RightResponse,1764337447.684131,2277.5335075855255,False
2775,6,430,FeedbackPeriodStarted,1764337447.7114592,2277.560834169388,False
2776,6,430,startFixDisplay,1764337447.7115266,2277.5609006881714,False
2777,6,430,startFixPeriod,1764337447.9960876,2277.845464706421,False
2778,6,430,TargetPresentation,1764337448.64137,2278.490747451782,False
2779,6,430,TargetDisplacement,1764337448.82856,2278.6779370307922,True
2780,6,430,LeftResponse,1764337449.7588704,2279.6082463264465,False
2781,6,431,FeedbackPeriodStarted,1764337449.786233,2279.6356077194214,False
2782,6,431,startFixDisplay,1764337449.7863011,2279.6356751918793,False
2783,6,431,startFixPeriod,1764337449.994561,2279.843938112259,False
2784,6,431,TargetPresentation,1764337451.153409,2281.0027866363525,False
2785,6,431,TargetDisplacement,1764337451.3058934,2281.1552708148956,True
2786,6,431,RightResponse,1764337451.875031,2281.724406003952,False
2787,6,432,FeedbackPeriodStarted,1764337451.9026577,2281.752032518387,False
2788,6,432,startFixDisplay,1764337451.9027264,2281.752100467682,False
2789,6,432,startFixPeriod,1764337452.1456451,2281.995020866394,False
2790,6,432,TargetPresentation,1764337453.0754576,2282.9248349666595,False
2791,6,432,TargetDisplacement,1764337453.220973,2283.070349931717,True
2792,6,432,LeftResponse,1764337454.0055075,2283.854884624481,False
2793,6,432,FeedbackPeriodStarted,1764337454.0191169,2283.868493795395,False
2794,6,433,startFixDisplay,1764337456.0383139,2285.8876910209656,False
2795,6,433,startFixPeriod,1764337456.0452175,2285.8945949077606,False
2796,6,433,TargetPresentation,1764337456.5795033,2286.4288783073425,False
2797,6,433,TargetRemoval,1764337456.7251773,2286.574553966522,True
2798,6,433,TargetReappeared,1764337456.9750936,2286.824470758438,False
2799,6,433,RightResponse,1764337457.3846776,2287.234053134918,False
2800,6,434,FeedbackPeriodStarted,1764337457.4122064,2287.261583328247,False
2801,6,434,startFixDisplay,1764337457.4123487,2287.261724472046,False
2802,6,434,startFixPeriod,1764337457.6690087,2287.518383741379,False
2803,6,434,TargetPresentation,1764337458.9456687,2288.795044183731,False
2804,6,434,TargetDisplacement,1764337459.1122713,2288.9616482257843,True
2805,6,434,RightResponse,1764337459.7025862,2289.551961183548,False
2806,6,435,FeedbackPeriodStarted,1764337459.7298703,2289.5792474746704,False
2807,6,435,startFixDisplay,1764337459.7300103,2289.579385995865,False
2808,6,435,startFixPeriod,1764337460.0212693,2289.870646238327,False
2809,6,435,TargetPresentation,1764337460.6388872,2290.4882628917694,False
2810,6,435,TargetRemoval,1764337460.7983654,2290.647739648819,True
2811,6,435,TargetReappeared,1764337461.048414,2290.8977887630463,False
2812,6,435,LeftResponse,1764337462.0269682,2291.8763451576233,False
2813,6,436,FeedbackPeriodStarted,1764337462.0544524,2291.9038298130035,False
2814,6,436,startFixDisplay,1764337462.054582,2291.903956890106,False
2815,6,436,startFixPeriod,1764337462.2767668,2292.1261439323425,False
2816,6,436,TargetPresentation,1764337462.831765,2292.681142091751,False
2817,6,436,TargetDisplacement,1764337462.9981263,2292.847503185272,True
2818,6,436,LeftResponse,1764337463.5118828,2293.361257314682,False
2819,6,437,FeedbackPeriodStarted,1764337463.5393488,2293.3887259960175,False
2820,6,437,startFixDisplay,1764337463.5394914,2293.388867378235,False
2821,6,437,startFixPeriod,1764337463.775277,2293.624653816223,False
2822,6,437,TargetPresentation,1764337464.7537704,2294.6031455993652,False
2823,6,437,TargetRemoval,1764337464.892419,2294.7417957782745,True
2824,6,437,TargetReappeared,1764337465.1423998,2294.991775751114,False
2825,6,437,RightResponse,1764337465.649213,2295.498589992523,False
2826,6,438,FeedbackPeriodStarted,1764337465.6835284,2295.532906293869,False
2827,6,438,startFixDisplay,1764337465.6837146,2295.5330905914307,False
2828,6,438,startFixPeriod,1764337465.877974,2295.7273511886597,False
2829,6,438,TargetPresentation,1764337466.4261627,2296.2755403518677,False
2830,6,438,TargetRemoval,1764337466.5855842,2296.434962272644,True
2831,6,438,TargetReappeared,1764337466.8354697,2296.6848454475403,False
2832,6,438,RightResponse,1764337467.203551,2297.0529277324677,False
2833,6,438,FeedbackPeriodStarted,1764337467.2103195,2297.059697151184,False
2834,6,439,startFixDisplay,1764337469.222332,2299.071706056595,False
2835,6,439,startFixPeriod,1764337469.2918832,2299.141259431839,False
2836,6,439,TargetPresentation,1764337469.8749034,2299.724279165268,False
2837,6,439,TargetRemoval,1764337470.0482366,2299.8976106643677,True
2838,6,439,TargetReappeared,1764337470.2981884,2300.147565841675,False
2839,6,439,LeftResponse,1764337470.6245155,2300.4738914966583,False
2840,6,440,FeedbackPeriodStarted,1764337470.6518254,2300.5012023448944,False
2841,6,440,startFixDisplay,1764337470.6519654,2300.501341342926,False
2842,6,440,startFixPeriod,1764337470.9156666,2300.7650439739227,False
2843,6,440,TargetPresentation,1764337471.4707727,2301.3201489448547,False
2844,6,440,TargetDisplacement,1764337471.644106,2301.493483066559,True
2845,6,440,RightResponse,1764337472.2482357,2302.0976123809814,False
2846,6,441,FeedbackPeriodStarted,1764337472.27556,2302.1249346733093,False
2847,6,441,startFixDisplay,1764337472.2756386,2302.125012397766,False
2848,6,441,startFixPeriod,1764337472.5046916,2302.3540692329407,False
2849,6,441,TargetPresentation,1764337473.857812,2303.7071866989136,False
2850,6,441,TargetRemoval,1764337474.003424,2303.8528006076813,True
2851,6,441,TargetReappeared,1764337474.253359,2304.1027359962463,False
2852,6,441,RightResponse,1764337474.6352348,2304.484610080719,False
2853,6,442,FeedbackPeriodStarted,1764337474.6626632,2304.512040376663,False
2854,6,442,startFixDisplay,1764337474.6628067,2304.512182712555,False
2855,6,442,startFixPeriod,1764337474.9611819,2304.810559272766,False
2856,6,442,TargetPresentation,1764337475.814593,2305.663969039917,False
2857,6,442,TargetRemoval,1764337475.9741614,2305.823538541794,True
2858,6,442,TargetReappeared,1764337476.2239923,2306.07336974144,False
2859,6,442,LeftResponse,1764337476.80024,2306.649616956711,False
2860,6,443,FeedbackPeriodStarted,1764337476.827608,2306.6769828796387,False
2861,6,443,startFixDisplay,1764337476.82767,2306.677043914795,False
2862,6,443,startFixPeriod,1764337477.0427966,2306.8921728134155,False
2863,6,443,TargetPresentation,1764337478.4306283,2308.2800035476685,False
2864,6,443,TargetDisplacement,1764337478.4375906,2308.2869658470154,True
2865,6,443,LeftResponse,1764337480.0546718,2309.904047012329,False
2866,6,444,FeedbackPeriodStarted,1764337480.0820405,2309.9314177036285,False
2867,6,444,startFixDisplay,1764337480.082242,2309.931617975235,False
2868,6,444,startFixPeriod,1764337480.7413895,2310.590767145157,False
2869,6,444,TargetPresentation,1764337481.442228,2311.2916054725647,False
2870,6,444,TargetDisplacement,1764337481.6363842,2311.4857609272003,True
2871,6,444,RightResponse,1764337482.1708908,2312.020266056061,False
2872,6,444,FeedbackPeriodStarted,1764337482.1775753,2312.026952981949,False
2873,6,445,startFixDisplay,1764337484.1899128,2314.0392894744873,False
2874,6,445,startFixPeriod,1764337484.196914,2314.046290874481,False
2875,6,445,TargetPresentation,1764337484.918563,2314.767937898636,False
2876,6,445,TargetDisplacement,1764337485.0642748,2314.9136514663696,True
2877,6,445,LeftResponse,1764337486.09873,2315.9481048583984,False
2878,6,446,FeedbackPeriodStarted,1764337486.1259549,2315.9753320217133,False
2879,6,446,startFixDisplay,1764337486.126095,2315.9754707813263,False
2880,6,446,startFixPeriod,1764337486.3273697,2316.1767468452454,False
2881,6,446,TargetPresentation,1764337487.3543339,2317.2037115097046,False
2882,6,446,TargetDisplacement,1764337487.5068195,2317.3561964035034,True
2883,6,446,LeftResponse,1764337488.04854,2317.897917032242,False
2884,6,447,FeedbackPeriodStarted,1764337488.0757604,2317.9251375198364,False
2885,6,447,startFixDisplay,1764337488.0759017,2317.9252774715424,False
2886,6,447,startFixPeriod,1764337488.2702668,2318.1196439266205,False
2887,6,447,TargetPresentation,1764337488.7976787,2318.647054672241,False
2888,6,447,TargetDisplacement,1764337488.9778163,2318.8271930217743,True
2889,6,447,RightResponse,1764337489.789963,2319.63933801651,False
2890,6,448,FeedbackPeriodStarted,1764337489.8173857,2319.6667602062225,False
2891,6,448,startFixDisplay,1764337489.8174489,2319.666822910309,False
2892,6,448,startFixPeriod,1764337490.0188327,2319.8682100772858,False
2893,6,448,TargetPresentation,1764337491.1082191,2320.9575963020325,False
2894,6,448,TargetRemoval,1764337491.2607615,2321.1101381778717,True
2895,6,448,TargetReappeared,1764337491.5106223,2321.359999895096,False
2896,6,448,LeftResponse,1764337491.8995562,2321.7489330768585,False
2897,6,449,FeedbackPeriodStarted,1764337491.9270291,2321.776406764984,False
2898,6,449,startFixDisplay,1764337491.927191,2321.7765650749207,False
2899,6,449,startFixPeriod,1764337492.1491308,2321.998507976532,False
2900,6,449,TargetPresentation,1764337493.106727,2322.9561018943787,False
2901,6,449,TargetDisplacement,1764337493.266202,2323.115578651428,True
2902,6,449,RightResponse,1764337493.8078291,2323.6572048664093,False
2903,6,450,FeedbackPeriodStarted,1764337493.8350554,2323.684429883957,False
2904,6,450,startFixDisplay,1764337493.8351204,2323.6844942569733,False
2905,6,450,startFixPeriod,1764337494.0989876,2323.9483647346497,False
2906,6,450,TargetPresentation,1764337495.4937253,2325.343100309372,False
2907,6,450,TargetDisplacement,1764337495.6255918,2325.47496676445,True
2908,6,450,RightResponse,1764337496.3474953,2326.196870326996,False
2909,6,450,FeedbackPeriodStarted,1764337496.3542004,2326.2035777568817,False
2910,6,451,startFixDisplay,1764337498.3733037,2328.2226803302765,False
2911,6,451,startFixPeriod,1764337498.3801973,2328.229574203491,False
2912,6,451,TargetPresentation,1764337499.6503124,2329.4996898174286,False
2913,6,451,TargetDisplacement,1764337499.8096826,2329.6590571403503,True
2914,6,451,RightResponse,1764337500.3097143,2330.159089565277,False
2915,6,452,FeedbackPeriodStarted,1764337500.3370285,2330.186406135559,False
2916,6,452,startFixDisplay,1764337500.3371701,2330.186545610428,False
2917,6,452,startFixPeriod,1764337500.5522897,2330.4016647338867,False
2918,6,452,TargetPresentation,1764337501.5863094,2331.435687303543,False
2919,6,452,TargetDisplacement,1764337501.7802498,2331.6296241283417,True
2920,6,452,LeftResponse,1764337502.2317944,2332.0811698436737,False
2921,6,453,FeedbackPeriodStarted,1764337502.259136,2332.108512878418,False
2922,6,453,startFixDisplay,1764337502.2592168,2332.1085908412933,False
2923,6,453,startFixPeriod,1764337502.6965146,2332.5458920001984,False
2924,6,453,TargetPresentation,1764337504.1674142,2334.0167911052704,False
2925,6,453,TargetRemoval,1764337504.3339972,2334.1833741664886,True
2926,6,453,TargetReappeared,1764337504.5838077,2334.4331834316254,False
2927,6,453,RightResponse,1764337505.8192883,2335.668664932251,False
2928,6,454,FeedbackPeriodStarted,1764337505.8467216,2335.696099281311,False
2929,6,454,startFixDisplay,1764337505.8468785,2335.696254491806,False
2930,6,454,startFixPeriod,1764337506.082773,2335.932149887085,False
2931,6,454,TargetPresentation,1764337506.6031427,2336.452520132065,False
2932,6,454,TargetDisplacement,1764337506.8388872,2336.6882638931274,True
2933,6,454,LeftResponse,1764337507.3597593,2337.209135055542,False
2934,6,455,FeedbackPeriodStarted,1764337507.3870935,2337.2364704608917,False
2935,6,455,startFixDisplay,1764337507.3872337,2337.2366094589233,False
2936,6,455,startFixPeriod,1764337507.664887,2337.5142645835876,False
2937,6,455,TargetPresentation,1764337508.518239,2338.367616176605,False
2938,6,455,TargetDisplacement,1764337508.6500702,2338.499447107315,True
2939,6,455,LeftResponse,1764337509.2331426,2339.082519054413,False
2940,6,456,FeedbackPeriodStarted,1764337509.2605722,2339.1099467277527,False
2941,6,456,startFixDisplay,1764337509.2606215,2339.109995365143,False
2942,6,456,startFixPeriod,1764337509.5658371,2339.4152116775513,False
2943,6,456,TargetPresentation,1764337510.5860355,2340.435412168503,False
2944,6,456,TargetDisplacement,1764337510.7733395,2340.622716188431,True
2945,6,456,RightResponse,1764337511.647763,2341.4971375465393,False
2946,6,456,FeedbackPeriodStarted,1764337511.6545553,2341.5039296150208,False
2947,6,457,startFixDisplay,1764337513.666777,2343.516151189804,False
2948,6,457,startFixPeriod,1764337513.6738439,2343.5232207775116,False
2949,6,457,TargetPresentation,1764337514.4512339,2344.300611257553,False
2950,6,457,TargetRemoval,1764337514.603661,2344.4530351161957,True
2951,6,457,TargetReappeared,1764337514.8535974,2344.702972173691,False
2952,6,457,RightResponse,1764337515.221648,2345.071024417877,False
2953,6,458,FeedbackPeriodStarted,1764337515.2490573,2345.098434448242,False
2954,6,458,startFixDisplay,1764337515.2491937,2345.098569393158,False
2955,6,458,startFixPeriod,1764337515.4989612,2345.3483378887177,False
2956,6,458,TargetPresentation,1764337516.109535,2345.9589104652405,False
2957,6,458,TargetDisplacement,1764337516.2760007,2346.1253776550293,True
2958,6,458,LeftResponse,1764337516.8106358,2346.660011291504,False
2959,6,459,FeedbackPeriodStarted,1764337516.8381429,2346.687520503998,False
2960,6,459,startFixDisplay,1764337516.8382838,2346.687659740448,False
2961,6,459,startFixPeriod,1764337517.1018534,2346.951230287552,False
2962,6,459,TargetPresentation,1764337518.3091156,2348.158492565155,False
2963,6,459,TargetDisplacement,1764337518.6907504,2348.54012465477,True
2964,6,459,LeftResponse,1764337519.260146,2349.1095225811005,False
2965,6,460,FeedbackPeriodStarted,1764337519.2804568,2349.129831314087,False
2966,6,460,startFixDisplay,1764337519.280505,2349.129878759384,False
2967,6,460,startFixPeriod,1764337519.7663352,2349.6157104969025,False
2968,6,460,TargetPresentation,1764337520.293678,2350.143052339554,False
2969,6,460,TargetDisplacement,1764337520.4394941,2350.2888684272766,True
2970,6,460,LeftResponse,1764337520.9809265,2350.830302476883,False
2971,6,461,FeedbackPeriodStarted,1764337521.0018198,2350.851194381714,False
2972,6,461,startFixDisplay,1764337521.0018702,2350.8512439727783,False
2973,6,461,startFixPeriod,1764337521.2236047,2351.07298207283,False
2974,6,461,TargetPresentation,1764337522.6392293,2352.4886059761047,False
2975,6,461,TargetDisplacement,1764337522.7848551,2352.6342313289642,True
2976,6,461,LeftResponse,1764337523.319452,2353.1688284873962,False
2977,6,461,FeedbackPeriodStarted,1764337523.3607063,2353.2100806236267,False
2978,7,462,startFixDisplay,1764337746.4508545,2576.3002319335938,False
2979,7,462,startFixPeriod,1764337746.4577785,2576.3071534633636,False
2980,7,462,TargetPresentation,1764337747.2349691,2577.0843465328217,False
2981,7,462,TargetRemoval,1764337747.380558,2577.2299349308014,True
2982,7,462,TargetReappeared,1764337747.6304743,2577.479849100113,False
2983,7,462,LeftResponse,1764337748.0055535,2577.8549292087555,False
2984,7,463,FeedbackPeriodStarted,1764337748.0329676,2577.882345199585,False
2985,7,463,startFixDisplay,1764337748.0331159,2577.8824915885925,False
2986,7,463,startFixPeriod,1764337748.2203045,2578.0696818828583,False
2987,7,463,TargetPresentation,1764337749.1987302,2579.0481073856354,False
2988,7,463,TargetRemoval,1764337749.3443146,2579.193691253662,True
2989,7,463,TargetReappeared,1764337749.5942814,2579.443660259247,False
2990,7,463,LeftResponse,1764337749.9971013,2579.846478700638,False
2991,7,464,FeedbackPeriodStarted,1764337750.0244336,2579.873810529709,False
2992,7,464,startFixDisplay,1764337750.024601,2579.8739771842957,False
2993,7,464,startFixPeriod,1764337750.413034,2580.2624113559723,False
2994,7,464,TargetPresentation,1764337751.2317443,2581.081119298935,False
2995,7,464,TargetDisplacement,1764337751.3773975,2581.226771593094,True
2996,7,464,RightResponse,1764337752.2314267,2582.0808022022247,False
2997,7,465,FeedbackPeriodStarted,1764337752.2587993,2582.1081767082214,False
2998,7,465,startFixDisplay,1764337752.25894,2582.108315706253,False
2999,7,465,startFixPeriod,1764337752.4808986,2582.3302743434906,False
3000,7,465,TargetPresentation,1764337753.029257,2582.878634929657,False
3001,7,465,TargetRemoval,1764337753.1955297,2583.0449063777924,True
3002,7,465,TargetReappeared,1764337753.4454823,2583.294859647751,False
3003,7,465,LeftResponse,1764337753.7858078,2583.6351828575134,False
3004,7,466,FeedbackPeriodStarted,1764337753.8131442,2583.6625216007233,False
3005,7,466,startFixDisplay,1764337753.8132918,2583.6626675128937,False
3006,7,466,startFixPeriod,1764337754.056168,2583.90554523468,False
3007,7,466,TargetPresentation,1764337754.7638047,2584.6131794452667,False
3008,7,466,TargetRemoval,1764337754.9163718,2584.7657487392426,True
3009,7,466,TargetReappeared,1764337755.1664143,2585.0157918930054,False
3010,7,466,RightResponse,1764337755.5550284,2585.4044041633606,False
3011,7,467,FeedbackPeriodStarted,1764337755.5825841,2585.4319636821747,False
3012,7,467,startFixDisplay,1764337755.5826867,2585.4320607185364,False
3013,7,467,startFixPeriod,1764337755.7908652,2585.640241622925,False
3014,7,467,TargetPresentation,1764337757.2548475,2587.1042246818542,False
3015,7,467,TargetDisplacement,1764337757.4283316,2587.2777082920074,True
3016,7,467,LeftResponse,1764337757.9284933,2587.7778701782227,False
3017,7,468,FeedbackPeriodStarted,1764337757.9558144,2587.805189371109,False
3018,7,468,startFixDisplay,1764337757.9558737,2587.805247783661,False
3019,7,468,startFixPeriod,1764337758.1848342,2588.0342090129852,False
3020,7,468,TargetPresentation,1764337759.4548597,2589.304237127304,False
3021,7,468,TargetDisplacement,1764337759.6002262,2589.4496026039124,True
3022,7,468,LeftResponse,1764337760.336293,2590.1856696605682,False
3023,7,468,FeedbackPeriodStarted,1764337760.342912,2590.1922895908356,False
3024,7,469,startFixDisplay,1764337762.361993,2592.211370229721,False
3025,7,469,startFixPeriod,1764337762.5703208,2592.419698238373,False
3026,7,469,TargetPresentation,1764337763.6042783,2593.4536554813385,False
3027,7,469,TargetDisplacement,1764337763.749774,2593.5991508960724,True
3028,7,469,LeftResponse,1764337764.4858046,2594.335180282593,False
3029,7,470,FeedbackPeriodStarted,1764337764.5131102,2594.3624873161316,False
3030,7,470,startFixDisplay,1764337764.5132532,2594.3626289367676,False
3031,7,470,startFixPeriod,1764337764.7284257,2594.5778036117554,False
3032,7,470,TargetPresentation,1764337766.1717517,2596.0211265087128,False
3033,7,470,TargetRemoval,1764337766.3381586,2596.1875355243683,True
3034,7,470,TargetReappeared,1764337766.5880613,2596.437438726425,False
3035,7,470,LeftResponse,1764337767.0462933,2596.895669937134,False
3036,7,471,FeedbackPeriodStarted,1764337767.073562,2596.9229617118835,False
3037,7,471,startFixDisplay,1764337767.0737333,2596.923109292984,False
3038,7,471,startFixPeriod,1764337767.4068513,2597.256228685379,False
3039,7,471,TargetPresentation,1764337768.7598686,2598.60924577713,False
3040,7,471,TargetRemoval,1764337768.8985288,2598.747903108597,True
3041,7,471,TargetReappeared,1764337769.1485069,2598.9978818893433,False
3042,7,471,LeftResponse,1764337769.5232656,2599.372641324997,False
3043,7,472,FeedbackPeriodStarted,1764337769.5507123,2599.400087118149,False
3044,7,472,startFixDisplay,1764337769.5507739,2599.400147676468,False
3045,7,472,startFixPeriod,1764337769.8562963,2599.7056736946106,False
3046,7,472,TargetPresentation,1764337770.876394,2600.7257719039917,False
3047,7,472,TargetDisplacement,1764337771.0495887,2600.89896607399,True
3048,7,472,RightResponse,1764337771.5634918,2601.412868499756,False
3049,7,473,FeedbackPeriodStarted,1764337771.5908792,2601.440256357193,False
3050,7,473,startFixDisplay,1764337771.591013,2601.4403891563416,False
3051,7,473,startFixPeriod,1764337771.910248,2601.7596259117126,False
3052,7,473,TargetPresentation,1764337772.5207565,2602.3701322078705,False
3053,7,473,TargetDisplacement,1764337772.673347,2602.5227239131927,True
3054,7,473,LeftResponse,1764337773.1803176,2603.029694080353,False
3055,7,474,FeedbackPeriodStarted,1764337773.2076595,2603.057034254074,False
3056,7,474,startFixDisplay,1764337773.2077262,2603.057100534439,False
3057,7,474,startFixPeriod,1764337773.4090984,2603.258475780487,False
3058,7,474,TargetPresentation,1764337774.7968569,2604.646231651306,False
3059,7,474,TargetDisplacement,1764337774.963289,2604.812665939331,True
3060,7,474,RightResponse,1764337775.407933,2605.257309436798,False
3061,7,474,FeedbackPeriodStarted,1764337775.4144082,2605.263782978058,False
3062,7,475,startFixDisplay,1764337777.4266155,2607.275993347168,False
3063,7,475,startFixPeriod,1764337777.6279366,2607.4773116111755,False
3064,7,475,TargetPresentation,1764337778.2734125,2608.122789621353,False
3065,7,475,TargetDisplacement,1764337778.4536614,2608.303035736084,True
3066,7,475,LeftResponse,1764337779.3630164,2609.212392807007,False
3067,7,476,FeedbackPeriodStarted,1764337779.3903987,2609.239776134491,False
3068,7,476,startFixDisplay,1764337779.3905394,2609.239915370941,False
3069,7,476,startFixPeriod,1764337779.7721899,2609.621567249298,False
3070,7,476,TargetPresentation,1764337781.201705,2611.051079750061,False
3071,7,476,TargetRemoval,1764337781.3473542,2611.196731567383,True
3072,7,476,TargetReappeared,1764337781.5971549,2611.4465322494507,False
3073,7,476,RightResponse,1764337781.9650624,2611.8144381046295,False
3074,7,477,FeedbackPeriodStarted,1764337781.9924235,2611.8417978286743,False
3075,7,477,startFixDisplay,1764337781.9924822,2611.841856241226,False
3076,7,477,startFixPeriod,1764337782.2632995,2612.112676858902,False
3077,7,477,TargetPresentation,1764337783.5886555,2613.4380311965942,False
3078,7,477,TargetDisplacement,1764337783.741274,2613.590651035309,True
3079,7,477,LeftResponse,1764337784.3313518,2614.1807272434235,False
3080,7,478,FeedbackPeriodStarted,1764337784.3587468,2614.2081236839294,False
3081,7,478,startFixDisplay,1764337784.3588877,2614.208263397217,False
3082,7,478,startFixPeriod,1764337784.9558039,2614.805181503296,False
3083,7,478,TargetPresentation,1764337786.1074996,2615.9568746089935,False
3084,7,478,TargetRemoval,1764337786.2946086,2616.143982887268,True
3085,7,478,TargetReappeared,1764337786.5446265,2616.3940012454987,False
3086,7,478,LeftResponse,1764337787.0791245,2616.928499698639,False
3087,7,479,FeedbackPeriodStarted,1764337787.1065958,2616.955973625183,False
3088,7,479,startFixDisplay,1764337787.1067321,2616.956107854843,False
3089,7,479,startFixPeriod,1764337787.432846,2617.282223701477,False
3090,7,479,TargetPresentation,1764337788.855438,2618.7048156261444,False
3091,7,479,TargetRemoval,1764337789.0077791,2618.8571531772614,True
3092,7,479,TargetReappeared,1764337789.2579715,2619.107349872589,False
3093,7,479,LeftResponse,1764337789.7021308,2619.551506757736,False
3094,7,480,FeedbackPeriodStarted,1764337789.729503,2619.578880548477,False
3095,7,480,startFixDisplay,1764337789.7296672,2619.5790429115295,False
3096,7,480,startFixPeriod,1764337789.9864185,2619.8357956409454,False
3097,7,480,TargetPresentation,1764337791.1522527,2621.001630306244,False
3098,7,480,TargetDisplacement,1764337791.318502,2621.167878627777,True
3099,7,480,RightResponse,1764337791.7977536,2621.6471288204193,False
3100,7,480,FeedbackPeriodStarted,1764337791.8044732,2621.653848171234,False
3101,7,481,startFixDisplay,1764337793.823553,2623.672929763794,False
3102,7,481,startFixPeriod,1764337793.8305316,2623.679908514023,False
3103,7,481,TargetPresentation,1764337794.614754,2624.4641287326813,False
3104,7,481,TargetDisplacement,1764337794.767275,2624.6166517734528,True
3105,7,481,RightResponse,1764337795.2950134,2625.1443886756897,False
3106,7,482,FeedbackPeriodStarted,1764337795.3223467,2625.1717236042023,False
3107,7,482,startFixDisplay,1764337795.322444,2625.1718180179596,False
3108,7,482,startFixPeriod,1764337795.620967,2625.4703443050385,False
3109,7,482,TargetPresentation,1764337796.2522976,2626.1016747951508,False
3110,7,482,TargetDisplacement,1764337796.3978305,2626.24720454216,True
3111,7,482,LeftResponse,1764337796.9395185,2626.788893699646,False
3112,7,483,FeedbackPeriodStarted,1764337796.9670458,2626.816424369812,False
3113,7,483,startFixDisplay,1764337796.9671924,2626.816568374634,False
3114,7,483,startFixPeriod,1764337797.1960983,2627.045474290848,False
3115,7,483,TargetPresentation,1764337798.4173858,2628.2667620182037,False
3116,7,483,TargetDisplacement,1764337798.5976617,2628.4470381736755,True
3117,7,483,LeftResponse,1764337799.1115038,2628.9608783721924,False
3118,7,484,FeedbackPeriodStarted,1764337799.1389415,2628.988318681717,False
3119,7,484,startFixDisplay,1764337799.1390738,2628.988449573517,False
3120,7,484,startFixPeriod,1764337799.3957741,2629.245151281357,False
3121,7,484,TargetPresentation,1764337800.131239,2629.9806156158447,False
3122,7,484,TargetDisplacement,1764337800.311604,2630.1609811782837,True
3123,7,484,RightResponse,1764337800.7908711,2630.640246152878,False
3124,7,485,FeedbackPeriodStarted,1764337800.818158,2630.667535305023,False
3125,7,485,startFixDisplay,1764337800.8183055,2630.667681455612,False
3126,7,485,startFixPeriod,1764337801.0817976,2630.9311730861664,False
3127,7,485,TargetPresentation,1764337801.5815017,2631.4308772087097,False
3128,7,485,TargetDisplacement,1764337801.7410984,2631.5904755592346,True
3129,7,485,LeftResponse,1764337802.4838874,2632.3332629203796,False
3130,7,486,FeedbackPeriodStarted,1764337802.5112646,2632.3606417179108,False
3131,7,486,startFixDisplay,1764337802.5114067,2632.3607823848724,False
3132,7,486,startFixPeriod,1764337802.747169,2632.5965461730957,False
3133,7,486,TargetPresentation,1764337803.5454154,2633.3947937488556,False
3134,7,486,TargetRemoval,1764337803.7117069,2633.561083316803,True
3135,7,486,TargetReappeared,1764337803.9617248,2633.8111016750336,False
3136,7,486,LeftResponse,1764337804.3366985,2634.186074256897,False
3137,7,486,FeedbackPeriodStarted,1764337804.3502963,2634.199673652649,False
3138,7,487,startFixDisplay,1764337806.362371,2636.2117483615875,False
3139,7,487,startFixPeriod,1764337806.3693168,2636.218693256378,False
3140,7,487,TargetPresentation,1764337807.7157354,2637.5651128292084,False
3141,7,487,TargetRemoval,1764337807.868163,2637.7175397872925,True
3142,7,487,TargetReappeared,1764337808.1181648,2637.9675414562225,False
3143,7,487,LeftResponse,1764337808.4723995,2638.3217754364014,False
3144,7,488,FeedbackPeriodStarted,1764337808.499633,2638.349010705948,False
3145,7,488,startFixDisplay,1764337808.4997663,2638.3491418361664,False
3146,7,488,startFixPeriod,1764337809.124314,2638.9736914634705,False
3147,7,488,TargetPresentation,1764337809.7904634,2639.6398406028748,False
3148,7,488,TargetDisplacement,1764337809.9359355,2639.7853121757507,True
3149,7,488,RightResponse,1764337810.4220781,2640.2714545726776,False
3150,7,489,FeedbackPeriodStarted,1764337810.449493,2640.298870563507,False
3151,7,489,startFixDisplay,1764337810.4496572,2640.2990329265594,False
3152,7,489,startFixPeriod,1764337810.7132773,2640.5626549720764,False
3153,7,489,TargetPresentation,1764337812.177645,2642.0270206928253,False
3154,7,489,TargetDisplacement,1764337812.3299077,2642.1792845726013,True
3155,7,489,RightResponse,1764337812.9550023,2642.8043785095215,False
3156,7,490,FeedbackPeriodStarted,1764337812.9823031,2642.8316807746887,False
3157,7,490,startFixDisplay,1764337812.982453,2642.8318288326263,False
3158,7,490,startFixPeriod,1764337813.1905475,2643.039924621582,False
3159,7,490,TargetPresentation,1764337814.1619375,2644.011313676834,False
3160,7,490,TargetDisplacement,1764337814.3075838,2644.1569612026215,True
3161,7,490,LeftResponse,1764337815.5705643,2645.4199542999268,False
3162,7,491,FeedbackPeriodStarted,1764337815.5981436,2645.4475181102753,False
3163,7,491,startFixDisplay,1764337815.5982058,2645.4475796222687,False
3164,7,491,startFixPeriod,1764337815.8273497,2645.6767263412476,False
3165,7,491,TargetPresentation,1764337817.2985198,2647.1478967666626,False
3166,7,491,TargetRemoval,1764337817.4925911,2647.3419654369354,True
3167,7,491,TargetReappeared,1764337817.7425063,2647.591881275177,False
3168,7,491,RightResponse,1764337818.1174977,2647.9668736457825,False
3169,7,492,FeedbackPeriodStarted,1764337818.144762,2647.9941370487213,False
3170,7,492,startFixDisplay,1764337818.1448264,2647.9942004680634,False
3171,7,492,startFixPeriod,1764337818.5475643,2648.396966934204,False
3172,7,492,TargetPresentation,1764337819.643848,2649.4932231903076,False
3173,7,492,TargetDisplacement,1764337819.775482,2649.624856233597,True
3174,7,492,LeftResponse,1764337820.5390692,2650.388444662094,False
3175,7,492,FeedbackPeriodStarted,1764337820.5458858,2650.3952627182007,False
3176,7,493,startFixDisplay,1764337822.5579438,2652.407318353653,False
3177,7,493,startFixPeriod,1764337822.5650094,2652.414386034012,False
3178,7,493,TargetPresentation,1764337823.2243795,2653.073755979538,False
3179,7,493,TargetRemoval,1764337823.3767955,2653.2261698246,True
3180,7,493,TargetReappeared,1764337823.6268032,2653.476180076599,False
3181,7,493,LeftResponse,1764337823.9741805,2653.823557138443,False
3182,7,494,FeedbackPeriodStarted,1764337824.001384,2653.850760936737,False
3183,7,494,startFixDisplay,1764337824.0015206,2653.85089635849,False
3184,7,494,startFixPeriod,1764337824.1751833,2654.024561405182,False
3185,7,494,TargetPresentation,1764337825.354793,2655.204170227051,False
3186,7,494,TargetDisplacement,1764337825.4933546,2655.3427312374115,True
3187,7,494,RightResponse,1764337825.979427,2655.8288023471832,False
3188,7,495,FeedbackPeriodStarted,1764337826.0068502,2655.8562271595,False
3189,7,495,startFixDisplay,1764337826.0069902,2655.856365919113,False
3190,7,495,startFixPeriod,1764337826.2220452,2656.0714225769043,False
3191,7,495,TargetPresentation,1764337827.2836716,2657.1330461502075,False
3192,7,495,TargetDisplacement,1764337827.477849,2657.327225923538,True
3193,7,495,LeftResponse,1764337827.9987295,2657.848103761673,False
3194,7,496,FeedbackPeriodStarted,1764337828.0260925,2657.8754699230194,False
3195,7,496,startFixDisplay,1764337828.0262392,2657.8756148815155,False
3196,7,496,startFixPeriod,1764337828.192768,2658.0421447753906,False
3197,7,496,TargetPresentation,1764337828.844903,2658.694278717041,False
3198,7,496,TargetDisplacement,1764337828.8726468,2658.722021341324,True
3199,7,496,LeftResponse,1764337829.4767232,2659.326097726822,False
3200,7,497,FeedbackPeriodStarted,1764337829.5040605,2659.3534376621246,False
3201,7,497,startFixDisplay,1764337829.5042012,2659.3535771369934,False
3202,7,497,startFixPeriod,1764337829.7124267,2659.5618028640747,False
3203,7,497,TargetPresentation,1764337830.982238,2660.8316164016724,False
3204,7,497,TargetRemoval,1764337831.1276972,2660.9770715236664,True
3205,7,497,TargetReappeared,1764337831.3777797,2661.227154493332,False
3206,7,497,RightResponse,1764337831.7872825,2661.6366579532623,False
3207,7,498,FeedbackPeriodStarted,1764337831.814781,2661.66415810585,False
3208,7,498,startFixDisplay,1764337831.8149211,2661.6642973423004,False
3209,7,498,startFixPeriod,1764337832.0509062,2661.900283575058,False
3210,7,498,TargetPresentation,1764337832.6823792,2662.531756401062,False
3211,7,498,TargetRemoval,1764337832.8417647,2662.6911413669586,True
3212,7,498,TargetReappeared,1764337833.0918045,2662.94118142128,False
3213,7,498,RightResponse,1764337833.431972,2663.2813482284546,False
3214,7,498,FeedbackPeriodStarted,1764337833.4384315,2663.287806034088,False
3215,7,499,startFixDisplay,1764337835.450728,2665.3001024723053,False
3216,7,499,startFixPeriod,1764337835.4925516,2665.3419284820557,False
3217,7,499,TargetPresentation,1764337836.672182,2666.5215570926666,False
3218,7,499,TargetRemoval,1764337836.8179646,2666.667341709137,True
3219,7,499,TargetReappeared,1764337837.0677757,2666.917150735855,False
3220,7,499,LeftResponse,1764337837.407976,2667.257350921631,False
3221,7,500,FeedbackPeriodStarted,1764337837.4353256,2667.284700155258,False
3222,7,500,startFixDisplay,1764337837.4353871,2667.284760951996,False
3223,7,500,startFixPeriod,1764337837.664633,2667.514009475708,False
3224,7,500,TargetPresentation,1764337839.1286087,2668.977984189987,False
3225,7,500,TargetRemoval,1764337839.2951427,2669.144519805908,True
3226,7,500,TargetReappeared,1764337839.544997,2669.3943741321564,False
3227,7,500,RightResponse,1764337839.9198787,2669.769253730774,False
3228,7,501,FeedbackPeriodStarted,1764337839.9472094,2669.796583890915,False
3229,7,501,startFixDisplay,1764337839.9472716,2669.796645641327,False
3230,7,501,startFixPeriod,1764337840.3985434,2670.2479186058044,False
3231,7,501,TargetPresentation,1764337841.585046,2671.4344232082367,False
3232,7,501,TargetRemoval,1764337841.723653,2671.5730273723602,True
3233,7,501,TargetReappeared,1764337841.973726,2671.8231031894684,False
3234,7,501,LeftResponse,1764337842.341635,2672.1910095214844,False
3235,7,502,FeedbackPeriodStarted,1764337842.3691134,2672.2184908390045,False
3236,7,502,startFixDisplay,1764337842.369259,2672.2186346054077,False
3237,7,502,startFixPeriod,1764337842.7231247,2672.572501897812,False
3238,7,502,TargetPresentation,1764337843.6668305,2673.5162076950073,False
3239,7,502,TargetDisplacement,1764337843.840053,2673.6894297599792,True
3240,7,502,LeftResponse,1764337844.3610392,2674.210414648056,False
3241,7,503,FeedbackPeriodStarted,1764337844.3883057,2674.2376828193665,False
3242,7,503,startFixDisplay,1764337844.388447,2674.2378227710724,False
3243,7,503,startFixPeriod,1764337844.5618458,2674.4112203121185,False
3244,7,503,TargetPresentation,1764337845.4570665,2675.3064439296722,False
3245,7,503,TargetRemoval,1764337845.588687,2675.4380609989166,True
3246,7,503,TargetReappeared,1764337845.8388424,2675.6882309913635,False
3247,7,503,RightResponse,1764337846.1650088,2676.0143842697144,False
3248,7,504,FeedbackPeriodStarted,1764337846.192495,2676.0418722629547,False
3249,7,504,startFixDisplay,1764337846.1926095,2676.041983604431,False
3250,7,504,startFixPeriod,1764337846.4146502,2676.2640266418457,False
3251,7,504,TargetPresentation,1764337847.455564,2677.3049664497375,False
3252,7,504,TargetRemoval,1764337847.5941787,2677.443555355072,True
3253,7,504,TargetReappeared,1764337847.84413,2677.6935074329376,False
3254,7,504,RightResponse,1764337848.4968314,2678.346209049225,False
3255,7,504,FeedbackPeriodStarted,1764337848.5102303,2678.359607696533,False
3256,7,505,startFixDisplay,1764337850.5294256,2680.378800392151,False
3257,7,505,startFixPeriod,1764337850.5362704,2680.3856472969055,False
3258,7,505,TargetPresentation,1764337851.459277,2681.308654308319,False
3259,7,505,TargetDisplacement,1764337851.6187694,2681.4681463241577,True
3260,7,505,LeftResponse,1764337852.1535397,2682.0029151439667,False
3261,7,506,FeedbackPeriodStarted,1764337852.180717,2682.030091524124,False
3262,7,506,startFixDisplay,1764337852.180777,2682.0301508903503,False
3263,7,506,startFixPeriod,1764337852.7361462,2682.585523366928,False
3264,7,506,TargetPresentation,1764337853.8463597,2683.695737361908,False
3265,7,506,TargetDisplacement,1764337854.0196662,2683.8690428733826,True
3266,7,506,LeftResponse,1764337854.5614204,2684.4107978343964,False
3267,7,507,FeedbackPeriodStarted,1764337854.588711,2684.438088417053,False
3268,7,507,startFixDisplay,1764337854.5888398,2684.4382135868073,False
3269,7,507,startFixPeriod,1764337854.866435,2684.715812444687,False
3270,7,507,TargetPresentation,1764337856.2334237,2686.082799911499,False
3271,7,507,TargetDisplacement,1764337856.3789968,2686.228373527527,True
3272,7,507,RightResponse,1764337856.9550123,2686.804386615753,False
3273,7,508,FeedbackPeriodStarted,1764337856.9827151,2686.8320922851562,False
3274,7,508,startFixDisplay,1764337856.9828508,2686.8322248458862,False
3275,7,508,startFixPeriod,1764337857.2534626,2687.1028397083282,False
3276,7,508,TargetPresentation,1764337858.4678693,2688.3172450065613,False
3277,7,508,TargetRemoval,1764337858.6203048,2688.4696815013885,True
3278,7,508,TargetReappeared,1764337858.8701751,2688.7195520401,False
3279,7,508,LeftResponse,1764337859.231256,2689.080631494522,False
3280,7,509,FeedbackPeriodStarted,1764337859.2585611,2689.107935667038,False
3281,7,509,startFixDisplay,1764337859.2586365,2689.108010530472,False
3282,7,509,startFixPeriod,1764337859.5502791,2689.3996567726135,False
3283,7,509,TargetPresentation,1764337860.3691387,2690.218516111374,False
3284,7,509,TargetDisplacement,1764337860.5285423,2690.3779187202454,True
3285,7,509,RightResponse,1764337861.4728084,2691.3221838474274,False
3286,7,510,FeedbackPeriodStarted,1764337861.4999278,2691.3493053913116,False
3287,7,510,startFixDisplay,1764337861.5001316,2691.3495094776154,False
3288,7,510,startFixPeriod,1764337861.9163356,2691.7657256126404,False
3289,7,510,TargetPresentation,1764337862.4437265,2692.29310131073,False
3290,7,510,TargetRemoval,1764337862.5964127,2692.4457869529724,True
3291,7,510,TargetReappeared,1764337862.8463814,2692.6957590579987,False
3292,7,510,LeftResponse,1764337863.1794417,2693.0288162231445,False
3293,7,510,FeedbackPeriodStarted,1764337863.1861691,2693.0355463027954,False
3294,7,511,startFixDisplay,1764337865.19855,2695.0479271411896,False
3295,7,511,startFixPeriod,1764337865.2054746,2695.0548515319824,False
3296,7,511,TargetPresentation,1764337865.948041,2695.7974183559418,False
3297,7,511,TargetDisplacement,1764337866.0936515,2695.943025827408,True
3298,7,511,LeftResponse,1764337867.0306842,2696.8800587654114,False
3299,7,512,FeedbackPeriodStarted,1764337867.057992,2696.907366514206,False
3300,7,512,startFixDisplay,1764337867.0580547,2696.9074285030365,False
3301,7,512,startFixPeriod,1764337867.3079789,2697.1573548316956,False
3302,7,512,TargetPresentation,1764337867.8770723,2697.726448059082,False
3303,7,512,TargetRemoval,1764337868.022707,2697.8720836639404,True
3304,7,512,TargetReappeared,1764337868.2727242,2698.122100353241,False
3305,7,512,LeftResponse,1764337868.689016,2698.5383908748627,False
3306,7,513,FeedbackPeriodStarted,1764337868.716428,2698.5658028125763,False
3307,7,513,startFixDisplay,1764337868.7167797,2698.566155195236,False
3308,7,513,startFixPeriod,1764337869.0290108,2698.878387928009,False
3309,7,513,TargetPresentation,1764337869.736738,2699.586112976074,False
3310,7,513,TargetRemoval,1764337869.8614848,2699.710861682892,True
3311,7,513,TargetReappeared,1764337870.1114516,2699.9608290195465,False
3312,7,513,RightResponse,1764337870.5417154,2700.391090154648,False
3313,7,514,FeedbackPeriodStarted,1764337870.5693057,2700.418682575226,False
3314,7,514,startFixDisplay,1764337870.5694478,2700.4188232421875,False
3315,7,514,startFixPeriod,1764337870.8746738,2700.724049806595,False
3316,7,514,TargetPresentation,1764337872.220857,2702.0702316761017,False
3317,7,514,TargetRemoval,1764337872.2279058,2702.0772833824158,True
3318,7,514,TargetReappeared,1764337872.4777758,2702.3271532058716,False
3319,7,514,RightResponse,1764337873.2204654,2703.069842338562,False
3320,7,515,FeedbackPeriodStarted,1764337873.2477455,2703.097123146057,False
3321,7,515,startFixDisplay,1764337873.2478662,2703.097239971161,False
3322,7,515,startFixPeriod,1764337873.2547815,2703.1041584014893,False
3323,7,515,TargetPresentation,1764337873.8307815,2703.6801586151123,False
3324,7,515,TargetRemoval,1764337873.9902785,2703.839655637741,True
3325,7,515,TargetReappeared,1764337874.240254,2704.089631319046,False
3326,7,515,LeftResponse,1764337874.6221573,2704.471533060074,False
3327,7,516,FeedbackPeriodStarted,1764337874.6564662,2704.5058410167694,False
3328,7,516,startFixDisplay,1764337874.6565356,2704.50590968132,False
3329,7,516,startFixPeriod,1764337874.8647554,2704.714134454727,False
3330,7,516,TargetPresentation,1764337876.1693184,2706.0186955928802,False
3331,7,516,TargetDisplacement,1764337876.335693,2706.185069799423,True
3332,7,516,LeftResponse,1764337877.1132615,2706.9626383781433,False
3333,7,516,FeedbackPeriodStarted,1764337877.1199143,2706.969292163849,False
3334,7,517,startFixDisplay,1764337879.1390276,2708.9884045124054,False
3335,7,517,startFixPeriod,1764337879.1460152,2708.9953923225403,False
3336,7,517,TargetPresentation,1764337879.9580321,2709.807409763336,False
3337,7,517,TargetDisplacement,1764337880.103516,2709.9528930187225,True
3338,7,517,LeftResponse,1764337880.8671036,2710.716479063034,False
3339,7,518,FeedbackPeriodStarted,1764337880.894604,2710.743978738785,False
3340,7,518,startFixDisplay,1764337880.894671,2710.74404501915,False
3341,7,518,startFixPeriod,1764337881.1376038,2710.9869797229767,False
3342,7,518,TargetPresentation,1764337882.0743835,2711.9237611293793,False
3343,7,518,TargetDisplacement,1764337882.0811317,2711.9305090904236,True
3344,7,518,LeftResponse,1764337883.0529578,2712.902333021164,False
3345,7,519,FeedbackPeriodStarted,1764337883.0802464,2712.929621219635,False
3346,7,519,startFixDisplay,1764337883.080308,2712.929681777954,False
3347,7,519,startFixPeriod,1764337883.2748628,2713.12423992157,False
3348,7,519,TargetPresentation,1764337883.934012,2713.783386707306,False
3349,7,519,TargetDisplacement,1764337884.1003637,2713.9497380256653,True
3350,7,519,RightResponse,1764337884.6143155,2714.4636912345886,False
3351,7,520,FeedbackPeriodStarted,1764337884.6486692,2714.4980459213257,False
3352,7,520,startFixDisplay,1764337884.648787,2714.4981622695923,False
3353,7,520,startFixPeriod,1764337884.8638508,2714.7132267951965,False
3354,7,520,TargetPresentation,1764337885.3772302,2715.2266051769257,False
3355,7,520,TargetRemoval,1764337885.550669,2715.400045633316,True
3356,7,520,TargetReappeared,1764337885.800629,2715.650005340576,False
3357,7,520,LeftResponse,1764337886.1895945,2716.0389704704285,False
3358,7,521,FeedbackPeriodStarted,1764337886.2167313,2716.0661063194275,False
3359,7,521,startFixDisplay,1764337886.2167935,2716.0661675930023,False
3360,7,521,startFixPeriod,1764337886.4737403,2716.3231163024902,False
3361,7,521,TargetPresentation,1764337887.7852285,2717.6346056461334,False
3362,7,521,TargetDisplacement,1764337887.7920618,2717.641436815262,True
3363,7,521,LeftResponse,1764337889.0273967,2718.876772403717,False
3364,7,522,FeedbackPeriodStarted,1764337889.0547802,2718.904154777527,False
3365,7,522,startFixDisplay,1764337889.0548441,2718.904218196869,False
3366,7,522,startFixPeriod,1764337889.4437249,2719.29310131073,False
3367,7,522,TargetPresentation,1764337890.3943365,2720.243714094162,False
3368,7,522,TargetRemoval,1764337890.5466986,2720.396072626114,True
3369,7,522,TargetReappeared,1764337890.7967916,2720.646168231964,False
3370,7,522,LeftResponse,1764337891.261971,2721.111346721649,False
3371,7,522,FeedbackPeriodStarted,1764337891.2755208,2721.124895811081,False
3372,7,523,startFixDisplay,1764337893.294657,2723.1440346240997,False
3373,7,523,startFixPeriod,1764337893.3154519,2723.164828300476,False
3374,7,523,TargetPresentation,1764337894.3703284,2724.2197058200836,False
3375,7,523,TargetDisplacement,1764337894.5297472,2724.3791239261627,True
3376,7,523,LeftResponse,1764337895.0784338,2724.9278106689453,False
3377,7,524,FeedbackPeriodStarted,1764337895.105735,2724.9551124572754,False
3378,7,524,startFixDisplay,1764337895.1058657,2724.9552414417267,False
3379,7,524,startFixPeriod,1764337895.3557146,2725.205091238022,False
3380,7,524,TargetPresentation,1764337896.2715907,2726.12096619606,False
3381,7,524,TargetDisplacement,1764337896.4518561,2726.301232814789,True
3382,7,524,RightResponse,1764337896.875773,2726.72514796257,False
3383,7,525,FeedbackPeriodStarted,1764337896.9029717,2726.75234913826,False
3384,7,525,startFixDisplay,1764337896.903115,2726.752490758896,False
3385,7,525,startFixPeriod,1764337897.263961,2727.113337278366,False
3386,7,525,TargetPresentation,1764337898.5060725,2728.3554499149323,False
3387,7,525,TargetRemoval,1764337898.5129535,2728.362329006195,True
3388,7,525,TargetReappeared,1764337898.7628472,2728.6122241020203,False
3389,7,525,RightResponse,1764337899.1999373,2729.049311876297,False
3390,7,526,FeedbackPeriodStarted,1764337899.2275465,2729.0769233703613,False
3391,7,526,startFixDisplay,1764337899.227729,2729.0771028995514,False
3392,7,526,startFixPeriod,1764337899.7064443,2729.5558218955994,False
3393,7,526,TargetPresentation,1764337900.7194982,2730.568873167038,False
3394,7,526,TargetDisplacement,1764337900.8650866,2730.7144632339478,True
3395,7,526,RightResponse,1764337901.4137042,2731.263078927994,False
3396,7,527,FeedbackPeriodStarted,1764337901.4410975,2731.2904748916626,False
3397,7,527,startFixDisplay,1764337901.441239,2731.290615081787,False
3398,7,527,startFixPeriod,1764337901.6771274,2731.5265052318573,False
3399,7,527,TargetPresentation,1764337902.6902702,2732.5396478176117,False
3400,7,527,TargetDisplacement,1764337902.8357441,2732.6851184368134,True
3401,7,527,RightResponse,1764337903.5926487,2733.442024230957,False
3402,7,527,FeedbackPeriodStarted,1764337903.6407619,2733.49013876915,False
