,blockID,trialNumber,triggerName,timestamp_sys,timestamp_psyc,triggerSent_Serial00
0,pract,-1,StartPractice,1765545519.2749856,540.0059683322906,False
1,pract,0,startFixDisplay,1765545519.2904775,540.0214605331421,False
2,pract,0,startFixPeriod,1765545519.575345,540.3063304424286,False
3,pract,0,TargetPresentation,1765545520.4011621,541.13214802742,False
4,pract,0,TargetDisplacement,1765545520.435539,541.1665239334106,True
5,pract,0,RightResponse,1765545521.6781278,542.4091119766235,False
6,pract,0,FeedbackPeriodStarted,1765545521.691514,542.4224970340729,False
7,pract,1,startFixDisplay,1765545522.1981714,542.9291574954987,False
8,pract,1,startFixPeriod,1765545522.219024,542.9500091075897,False
9,pract,1,TargetPresentation,1765545522.9338188,543.6648046970367,False
10,pract,1,TargetRemoval,1765545523.1419916,543.8729741573334,True
11,pract,1,TargetReappeared,1765545523.391791,544.1227767467499,False
12,pract,1,FeedbackPeriodStarted,1765545525.397161,546.1281442642212,False
13,pract,2,startFixDisplay,1765545525.9035733,546.6345589160919,False
14,pract,2,startFixPeriod,1765545526.2160366,546.9470202922821,False
15,pract,2,TargetPresentation,1765545527.2151895,547.9461727142334,False
16,pract,2,TargetDisplacement,1765545527.3746612,548.1056437492371,True
17,pract,2,RightResponse,1765545528.8254585,549.5564410686493,False
18,pract,2,FeedbackPeriodStarted,1765545528.8319154,549.5628983974457,False
19,pract,3,startFixDisplay,1765545529.338408,550.0693912506104,False
20,pract,3,startFixPeriod,1765545529.3733594,550.1043455600739,False
21,pract,3,TargetPresentation,1765545530.4626904,551.193675994873,False
22,pract,3,TargetDisplacement,1765545530.6221824,551.3531675338745,True
23,pract,3,LeftResponse,1765545531.4691334,552.200117111206,False
24,pract,3,FeedbackPeriodStarted,1765545531.4755676,552.2065517902374,False
25,pract,4,startFixDisplay,1765545531.9821727,552.7131586074829,False
26,pract,4,startFixPeriod,1765545531.9893284,552.7203135490417,False
27,pract,4,TargetPresentation,1765545532.5999289,553.3309147357941,False
28,pract,4,TargetRemoval,1765545532.7593508,553.4903354644775,True
29,pract,4,TargetReappeared,1765545533.009407,553.740392446518,False
30,pract,4,RightResponse,1765545533.710469,554.4414532184601,False
31,pract,4,FeedbackPeriodStarted,1765545533.7169232,554.4479086399078,False
32,pract,5,startFixDisplay,1765545534.2235718,554.9545559883118,False
33,pract,5,startFixPeriod,1765545534.2303944,554.9613778591156,False
34,pract,5,TargetPresentation,1765545534.9245582,555.6555435657501,False
35,pract,5,TargetRemoval,1765545535.0978045,555.82878947258,True
36,pract,5,TargetReappeared,1765545535.3478267,556.0788118839264,False
37,pract,5,RightResponse,1765545535.89634,556.6273250579834,False
38,pract,5,FeedbackPeriodStarted,1765545535.9097323,556.6407175064087,False
39,pract,6,startFixDisplay,1765545536.4162035,557.1471865177155,False
40,pract,6,startFixPeriod,1765545536.4719458,557.2029314041138,False
41,pract,6,TargetPresentation,1765545537.6168952,558.3478808403015,False
42,pract,6,TargetDisplacement,1765545537.755405,558.4863896369934,True
43,pract,6,RightResponse,1765545538.831541,559.5625247955322,False
44,pract,6,FeedbackPeriodStarted,1765545538.8379333,559.568918466568,False
45,pract,7,startFixDisplay,1765545539.344554,560.0755367279053,False
46,pract,7,startFixPeriod,1765545539.351487,560.082469701767,False
47,pract,7,TargetPresentation,1765545539.9553819,560.6863675117493,False
48,pract,7,TargetDisplacement,1765545540.1217196,560.8527045249939,True
49,pract,7,LeftResponse,1765545541.0658417,561.7968256473541,False
50,pract,7,FeedbackPeriodStarted,1765545541.0792246,561.8102073669434,False
51,pract,8,startFixDisplay,1765545541.5858939,562.3168804645538,False
52,pract,8,startFixPeriod,1765545541.6205125,562.3514955043793,False
53,pract,8,TargetPresentation,1765545542.7934096,563.5243935585022,False
54,pract,8,TargetDisplacement,1765545542.8003652,563.5313491821289,True
55,pract,8,RightResponse,1765545543.896942,564.6279270648956,False
56,pract,8,FeedbackPeriodStarted,1765545543.9105291,564.6415143013,False
57,pract,9,startFixDisplay,1765545544.4169421,565.1479275226593,False
58,pract,9,startFixPeriod,1765545544.6669793,565.3979651927948,False
59,pract,9,TargetPresentation,1765545545.6938593,566.4248447418213,False
60,pract,9,TargetDisplacement,1765545545.8671718,566.5981540679932,True
61,pract,9,LeftResponse,1765545546.6934583,567.4244430065155,False
62,pract,9,FeedbackPeriodStarted,1765545546.700019,567.431004524231,False
63,pract,10,startFixDisplay,1765545547.2065294,567.9375147819519,False
64,pract,10,startFixPeriod,1765545547.2621672,567.993150472641,False
65,pract,10,TargetPresentation,1765545548.6430502,569.3740680217743,False
66,pract,10,TargetRemoval,1765545548.6499765,569.3809623718262,True
67,pract,10,TargetReappeared,1765545548.899705,569.6306881904602,False
68,pract,10,RightResponse,1765545549.6078472,570.3388316631317,False
69,pract,10,FeedbackPeriodStarted,1765545549.6212895,570.3522725105286,False
70,pract,11,startFixDisplay,1765545550.127802,570.8587872982025,False
71,pract,11,startFixPeriod,1765545550.3222675,571.053252696991,False
72,pract,11,TargetPresentation,1765545551.8072917,572.538277387619,False
73,pract,11,TargetDisplacement,1765545551.9735873,572.7045724391937,True
74,pract,11,RightResponse,1765545553.0636067,573.7945909500122,False
75,pract,11,FeedbackPeriodStarted,1765545553.0769,573.8078854084015,False
76,pract,12,startFixDisplay,1765545553.5834599,574.3144459724426,False
77,pract,12,startFixPeriod,1765545553.5903447,574.3213300704956,False
78,pract,12,TargetPresentation,1765545554.7494407,575.4804260730743,False
79,pract,12,TargetDisplacement,1765545554.7563832,575.4873690605164,True
80,pract,12,RightResponse,1765545555.4155402,576.146523475647,False
81,pract,12,FeedbackPeriodStarted,1765545555.422472,576.1534576416016,False
82,pract,-1,EndPractice,1765545555.916354,576.6473367214203,False
83,0,0,startFixDisplay,1765545582.7760189,603.5070042610168,False
84,0,0,startFixPeriod,1765545582.783031,603.5140166282654,False
85,0,0,TargetPresentation,1765545583.7130907,604.4440770149231,False
86,0,0,TargetRemoval,1765545584.0043395,604.7353219985962,True
87,0,0,TargetReappeared,1765545584.2543185,604.9853043556213,False
88,0,0,RightResponse,1765545584.7402225,605.4712052345276,False
89,0,1,FeedbackPeriodStarted,1765545584.7536356,605.4846184253693,False
90,0,1,startFixDisplay,1765545584.7537017,605.4846839904785,False
91,0,1,startFixPeriod,1765545584.9482007,605.6791851520538,False
92,0,1,TargetPresentation,1765545585.8364632,606.5674495697021,False
93,0,1,TargetDisplacement,1765545586.0374992,606.7684817314148,True
94,0,1,LeftResponse,1765545586.676216,607.4072012901306,False
95,0,2,FeedbackPeriodStarted,1765545586.6896143,607.420597076416,False
96,0,2,startFixDisplay,1765545586.6896832,607.4206655025482,False
97,0,2,startFixPeriod,1765545586.9188228,607.649808883667,False
98,0,2,TargetPresentation,1765545587.6544366,608.3854205608368,False
99,0,2,TargetRemoval,1765545587.661416,608.3924016952515,True
100,0,2,TargetReappeared,1765545587.9112206,608.6422064304352,False
101,0,2,RightResponse,1765545588.5010533,609.2320504188538,False
102,0,3,FeedbackPeriodStarted,1765545588.514724,609.2457118034363,False
103,0,3,startFixDisplay,1765545588.5148835,609.2458679676056,False
104,0,3,startFixPeriod,1765545588.716144,609.4471297264099,False
105,0,3,TargetPresentation,1765545590.1593902,610.8903741836548,False
106,0,3,TargetDisplacement,1765545590.325625,611.0566074848175,True
107,0,3,RightResponse,1765545591.06175,611.7927346229553,False
108,0,4,FeedbackPeriodStarted,1765545591.0752199,611.8062057495117,False
109,0,4,startFixDisplay,1765545591.0753667,611.8063509464264,False
110,0,4,startFixPeriod,1765545591.2764473,612.0074324607849,False
111,0,4,TargetPresentation,1765545592.3382983,613.0692844390869,False
112,0,4,TargetDisplacement,1765545592.3453526,613.0763394832611,True
113,0,4,RightResponse,1765545593.046286,613.7772698402405,False
114,0,5,FeedbackPeriodStarted,1765545593.066742,613.7977259159088,False
115,0,5,startFixDisplay,1765545593.0668304,613.7978131771088,False
116,0,5,startFixPeriod,1765545593.2681398,613.9991257190704,False
117,0,5,TargetPresentation,1765545594.572669,615.3036546707153,False
118,0,5,TargetDisplacement,1765545594.579523,615.310506105423,True
119,0,5,RightResponse,1765545595.3777306,616.1087138652802,False
120,0,6,FeedbackPeriodStarted,1765545595.3912752,616.1222581863403,False
121,0,6,startFixDisplay,1765545595.3913393,616.1223213672638,False
122,0,6,startFixPeriod,1765545595.75232,616.4833047389984,False
123,0,6,TargetPresentation,1765545596.37681,617.107795715332,False
124,0,6,TargetRemoval,1765545596.3837202,617.1147036552429,True
125,0,6,TargetReappeared,1765545596.6335769,617.3645629882812,False
126,0,6,LeftResponse,1765545597.3208482,618.0518326759338,False
127,0,6,FeedbackPeriodStarted,1765545597.3412716,618.0722570419312,False
128,0,7,startFixDisplay,1765545599.3465314,620.0775172710419,False
129,0,7,startFixPeriod,1765545599.825546,620.5565314292908,False
130,0,7,TargetPresentation,1765545600.5054824,621.2364675998688,False
131,0,7,TargetRemoval,1765545600.5400693,621.271054983139,True
132,0,7,TargetReappeared,1765545600.789958,621.520943403244,False
133,0,7,RightResponse,1765545601.4839947,622.2149786949158,False
134,0,8,FeedbackPeriodStarted,1765545601.5044606,622.235443353653,False
135,0,8,startFixDisplay,1765545601.5045242,622.2355065345764,False
136,0,8,startFixPeriod,1765545601.7129576,622.4439427852631,False
137,0,8,TargetPresentation,1765545602.5247915,623.2557756900787,False
138,0,8,TargetRemoval,1765545603.0798712,623.8108565807343,True
139,0,8,TargetReappeared,1765545603.3296766,624.0606601238251,False
140,0,8,RightResponse,1765545603.760355,624.4913403987885,False
141,0,9,FeedbackPeriodStarted,1765545603.773613,624.5045983791351,False
142,0,9,startFixDisplay,1765545603.7737544,624.5047388076782,False
143,0,9,startFixPeriod,1765545603.9613063,624.6922929286957,False
144,0,9,TargetPresentation,1765545605.2727067,626.0036928653717,False
145,0,9,TargetDisplacement,1765545605.6265156,626.3575012683868,True
146,0,9,RightResponse,1765545606.3624558,627.0934412479401,False
147,0,10,FeedbackPeriodStarted,1765545606.3827143,627.1136972904205,False
148,0,10,startFixDisplay,1765545606.3827786,627.1137609481812,False
149,0,10,startFixPeriod,1765545606.591,627.3219857215881,False
150,0,10,TargetPresentation,1765545607.6805542,628.4115397930145,False
151,0,10,TargetDisplacement,1765545607.9579277,628.6889128684998,True
152,0,10,LeftResponse,1765545608.7493744,629.4803574085236,False
153,0,11,FeedbackPeriodStarted,1765545608.7628453,629.4938311576843,False
154,0,11,startFixDisplay,1765545608.7629926,629.4939768314362,False
155,0,11,startFixPeriod,1765545608.9434698,629.6744556427002,False
156,0,11,TargetPresentation,1765545609.9564645,630.6874480247498,False
157,0,11,TargetDisplacement,1765545609.9634075,630.6943914890289,True
158,0,11,RightResponse,1765545610.86577,631.5967545509338,False
159,0,12,FeedbackPeriodStarted,1765545610.8791034,631.61008644104,False
160,0,12,startFixDisplay,1765545610.8791676,631.6101496219635,False
161,0,12,startFixPeriod,1765545611.073646,631.8046293258667,False
162,0,12,TargetPresentation,1765545611.837078,632.5680651664734,False
163,0,12,TargetDisplacement,1765545611.8440185,632.5750064849854,True
164,0,12,LeftResponse,1765545612.85729,633.5882754325867,False
165,0,12,FeedbackPeriodStarted,1765545612.870851,633.6018364429474,False
166,0,13,startFixDisplay,1765545614.8761208,635.6071074008942,False
167,0,13,startFixPeriod,1765545615.1539326,635.8849186897278,False
168,0,13,TargetPresentation,1765545616.1114628,636.8424487113953,False
169,0,13,TargetDisplacement,1765545616.1184182,636.8494019508362,True
170,0,13,LeftResponse,1765545616.90281,637.6337950229645,False
171,0,14,FeedbackPeriodStarted,1765545616.91619,637.6471738815308,False
172,0,14,startFixDisplay,1765545616.916291,637.6472742557526,False
173,0,14,startFixPeriod,1765545617.138467,637.8694524765015,False
174,0,14,TargetPresentation,1765545618.4222777,639.1532635688782,False
175,0,14,TargetDisplacement,1765545618.623243,639.3542282581329,True
176,0,14,RightResponse,1765545619.2482967,639.9792819023132,False
177,0,15,FeedbackPeriodStarted,1765545619.2685525,639.9995362758636,False
178,0,15,startFixDisplay,1765545619.2686465,639.9996292591095,False
179,0,15,startFixPeriod,1765545619.483896,640.2148821353912,False
180,0,15,TargetPresentation,1765545620.149924,640.8809096813202,False
181,0,15,TargetDisplacement,1765545620.6633193,641.3943045139313,True
182,0,15,RightResponse,1765545621.37874,642.1097238063812,False
183,0,16,FeedbackPeriodStarted,1765545621.3988497,642.1298358440399,False
184,0,16,startFixDisplay,1765545621.399029,642.1300134658813,False
185,0,16,startFixPeriod,1765545621.5932736,642.3242592811584,False
186,0,16,TargetPresentation,1765545622.5993803,643.3303632736206,False
187,0,16,TargetDisplacement,1765545622.6063159,643.3372986316681,True
188,0,16,RightResponse,1765545623.2797701,644.0107545852661,False
189,0,17,FeedbackPeriodStarted,1765545623.2930813,644.024064540863,False
190,0,17,startFixDisplay,1765545623.2931514,644.024133682251,False
191,0,17,startFixPeriod,1765545623.5292094,644.2601933479309,False
192,0,17,TargetPresentation,1765545624.9656587,645.6966419219971,False
193,0,17,TargetDisplacement,1765545624.9725738,645.7035567760468,True
194,0,17,RightResponse,1765545626.2774875,647.0084714889526,False
195,0,18,FeedbackPeriodStarted,1765545626.2909057,647.0218913555145,False
196,0,18,startFixDisplay,1765545626.2910745,647.0220594406128,False
197,0,18,startFixPeriod,1765545626.8809335,647.6119196414948,False
198,0,18,TargetPresentation,1765545627.6372273,648.3682129383087,False
199,0,18,TargetDisplacement,1765545627.6441593,648.3751447200775,True
200,0,18,RightResponse,1765545628.9837391,649.714723110199,False
201,0,18,FeedbackPeriodStarted,1765545628.9973223,649.7283082008362,False
202,0,19,startFixDisplay,1765545631.0024748,651.7334606647491,False
203,0,19,startFixPeriod,1765545631.3774557,652.1084415912628,False
204,0,19,TargetPresentation,1765545632.7513943,653.4823806285858,False
205,0,19,TargetDisplacement,1765545632.9176862,653.6486713886261,True
206,0,19,LeftResponse,1765545633.577424,654.3084092140198,False
207,0,20,FeedbackPeriodStarted,1765545633.5907378,654.3217236995697,False
208,0,20,startFixDisplay,1765545633.590885,654.3218693733215,False
209,0,20,startFixPeriod,1765545633.8060482,654.537034034729,False
210,0,20,TargetPresentation,1765545634.7289972,655.4599828720093,False
211,0,20,TargetDisplacement,1765545634.7359352,655.4669208526611,True
212,0,20,RightResponse,1765545635.8811498,656.6121346950531,False
213,0,21,FeedbackPeriodStarted,1765545635.8945177,656.6255009174347,False
214,0,21,startFixDisplay,1765545635.8945887,656.6255712509155,False
215,0,21,startFixPeriod,1765545636.1515458,656.8825318813324,False
216,0,21,TargetPresentation,1765545637.504537,658.2355210781097,False
217,0,21,TargetDisplacement,1765545637.6639078,658.3948903083801,True
218,0,21,RightResponse,1765545638.6220531,659.3530659675598,False
219,0,22,FeedbackPeriodStarted,1765545638.6424453,659.3734312057495,False
220,0,22,startFixDisplay,1765545638.6425562,659.3735382556915,False
221,0,22,startFixPeriod,1765545638.9270043,659.6579875946045,False
222,0,22,TargetPresentation,1765545639.6487665,660.3797523975372,False
223,0,22,TargetRemoval,1765545639.8013043,660.532289981842,True
224,0,22,TargetReappeared,1765545640.051263,660.7822487354279,False
225,0,22,RightResponse,1765545640.5859501,661.3169355392456,False
226,0,23,FeedbackPeriodStarted,1765545640.6062326,661.3372185230255,False
227,0,23,startFixDisplay,1765545640.6063716,661.3373560905457,False
228,0,23,startFixPeriod,1765545640.8491323,661.5801153182983,False
229,0,23,TargetPresentation,1765545641.550037,662.2810211181641,False
230,0,23,TargetDisplacement,1765545641.730249,662.4612340927124,True
231,0,23,LeftResponse,1765545642.9034421,663.6344268321991,False
232,0,24,FeedbackPeriodStarted,1765545642.916771,663.6477537155151,False
233,0,24,startFixDisplay,1765545642.9168575,663.6478397846222,False
234,0,24,startFixPeriod,1765545643.1529717,663.8839573860168,False
235,0,24,TargetPresentation,1765545644.422907,665.1538918018341,False
236,0,24,TargetRemoval,1765545644.617048,665.3480336666107,True
237,0,24,TargetReappeared,1765545644.8669238,665.5979092121124,False
238,0,24,LeftResponse,1765545645.6859257,666.4169101715088,False
239,0,24,FeedbackPeriodStarted,1765545645.6996555,666.4306411743164,False
240,0,25,startFixDisplay,1765545647.7048998,668.4358861446381,False
241,0,25,startFixPeriod,1765545647.7118936,668.4428789615631,False
242,0,25,TargetPresentation,1765545648.4543831,669.18536901474,False
243,0,25,TargetDisplacement,1765545648.4613304,669.1923162937164,True
244,0,25,RightResponse,1765545649.4331002,670.1640853881836,False
245,0,26,FeedbackPeriodStarted,1765545649.4464517,670.1774349212646,False
246,0,26,startFixDisplay,1765545649.446521,670.1775033473969,False
247,0,26,startFixPeriod,1765545649.6340086,670.3649926185608,False
248,0,26,TargetPresentation,1765545650.5777378,671.3087208271027,False
249,0,26,TargetDisplacement,1765545650.723431,671.45441365242,True
250,0,26,RightResponse,1765545651.8060274,672.5370101928711,False
251,0,27,FeedbackPeriodStarted,1765545651.8197186,672.5507018566132,False
252,0,27,startFixDisplay,1765545651.8198006,672.55078291893,False
253,0,27,startFixPeriod,1765545652.0488873,672.7798726558685,False
254,0,27,TargetPresentation,1765545652.846831,673.5778150558472,False
255,0,27,TargetDisplacement,1765545653.0270483,673.758044719696,True
256,0,27,RightResponse,1765545653.651947,674.382931470871,False
257,0,28,FeedbackPeriodStarted,1765545653.6723742,674.4033570289612,False
258,0,28,startFixDisplay,1765545653.6724367,674.4034190177917,False
259,0,28,startFixPeriod,1765545653.9363205,674.6673064231873,False
260,0,28,TargetPresentation,1765545654.7065334,675.4375190734863,False
261,0,28,TargetDisplacement,1765545654.865898,675.5968832969666,True
262,0,28,LeftResponse,1765545655.6571724,676.3881552219391,False
263,0,29,FeedbackPeriodStarted,1765545655.6708033,676.401789188385,False
264,0,29,startFixDisplay,1765545655.670945,676.4019293785095,False
265,0,29,startFixPeriod,1765545655.8860154,676.6169989109039,False
266,0,29,TargetPresentation,1765545656.4065797,677.1375658512115,False
267,0,29,TargetRemoval,1765545656.559042,677.290027141571,True
268,0,29,TargetReappeared,1765545656.8090463,677.5400302410126,False
269,0,29,LeftResponse,1765545657.7114575,678.4424424171448,False
270,0,30,FeedbackPeriodStarted,1765545657.7317953,678.4627809524536,False
271,0,30,startFixDisplay,1765545657.7319365,678.4629209041595,False
272,0,30,startFixPeriod,1765545657.9401596,678.671145439148,False
273,0,30,TargetPresentation,1765545658.460557,679.1915426254272,False
274,0,30,TargetRemoval,1765545658.6199136,679.3508958816528,True
275,0,30,TargetReappeared,1765545658.8698905,679.6008746623993,False
276,0,30,RightResponse,1765545659.508542,680.2395248413086,False
277,0,30,FeedbackPeriodStarted,1765545659.515325,680.2463111877441,False
278,0,31,startFixDisplay,1765545661.5203285,682.2513115406036,False
279,0,31,startFixPeriod,1765545661.5275095,682.2584924697876,False
280,0,31,TargetPresentation,1765545662.7002804,683.4312660694122,False
281,0,31,TargetRemoval,1765545662.8458564,683.5768392086029,True
282,0,31,TargetReappeared,1765545663.0958014,683.8267872333527,False
283,0,31,RightResponse,1765545663.6789603,684.4099442958832,False
284,0,32,FeedbackPeriodStarted,1765545663.699351,684.4303367137909,False
285,0,32,startFixDisplay,1765545663.699501,684.4304854869843,False
286,0,32,startFixPeriod,1765545663.977157,684.7081427574158,False
287,0,32,TargetPresentation,1765545664.9624884,685.6934731006622,False
288,0,32,TargetDisplacement,1765545664.983069,685.7140519618988,True
289,0,32,RightResponse,1765545666.0382516,686.7692363262177,False
290,0,33,FeedbackPeriodStarted,1765545666.0515368,686.7825198173523,False
291,0,33,startFixDisplay,1765545666.0516057,686.7825880050659,False
292,0,33,startFixPeriod,1765545666.3918767,687.1228611469269,False
293,0,33,TargetPresentation,1765545667.3841236,688.1151068210602,False
294,0,33,TargetRemoval,1765545667.3978999,688.1288826465607,True
295,0,33,TargetReappeared,1765545667.64788,688.3788659572601,False
296,0,33,RightResponse,1765545668.432442,689.1634275913239,False
297,0,34,FeedbackPeriodStarted,1765545668.452608,689.1835935115814,False
298,0,34,startFixDisplay,1765545668.4527593,689.1837439537048,False
299,0,34,startFixPeriod,1765545668.7025692,689.4335548877716,False
300,0,34,TargetPresentation,1765545669.347863,690.0788490772247,False
301,0,34,TargetDisplacement,1765545670.062441,690.7934267520905,True
302,0,34,LeftResponse,1765545670.222226,690.9532098770142,False
303,0,35,FeedbackPeriodStarted,1765545670.2359269,690.9669108390808,False
304,0,35,startFixDisplay,1765545670.2360246,690.9670081138611,False
305,0,35,startFixPeriod,1765545670.5136847,691.2446694374084,False
306,0,35,TargetPresentation,1765545671.3325312,692.0635178089142,False
307,0,35,TargetRemoval,1765545671.339576,692.0705626010895,True
308,0,35,TargetReappeared,1765545671.589293,692.3202786445618,False
309,0,35,RightResponse,1765545672.8937922,693.6247749328613,False
310,0,36,FeedbackPeriodStarted,1765545672.9073334,693.63831615448,False
311,0,36,startFixDisplay,1765545672.9074016,693.6383838653564,False
312,0,36,startFixPeriod,1765545673.1296918,693.8606762886047,False
313,0,36,TargetPresentation,1765545674.295487,695.026472568512,False
314,0,36,TargetDisplacement,1765545674.3024354,695.0334212779999,True
315,0,36,RightResponse,1765545675.315847,696.0468320846558,False
316,0,36,FeedbackPeriodStarted,1765545675.329403,696.0603885650635,False
317,0,37,startFixDisplay,1765545677.3344688,698.0654518604279,False
318,0,37,startFixPeriod,1765545677.5637808,698.2947657108307,False
319,0,37,TargetPresentation,1765545678.9793584,699.7103443145752,False
320,0,37,TargetDisplacement,1765545679.1457193,699.8767018318176,True
321,0,37,RightResponse,1765545680.2285616,700.9595468044281,False
322,0,38,FeedbackPeriodStarted,1765545680.241916,700.9728991985321,False
323,0,38,startFixDisplay,1765545680.242009,700.9729914665222,False
324,0,38,startFixPeriod,1765545680.5822997,701.3132853507996,False
325,0,38,TargetPresentation,1765545681.31781,702.0487959384918,False
326,0,38,TargetRemoval,1765545682.1988542,702.9298367500305,True
327,0,38,TargetReappeared,1765545682.448872,703.1798558235168,False
328,0,38,LeftResponse,1765545682.8168876,703.5478720664978,False
329,0,39,FeedbackPeriodStarted,1765545682.8372178,703.5682029724121,False
330,0,39,startFixDisplay,1765545682.8373613,703.5683455467224,False
331,0,39,startFixPeriod,1765545683.0872862,703.8182721138,False
332,0,39,TargetPresentation,1765545683.781132,704.5121164321899,False
333,0,39,TargetRemoval,1765545683.788129,704.5191152095795,True
334,0,39,TargetReappeared,1765545684.0378609,704.768844127655,False
335,0,39,RightResponse,1765545684.5584147,705.2893981933594,False
336,0,40,FeedbackPeriodStarted,1765545684.5789506,705.3099360466003,False
337,0,40,startFixDisplay,1765545684.5791109,705.3100936412811,False
338,0,40,startFixPeriod,1765545684.828969,705.5599548816681,False
339,0,40,TargetPresentation,1765545686.029408,706.7603938579559,False
340,0,40,TargetDisplacement,1765545686.0362227,706.7672061920166,True
341,0,40,LeftResponse,1765545687.4730742,708.2040588855743,False
342,0,41,FeedbackPeriodStarted,1765545687.4862735,708.2172565460205,False
343,0,41,startFixDisplay,1765545687.4863405,708.2173228263855,False
344,0,41,startFixPeriod,1765545687.6948056,708.4257905483246,False
345,0,41,TargetPresentation,1765545688.9160104,709.6469948291779,False
346,0,41,TargetRemoval,1765545688.9230142,709.654000043869,True
347,0,41,TargetReappeared,1765545689.172775,709.903760433197,False
348,0,41,RightResponse,1765545689.9226553,710.6536407470703,False
349,0,42,FeedbackPeriodStarted,1765545689.9429278,710.6739137172699,False
350,0,42,startFixDisplay,1765545689.9431233,710.6741087436676,False
351,0,42,startFixPeriod,1765545690.1720338,710.9030191898346,False
352,0,42,TargetPresentation,1765545690.963006,711.6939890384674,False
353,0,42,TargetDisplacement,1765545692.260603,712.9915883541107,True
354,0,42,FeedbackPeriodStarted,1765545694.2658474,714.9968333244324,False
355,0,43,startFixDisplay,1765545696.854145,717.5851314067841,False
356,0,43,startFixPeriod,1765545697.0832868,717.8142721652985,False
357,0,43,TargetPresentation,1765545697.7910411,718.5220580101013,False
358,0,43,TargetDisplacement,1765545697.9784052,718.7093913555145,True
359,0,43,RightResponse,1765545698.8322468,719.5632309913635,False
360,0,44,FeedbackPeriodStarted,1765545698.8456216,719.576607465744,False
361,0,44,startFixDisplay,1765545698.8457677,719.576751947403,False
362,0,44,startFixPeriod,1765545699.0539103,719.7848954200745,False
363,0,44,TargetPresentation,1765545699.7062612,720.4372456073761,False
364,0,44,TargetDisplacement,1765545699.9003718,720.6313543319702,True
365,0,44,RightResponse,1765545700.74014,721.4711229801178,False
366,0,45,FeedbackPeriodStarted,1765545700.7537756,721.4847588539124,False
367,0,45,startFixDisplay,1765545700.753841,721.4848229885101,False
368,0,45,startFixPeriod,1765545701.010831,721.7418143749237,False
369,0,45,TargetPresentation,1765545701.7739627,722.5049464702606,False
370,0,45,TargetRemoval,1765545701.9612103,722.6921927928925,True
371,0,45,TargetReappeared,1765545702.2113185,722.9423043727875,False
372,0,45,RightResponse,1765545703.037652,723.7686381340027,False
373,0,46,FeedbackPeriodStarted,1765545703.0505805,723.7815635204315,False
374,0,46,startFixDisplay,1765545703.0506468,723.7816290855408,False
375,0,46,startFixPeriod,1765545703.543612,724.2745978832245,False
376,0,46,TargetPresentation,1765545704.064025,724.79501080513,False
377,0,46,TargetRemoval,1765545704.2235482,724.9545338153839,True
378,0,46,TargetReappeared,1765545704.4735115,725.2044975757599,False
379,0,46,RightResponse,1765545705.1050363,725.8360192775726,False
380,0,47,FeedbackPeriodStarted,1765545705.118413,725.8493959903717,False
381,0,47,startFixDisplay,1765545705.1184702,725.8494522571564,False
382,0,47,startFixPeriod,1765545705.3546903,726.0856764316559,False
383,0,47,TargetPresentation,1765545706.6730182,727.4040038585663,False
384,0,47,TargetDisplacement,1765545706.7493095,727.4802949428558,True
385,0,47,RightResponse,1765545707.6656568,728.3966419696808,False
386,0,48,FeedbackPeriodStarted,1765545707.6789765,728.4099595546722,False
387,0,48,startFixDisplay,1765545707.6790442,728.4100267887115,False
388,0,48,startFixPeriod,1765545707.8874164,728.618402004242,False
389,0,48,TargetPresentation,1765545709.372463,730.103449344635,False
390,0,48,TargetDisplacement,1765545710.1076574,730.8386399745941,True
391,0,48,LeftResponse,1765545710.1427774,730.8737623691559,False
392,0,48,FeedbackPeriodStarted,1765545710.1564298,730.8874154090881,False
393,0,49,startFixDisplay,1765545712.161627,732.8926131725311,False
394,0,49,startFixPeriod,1765545712.4671829,733.198166847229,False
395,0,49,TargetPresentation,1765545712.9807143,733.7117002010345,False
396,0,49,TargetRemoval,1765545713.015259,733.7462420463562,True
397,0,49,TargetReappeared,1765545713.2651503,733.9961333274841,False
398,0,49,LeftResponse,1765545713.9940429,734.7250273227692,False
399,0,50,FeedbackPeriodStarted,1765545714.0074086,734.7383918762207,False
400,0,50,startFixDisplay,1765545714.0074792,734.7384614944458,False
401,0,50,startFixPeriod,1765545714.2852821,735.0162677764893,False
402,0,50,TargetPresentation,1765545715.4648442,736.1958281993866,False
403,0,50,TargetRemoval,1765545715.6311984,736.362181186676,True
404,0,50,TargetReappeared,1765545715.8810349,736.6120181083679,False
405,0,50,RightResponse,1765545716.5268152,737.2578001022339,False
406,0,51,FeedbackPeriodStarted,1765545716.5402906,737.271276473999,False
407,0,51,startFixDisplay,1765545716.5404286,737.2714126110077,False
408,0,51,startFixPeriod,1765545716.8318987,737.5628845691681,False
409,0,51,TargetPresentation,1765545717.622983,738.3539662361145,False
410,0,51,TargetDisplacement,1765545717.761448,738.4924330711365,True
411,0,51,RightResponse,1765545718.9484117,739.6793963909149,False
412,0,52,FeedbackPeriodStarted,1765545718.968908,739.6998937129974,False
413,0,52,startFixDisplay,1765545718.9690506,739.7000637054443,False
414,0,52,startFixPeriod,1765545719.1911323,739.9221165180206,False
415,0,52,TargetPresentation,1765545720.3429883,741.0739715099335,False
416,0,52,TargetRemoval,1765545720.502429,741.2334115505219,True
417,0,52,TargetReappeared,1765545720.7524762,741.4834620952606,False
418,0,52,RightResponse,1765545721.3356016,742.0665872097015,False
419,0,53,FeedbackPeriodStarted,1765545721.348915,742.0798985958099,False
420,0,53,startFixDisplay,1765545721.3489833,742.0799655914307,False
421,0,53,startFixPeriod,1765545721.5919843,742.3229682445526,False
422,0,53,TargetPresentation,1765545722.9729583,743.7039444446564,False
423,0,53,TargetRemoval,1765545722.9798882,743.7108743190765,True
424,0,53,TargetReappeared,1765545723.229692,743.9606771469116,False
425,0,53,RightResponse,1765545723.7919834,744.5229661464691,False
426,0,54,FeedbackPeriodStarted,1765545723.8052914,744.5362741947174,False
427,0,54,startFixDisplay,1765545723.8053555,744.5363376140594,False
428,0,54,startFixPeriod,1765545724.0831628,744.8141460418701,False
429,0,54,TargetPresentation,1765545725.2557764,745.9867603778839,False
430,0,54,TargetRemoval,1765545725.4083915,746.1393775939941,True
431,0,54,TargetReappeared,1765545725.6583252,746.3893110752106,False
432,0,54,LeftResponse,1765545726.2761655,747.0071487426758,False
433,0,54,FeedbackPeriodStarted,1765545726.2827046,747.013688325882,False
434,0,55,startFixDisplay,1765545728.2879968,749.0189828872681,False
435,0,55,startFixPeriod,1765545728.5657542,749.2967391014099,False
436,0,55,TargetPresentation,1765545729.2596955,749.9906806945801,False
437,0,55,TargetRemoval,1765545729.4191313,750.1501140594482,True
438,0,55,TargetReappeared,1765545729.6690726,750.4000570774078,False
439,0,55,LeftResponse,1765545730.5299008,751.2608861923218,False
440,0,56,FeedbackPeriodStarted,1765545730.5501287,751.2811119556427,False
441,0,56,startFixDisplay,1765545730.550197,751.2811794281006,False
442,0,56,startFixPeriod,1765545730.9737074,751.7046935558319,False
443,0,56,TargetPresentation,1765545732.2296522,752.9606380462646,False
444,0,56,TargetDisplacement,1765545732.3890707,753.1200535297394,True
445,0,56,LeftResponse,1765545733.2152734,753.9462575912476,False
446,0,57,FeedbackPeriodStarted,1765545733.2356417,753.9666271209717,False
447,0,57,startFixDisplay,1765545733.2357857,753.9667701721191,False
448,0,57,startFixPeriod,1765545733.5758479,754.3068330287933,False
449,0,57,TargetPresentation,1765545734.137889,754.8688747882843,False
450,0,57,TargetRemoval,1765545734.3181596,755.0491423606873,True
451,0,57,TargetReappeared,1765545734.5681026,755.2990860939026,False
452,0,57,LeftResponse,1765545735.3802354,756.1112189292908,False
453,0,58,FeedbackPeriodStarted,1765545735.4007046,756.1316902637482,False
454,0,58,startFixDisplay,1765545735.4008508,756.1318349838257,False
455,0,58,startFixPeriod,1765545735.6643677,756.395350933075,False
456,0,58,TargetPresentation,1765545736.5734737,757.3044595718384,False
457,0,58,TargetRemoval,1765545736.7259486,757.4569339752197,True
458,0,58,TargetReappeared,1765545736.9758785,757.7068643569946,False
459,0,58,RightResponse,1765545737.5728915,758.3038763999939,False
460,0,59,FeedbackPeriodStarted,1765545737.593384,758.3243696689606,False
461,0,59,startFixDisplay,1765545737.593533,758.3245177268982,False
462,0,59,startFixPeriod,1765545737.9543788,758.685364484787,False
463,0,59,TargetPresentation,1765545738.7107234,759.441709280014,False
464,0,59,TargetRemoval,1765545738.863145,759.5941302776337,True
465,0,59,TargetReappeared,1765545739.1132054,759.8441886901855,False
466,0,59,RightResponse,1765545739.8142376,760.5452222824097,False
467,0,60,FeedbackPeriodStarted,1765545739.834657,760.5656428337097,False
468,0,60,startFixDisplay,1765545739.8347933,760.5657777786255,False
469,0,60,startFixPeriod,1765545740.2164547,760.9474408626556,False
470,0,60,TargetPresentation,1765545740.9449966,761.6759798526764,False
471,0,60,TargetDisplacement,1765545741.104467,761.8354494571686,True
472,0,60,RightResponse,1765545741.9029372,762.6339223384857,False
473,0,60,FeedbackPeriodStarted,1765545741.9093752,762.6403608322144,False
474,0,61,startFixDisplay,1765545743.9147542,764.645740032196,False
475,0,61,startFixPeriod,1765545744.2342587,764.96524477005,False
476,0,61,TargetPresentation,1765545745.5526366,766.2836227416992,False
477,0,61,TargetDisplacement,1765545745.8854902,766.6164753437042,True
478,0,61,LeftResponse,1765545746.7880945,767.519079208374,False
479,0,62,FeedbackPeriodStarted,1765545746.808313,767.5392959117889,False
480,0,62,startFixDisplay,1765545746.8083773,767.5393595695496,False
481,0,62,startFixPeriod,1765545747.1278615,767.8588473796844,False
482,0,62,TargetPresentation,1765545748.251926,768.98291182518,False
483,0,62,TargetDisplacement,1765545748.3975577,769.128543138504,True
484,0,62,RightResponse,1765545749.3970041,770.1279892921448,False
485,0,63,FeedbackPeriodStarted,1765545749.4104116,770.1413950920105,False
486,0,63,startFixDisplay,1765545749.4104931,770.1414761543274,False
487,0,63,startFixPeriod,1765545749.6258175,770.3568031787872,False
488,0,63,TargetPresentation,1765545750.708268,771.4392516613007,False
489,0,63,TargetDisplacement,1765545750.8815506,771.6125359535217,True
490,0,63,LeftResponse,1765545752.0894773,772.8204617500305,False
491,0,64,FeedbackPeriodStarted,1765545752.1098366,772.8408198356628,False
492,0,64,startFixDisplay,1765545752.1099045,772.8408868312836,False
493,0,64,startFixPeriod,1765545752.2904146,773.0214004516602,False
494,0,64,TargetPresentation,1765545753.0050862,773.7360699176788,False
495,0,64,TargetDisplacement,1765545753.1715345,773.90251994133,True
496,0,64,RightResponse,1765545754.018434,774.7494177818298,False
497,0,65,FeedbackPeriodStarted,1765545754.0388784,774.769861459732,False
498,0,65,startFixDisplay,1765545754.0389438,774.769926071167,False
499,0,65,startFixPeriod,1765545754.351252,775.0822367668152,False
500,0,65,TargetPresentation,1765545755.6559017,776.386887550354,False
501,0,65,TargetDisplacement,1765545755.9194832,776.6504697799683,True
502,0,65,LeftResponse,1765545756.6067965,777.3377816677094,False
503,0,65,FeedbackPeriodStarted,1765545756.641036,777.3720214366913,False
504,1,66,startFixDisplay,1765545805.8528192,826.5838048458099,False
505,1,66,startFixPeriod,1765545805.9848044,826.7157900333405,False
506,1,66,TargetPresentation,1765545807.3587437,828.089729309082,False
507,1,66,TargetDisplacement,1765545807.4071422,828.1381275653839,True
508,1,66,RightResponse,1765545808.198439,828.92942237854,False
509,1,67,FeedbackPeriodStarted,1765545808.211959,828.9429416656494,False
510,1,67,startFixDisplay,1765545808.2120228,828.9430050849915,False
511,1,67,startFixPeriod,1765545808.5315588,829.262544631958,False
512,1,67,TargetPresentation,1765545809.2254014,829.9563872814178,False
513,1,67,TargetDisplacement,1765545809.4334803,830.1644659042358,True
514,1,67,LeftResponse,1765545810.2110505,830.9420642852783,False
515,1,68,FeedbackPeriodStarted,1765545810.231381,830.9623641967773,False
516,1,68,startFixDisplay,1765545810.2314494,830.9624316692352,False
517,1,68,startFixPeriod,1765545810.5368814,831.2678670883179,False
518,1,68,TargetPresentation,1765545811.63316,832.3641440868378,False
519,1,68,TargetRemoval,1765545811.785718,832.5167033672333,True
520,1,68,TargetReappeared,1765545812.0356636,832.766649723053,False
521,1,68,RightResponse,1765545812.674627,833.4056127071381,False
522,1,69,FeedbackPeriodStarted,1765545812.694762,833.4257481098175,False
523,1,69,startFixDisplay,1765545812.6949089,833.425892829895,False
524,1,69,startFixPeriod,1765545813.048837,833.7798225879669,False
525,1,69,TargetPresentation,1765545813.846816,834.5778019428253,False
526,1,69,TargetDisplacement,1765545814.0269947,834.7579772472382,True
527,1,69,LeftResponse,1765545814.8392754,835.5702595710754,False
528,1,70,FeedbackPeriodStarted,1765545814.8597205,835.5907063484192,False
529,1,70,startFixDisplay,1765545814.8598747,835.590859413147,False
530,1,70,startFixPeriod,1765545815.1165721,835.847558259964,False
531,1,70,TargetPresentation,1765545815.8730276,836.6040134429932,False
532,1,70,TargetRemoval,1765545816.0533688,836.7843515872955,True
533,1,70,TargetReappeared,1765545816.303019,837.0340020656586,False
534,1,70,RightResponse,1765545817.2472205,837.9782056808472,False
535,1,71,FeedbackPeriodStarted,1765545817.267513,837.9984967708588,False
536,1,71,startFixDisplay,1765545817.267605,837.998587846756,False
537,1,71,startFixPeriod,1765545817.6840982,838.4150846004486,False
538,1,71,TargetPresentation,1765545818.3917644,839.1227476596832,False
539,1,71,TargetRemoval,1765545818.3987467,839.1297299861908,True
540,1,71,TargetReappeared,1765545818.648495,839.3794794082642,False
541,1,71,LeftResponse,1765545819.425954,840.1569385528564,False
542,1,72,FeedbackPeriodStarted,1765545819.446356,840.1773390769958,False
543,1,72,startFixDisplay,1765545819.4464278,840.1774101257324,False
544,1,72,startFixPeriod,1765545819.6407847,840.3717687129974,False
545,1,72,TargetPresentation,1765545820.5220354,841.2530190944672,False
546,1,72,TargetDisplacement,1765545820.716268,841.4472532272339,True
547,1,72,RightResponse,1765545821.6187096,842.3496930599213,False
548,1,72,FeedbackPeriodStarted,1765545821.6254418,842.3564250469208,False
549,1,73,startFixDisplay,1765545823.630617,844.3616027832031,False
550,1,73,startFixPeriod,1765545823.9639752,844.6949601173401,False
551,1,73,TargetPresentation,1765545824.8243117,845.5552968978882,False
552,1,73,TargetRemoval,1765545824.990798,845.7217836380005,True
553,1,73,TargetReappeared,1765545825.2406638,845.9716477394104,False
554,1,73,LeftResponse,1765545826.0456624,846.7766451835632,False
555,1,74,FeedbackPeriodStarted,1765545826.059212,846.7901952266693,False
556,1,74,startFixDisplay,1765545826.0592809,846.7902631759644,False
557,1,74,startFixPeriod,1765545826.337138,847.0681240558624,False
558,1,74,TargetPresentation,1765545827.641616,848.3726029396057,False
559,1,74,TargetDisplacement,1765545827.648553,848.3795397281647,True
560,1,74,LeftResponse,1765545828.6133225,849.3443074226379,False
561,1,75,FeedbackPeriodStarted,1765545828.6267192,849.3577020168304,False
562,1,75,startFixDisplay,1765545828.626786,849.3577682971954,False
563,1,75,startFixPeriod,1765545829.0571885,849.7881722450256,False
564,1,75,TargetPresentation,1765545829.820477,850.5514605045319,False
565,1,75,TargetRemoval,1765545830.0006998,850.731684923172,True
566,1,75,TargetReappeared,1765545830.2506578,850.9816422462463,False
567,1,75,LeftResponse,1765545830.8825393,851.6135244369507,False
568,1,76,FeedbackPeriodStarted,1765545830.9029028,851.6338887214661,False
569,1,76,startFixDisplay,1765545830.903052,851.634067773819,False
570,1,76,startFixPeriod,1765545831.1389153,851.8699011802673,False
571,1,76,TargetPresentation,1765545832.0826666,852.8136508464813,False
572,1,76,TargetDisplacement,1765545832.318362,853.0493474006653,True
573,1,76,LeftResponse,1765545833.193017,853.9240005016327,False
574,1,77,FeedbackPeriodStarted,1765545833.2064793,853.9374623298645,False
575,1,77,startFixDisplay,1765545833.2065458,853.9375281333923,False
576,1,77,startFixPeriod,1765545833.4078438,854.1388294696808,False
577,1,77,TargetPresentation,1765545834.6084623,855.3394484519958,False
578,1,77,TargetRemoval,1765545834.6154394,855.3464233875275,True
579,1,77,TargetReappeared,1765545834.86525,855.5962357521057,False
580,1,77,RightResponse,1765545835.3859618,856.1169466972351,False
581,1,78,FeedbackPeriodStarted,1765545835.3991919,856.1301748752594,False
582,1,78,startFixDisplay,1765545835.3992558,856.1302380561829,False
583,1,78,startFixPeriod,1765545835.8089902,856.5399763584137,False
584,1,78,TargetPresentation,1765545836.3293571,857.0603430271149,False
585,1,78,TargetDisplacement,1765545836.4749765,857.2059621810913,True
586,1,78,LeftResponse,1765545837.3358324,858.0668172836304,False
587,1,78,FeedbackPeriodStarted,1765545837.3423207,858.0733034610748,False
588,1,79,startFixDisplay,1765545839.3474793,860.0784623622894,False
589,1,79,startFixPeriod,1765545839.6531339,860.3841190338135,False
590,1,79,TargetPresentation,1765545841.0894396,861.8204233646393,False
591,1,79,TargetDisplacement,1765545841.2834852,862.014467716217,True
592,1,79,RightResponse,1765545842.1861851,862.9171705245972,False
593,1,80,FeedbackPeriodStarted,1765545842.206577,862.937563419342,False
594,1,80,startFixDisplay,1765545842.206729,862.9377131462097,False
595,1,80,startFixPeriod,1765545842.5119627,863.2429485321045,False
596,1,80,TargetPresentation,1765545843.8650117,864.5959963798523,False
597,1,80,TargetDisplacement,1765545843.8996692,864.6306550502777,True
598,1,80,LeftResponse,1765545844.794885,865.5258674621582,False
599,1,81,FeedbackPeriodStarted,1765545844.8156068,865.5465927124023,False
600,1,81,startFixDisplay,1765545844.8157513,865.5467355251312,False
601,1,81,startFixPeriod,1765545845.176554,865.9075393676758,False
602,1,81,TargetPresentation,1765545845.7109487,866.4419343471527,False
603,1,81,TargetDisplacement,1765545845.7177954,866.4487791061401,True
604,1,81,RightResponse,1765545847.4945793,868.2255620956421,False
605,1,82,FeedbackPeriodStarted,1765545847.5078187,868.2388017177582,False
606,1,82,startFixDisplay,1765545847.5078819,868.2388641834259,False
607,1,82,startFixPeriod,1765545847.841226,868.5722107887268,False
608,1,82,TargetPresentation,1765545848.715424,869.4464073181152,False
609,1,82,TargetRemoval,1765545848.7987573,869.5297427177429,True
610,1,82,TargetReappeared,1765545849.048631,869.7796170711517,False
611,1,82,LeftResponse,1765545849.6107898,870.3417732715607,False
612,1,83,FeedbackPeriodStarted,1765545849.6244075,870.355429649353,False
613,1,83,startFixDisplay,1765545849.6245759,870.3555583953857,False
614,1,83,startFixPeriod,1765545849.8466663,870.5776524543762,False
615,1,83,TargetPresentation,1765545851.123434,871.8544178009033,False
616,1,83,TargetDisplacement,1765545851.1302748,871.8612582683563,True
617,1,83,LeftResponse,1765545852.2127378,872.9437203407288,False
618,1,84,FeedbackPeriodStarted,1765545852.2264094,872.9573924541473,False
619,1,84,startFixDisplay,1765545852.2264764,872.9574587345123,False
620,1,84,startFixPeriod,1765545852.462579,873.193562746048,False
621,1,84,TargetPresentation,1765545853.517367,874.2483503818512,False
622,1,84,TargetDisplacement,1765545853.524356,874.2553412914276,True
623,1,84,LeftResponse,1765545854.454261,875.185243844986,False
624,1,84,FeedbackPeriodStarted,1765545854.461208,875.1921954154968,False
625,1,85,startFixDisplay,1765545856.4662821,877.1972680091858,False
626,1,85,startFixPeriod,1765545856.7509866,877.4819724559784,False
627,1,85,TargetPresentation,1765545857.757194,878.4881796836853,False
628,1,85,TargetDisplacement,1765545857.94441,878.6753957271576,True
629,1,85,LeftResponse,1765545859.0411696,879.772155046463,False
630,1,86,FeedbackPeriodStarted,1765545859.0614681,879.7924509048462,False
631,1,86,startFixDisplay,1765545859.0615315,879.7925138473511,False
632,1,86,startFixPeriod,1765545859.3809068,880.1118927001953,False
633,1,86,TargetPresentation,1765545860.3593254,881.0903115272522,False
634,1,86,TargetDisplacement,1765545860.3663447,881.0973315238953,True
635,1,86,LeftResponse,1765545861.0532722,881.7842552661896,False
636,1,87,FeedbackPeriodStarted,1765545861.0667946,881.7977776527405,False
637,1,87,startFixDisplay,1765545861.0668638,881.7978460788727,False
638,1,87,startFixPeriod,1765545861.2822177,882.0132033824921,False
639,1,87,TargetPresentation,1765545862.7393882,883.4703724384308,False
640,1,87,TargetDisplacement,1765545862.933501,883.6644861698151,True
641,1,87,LeftResponse,1765545864.1344328,884.8654179573059,False
642,1,88,FeedbackPeriodStarted,1765545864.154786,884.8857717514038,False
643,1,88,startFixDisplay,1765545864.1549327,884.8859171867371,False
644,1,88,startFixPeriod,1765545864.3770092,885.1079947948456,False
645,1,88,TargetPresentation,1765545865.473474,886.2044599056244,False
646,1,88,TargetDisplacement,1765545866.3405378,887.0715231895447,True
647,1,88,RightResponse,1765545866.368577,887.0995604991913,False
648,1,89,FeedbackPeriodStarted,1765545866.3821392,887.113124370575,False
649,1,89,startFixDisplay,1765545866.3822727,887.1132569313049,False
650,1,89,startFixPeriod,1765545866.3889303,887.1199126243591,False
651,1,89,TargetPresentation,1765545867.1871777,887.9181640148163,False
652,1,89,TargetDisplacement,1765545867.3883374,888.1193199157715,True
653,1,89,LeftResponse,1765545868.4364288,889.1674122810364,False
654,1,90,FeedbackPeriodStarted,1765545868.4573164,889.1882991790771,False
655,1,90,startFixDisplay,1765545868.457436,889.1884186267853,False
656,1,90,startFixPeriod,1765545868.7833426,889.5143284797668,False
657,1,90,TargetPresentation,1765545869.3382168,890.0692002773285,False
658,1,90,TargetDisplacement,1765545869.539435,890.2704174518585,True
659,1,90,LeftResponse,1765545870.386745,891.1177306175232,False
660,1,90,FeedbackPeriodStarted,1765545870.4001503,891.1311361789703,False
661,1,91,startFixDisplay,1765545872.4052675,893.1362502574921,False
662,1,91,startFixPeriod,1765545872.6761549,893.4071407318115,False
663,1,91,TargetPresentation,1765545874.0778103,894.8087961673737,False
664,1,91,TargetDisplacement,1765545876.0066783,896.7376635074615,True
665,1,91,LeftResponse,1765545877.0064156,897.7374012470245,False
666,1,92,FeedbackPeriodStarted,1765545877.0268238,897.7578094005585,False
667,1,92,startFixDisplay,1765545877.0269766,897.7579607963562,False
668,1,92,startFixPeriod,1765545877.242015,897.9730010032654,False
669,1,92,TargetPresentation,1765545878.6436234,899.3746073246002,False
670,1,92,TargetRemoval,1765545878.7892358,899.520218372345,True
671,1,92,TargetReappeared,1765545879.0392044,899.7701873779297,False
672,1,92,LeftResponse,1765545879.650215,900.381199836731,False
673,1,93,FeedbackPeriodStarted,1765545879.6704288,900.4014141559601,False
674,1,93,startFixDisplay,1765545879.6705706,900.4015545845032,False
675,1,93,startFixPeriod,1765545879.934275,900.6652610301971,False
676,1,93,TargetPresentation,1765545880.8434122,901.5743980407715,False
677,1,93,TargetDisplacement,1765545880.8503232,901.5813093185425,True
678,1,93,RightResponse,1765545882.050913,902.7818968296051,False
679,1,94,FeedbackPeriodStarted,1765545882.0715017,902.8024876117706,False
680,1,94,startFixDisplay,1765545882.0716498,902.8026342391968,False
681,1,94,startFixPeriod,1765545882.4116085,903.1425921916962,False
682,1,94,TargetPresentation,1765545883.258207,903.9891929626465,False
683,1,94,TargetRemoval,1765545884.5556874,905.2866728305817,True
684,1,94,TargetReappeared,1765545884.8054917,905.5364751815796,False
685,1,94,RightResponse,1765545886.068682,906.7996666431427,False
686,1,95,FeedbackPeriodStarted,1765545886.0891614,906.8201475143433,False
687,1,95,startFixDisplay,1765545886.0892916,906.8202738761902,False
688,1,95,startFixPeriod,1765545886.3460815,907.0770678520203,False
689,1,95,TargetPresentation,1765545887.1232572,907.8542425632477,False
690,1,95,TargetRemoval,1765545887.2895741,908.0205590724945,True
691,1,95,TargetReappeared,1765545887.5394645,908.2704477310181,False
692,1,95,LeftResponse,1765545888.2893324,909.0203177928925,False
693,1,96,FeedbackPeriodStarted,1765545888.3097181,909.0407040119171,False
694,1,96,startFixDisplay,1765545888.3098686,909.0408532619476,False
695,1,96,startFixPeriod,1765545888.5596125,909.2905983924866,False
696,1,96,TargetPresentation,1765545889.5380847,910.2690715789795,False
697,1,96,TargetDisplacement,1765545889.7390852,910.4700708389282,True
698,1,96,LeftResponse,1765545890.9469151,911.6778995990753,False
699,1,96,FeedbackPeriodStarted,1765545890.9604747,911.6914575099945,False
700,1,97,startFixDisplay,1765545892.9656756,913.6966617107391,False
701,1,97,startFixPeriod,1765545893.2643154,913.9953014850616,False
702,1,97,TargetPresentation,1765545894.5132678,915.2442536354065,False
703,1,97,TargetRemoval,1765545894.9224873,915.6534698009491,True
704,1,97,TargetReappeared,1765545895.1724384,915.9034240245819,False
705,1,97,RightResponse,1765545896.1927369,916.9237194061279,False
706,1,98,FeedbackPeriodStarted,1765545896.2061646,916.9371473789215,False
707,1,98,startFixDisplay,1765545896.206231,916.9372134208679,False
708,1,98,startFixPeriod,1765545896.4562852,917.1872711181641,False
709,1,98,TargetPresentation,1765545896.9905071,917.7214910984039,False
710,1,98,TargetDisplacement,1765545897.1847355,917.9157180786133,True
711,1,98,LeftResponse,1765545897.9624114,918.6933946609497,False
712,1,99,FeedbackPeriodStarted,1765545897.9755578,918.7065405845642,False
713,1,99,startFixDisplay,1765545897.9756205,918.7066028118134,False
714,1,99,startFixPeriod,1765545898.2464676,918.9774520397186,False
715,1,99,TargetPresentation,1765545898.8015654,919.5325515270233,False
716,1,99,TargetRemoval,1765545898.8502233,919.5812094211578,True
717,1,99,TargetReappeared,1765545899.099951,919.8309373855591,False
718,1,99,LeftResponse,1765545900.3146698,921.0456538200378,False
719,1,100,FeedbackPeriodStarted,1765545900.3349857,921.0659716129303,False
720,1,100,startFixDisplay,1765545900.3351665,921.0661511421204,False
721,1,100,startFixPeriod,1765545900.5502682,921.281254529953,False
722,1,100,TargetPresentation,1765545901.9520035,922.6829905509949,False
723,1,100,TargetDisplacement,1765545902.118466,922.849451303482,True
724,1,100,LeftResponse,1765545903.3193305,924.050315618515,False
725,1,101,FeedbackPeriodStarted,1765545903.3396068,924.0705900192261,False
726,1,101,startFixDisplay,1765545903.3396702,924.0706524848938,False
727,1,101,startFixPeriod,1765545903.3467586,924.0777447223663,False
728,1,101,TargetPresentation,1765545904.2765,925.0074841976166,False
729,1,101,TargetDisplacement,1765545905.490682,926.2216672897339,True
730,1,101,RightResponse,1765545906.594424,927.3254070281982,False
731,1,102,FeedbackPeriodStarted,1765545906.6147833,927.3457684516907,False
732,1,102,startFixDisplay,1765545906.6149242,927.3459084033966,False
733,1,102,startFixPeriod,1765545907.031348,927.7623338699341,False
734,1,102,TargetPresentation,1765545907.5795133,928.3104963302612,False
735,1,102,TargetDisplacement,1765545907.7875435,928.5185286998749,True
736,1,102,LeftResponse,1765545908.70401,929.434995174408,False
737,1,102,FeedbackPeriodStarted,1765545908.7175958,929.4485793113708,False
738,1,103,startFixDisplay,1765545910.7226572,931.4536402225494,False
739,1,103,startFixPeriod,1765545910.8894963,931.6204800605774,False
740,1,103,TargetPresentation,1765545911.9025633,932.6335475444794,False
741,1,103,TargetDisplacement,1765545912.0897362,932.8207213878632,True
742,1,103,LeftResponse,1765545913.1450064,933.8759913444519,False
743,1,104,FeedbackPeriodStarted,1765545913.1653566,933.8963418006897,False
744,1,104,startFixDisplay,1765545913.1654665,933.8964488506317,False
745,1,104,startFixPeriod,1765545913.4083133,934.1392991542816,False
746,1,104,TargetPresentation,1765545914.615656,935.3466410636902,False
747,1,104,TargetDisplacement,1765545914.6225848,935.3535678386688,True
748,1,104,LeftResponse,1765545915.5527508,936.28373503685,False
749,1,105,FeedbackPeriodStarted,1765545915.573125,936.3041110038757,False
750,1,105,startFixDisplay,1765545915.5732775,936.3042616844177,False
751,1,105,startFixPeriod,1765545915.857746,936.5887291431427,False
752,1,105,TargetPresentation,1765545916.517004,937.2479884624481,False
753,1,105,TargetRemoval,1765545916.5238955,937.2548785209656,True
754,1,105,TargetReappeared,1765545916.7736967,937.5046799182892,False
755,1,105,RightResponse,1765545917.3222542,938.0532376766205,False
756,1,106,FeedbackPeriodStarted,1765545917.342608,938.073593378067,False
757,1,106,startFixDisplay,1765545917.3428037,938.0737881660461,False
758,1,106,startFixPeriod,1765545917.6479897,938.3789730072021,False
759,1,106,TargetPresentation,1765545918.3906138,939.1215982437134,False
760,1,106,TargetDisplacement,1765545918.584619,939.315601348877,True
761,1,106,RightResponse,1765545919.4108374,940.1418211460114,False
762,1,107,FeedbackPeriodStarted,1765545919.4312627,940.1622483730316,False
763,1,107,startFixDisplay,1765545919.431402,940.1623864173889,False
764,1,107,startFixPeriod,1765545919.6882374,940.4192230701447,False
765,1,107,TargetPresentation,1765545920.187824,940.9188098907471,False
766,1,107,TargetDisplacement,1765545920.194765,940.9257509708405,True
767,1,107,RightResponse,1765545921.3677366,942.0987205505371,False
768,1,108,FeedbackPeriodStarted,1765545921.3880894,942.1190750598907,False
769,1,108,startFixDisplay,1765545921.3882363,942.119220495224,False
770,1,108,startFixPeriod,1765545923.0328357,943.7638218402863,False
771,1,108,TargetPresentation,1765545924.0528276,944.7838134765625,False
772,1,108,TargetRemoval,1765545924.219283,944.9502685070038,True
773,1,108,TargetReappeared,1765545924.469242,945.2002279758453,False
774,1,108,LeftResponse,1765545925.1979914,945.9289767742157,False
775,1,108,FeedbackPeriodStarted,1765545925.2046363,945.935622215271,False
776,1,109,startFixDisplay,1765545927.2097821,947.9407646656036,False
777,1,109,startFixPeriod,1765545927.5085301,948.2395136356354,False
778,1,109,TargetPresentation,1765545928.2787852,949.0097699165344,False
779,1,109,TargetRemoval,1765545928.2855875,949.0165703296661,True
780,1,109,TargetReappeared,1765545928.535518,949.2665040493011,False
781,1,109,LeftResponse,1765545929.3685343,950.0995326042175,False
782,1,110,FeedbackPeriodStarted,1765545929.3888025,950.1197879314423,False
783,1,110,startFixDisplay,1765545929.388943,950.119927406311,False
784,1,110,startFixPeriod,1765545929.6665144,950.3974986076355,False
785,1,110,TargetPresentation,1765545930.6103036,951.3412897586823,False
786,1,110,TargetDisplacement,1765545930.8113356,951.5423209667206,True
787,1,110,LeftResponse,1765545931.6791086,952.4100937843323,False
788,1,111,FeedbackPeriodStarted,1765545931.6995988,952.4305846691132,False
789,1,111,startFixDisplay,1765545931.6997008,952.4306828975677,False
790,1,111,startFixPeriod,1765545932.0257633,952.7567465305328,False
791,1,111,TargetPresentation,1765545932.726697,953.457680940628,False
792,1,111,TargetDisplacement,1765545932.865384,953.5963697433472,True
793,1,111,RightResponse,1765545933.823269,954.5542528629303,False
794,1,112,FeedbackPeriodStarted,1765545933.843534,954.5745170116425,False
795,1,112,startFixDisplay,1765545933.8436024,954.5745847225189,False
796,1,112,startFixPeriod,1765545934.1075804,954.8385803699493,False
797,1,112,TargetPresentation,1765545934.9749556,955.7059412002563,False
798,1,112,TargetDisplacement,1765545935.182894,955.9138767719269,True
799,1,112,LeftResponse,1765545936.5087662,957.2397518157959,False
800,1,113,FeedbackPeriodStarted,1765545936.5290852,957.2600681781769,False
801,1,113,startFixDisplay,1765545936.529155,957.2601373195648,False
802,1,113,startFixPeriod,1765545936.7582905,957.4892761707306,False
803,1,113,TargetPresentation,1765545937.5424259,958.2734117507935,False
804,1,113,TargetDisplacement,1765545937.549266,958.2802519798279,True
805,1,113,LeftResponse,1765545938.4792678,959.2102518081665,False
806,1,114,FeedbackPeriodStarted,1765545938.4997876,959.2307729721069,False
807,1,114,startFixDisplay,1765545938.4999352,959.2309195995331,False
808,1,114,startFixPeriod,1765545938.7081265,959.4391100406647,False
809,1,114,TargetPresentation,1765545939.9294522,960.6604382991791,False
810,1,114,TargetDisplacement,1765545939.9363728,960.6673562526703,True
811,1,114,LeftResponse,1765545940.928932,961.6599161624908,False
812,1,114,FeedbackPeriodStarted,1765545940.9425375,961.6735231876373,False
813,1,115,startFixDisplay,1765545942.9475796,963.6785626411438,False
814,1,115,startFixPeriod,1765545943.41981,964.1507952213287,False
815,1,115,TargetPresentation,1765545944.1067185,964.8377015590668,False
816,1,115,TargetDisplacement,1765545944.294003,965.0249886512756,True
817,1,115,LeftResponse,1765545945.7305303,966.46151304245,False
818,1,116,FeedbackPeriodStarted,1765545945.7440283,966.4750113487244,False
819,1,116,startFixDisplay,1765545945.7441597,966.4751422405243,False
820,1,116,startFixPeriod,1765545945.994201,966.72518658638,False
821,1,116,TargetPresentation,1765545947.4234927,968.1544766426086,False
822,1,116,TargetDisplacement,1765545947.4305656,968.1615495681763,True
823,1,116,RightResponse,1765545948.7146122,969.445597410202,False
824,1,117,FeedbackPeriodStarted,1765545948.7348297,969.4658122062683,False
825,1,117,startFixDisplay,1765545948.7348936,969.4658758640289,False
826,1,117,startFixPeriod,1765545949.2970972,970.0280816555023,False
827,1,117,TargetPresentation,1765545950.157597,970.88858294487,False
828,1,117,TargetDisplacement,1765545950.1645503,970.8955364227295,True
829,1,117,LeftResponse,1765545951.0946867,971.8256719112396,False
830,1,118,FeedbackPeriodStarted,1765545951.1083164,971.8392994403839,False
831,1,118,startFixDisplay,1765545951.1083798,971.8393621444702,False
832,1,118,startFixPeriod,1765545951.371905,972.102888584137,False
833,1,118,TargetPresentation,1765545952.634849,973.365832567215,False
834,1,118,TargetDisplacement,1765545952.8220112,973.5529961585999,True
835,1,118,LeftResponse,1765545954.2658474,974.9968314170837,False
836,1,119,FeedbackPeriodStarted,1765545954.286098,975.0170834064484,False
837,1,119,startFixDisplay,1765545954.2862442,975.0172283649445,False
838,1,119,startFixPeriod,1765545954.5153248,975.2463233470917,False
839,1,119,TargetPresentation,1765545955.3341055,976.0650899410248,False
840,1,119,TargetDisplacement,1765545955.4865446,976.2175297737122,True
841,1,119,RightResponse,1765545956.7569025,977.4878869056702,False
842,1,120,FeedbackPeriodStarted,1765545956.7773416,977.5083277225494,False
843,1,120,startFixDisplay,1765545956.7774954,977.5084798336029,False
844,1,120,startFixPeriod,1765545957.1799119,977.9108963012695,False
845,1,120,TargetPresentation,1765545958.3039858,979.0349690914154,False
846,1,120,TargetRemoval,1765545958.4843376,979.2153232097626,True
847,1,120,TargetReappeared,1765545958.7343075,979.4652934074402,False
848,1,120,LeftResponse,1765545959.3587978,980.0897810459137,False
849,1,120,FeedbackPeriodStarted,1765545959.3656983,980.0966823101044,False
850,1,121,startFixDisplay,1765545961.370843,982.1018288135529,False
851,1,121,startFixPeriod,1765545961.7388134,982.469799041748,False
852,1,121,TargetPresentation,1765545963.0225487,983.7535321712494,False
853,1,121,TargetDisplacement,1765545963.0501356,983.7811210155487,True
854,1,121,LeftResponse,1765545963.938895,984.6698780059814,False
855,1,122,FeedbackPeriodStarted,1765545963.9591556,984.6901412010193,False
856,1,122,startFixDisplay,1765545963.959304,984.6902887821198,False
857,1,122,startFixPeriod,1765545964.2230241,984.9540083408356,False
858,1,122,TargetPresentation,1765545964.9863455,985.7173316478729,False
859,1,122,TargetDisplacement,1765545965.15269,985.8836753368378,True
860,1,122,LeftResponse,1765545966.2495394,986.9805240631104,False
861,1,123,FeedbackPeriodStarted,1765545966.2768695,987.0078551769257,False
862,1,123,startFixDisplay,1765545966.2770126,987.0079967975616,False
863,1,123,startFixPeriod,1765545966.66559,987.3965735435486,False
864,1,123,TargetPresentation,1765545967.526037,988.2570221424103,False
865,1,123,TargetRemoval,1765545967.6995645,988.4305472373962,True
866,1,123,TargetReappeared,1765545967.9493368,988.6803228855133,False
867,1,123,LeftResponse,1765545969.2540314,989.985015630722,False
868,1,124,FeedbackPeriodStarted,1765545969.2744596,990.0054452419281,False
869,1,124,startFixDisplay,1765545969.2746067,990.0055906772614,False
870,1,124,startFixPeriod,1765545969.7049763,990.435959815979,False
871,1,124,TargetPresentation,1765545970.6139097,991.3448948860168,False
872,1,124,TargetRemoval,1765545970.7594893,991.4904747009277,True
873,1,124,TargetReappeared,1765545971.0094578,991.7404441833496,False
874,1,124,RightResponse,1765545971.710528,992.441511631012,False
875,1,125,FeedbackPeriodStarted,1765545971.7309086,992.4618945121765,False
876,1,125,startFixDisplay,1765545971.7310472,992.4620318412781,False
877,1,125,startFixPeriod,1765545972.1613517,992.8923373222351,False
878,1,125,TargetPresentation,1765545973.3894882,994.1204743385315,False
879,1,125,TargetRemoval,1765545973.5906396,994.3216252326965,True
880,1,125,TargetReappeared,1765545973.8406057,994.571590423584,False
881,1,125,LeftResponse,1765545974.3680248,995.0990083217621,False
882,1,126,FeedbackPeriodStarted,1765545974.3885312,995.1195149421692,False
883,1,126,startFixDisplay,1765545974.3886135,995.1195960044861,False
884,1,126,startFixPeriod,1765545974.7634957,995.4944791793823,False
885,1,126,TargetPresentation,1765545975.81131,996.5422956943512,False
886,1,126,TargetDisplacement,1765545975.9706297,996.7016122341156,True
887,1,126,RightResponse,1765545977.0952783,997.826263666153,False
888,1,126,FeedbackPeriodStarted,1765545977.101692,997.832677602768,False
889,1,127,startFixDisplay,1765545979.1070728,999.8380558490753,False
890,1,127,startFixPeriod,1765545979.3433547,1000.0743408203125,False
891,1,127,TargetPresentation,1765545979.8845193,1000.6155052185059,False
892,1,127,TargetRemoval,1765545980.050772,1000.7817544937134,True
893,1,127,TargetReappeared,1765545980.300824,1001.0318098068237,False
894,1,127,RightResponse,1765545980.9395523,1001.6705372333527,False
895,1,128,FeedbackPeriodStarted,1765545980.9597378,1001.6907207965851,False
896,1,128,startFixDisplay,1765545980.9598057,1001.6907880306244,False
897,1,128,startFixPeriod,1765545981.2375734,1001.9685595035553,False
898,1,128,TargetPresentation,1765545982.1257365,1002.8567357063293,False
899,1,128,TargetDisplacement,1765545982.1327288,1002.8637146949768,True
900,1,128,LeftResponse,1765545983.5138202,1004.2448046207428,False
901,1,129,FeedbackPeriodStarted,1765545983.5341666,1004.2651493549347,False
902,1,129,startFixDisplay,1765545983.5342371,1004.2652196884155,False
903,1,129,startFixPeriod,1765545983.8605547,1004.5915403366089,False
904,1,129,TargetPresentation,1765545984.5128562,1005.2438397407532,False
905,1,129,TargetDisplacement,1765545985.234202,1005.965184211731,True
906,1,129,LeftResponse,1765545985.4220088,1006.152993440628,False
907,1,130,FeedbackPeriodStarted,1765545985.4424324,1006.173418045044,False
908,1,130,startFixDisplay,1765545985.442526,1006.1735084056854,False
909,1,130,startFixPeriod,1765545985.741027,1006.472012758255,False
910,1,130,TargetPresentation,1765545986.7264264,1007.4574120044708,False
911,1,130,TargetDisplacement,1765545986.7333896,1007.4643757343292,True
912,1,130,RightResponse,1765545987.6701374,1008.4011204242706,False
913,1,131,FeedbackPeriodStarted,1765545987.690692,1008.4216775894165,False
914,1,131,startFixDisplay,1765545987.6908336,1008.4218187332153,False
915,1,131,startFixPeriod,1765545987.9476824,1008.6786689758301,False
916,1,131,TargetPresentation,1765545988.9954844,1009.7264714241028,False
917,1,131,TargetRemoval,1765545989.1410127,1009.8719983100891,True
918,1,131,TargetReappeared,1765545989.3909428,1010.1219258308411,False
919,1,131,LeftResponse,1765545990.0019486,1010.7329332828522,False
920,1,131,FeedbackPeriodStarted,1765545990.0432723,1010.7742586135864,False
921,2,132,startFixDisplay,1765546012.8308897,1033.5618727207184,False
922,2,132,startFixPeriod,1765546012.8378131,1033.5687983036041,False
923,2,132,TargetPresentation,1765546014.0870206,1034.8180041313171,False
924,2,132,TargetDisplacement,1765546014.253436,1034.9844188690186,True
925,2,132,RightResponse,1765546015.003201,1035.7341845035553,False
926,2,133,FeedbackPeriodStarted,1765546015.0235918,1035.7545745372772,False
927,2,133,startFixDisplay,1765546015.023656,1035.7546381950378,False
928,2,133,startFixPeriod,1765546015.2388647,1035.9698479175568,False
929,2,133,TargetPresentation,1765546016.5157783,1037.246764421463,False
930,2,133,TargetDisplacement,1765546016.709977,1037.4409620761871,True
931,2,133,LeftResponse,1765546017.3347504,1038.065734386444,False
932,2,134,FeedbackPeriodStarted,1765546017.3551917,1038.0861773490906,False
933,2,134,startFixDisplay,1765546017.355339,1038.0863234996796,False
934,2,134,startFixPeriod,1765546017.6191037,1038.3500871658325,False
935,2,134,TargetPresentation,1765546018.7293236,1039.4603090286255,False
936,2,134,TargetDisplacement,1765546018.7361867,1039.4671695232391,True
937,2,134,LeftResponse,1765546019.7149637,1040.4459476470947,False
938,2,135,FeedbackPeriodStarted,1765546019.7352846,1040.4662702083588,False
939,2,135,startFixDisplay,1765546019.73543,1040.4664142131805,False
940,2,135,startFixPeriod,1765546019.9714503,1040.702436208725,False
941,2,135,TargetPresentation,1765546021.4564033,1042.1873891353607,False
942,2,135,TargetRemoval,1765546021.6644218,1042.3954076766968,True
943,2,135,TargetReappeared,1765546021.9143674,1042.6453535556793,False
944,2,135,RightResponse,1765546023.1496735,1043.8806574344635,False
945,2,136,FeedbackPeriodStarted,1765546023.177024,1043.908010005951,False
946,2,136,startFixDisplay,1765546023.177124,1043.9081063270569,False
947,2,136,startFixPeriod,1765546023.517282,1044.2482674121857,False
948,2,136,TargetPresentation,1765546024.2597632,1044.9907491207123,False
949,2,136,TargetRemoval,1765546024.2667077,1044.9976937770844,True
950,2,136,TargetReappeared,1765546024.5165167,1045.2475028038025,False
951,2,136,LeftResponse,1765546025.11362,1045.8446049690247,False
952,2,137,FeedbackPeriodStarted,1765546025.1340718,1045.8650584220886,False
953,2,137,startFixDisplay,1765546025.1342297,1045.8652141094208,False
954,2,137,startFixPeriod,1765546025.9111884,1046.642173051834,False
955,2,137,TargetPresentation,1765546027.0284452,1047.7594311237335,False
956,2,137,TargetRemoval,1765546027.243471,1047.9744563102722,True
957,2,137,TargetReappeared,1765546027.493324,1048.2243084907532,False
958,2,137,LeftResponse,1765546028.159662,1048.890644788742,False
959,2,138,FeedbackPeriodStarted,1765546028.180137,1048.9111199378967,False
960,2,138,startFixDisplay,1765546028.1801984,1048.9111807346344,False
961,2,138,startFixPeriod,1765546028.4924943,1049.2234778404236,False
962,2,138,TargetPresentation,1765546029.1102517,1049.841237783432,False
963,2,138,TargetDisplacement,1765546029.1862807,1049.9172658920288,True
964,2,138,RightResponse,1765546030.0402048,1050.7711889743805,False
965,2,138,FeedbackPeriodStarted,1765546030.05384,1050.7848255634308,False
966,2,139,startFixDisplay,1765546032.0588908,1052.7898738384247,False
967,2,139,startFixPeriod,1765546032.3644981,1053.0954840183258,False
968,2,139,TargetPresentation,1765546033.3984082,1054.1293923854828,False
969,2,139,TargetRemoval,1765546033.5856194,1054.3166046142578,True
970,2,139,TargetReappeared,1765546033.8355453,1054.5665309429169,False
971,2,139,RightResponse,1765546034.404934,1055.1359176635742,False
972,2,140,FeedbackPeriodStarted,1765546034.425328,1055.1563138961792,False
973,2,140,startFixDisplay,1765546034.4254754,1055.156459569931,False
974,2,140,startFixPeriod,1765546034.6891835,1055.4201691150665,False
975,2,140,TargetPresentation,1765546035.3067396,1056.0377254486084,False
976,2,140,TargetDisplacement,1765546035.493997,1056.2249825000763,True
977,2,140,RightResponse,1765546036.562939,1057.293921470642,False
978,2,141,FeedbackPeriodStarted,1765546036.5833008,1057.3142869472504,False
979,2,141,startFixDisplay,1765546036.5834465,1057.3144309520721,False
980,2,141,startFixPeriod,1765546036.840228,1057.5712122917175,False
981,2,141,TargetPresentation,1765546037.388456,1058.1194417476654,False
982,2,141,TargetRemoval,1765546037.568674,1058.2996590137482,True
983,2,141,TargetReappeared,1765546037.8186224,1058.549605846405,False
984,2,141,LeftResponse,1765546038.4850829,1059.216065645218,False
985,2,142,FeedbackPeriodStarted,1765546038.5052981,1059.2362813949585,False
986,2,142,startFixDisplay,1765546038.5053625,1059.2363448143005,False
987,2,142,startFixPeriod,1765546038.810969,1059.5419533252716,False
988,2,142,TargetPresentation,1765546040.0529478,1060.7839307785034,False
989,2,142,TargetDisplacement,1765546040.4692109,1061.2001960277557,True
990,2,142,LeftResponse,1765546041.6143134,1062.3452966213226,False
991,2,143,FeedbackPeriodStarted,1765546041.6349854,1062.365971326828,False
992,2,143,startFixDisplay,1765546041.635166,1062.366150379181,False
993,2,143,startFixPeriod,1765546041.9197195,1062.6507058143616,False
994,2,143,TargetPresentation,1765546042.606628,1063.3376138210297,False
995,2,143,TargetDisplacement,1765546042.7937589,1063.5247416496277,True
996,2,143,RightResponse,1765546044.0153358,1064.7463188171387,False
997,2,144,FeedbackPeriodStarted,1765546044.0357578,1064.7667410373688,False
998,2,144,startFixDisplay,1765546044.035827,1064.7668092250824,False
999,2,144,startFixPeriod,1765546044.2719235,1065.002908706665,False
1000,2,144,TargetPresentation,1765546045.5904317,1066.3214180469513,False
1001,2,144,TargetDisplacement,1765546045.8539124,1066.584897518158,True
1002,2,144,RightResponse,1765546046.742254,1067.4732370376587,False
1003,2,144,FeedbackPeriodStarted,1765546046.7492185,1067.4802014827728,False
1004,2,145,startFixDisplay,1765546048.7613585,1069.4923446178436,False
1005,2,145,startFixPeriod,1765546049.0807688,1069.8117535114288,False
1006,2,145,TargetPresentation,1765546049.719097,1070.4500801563263,False
1007,2,145,TargetDisplacement,1765546049.8993773,1070.6303627490997,True
1008,2,145,LeftResponse,1765546050.7533345,1071.4843187332153,False
1009,2,146,FeedbackPeriodStarted,1765546050.7735665,1071.5045495033264,False
1010,2,146,startFixDisplay,1765546050.7736294,1071.5046117305756,False
1011,2,146,startFixPeriod,1765546051.0098178,1071.740803718567,False
1012,2,146,TargetPresentation,1765546052.4947784,1073.2257640361786,False
1013,2,146,TargetDisplacement,1765546052.7027771,1073.433759689331,True
1014,2,146,RightResponse,1765546054.2158926,1074.9468777179718,False
1015,2,147,FeedbackPeriodStarted,1765546054.2363224,1074.967307806015,False
1016,2,147,startFixDisplay,1765546054.236465,1074.9674491882324,False
1017,2,147,startFixPeriod,1765546054.4654746,1075.196459054947,False
1018,2,147,TargetPresentation,1765546055.9296057,1076.6605916023254,False
1019,2,147,TargetDisplacement,1765546056.088949,1076.8199315071106,True
1020,2,147,LeftResponse,1765546057.1023493,1077.8333337306976,False
1021,2,148,FeedbackPeriodStarted,1765546057.1230028,1077.8539893627167,False
1022,2,148,startFixDisplay,1765546057.1231635,1077.8541486263275,False
1023,2,148,startFixPeriod,1765546057.504813,1078.2358016967773,False
1024,2,148,TargetPresentation,1765546058.5109117,1079.241895198822,False
1025,2,148,TargetRemoval,1765546058.6772726,1079.408257484436,True
1026,2,148,TargetReappeared,1765546058.9272652,1079.6582498550415,False
1027,2,148,RightResponse,1765546059.4061813,1080.1371641159058,False
1028,2,149,FeedbackPeriodStarted,1765546059.4266322,1080.1576173305511,False
1029,2,149,startFixDisplay,1765546059.4267716,1080.157755613327,False
1030,2,149,startFixPeriod,1765546059.697533,1080.4285185337067,False
1031,2,149,TargetPresentation,1765546060.6203551,1081.3513391017914,False
1032,2,149,TargetRemoval,1765546060.7797043,1081.5106890201569,True
1033,2,149,TargetReappeared,1765546061.0298076,1081.7607929706573,False
1034,2,149,RightResponse,1765546061.585226,1082.3162100315094,False
1035,2,150,FeedbackPeriodStarted,1765546061.6055095,1082.3364951610565,False
1036,2,150,startFixDisplay,1765546061.605653,1082.3366367816925,False
1037,2,150,startFixPeriod,1765546061.9248884,1082.6558735370636,False
1038,2,150,TargetPresentation,1765546062.4384077,1083.1693930625916,False
1039,2,150,TargetDisplacement,1765546062.6187007,1083.3496856689453,True
1040,2,150,RightResponse,1765546063.6946402,1084.4256250858307,False
1041,2,150,FeedbackPeriodStarted,1765546063.7012827,1084.4322683811188,False
1042,2,151,startFixDisplay,1765546065.7134502,1086.4444358348846,False
1043,2,151,startFixPeriod,1765546066.0120454,1086.7430288791656,False
1044,2,151,TargetPresentation,1765546067.4206266,1088.151610136032,False
1045,2,151,TargetDisplacement,1765546067.5869942,1088.3179767131805,True
1046,2,151,RightResponse,1765546068.9129248,1089.6439094543457,False
1047,2,152,FeedbackPeriodStarted,1765546068.9331958,1089.6641812324524,False
1048,2,152,startFixDisplay,1765546068.933341,1089.6643249988556,False
1049,2,152,startFixPeriod,1765546069.1900895,1089.9210727214813,False
1050,2,152,TargetPresentation,1765546070.1685166,1090.8995022773743,False
1051,2,152,TargetDisplacement,1765546070.327838,1091.0588202476501,True
1052,2,152,LeftResponse,1765546071.230318,1091.9613015651703,False
1053,2,153,FeedbackPeriodStarted,1765546071.2508626,1091.9818482398987,False
1054,2,153,startFixDisplay,1765546071.2510815,1091.9820668697357,False
1055,2,153,startFixPeriod,1765546071.5355072,1092.266492843628,False
1056,2,153,TargetPresentation,1765546073.013472,1093.7444562911987,False
1057,2,153,TargetDisplacement,1765546073.2006614,1093.931646347046,True
1058,2,153,RightResponse,1765546074.366727,1095.0977108478546,False
1059,2,154,FeedbackPeriodStarted,1765546074.3872976,1095.1182823181152,False
1060,2,154,startFixDisplay,1765546074.3874333,1095.118417263031,False
1061,2,154,startFixPeriod,1765546074.9218025,1095.6527881622314,False
1062,2,154,TargetPresentation,1765546075.9002082,1096.6311938762665,False
1063,2,154,TargetDisplacement,1765546076.0734642,1096.804449081421,True
1064,2,154,RightResponse,1765546076.8164513,1097.5474350452423,False
1065,2,155,FeedbackPeriodStarted,1765546076.8366613,1097.5676438808441,False
1066,2,155,startFixDisplay,1765546076.8367248,1097.567706823349,False
1067,2,155,startFixPeriod,1765546077.1214902,1097.852475643158,False
1068,2,155,TargetPresentation,1765546077.7738194,1098.5048050880432,False
1069,2,155,TargetDisplacement,1765546077.933166,1098.6641511917114,True
1070,2,155,RightResponse,1765546078.9536064,1099.6845903396606,False
1071,2,156,FeedbackPeriodStarted,1765546078.973968,1099.7049510478973,False
1072,2,156,startFixDisplay,1765546078.9740314,1099.7050137519836,False
1073,2,156,startFixPeriod,1765546079.4252112,1100.1561963558197,False
1074,2,156,TargetPresentation,1765546080.271808,1101.00279378891,False
1075,2,156,TargetRemoval,1765546080.4590282,1101.1900148391724,True
1076,2,156,TargetReappeared,1765546080.7089627,1101.4399483203888,False
1077,2,156,RightResponse,1765546081.2712567,1102.002239704132,False
1078,2,156,FeedbackPeriodStarted,1765546081.2779849,1102.0089704990387,False
1079,2,157,startFixDisplay,1765546083.2830784,1104.0140612125397,False
1080,2,157,startFixPeriod,1765546083.588683,1104.3196687698364,False
1081,2,157,TargetPresentation,1765546084.261774,1104.9927599430084,False
1082,2,157,TargetDisplacement,1765546084.428121,1105.159106016159,True
1083,2,157,RightResponse,1765546085.150151,1105.8811359405518,False
1084,2,158,FeedbackPeriodStarted,1765546085.1707034,1105.9016888141632,False
1085,2,158,startFixDisplay,1765546085.1709177,1105.9019021987915,False
1086,2,158,startFixPeriod,1765546085.434463,1106.165448665619,False
1087,2,158,TargetPresentation,1765546086.4336958,1107.1646814346313,False
1088,2,158,TargetDisplacement,1765546086.6416805,1107.3726651668549,True
1089,2,158,LeftResponse,1765546088.328203,1109.0591866970062,False
1090,2,159,FeedbackPeriodStarted,1765546088.3486528,1109.0796382427216,False
1091,2,159,startFixDisplay,1765546088.3487911,1109.0797753334045,False
1092,2,159,startFixPeriod,1765546088.5708258,1109.3018112182617,False
1093,2,159,TargetPresentation,1765546089.2925763,1110.0235619544983,False
1094,2,159,TargetRemoval,1765546089.4520862,1110.1830687522888,True
1095,2,159,TargetReappeared,1765546089.7020428,1110.433028936386,False
1096,2,159,RightResponse,1765546090.250289,1110.9812724590302,False
1097,2,160,FeedbackPeriodStarted,1765546090.270625,1111.001608133316,False
1098,2,160,startFixDisplay,1765546090.2706878,1111.001669883728,False
1099,2,160,startFixPeriod,1765546090.5415485,1111.272532939911,False
1100,2,160,TargetPresentation,1765546092.0126913,1112.7436769008636,False
1101,2,160,TargetRemoval,1765546092.158166,1112.8891484737396,True
1102,2,160,TargetReappeared,1765546092.4081202,1113.1391031742096,False
1103,2,160,RightResponse,1765546092.9981709,1113.7291548252106,False
1104,2,161,FeedbackPeriodStarted,1765546093.0184941,1113.7494773864746,False
1105,2,161,startFixDisplay,1765546093.0186143,1113.7495965957642,False
1106,2,161,startFixPeriod,1765546093.3727133,1114.1036989688873,False
1107,2,161,TargetPresentation,1765546094.2331939,1114.96417927742,False
1108,2,161,TargetRemoval,1765546094.4133139,1115.1442985534668,True
1109,2,161,TargetReappeared,1765546094.6633942,1115.3943798542023,False
1110,2,161,RightResponse,1765546095.2192514,1115.950236082077,False
1111,2,162,FeedbackPeriodStarted,1765546095.239188,1115.9701733589172,False
1112,2,162,startFixDisplay,1765546095.2392726,1115.9702548980713,False
1113,2,162,startFixPeriod,1765546095.579397,1116.310382604599,False
1114,2,162,TargetPresentation,1765546096.6479738,1117.3789596557617,False
1115,2,162,TargetDisplacement,1765546096.8490183,1117.5800032615662,True
1116,2,162,RightResponse,1765546097.7583957,1118.489380121231,False
1117,2,162,FeedbackPeriodStarted,1765546097.772125,1118.5031106472015,False
1118,2,163,startFixDisplay,1765546099.7842517,1120.5152373313904,False
1119,2,163,startFixPeriod,1765546100.0549564,1120.785940170288,False
1120,2,163,TargetPresentation,1765546100.9779518,1121.70893740654,False
1121,2,163,TargetDisplacement,1765546101.158095,1121.889077425003,True
1122,2,163,RightResponse,1765546102.525348,1123.256331205368,False
1123,2,164,FeedbackPeriodStarted,1765546102.5459442,1123.2769272327423,False
1124,2,164,startFixDisplay,1765546102.5460114,1123.2769937515259,False
1125,2,164,startFixPeriod,1765546103.1013,1123.8322854042053,False
1126,2,164,TargetPresentation,1765546103.9270742,1124.658058166504,False
1127,2,164,TargetDisplacement,1765546104.079429,1124.810411453247,True
1128,2,164,RightResponse,1765546104.9057329,1125.6367177963257,False
1129,2,165,FeedbackPeriodStarted,1765546104.9260464,1125.6570317745209,False
1130,2,165,startFixDisplay,1765546104.9262116,1125.6571955680847,False
1131,2,165,startFixPeriod,1765546105.245488,1125.97647356987,False
1132,2,165,TargetPresentation,1765546105.9463181,1126.6773011684418,False
1133,2,165,TargetDisplacement,1765546106.1266303,1126.8576154708862,True
1134,2,165,RightResponse,1765546107.0568922,1127.7878749370575,False
1135,2,166,FeedbackPeriodStarted,1765546107.0771592,1127.8081419467926,False
1136,2,166,startFixDisplay,1765546107.0772452,1127.8082275390625,False
1137,2,166,startFixPeriod,1765546107.479839,1128.2108244895935,False
1138,2,166,TargetPresentation,1765546108.430489,1129.1614730358124,False
1139,2,166,TargetRemoval,1765546108.5829594,1129.3139417171478,True
1140,2,166,TargetReappeared,1765546108.8329155,1129.5639009475708,False
1141,2,166,RightResponse,1765546109.450774,1130.1817586421967,False
1142,2,167,FeedbackPeriodStarted,1765546109.4710774,1130.2020602226257,False
1143,2,167,startFixDisplay,1765546109.4711435,1130.202125787735,False
1144,2,167,startFixPeriod,1765546109.7696955,1130.500680923462,False
1145,2,167,TargetPresentation,1765546110.5190692,1131.250052690506,False
1146,2,167,TargetRemoval,1765546110.7618008,1131.4927861690521,True
1147,2,167,TargetReappeared,1765546111.0118132,1131.7427988052368,False
1148,2,167,RightResponse,1765546112.3304496,1133.0614330768585,False
1149,2,168,FeedbackPeriodStarted,1765546112.3507612,1133.0817444324493,False
1150,2,168,startFixDisplay,1765546112.3508244,1133.0818066596985,False
1151,2,168,startFixPeriod,1765546112.7118049,1133.4427888393402,False
1152,2,168,TargetPresentation,1765546113.9331589,1134.6641418933868,False
1153,2,168,TargetRemoval,1765546114.0924575,1134.8234400749207,True
1154,2,168,TargetReappeared,1765546114.3424523,1135.073435306549,False
1155,2,168,LeftResponse,1765546114.9049416,1135.6359252929688,False
1156,2,168,FeedbackPeriodStarted,1765546114.911482,1135.6424651145935,False
1157,2,169,startFixDisplay,1765546116.9237077,1137.6546931266785,False
1158,2,169,startFixPeriod,1765546117.2708442,1138.0018298625946,False
1159,2,169,TargetPresentation,1765546118.0965776,1138.8275611400604,False
1160,2,169,TargetDisplacement,1765546118.276775,1139.007759809494,True
1161,2,169,RightResponse,1765546119.3112712,1140.0422549247742,False
1162,2,170,FeedbackPeriodStarted,1765546119.3316042,1140.0625896453857,False
1163,2,170,startFixDisplay,1765546119.3317468,1140.0627310276031,False
1164,2,170,startFixPeriod,1765546119.7895088,1140.520494222641,False
1165,2,170,TargetPresentation,1765546121.1289606,1141.859946012497,False
1166,2,170,TargetDisplacement,1765546121.3020713,1142.033053636551,True
1167,2,170,RightResponse,1765546122.9682224,1143.6992061138153,False
1168,2,171,FeedbackPeriodStarted,1765546122.9883652,1143.7193479537964,False
1169,2,171,startFixDisplay,1765546122.9884284,1143.719410419464,False
1170,2,171,startFixPeriod,1765546123.2383773,1143.9693620204926,False
1171,2,171,TargetPresentation,1765546124.6400976,1145.371083498001,False
1172,2,171,TargetDisplacement,1765546124.8133175,1145.5443000793457,True
1173,2,171,RightResponse,1765546125.5702157,1146.3011996746063,False
1174,2,172,FeedbackPeriodStarted,1765546125.5904944,1146.3214793205261,False
1175,2,172,startFixDisplay,1765546125.5906317,1146.3216152191162,False
1176,2,172,startFixPeriod,1765546125.889116,1146.620100736618,False
1177,2,172,TargetPresentation,1765546126.9439406,1147.674923658371,False
1178,2,172,TargetRemoval,1765546127.138105,1147.8690900802612,True
1179,2,172,TargetReappeared,1765546127.387981,1148.1189665794373,False
1180,2,172,LeftResponse,1765546128.0267024,1148.7576866149902,False
1181,2,173,FeedbackPeriodStarted,1765546128.0470386,1148.778065443039,False
1182,2,173,startFixDisplay,1765546128.0472124,1148.7781949043274,False
1183,2,173,startFixPeriod,1765546128.588443,1149.3194289207458,False
1184,2,173,TargetPresentation,1765546129.587563,1150.3185460567474,False
1185,2,173,TargetDisplacement,1765546129.7540152,1150.4850001335144,True
1186,2,173,RightResponse,1765546130.7397046,1151.470688343048,False
1187,2,174,FeedbackPeriodStarted,1765546130.76017,1151.4911558628082,False
1188,2,174,startFixDisplay,1765546130.7603154,1151.4912996292114,False
1189,2,174,startFixPeriod,1765546131.0518048,1151.7827906608582,False
1190,2,174,TargetPresentation,1765546132.4603927,1153.1913764476776,False
1191,2,174,TargetRemoval,1765546132.6613839,1153.3923661708832,True
1192,2,174,TargetReappeared,1765546132.9114685,1153.6424541473389,False
1193,2,174,RightResponse,1765546133.550023,1154.2810063362122,False
1194,2,174,FeedbackPeriodStarted,1765546133.556622,1154.2876048088074,False
1195,2,175,startFixDisplay,1765546135.5619845,1156.2929697036743,False
1196,2,175,startFixPeriod,1765546135.8466609,1156.5776464939117,False
1197,2,175,TargetPresentation,1765546136.387944,1157.1189296245575,False
1198,2,175,TargetRemoval,1765546136.6099467,1157.3409321308136,True
1199,2,175,TargetReappeared,1765546136.8597991,1157.5907847881317,False
1200,2,175,RightResponse,1765546137.5192854,1158.2502694129944,False
1201,2,176,FeedbackPeriodStarted,1765546137.539511,1158.270494222641,False
1202,2,176,startFixDisplay,1765546137.5395775,1158.2705595493317,False
1203,2,176,startFixPeriod,1765546137.8104806,1158.5414657592773,False
1204,2,176,TargetPresentation,1765546138.379445,1159.1104304790497,False
1205,2,176,TargetRemoval,1765546138.5944278,1159.3254103660583,True
1206,2,176,TargetReappeared,1765546138.8442643,1159.5752475261688,False
1207,2,176,LeftResponse,1765546139.2818472,1160.012832403183,False
1208,2,177,FeedbackPeriodStarted,1765546139.3021953,1160.0331811904907,False
1209,2,177,startFixDisplay,1765546139.3022904,1160.0332725048065,False
1210,2,177,startFixPeriod,1765546139.621487,1160.3524708747864,False
1211,2,177,TargetPresentation,1765546140.9814818,1161.7124660015106,False
1212,2,177,TargetDisplacement,1765546141.1617355,1161.8927202224731,True
1213,2,177,LeftResponse,1765546142.7581596,1163.4891426563263,False
1214,2,178,FeedbackPeriodStarted,1765546142.7784731,1163.5094561576843,False
1215,2,178,startFixDisplay,1765546142.7785351,1163.5095174312592,False
1216,2,178,startFixPeriod,1765546143.0147138,1163.7456996440887,False
1217,2,178,TargetPresentation,1765546143.6460521,1164.3770499229431,False
1218,2,178,TargetRemoval,1765546143.847313,1164.578295469284,True
1219,2,178,TargetReappeared,1765546144.0972772,1164.8282625675201,False
1220,2,178,LeftResponse,1765546144.888351,1165.6193342208862,False
1221,2,179,FeedbackPeriodStarted,1765546144.9088533,1165.6398386955261,False
1222,2,179,startFixDisplay,1765546144.9089952,1165.6399791240692,False
1223,2,179,startFixPeriod,1765546145.2144833,1165.9454681873322,False
1224,2,179,TargetPresentation,1765546145.7833903,1166.5143733024597,False
1225,2,179,TargetRemoval,1765546145.942801,1166.673785686493,True
1226,2,179,TargetReappeared,1765546146.192836,1166.9238216876984,False
1227,2,179,RightResponse,1765546146.9422662,1167.6732485294342,False
1228,2,180,FeedbackPeriodStarted,1765546146.962883,1167.6938691139221,False
1229,2,180,startFixDisplay,1765546146.9630337,1167.6940178871155,False
1230,2,180,startFixPeriod,1765546147.1989558,1167.9299416542053,False
1231,2,180,TargetPresentation,1765546148.607511,1169.3384947776794,False
1232,2,180,TargetRemoval,1765546148.7879336,1169.5189189910889,True
1233,2,180,TargetReappeared,1765546149.037829,1169.7688145637512,False
1234,2,180,RightResponse,1765546149.6348107,1170.365794658661,False
1235,2,180,FeedbackPeriodStarted,1765546149.6484811,1170.379466533661,False
1236,2,181,startFixDisplay,1765546151.6605954,1172.3915808200836,False
1237,2,181,startFixPeriod,1765546151.959232,1172.6902177333832,False
1238,2,181,TargetPresentation,1765546153.1526692,1173.8836550712585,False
1239,2,181,TargetRemoval,1765546153.3537767,1174.0847618579865,True
1240,2,181,TargetReappeared,1765546153.6036382,1174.3346235752106,False
1241,2,181,LeftResponse,1765546154.096738,1174.8277230262756,False
1242,2,182,FeedbackPeriodStarted,1765546154.116996,1174.8479812145233,False
1243,2,182,startFixDisplay,1765546154.1171584,1174.8481426239014,False
1244,2,182,startFixPeriod,1765546154.491905,1175.2228899002075,False
1245,2,182,TargetPresentation,1765546155.1303086,1175.8612942695618,False
1246,2,182,TargetRemoval,1765546155.3105502,1176.0415351390839,True
1247,2,182,TargetReappeared,1765546155.560463,1176.2914485931396,False
1248,2,182,LeftResponse,1765546156.254635,1176.985619544983,False
1249,2,183,FeedbackPeriodStarted,1765546156.274983,1177.0059659481049,False
1250,2,183,startFixDisplay,1765546156.2750492,1177.006031513214,False
1251,2,183,startFixPeriod,1765546156.5597668,1177.2907524108887,False
1252,2,183,TargetPresentation,1765546157.815735,1178.5467205047607,False
1253,2,183,TargetDisplacement,1765546157.9680748,1178.6990571022034,True
1254,2,183,LeftResponse,1765546159.0094674,1179.740451335907,False
1255,2,184,FeedbackPeriodStarted,1765546159.0299137,1179.760899066925,False
1256,2,184,startFixDisplay,1765546159.030047,1179.7610311508179,False
1257,2,184,startFixPeriod,1765546159.3353002,1180.0662832260132,False
1258,2,184,TargetPresentation,1765546160.1819596,1180.9129447937012,False
1259,2,184,TargetDisplacement,1765546160.3483658,1181.079351425171,True
1260,2,184,RightResponse,1765546161.5284922,1182.2594752311707,False
1261,2,185,FeedbackPeriodStarted,1765546161.5487008,1182.279685974121,False
1262,2,185,startFixDisplay,1765546161.5488462,1182.27983045578,False
1263,2,185,startFixPeriod,1765546161.8334591,1182.5644435882568,False
1264,2,185,TargetPresentation,1765546162.47184,1183.2028255462646,False
1265,2,185,TargetDisplacement,1765546162.6797945,1183.4107794761658,True
1266,2,185,RightResponse,1765546163.6656396,1184.3966238498688,False
1267,2,186,FeedbackPeriodStarted,1765546163.6858442,1184.4168272018433,False
1268,2,186,startFixDisplay,1765546163.685911,1184.4168932437897,False
1269,2,186,startFixPeriod,1765546163.9152546,1184.6462392807007,False
1270,2,186,TargetPresentation,1765546164.7617333,1185.4927189350128,False
1271,2,186,TargetRemoval,1765546164.7686164,1185.4996001720428,True
1272,2,186,TargetReappeared,1765546165.0184395,1185.749423980713,False
1273,2,186,RightResponse,1765546165.6988165,1186.4298012256622,False
1274,2,186,FeedbackPeriodStarted,1765546165.7052104,1186.4361953735352,False
1275,2,187,startFixDisplay,1765546167.7175496,1188.4485342502594,False
1276,2,187,startFixPeriod,1765546167.995331,1188.7263169288635,False
1277,2,187,TargetPresentation,1765546168.5365288,1189.2675123214722,False
1278,2,187,TargetRemoval,1765546168.7375271,1189.4685094356537,True
1279,2,187,TargetReappeared,1765546168.9876385,1189.7186229228973,False
1280,2,187,LeftResponse,1765546169.5984395,1190.3294241428375,False
1281,2,188,FeedbackPeriodStarted,1765546169.6188672,1190.3498532772064,False
1282,2,188,startFixDisplay,1765546169.619001,1190.349984884262,False
1283,2,188,startFixPeriod,1765546169.8272662,1190.558251619339,False
1284,2,188,TargetPresentation,1765546170.9790356,1191.7100193500519,False
1285,2,188,TargetDisplacement,1765546171.124611,1191.8555934429169,True
1286,2,188,LeftResponse,1765546172.2215416,1192.9525244235992,False
1287,2,189,FeedbackPeriodStarted,1765546172.241805,1192.9727902412415,False
1288,2,189,startFixDisplay,1765546172.2419453,1192.972929239273,False
1289,2,189,startFixPeriod,1765546172.8041537,1193.5351390838623,False
1290,2,189,TargetPresentation,1765546173.9005399,1194.6315231323242,False
1291,2,189,TargetDisplacement,1765546174.0806603,1194.8116426467896,True
1292,2,189,RightResponse,1765546174.775025,1195.5060098171234,False
1293,2,190,FeedbackPeriodStarted,1765546174.7953494,1195.5263347625732,False
1294,2,190,startFixDisplay,1765546174.7954903,1195.526474237442,False
1295,2,190,startFixPeriod,1765546175.177275,1195.9082605838776,False
1296,2,190,TargetPresentation,1765546175.8434193,1196.5744051933289,False
1297,2,190,TargetDisplacement,1765546176.0028117,1196.733796596527,True
1298,2,190,RightResponse,1765546177.2593193,1197.9903042316437,False
1299,2,191,FeedbackPeriodStarted,1765546177.2795086,1198.0104913711548,False
1300,2,191,startFixDisplay,1765546177.2796347,1198.0106167793274,False
1301,2,191,startFixPeriod,1765546177.5365381,1198.267523765564,False
1302,2,191,TargetPresentation,1765546178.9242456,1199.655230998993,False
1303,2,191,TargetDisplacement,1765546179.0767992,1199.8077845573425,True
1304,2,191,LeftResponse,1765546180.3541327,1201.085117816925,False
1305,2,192,FeedbackPeriodStarted,1765546180.3745215,1201.1055073738098,False
1306,2,192,startFixDisplay,1765546180.3746705,1201.1056547164917,False
1307,2,192,startFixPeriod,1765546180.8325272,1201.563511133194,False
1308,2,192,TargetPresentation,1765546182.1302178,1202.8612034320831,False
1309,2,192,TargetDisplacement,1765546182.1439135,1202.8748986721039,True
1310,2,192,LeftResponse,1765546182.9562852,1203.687268257141,False
1311,2,192,FeedbackPeriodStarted,1765546182.9628882,1203.6938738822937,False
1312,2,193,startFixDisplay,1765546184.975011,1205.7059962749481,False
1313,2,193,startFixPeriod,1765546185.0931778,1205.8241634368896,False
1314,2,193,TargetPresentation,1765546186.0299451,1206.760930776596,False
1315,2,193,TargetDisplacement,1765546186.1962874,1206.9272723197937,True
1316,2,193,RightResponse,1765546187.0569134,1207.7878971099854,False
1317,2,194,FeedbackPeriodStarted,1765546187.0775094,1207.8084948062897,False
1318,2,194,startFixDisplay,1765546187.07763,1207.8086123466492,False
1319,2,194,startFixPeriod,1765546187.3830497,1208.1140596866608,False
1320,2,194,TargetPresentation,1765546188.0561447,1208.787128686905,False
1321,2,194,TargetDisplacement,1765546188.2155325,1208.946515083313,True
1322,2,194,RightResponse,1765546189.041779,1209.7727627754211,False
1323,2,195,FeedbackPeriodStarted,1765546189.0619566,1209.792939901352,False
1324,2,195,startFixDisplay,1765546189.062014,1209.7929964065552,False
1325,2,195,startFixPeriod,1765546189.6243253,1210.3553109169006,False
1326,2,195,TargetPresentation,1765546190.6791306,1211.4101161956787,False
1327,2,195,TargetDisplacement,1765546190.8801618,1211.6111466884613,True
1328,2,195,RightResponse,1765546191.7062037,1212.4371886253357,False
1329,2,196,FeedbackPeriodStarted,1765546191.7265801,1212.4575636386871,False
1330,2,196,startFixDisplay,1765546191.7266629,1212.4576451778412,False
1331,2,196,startFixPeriod,1765546192.1224794,1212.8534631729126,False
1332,2,196,TargetPresentation,1765546192.809391,1213.5403769016266,False
1333,2,196,TargetDisplacement,1765546193.0798943,1213.8108794689178,True
1334,2,196,RightResponse,1765546193.899132,1214.6301169395447,False
1335,2,197,FeedbackPeriodStarted,1765546193.9194303,1214.6504154205322,False
1336,2,197,startFixDisplay,1765546193.919568,1214.6505522727966,False
1337,2,197,startFixPeriod,1765546194.2319028,1214.9628887176514,False
1338,2,197,TargetPresentation,1765546195.6474757,1216.3784608840942,False
1339,2,197,TargetDisplacement,1765546195.6544042,1216.38538980484,True
1340,2,197,LeftResponse,1765546196.7095048,1217.4404873847961,False
1341,2,197,FeedbackPeriodStarted,1765546196.7437341,1217.4747195243835,False
1342,3,198,startFixDisplay,1765546208.0195532,1228.7505385875702,False
1343,3,198,startFixPeriod,1765546208.2833586,1229.0143439769745,False
1344,3,198,TargetPresentation,1765546209.5116036,1230.2425894737244,False
1345,3,198,TargetDisplacement,1765546209.518487,1230.2494702339172,True
1346,3,198,RightResponse,1765546210.2892344,1231.0202193260193,False
1347,3,199,FeedbackPeriodStarted,1765546210.309339,1231.0403218269348,False
1348,3,199,startFixDisplay,1765546210.3094053,1231.0403876304626,False
1349,3,199,startFixPeriod,1765546210.6287365,1231.3597207069397,False
1350,3,199,TargetPresentation,1765546212.0582175,1232.7892005443573,False
1351,3,199,TargetRemoval,1765546212.2178264,1232.9488117694855,True
1352,3,199,TargetReappeared,1765546212.4676137,1233.1985971927643,False
1353,3,199,LeftResponse,1765546213.0644677,1233.7954502105713,False
1354,3,200,FeedbackPeriodStarted,1765546213.0851955,1233.816187620163,False
1355,3,200,startFixDisplay,1765546213.0853906,1233.8163752555847,False
1356,3,200,startFixPeriod,1765546213.3350239,1234.06600689888,False
1357,3,200,TargetPresentation,1765546214.8200502,1235.5510623455048,False
1358,3,200,TargetDisplacement,1765546215.111371,1235.8423562049866,True
1359,3,200,RightResponse,1765546215.8748,1236.6057827472687,False
1360,3,201,FeedbackPeriodStarted,1765546215.8954382,1236.6264235973358,False
1361,3,201,startFixDisplay,1765546215.8956509,1236.626635313034,False
1362,3,201,startFixPeriod,1765546216.1870873,1236.9180731773376,False
1363,3,201,TargetPresentation,1765546217.6094892,1238.3404729366302,False
1364,3,201,TargetDisplacement,1765546217.824438,1238.5554206371307,True
1365,3,201,LeftResponse,1765546218.5743053,1239.305290222168,False
1366,3,202,FeedbackPeriodStarted,1765546218.5946753,1239.325658082962,False
1367,3,202,startFixDisplay,1765546218.594739,1239.3257212638855,False
1368,3,202,startFixPeriod,1765546219.0597217,1239.7907056808472,False
1369,3,202,TargetPresentation,1765546219.7814703,1240.512454032898,False
1370,3,202,TargetDisplacement,1765546219.9409068,1240.6718919277191,True
1371,3,202,RightResponse,1765546220.614375,1241.3453600406647,False
1372,3,203,FeedbackPeriodStarted,1765546220.6348364,1241.3658220767975,False
1373,3,203,startFixDisplay,1765546220.6349845,1241.365968465805,False
1374,3,203,startFixPeriod,1765546220.8778403,1241.608824968338,False
1375,3,203,TargetPresentation,1765546222.2586522,1242.9896495342255,False
1376,3,203,TargetDisplacement,1765546222.3001456,1243.0311307907104,True
1377,3,203,RightResponse,1765546223.271876,1244.0028595924377,False
1378,3,204,FeedbackPeriodStarted,1765546223.2923331,1244.0233159065247,False
1379,3,204,startFixDisplay,1765546223.2924004,1244.0233826637268,False
1380,3,204,startFixPeriod,1765546223.5353982,1244.2663831710815,False
1381,3,204,TargetPresentation,1765546224.173918,1244.9049031734467,False
1382,3,204,TargetRemoval,1765546224.8885937,1245.619576215744,True
1383,3,204,TargetReappeared,1765546225.1384025,1245.869388103485,False
1384,3,204,LeftResponse,1765546225.4577816,1246.188764333725,False
1385,3,204,FeedbackPeriodStarted,1765546225.4644916,1246.1954746246338,False
1386,3,205,startFixDisplay,1765546227.4836082,1248.2145910263062,False
1387,3,205,startFixPeriod,1765546227.4906893,1248.2216742038727,False
1388,3,205,TargetPresentation,1765546228.8507292,1249.581713438034,False
1389,3,205,TargetDisplacement,1765546229.0655565,1249.7965388298035,True
1390,3,205,RightResponse,1765546229.8364186,1250.5674035549164,False
1391,3,206,FeedbackPeriodStarted,1765546229.8568497,1250.5878353118896,False
1392,3,206,startFixDisplay,1765546229.8570328,1250.5880179405212,False
1393,3,206,startFixPeriod,1765546230.0928557,1250.8238415718079,False
1394,3,206,TargetPresentation,1765546230.7452376,1251.476223230362,False
1395,3,206,TargetDisplacement,1765546230.9253683,1251.6563506126404,True
1396,3,206,RightResponse,1765546231.744659,1252.4756441116333,False
1397,3,207,FeedbackPeriodStarted,1765546231.765044,1252.4960293769836,False
1398,3,207,startFixDisplay,1765546231.7652059,1252.496190071106,False
1399,3,207,startFixPeriod,1765546232.021981,1252.7529668807983,False
1400,3,207,TargetPresentation,1765546233.4097164,1254.1407005786896,False
1401,3,207,TargetDisplacement,1765546233.4374015,1254.1683866977692,True
1402,3,207,LeftResponse,1765546234.201274,1254.93225979805,False
1403,3,208,FeedbackPeriodStarted,1765546234.221472,1254.9524574279785,False
1404,3,208,startFixDisplay,1765546234.2216225,1254.9526064395905,False
1405,3,208,startFixPeriod,1765546234.568619,1255.2996048927307,False
1406,3,208,TargetPresentation,1765546236.0604672,1256.7914509773254,False
1407,3,208,TargetDisplacement,1765546236.2754574,1257.00643992424,True
1408,3,208,RightResponse,1765546236.893637,1257.6246221065521,False
1409,3,209,FeedbackPeriodStarted,1765546236.9137955,1257.644781112671,False
1410,3,209,startFixDisplay,1765546236.9139383,1257.6449224948883,False
1411,3,209,startFixPeriod,1765546237.2123759,1257.943360567093,False
1412,3,209,TargetPresentation,1765546238.3017657,1259.0327489376068,False
1413,3,209,TargetDisplacement,1765546238.9331577,1259.6641433238983,True
1414,3,209,LeftResponse,1765546239.0788774,1259.8098599910736,False
1415,3,210,FeedbackPeriodStarted,1765546239.0995708,1259.8305559158325,False
1416,3,210,startFixDisplay,1765546239.0997036,1259.8306879997253,False
1417,3,210,startFixPeriod,1765546239.3565655,1260.087551355362,False
1418,3,210,TargetPresentation,1765546240.0574317,1260.7884175777435,False
1419,3,210,TargetRemoval,1765546240.2654865,1260.996472120285,True
1420,3,210,TargetReappeared,1765546240.5154097,1261.2463953495026,False
1421,3,210,RightResponse,1765546241.1678905,1261.898874759674,False
1422,3,210,FeedbackPeriodStarted,1765546241.1815352,1261.9125208854675,False
1423,3,211,startFixDisplay,1765546243.1937904,1263.9247734546661,False
1424,3,211,startFixPeriod,1765546243.526933,1264.257917881012,False
1425,3,211,TargetPresentation,1765546244.408224,1265.1392095088959,False
1426,3,211,TargetRemoval,1765546244.5953548,1265.3263399600983,True
1427,3,211,TargetReappeared,1765546244.845374,1265.5763595104218,False
1428,3,211,LeftResponse,1765546245.4699402,1266.2009239196777,False
1429,3,212,FeedbackPeriodStarted,1765546245.4905932,1266.2215785980225,False
1430,3,212,startFixDisplay,1765546245.490733,1266.2217168807983,False
1431,3,212,startFixPeriod,1765546245.8097517,1266.5407361984253,False
1432,3,212,TargetPresentation,1765546246.6563895,1267.3873744010925,False
1433,3,212,TargetRemoval,1765546247.8359554,1268.5669405460358,True
1434,3,212,TargetReappeared,1765546248.085822,1268.8168063163757,False
1435,3,212,LeftResponse,1765546248.8839517,1269.614934682846,False
1436,3,213,FeedbackPeriodStarted,1765546248.904421,1269.6354041099548,False
1437,3,213,startFixDisplay,1765546248.9044855,1269.6354677677155,False
1438,3,213,startFixPeriod,1765546249.1266649,1269.8576481342316,False
1439,3,213,TargetPresentation,1765546250.5006297,1271.2316131591797,False
1440,3,213,TargetDisplacement,1765546250.694797,1271.4257822036743,True
1441,3,213,RightResponse,1765546251.7084367,1272.4394216537476,False
1442,3,214,FeedbackPeriodStarted,1765546251.7286963,1272.4596791267395,False
1443,3,214,startFixDisplay,1765546251.7287798,1272.459762096405,False
1444,3,214,startFixPeriod,1765546251.9994936,1272.7304782867432,False
1445,3,214,TargetPresentation,1765546253.227691,1273.9586765766144,False
1446,3,214,TargetRemoval,1765546253.4149938,1274.1459789276123,True
1447,3,214,TargetReappeared,1765546253.6648965,1274.3958821296692,False
1448,3,214,RightResponse,1765546254.296445,1275.0274276733398,False
1449,3,215,FeedbackPeriodStarted,1765546254.316871,1275.0478537082672,False
1450,3,215,startFixDisplay,1765546254.31693,1275.0479123592377,False
1451,3,215,startFixPeriod,1765546254.6433198,1275.374305486679,False
1452,3,215,TargetPresentation,1765546255.5661821,1276.2971677780151,False
1453,3,215,TargetRemoval,1765546256.3916807,1277.122665643692,True
1454,3,215,TargetReappeared,1765546256.6417828,1277.3727684020996,False
1455,3,215,LeftResponse,1765546256.6836488,1277.4146313667297,False
1456,3,216,FeedbackPeriodStarted,1765546256.7039523,1277.4349377155304,False
1457,3,216,startFixDisplay,1765546256.7041101,1277.4350941181183,False
1458,3,216,startFixPeriod,1765546257.0996966,1277.8306822776794,False
1459,3,216,TargetPresentation,1765546258.0294678,1278.7604508399963,False
1460,3,216,TargetDisplacement,1765546258.0364726,1278.7674579620361,True
1461,3,216,LeftResponse,1765546259.3897803,1280.120765209198,False
1462,3,216,FeedbackPeriodStarted,1765546259.3963225,1280.1273078918457,False
1463,3,217,startFixDisplay,1765546261.4086676,1282.1396527290344,False
1464,3,217,startFixPeriod,1765546261.7281685,1282.4591553211212,False
1465,3,217,TargetPresentation,1765546263.0811646,1283.8121490478516,False
1466,3,217,TargetRemoval,1765546263.2753778,1284.0063602924347,True
1467,3,217,TargetReappeared,1765546263.5252786,1284.2562637329102,False
1468,3,217,LeftResponse,1765546264.087557,1284.818541765213,False
1469,3,218,FeedbackPeriodStarted,1765546264.108079,1284.8390655517578,False
1470,3,218,startFixDisplay,1765546264.1082356,1284.8392198085785,False
1471,3,218,startFixPeriod,1765546264.4203985,1285.1513841152191,False
1472,3,218,TargetPresentation,1765546264.9616024,1285.6925854682922,False
1473,3,218,TargetDisplacement,1765546265.169611,1285.9005932807922,True
1474,3,218,RightResponse,1765546266.0097196,1286.7407040596008,False
1475,3,219,FeedbackPeriodStarted,1765546266.0300498,1286.7610573768616,False
1476,3,219,startFixDisplay,1765546266.0302298,1286.7612142562866,False
1477,3,219,startFixPeriod,1765546266.3078072,1287.0387909412384,False
1478,3,219,TargetPresentation,1765546267.362591,1288.0935764312744,False
1479,3,219,TargetDisplacement,1765546267.521946,1288.2529306411743,True
1480,3,219,RightResponse,1765546268.8617635,1289.592747926712,False
1481,3,220,FeedbackPeriodStarted,1765546268.8890338,1289.620019197464,False
1482,3,220,startFixDisplay,1765546268.8892105,1289.6201946735382,False
1483,3,220,startFixPeriod,1765546269.1528761,1289.883861541748,False
1484,3,220,TargetPresentation,1765546270.013323,1290.7443108558655,False
1485,3,220,TargetDisplacement,1765546270.172632,1290.9036145210266,True
1486,3,220,RightResponse,1765546271.1930773,1291.9240617752075,False
1487,3,221,FeedbackPeriodStarted,1765546271.2135706,1291.9445559978485,False
1488,3,221,startFixDisplay,1765546271.2137132,1291.944697380066,False
1489,3,221,startFixPeriod,1765546271.4705105,1292.2014961242676,False
1490,3,221,TargetPresentation,1765546272.9068973,1293.6378810405731,False
1491,3,221,TargetDisplacement,1765546274.044636,1294.775618314743,True
1492,3,221,RightResponse,1765546274.94021,1295.671193599701,False
1493,3,222,FeedbackPeriodStarted,1765546274.9675436,1295.698528766632,False
1494,3,222,startFixDisplay,1765546274.9676917,1295.6986758708954,False
1495,3,222,startFixPeriod,1765546275.3494215,1296.080407857895,False
1496,3,222,TargetPresentation,1765546276.4943879,1297.2253708839417,False
1497,3,222,TargetRemoval,1765546276.7926126,1297.5235977172852,True
1498,3,222,TargetReappeared,1765546277.0424702,1297.7734541893005,False
1499,3,222,LeftResponse,1765546277.7229323,1298.4539160728455,False
1500,3,222,FeedbackPeriodStarted,1765546277.7293084,1298.4602935314178,False
1501,3,223,startFixDisplay,1765546279.7416213,1300.4726066589355,False
1502,3,223,startFixPeriod,1765546280.0679638,1300.7989490032196,False
1503,3,223,TargetPresentation,1765546280.6716688,1301.4026527404785,False
1504,3,223,TargetRemoval,1765546280.8726628,1301.603645324707,True
1505,3,223,TargetReappeared,1765546281.122793,1301.8537788391113,False
1506,3,223,RightResponse,1765546281.747603,1302.4785883426666,False
1507,3,224,FeedbackPeriodStarted,1765546281.7678337,1302.4988188743591,False
1508,3,224,startFixDisplay,1765546281.7679422,1302.498924255371,False
1509,3,224,startFixPeriod,1765546282.0248065,1302.7557921409607,False
1510,3,224,TargetPresentation,1765546283.426456,1304.1574416160583,False
1511,3,224,TargetDisplacement,1765546283.4334376,1304.1644232273102,True
1512,3,224,LeftResponse,1765546284.7242138,1305.455197095871,False
1513,3,225,FeedbackPeriodStarted,1765546284.7446814,1305.475666999817,False
1514,3,225,startFixDisplay,1765546284.744822,1305.4758059978485,False
1515,3,225,startFixPeriod,1765546285.0919535,1305.8229389190674,False
1516,3,225,TargetPresentation,1765546285.9731426,1306.7041280269623,False
1517,3,225,TargetDisplacement,1765546286.1255584,1306.8565409183502,True
1518,3,225,RightResponse,1765546286.9934762,1307.7244610786438,False
1519,3,226,FeedbackPeriodStarted,1765546287.0206828,1307.751668214798,False
1520,3,226,startFixDisplay,1765546287.020821,1307.7518050670624,False
1521,3,226,startFixPeriod,1765546287.3401306,1308.0711166858673,False
1522,3,226,TargetPresentation,1765546288.2282445,1308.959229707718,False
1523,3,226,TargetDisplacement,1765546288.4499815,1309.180964231491,True
1524,3,226,RightResponse,1765546289.2417297,1309.9727146625519,False
1525,3,227,FeedbackPeriodStarted,1765546289.2620697,1309.9930531978607,False
1526,3,227,startFixDisplay,1765546289.2621408,1309.9931230545044,False
1527,3,227,startFixPeriod,1765546289.581439,1310.3124248981476,False
1528,3,227,TargetPresentation,1765546290.7956936,1311.5266768932343,False
1529,3,227,TargetDisplacement,1765546290.8025334,1311.533516407013,True
1530,3,227,RightResponse,1765546291.7952352,1312.526219367981,False
1531,3,228,FeedbackPeriodStarted,1765546291.815576,1312.5465590953827,False
1532,3,228,startFixDisplay,1765546291.8156407,1312.5466227531433,False
1533,3,228,startFixPeriod,1765546292.0794804,1312.8104660511017,False
1534,3,228,TargetPresentation,1765546292.7178016,1313.4487850666046,False
1535,3,228,TargetDisplacement,1765546292.9120743,1313.6430599689484,True
1536,3,228,RightResponse,1765546293.6757197,1314.406703710556,False
1537,3,228,FeedbackPeriodStarted,1765546293.6893017,1314.4202873706818,False
1538,3,229,startFixDisplay,1765546295.701421,1316.4324061870575,False
1539,3,229,startFixPeriod,1765546295.993043,1316.7240273952484,False
1540,3,229,TargetPresentation,1765546296.784038,1317.5150210857391,False
1541,3,229,TargetDisplacement,1765546296.9712348,1317.7022199630737,True
1542,3,229,RightResponse,1765546297.6588216,1318.3898050785065,False
1543,3,230,FeedbackPeriodStarted,1765546297.6791239,1318.410109758377,False
1544,3,230,startFixDisplay,1765546297.6792583,1318.410242319107,False
1545,3,230,startFixPeriod,1765546297.936094,1318.667079925537,False
1546,3,230,TargetPresentation,1765546299.080985,1319.81196808815,False
1547,3,230,TargetRemoval,1765546299.2890787,1320.0200643539429,True
1548,3,230,TargetReappeared,1765546299.5389047,1320.269888162613,False
1549,3,230,RightResponse,1765546299.9694865,1320.7004714012146,False
1550,3,231,FeedbackPeriodStarted,1765546299.9897687,1320.7207539081573,False
1551,3,231,startFixDisplay,1765546299.989909,1320.7208931446075,False
1552,3,231,startFixPeriod,1765546300.406264,1321.137249469757,False
1553,3,231,TargetPresentation,1765546301.7178473,1322.448832988739,False
1554,3,231,TargetRemoval,1765546301.8911395,1322.6221241950989,True
1555,3,231,TargetReappeared,1765546302.1411278,1322.8721129894257,False
1556,3,231,RightResponse,1765546302.5714881,1323.3024713993073,False
1557,3,232,FeedbackPeriodStarted,1765546302.591909,1323.3228919506073,False
1558,3,232,startFixDisplay,1765546302.5919762,1323.3229584693909,False
1559,3,232,startFixPeriod,1765546302.8696449,1323.6006298065186,False
1560,3,232,TargetPresentation,1765546304.243675,1324.9746606349945,False
1561,3,232,TargetDisplacement,1765546304.444709,1325.1756937503815,True
1562,3,232,RightResponse,1765546305.1528413,1325.8838260173798,False
1563,3,233,FeedbackPeriodStarted,1765546305.18729,1325.9182758331299,False
1564,3,233,startFixDisplay,1765546305.1874347,1325.9184186458588,False
1565,3,233,startFixPeriod,1765546305.5481286,1326.2791123390198,False
1566,3,233,TargetPresentation,1765546306.3946607,1327.1256437301636,False
1567,3,233,TargetDisplacement,1765546308.115429,1328.8464138507843,True
1568,3,233,RightResponse,1765546308.8999116,1329.6308946609497,False
1569,3,234,FeedbackPeriodStarted,1765546308.9202964,1329.651279449463,False
1570,3,234,startFixDisplay,1765546308.9203637,1329.6513459682465,False
1571,3,234,startFixPeriod,1765546309.156385,1329.887370109558,False
1572,3,234,TargetPresentation,1765546310.266625,1330.9976081848145,False
1573,3,234,TargetDisplacement,1765546310.4260917,1331.157074213028,True
1574,3,234,RightResponse,1765546311.5437248,1332.2747082710266,False
1575,3,234,FeedbackPeriodStarted,1765546311.5573123,1332.288295507431,False
1576,3,235,startFixDisplay,1765546313.5695283,1334.3005142211914,False
1577,3,235,startFixPeriod,1765546313.7570927,1334.4880769252777,False
1578,3,235,TargetPresentation,1765546314.5065262,1335.2375121116638,False
1579,3,235,TargetDisplacement,1765546314.7006352,1335.4316201210022,True
1580,3,235,RightResponse,1765546315.4366536,1336.1676371097565,False
1581,3,236,FeedbackPeriodStarted,1765546315.4568236,1336.1878063678741,False
1582,3,236,startFixDisplay,1765546315.456897,1336.1878798007965,False
1583,3,236,startFixPeriod,1765546315.769438,1336.500423669815,False
1584,3,236,TargetPresentation,1765546317.2335536,1337.9645392894745,False
1585,3,236,TargetDisplacement,1765546317.5524888,1338.2834737300873,True
1586,3,236,RightResponse,1765546318.4412613,1339.172245979309,False
1587,3,237,FeedbackPeriodStarted,1765546318.461595,1339.1925809383392,False
1588,3,237,startFixDisplay,1765546318.461734,1339.1927182674408,False
1589,3,237,startFixPeriod,1765546318.9266558,1339.6576416492462,False
1590,3,237,TargetPresentation,1765546319.787123,1340.5181059837341,False
1591,3,237,TargetDisplacement,1765546319.7940388,1340.5250225067139,True
1592,3,237,RightResponse,1765546320.6545193,1341.3855030536652,False
1593,3,238,FeedbackPeriodStarted,1765546320.6751122,1341.4060974121094,False
1594,3,238,startFixDisplay,1765546320.6752558,1341.4062399864197,False
1595,3,238,startFixPeriod,1765546320.9806385,1341.7116241455078,False
1596,3,238,TargetPresentation,1765546321.6259022,1342.3568856716156,False
1597,3,238,TargetDisplacement,1765546322.2156782,1342.9466633796692,True
1598,3,238,RightResponse,1765546323.2429948,1343.9739787578583,False
1599,3,239,FeedbackPeriodStarted,1765546323.2703085,1344.0012938976288,False
1600,3,239,startFixDisplay,1765546323.2704468,1344.0014309883118,False
1601,3,239,startFixPeriod,1765546323.520372,1344.251357793808,False
1602,3,239,TargetPresentation,1765546324.6306071,1345.3615927696228,False
1603,3,239,TargetDisplacement,1765546324.790016,1345.5209984779358,True
1604,3,239,RightResponse,1765546325.5121207,1346.2431049346924,False
1605,3,240,FeedbackPeriodStarted,1765546325.5323334,1346.26331615448,False
1606,3,240,startFixDisplay,1765546325.5323966,1346.2633786201477,False
1607,3,240,startFixPeriod,1765546325.8450096,1346.5759949684143,False
1608,3,240,TargetPresentation,1765546326.4555802,1347.186565876007,False
1609,3,240,TargetDisplacement,1765546326.7190876,1347.450073003769,True
1610,3,240,LeftResponse,1765546327.510475,1348.2414600849152,False
1611,3,240,FeedbackPeriodStarted,1765546327.5170107,1348.2479944229126,False
1612,3,241,startFixDisplay,1765546329.5293095,1350.2602951526642,False
1613,3,241,startFixPeriod,1765546329.7862253,1350.5172107219696,False
1614,3,241,TargetPresentation,1765546330.8339999,1351.5649852752686,False
1615,3,241,TargetRemoval,1765546331.1463068,1351.877291917801,True
1616,3,241,TargetReappeared,1765546331.3962195,1352.127204656601,False
1617,3,241,RightResponse,1765546332.2569425,1352.9879281520844,False
1618,3,242,FeedbackPeriodStarted,1765546332.27728,1353.0082657337189,False
1619,3,242,startFixDisplay,1765546332.2774234,1353.0084073543549,False
1620,3,242,startFixPeriod,1765546332.6174545,1353.3484406471252,False
1621,3,242,TargetPresentation,1765546333.8942268,1354.625212430954,False
1622,3,242,TargetRemoval,1765546334.053703,1354.7846856117249,True
1623,3,242,TargetReappeared,1765546334.3036451,1355.0346310138702,False
1624,3,242,LeftResponse,1765546334.928268,1355.6592507362366,False
1625,3,243,FeedbackPeriodStarted,1765546334.9487402,1355.6797256469727,False
1626,3,243,startFixDisplay,1765546334.9488823,1355.679866552353,False
1627,3,243,startFixPeriod,1765546335.3722258,1356.1032092571259,False
1628,3,243,TargetPresentation,1765546335.948264,1356.6792488098145,False
1629,3,243,TargetDisplacement,1765546336.1492221,1356.8802073001862,True
1630,3,243,FeedbackPeriodStarted,1765546338.1548195,1358.8858053684235,False
1631,3,244,startFixDisplay,1765546338.6681147,1359.3991010189056,False
1632,3,244,startFixPeriod,1765546338.883281,1359.6142642498016,False
1633,3,244,TargetPresentation,1765546339.7577488,1360.4887342453003,False
1634,3,244,TargetDisplacement,1765546339.9101534,1360.6411361694336,True
1635,3,244,LeftResponse,1765546340.5348687,1361.2658517360687,False
1636,3,245,FeedbackPeriodStarted,1765546340.5555346,1361.2865200042725,False
1637,3,245,startFixDisplay,1765546340.5556383,1361.2866203784943,False
1638,3,245,startFixPeriod,1765546340.8541694,1361.585155248642,False
1639,3,245,TargetPresentation,1765546341.9296672,1362.6606531143188,False
1640,3,245,TargetDisplacement,1765546342.1168783,1362.8478608131409,True
1641,3,245,RightResponse,1765546342.8875155,1363.6185002326965,False
1642,3,246,FeedbackPeriodStarted,1765546342.907883,1363.6388657093048,False
1643,3,246,startFixDisplay,1765546342.9079459,1363.638928413391,False
1644,3,246,startFixPeriod,1765546343.1578746,1363.888860464096,False
1645,3,246,TargetPresentation,1765546344.3374925,1365.0684778690338,False
1646,3,246,TargetDisplacement,1765546344.4969366,1365.227919101715,True
1647,3,246,LeftResponse,1765546345.1842456,1365.9152286052704,False
1648,3,246,FeedbackPeriodStarted,1765546345.1910098,1365.921995639801,False
1649,3,247,startFixDisplay,1765546347.2031634,1367.9341487884521,False
1650,3,247,startFixPeriod,1765546347.3144104,1368.0453958511353,False
1651,3,247,TargetPresentation,1765546348.1469824,1368.877965927124,False
1652,3,247,TargetDisplacement,1765546348.3342395,1369.0652244091034,True
1653,3,247,RightResponse,1765546348.9450784,1369.6760611534119,False
1654,3,248,FeedbackPeriodStarted,1765546348.9657292,1369.6967148780823,False
1655,3,248,startFixDisplay,1765546348.9658768,1369.6968607902527,False
1656,3,248,startFixPeriod,1765546349.2573211,1369.9883069992065,False
1657,3,248,TargetPresentation,1765546350.1246943,1370.855679988861,False
1658,3,248,TargetDisplacement,1765546350.33976,1371.0707459449768,True
1659,3,248,LeftResponse,1765546351.1101532,1371.8411362171173,False
1660,3,249,FeedbackPeriodStarted,1765546351.1307125,1371.8616981506348,False
1661,3,249,startFixDisplay,1765546351.1308596,1371.8618438243866,False
1662,3,249,startFixPeriod,1765546351.4361749,1372.167159795761,False
1663,3,249,TargetPresentation,1765546352.2757921,1373.0067777633667,False
1664,3,249,TargetDisplacement,1765546352.282733,1373.01371884346,True
1665,3,249,RightResponse,1765546353.2820086,1374.0129911899567,False
1666,3,250,FeedbackPeriodStarted,1765546353.3024764,1374.033459186554,False
1667,3,250,startFixDisplay,1765546353.30254,1374.0335221290588,False
1668,3,250,startFixPeriod,1765546353.7121649,1374.4431488513947,False
1669,3,250,TargetPresentation,1765546355.127808,1375.8587942123413,False
1670,3,250,TargetDisplacement,1765546355.4051368,1376.136122226715,True
1671,3,250,RightResponse,1765546356.6406953,1377.3716788291931,False
1672,3,251,FeedbackPeriodStarted,1765546356.6609485,1377.391931772232,False
1673,3,251,startFixDisplay,1765546356.6610126,1377.3919949531555,False
1674,3,251,startFixPeriod,1765546356.8902884,1377.6212737560272,False
1675,3,251,TargetPresentation,1765546357.5078382,1378.238823890686,False
1676,3,251,TargetDisplacement,1765546357.7851677,1378.516152381897,True
1677,3,251,RightResponse,1765546358.4588103,1379.1897950172424,False
1678,3,252,FeedbackPeriodStarted,1765546358.4859977,1379.2169828414917,False
1679,3,252,startFixDisplay,1765546358.486121,1379.2171032428741,False
1680,3,252,startFixPeriod,1765546358.7568843,1379.4878697395325,False
1681,3,252,TargetPresentation,1765546359.3814137,1380.1123995780945,False
1682,3,252,TargetRemoval,1765546359.5546694,1380.2856540679932,True
1683,3,252,TargetReappeared,1765546359.8046045,1380.5355880260468,False
1684,3,252,RightResponse,1765546360.5127046,1381.2436892986298,False
1685,3,252,FeedbackPeriodStarted,1765546360.5192358,1381.250218629837,False
1686,3,253,startFixDisplay,1765546362.531468,1383.2624549865723,False
1687,3,253,startFixPeriod,1765546362.538486,1383.269471168518,False
1688,3,253,TargetPresentation,1765546363.7113874,1384.4423732757568,False
1689,3,253,TargetRemoval,1765546363.7182226,1384.4492056369781,True
1690,3,253,TargetReappeared,1765546363.968103,1384.6990878582,False
1691,3,253,RightResponse,1765546364.6762316,1385.4072144031525,False
1692,3,254,FeedbackPeriodStarted,1765546364.6964865,1385.4274716377258,False
1693,3,254,startFixDisplay,1765546364.6966321,1385.4276161193848,False
1694,3,254,startFixPeriod,1765546365.0436273,1385.774612903595,False
1695,3,254,TargetPresentation,1765546366.098417,1386.8294026851654,False
1696,3,254,TargetDisplacement,1765546366.2507923,1386.9817745685577,True
1697,3,254,LeftResponse,1765546367.4031742,1388.1341571807861,False
1698,3,255,FeedbackPeriodStarted,1765546367.4235349,1388.1545202732086,False
1699,3,255,startFixDisplay,1765546367.4237354,1388.1547198295593,False
1700,3,255,startFixPeriod,1765546367.7220194,1388.4530048370361,False
1701,3,255,TargetPresentation,1765546368.8670423,1389.5980262756348,False
1702,3,255,TargetDisplacement,1765546369.0335228,1389.7645082473755,True
1703,3,255,RightResponse,1765546369.6443968,1390.375380039215,False
1704,3,256,FeedbackPeriodStarted,1765546369.664819,1390.3958041667938,False
1705,3,256,startFixDisplay,1765546369.6649575,1390.3959414958954,False
1706,3,256,startFixPeriod,1765546369.9287324,1390.6597163677216,False
1707,3,256,TargetPresentation,1765546371.3096192,1392.0406048297882,False
1708,3,256,TargetDisplacement,1765546371.5731514,1392.3041362762451,True
1709,3,256,RightResponse,1765546372.5381756,1393.2691595554352,False
1710,3,257,FeedbackPeriodStarted,1765546372.565475,1393.2964611053467,False
1711,3,257,startFixDisplay,1765546372.56562,1393.2966039180756,False
1712,3,257,startFixPeriod,1765546372.8709192,1393.6019039154053,False
1713,3,257,TargetPresentation,1765546373.6480005,1394.378983259201,False
1714,3,257,TargetDisplacement,1765546373.8559911,1394.5869760513306,True
1715,3,257,RightResponse,1765546374.5781898,1395.3091735839844,False
1716,3,258,FeedbackPeriodStarted,1765546374.5984898,1395.3294751644135,False
1717,3,258,startFixDisplay,1765546374.5986385,1395.329622745514,False
1718,3,258,startFixPeriod,1765546374.9665017,1395.6974873542786,False
1719,3,258,TargetPresentation,1765546376.0281436,1396.7591276168823,False
1720,3,258,TargetRemoval,1765546376.035175,1396.7661600112915,True
1721,3,258,TargetReappeared,1765546376.2848628,1397.0158469676971,False
1722,3,258,RightResponse,1765546376.7847764,1397.5157611370087,False
1723,3,258,FeedbackPeriodStarted,1765546376.7914822,1397.5224804878235,False
1724,3,259,startFixDisplay,1765546378.8034534,1399.534436225891,False
1725,3,259,startFixPeriod,1765546378.8104613,1399.5414462089539,False
1726,3,259,TargetPresentation,1765546380.025074,1400.756058216095,False
1727,3,259,TargetRemoval,1765546380.233052,1400.9640481472015,True
1728,3,259,TargetReappeared,1765546380.4830859,1401.2140710353851,False
1729,3,259,RightResponse,1765546380.8647842,1401.595767736435,False
1730,3,260,FeedbackPeriodStarted,1765546380.8922505,1401.6232335567474,False
1731,3,260,startFixDisplay,1765546380.8923182,1401.6233005523682,False
1732,3,260,startFixPeriod,1765546381.2116508,1401.9426362514496,False
1733,3,260,TargetPresentation,1765546382.3982399,1403.1292226314545,False
1734,3,260,TargetDisplacement,1765546382.5716128,1403.3025979995728,True
1735,3,260,LeftResponse,1765546383.446288,1404.1772718429565,False
1736,3,261,FeedbackPeriodStarted,1765546383.4666195,1404.1976046562195,False
1737,3,261,startFixDisplay,1765546383.4667501,1404.197734594345,False
1738,3,261,startFixPeriod,1765546384.0219624,1404.7529475688934,False
1739,3,261,TargetPresentation,1765546385.2016113,1405.9325969219208,False
1740,3,261,TargetDisplacement,1765546385.368131,1406.0991172790527,True
1741,3,261,LeftResponse,1765546386.1801496,1406.9111325740814,False
1742,3,262,FeedbackPeriodStarted,1765546386.2006361,1406.9316217899323,False
1743,3,262,startFixDisplay,1765546386.2007778,1406.9317617416382,False
1744,3,262,startFixPeriod,1765546387.0682642,1407.7992494106293,False
1745,3,262,TargetPresentation,1765546387.9147563,1408.6457402706146,False
1746,3,262,TargetRemoval,1765546388.1714272,1408.9024124145508,True
1747,3,262,TargetReappeared,1765546388.421288,1409.1522710323334,False
1748,3,262,RightResponse,1765546388.9210014,1409.651985168457,False
1749,3,263,FeedbackPeriodStarted,1765546388.948584,1409.6795690059662,False
1750,3,263,startFixDisplay,1765546388.9487247,1409.6797087192535,False
1751,3,263,startFixPeriod,1765546389.2471704,1409.9781579971313,False
1752,3,263,TargetPresentation,1765546389.9617984,1410.6927840709686,False
1753,3,263,TargetDisplacement,1765546390.1489651,1410.8799500465393,True
1754,3,263,LeftResponse,1765546390.8641028,1411.595088005066,False
1755,3,263,FeedbackPeriodStarted,1765546390.9054835,1411.636468887329,False
1756,4,264,startFixDisplay,1765546404.8319352,1425.5629205703735,False
1757,4,264,startFixPeriod,1765546404.838958,1425.5699434280396,False
1758,4,264,TargetPresentation,1765546405.9008117,1426.6317975521088,False
1759,4,264,TargetRemoval,1765546405.9908462,1426.7218313217163,True
1760,4,264,TargetReappeared,1765546406.2406874,1426.9716727733612,False
1761,4,264,RightResponse,1765546406.7822518,1427.513236284256,False
1762,4,265,FeedbackPeriodStarted,1765546406.802645,1427.5336301326752,False
1763,4,265,startFixDisplay,1765546406.8027966,1427.5337808132172,False
1764,4,265,startFixPeriod,1765546407.0526917,1427.7836775779724,False
1765,4,265,TargetPresentation,1765546408.1906645,1428.9216499328613,False
1766,4,265,TargetDisplacement,1765546408.3848295,1429.115814447403,True
1767,4,265,RightResponse,1765546408.9681556,1429.699140548706,False
1768,4,266,FeedbackPeriodStarted,1765546408.9883523,1429.7193353176117,False
1769,4,266,startFixDisplay,1765546408.9884207,1429.7194027900696,False
1770,4,266,startFixPeriod,1765546409.2938156,1430.024798631668,False
1771,4,266,TargetPresentation,1765546410.078136,1430.809121131897,False
1772,4,266,TargetRemoval,1765546410.3138263,1431.0448088645935,True
1773,4,266,TargetReappeared,1765546410.5637956,1431.2947800159454,False
1774,4,266,RightResponse,1765546410.9592838,1431.6902661323547,False
1775,4,267,FeedbackPeriodStarted,1765546410.9798765,1431.710859298706,False
1776,4,267,startFixDisplay,1765546410.9799378,1431.7109198570251,False
1777,4,267,startFixPeriod,1765546411.3548868,1432.085871219635,False
1778,4,267,TargetPresentation,1765546412.8051553,1433.5361392498016,False
1779,4,267,TargetDisplacement,1765546412.9785314,1433.7095165252686,True
1780,4,267,RightResponse,1765546413.6863573,1434.417340517044,False
1781,4,268,FeedbackPeriodStarted,1765546413.7069998,1434.4379827976227,False
1782,4,268,startFixDisplay,1765546413.7070744,1434.4380567073822,False
1783,4,268,startFixPeriod,1765546413.998679,1434.7296648025513,False
1784,4,268,TargetPresentation,1765546414.6093223,1435.3403055667877,False
1785,4,268,TargetRemoval,1765546414.872808,1435.6037929058075,True
1786,4,268,TargetReappeared,1765546415.1228065,1435.8537921905518,False
1787,4,268,RightResponse,1765546416.5522842,1437.283266544342,False
1788,4,269,FeedbackPeriodStarted,1765546416.572848,1437.3038334846497,False
1789,4,269,startFixDisplay,1765546416.5729918,1437.30397605896,False
1790,4,269,startFixPeriod,1765546417.0032852,1437.7342689037323,False
1791,4,269,TargetPresentation,1765546417.8776379,1438.6086237430573,False
1792,4,269,TargetRemoval,1765546418.1896777,1438.9206626415253,True
1793,4,269,TargetReappeared,1765546418.4395983,1439.1705825328827,False
1794,4,269,RightResponse,1765546419.008869,1439.7398524284363,False
1795,4,270,FeedbackPeriodStarted,1765546419.0292888,1439.7602741718292,False
1796,4,270,startFixDisplay,1765546419.0294328,1439.760416984558,False
1797,4,270,startFixPeriod,1765546419.320897,1440.0518817901611,False
1798,4,270,TargetPresentation,1765546419.9385188,1440.6695041656494,False
1799,4,270,TargetDisplacement,1765546420.1186848,1440.8496696949005,True
1800,4,270,RightResponse,1765546420.9380279,1441.6690127849579,False
1801,4,270,FeedbackPeriodStarted,1765546420.9446266,1441.6756117343903,False
1802,4,271,startFixDisplay,1765546422.9568133,1443.6877989768982,False
1803,4,271,startFixPeriod,1765546423.2136984,1443.9446830749512,False
1804,4,271,TargetPresentation,1765546424.5599222,1445.2909078598022,False
1805,4,271,TargetDisplacement,1765546424.7541409,1445.4851260185242,True
1806,4,271,RightResponse,1765546425.4483523,1446.1793355941772,False
1807,4,272,FeedbackPeriodStarted,1765546425.4757361,1446.2067213058472,False
1808,4,272,startFixDisplay,1765546425.4758806,1446.2068648338318,False
1809,4,272,startFixPeriod,1765546425.711803,1446.4427886009216,False
1810,4,272,TargetPresentation,1765546426.9538965,1447.6848819255829,False
1811,4,272,TargetDisplacement,1765546426.9745772,1447.7055625915527,True
1812,4,272,LeftResponse,1765546428.0783963,1448.8093791007996,False
1813,4,273,FeedbackPeriodStarted,1765546428.0987406,1448.8297259807587,False
1814,4,273,startFixDisplay,1765546428.0988796,1448.8298637866974,False
1815,4,273,startFixPeriod,1765546428.3625226,1449.0935080051422,False
1816,4,273,TargetPresentation,1765546429.812761,1450.5437467098236,False
1817,4,273,TargetDisplacement,1765546429.9792328,1450.7102177143097,True
1818,4,273,RightResponse,1765546430.86064,1451.5916230678558,False
1819,4,274,FeedbackPeriodStarted,1765546430.8810701,1451.6120533943176,False
1820,4,274,startFixDisplay,1765546430.8811414,1451.6121237277985,False
1821,4,274,startFixPeriod,1765546431.3741086,1452.1050953865051,False
1822,4,274,TargetPresentation,1765546432.2276506,1452.9586367607117,False
1823,4,274,TargetRemoval,1765546432.4078124,1453.1387975215912,True
1824,4,274,TargetReappeared,1765546432.6576884,1453.3886713981628,False
1825,4,274,RightResponse,1765546433.5809243,1454.311909198761,False
1826,4,275,FeedbackPeriodStarted,1765546433.6012762,1454.3322591781616,False
1827,4,275,startFixDisplay,1765546433.6013293,1454.3323113918304,False
1828,4,275,startFixPeriod,1765546433.9692075,1454.700190782547,False
1829,4,275,TargetPresentation,1765546435.3362076,1456.0671906471252,False
1830,4,275,TargetDisplacement,1765546435.5165136,1456.247498512268,True
1831,4,275,LeftResponse,1765546436.5231733,1457.254156112671,False
1832,4,276,FeedbackPeriodStarted,1765546436.5435152,1457.2745008468628,False
1833,4,276,startFixDisplay,1765546436.5436633,1457.274647474289,False
1834,4,276,startFixPeriod,1765546436.7864747,1457.5174579620361,False
1835,4,276,TargetPresentation,1765546437.9592092,1458.690192937851,False
1836,4,276,TargetDisplacement,1765546438.1117146,1458.842699766159,True
1837,4,276,RightResponse,1765546439.4790401,1460.210025548935,False
1838,4,276,FeedbackPeriodStarted,1765546439.492731,1460.2237169742584,False
1839,4,277,startFixDisplay,1765546441.5049329,1462.2359156608582,False
1840,4,277,startFixPeriod,1765546441.5119133,1462.2428984642029,False
1841,4,277,TargetPresentation,1765546442.192033,1462.923018693924,False
1842,4,277,TargetDisplacement,1765546442.4694333,1463.2004158496857,True
1843,4,277,LeftResponse,1765546443.1914258,1463.9224092960358,False
1844,4,278,FeedbackPeriodStarted,1765546443.211785,1463.9427678585052,False
1845,4,278,startFixDisplay,1765546443.211848,1463.9428300857544,False
1846,4,278,startFixPeriod,1765546443.4549768,1464.1859622001648,False
1847,4,278,TargetPresentation,1765546444.093336,1464.8243193626404,False
1848,4,278,TargetRemoval,1765546444.14881,1464.8797953128815,True
1849,4,278,TargetReappeared,1765546444.3986728,1465.129658460617,False
1850,4,278,RightResponse,1765546444.9955654,1465.7265486717224,False
1851,4,279,FeedbackPeriodStarted,1765546445.0160053,1465.746990442276,False
1852,4,279,startFixDisplay,1765546445.0161607,1465.7471446990967,False
1853,4,279,startFixPeriod,1765546445.307725,1466.0387108325958,False
1854,4,279,TargetPresentation,1765546446.001579,1466.7325649261475,False
1855,4,279,TargetDisplacement,1765546446.1678693,1466.8988544940948,True
1856,4,279,LeftResponse,1765546447.0634558,1467.7944405078888,False
1857,4,280,FeedbackPeriodStarted,1765546447.0908282,1467.8218140602112,False
1858,4,280,startFixDisplay,1765546447.0909634,1467.8219475746155,False
1859,4,280,startFixPeriod,1765546447.4033217,1468.1343069076538,False
1860,4,280,TargetPresentation,1765546447.9167564,1468.6477422714233,False
1861,4,280,TargetDisplacement,1765546448.117759,1468.8487436771393,True
1862,4,280,RightResponse,1765546449.0686677,1469.7996504306793,False
1863,4,281,FeedbackPeriodStarted,1765546449.0894384,1469.820424079895,False
1864,4,281,startFixDisplay,1765546449.0895915,1469.8205754756927,False
1865,4,281,startFixPeriod,1765546449.5127409,1470.243726491928,False
1866,4,281,TargetPresentation,1765546450.206639,1470.9376246929169,False
1867,4,281,TargetRemoval,1765546450.359119,1471.0901041030884,True
1868,4,281,TargetReappeared,1765546450.6090431,1471.3400287628174,False
1869,4,281,RightResponse,1765546451.1644564,1471.895441532135,False
1870,4,282,FeedbackPeriodStarted,1765546451.19177,1471.9227557182312,False
1871,4,282,startFixDisplay,1765546451.1919112,1471.9228951931,False
1872,4,282,startFixPeriod,1765546451.490369,1472.2213547229767,False
1873,4,282,TargetPresentation,1765546452.3855495,1473.116533756256,False
1874,4,282,TargetRemoval,1765546452.5658286,1473.2968137264252,True
1875,4,282,TargetReappeared,1765546452.815755,1473.54674077034,False
1876,4,282,LeftResponse,1765546453.3711615,1474.1021449565887,False
1877,4,282,FeedbackPeriodStarted,1765546453.3775337,1474.1085176467896,False
1878,4,283,startFixDisplay,1765546455.3899086,1476.1208937168121,False
1879,4,283,startFixPeriod,1765546455.7024329,1476.4334168434143,False
1880,4,283,TargetPresentation,1765546456.7571597,1477.48814535141,False
1881,4,283,TargetDisplacement,1765546457.0206382,1477.751622915268,True
1882,4,283,LeftResponse,1765546457.7635546,1478.4945390224457,False
1883,4,284,FeedbackPeriodStarted,1765546457.7837687,1478.5147514343262,False
1884,4,284,startFixDisplay,1765546457.783894,1478.5148763656616,False
1885,4,284,startFixPeriod,1765546458.318395,1479.0493805408478,False
1886,4,284,TargetPresentation,1765546459.317651,1480.048636674881,False
1887,4,284,TargetDisplacement,1765546460.7330308,1481.4640157222748,True
1888,4,284,LeftResponse,1765546460.8929353,1481.6239190101624,False
1889,4,285,FeedbackPeriodStarted,1765546460.9133873,1481.6443724632263,False
1890,4,285,startFixDisplay,1765546460.913467,1481.6444492340088,False
1891,4,285,startFixPeriod,1765546461.2466671,1481.9776527881622,False
1892,4,285,TargetPresentation,1765546461.9196954,1482.6506795883179,False
1893,4,285,TargetRemoval,1765546462.1138544,1482.844839334488,True
1894,4,285,TargetReappeared,1765546462.3639297,1483.0949158668518,False
1895,4,285,LeftResponse,1765546463.0997152,1483.8307001590729,False
1896,4,286,FeedbackPeriodStarted,1765546463.1270201,1483.8580029010773,False
1897,4,286,startFixDisplay,1765546463.1270945,1483.8580768108368,False
1898,4,286,startFixPeriod,1765546463.3561523,1484.0871369838715,False
1899,4,286,TargetPresentation,1765546464.1610315,1484.892016172409,False
1900,4,286,TargetDisplacement,1765546464.2025144,1484.9334971904755,True
1901,4,286,LeftResponse,1765546465.1397643,1485.8707482814789,False
1902,4,287,FeedbackPeriodStarted,1765546465.1602194,1485.8912048339844,False
1903,4,287,startFixDisplay,1765546465.1603656,1485.8913497924805,False
1904,4,287,startFixPeriod,1765546465.4309683,1486.161954164505,False
1905,4,287,TargetPresentation,1765546466.3816102,1487.1125955581665,False
1906,4,287,TargetDisplacement,1765546466.4438868,1487.1748719215393,True
1907,4,287,RightResponse,1765546467.1866052,1487.9175882339478,False
1908,4,288,FeedbackPeriodStarted,1765546467.2071676,1487.9381535053253,False
1909,4,288,startFixDisplay,1765546467.207279,1487.9382610321045,False
1910,4,288,startFixPeriod,1765546467.7624295,1488.4934132099152,False
1911,4,288,TargetPresentation,1765546468.8657937,1489.5967791080475,False
1912,4,288,TargetDisplacement,1765546468.879666,1489.610651731491,True
1913,4,288,LeftResponse,1765546469.8930204,1490.624005317688,False
1914,4,288,FeedbackPeriodStarted,1765546469.8996518,1490.6306347846985,False
1915,4,289,startFixDisplay,1765546471.9117963,1492.642781496048,False
1916,4,289,startFixPeriod,1765546472.210395,1492.9413800239563,False
1917,4,289,TargetPresentation,1765546472.9528043,1493.6837873458862,False
1918,4,289,TargetRemoval,1765546473.0984247,1493.829409122467,True
1919,4,289,TargetReappeared,1765546473.3484333,1494.0794184207916,False
1920,4,289,LeftResponse,1765546474.0009716,1494.731956243515,False
1921,4,290,FeedbackPeriodStarted,1765546474.021192,1494.7521750926971,False
1922,4,290,startFixDisplay,1765546474.0212605,1494.7522428035736,False
1923,4,290,startFixPeriod,1765546474.4378197,1495.1688051223755,False
1924,4,290,TargetPresentation,1765546475.7909632,1496.521948814392,False
1925,4,290,TargetDisplacement,1765546475.9851425,1496.7161281108856,True
1926,4,290,RightResponse,1765546476.6655114,1497.3964941501617,False
1927,4,291,FeedbackPeriodStarted,1765546476.68591,1497.4168953895569,False
1928,4,291,startFixDisplay,1765546476.6860492,1497.4170334339142,False
1929,4,291,startFixPeriod,1765546479.420088,1500.1510741710663,False
1930,4,291,TargetPresentation,1765546480.6344297,1501.3654143810272,False
1931,4,291,TargetRemoval,1765546480.6412816,1501.372264623642,True
1932,4,291,TargetReappeared,1765546480.8911393,1501.6221222877502,False
1933,4,291,RightResponse,1765546481.7240984,1502.4550812244415,False
1934,4,292,FeedbackPeriodStarted,1765546481.7444098,1502.475392818451,False
1935,4,292,startFixDisplay,1765546481.7445292,1502.4755113124847,False
1936,4,292,startFixPeriod,1765546481.9875154,1502.7184987068176,False
1937,4,292,TargetPresentation,1765546482.5218463,1503.252831697464,False
1938,4,292,TargetDisplacement,1765546482.5426133,1503.2735962867737,True
1939,4,292,RightResponse,1765546483.2438226,1503.9748075008392,False
1940,4,293,FeedbackPeriodStarted,1765546483.2640753,1503.9950580596924,False
1941,4,293,startFixDisplay,1765546483.2641408,1503.9951231479645,False
1942,4,293,startFixPeriod,1765546483.6945302,1504.4255137443542,False
1943,4,293,TargetPresentation,1765546484.3190835,1505.05006980896,False
1944,4,293,TargetDisplacement,1765546484.5130749,1505.244057416916,True
1945,4,293,RightResponse,1765546485.1310904,1505.8620784282684,False
1946,4,294,FeedbackPeriodStarted,1765546485.158454,1505.8894393444061,False
1947,4,294,startFixDisplay,1765546485.158593,1505.8895769119263,False
1948,4,294,startFixPeriod,1765546485.3737638,1506.1047492027283,False
1949,4,294,TargetPresentation,1765546486.4354546,1507.1664400100708,False
1950,4,294,TargetDisplacement,1765546486.6989245,1507.4299092292786,True
1951,4,294,RightResponse,1765546487.74713,1508.4781138896942,False
1952,4,294,FeedbackPeriodStarted,1765546487.7607296,1508.4917125701904,False
1953,4,295,startFixDisplay,1765546489.7799141,1510.5109000205994,False
1954,4,295,startFixPeriod,1765546490.0506618,1510.78164768219,False
1955,4,295,TargetPresentation,1765546490.9529052,1511.6838915348053,False
1956,4,295,TargetRemoval,1765546491.3272412,1512.0582234859467,True
1957,4,295,TargetReappeared,1765546491.577274,1512.3082599639893,False
1958,4,295,LeftResponse,1765546492.243777,1512.9747619628906,False
1959,4,296,FeedbackPeriodStarted,1765546492.2708962,1513.001878976822,False
1960,4,296,startFixDisplay,1765546492.2709599,1513.0019419193268,False
1961,4,296,startFixPeriod,1765546492.5765321,1513.3075177669525,False
1962,4,296,TargetPresentation,1765546493.4161487,1514.1471345424652,False
1963,4,296,TargetDisplacement,1765546493.5616977,1514.292682647705,True
1964,4,296,LeftResponse,1765546494.2560165,1514.9870014190674,False
1965,4,297,FeedbackPeriodStarted,1765546494.2762842,1515.007266998291,False
1966,4,297,startFixDisplay,1765546494.2763655,1515.007348060608,False
1967,4,297,startFixPeriod,1765546494.8662808,1515.5972640514374,False
1968,4,297,TargetPresentation,1765546496.2958632,1517.0268487930298,False
1969,4,297,TargetRemoval,1765546496.3303235,1517.0613059997559,True
1970,4,297,TargetReappeared,1765546496.5803943,1517.3113796710968,False
1971,4,297,LeftResponse,1765546497.2395477,1517.9705307483673,False
1972,4,298,FeedbackPeriodStarted,1765546497.2601688,1517.9911539554596,False
1973,4,298,startFixDisplay,1765546497.260315,1517.9912989139557,False
1974,4,298,startFixPeriod,1765546497.7392218,1518.470207452774,False
1975,4,298,TargetPresentation,1765546498.7868912,1519.517876625061,False
1976,4,298,TargetDisplacement,1765546499.064383,1519.7953686714172,True
1977,4,298,RightResponse,1765546499.8836818,1520.614665031433,False
1978,4,299,FeedbackPeriodStarted,1765546499.903882,1520.634864807129,False
1979,4,299,startFixDisplay,1765546499.903946,1520.634928226471,False
1980,4,299,startFixPeriod,1765546500.1331875,1520.8641736507416,False
1981,4,299,TargetPresentation,1765546500.771533,1521.5025181770325,False
1982,4,299,TargetDisplacement,1765546502.4160216,1523.1470069885254,True
1983,4,299,RightResponse,1765546503.3393648,1524.0703496932983,False
1984,4,300,FeedbackPeriodStarted,1765546503.3596187,1524.0906038284302,False
1985,4,300,startFixDisplay,1765546503.3597505,1524.09073472023,False
1986,4,300,startFixPeriod,1765546505.4068034,1526.13778758049,False
1987,4,300,TargetPresentation,1765546506.8085053,1527.5394909381866,False
1988,4,300,TargetDisplacement,1765546506.8292055,1527.5601909160614,True
1989,4,300,LeftResponse,1765546507.7523215,1528.4833045005798,False
1990,4,300,FeedbackPeriodStarted,1765546507.7589798,1528.489964723587,False
1991,4,301,startFixDisplay,1765546509.7712915,1530.502274274826,False
1992,4,301,startFixPeriod,1765546510.118379,1530.8493626117706,False
1993,4,301,TargetPresentation,1765546510.8332133,1531.5641984939575,False
1994,4,301,TargetRemoval,1765546511.1175053,1531.8484902381897,True
1995,4,301,TargetReappeared,1765546511.3674588,1532.0984425544739,False
1996,4,301,LeftResponse,1765546512.0408998,1532.7718842029572,False
1997,4,302,FeedbackPeriodStarted,1765546512.0611012,1532.7920842170715,False
1998,4,302,startFixDisplay,1765546512.0611715,1532.7921538352966,False
1999,4,302,startFixPeriod,1765546512.5332797,1533.2642652988434,False
2000,4,302,TargetPresentation,1765546513.2549095,1533.9858949184418,False
2001,4,302,TargetDisplacement,1765546513.4421976,1534.1731827259064,True
2002,4,302,LeftResponse,1765546514.42784,1535.1588242053986,False
2003,4,303,FeedbackPeriodStarted,1765546514.4551706,1535.1861560344696,False
2004,4,303,startFixDisplay,1765546514.4553132,1535.1862971782684,False
2005,4,303,startFixPeriod,1765546514.7953825,1535.5263681411743,False
2006,4,303,TargetPresentation,1765546516.1692822,1536.9002659320831,False
2007,4,303,TargetRemoval,1765546516.1763391,1536.9073255062103,True
2008,4,303,TargetReappeared,1765546516.4260838,1537.1570818424225,False
2009,4,303,LeftResponse,1765546517.0995116,1537.8304951190948,False
2010,4,304,FeedbackPeriodStarted,1765546517.1196568,1537.8506395816803,False
2011,4,304,startFixDisplay,1765546517.119724,1537.8507061004639,False
2012,4,304,startFixPeriod,1765546517.5432572,1538.2742431163788,False
2013,4,304,TargetPresentation,1765546518.8200095,1539.5509951114655,False
2014,4,304,TargetRemoval,1765546518.8337734,1539.5647585391998,True
2015,4,304,TargetReappeared,1765546519.0837042,1539.814689874649,False
2016,4,304,RightResponse,1765546519.770916,1540.501900434494,False
2017,4,305,FeedbackPeriodStarted,1765546519.7983685,1540.5293543338776,False
2018,4,305,startFixDisplay,1765546519.7984974,1540.5294797420502,False
2019,4,305,startFixPeriod,1765546520.0412877,1540.7722735404968,False
2020,4,305,TargetPresentation,1765546520.6796389,1541.4106221199036,False
2021,4,305,TargetRemoval,1765546521.054337,1541.7853219509125,True
2022,4,305,TargetReappeared,1765546521.3042414,1542.0352263450623,False
2023,4,305,RightResponse,1765546522.0259233,1542.7569062709808,False
2024,4,306,FeedbackPeriodStarted,1765546522.0464852,1542.7774708271027,False
2025,4,306,startFixDisplay,1765546522.0466356,1542.7776198387146,False
2026,4,306,startFixPeriod,1765546522.3867238,1543.117709159851,False
2027,4,306,TargetPresentation,1765546523.170834,1543.901818037033,False
2028,4,306,TargetRemoval,1765546523.357987,1544.088971376419,True
2029,4,306,TargetReappeared,1765546523.6079898,1544.338975429535,False
2030,4,306,LeftResponse,1765546524.329734,1545.060716867447,False
2031,4,306,FeedbackPeriodStarted,1765546524.3364267,1545.0674095153809,False
2032,4,307,startFixDisplay,1765546526.3485494,1547.079532623291,False
2033,4,307,startFixPeriod,1765546526.577903,1547.308888912201,False
2034,4,307,TargetPresentation,1765546527.2302232,1547.961208820343,False
2035,4,307,TargetDisplacement,1765546527.4035528,1548.1345381736755,True
2036,4,307,RightResponse,1765546527.924448,1548.6554327011108,False
2037,4,308,FeedbackPeriodStarted,1765546527.9517615,1548.6827447414398,False
2038,4,308,startFixDisplay,1765546527.9518409,1548.6828231811523,False
2039,4,308,startFixPeriod,1765546528.2016351,1548.9326210021973,False
2040,4,308,TargetPresentation,1765546528.9302785,1549.661264181137,False
2041,4,308,TargetDisplacement,1765546529.103528,1549.8345127105713,True
2042,4,308,RightResponse,1765546529.7700963,1550.5010805130005,False
2043,4,309,FeedbackPeriodStarted,1765546529.7975032,1550.5284883975983,False
2044,4,309,startFixDisplay,1765546529.7976003,1550.5285823345184,False
2045,4,309,startFixPeriod,1765546530.0959496,1550.8269340991974,False
2046,4,309,TargetPresentation,1765546531.1021898,1551.833175420761,False
2047,4,309,TargetRemoval,1765546531.303305,1552.0342874526978,True
2048,4,309,TargetReappeared,1765546531.5531924,1552.28417801857,False
2049,4,309,RightResponse,1765546532.1639788,1552.8949620723724,False
2050,4,310,FeedbackPeriodStarted,1765546532.1913714,1552.9223544597626,False
2051,4,310,startFixDisplay,1765546532.1914394,1552.9224214553833,False
2052,4,310,startFixPeriod,1765546532.4066014,1553.1375851631165,False
2053,4,310,TargetPresentation,1765546533.475327,1554.206312417984,False
2054,4,310,TargetDisplacement,1765546533.6693542,1554.4003369808197,True
2055,4,310,RightResponse,1765546534.231843,1554.9628274440765,False
2056,4,311,FeedbackPeriodStarted,1765546534.2522411,1554.9832265377045,False
2057,4,311,startFixDisplay,1765546534.2523348,1554.9833171367645,False
2058,4,311,startFixPeriod,1765546534.6133358,1555.3443219661713,False
2059,4,311,TargetPresentation,1765546535.3904948,1556.1214799880981,False
2060,4,311,TargetRemoval,1765546535.6193044,1556.3502869606018,True
2061,4,311,TargetReappeared,1765546535.8692684,1556.600251674652,False
2062,4,311,LeftResponse,1765546536.3067045,1557.0376884937286,False
2063,4,312,FeedbackPeriodStarted,1765546536.326926,1557.0579090118408,False
2064,4,312,startFixDisplay,1765546536.3269887,1557.0579707622528,False
2065,4,312,startFixPeriod,1765546536.660242,1557.3912274837494,False
2066,4,312,TargetPresentation,1765546537.2223442,1557.9533276557922,False
2067,4,312,TargetDisplacement,1765546538.1867054,1558.9176878929138,True
2068,4,312,LeftResponse,1765546539.2071898,1559.9381744861603,False
2069,4,312,FeedbackPeriodStarted,1765546539.2207026,1559.951685667038,False
2070,4,313,startFixDisplay,1765546541.2330766,1561.9640626907349,False
2071,4,313,startFixPeriod,1765546541.4899263,1562.2209122180939,False
2072,4,313,TargetPresentation,1765546542.8498948,1563.5808801651,False
2073,4,313,TargetDisplacement,1765546543.1065063,1563.83749127388,True
2074,4,313,LeftResponse,1765546543.981212,1564.712195634842,False
2075,4,314,FeedbackPeriodStarted,1765546544.0016494,1564.7326347827911,False
2076,4,314,startFixDisplay,1765546544.0017374,1564.7327196598053,False
2077,4,314,startFixPeriod,1765546544.3141553,1565.0451409816742,False
2078,4,314,TargetPresentation,1765546545.7020066,1566.432992696762,False
2079,4,314,TargetDisplacement,1765546545.9237092,1566.6546914577484,True
2080,4,314,RightResponse,1765546546.7844925,1567.515475511551,False
2081,4,315,FeedbackPeriodStarted,1765546546.8050315,1567.5360174179077,False
2082,4,315,startFixDisplay,1765546546.8052044,1567.536188840866,False
2083,4,315,startFixPeriod,1765546547.110539,1567.8415236473083,False
2084,4,315,TargetPresentation,1765546548.5538855,1569.2848711013794,False
2085,4,315,TargetRemoval,1765546549.8026273,1570.5336122512817,True
2086,4,315,TargetReappeared,1765546550.0527205,1570.783703804016,False
2087,4,315,LeftResponse,1765546551.4547548,1572.1857388019562,False
2088,4,316,FeedbackPeriodStarted,1765546551.4749253,1572.2059082984924,False
2089,4,316,startFixDisplay,1765546551.4749954,1572.205977678299,False
2090,4,316,startFixPeriod,1765546551.6903324,1572.4213173389435,False
2091,4,316,TargetPresentation,1765546553.0087602,1573.73974609375,False
2092,4,316,TargetDisplacement,1765546553.1958373,1573.926819562912,True
2093,4,316,LeftResponse,1765546554.0079498,1574.738932609558,False
2094,4,317,FeedbackPeriodStarted,1765546554.0285501,1574.7595357894897,False
2095,4,317,startFixDisplay,1765546554.0286918,1574.7596757411957,False
2096,4,317,startFixPeriod,1765546554.25085,1574.9818353652954,False
2097,4,317,TargetPresentation,1765546555.5344374,1576.2654204368591,False
2098,4,317,TargetRemoval,1765546555.5413904,1576.272374868393,True
2099,4,317,TargetReappeared,1765546555.7914116,1576.5223970413208,False
2100,4,317,RightResponse,1765546556.5201237,1577.2511096000671,False
2101,4,318,FeedbackPeriodStarted,1765546556.5404234,1577.271406173706,False
2102,4,318,startFixDisplay,1765546556.5404887,1577.271470785141,False
2103,4,318,startFixPeriod,1765546556.8182826,1577.5492670536041,False
2104,4,318,TargetPresentation,1765546557.9909184,1578.72190284729,False
2105,4,318,TargetRemoval,1765546558.0533338,1578.7843165397644,True
2106,4,318,TargetReappeared,1765546558.3032908,1579.0342764854431,False
2107,4,318,LeftResponse,1765546558.9905283,1579.721512556076,False
2108,4,318,FeedbackPeriodStarted,1765546559.0041614,1579.7351474761963,False
2109,4,319,startFixDisplay,1765546561.0163565,1581.7473392486572,False
2110,4,319,startFixPeriod,1765546561.0441186,1581.775104045868,False
2111,4,319,TargetPresentation,1765546561.7588708,1582.489856004715,False
2112,4,319,TargetDisplacement,1765546561.9252312,1582.6562156677246,True
2113,4,319,LeftResponse,1765546562.5711024,1583.302088022232,False
2114,4,320,FeedbackPeriodStarted,1765546562.591265,1583.3222482204437,False
2115,4,320,startFixDisplay,1765546562.5913324,1583.3223147392273,False
2116,4,320,startFixPeriod,1765546562.8414035,1583.5723884105682,False
2117,4,320,TargetPresentation,1765546564.0696154,1584.8006012439728,False
2118,4,320,TargetDisplacement,1765546564.3261738,1585.0571584701538,True
2119,4,320,RightResponse,1765546565.0206099,1585.7515969276428,False
2120,4,321,FeedbackPeriodStarted,1765546565.0479596,1585.7789449691772,False
2121,4,321,startFixDisplay,1765546565.0481465,1585.7791306972504,False
2122,4,321,startFixPeriod,1765546565.2839494,1586.014935016632,False
2123,4,321,TargetPresentation,1765546566.5121963,1587.243182182312,False
2124,4,321,TargetDisplacement,1765546566.539878,1587.2708632946014,True
2125,4,321,LeftResponse,1765546567.4284778,1588.159462928772,False
2126,4,322,FeedbackPeriodStarted,1765546567.455657,1588.1866397857666,False
2127,4,322,startFixDisplay,1765546567.455722,1588.1867039203644,False
2128,4,322,startFixPeriod,1765546567.747332,1588.478317975998,False
2129,4,322,TargetPresentation,1765546568.635583,1589.3665690422058,False
2130,4,322,TargetDisplacement,1765546569.3291814,1590.0601665973663,True
2131,4,322,LeftResponse,1765546569.6071773,1590.3381621837616,False
2132,4,323,FeedbackPeriodStarted,1765546569.634601,1590.3655869960785,False
2133,4,323,startFixDisplay,1765546569.6347494,1590.3657336235046,False
2134,4,323,startFixPeriod,1765546569.9885895,1590.719574689865,False
2135,4,323,TargetPresentation,1765546570.5367272,1591.2677114009857,False
2136,4,323,TargetRemoval,1765546570.8142664,1591.5452518463135,True
2137,4,323,TargetReappeared,1765546571.0641723,1591.7951579093933,False
2138,4,323,RightResponse,1765546571.889997,1592.620980501175,False
2139,4,324,FeedbackPeriodStarted,1765546571.9175358,1592.6485216617584,False
2140,4,324,startFixDisplay,1765546571.9176536,1592.6486358642578,False
2141,4,324,startFixPeriod,1765546572.2438223,1592.9748063087463,False
2142,4,324,TargetPresentation,1765546573.208284,1593.939269542694,False
2143,4,324,TargetRemoval,1765546573.5065525,1594.2375373840332,True
2144,4,324,TargetReappeared,1765546573.7564824,1594.4874680042267,False
2145,4,324,RightResponse,1765546574.3604782,1595.091462135315,False
2146,4,324,FeedbackPeriodStarted,1765546574.3671055,1595.0980913639069,False
2147,4,325,startFixDisplay,1765546576.3793344,1597.1103196144104,False
2148,4,325,startFixPeriod,1765546576.3863306,1597.1173162460327,False
2149,4,325,TargetPresentation,1765546577.7326076,1598.463593006134,False
2150,4,325,TargetRemoval,1765546577.9129827,1598.6439685821533,True
2151,4,325,TargetReappeared,1765546578.1627831,1598.8937692642212,False
2152,4,325,LeftResponse,1765546578.6417346,1599.3727173805237,False
2153,4,326,FeedbackPeriodStarted,1765546578.6622515,1599.393236875534,False
2154,4,326,startFixDisplay,1765546578.6623826,1599.3933668136597,False
2155,4,326,startFixPeriod,1765546578.9885528,1599.7195374965668,False
2156,4,326,TargetPresentation,1765546580.3971298,1601.128113269806,False
2157,4,326,TargetDisplacement,1765546580.7717152,1601.502697467804,True
2158,4,326,LeftResponse,1765546581.313244,1602.0442276000977,False
2159,4,327,FeedbackPeriodStarted,1765546581.340746,1602.071729183197,False
2160,4,327,startFixDisplay,1765546581.3408296,1602.0718126296997,False
2161,4,327,startFixPeriod,1765546581.8752408,1602.6062262058258,False
2162,4,327,TargetPresentation,1765546583.221376,1603.9523603916168,False
2163,4,327,TargetRemoval,1765546583.512715,1604.24369764328,True
2164,4,327,TargetReappeared,1765546583.762594,1604.4935796260834,False
2165,4,327,RightResponse,1765546584.1861455,1604.9171299934387,False
2166,4,328,FeedbackPeriodStarted,1765546584.2063985,1604.9373812675476,False
2167,4,328,startFixDisplay,1765546584.2064602,1604.9374423027039,False
2168,4,328,startFixPeriod,1765546584.511985,1605.2429692745209,False
2169,4,328,TargetPresentation,1765546585.157377,1605.8883600234985,False
2170,4,328,TargetDisplacement,1765546585.4487076,1606.1796901226044,True
2171,4,328,RightResponse,1765546586.5315351,1607.2625200748444,False
2172,4,329,FeedbackPeriodStarted,1765546586.5518887,1607.2828741073608,False
2173,4,329,startFixDisplay,1765546586.5520303,1607.2830142974854,False
2174,4,329,startFixPeriod,1765546586.9684844,1607.6994698047638,False
2175,4,329,TargetPresentation,1765546588.273033,1609.004016160965,False
2176,4,329,TargetDisplacement,1765546588.4671524,1609.1981372833252,True
2177,4,329,RightResponse,1765546588.9325876,1609.6635723114014,False
2178,4,329,FeedbackPeriodStarted,1765546588.973771,1609.7047562599182,False
2179,5,330,startFixDisplay,1765546596.6898499,1617.4208352565765,False
2180,5,330,startFixPeriod,1765546596.9259477,1617.6569311618805,False
2181,5,330,TargetPresentation,1765546597.6754866,1618.4064726829529,False
2182,5,330,TargetDisplacement,1765546597.6823874,1618.4133732318878,True
2183,5,330,LeftResponse,1765546598.4388928,1619.1698758602142,False
2184,5,331,FeedbackPeriodStarted,1765546598.4663973,1619.1973803043365,False
2185,5,331,startFixDisplay,1765546598.466462,1619.1974439620972,False
2186,5,331,startFixPeriod,1765546598.7302184,1619.46120429039,False
2187,5,331,TargetPresentation,1765546599.2784088,1620.0093941688538,False
2188,5,331,TargetDisplacement,1765546599.4933026,1620.2242872714996,True
2189,5,331,RightResponse,1765546600.5066805,1621.237663269043,False
2190,5,332,FeedbackPeriodStarted,1765546600.527203,1621.2581884860992,False
2191,5,332,startFixDisplay,1765546600.5273683,1621.2583529949188,False
2192,5,332,startFixPeriod,1765546600.846549,1621.577534198761,False
2193,5,332,TargetPresentation,1765546601.672348,1622.4033334255219,False
2194,5,332,TargetRemoval,1765546603.6429443,1624.3739292621613,True
2195,5,332,TargetReappeared,1765546603.8928177,1624.6238014698029,False
2196,5,332,RightResponse,1765546603.9138932,1624.6448767185211,False
2197,5,333,FeedbackPeriodStarted,1765546603.9412518,1624.6722373962402,False
2198,5,333,startFixDisplay,1765546603.941393,1624.672376871109,False
2199,5,333,startFixPeriod,1765546604.3646934,1625.0956790447235,False
2200,5,333,TargetPresentation,1765546605.2597697,1625.9907536506653,False
2201,5,333,TargetRemoval,1765546605.4748728,1626.2058584690094,True
2202,5,333,TargetReappeared,1765546605.7247586,1626.4557440280914,False
2203,5,333,LeftResponse,1765546606.168999,1626.8999826908112,False
2204,5,334,FeedbackPeriodStarted,1765546606.1965127,1626.9274990558624,False
2205,5,334,startFixDisplay,1765546606.1966598,1626.9276435375214,False
2206,5,334,startFixPeriod,1765546606.703187,1627.4341723918915,False
2207,5,334,TargetPresentation,1765546608.1673167,1628.8983023166656,False
2208,5,334,TargetDisplacement,1765546608.3615038,1629.0924890041351,True
2209,5,334,RightResponse,1765546609.1042387,1629.8352222442627,False
2210,5,335,FeedbackPeriodStarted,1765546609.1315641,1629.8625493049622,False
2211,5,335,startFixDisplay,1765546609.1317255,1629.862711429596,False
2212,5,335,startFixPeriod,1765546609.416334,1630.1473188400269,False
2213,5,335,TargetPresentation,1765546610.2211716,1630.9521551132202,False
2214,5,335,TargetDisplacement,1765546610.2282178,1630.9592032432556,True
2215,5,335,LeftResponse,1765546611.0264647,1631.7574498653412,False
2216,5,336,FeedbackPeriodStarted,1765546611.0538526,1631.784848690033,False
2217,5,336,startFixDisplay,1765546611.0539293,1631.7849113941193,False
2218,5,336,startFixPeriod,1765546611.3592253,1632.090209722519,False
2219,5,336,TargetPresentation,1765546612.7678187,1633.49880194664,False
2220,5,336,TargetRemoval,1765546613.1355367,1633.8665218353271,True
2221,5,336,TargetReappeared,1765546613.3854127,1634.116397857666,False
2222,5,336,LeftResponse,1765546614.1490726,1634.880061864853,False
2223,5,336,FeedbackPeriodStarted,1765546614.1626654,1634.8936514854431,False
2224,5,337,startFixDisplay,1765546616.1746955,1636.9056804180145,False
2225,5,337,startFixPeriod,1765546616.4594836,1637.1904683113098,False
2226,5,337,TargetPresentation,1765546617.6321924,1638.3631777763367,False
2227,5,337,TargetDisplacement,1765546617.6391308,1638.3701167106628,True
2228,5,337,RightResponse,1765546618.9093199,1639.6403052806854,False
2229,5,338,FeedbackPeriodStarted,1765546618.9365227,1639.6675078868866,False
2230,5,338,startFixDisplay,1765546618.936664,1639.667648077011,False
2231,5,338,startFixPeriod,1765546619.1726067,1639.903591632843,False
2232,5,338,TargetPresentation,1765546619.7486017,1640.4795875549316,False
2233,5,338,TargetRemoval,1765546619.9773893,1640.708374261856,True
2234,5,338,TargetReappeared,1765546620.227285,1640.9582695960999,False
2235,5,338,RightResponse,1765546620.6577113,1641.3886966705322,False
2236,5,339,FeedbackPeriodStarted,1765546620.68502,1641.4160027503967,False
2237,5,339,startFixDisplay,1765546620.6850998,1641.4160821437836,False
2238,5,339,startFixPeriod,1765546620.9489293,1641.6799120903015,False
2239,5,339,TargetPresentation,1765546622.406276,1643.1372618675232,False
2240,5,339,TargetRemoval,1765546622.6072564,1643.3382411003113,True
2241,5,339,TargetReappeared,1765546622.8573174,1643.5883028507233,False
2242,5,339,RightResponse,1765546623.6765873,1644.407573223114,False
2243,5,340,FeedbackPeriodStarted,1765546623.7035983,1644.4345834255219,False
2244,5,340,startFixDisplay,1765546623.7037215,1644.434705734253,False
2245,5,340,startFixPeriod,1765546624.1548564,1644.8858411312103,False
2246,5,340,TargetPresentation,1765546625.0708082,1645.801794052124,False
2247,5,340,TargetDisplacement,1765546626.6249766,1647.355961561203,True
2248,5,340,RightResponse,1765546627.9230216,1648.654005765915,False
2249,5,341,FeedbackPeriodStarted,1765546627.9503622,1648.6813478469849,False
2250,5,341,startFixDisplay,1765546627.9505048,1648.6814892292023,False
2251,5,341,startFixPeriod,1765546628.3530126,1649.0839974880219,False
2252,5,341,TargetPresentation,1765546629.1510835,1649.8820703029633,False
2253,5,341,TargetRemoval,1765546629.4561336,1650.1871185302734,True
2254,5,341,TargetReappeared,1765546629.7060483,1650.4370319843292,False
2255,5,341,RightResponse,1765546630.185123,1650.9161064624786,False
2256,5,342,FeedbackPeriodStarted,1765546630.2055776,1650.9365663528442,False
2257,5,342,startFixDisplay,1765546630.205762,1650.9367475509644,False
2258,5,342,startFixPeriod,1765546630.517923,1651.2489087581635,False
2259,5,342,TargetPresentation,1765546631.648974,1652.3799574375153,False
2260,5,342,TargetRemoval,1765546631.656009,1652.3869922161102,True
2261,5,342,TargetReappeared,1765546631.9058063,1652.6367919445038,False
2262,5,342,RightResponse,1765546632.696886,1653.4278690814972,False
2263,5,342,FeedbackPeriodStarted,1765546632.703816,1653.434799194336,False
2264,5,343,startFixDisplay,1765546634.7159002,1655.446885585785,False
2265,5,343,startFixPeriod,1765546635.2573102,1655.988296031952,False
2266,5,343,TargetPresentation,1765546636.5063279,1657.2373135089874,False
2267,5,343,TargetDisplacement,1765546636.5133367,1657.2443220615387,True
2268,5,343,LeftResponse,1765546637.471315,1658.202302455902,False
2269,5,344,FeedbackPeriodStarted,1765546637.505512,1658.2364976406097,False
2270,5,344,startFixDisplay,1765546637.5056214,1658.2366037368774,False
2271,5,344,startFixPeriod,1765546637.7832172,1658.5142030715942,False
2272,5,344,TargetPresentation,1765546639.1223116,1659.853296995163,False
2273,5,344,TargetDisplacement,1765546640.343564,1661.0745508670807,True
2274,5,344,RightResponse,1765546641.0310044,1661.76198720932,False
2275,5,345,FeedbackPeriodStarted,1765546641.0512588,1661.7822439670563,False
2276,5,345,startFixDisplay,1765546641.0514011,1661.7823853492737,False
2277,5,345,startFixPeriod,1765546641.3082516,1662.0392372608185,False
2278,5,345,TargetPresentation,1765546641.8980472,1662.6290323734283,False
2279,5,345,TargetDisplacement,1765546642.0644095,1662.7953944206238,True
2280,5,345,LeftResponse,1765546642.8280926,1663.5590760707855,False
2281,5,346,FeedbackPeriodStarted,1765546642.8555377,1663.5865206718445,False
2282,5,346,startFixDisplay,1765546642.855606,1663.586588382721,False
2283,5,346,startFixPeriod,1765546643.119307,1663.8502912521362,False
2284,5,346,TargetPresentation,1765546644.2087598,1664.939745426178,False
2285,5,346,TargetRemoval,1765546644.3680875,1665.099070072174,True
2286,5,346,TargetReappeared,1765546644.6181107,1665.3490946292877,False
2287,5,346,LeftResponse,1765546645.2012177,1665.9322028160095,False
2288,5,347,FeedbackPeriodStarted,1765546645.2286043,1665.9595897197723,False
2289,5,347,startFixDisplay,1765546645.2287462,1665.959730386734,False
2290,5,347,startFixPeriod,1765546645.6312773,1666.3622629642487,False
2291,5,347,TargetPresentation,1765546646.7969544,1667.5279386043549,False
2292,5,347,TargetRemoval,1765546647.1021566,1667.8331415653229,True
2293,5,347,TargetReappeared,1765546647.3522327,1668.0832183361053,False
2294,5,347,LeftResponse,1765546647.9768724,1668.7078564167023,False
2295,5,348,FeedbackPeriodStarted,1765546648.0041852,1668.7351698875427,False
2296,5,348,startFixDisplay,1765546648.0043159,1668.7352998256683,False
2297,5,348,startFixPeriod,1765546648.5039537,1669.2349388599396,False
2298,5,348,TargetPresentation,1765546649.3297362,1670.060721874237,False
2299,5,348,TargetDisplacement,1765546649.5308104,1670.261792898178,True
2300,5,348,LeftResponse,1765546650.1625884,1670.8935735225677,False
2301,5,348,FeedbackPeriodStarted,1765546650.1692076,1670.9001927375793,False
2302,5,349,startFixDisplay,1765546652.181513,1672.912497997284,False
2303,5,349,startFixPeriod,1765546652.4870827,1673.2180695533752,False
2304,5,349,TargetPresentation,1765546653.4931343,1674.2241179943085,False
2305,5,349,TargetDisplacement,1765546654.9571638,1675.6881489753723,True
2306,5,349,RightResponse,1765546656.0260093,1676.7569918632507,False
2307,5,350,FeedbackPeriodStarted,1765546656.046555,1676.7775399684906,False
2308,5,350,startFixDisplay,1765546656.0466957,1676.777679681778,False
2309,5,350,startFixPeriod,1765546656.3382268,1677.0692117214203,False
2310,5,350,TargetPresentation,1765546656.8655808,1677.5965666770935,False
2311,5,350,TargetDisplacement,1765546656.8725169,1677.6035027503967,True
2312,5,350,LeftResponse,1765546658.14964,1678.8806250095367,False
2313,5,351,FeedbackPeriodStarted,1765546658.1769128,1678.9078958034515,False
2314,5,351,startFixDisplay,1765546658.1769986,1678.9079809188843,False
2315,5,351,startFixPeriod,1765546658.6489258,1679.3799107074738,False
2316,5,351,TargetPresentation,1765546660.092112,1680.8230950832367,False
2317,5,351,TargetDisplacement,1765546661.7297611,1682.4607462882996,True
2318,5,351,RightResponse,1765546662.8681152,1683.599098443985,False
2319,5,352,FeedbackPeriodStarted,1765546662.895499,1683.6264820098877,False
2320,5,352,startFixDisplay,1765546662.8955667,1683.6265487670898,False
2321,5,352,startFixPeriod,1765546663.1869876,1683.9179711341858,False
2322,5,352,TargetPresentation,1765546664.2695365,1685.0005218982697,False
2323,5,352,TargetDisplacement,1765546664.2763476,1685.0073330402374,True
2324,5,352,RightResponse,1765546665.192857,1685.9238426685333,False
2325,5,353,FeedbackPeriodStarted,1765546665.2129915,1685.9439742565155,False
2326,5,353,startFixDisplay,1765546665.213061,1685.9440433979034,False
2327,5,353,startFixPeriod,1765546665.525492,1686.256477355957,False
2328,5,353,TargetPresentation,1765546666.392859,1687.123844385147,False
2329,5,353,TargetDisplacement,1765546667.0380218,1687.7690043449402,True
2330,5,353,RightResponse,1765546667.3230515,1688.0540556907654,False
2331,5,354,FeedbackPeriodStarted,1765546667.350359,1688.0813443660736,False
2332,5,354,startFixDisplay,1765546667.350508,1688.0814924240112,False
2333,5,354,startFixPeriod,1765546667.9055984,1688.6365830898285,False
2334,5,354,TargetPresentation,1765546668.974266,1689.7052521705627,False
2335,5,354,TargetDisplacement,1765546669.1892571,1689.9202423095703,True
2336,5,354,RightResponse,1765546670.0084245,1690.7394092082977,False
2337,5,354,FeedbackPeriodStarted,1765546670.0219672,1690.7529501914978,False
2338,5,355,startFixDisplay,1765546672.0341716,1692.7651574611664,False
2339,5,355,startFixPeriod,1765546672.0411448,1692.7721276283264,False
2340,5,355,TargetPresentation,1765546672.7837408,1693.5147261619568,False
2341,5,355,TargetDisplacement,1765546672.9917192,1693.722704410553,True
2342,5,355,RightResponse,1765546673.5887475,1694.3197302818298,False
2343,5,356,FeedbackPeriodStarted,1765546673.6093104,1694.340295791626,False
2344,5,356,startFixDisplay,1765546673.6095161,1694.3405005931854,False
2345,5,356,startFixPeriod,1765546673.8801057,1694.611089706421,False
2346,5,356,TargetPresentation,1765546674.5046604,1695.2356462478638,False
2347,5,356,TargetDisplacement,1765546674.8653994,1695.5963847637177,True
2348,5,356,RightResponse,1765546676.1354647,1696.866448879242,False
2349,5,357,FeedbackPeriodStarted,1765546676.1627495,1696.89373254776,False
2350,5,357,startFixDisplay,1765546676.1628132,1696.893795490265,False
2351,5,357,startFixPeriod,1765546676.5794194,1697.310405254364,False
2352,5,357,TargetPresentation,1765546677.814553,1698.545536994934,False
2353,5,357,TargetRemoval,1765546678.0226712,1698.753656387329,True
2354,5,357,TargetReappeared,1765546678.2725587,1699.003544330597,False
2355,5,357,LeftResponse,1765546678.9943352,1699.7253193855286,False
2356,5,358,FeedbackPeriodStarted,1765546679.0217743,1699.7527599334717,False
2357,5,358,startFixDisplay,1765546679.0219064,1699.752890586853,False
2358,5,358,startFixPeriod,1765546679.2717838,1700.0027697086334,False
2359,5,358,TargetPresentation,1765546680.2223725,1700.9533579349518,False
2360,5,358,TargetDisplacement,1765546680.5067892,1701.2377746105194,True
2361,5,358,RightResponse,1765546681.3120158,1702.0429999828339,False
2362,5,359,FeedbackPeriodStarted,1765546681.3325129,1702.0634953975677,False
2363,5,359,startFixDisplay,1765546681.3325753,1702.0635573863983,False
2364,5,359,startFixPeriod,1765546681.6725574,1702.4035403728485,False
2365,5,359,TargetPresentation,1765546682.1861424,1702.91712641716,False
2366,5,359,TargetDisplacement,1765546682.213888,1702.9448735713959,True
2367,5,359,RightResponse,1765546683.0813255,1703.8123080730438,False
2368,5,360,FeedbackPeriodStarted,1765546683.1018615,1703.8328442573547,False
2369,5,360,startFixDisplay,1765546683.10193,1703.8329122066498,False
2370,5,360,startFixPeriod,1765546683.539156,1704.2701411247253,False
2371,5,360,TargetPresentation,1765546684.156881,1704.887866973877,False
2372,5,360,TargetDisplacement,1765546684.3647816,1705.0957641601562,True
2373,5,360,RightResponse,1765546684.9829574,1705.7139401435852,False
2374,5,360,FeedbackPeriodStarted,1765546684.9895773,1705.720562696457,False
2375,5,361,startFixDisplay,1765546687.0015852,1707.732568025589,False
2376,5,361,startFixPeriod,1765546687.2308872,1707.9618728160858,False
2377,5,361,TargetPresentation,1765546687.8623338,1708.5933196544647,False
2378,5,361,TargetDisplacement,1765546688.0495958,1708.7805812358856,True
2379,5,361,RightResponse,1765546688.6395264,1709.3705098628998,False
2380,5,362,FeedbackPeriodStarted,1765546688.6601954,1709.3911788463593,False
2381,5,362,startFixDisplay,1765546688.6602714,1709.391253709793,False
2382,5,362,startFixPeriod,1765546688.9587104,1709.6896965503693,False
2383,5,362,TargetPresentation,1765546689.8816006,1710.6125860214233,False
2384,5,362,TargetDisplacement,1765546690.0410135,1710.771998167038,True
2385,5,362,RightResponse,1765546690.9642699,1711.6952533721924,False
2386,5,363,FeedbackPeriodStarted,1765546690.9845963,1711.7155799865723,False
2387,5,363,startFixDisplay,1765546690.9846804,1711.7156631946564,False
2388,5,363,startFixPeriod,1765546691.2902637,1712.0212490558624,False
2389,5,363,TargetPresentation,1765546692.4906864,1713.2216696739197,False
2390,5,363,TargetDisplacement,1765546692.6848843,1713.415869474411,True
2391,5,363,RightResponse,1765546693.2819407,1714.0129244327545,False
2392,5,364,FeedbackPeriodStarted,1765546693.3091888,1714.04017162323,False
2393,5,364,startFixDisplay,1765546693.309251,1714.040233373642,False
2394,5,364,startFixPeriod,1765546693.64254,1714.373526096344,False
2395,5,364,TargetPresentation,1765546694.176819,1714.9078030586243,False
2396,5,364,TargetDisplacement,1765546694.1838508,1714.9148366451263,True
2397,5,364,LeftResponse,1765546695.065255,1715.7962379455566,False
2398,5,365,FeedbackPeriodStarted,1765546695.0927122,1715.8236978054047,False
2399,5,365,startFixDisplay,1765546695.0928614,1715.8238458633423,False
2400,5,365,startFixPeriod,1765546695.3842802,1716.115264415741,False
2401,5,365,TargetPresentation,1765546696.237675,1716.9686586856842,False
2402,5,365,TargetRemoval,1765546696.4181225,1717.14910531044,True
2403,5,365,TargetReappeared,1765546696.6680012,1717.3989870548248,False
2404,5,365,LeftResponse,1765546697.2997031,1718.0306878089905,False
2405,5,366,FeedbackPeriodStarted,1765546697.3201349,1718.0511178970337,False
2406,5,366,startFixDisplay,1765546697.3202193,1718.0512018203735,False
2407,5,366,startFixPeriod,1765546697.6741545,1718.4051399230957,False
2408,5,366,TargetPresentation,1765546698.8607411,1719.5917270183563,False
2409,5,366,TargetRemoval,1765546699.0687506,1719.7997360229492,True
2410,5,366,TargetReappeared,1765546699.3187277,1720.0497133731842,False
2411,5,366,LeftResponse,1765546700.241842,1720.972826719284,False
2412,5,366,FeedbackPeriodStarted,1765546700.2482836,1720.9792675971985,False
2413,5,367,startFixDisplay,1765546702.2607005,1722.991685628891,False
2414,5,367,startFixPeriod,1765546702.524404,1723.2553889751434,False
2415,5,367,TargetPresentation,1765546703.9746795,1724.7056629657745,False
2416,5,367,TargetDisplacement,1765546704.148084,1724.8790667057037,True
2417,5,367,RightResponse,1765546704.8217657,1725.5527503490448,False
2418,5,368,FeedbackPeriodStarted,1765546704.8489277,1725.5799107551575,False
2419,5,368,startFixDisplay,1765546704.849,1725.5799822807312,False
2420,5,368,startFixPeriod,1765546705.0919676,1725.8229525089264,False
2421,5,368,TargetPresentation,1765546705.633278,1726.364263534546,False
2422,5,368,TargetRemoval,1765546705.792693,1726.5236780643463,True
2423,5,368,TargetReappeared,1765546706.0426068,1726.7735924720764,False
2424,5,368,LeftResponse,1765546706.5494576,1727.2804419994354,False
2425,5,369,FeedbackPeriodStarted,1765546706.5698419,1727.3008248806,False
2426,5,369,startFixDisplay,1765546706.5699258,1727.3009085655212,False
2427,5,369,startFixPeriod,1765546706.9239163,1727.6549019813538,False
2428,5,369,TargetPresentation,1765546707.6246655,1728.3556489944458,False
2429,5,369,TargetRemoval,1765546707.6384125,1728.3693952560425,True
2430,5,369,TargetReappeared,1765546707.8884435,1728.6194288730621,False
2431,5,369,LeftResponse,1765546708.6241484,1729.3551332950592,False
2432,5,370,FeedbackPeriodStarted,1765546708.6513977,1729.382380247116,False
2433,5,370,startFixDisplay,1765546708.651458,1729.382440328598,False
2434,5,370,startFixPeriod,1765546708.9084466,1729.6394321918488,False
2435,5,370,TargetPresentation,1765546709.6369815,1730.3679649829865,False
2436,5,370,TargetDisplacement,1765546709.643932,1730.3749177455902,True
2437,5,370,RightResponse,1765546710.7892604,1731.5202445983887,False
2438,5,371,FeedbackPeriodStarted,1765546710.816507,1731.5474925041199,False
2439,5,371,startFixDisplay,1765546710.8166478,1731.5476315021515,False
2440,5,371,startFixPeriod,1765546711.0665617,1731.7975478172302,False
2441,5,371,TargetPresentation,1765546712.4334345,1733.1644175052643,False
2442,5,371,TargetDisplacement,1765546712.6623373,1733.3933198451996,True
2443,5,371,LeftResponse,1765546713.689749,1734.420734167099,False
2444,5,372,FeedbackPeriodStarted,1765546713.7169557,1734.4479386806488,False
2445,5,372,startFixDisplay,1765546713.7170198,1734.4480020999908,False
2446,5,372,startFixPeriod,1765546713.9601321,1734.6911158561707,False
2447,5,372,TargetPresentation,1765546715.1537023,1735.8846883773804,False
2448,5,372,TargetDisplacement,1765546715.3268332,1736.0578181743622,True
2449,5,372,RightResponse,1765546716.791436,1737.5224199295044,False
2450,5,372,FeedbackPeriodStarted,1765546716.798045,1737.5290279388428,False
2451,5,373,startFixDisplay,1765546719.2335906,1739.9645762443542,False
2452,5,373,startFixPeriod,1765546719.2892425,1740.020226240158,False
2453,5,373,TargetPresentation,1765546720.4202747,1741.1512577533722,False
2454,5,373,TargetDisplacement,1765546720.572852,1741.3038368225098,True
2455,5,373,RightResponse,1765546721.2877986,1742.018782377243,False
2456,5,374,FeedbackPeriodStarted,1765546721.3087249,1742.0397078990936,False
2457,5,374,startFixDisplay,1765546721.308809,1742.0397913455963,False
2458,5,374,startFixPeriod,1765546721.5445087,1742.2754940986633,False
2459,5,374,TargetPresentation,1765546722.4882169,1743.219200372696,False
2460,5,374,TargetDisplacement,1765546722.723936,1743.4549207687378,True
2461,5,374,RightResponse,1765546723.4737659,1744.2047498226166,False
2462,5,375,FeedbackPeriodStarted,1765546723.5010777,1744.2320635318756,False
2463,5,375,startFixDisplay,1765546723.5012228,1744.2322070598602,False
2464,5,375,startFixPeriod,1765546723.7858171,1744.5168025493622,False
2465,5,375,TargetPresentation,1765546725.0626051,1745.7935905456543,False
2466,5,375,TargetRemoval,1765546725.2845807,1746.0155658721924,True
2467,5,375,TargetReappeared,1765546725.5344992,1746.265485048294,False
2468,5,375,RightResponse,1765546726.1314611,1746.8624448776245,False
2469,5,376,FeedbackPeriodStarted,1765546726.1587193,1746.889704465866,False
2470,5,376,startFixDisplay,1765546726.1588562,1746.8898401260376,False
2471,5,376,startFixPeriod,1765546726.4573796,1747.1883652210236,False
2472,5,376,TargetPresentation,1765546727.5120854,1748.243068933487,False
2473,5,376,TargetDisplacement,1765546727.5190258,1748.2500116825104,True
2474,5,376,RightResponse,1765546728.3242555,1749.055239200592,False
2475,5,377,FeedbackPeriodStarted,1765546728.3514638,1749.0824494361877,False
2476,5,377,startFixDisplay,1765546728.3516045,1749.0825884342194,False
2477,5,377,startFixPeriod,1765546728.636204,1749.3671894073486,False
2478,5,377,TargetPresentation,1765546729.364657,1750.0956404209137,False
2479,5,377,TargetDisplacement,1765546729.3716743,1750.1026599407196,True
2480,5,377,LeftResponse,1765546730.218349,1750.9493317604065,False
2481,5,378,FeedbackPeriodStarted,1765546730.2387874,1750.9697701931,False
2482,5,378,startFixDisplay,1765546730.238852,1750.9698343276978,False
2483,5,378,startFixPeriod,1765546730.488945,1751.2199304103851,False
2484,5,378,TargetPresentation,1765546731.9808269,1752.7118124961853,False
2485,5,378,TargetDisplacement,1765546732.1958284,1752.926813840866,True
2486,5,378,RightResponse,1765546732.7996507,1753.5306344032288,False
2487,5,378,FeedbackPeriodStarted,1765546732.8063636,1753.5373475551605,False
2488,5,379,startFixDisplay,1765546734.8186727,1755.5496580600739,False
2489,5,379,startFixPeriod,1765546735.2352962,1755.9662818908691,False
2490,5,379,TargetPresentation,1765546735.8389604,1756.5699462890625,False
2491,5,379,TargetDisplacement,1765546736.0677571,1756.7987418174744,True
2492,5,379,RightResponse,1765546736.7203722,1757.4513556957245,False
2493,5,380,FeedbackPeriodStarted,1765546736.7478004,1757.4787855148315,False
2494,5,380,startFixDisplay,1765546736.7479396,1757.4789237976074,False
2495,5,380,startFixPeriod,1765546737.0394,1757.7703857421875,False
2496,5,380,TargetPresentation,1765546738.5173466,1759.248330116272,False
2497,5,380,TargetDisplacement,1765546738.8016567,1759.5326416492462,True
2498,5,380,RightResponse,1765546739.3782966,1760.1092808246613,False
2499,5,381,FeedbackPeriodStarted,1765546739.3986857,1760.1296684741974,False
2500,5,381,startFixDisplay,1765546739.3987484,1760.1297307014465,False
2501,5,381,startFixPeriod,1765546739.808022,1760.539005279541,False
2502,5,381,TargetPresentation,1765546740.5713985,1761.3023843765259,False
2503,5,381,TargetDisplacement,1765546740.626743,1761.3577280044556,True
2504,5,381,RightResponse,1765546741.307232,1762.0382146835327,False
2505,5,382,FeedbackPeriodStarted,1765546741.3278146,1762.0587975978851,False
2506,5,382,startFixDisplay,1765546741.3278809,1762.0588631629944,False
2507,5,382,startFixPeriod,1765546741.3345098,1762.065494775772,False
2508,5,382,TargetPresentation,1765546742.0216753,1762.75266122818,False
2509,5,382,TargetRemoval,1765546742.3267908,1763.057775735855,True
2510,5,382,TargetReappeared,1765546742.576776,1763.307761669159,False
2511,5,382,RightResponse,1765546743.5067325,1764.2377173900604,False
2512,5,383,FeedbackPeriodStarted,1765546743.5341456,1764.2651283740997,False
2513,5,383,startFixDisplay,1765546743.5342076,1764.2651896476746,False
2514,5,383,startFixPeriod,1765546743.8466272,1764.5776131153107,False
2515,5,383,TargetPresentation,1765546745.3038075,1766.034793138504,False
2516,5,383,TargetDisplacement,1765546745.5951061,1766.326093196869,True
2517,5,383,RightResponse,1765546746.636516,1767.3675010204315,False
2518,5,384,FeedbackPeriodStarted,1765546746.663552,1767.3945350646973,False
2519,5,384,startFixDisplay,1765546746.6636388,1767.3946211338043,False
2520,5,384,startFixPeriod,1765546747.2328453,1767.9638423919678,False
2521,5,384,TargetPresentation,1765546747.926707,1768.6576898097992,False
2522,5,384,TargetDisplacement,1765546747.9336371,1768.6646208763123,True
2523,5,384,LeftResponse,1765546748.7319677,1769.4629526138306,False
2524,5,384,FeedbackPeriodStarted,1765546748.7386608,1769.4696462154388,False
2525,5,385,startFixDisplay,1765546750.75073,1771.4817154407501,False
2526,5,385,startFixPeriod,1765546751.042406,1771.7733902931213,False
2527,5,385,TargetPresentation,1765546751.694699,1772.4256846904755,False
2528,5,385,TargetRemoval,1765546751.7015417,1772.4325251579285,True
2529,5,385,TargetReappeared,1765546751.9514625,1772.6824481487274,False
2530,5,385,LeftResponse,1765546752.5971367,1773.3281211853027,False
2531,5,386,FeedbackPeriodStarted,1765546752.6243055,1773.3552885055542,False
2532,5,386,startFixDisplay,1765546752.624369,1773.3553512096405,False
2533,5,386,startFixPeriod,1765546752.902127,1773.6331150531769,False
2534,5,386,TargetPresentation,1765546754.394004,1775.124989748001,False
2535,5,386,TargetDisplacement,1765546754.400928,1775.1319134235382,True
2536,5,386,RightResponse,1765546755.3448172,1776.075800895691,False
2537,5,387,FeedbackPeriodStarted,1765546755.372107,1776.1030898094177,False
2538,5,387,startFixDisplay,1765546755.3721707,1776.1031529903412,False
2539,5,387,startFixPeriod,1765546755.6569276,1776.3879129886627,False
2540,5,387,TargetPresentation,1765546756.669978,1777.400961637497,False
2541,5,387,TargetDisplacement,1765546758.446132,1779.1771168708801,True
2542,5,387,LeftResponse,1765546759.4804218,1780.211405992508,False
2543,5,388,FeedbackPeriodStarted,1765546759.5078223,1780.2388079166412,False
2544,5,388,startFixDisplay,1765546759.507961,1780.2389452457428,False
2545,5,388,startFixPeriod,1765546759.7786956,1780.509681224823,False
2546,5,388,TargetPresentation,1765546760.3129485,1781.0439321994781,False
2547,5,388,TargetDisplacement,1765546761.0206027,1781.7515876293182,True
2548,5,388,LeftResponse,1765546761.4999106,1782.230895280838,False
2549,5,389,FeedbackPeriodStarted,1765546761.5270407,1782.258023738861,False
2550,5,389,startFixDisplay,1765546761.5271144,1782.2580966949463,False
2551,5,389,startFixPeriod,1765546761.7701883,1782.5011734962463,False
2552,5,389,TargetPresentation,1765546762.9497237,1783.6807091236115,False
2553,5,389,TargetDisplacement,1765546763.3312855,1784.062270641327,True
2554,5,389,LeftResponse,1765546764.12286,1784.8538446426392,False
2555,5,390,FeedbackPeriodStarted,1765546764.143525,1784.8745079040527,False
2556,5,390,startFixDisplay,1765546764.1435924,1784.8745746612549,False
2557,5,390,startFixPeriod,1765546764.6360056,1785.3669888973236,False
2558,5,390,TargetPresentation,1765546766.023713,1786.754695892334,False
2559,5,390,TargetRemoval,1765546766.5024865,1787.233469247818,True
2560,5,390,TargetReappeared,1765546766.7524102,1787.483395576477,False
2561,5,390,LeftResponse,1765546767.529678,1788.2606616020203,False
2562,5,390,FeedbackPeriodStarted,1765546767.5365117,1788.2674956321716,False
2563,5,391,startFixDisplay,1765546769.5486128,1790.2795979976654,False
2564,5,391,startFixPeriod,1765546769.5557454,1790.2867305278778,False
2565,5,391,TargetPresentation,1765546771.0268793,1791.757865190506,False
2566,5,391,TargetDisplacement,1765546771.228008,1791.9589929580688,True
2567,5,391,LeftResponse,1765546771.984592,1792.7155756950378,False
2568,5,392,FeedbackPeriodStarted,1765546772.0121202,1792.7431054115295,False
2569,5,392,startFixDisplay,1765546772.0122607,1792.7432446479797,False
2570,5,392,startFixPeriod,1765546772.3522987,1793.083281993866,False
2571,5,392,TargetPresentation,1765546772.8934498,1793.624433517456,False
2572,5,392,TargetRemoval,1765546773.2888427,1794.0198276042938,True
2573,5,392,TargetReappeared,1765546773.5387213,1794.2697067260742,False
2574,5,392,LeftResponse,1765546774.1705062,1794.9014899730682,False
2575,5,393,FeedbackPeriodStarted,1765546774.1977904,1794.928775548935,False
2576,5,393,startFixDisplay,1765546774.197928,1794.9289119243622,False
2577,5,393,startFixPeriod,1765546774.6351814,1795.3661651611328,False
2578,5,393,TargetPresentation,1765546776.0369062,1796.76789188385,False
2579,5,393,TargetDisplacement,1765546776.0437868,1796.7747724056244,True
2580,5,393,RightResponse,1765546777.2167785,1797.9477636814117,False
2581,5,394,FeedbackPeriodStarted,1765546777.2371614,1797.9681446552277,False
2582,5,394,startFixDisplay,1765546777.2372296,1797.9682121276855,False
2583,5,394,startFixPeriod,1765546777.5634573,1798.294440984726,False
2584,5,394,TargetPresentation,1765546778.861128,1799.5921139717102,False
2585,5,394,TargetDisplacement,1765546779.0829048,1799.8138897418976,True
2586,5,394,LeftResponse,1765546779.8395166,1800.5704998970032,False
2587,5,395,FeedbackPeriodStarted,1765546779.8671415,1800.5981268882751,False
2588,5,395,startFixDisplay,1765546779.867289,1800.5982735157013,False
2589,5,395,startFixPeriod,1765546780.3044364,1801.0354216098785,False
2590,5,395,TargetPresentation,1765546781.0954902,1801.826474905014,False
2591,5,395,TargetDisplacement,1765546781.1646893,1801.8956742286682,True
2592,5,395,LeftResponse,1765546781.92148,1802.6524648666382,False
2593,5,395,FeedbackPeriodStarted,1765546781.9626453,1802.693630695343,False
2594,6,396,startFixDisplay,1765546792.294966,1813.025951385498,False
2595,6,396,startFixPeriod,1765546792.3505197,1813.0815048217773,False
2596,6,396,TargetPresentation,1765546793.2874107,1814.0183963775635,False
2597,6,396,TargetDisplacement,1765546793.4676101,1814.198595046997,True
2598,6,396,LeftResponse,1765546794.4394476,1815.1704304218292,False
2599,6,397,FeedbackPeriodStarted,1765546794.4599018,1815.190884590149,False
2600,6,397,startFixDisplay,1765546794.4599824,1815.1909651756287,False
2601,6,397,startFixPeriod,1765546794.6890862,1815.420069694519,False
2602,6,397,TargetPresentation,1765546795.827123,1816.5581085681915,False
2603,6,397,TargetRemoval,1765546796.090545,1816.8215272426605,True
2604,6,397,TargetReappeared,1765546796.3405254,1817.0715091228485,False
2605,6,397,LeftResponse,1765546796.9862466,1817.7172315120697,False
2606,6,398,FeedbackPeriodStarted,1765546797.0135262,1817.7445092201233,False
2607,6,398,startFixDisplay,1765546797.0135953,1817.744577407837,False
2608,6,398,startFixPeriod,1765546797.4300003,1818.1609859466553,False
2609,6,398,TargetPresentation,1765546798.0196776,1818.7506606578827,False
2610,6,398,TargetRemoval,1765546798.3249063,1819.0558910369873,True
2611,6,398,TargetReappeared,1765546798.5749679,1819.3059537410736,False
2612,6,398,LeftResponse,1765546799.1926472,1819.9236307144165,False
2613,6,399,FeedbackPeriodStarted,1765546799.220095,1819.95108127594,False
2614,6,399,startFixDisplay,1765546799.2202473,1819.9512314796448,False
2615,6,399,startFixPeriod,1765546799.4908602,1820.2218458652496,False
2616,6,399,TargetPresentation,1765546800.6566257,1821.387609243393,False
2617,6,399,TargetDisplacement,1765546800.968828,1821.6998131275177,True
2618,6,399,LeftResponse,1765546802.0376174,1822.7686021327972,False
2619,6,400,FeedbackPeriodStarted,1765546802.0651824,1822.7961707115173,False
2620,6,400,startFixDisplay,1765546802.0653234,1822.7963063716888,False
2621,6,400,startFixPeriod,1765546802.3984106,1823.1293952465057,False
2622,6,400,TargetPresentation,1765546803.7444983,1824.4754836559296,False
2623,6,400,TargetDisplacement,1765546803.9108913,1824.6418762207031,True
2624,6,400,RightResponse,1765546804.6883166,1825.4193003177643,False
2625,6,401,FeedbackPeriodStarted,1765546804.715689,1825.446671962738,False
2626,6,401,startFixDisplay,1765546804.7157516,1825.4467339515686,False
2627,6,401,startFixPeriod,1765546805.0419753,1825.7729585170746,False
2628,6,401,TargetPresentation,1765546806.4575531,1827.1885364055634,False
2629,6,401,TargetDisplacement,1765546806.6933627,1827.424345254898,True
2630,6,401,RightResponse,1765546807.6095912,1828.340574502945,False
2631,6,402,FeedbackPeriodStarted,1765546807.6372666,1828.368250131607,False
2632,6,402,startFixDisplay,1765546807.6373353,1828.368317604065,False
2633,6,402,startFixPeriod,1765546807.8941245,1828.6251077651978,False
2634,6,402,TargetPresentation,1765546808.7961507,1829.5271363258362,False
2635,6,402,TargetDisplacement,1765546809.1498377,1829.8808226585388,True
2636,6,402,RightResponse,1765546809.8718753,1830.602860212326,False
2637,6,402,FeedbackPeriodStarted,1765546809.8784096,1830.609394788742,False
2638,6,403,startFixDisplay,1765546811.890783,1832.6217682361603,False
2639,6,403,startFixPeriod,1765546812.1963246,1832.9273099899292,False
2640,6,403,TargetPresentation,1765546813.4037013,1834.1346867084503,False
2641,6,403,TargetDisplacement,1765546813.556192,1834.2871778011322,True
2642,6,403,RightResponse,1765546814.1810386,1834.91202378273,False
2643,6,404,FeedbackPeriodStarted,1765546814.2084153,1834.9393980503082,False
2644,6,404,startFixDisplay,1765546814.2084744,1834.93945646286,False
2645,6,404,startFixPeriod,1765546814.451497,1835.1824824810028,False
2646,6,404,TargetPresentation,1765546815.1799815,1835.9109666347504,False
2647,6,404,TargetDisplacement,1765546815.3949614,1836.1259462833405,True
2648,6,404,LeftResponse,1765546816.3115904,1837.0425753593445,False
2649,6,405,FeedbackPeriodStarted,1765546816.352546,1837.083528995514,False
2650,6,405,startFixDisplay,1765546816.3526094,1837.0835916996002,False
2651,6,405,startFixPeriod,1765546816.6442761,1837.3752615451813,False
2652,6,405,TargetPresentation,1765546817.400609,1838.1315922737122,False
2653,6,405,TargetDisplacement,1765546817.6085854,1838.339567899704,True
2654,6,405,LeftResponse,1765546818.2957916,1839.0267746448517,False
2655,6,406,FeedbackPeriodStarted,1765546818.3233063,1839.05429148674,False
2656,6,406,startFixDisplay,1765546818.3234472,1839.0544312000275,False
2657,6,406,startFixPeriod,1765546818.6356132,1839.366596698761,False
2658,6,406,TargetPresentation,1765546819.177006,1839.9079914093018,False
2659,6,406,TargetRemoval,1765546819.4473972,1840.178379535675,True
2660,6,406,TargetReappeared,1765546819.6974463,1840.4284319877625,False
2661,6,406,RightResponse,1765546820.1837099,1840.9146955013275,False
2662,6,407,FeedbackPeriodStarted,1765546820.2107878,1840.9417736530304,False
2663,6,407,startFixDisplay,1765546820.2109447,1840.9419286251068,False
2664,6,407,startFixPeriod,1765546820.537084,1841.2680699825287,False
2665,6,407,TargetPresentation,1765546821.9040146,1842.6349999904633,False
2666,6,407,TargetRemoval,1765546822.0774102,1842.8083956241608,True
2667,6,407,TargetReappeared,1765546822.3273141,1843.058299779892,False
2668,6,407,RightResponse,1765546823.0424013,1843.7733862400055,False
2669,6,408,FeedbackPeriodStarted,1765546823.069775,1843.8007605075836,False
2670,6,408,startFixDisplay,1765546823.0699189,1843.8009033203125,False
2671,6,408,startFixPeriod,1765546823.520791,1844.2517750263214,False
2672,6,408,TargetPresentation,1765546824.173182,1844.904168844223,False
2673,6,408,TargetRemoval,1765546824.4226525,1845.1536350250244,True
2674,6,408,TargetReappeared,1765546824.6726007,1845.4035844802856,False
2675,6,408,RightResponse,1765546826.0816283,1846.812613248825,False
2676,6,408,FeedbackPeriodStarted,1765546826.087994,1846.8189768791199,False
2677,6,409,startFixDisplay,1765546828.100348,1848.8313331604004,False
2678,6,409,startFixPeriod,1765546828.4128845,1849.1438703536987,False
2679,6,409,TargetPresentation,1765546829.772806,1850.5037903785706,False
2680,6,409,TargetDisplacement,1765546829.9739425,1850.704927444458,True
2681,6,409,RightResponse,1765546831.2859194,1852.0169038772583,False
2682,6,410,FeedbackPeriodStarted,1765546831.3131104,1852.0440936088562,False
2683,6,410,startFixDisplay,1765546831.3131793,1852.0441613197327,False
2684,6,410,startFixPeriod,1765546831.8061042,1852.5370903015137,False
2685,6,410,TargetPresentation,1765546833.1799872,1853.9109728336334,False
2686,6,410,TargetDisplacement,1765546833.2908127,1854.0217952728271,True
2687,6,410,RightResponse,1765546833.9852047,1854.716189622879,False
2688,6,411,FeedbackPeriodStarted,1765546834.012502,1854.7434854507446,False
2689,6,411,startFixDisplay,1765546834.0125678,1854.7435500621796,False
2690,6,411,startFixPeriod,1765546834.41521,1855.1461956501007,False
2691,6,411,TargetPresentation,1765546835.8932054,1856.6241908073425,False
2692,6,411,TargetDisplacement,1765546836.1080065,1856.8389914035797,True
2693,6,411,RightResponse,1765546836.8512008,1857.5821845531464,False
2694,6,412,FeedbackPeriodStarted,1765546836.8783424,1857.6093282699585,False
2695,6,412,startFixDisplay,1765546836.878436,1857.6094183921814,False
2696,6,412,startFixPeriod,1765546837.2531266,1857.9841117858887,False
2697,6,412,TargetPresentation,1765546838.4189477,1859.1499333381653,False
2698,6,412,TargetDisplacement,1765546838.5991948,1859.3301799297333,True
2699,6,412,LeftResponse,1765546839.4046154,1860.1355998516083,False
2700,6,413,FeedbackPeriodStarted,1765546839.431854,1860.1628396511078,False
2701,6,413,startFixDisplay,1765546839.4319942,1860.1629781723022,False
2702,6,413,startFixPeriod,1765546839.7652142,1860.4961984157562,False
2703,6,413,TargetPresentation,1765546841.139213,1861.8702001571655,False
2704,6,413,TargetDisplacement,1765546841.1528573,1861.8838427066803,True
2705,6,413,RightResponse,1765546841.923485,1862.654468536377,False
2706,6,414,FeedbackPeriodStarted,1765546841.9506803,1862.6816630363464,False
2707,6,414,startFixDisplay,1765546841.950745,1862.6817274093628,False
2708,6,414,startFixPeriod,1765546842.263272,1862.994256734848,False
2709,6,414,TargetPresentation,1765546843.3525827,1864.0835661888123,False
2710,6,414,TargetRemoval,1765546843.5329587,1864.2639441490173,True
2711,6,414,TargetReappeared,1765546843.7828655,1864.5138511657715,False
2712,6,414,LeftResponse,1765546844.7894344,1865.5204191207886,False
2713,6,414,FeedbackPeriodStarted,1765546844.795891,1865.5268766880035,False
2714,6,415,startFixDisplay,1765546846.807962,1867.5389444828033,False
2715,6,415,startFixPeriod,1765546847.0788488,1867.8098347187042,False
2716,6,415,TargetPresentation,1765546848.5292363,1869.2602217197418,False
2717,6,415,TargetDisplacement,1765546848.6885905,1869.4195730686188,True
2718,6,415,LeftResponse,1765546849.5078483,1870.238831281662,False
2719,6,416,FeedbackPeriodStarted,1765546849.5351927,1870.266178369522,False
2720,6,416,startFixDisplay,1765546849.535305,1870.2662873268127,False
2721,6,416,startFixPeriod,1765546849.9517117,1870.6826968193054,False
2722,6,416,TargetPresentation,1765546850.7843878,1871.515373468399,False
2723,6,416,TargetRemoval,1765546850.9578404,1871.688826084137,True
2724,6,416,TargetReappeared,1765546851.207572,1871.938555240631,False
2725,6,416,RightResponse,1765546851.7282465,1872.459231376648,False
2726,6,417,FeedbackPeriodStarted,1765546851.755667,1872.4866523742676,False
2727,6,417,startFixDisplay,1765546851.755805,1872.4867889881134,False
2728,6,417,startFixPeriod,1765546852.2485409,1872.9795253276825,False
2729,6,417,TargetPresentation,1765546853.261593,1873.9925773143768,False
2730,6,417,TargetRemoval,1765546853.330861,1874.061845779419,True
2731,6,417,TargetReappeared,1765546853.5807166,1874.31169962883,False
2732,6,417,LeftResponse,1765546854.1357794,1874.8667621612549,False
2733,6,418,FeedbackPeriodStarted,1765546854.1564066,1874.887389421463,False
2734,6,418,startFixDisplay,1765546854.1564853,1874.8874678611755,False
2735,6,418,startFixPeriod,1765546854.4759276,1875.2069132328033,False
2736,6,418,TargetPresentation,1765546855.9123478,1876.6433334350586,False
2737,6,418,TargetRemoval,1765546855.9193153,1876.6503009796143,True
2738,6,418,TargetReappeared,1765546856.1690345,1876.9000189304352,False
2739,6,418,LeftResponse,1765546856.8977406,1877.628723859787,False
2740,6,419,FeedbackPeriodStarted,1765546856.9251976,1877.6561806201935,False
2741,6,419,startFixDisplay,1765546856.9252617,1877.6562440395355,False
2742,6,419,startFixPeriod,1765546857.216824,1877.947808265686,False
2743,6,419,TargetPresentation,1765546857.7580495,1878.4890580177307,False
2744,6,419,TargetDisplacement,1765546857.9523256,1878.6833114624023,True
2745,6,419,RightResponse,1765546858.8338623,1879.5648477077484,False
2746,6,420,FeedbackPeriodStarted,1765546858.868046,1879.59902882576,False
2747,6,420,startFixDisplay,1765546858.8681166,1879.5990989208221,False
2748,6,420,startFixPeriod,1765546859.1320426,1879.8630285263062,False
2749,6,420,TargetPresentation,1765546860.1868126,1880.9177980422974,False
2750,6,420,TargetRemoval,1765546861.1302986,1881.86128115654,True
2751,6,420,TargetReappeared,1765546861.3803284,1882.1113138198853,False
2752,6,420,RightResponse,1765546862.4700167,1883.201001405716,False
2753,6,420,FeedbackPeriodStarted,1765546862.476663,1883.2076461315155,False
2754,6,421,startFixDisplay,1765546864.4888272,1885.219812631607,False
2755,6,421,startFixPeriod,1765546864.7873838,1885.518369436264,False
2756,6,421,TargetPresentation,1765546866.230667,1886.961650133133,False
2757,6,421,TargetDisplacement,1765546866.41789,1887.1488752365112,True
2758,6,421,RightResponse,1765546867.1468883,1887.8778731822968,False
2759,6,422,FeedbackPeriodStarted,1765546867.1742842,1887.9052698612213,False
2760,6,422,startFixDisplay,1765546867.174425,1887.905408859253,False
2761,6,422,startFixPeriod,1765546867.4519792,1888.182965040207,False
2762,6,422,TargetPresentation,1765546868.2500043,1888.9809896945953,False
2763,6,422,TargetDisplacement,1765546868.5551376,1889.286122560501,True
2764,6,422,RightResponse,1765546869.353633,1890.0846183300018,False
2765,6,423,FeedbackPeriodStarted,1765546869.3809226,1890.111908197403,False
2766,6,423,startFixDisplay,1765546869.3810854,1890.1120705604553,False
2767,6,423,startFixPeriod,1765546869.61698,1890.3479657173157,False
2768,6,423,TargetPresentation,1765546870.4218626,1891.1528463363647,False
2769,6,423,TargetRemoval,1765546870.4288476,1891.1598331928253,True
2770,6,423,TargetReappeared,1765546870.6785822,1891.4095661640167,False
2771,6,423,LeftResponse,1765546871.29637,1892.0273535251617,False
2772,6,424,FeedbackPeriodStarted,1765546871.323781,1892.0547664165497,False
2773,6,424,startFixDisplay,1765546871.3239126,1892.0548968315125,False
2774,6,424,startFixPeriod,1765546871.6431196,1892.3741030693054,False
2775,6,424,TargetPresentation,1765546872.5592015,1893.2901873588562,False
2776,6,424,TargetDisplacement,1765546872.6976705,1893.4286530017853,True
2777,6,424,RightResponse,1765546874.0513234,1894.7823083400726,False
2778,6,425,FeedbackPeriodStarted,1765546874.0785933,1894.809578180313,False
2779,6,425,startFixDisplay,1765546874.0787344,1894.8097183704376,False
2780,6,425,startFixPeriod,1765546874.3355484,1895.0665335655212,False
2781,6,425,TargetPresentation,1765546875.3001058,1896.0310916900635,False
2782,6,425,TargetDisplacement,1765546875.3346071,1896.065592288971,True
2783,6,425,LeftResponse,1765546876.2371056,1896.9680905342102,False
2784,6,426,FeedbackPeriodStarted,1765546876.264413,1896.9953985214233,False
2785,6,426,startFixDisplay,1765546876.264621,1896.9956033229828,False
2786,6,426,startFixPeriod,1765546876.5629752,1897.2939610481262,False
2787,6,426,TargetPresentation,1765546877.7565072,1898.487492799759,False
2788,6,426,TargetDisplacement,1765546877.9367216,1898.6677067279816,True
2789,6,426,LeftResponse,1765546878.7558804,1899.4868640899658,False
2790,6,426,FeedbackPeriodStarted,1765546878.7624912,1899.49347615242,False
2791,6,427,startFixDisplay,1765546880.7746148,1901.5055975914001,False
2792,6,427,startFixPeriod,1765546881.0247066,1901.7556898593903,False
2793,6,427,TargetPresentation,1765546881.5591238,1902.2901093959808,False
2794,6,427,TargetRemoval,1765546881.7601442,1902.4911291599274,True
2795,6,427,TargetReappeared,1765546882.0102372,1902.741223335266,False
2796,6,427,RightResponse,1765546882.5446486,1903.275633573532,False
2797,6,428,FeedbackPeriodStarted,1765546882.5720003,1903.3029856681824,False
2798,6,428,startFixDisplay,1765546882.5721776,1903.3031618595123,False
2799,6,428,startFixPeriod,1765546882.8289187,1903.5599029064178,False
2800,6,428,TargetPresentation,1765546883.814318,1904.5453021526337,False
2801,6,428,TargetDisplacement,1765546884.0015495,1904.732534646988,True
2802,6,428,RightResponse,1765546885.1952286,1905.926212310791,False
2803,6,429,FeedbackPeriodStarted,1765546885.2227442,1905.9537296295166,False
2804,6,429,startFixDisplay,1765546885.2228348,1905.9538171291351,False
2805,6,429,startFixPeriod,1765546885.7017217,1906.4327070713043,False
2806,6,429,TargetPresentation,1765546886.2291055,1906.9600915908813,False
2807,6,429,TargetDisplacement,1765546886.2360213,1906.9670071601868,True
2808,6,429,LeftResponse,1765546887.0410423,1907.7720255851746,False
2809,6,430,FeedbackPeriodStarted,1765546887.0684547,1907.7994401454926,False
2810,6,430,startFixDisplay,1765546887.0685885,1907.7995705604553,False
2811,6,430,startFixPeriod,1765546887.387796,1908.1187810897827,False
2812,6,430,TargetPresentation,1765546887.9498794,1908.6808626651764,False
2813,6,430,TargetDisplacement,1765546887.956821,1908.687804698944,True
2814,6,430,LeftResponse,1765546888.9978712,1909.7288537025452,False
2815,6,431,FeedbackPeriodStarted,1765546889.0253255,1909.7563230991364,False
2816,6,431,startFixDisplay,1765546889.0254056,1909.7563879489899,False
2817,6,431,startFixPeriod,1765546889.2892303,1910.0202162265778,False
2818,6,431,TargetPresentation,1765546890.6076126,1911.3385982513428,False
2819,6,431,TargetDisplacement,1765546891.3845162,1912.1154987812042,True
2820,6,431,RightResponse,1765546891.4403772,1912.1713602542877,False
2821,6,432,FeedbackPeriodStarted,1765546891.467879,1912.19886469841,False
2822,6,432,startFixDisplay,1765546891.4680161,1912.199000120163,False
2823,6,432,startFixPeriod,1765546891.7178667,1912.448852300644,False
2824,6,432,TargetPresentation,1765546892.7864883,1913.5174736976624,False
2825,6,432,TargetDisplacement,1765546892.9459894,1913.676974773407,True
2826,6,432,LeftResponse,1765546893.6056287,1914.3366146087646,False
2827,6,432,FeedbackPeriodStarted,1765546893.6192098,1914.3501951694489,False
2828,6,433,startFixDisplay,1765546895.631161,1916.3621439933777,False
2829,6,433,startFixPeriod,1765546895.9506977,1916.6816833019257,False
2830,6,433,TargetPresentation,1765546897.1719809,1917.90296626091,False
2831,6,433,TargetRemoval,1765546897.3659935,1918.096978187561,True
2832,6,433,TargetReappeared,1765546897.6160102,1918.3469941616058,False
2833,6,433,RightResponse,1765546898.1645176,1918.8955023288727,False
2834,6,434,FeedbackPeriodStarted,1765546898.1916595,1918.9226422309875,False
2835,6,434,startFixDisplay,1765546898.1917207,1918.9227030277252,False
2836,6,434,startFixPeriod,1765546898.4696307,1919.2006163597107,False
2837,6,434,TargetPresentation,1765546899.5449111,1920.275895357132,False
2838,6,434,TargetRemoval,1765546899.9335942,1920.664579153061,True
2839,6,434,TargetReappeared,1765546900.1834867,1920.914472103119,False
2840,6,434,RightResponse,1765546900.9052553,1921.6362390518188,False
2841,6,435,FeedbackPeriodStarted,1765546900.9326816,1921.6636669635773,False
2842,6,435,startFixDisplay,1765546900.9327645,1921.6637468338013,False
2843,6,435,startFixPeriod,1765546901.238255,1921.9692406654358,False
2844,6,435,TargetPresentation,1765546902.2929094,1923.0238926410675,False
2845,6,435,TargetDisplacement,1765546902.5911918,1923.32217669487,True
2846,6,435,RightResponse,1765546903.6186512,1924.3496351242065,False
2847,6,436,FeedbackPeriodStarted,1765546903.6460023,1924.3769879341125,False
2848,6,436,startFixDisplay,1765546903.646198,1924.377182483673,False
2849,6,436,startFixPeriod,1765546903.9583874,1924.689373254776,False
2850,6,436,TargetPresentation,1765546904.6522818,1925.3832676410675,False
2851,6,436,TargetRemoval,1765546904.7146153,1925.4456005096436,True
2852,6,436,TargetReappeared,1765546904.9644935,1925.6954789161682,False
2853,6,436,RightResponse,1765546905.561513,1926.292496919632,False
2854,6,437,FeedbackPeriodStarted,1765546905.5889204,1926.3199059963226,False
2855,6,437,startFixDisplay,1765546905.589087,1926.320071220398,False
2856,6,437,startFixPeriod,1765546906.0470753,1926.7780621051788,False
2857,6,437,TargetPresentation,1765546906.8935883,1927.6245737075806,False
2858,6,437,TargetDisplacement,1765546907.05993,1927.7909152507782,True
2859,6,437,RightResponse,1765546908.309594,1929.0405793190002,False
2860,6,438,FeedbackPeriodStarted,1765546908.3437076,1929.0746929645538,False
2861,6,438,startFixDisplay,1765546908.3438556,1929.07483959198,False
2862,6,438,startFixPeriod,1765546908.5727923,1929.3037781715393,False
2863,6,438,TargetPresentation,1765546909.6969304,1930.427913427353,False
2864,6,438,TargetDisplacement,1765546909.8633075,1930.5942924022675,True
2865,6,438,RightResponse,1765546910.4743905,1931.2053754329681,False
2866,6,438,FeedbackPeriodStarted,1765546910.487912,1931.218894958496,False
2867,6,439,startFixDisplay,1765546912.4999862,1933.230968952179,False
2868,6,439,startFixPeriod,1765546912.8542542,1933.5852398872375,False
2869,6,439,TargetPresentation,1765546913.693834,1934.4248175621033,False
2870,6,439,TargetRemoval,1765546913.880951,1934.6119334697723,True
2871,6,439,TargetReappeared,1765546914.1309457,1934.8619289398193,False
2872,6,439,LeftResponse,1765546915.0542526,1935.7852375507355,False
2873,6,440,FeedbackPeriodStarted,1765546915.0815132,1935.812498807907,False
2874,6,440,startFixDisplay,1765546915.0816522,1935.8126361370087,False
2875,6,440,startFixPeriod,1765546915.3245292,1936.0555148124695,False
2876,6,440,TargetPresentation,1765546916.4486632,1937.1796491146088,False
2877,6,440,TargetDisplacement,1765546916.6428635,1937.3738520145416,True
2878,6,440,RightResponse,1765546917.5242252,1938.2552087306976,False
2879,6,441,FeedbackPeriodStarted,1765546917.5517547,1938.2827401161194,False
2880,6,441,startFixDisplay,1765546917.5518837,1938.2828679084778,False
2881,6,441,startFixPeriod,1765546917.8226008,1938.5535867214203,False
2882,6,441,TargetPresentation,1765546918.488593,1939.2195782661438,False
2883,6,441,TargetDisplacement,1765546918.786933,1939.5179181098938,True
2884,6,441,LeftResponse,1765546920.091862,1940.822845697403,False
2885,6,442,FeedbackPeriodStarted,1765546920.11918,1940.8501653671265,False
2886,6,442,startFixDisplay,1765546920.1193175,1940.8503015041351,False
2887,6,442,startFixPeriod,1765546920.4941432,1941.2251281738281,False
2888,6,442,TargetPresentation,1765546921.0075855,1941.7385709285736,False
2889,6,442,TargetRemoval,1765546921.194885,1941.92587018013,True
2890,6,442,TargetReappeared,1765546921.4447737,1942.1757593154907,False
2891,6,442,LeftResponse,1765546922.0902586,1942.821242570877,False
2892,6,443,FeedbackPeriodStarted,1765546922.1176517,1942.8486368656158,False
2893,6,443,startFixDisplay,1765546922.1177866,1942.8487706184387,False
2894,6,443,startFixPeriod,1765546922.360686,1943.091670036316,False
2895,6,443,TargetPresentation,1765546923.8040075,1944.5349912643433,False
2896,6,443,TargetRemoval,1765546923.9842765,1944.7152614593506,True
2897,6,443,TargetReappeared,1765546924.234359,1944.9653451442719,False
2898,6,443,RightResponse,1765546924.6577966,1945.3887815475464,False
2899,6,444,FeedbackPeriodStarted,1765546924.6851883,1945.416173696518,False
2900,6,444,startFixDisplay,1765546924.685338,1945.4163222312927,False
2901,6,444,startFixPeriod,1765546924.9906082,1945.7215929031372,False
2902,6,444,TargetPresentation,1765546926.413106,1947.144089460373,False
2903,6,444,TargetDisplacement,1765546926.5725634,1947.3035459518433,True
2904,6,444,LeftResponse,1765546927.1279783,1947.8589613437653,False
2905,6,444,FeedbackPeriodStarted,1765546927.134804,1947.8657896518707,False
2906,6,445,startFixDisplay,1765546929.1467652,1949.8777482509613,False
2907,6,445,startFixPeriod,1765546929.4038765,1950.1348624229431,False
2908,6,445,TargetPresentation,1765546930.250508,1950.9814937114716,False
2909,6,445,TargetDisplacement,1765546930.4098384,1951.1408207416534,True
2910,6,445,LeftResponse,1765546931.1874955,1951.9184803962708,False
2911,6,446,FeedbackPeriodStarted,1765546931.2147214,1951.9457068443298,False
2912,6,446,startFixDisplay,1765546931.2148318,1951.9458141326904,False
2913,6,446,startFixPeriod,1765546931.4855866,1952.2165722846985,False
2914,6,446,TargetPresentation,1765546932.1170402,1952.848025560379,False
2915,6,446,TargetDisplacement,1765546932.3181016,1953.0490868091583,True
2916,6,446,RightResponse,1765546933.033187,1953.7641718387604,False
2917,6,447,FeedbackPeriodStarted,1765546933.0605733,1953.7915587425232,False
2918,6,447,startFixDisplay,1765546933.060784,1953.7917666435242,False
2919,6,447,startFixPeriod,1765546933.2827375,1954.013723373413,False
2920,6,447,TargetPresentation,1765546934.1015308,1954.8325164318085,False
2921,6,447,TargetDisplacement,1765546934.281808,1955.0127928256989,True
2922,6,447,RightResponse,1765546935.0801852,1955.8111696243286,False
2923,6,448,FeedbackPeriodStarted,1765546935.1074274,1955.8384101390839,False
2924,6,448,startFixDisplay,1765546935.1074913,1955.838473558426,False
2925,6,448,startFixPeriod,1765546935.3575795,1956.0885653495789,False
2926,6,448,TargetPresentation,1765546936.023728,1956.7547135353088,False
2927,6,448,TargetDisplacement,1765546936.0582893,1956.7892744541168,True
2928,6,448,RightResponse,1765546936.7942965,1957.525282382965,False
2929,6,449,FeedbackPeriodStarted,1765546936.8215437,1957.5525269508362,False
2930,6,449,startFixDisplay,1765546936.8216083,1957.5525903701782,False
2931,6,449,startFixPeriod,1765546937.0992355,1957.830219745636,False
2932,6,449,TargetPresentation,1765546938.0359163,1958.7668998241425,False
2933,6,449,TargetDisplacement,1765546938.0428991,1958.7738828659058,True
2934,6,449,LeftResponse,1765546938.764763,1959.495745897293,False
2935,6,450,FeedbackPeriodStarted,1765546938.7922099,1959.5231955051422,False
2936,6,450,startFixDisplay,1765546938.7923503,1959.5233345031738,False
2937,6,450,startFixPeriod,1765546939.0769112,1959.8078968524933,False
2938,6,450,TargetPresentation,1765546940.2010164,1960.9320001602173,False
2939,6,450,TargetRemoval,1765546941.2556787,1961.9866638183594,True
2940,6,450,TargetReappeared,1765546941.505564,1962.2365477085114,False
2941,6,450,LeftResponse,1765546942.4562118,1963.1871950626373,False
2942,6,450,FeedbackPeriodStarted,1765546942.4630265,1963.1940116882324,False
2943,6,451,startFixDisplay,1765546944.4821982,1965.2131836414337,False
2944,6,451,startFixPeriod,1765546944.857098,1965.5880825519562,False
2945,6,451,TargetPresentation,1765546945.4607515,1966.1917345523834,False
2946,6,451,TargetDisplacement,1765546945.752219,1966.483204126358,True
2947,6,451,LeftResponse,1765546946.4186847,1967.1496696472168,False
2948,6,452,FeedbackPeriodStarted,1765546946.4459379,1967.176920890808,False
2949,6,452,startFixDisplay,1765546946.4460533,1967.1770524978638,False
2950,6,452,startFixPeriod,1765546946.6889439,1967.4199295043945,False
2951,6,452,TargetPresentation,1765546947.6049907,1968.3359744548798,False
2952,6,452,TargetRemoval,1765546947.9447849,1968.6757674217224,True
2953,6,452,TargetReappeared,1765546948.1948237,1968.9258077144623,False
2954,6,452,RightResponse,1765546949.173276,1969.9042587280273,False
2955,6,453,FeedbackPeriodStarted,1765546949.2007442,1969.9317278862,False
2956,6,453,startFixDisplay,1765546949.2008383,1969.931821346283,False
2957,6,453,startFixPeriod,1765546949.5964918,1970.3274772167206,False
2958,6,453,TargetPresentation,1765546950.2765486,1971.0075342655182,False
2959,6,453,TargetDisplacement,1765546950.5539458,1971.284931898117,True
2960,6,453,RightResponse,1765546951.1649532,1971.8959362506866,False
2961,6,454,FeedbackPeriodStarted,1765546951.1923656,1971.9233510494232,False
2962,6,454,startFixDisplay,1765546951.1925192,1971.923501253128,False
2963,6,454,startFixPeriod,1765546951.4284365,1972.1594219207764,False
2964,6,454,TargetPresentation,1765546951.9905012,1972.7214868068695,False
2965,6,454,TargetDisplacement,1765546952.1637008,1972.894683122635,True
2966,6,454,RightResponse,1765546953.2879655,1974.018947839737,False
2967,6,455,FeedbackPeriodStarted,1765546953.3157136,1974.0466990470886,False
2968,6,455,startFixDisplay,1765546953.315861,1974.0468451976776,False
2969,6,455,startFixPeriod,1765546953.5240803,1974.255068063736,False
2970,6,455,TargetPresentation,1765546954.7522602,1975.4832453727722,False
2971,6,455,TargetDisplacement,1765546956.0497448,1976.780730009079,True
2972,6,455,RightResponse,1765546957.1462853,1977.8772687911987,False
2973,6,456,FeedbackPeriodStarted,1765546957.1738286,1977.904814004898,False
2974,6,456,startFixDisplay,1765546957.1739738,1977.9049689769745,False
2975,6,456,startFixPeriod,1765546957.4445848,1978.1755707263947,False
2976,6,456,TargetPresentation,1765546958.7699497,1979.5009353160858,False
2977,6,456,TargetDisplacement,1765546958.970993,1979.7019782066345,True
2978,6,456,RightResponse,1765546960.435585,1981.1665697097778,False
2979,6,456,FeedbackPeriodStarted,1765546960.4422355,1981.1732184886932,False
2980,6,457,startFixDisplay,1765546962.676429,1983.4074144363403,False
2981,6,457,startFixPeriod,1765546962.9542122,1983.685197353363,False
2982,6,457,TargetPresentation,1765546963.7660887,1984.49707365036,False
2983,6,457,TargetRemoval,1765546964.0295627,1984.7605473995209,True
2984,6,457,TargetReappeared,1765546964.279444,1985.0104293823242,False
2985,6,457,RightResponse,1765546965.2511656,1985.982148885727,False
2986,6,458,FeedbackPeriodStarted,1765546965.2785532,1986.0095386505127,False
2987,6,458,startFixDisplay,1765546965.2786913,1986.0096752643585,False
2988,6,458,startFixPeriod,1765546965.5424635,1986.2734489440918,False
2989,6,458,TargetPresentation,1765546966.853771,1987.5847539901733,False
2990,6,458,TargetDisplacement,1765546967.0549638,1987.7859489917755,True
2991,6,458,RightResponse,1765546968.2279267,1988.9589092731476,False
2992,6,459,FeedbackPeriodStarted,1765546968.255402,1988.9863874912262,False
2993,6,459,startFixDisplay,1765546968.2555423,1988.9865267276764,False
2994,6,459,startFixPeriod,1765546968.5191748,1989.250158548355,False
2995,6,459,TargetPresentation,1765546969.1438406,1989.8748254776,False
2996,6,459,TargetDisplacement,1765546970.052729,1990.7837138175964,True
2997,6,459,RightResponse,1765546970.4832454,1991.214228630066,False
2998,6,460,FeedbackPeriodStarted,1765546970.5106,1991.2415828704834,False
2999,6,460,startFixDisplay,1765546970.5106642,1991.2416462898254,False
3000,6,460,startFixPeriod,1765546970.9688325,1991.699818611145,False
3001,6,460,TargetPresentation,1765546971.7458696,1992.4768550395966,False
3002,6,460,TargetDisplacement,1765546972.0510666,1992.7820489406586,True
3003,6,460,RightResponse,1765546972.6204903,1993.3514740467072,False
3004,6,461,FeedbackPeriodStarted,1765546972.6477125,1993.3786957263947,False
3005,6,461,startFixDisplay,1765546972.647765,1993.3787472248077,False
3006,6,461,startFixPeriod,1765546972.9186375,1993.6496229171753,False
3007,6,461,TargetPresentation,1765546973.4391105,1994.1700947284698,False
3008,6,461,TargetDisplacement,1765546973.4806938,1994.2116792201996,True
3009,6,461,LeftResponse,1765546974.2164736,1994.9474585056305,False
3010,6,461,FeedbackPeriodStarted,1765546974.2577274,1994.9887142181396,False
3011,7,462,startFixDisplay,1765546985.3601434,2006.0911285877228,False
3012,7,462,startFixPeriod,1765546985.367225,2006.0982098579407,False
3013,7,462,TargetPresentation,1765546986.2068725,2006.9378559589386,False
3014,7,462,TargetRemoval,1765546986.421893,2007.1528751850128,True
3015,7,462,TargetReappeared,1765546986.6718981,2007.4028825759888,False
3016,7,462,LeftResponse,1765546987.185517,2007.9165008068085,False
3017,7,463,FeedbackPeriodStarted,1765546987.2129357,2007.943921327591,False
3018,7,463,startFixDisplay,1765546987.2131114,2007.944096326828,False
3019,7,463,startFixPeriod,1765546987.4421158,2008.1731011867523,False
3020,7,463,TargetPresentation,1765546988.170797,2008.901783466339,False
3021,7,463,TargetDisplacement,1765546988.5730014,2009.3039860725403,True
3022,7,463,LeftResponse,1765546989.315982,2010.046966791153,False
3023,7,464,FeedbackPeriodStarted,1765546989.3432016,2010.074187040329,False
3024,7,464,startFixDisplay,1765546989.343334,2010.074317932129,False
3025,7,464,startFixPeriod,1765546989.836011,2010.5669956207275,False
3026,7,464,TargetPresentation,1765546990.613059,2011.344042301178,False
3027,7,464,TargetDisplacement,1765546990.7795627,2011.5105459690094,True
3028,7,464,RightResponse,1765546991.778868,2012.5098507404327,False
3029,7,465,FeedbackPeriodStarted,1765546991.7996414,2012.5306243896484,False
3030,7,465,startFixDisplay,1765546991.7996986,2012.5306808948517,False
3031,7,465,startFixPeriod,1765546992.18823,2012.9192140102386,False
3032,7,465,TargetPresentation,1765546992.9931774,2013.7241611480713,False
3033,7,465,TargetDisplacement,1765546993.201218,2013.9322006702423,True
3034,7,465,RightResponse,1765546994.0345247,2014.7655100822449,False
3035,7,466,FeedbackPeriodStarted,1765546994.0617673,2014.7927503585815,False
3036,7,466,startFixDisplay,1765546994.06183,2014.792812347412,False
3037,7,466,startFixPeriod,1765546994.318736,2015.0497210025787,False
3038,7,466,TargetPresentation,1765546995.1860926,2015.9170763492584,False
3039,7,466,TargetRemoval,1765546995.4565372,2016.1875221729279,True
3040,7,466,TargetReappeared,1765546995.706494,2016.4374780654907,False
3041,7,466,LeftResponse,1765546996.3173735,2017.048357963562,False
3042,7,467,FeedbackPeriodStarted,1765546996.3446774,2017.0756628513336,False
3043,7,467,startFixDisplay,1765546996.3448179,2017.0758018493652,False
3044,7,467,startFixPeriod,1765546996.608612,2017.3395977020264,False
3045,7,467,TargetPresentation,1765546997.6911066,2018.4220905303955,False
3046,7,467,TargetDisplacement,1765546997.8574543,2018.588439464569,True
3047,7,467,RightResponse,1765546998.5585327,2019.2895152568817,False
3048,7,468,FeedbackPeriodStarted,1765546998.5860195,2019.3170056343079,False
3049,7,468,startFixDisplay,1765546998.5861306,2019.3171129226685,False
3050,7,468,startFixPeriod,1765546998.8706958,2019.601681470871,False
3051,7,468,TargetPresentation,1765547000.3210855,2021.05207157135,False
3052,7,468,TargetDisplacement,1765547000.473448,2021.2044332027435,True
3053,7,468,LeftResponse,1765547002.278163,2023.009147644043,False
3054,7,468,FeedbackPeriodStarted,1765547002.2845254,2023.0155103206635,False
3055,7,469,startFixDisplay,1765547004.2967293,2025.0277121067047,False
3056,7,469,startFixPeriod,1765547004.5538414,2025.284824848175,False
3057,7,469,TargetPresentation,1765547005.1991012,2025.9300854206085,False
3058,7,469,TargetDisplacement,1765547005.4001799,2026.1311650276184,True
3059,7,469,RightResponse,1765547006.0460978,2026.7770817279816,False
3060,7,470,FeedbackPeriodStarted,1765547006.0733051,2026.8042907714844,False
3061,7,470,startFixDisplay,1765547006.0734665,2026.8044521808624,False
3062,7,470,startFixPeriod,1765547006.302372,2027.0333552360535,False
3063,7,470,TargetPresentation,1765547007.565343,2028.2963275909424,False
3064,7,470,TargetDisplacement,1765547007.7248788,2028.4558641910553,True
3065,7,470,LeftResponse,1765547008.5716457,2029.3026292324066,False
3066,7,471,FeedbackPeriodStarted,1765547008.5990748,2029.3300607204437,False
3067,7,471,startFixDisplay,1765547008.599211,2029.3301949501038,False
3068,7,471,startFixPeriod,1765547009.19598,2029.9269649982452,False
3069,7,471,TargetPresentation,1765547009.8761146,2030.6071002483368,False
3070,7,471,TargetDisplacement,1765547010.930692,2031.6616773605347,True
3071,7,471,LeftResponse,1765547012.2008975,2032.9318823814392,False
3072,7,472,FeedbackPeriodStarted,1765547012.2281888,2032.9591739177704,False
3073,7,472,startFixDisplay,1765547012.2283256,2032.959309577942,False
3074,7,472,startFixPeriod,1765547012.4434538,2033.174438238144,False
3075,7,472,TargetPresentation,1765547013.2761366,2034.0071203708649,False
3076,7,472,TargetRemoval,1765547013.4425652,2034.1735496520996,True
3077,7,472,TargetReappeared,1765547013.6925538,2034.4235377311707,False
3078,7,472,RightResponse,1765547014.109194,2034.840176820755,False
3079,7,473,FeedbackPeriodStarted,1765547014.1365252,2034.8675105571747,False
3080,7,473,startFixDisplay,1765547014.136672,2034.8676562309265,False
3081,7,473,startFixPeriod,1765547014.3725975,2035.1035833358765,False
3082,7,473,TargetPresentation,1765547015.5244439,2036.2554290294647,False
3083,7,473,TargetDisplacement,1765547015.7116613,2036.4426465034485,True
3084,7,473,LeftResponse,1765547016.4615357,2037.1925203800201,False
3085,7,474,FeedbackPeriodStarted,1765547016.4887662,2037.2197523117065,False
3086,7,474,startFixDisplay,1765547016.4889143,2037.219898223877,False
3087,7,474,startFixPeriod,1765547016.7318478,2037.4628331661224,False
3088,7,474,TargetPresentation,1765547017.3077214,2038.0387043952942,False
3089,7,474,TargetRemoval,1765547017.4950953,2038.2260825634003,True
3090,7,474,TargetReappeared,1765547017.744969,2038.4759545326233,False
3091,7,474,RightResponse,1765547018.2030914,2038.9340753555298,False
3092,7,474,FeedbackPeriodStarted,1765547018.209968,2038.940951347351,False
3093,7,475,startFixDisplay,1765547020.2288918,2040.9598767757416,False
3094,7,475,startFixPeriod,1765547020.492832,2041.2238175868988,False
3095,7,475,TargetPresentation,1765547021.2144582,2041.9454426765442,False
3096,7,475,TargetRemoval,1765547021.4294174,2042.1604022979736,True
3097,7,475,TargetReappeared,1765547021.679338,2042.410322189331,False
3098,7,475,RightResponse,1765547022.2275987,2042.9585814476013,False
3099,7,476,FeedbackPeriodStarted,1765547022.255214,2042.9861998558044,False
3100,7,476,startFixDisplay,1765547022.2553651,2042.9863493442535,False
3101,7,476,startFixPeriod,1765547022.5050497,2043.2360343933105,False
3102,7,476,TargetPresentation,1765547023.3031828,2044.0341663360596,False
3103,7,476,TargetDisplacement,1765547023.3100905,2044.0410766601562,True
3104,7,476,LeftResponse,1765547024.4899566,2045.2209417819977,False
3105,7,477,FeedbackPeriodStarted,1765547024.5173497,2045.2483355998993,False
3106,7,477,startFixDisplay,1765547024.5174823,2045.2484667301178,False
3107,7,477,startFixPeriod,1765547024.9129899,2045.6439731121063,False
3108,7,477,TargetPresentation,1765547025.412627,2046.1436123847961,False
3109,7,477,TargetDisplacement,1765547025.6068008,2046.3377859592438,True
3110,7,477,RightResponse,1765547026.5162165,2047.2472002506256,False
3111,7,478,FeedbackPeriodStarted,1765547026.5503676,2047.2813527584076,False
3112,7,478,startFixDisplay,1765547026.5505664,2047.2815508842468,False
3113,7,478,startFixPeriod,1765547026.9323084,2047.6632943153381,False
3114,7,478,TargetPresentation,1765547028.2505906,2048.9815735816956,False
3115,7,478,TargetDisplacement,1765547029.6382508,2050.3692333698273,True
3116,7,478,RightResponse,1765547030.7072744,2051.438257932663,False
3117,7,479,FeedbackPeriodStarted,1765547030.7347374,2051.465722799301,False
3118,7,479,startFixDisplay,1765547030.7348833,2051.46586728096,False
3119,7,479,startFixPeriod,1765547030.9430518,2051.674062728882,False
3120,7,479,TargetPresentation,1765547032.0047035,2052.735689163208,False
3121,7,479,TargetDisplacement,1765547032.0116374,2052.7426233291626,True
3122,7,479,LeftResponse,1765547033.0943835,2053.825366973877,False
3123,7,480,FeedbackPeriodStarted,1765547033.1216319,2053.8526146411896,False
3124,7,480,startFixDisplay,1765547033.1216955,2053.8526775836945,False
3125,7,480,startFixPeriod,1765547033.3993707,2054.130354166031,False
3126,7,480,TargetPresentation,1765547034.016991,2054.747975587845,False
3127,7,480,TargetRemoval,1765547034.0239856,2054.754971265793,True
3128,7,480,TargetReappeared,1765547034.2736423,2055.0046248435974,False
3129,7,480,RightResponse,1765547034.9054418,2055.6364266872406,False
3130,7,480,FeedbackPeriodStarted,1765547034.9118807,2055.6428644657135,False
3131,7,481,startFixDisplay,1765547036.9246309,2057.655613422394,False
3132,7,481,startFixPeriod,1765547037.035531,2057.7665164470673,False
3133,7,481,TargetPresentation,1765547037.6045601,2058.335546731949,False
3134,7,481,TargetDisplacement,1765547037.7916844,2058.5226690769196,True
3135,7,481,LeftResponse,1765547039.0481303,2059.779114484787,False
3136,7,482,FeedbackPeriodStarted,1765547039.0753734,2059.806356191635,False
3137,7,482,startFixDisplay,1765547039.075434,2059.806416273117,False
3138,7,482,startFixPeriod,1765547039.3323905,2060.063375711441,False
3139,7,482,TargetPresentation,1765547039.9499419,2060.6809265613556,False
3140,7,482,TargetDisplacement,1765547040.1301675,2060.8611500263214,True
3141,7,482,LeftResponse,1765547040.817517,2061.548501968384,False
3142,7,483,FeedbackPeriodStarted,1765547040.8447955,2061.5757784843445,False
3143,7,483,startFixDisplay,1765547040.8449097,2061.5758922100067,False
3144,7,483,startFixPeriod,1765547041.0739794,2061.8049626350403,False
3145,7,483,TargetPresentation,1765547041.7402425,2062.4712278842926,False
3146,7,483,TargetRemoval,1765547041.9279065,2062.6588892936707,True
3147,7,483,TargetReappeared,1765547042.1773775,2062.9083631038666,False
3148,7,483,LeftResponse,1765547043.162987,2063.893972158432,False
3149,7,484,FeedbackPeriodStarted,1765547043.1902637,2063.9212493896484,False
3150,7,484,startFixDisplay,1765547043.1904,2063.9213840961456,False
3151,7,484,startFixPeriod,1765547043.4540846,2064.1850678920746,False
3152,7,484,TargetPresentation,1765547044.8904188,2065.621402025223,False
3153,7,484,TargetDisplacement,1765547045.0429993,2065.7739820480347,True
3154,7,484,RightResponse,1765547046.6185293,2067.3495128154755,False
3155,7,485,FeedbackPeriodStarted,1765547046.646028,2067.3770139217377,False
3156,7,485,startFixDisplay,1765547046.6461568,2067.3771390914917,False
3157,7,485,startFixPeriod,1765547047.055536,2067.786521911621,False
3158,7,485,TargetPresentation,1765547047.5551507,2068.2861359119415,False
3159,7,485,TargetDisplacement,1765547047.7353752,2068.466360092163,True
3160,7,485,LeftResponse,1765547048.7973764,2069.528359413147,False
3161,7,486,FeedbackPeriodStarted,1765547048.8247497,2069.5557358264923,False
3162,7,486,startFixDisplay,1765547048.8248973,2069.555881500244,False
3163,7,486,startFixPeriod,1765547049.2135818,2069.9445672035217,False
3164,7,486,TargetPresentation,1765547049.8103797,2070.541363954544,False
3165,7,486,TargetDisplacement,1765547050.0252428,2070.756227493286,True
3166,7,486,RightResponse,1765547050.962467,2071.693452358246,False
3167,7,486,FeedbackPeriodStarted,1765547050.9691572,2071.7001423835754,False
3168,7,487,startFixDisplay,1765547052.9880948,2073.719077348709,False
3169,7,487,startFixPeriod,1765547053.2659607,2073.996946334839,False
3170,7,487,TargetPresentation,1765547054.050135,2074.781120300293,False
3171,7,487,TargetDisplacement,1765547054.2371929,2074.9681754112244,True
3172,7,487,LeftResponse,1765547055.0703862,2075.8013706207275,False
3173,7,488,FeedbackPeriodStarted,1765547055.0976906,2075.828676223755,False
3174,7,488,startFixDisplay,1765547055.0978863,2075.828871011734,False
3175,7,488,startFixPeriod,1765547055.3268878,2076.057873725891,False
3176,7,488,TargetPresentation,1765547056.534304,2077.265289545059,False
3177,7,488,TargetDisplacement,1765547056.7006285,2077.431613445282,True
3178,7,488,RightResponse,1765547057.6655083,2078.3964920043945,False
3179,7,489,FeedbackPeriodStarted,1765547057.6932218,2078.4242045879364,False
3180,7,489,startFixDisplay,1765547057.6932855,2078.4242675304413,False
3181,7,489,startFixPeriod,1765547058.3106778,2079.0416634082794,False
3182,7,489,TargetPresentation,1765547059.3861816,2080.1171655654907,False
3183,7,489,TargetDisplacement,1765547059.3931258,2080.124111175537,True
3184,7,489,RightResponse,1765547060.1564364,2080.8874201774597,False
3185,7,490,FeedbackPeriodStarted,1765547060.1841466,2080.9151322841644,False
3186,7,490,startFixDisplay,1765547060.184291,2080.9152750968933,False
3187,7,490,startFixPeriod,1765547060.7809813,2081.511966943741,False
3188,7,490,TargetPresentation,1765547061.3082893,2082.039273262024,False
3189,7,490,TargetDisplacement,1765547061.315311,2082.0462946891785,True
3190,7,490,RightResponse,1765547062.869744,2083.600727558136,False
3191,7,491,FeedbackPeriodStarted,1765547062.8971848,2083.628170490265,False
3192,7,491,startFixDisplay,1765547062.8973253,2083.628309249878,False
3193,7,491,startFixPeriod,1765547063.2442534,2083.975237131119,False
3194,7,491,TargetPresentation,1765547064.1325002,2084.863485813141,False
3195,7,491,TargetDisplacement,1765547064.3197188,2085.050703763962,True
3196,7,491,LeftResponse,1765547065.2499025,2085.9808876514435,False
3197,7,492,FeedbackPeriodStarted,1765547065.2772598,2086.008245229721,False
3198,7,492,startFixDisplay,1765547065.2774014,2086.008385658264,False
3199,7,492,startFixPeriod,1765547065.568887,2086.2998728752136,False
3200,7,492,TargetPresentation,1765547066.5542579,2087.2852408885956,False
3201,7,492,TargetRemoval,1765547066.7553227,2087.486304998398,True
3202,7,492,TargetReappeared,1765547067.00524,2087.736223220825,False
3203,7,492,LeftResponse,1765547067.6785326,2088.4095153808594,False
3204,7,492,FeedbackPeriodStarted,1765547067.6853251,2088.416310071945,False
3205,7,493,startFixDisplay,1765547069.7045465,2090.4355323314667,False
3206,7,493,startFixPeriod,1765547069.9683118,2090.699297428131,False
3207,7,493,TargetPresentation,1765547071.0577273,2091.788712978363,False
3208,7,493,TargetDisplacement,1765547071.230983,2091.961965560913,True
3209,7,493,RightResponse,1765547071.967027,2092.6980113983154,False
3210,7,494,FeedbackPeriodStarted,1765547071.994367,2092.7253527641296,False
3211,7,494,startFixDisplay,1765547071.9945118,2092.7254960536957,False
3212,7,494,startFixPeriod,1765547072.272082,2093.0030677318573,False
3213,7,494,TargetPresentation,1765547073.479455,2094.2104403972626,False
3214,7,494,TargetRemoval,1765547073.4863365,2094.2173221111298,True
3215,7,494,TargetReappeared,1765547073.7362843,2094.4672701358795,False
3216,7,494,RightResponse,1765547074.347296,2095.0782794952393,False
3217,7,495,FeedbackPeriodStarted,1765547074.3742404,2095.1052231788635,False
3218,7,495,startFixDisplay,1765547074.3743007,2095.105283021927,False
3219,7,495,startFixPeriod,1765547074.8325396,2095.563525915146,False
3220,7,495,TargetPresentation,1765547076.102331,2096.8333139419556,False
3221,7,495,TargetDisplacement,1765547076.2061782,2096.9371609687805,True
3222,7,495,RightResponse,1765547076.8937402,2097.6247251033783,False
3223,7,496,FeedbackPeriodStarted,1765547076.927959,2097.6589443683624,False
3224,7,496,startFixDisplay,1765547076.9281123,2097.6590945720673,False
3225,7,496,startFixPeriod,1765547077.0808976,2097.8118839263916,False
3226,7,496,TargetPresentation,1765547078.308993,2099.039978504181,False
3227,7,496,TargetDisplacement,1765547078.3366442,2099.067629337311,True
3228,7,496,RightResponse,1765547079.0309935,2099.7619783878326,False
3229,7,497,FeedbackPeriodStarted,1765547079.0582952,2099.7892808914185,False
3230,7,497,startFixDisplay,1765547079.0584402,2099.7894241809845,False
3231,7,497,startFixPeriod,1765547079.3221686,2100.0531544685364,False
3232,7,497,TargetPresentation,1765547080.3143687,2101.045352458954,False
3233,7,497,TargetDisplacement,1765547080.487672,2101.2186572551727,True
3234,7,497,RightResponse,1765547081.4041662,2102.1351487636566,False
3235,7,498,FeedbackPeriodStarted,1765547081.4315403,2102.1625258922577,False
3236,7,498,startFixDisplay,1765547081.4316852,2102.1626694202423,False
3237,7,498,startFixPeriod,1765547081.681396,2102.4123814105988,False
3238,7,498,TargetPresentation,1765547083.1663675,2103.897353410721,False
3239,7,498,TargetDisplacement,1765547083.1732452,2103.904228210449,True
3240,7,498,RightResponse,1765547084.2907495,2105.021734237671,False
3241,7,498,FeedbackPeriodStarted,1765547084.2972775,2105.0282604694366,False
3242,7,499,startFixDisplay,1765547086.3165286,2107.0475142002106,False
3243,7,499,startFixPeriod,1765547086.3374465,2107.0684320926666,False
3244,7,499,TargetPresentation,1765547087.0592191,2107.790205001831,False
3245,7,499,TargetDisplacement,1765547087.2394075,2107.97039270401,True
3246,7,499,RightResponse,1765547088.2045133,2108.9354963302612,False
3247,7,500,FeedbackPeriodStarted,1765547088.2317336,2108.962718963623,False
3248,7,500,startFixDisplay,1765547088.2318785,2108.9628624916077,False
3249,7,500,startFixPeriod,1765547088.787006,2109.5179917812347,False
3250,7,500,TargetPresentation,1765547089.7168496,2110.4478352069855,False
3251,7,500,TargetDisplacement,1765547089.723686,2110.4546689987183,True
3252,7,500,RightResponse,1765547091.0005827,2111.731565475464,False
3253,7,501,FeedbackPeriodStarted,1765547091.0280502,2111.7590329647064,False
3254,7,501,startFixDisplay,1765547091.0281236,2111.7591059207916,False
3255,7,501,startFixPeriod,1765547091.3127754,2112.0437614917755,False
3256,7,501,TargetPresentation,1765547092.6174545,2113.3484404087067,False
3257,7,501,TargetDisplacement,1765547092.7837174,2113.5147025585175,True
3258,7,501,LeftResponse,1765547093.6930451,2114.4240288734436,False
3259,7,502,FeedbackPeriodStarted,1765547093.7204616,2114.4514467716217,False
3260,7,502,startFixDisplay,1765547093.72062,2114.4516043663025,False
3261,7,502,startFixPeriod,1765547094.0259902,2114.7569761276245,False
3262,7,502,TargetPresentation,1765547094.8447473,2115.5757331848145,False
3263,7,502,TargetDisplacement,1765547095.025105,2115.75608754158,True
3264,7,502,RightResponse,1765547096.0106063,2116.741589784622,False
3265,7,503,FeedbackPeriodStarted,1765547096.03819,2116.7691752910614,False
3266,7,503,startFixDisplay,1765547096.0383668,2116.769349336624,False
3267,7,503,startFixPeriod,1765547096.5032606,2117.2342460155487,False
3268,7,503,TargetPresentation,1765547097.0028408,2117.7338263988495,False
3269,7,503,TargetRemoval,1765547097.2039895,2117.934972047806,True
3270,7,503,TargetReappeared,1765547097.4538395,2118.184825181961,False
3271,7,503,RightResponse,1765547098.0924668,2118.823450565338,False
3272,7,504,FeedbackPeriodStarted,1765547098.119686,2118.8506689071655,False
3273,7,504,startFixDisplay,1765547098.119749,2118.8507313728333,False
3274,7,504,startFixPeriod,1765547098.4739304,2119.2049157619476,False
3275,7,504,TargetPresentation,1765547099.8132122,2120.5441977977753,False
3276,7,504,TargetDisplacement,1765547099.9864187,2120.717401266098,True
3277,7,504,RightResponse,1765547101.1663766,2121.897360801697,False
3278,7,504,FeedbackPeriodStarted,1765547101.1731043,2121.9040899276733,False
3279,7,505,startFixDisplay,1765547103.1922894,2123.923274755478,False
3280,7,505,startFixPeriod,1765547103.1990921,2123.9300746917725,False
3281,7,505,TargetPresentation,1765547104.1847227,2124.915707349777,False
3282,7,505,TargetDisplacement,1765547104.3510902,2125.0820758342743,True
3283,7,505,RightResponse,1765547104.996685,2125.72766828537,False
3284,7,506,FeedbackPeriodStarted,1765547105.0311902,2125.7621755599976,False
3285,7,506,startFixDisplay,1765547105.0313284,2125.762312412262,False
3286,7,506,startFixPeriod,1765547105.2463994,2125.9773981571198,False
3287,7,506,TargetPresentation,1765547106.0861607,2126.8171467781067,False
3288,7,506,TargetDisplacement,1765547106.1413012,2126.872286081314,True
3289,7,506,LeftResponse,1765547106.8843668,2127.6153514385223,False
3290,7,507,FeedbackPeriodStarted,1765547106.9185178,2127.649503469467,False
3291,7,507,startFixDisplay,1765547106.9186587,2127.6496427059174,False
3292,7,507,startFixPeriod,1765547107.1754797,2127.906463623047,False
3293,7,507,TargetPresentation,1765547108.1607256,2128.8917083740234,False
3294,7,507,TargetDisplacement,1765547108.1677191,2128.8987033367157,True
3295,7,507,RightResponse,1765547109.7778044,2130.5087888240814,False
3296,7,508,FeedbackPeriodStarted,1765547109.8052022,2130.5361874103546,False
3297,7,508,startFixDisplay,1765547109.8053982,2130.5363829135895,False
3298,7,508,startFixPeriod,1765547110.062145,2130.793129682541,False
3299,7,508,TargetPresentation,1765547111.2209694,2131.9519550800323,False
3300,7,508,TargetDisplacement,1765547111.3526294,2132.0836143493652,True
3301,7,508,RightResponse,1765547112.3730447,2133.104028701782,False
3302,7,509,FeedbackPeriodStarted,1765547112.4004285,2133.131413936615,False
3303,7,509,startFixDisplay,1765547112.400513,2133.1314952373505,False
3304,7,509,startFixPeriod,1765547112.8516414,2133.582626581192,False
3305,7,509,TargetPresentation,1765547113.427547,2134.158529996872,False
3306,7,509,TargetDisplacement,1765547113.4345467,2134.16553235054,True
3307,7,509,RightResponse,1765547114.2536647,2134.9846477508545,False
3308,7,510,FeedbackPeriodStarted,1765547114.2808957,2135.011880874634,False
3309,7,510,startFixDisplay,1765547114.2810364,2135.0120203495026,False
3310,7,510,startFixPeriod,1765547114.5516615,2135.2826459407806,False
3311,7,510,TargetPresentation,1765547116.0088248,2136.7398085594177,False
3312,7,510,TargetDisplacement,1765547116.015833,2136.746818304062,True
3313,7,510,RightResponse,1765547116.8417442,2137.572728872299,False
3314,7,510,FeedbackPeriodStarted,1765547116.848381,2137.5793664455414,False
3315,7,511,startFixDisplay,1765547118.86768,2139.5986654758453,False
3316,7,511,startFixPeriod,1765547119.0829182,2139.8139040470123,False
3317,7,511,TargetPresentation,1765547119.658809,2140.3897919654846,False
3318,7,511,TargetRemoval,1765547119.8183627,2140.549348115921,True
3319,7,511,TargetReappeared,1765547120.0682864,2140.7992718219757,False
3320,7,511,RightResponse,1765547120.6860385,2141.4170224666595,False
3321,7,512,FeedbackPeriodStarted,1765547120.720363,2141.451348543167,False
3322,7,512,startFixDisplay,1765547120.7205098,2141.451493740082,False
3323,7,512,startFixPeriod,1765547121.1853886,2141.916372537613,False
3324,7,512,TargetPresentation,1765547122.2124345,2142.9434196949005,False
3325,7,512,TargetDisplacement,1765547122.357922,2143.0889070034027,True
3326,7,512,RightResponse,1765547123.0939972,2143.8249821662903,False
3327,7,513,FeedbackPeriodStarted,1765547123.121309,2143.8522918224335,False
3328,7,513,startFixDisplay,1765547123.121373,2143.8523552417755,False
3329,7,513,startFixPeriod,1765547123.6071384,2144.3381214141846,False
3330,7,513,TargetPresentation,1765547124.5924866,2145.3234701156616,False
3331,7,513,TargetDisplacement,1765547124.8005257,2145.5315079689026,True
3332,7,513,LeftResponse,1765547125.7862206,2146.517204284668,False
3333,7,514,FeedbackPeriodStarted,1765547125.8134665,2146.544449329376,False
3334,7,514,startFixDisplay,1765547125.8135412,2146.5445239543915,False
3335,7,514,startFixPeriod,1765547126.0774949,2146.8084800243378,False
3336,7,514,TargetPresentation,1765547126.6255994,2147.3565850257874,False
3337,7,514,TargetRemoval,1765547126.6325812,2147.3635668754578,True
3338,7,514,TargetReappeared,1765547126.882416,2147.613400220871,False
3339,7,514,RightResponse,1765547128.0622423,2148.7932250499725,False
3340,7,515,FeedbackPeriodStarted,1765547128.0895276,2148.8205103874207,False
3341,7,515,startFixDisplay,1765547128.0895882,2148.8205704689026,False
3342,7,515,startFixPeriod,1765547128.4297206,2149.1607060432434,False
3343,7,515,TargetPresentation,1765547129.5886436,2150.3196291923523,False
3344,7,515,TargetRemoval,1765547129.8173995,2150.5483844280243,True
3345,7,515,TargetReappeared,1765547130.067436,2150.798421859741,False
3346,7,515,LeftResponse,1765547130.7545607,2151.4855449199677,False
3347,7,516,FeedbackPeriodStarted,1765547130.7889395,2151.5199246406555,False
3348,7,516,startFixDisplay,1765547130.789155,2151.520139694214,False
3349,7,516,startFixPeriod,1765547131.247101,2151.978086948395,False
3350,7,516,TargetPresentation,1765547132.287837,2153.01881980896,False
3351,7,516,TargetRemoval,1765547132.5861719,2153.317154407501,True
3352,7,516,TargetReappeared,1765547132.836136,2153.567120075226,False
3353,7,516,LeftResponse,1765547133.509489,2154.240472793579,False
3354,7,516,FeedbackPeriodStarted,1765547133.5231173,2154.2541031837463,False
3355,7,517,startFixDisplay,1765547135.542118,2156.2731037139893,False
3356,7,517,startFixPeriod,1765547135.5700297,2156.301015138626,False
3357,7,517,TargetPresentation,1765547136.4791596,2157.2101452350616,False
3358,7,517,TargetRemoval,1765547136.6593778,2157.3903608322144,True
3359,7,517,TargetReappeared,1765547136.9092958,2157.640281200409,False
3360,7,517,LeftResponse,1765547137.4858007,2158.216784477234,False
3361,7,518,FeedbackPeriodStarted,1765547137.5128117,2158.2437970638275,False
3362,7,518,startFixDisplay,1765547137.512951,2158.2439346313477,False
3363,7,518,startFixPeriod,1765547138.1098053,2158.840790748596,False
3364,7,518,TargetPresentation,1765547138.9633114,2159.6942949295044,False
3365,7,518,TargetDisplacement,1765547139.1574686,2159.8884510993958,True
3366,7,518,RightResponse,1765547140.2194915,2160.950475692749,False
3367,7,519,FeedbackPeriodStarted,1765547140.2537348,2160.984720468521,False
3368,7,519,startFixDisplay,1765547140.2539334,2160.9849178791046,False
3369,7,519,startFixPeriod,1765547140.6633973,2161.3943831920624,False
3370,7,519,TargetPresentation,1765547141.8914297,2162.622412443161,False
3371,7,519,TargetDisplacement,1765547142.0786614,2162.8096437454224,True
3372,7,519,FeedbackPeriodStarted,1765547144.084287,2164.8152701854706,False
3373,7,520,startFixDisplay,1765547144.6045387,2165.335524082184,False
3374,7,520,startFixPeriod,1765547145.0141895,2165.7451751232147,False
3375,7,520,TargetPresentation,1765547146.0827887,2166.8137743473053,False
3376,7,520,TargetDisplacement,1765547146.242196,2166.973180770874,True
3377,7,520,RightResponse,1765547147.3874972,2168.1184809207916,False
3378,7,521,FeedbackPeriodStarted,1765547147.4147182,2168.145700931549,False
3379,7,521,startFixDisplay,1765547147.4148345,2168.1458168029785,False
3380,7,521,startFixPeriod,1765547147.6232672,2168.354252576828,False
3381,7,521,TargetPresentation,1765547148.851465,2169.5824506282806,False
3382,7,521,TargetRemoval,1765547149.0248365,2169.755821466446,True
3383,7,521,TargetReappeared,1765547149.274719,2170.0057034492493,False
3384,7,521,LeftResponse,1765547149.9132872,2170.6442720890045,False
3385,7,522,FeedbackPeriodStarted,1765547149.9475918,2170.6785745620728,False
3386,7,522,startFixDisplay,1765547149.9476497,2170.6786320209503,False
3387,7,522,startFixPeriod,1765547150.232344,2170.9633293151855,False
3388,7,522,TargetPresentation,1765547150.898494,2171.6294779777527,False
3389,7,522,TargetRemoval,1765547151.0579336,2171.788918733597,True
3390,7,522,TargetReappeared,1765547151.3078477,2172.038832426071,False
3391,7,522,RightResponse,1765547151.7313533,2172.4623370170593,False
3392,7,522,FeedbackPeriodStarted,1765547151.738158,2172.4691445827484,False
3393,7,523,startFixDisplay,1765547153.75722,2174.488205432892,False
3394,7,523,startFixPeriod,1765547154.1321287,2174.863116502762,False
3395,7,523,TargetPresentation,1765547155.374198,2176.105183362961,False
3396,7,523,TargetDisplacement,1765547155.5405245,2176.271509170532,True
3397,7,523,RightResponse,1765547156.3875906,2177.118574142456,False
3398,7,524,FeedbackPeriodStarted,1765547156.415137,2177.1461198329926,False
3399,7,524,startFixDisplay,1765547156.4152565,2177.146239042282,False
3400,7,524,startFixPeriod,1765547156.6855824,2177.4165658950806,False
3401,7,524,TargetPresentation,1765547157.4212327,2178.1522183418274,False
3402,7,524,TargetDisplacement,1765547157.4282348,2178.159220933914,True
3403,7,524,RightResponse,1765547158.21251,2178.943493127823,False
3404,7,525,FeedbackPeriodStarted,1765547158.2397592,2178.97074508667,False
3405,7,525,startFixDisplay,1765547158.2398856,2178.970869779587,False
3406,7,525,startFixPeriod,1765547158.5522761,2179.2832617759705,False
3407,7,525,TargetPresentation,1765547159.690166,2180.4211490154266,False
3408,7,525,TargetRemoval,1765547159.6970832,2180.428068637848,True
3409,7,525,TargetReappeared,1765547159.947082,2180.6780681610107,False
3410,7,525,LeftResponse,1765547160.4745772,2181.2055599689484,False
3411,7,526,FeedbackPeriodStarted,1765547160.5018172,2181.232800245285,False
3412,7,526,startFixDisplay,1765547160.5018828,2181.2328650951385,False
3413,7,526,startFixPeriod,1765547160.8491101,2181.5800960063934,False
3414,7,526,TargetPresentation,1765547161.6817842,2182.4127695560455,False
3415,7,526,TargetDisplacement,1765547161.9106107,2182.6415934562683,True
3416,7,526,LeftResponse,1765547162.6605291,2183.39151263237,False
3417,7,527,FeedbackPeriodStarted,1765547162.6877053,2183.418690919876,False
3418,7,527,startFixDisplay,1765547162.6878402,2183.4188244342804,False
3419,7,527,startFixPeriod,1765547162.9724164,2183.7034018039703,False
3420,7,527,TargetPresentation,1765547164.4087684,2185.1397545337677,False
3421,7,527,TargetDisplacement,1765547164.415712,2185.1466946601868,True
3422,7,527,RightResponse,1765547165.657879,2186.388862133026,False
3423,7,527,FeedbackPeriodStarted,1765547165.7062275,2186.437212705612,False
