,blockID,trialNumber,triggerName,timestamp_sys,timestamp_psyc,triggerSent_Serial00
0,pract,-1,StartPractice,1766132278.3916185,253.39836311340332,False
1,pract,0,startFixDisplay,1766132278.4022694,253.40901613235474,False
2,pract,0,startFixPeriod,1766132278.6315284,253.63827514648438,False
3,pract,0,TargetPresentation,1766132280.0608747,255.06762027740479,False
4,pract,0,TargetDisplacement,1766132280.2480693,255.25481343269348,True
5,pract,0,FeedbackPeriodStarted,1766132282.2604966,257.2672436237335,False
6,pract,1,startFixDisplay,1766132282.7738597,257.78060722351074,False
7,pract,1,startFixPeriod,1766132283.0376906,258.0444378852844,False
8,pract,1,TargetPresentation,1766132284.2519825,259.25872826576233,False
9,pract,1,TargetRemoval,1766132284.4323032,259.4390494823456,True
10,pract,1,TargetReappeared,1766132284.6823986,259.68914675712585,False
11,pract,1,LeftResponse,1766132284.8004527,259.80719923973083,False
12,pract,1,FeedbackPeriodStarted,1766132284.8069985,259.81374335289,False
13,pract,2,startFixDisplay,1766132285.313474,260.32021832466125,False
14,pract,2,startFixPeriod,1766132285.5705595,260.5773055553436,False
15,pract,2,TargetPresentation,1766132286.2296677,261.2364122867584,False
16,pract,2,TargetDisplacement,1766132286.4168742,261.4236207008362,True
17,pract,2,RightResponse,1766132286.7849574,261.79170274734497,False
18,pract,2,FeedbackPeriodStarted,1766132286.791766,261.798513174057,False
19,pract,3,startFixDisplay,1766132287.2981267,262.3048732280731,False
20,pract,3,startFixPeriod,1766132287.3051317,262.31187891960144,False
21,pract,3,TargetPresentation,1766132288.3599803,263.36672735214233,False
22,pract,3,TargetRemoval,1766132288.5749156,263.581661939621,True
23,pract,3,TargetReappeared,1766132288.8249097,263.83165645599365,False
24,pract,3,LeftResponse,1766132290.0881433,265.09488821029663,False
25,pract,3,FeedbackPeriodStarted,1766132290.1017163,265.10846304893494,False
26,pract,4,startFixDisplay,1766132290.6150014,265.6217486858368,False
27,pract,4,startFixPeriod,1766132290.642856,265.64960265159607,False
28,pract,4,TargetPresentation,1766132291.4131632,266.41990900039673,False
29,pract,4,TargetRemoval,1766132291.579578,266.5863254070282,True
30,pract,4,TargetReappeared,1766132291.8294692,266.8362145423889,False
31,pract,4,RightResponse,1766132292.2252734,267.2320201396942,False
32,pract,4,FeedbackPeriodStarted,1766132292.2457638,267.25250935554504,False
33,pract,5,startFixDisplay,1766132292.752229,267.7589762210846,False
34,pract,5,startFixPeriod,1766132292.7591293,267.76587557792664,False
35,pract,5,TargetPresentation,1766132293.3006353,268.30738258361816,False
36,pract,5,TargetDisplacement,1766132293.3767474,268.3834936618805,True
37,pract,5,FeedbackPeriodStarted,1766132295.382139,270.38888573646545,False
38,pract,6,startFixDisplay,1766132295.8886242,270.8953695297241,False
39,pract,6,startFixPeriod,1766132296.1734126,271.18016052246094,False
40,pract,6,TargetPresentation,1766132297.4293373,272.4360852241516,False
41,pract,6,TargetDisplacement,1766132297.5819185,272.5886652469635,True
42,pract,6,RightResponse,1766132298.5259805,273.53272676467896,False
43,pract,6,FeedbackPeriodStarted,1766132298.5396461,273.54639315605164,False
44,pract,7,startFixDisplay,1766132299.0459328,274.0526793003082,False
45,pract,7,startFixPeriod,1766132299.2750895,274.2818353176117,False
46,pract,7,TargetPresentation,1766132300.1424599,275.14920711517334,False
47,pract,7,TargetDisplacement,1766132300.1494,275.15614795684814,True
48,pract,7,LeftResponse,1766132301.4818997,276.4886438846588,False
49,pract,7,FeedbackPeriodStarted,1766132301.4886348,276.49538254737854,False
50,pract,8,startFixDisplay,1766132301.9950914,277.0018391609192,False
51,pract,8,startFixPeriod,1766132302.0296907,277.03643584251404,False
52,pract,8,TargetPresentation,1766132303.4524164,278.4591655731201,False
53,pract,8,TargetDisplacement,1766132303.61869,278.62543416023254,True
54,pract,8,FeedbackPeriodStarted,1766132305.6243546,280.63110160827637,False
55,pract,9,startFixDisplay,1766132306.1307025,281.1374502182007,False
56,pract,9,startFixPeriod,1766132306.137693,281.14443945884705,False
57,pract,9,TargetPresentation,1766132307.4839053,282.4906516075134,False
58,pract,9,TargetDisplacement,1766132307.6642497,282.67099618911743,True
59,pract,9,FeedbackPeriodStarted,1766132309.6698077,284.6765549182892,False
60,pract,10,startFixDisplay,1766132310.1761954,285.18294310569763,False
61,pract,10,startFixPeriod,1766132310.4191399,285.42588567733765,False
62,pract,10,TargetPresentation,1766132311.723773,286.7305200099945,False
63,pract,10,TargetDisplacement,1766132311.8762598,286.8830065727234,True
64,pract,10,RightResponse,1766132312.3207252,287.32747173309326,False
65,pract,10,FeedbackPeriodStarted,1766132312.3273387,287.3340857028961,False
66,pract,11,startFixDisplay,1766132312.833739,287.84048318862915,False
67,pract,11,startFixPeriod,1766132313.5139658,288.520712852478,False
68,pract,11,TargetPresentation,1766132314.5340366,289.5407817363739,False
69,pract,11,TargetDisplacement,1766132314.540953,289.5476977825165,True
70,pract,11,FeedbackPeriodStarted,1766132316.5463603,291.5531075000763,False
71,pract,12,startFixDisplay,1766132317.05279,292.05953788757324,False
72,pract,12,startFixPeriod,1766132317.1499693,292.1567142009735,False
73,pract,12,TargetPresentation,1766132318.4406803,293.44742703437805,False
74,pract,12,TargetDisplacement,1766132318.5723827,293.5791301727295,True
75,pract,12,FeedbackPeriodStarted,1766132320.5778635,295.5846083164215,False
76,pract,13,startFixDisplay,1766132321.0844328,296.0911798477173,False
77,pract,13,startFixPeriod,1766132321.0913348,296.0980820655823,False
78,pract,13,TargetPresentation,1766132321.8408072,296.84755420684814,False
79,pract,13,TargetRemoval,1766132322.0073292,297.014075756073,True
80,pract,13,TargetReappeared,1766132322.2571871,297.26393389701843,False
81,pract,13,LeftResponse,1766132322.5767233,297.58347034454346,False
82,pract,13,FeedbackPeriodStarted,1766132322.5903187,297.59706568717957,False
83,pract,14,startFixDisplay,1766132323.0966346,298.1033818721771,False
84,pract,14,startFixPeriod,1766132323.3605623,298.3673095703125,False
85,pract,14,TargetPresentation,1766132324.8316298,299.83837699890137,False
86,pract,14,TargetRemoval,1766132324.8385196,299.84526681900024,True
87,pract,14,TargetReappeared,1766132325.0883548,300.0951018333435,False
88,pract,14,RightResponse,1766132326.1087544,301.11550068855286,False
89,pract,14,FeedbackPeriodStarted,1766132326.1151412,301.121887922287,False
90,pract,15,startFixDisplay,1766132326.6216638,301.62841057777405,False
91,pract,15,startFixPeriod,1766132326.6285894,301.6353359222412,False
92,pract,15,TargetPresentation,1766132327.9680848,302.9748327732086,False
93,pract,15,TargetDisplacement,1766132327.974922,302.9816675186157,True
94,pract,15,LeftResponse,1766132329.9671702,304.9739148616791,False
95,pract,15,FeedbackPeriodStarted,1766132329.9733536,304.98009872436523,False
96,pract,16,startFixDisplay,1766132330.4798245,305.4865720272064,False
97,pract,16,startFixPeriod,1766132330.6742342,305.6809811592102,False
98,pract,16,TargetPresentation,1766132331.486029,306.4927752017975,False
99,pract,16,TargetDisplacement,1766132331.5206788,306.52742314338684,True
100,pract,16,RightResponse,1766132333.0612845,308.06802892684937,False
101,pract,16,FeedbackPeriodStarted,1766132333.068161,308.0749056339264,False
102,pract,17,startFixDisplay,1766132333.5745053,308.5812499523163,False
103,pract,17,startFixPeriod,1766132333.5815742,308.58831810951233,False
104,pract,17,TargetPresentation,1766132334.3934298,309.4001750946045,False
105,pract,17,TargetDisplacement,1766132334.4004772,309.4072244167328,True
106,pract,17,LeftResponse,1766132335.0462468,310.0529930591583,False
107,pract,17,FeedbackPeriodStarted,1766132335.0526922,310.0594389438629,False
108,pract,18,startFixDisplay,1766132335.5591347,310.565881729126,False
109,pract,18,startFixPeriod,1766132335.7813597,310.7881054878235,False
110,pract,18,TargetPresentation,1766132336.7390044,311.7457513809204,False
111,pract,18,TargetDisplacement,1766132336.9053037,311.91205048561096,True
112,pract,18,RightResponse,1766132337.856342,312.8630881309509,False
113,pract,18,FeedbackPeriodStarted,1766132337.8700273,312.8767740726471,False
114,pract,19,startFixDisplay,1766132338.3764162,313.38316345214844,False
115,pract,19,startFixPeriod,1766132338.5708563,313.57760405540466,False
116,pract,19,TargetPresentation,1766132339.8129408,314.81968688964844,False
117,pract,19,TargetDisplacement,1766132339.8960514,314.90279817581177,True
118,pract,19,LeftResponse,1766132340.916564,315.92331051826477,False
119,pract,19,FeedbackPeriodStarted,1766132340.9230607,315.9298074245453,False
120,pract,20,startFixDisplay,1766132341.429611,316.4363579750061,False
121,pract,20,startFixPeriod,1766132341.4365149,316.44326162338257,False
122,pract,20,TargetPresentation,1766132342.4637709,317.47051882743835,False
123,pract,20,TargetRemoval,1766132342.630066,317.636812210083,True
124,pract,20,TargetReappeared,1766132342.8800468,317.8867938518524,False
125,pract,20,RightResponse,1766132343.5393908,318.54613757133484,False
126,pract,20,FeedbackPeriodStarted,1766132343.5598779,318.56662487983704,False
127,pract,21,startFixDisplay,1766132344.0733433,319.0800898075104,False
128,pract,21,startFixPeriod,1766132344.0803218,319.08706855773926,False
129,pract,21,TargetPresentation,1766132345.3364322,320.3431794643402,False
130,pract,21,TargetRemoval,1766132345.4473267,320.4540731906891,True
131,pract,21,TargetReappeared,1766132345.697272,320.70401906967163,False
132,pract,21,LeftResponse,1766132346.8841128,321.89085841178894,False
133,pract,21,FeedbackPeriodStarted,1766132346.890897,321.8976457118988,False
134,pract,22,startFixDisplay,1766132347.397138,322.40388560295105,False
135,pract,22,startFixPeriod,1766132347.4040802,322.41082429885864,False
136,pract,22,TargetPresentation,1766132348.132926,323.13967204093933,False
137,pract,22,TargetDisplacement,1766132348.1397972,323.14654421806335,True
138,pract,22,RightResponse,1766132349.4307601,324.43750643730164,False
139,pract,22,FeedbackPeriodStarted,1766132349.4441032,324.4508476257324,False
140,pract,23,startFixDisplay,1766132349.9507353,324.9574818611145,False
141,pract,23,startFixPeriod,1766132349.9576504,324.96439695358276,False
142,pract,23,TargetPresentation,1766132350.762593,325.7693383693695,False
143,pract,23,TargetRemoval,1766132350.8945735,325.90132117271423,True
144,pract,23,TargetReappeared,1766132351.144256,326.15100264549255,False
145,pract,23,RightResponse,1766132351.8731763,326.8799216747284,False
146,pract,23,FeedbackPeriodStarted,1766132351.8866656,326.8934097290039,False
147,pract,24,startFixDisplay,1766132352.4002016,327.4069480895996,False
148,pract,24,startFixPeriod,1766132352.4071271,327.4138734340668,False
149,pract,24,TargetPresentation,1766132353.3787365,328.3854832649231,False
150,pract,24,TargetRemoval,1766132353.4826386,328.48938250541687,True
151,pract,24,TargetReappeared,1766132353.73262,328.7393674850464,False
152,pract,24,LeftResponse,1766132354.3712027,329.377947807312,False
153,pract,24,FeedbackPeriodStarted,1766132354.38479,329.39153480529785,False
154,pract,-1,EndPractice,1766132354.8785818,329.8853259086609,False
155,0,0,startFixDisplay,1766132484.165605,459.1723518371582,False
156,0,0,startFixPeriod,1766132484.4086323,459.41537976264954,False
157,0,0,TargetPresentation,1766132484.991473,459.99822211265564,False
158,0,0,TargetRemoval,1766132485.2271523,460.23389625549316,True
159,0,0,TargetReappeared,1766132485.4771776,460.48392486572266,False
160,0,0,RightResponse,1766132485.9702322,460.9769780635834,False
161,0,1,FeedbackPeriodStarted,1766132485.9835596,460.99030447006226,False
162,0,1,startFixDisplay,1766132485.983626,460.99036979675293,False
163,0,1,startFixPeriod,1766132486.191982,461.1987290382385,False
164,0,1,TargetPresentation,1766132487.0106776,462.01742219924927,False
165,0,1,TargetDisplacement,1766132487.2118251,462.21857166290283,True
166,0,1,LeftResponse,1766132488.0658438,463.07259035110474,False
167,0,2,FeedbackPeriodStarted,1766132488.0791676,463.0859122276306,False
168,0,2,startFixDisplay,1766132488.0792332,463.08597707748413,False
169,0,2,startFixPeriod,1766132488.4610133,463.46776008605957,False
170,0,2,TargetPresentation,1766132489.0021393,464.0088863372803,False
171,0,2,TargetDisplacement,1766132489.2241962,464.23094296455383,True
172,0,2,RightResponse,1766132489.9879472,464.99469327926636,False
173,0,3,FeedbackPeriodStarted,1766132490.0012605,465.0080051422119,False
174,0,3,startFixDisplay,1766132490.0013416,465.00808572769165,False
175,0,3,startFixPeriod,1766132490.2165563,465.22330355644226,False
176,0,3,TargetPresentation,1766132491.694634,466.7013792991638,False
177,0,3,TargetDisplacement,1766132491.701517,466.7082643508911,True
178,0,3,LeftResponse,1766132492.9300272,467.93677377700806,False
179,0,4,FeedbackPeriodStarted,1766132492.9434373,467.950181722641,False
180,0,4,startFixDisplay,1766132492.9435017,467.9502456188202,False
181,0,4,startFixPeriod,1766132493.1656494,468.1724102497101,False
182,0,4,TargetPresentation,1766132494.4563425,469.46308994293213,False
183,0,4,TargetDisplacement,1766132494.463278,469.4700253009796,True
184,0,4,LeftResponse,1766132495.427878,470.4346239566803,False
185,0,5,FeedbackPeriodStarted,1766132495.4416218,470.4483687877655,False
186,0,5,startFixDisplay,1766132495.4417548,470.44850063323975,False
187,0,5,startFixPeriod,1766132495.656756,470.6635022163391,False
188,0,5,TargetPresentation,1766132496.4269073,471.4336543083191,False
189,0,5,TargetRemoval,1766132496.5101037,471.5168478488922,True
190,0,5,TargetReappeared,1766132496.7599802,471.76672744750977,False
191,0,5,LeftResponse,1766132497.5720327,472.5787773132324,False
192,0,6,FeedbackPeriodStarted,1766132497.5926595,472.5994040966034,False
193,0,6,startFixDisplay,1766132497.592723,472.5994668006897,False
194,0,6,startFixPeriod,1766132497.7941113,472.80085611343384,False
195,0,6,TargetPresentation,1766132498.585018,473.59176540374756,False
196,0,6,TargetDisplacement,1766132498.5919926,473.5987374782562,True
197,0,6,RightResponse,1766132499.4803348,474.4870800971985,False
198,0,6,FeedbackPeriodStarted,1766132499.5009036,474.5076506137848,False
199,0,7,startFixDisplay,1766132501.5062444,476.5129919052124,False
200,0,7,startFixPeriod,1766132501.5131266,476.51987051963806,False
201,0,7,TargetPresentation,1766132502.0615919,477.0683388710022,False
202,0,7,TargetRemoval,1766132502.2488046,477.25554847717285,True
203,0,7,TargetReappeared,1766132502.498634,477.5053811073303,False
204,0,7,RightResponse,1766132502.9639685,477.97071599960327,False
205,0,8,FeedbackPeriodStarted,1766132502.977262,477.9840064048767,False
206,0,8,startFixDisplay,1766132502.9773266,477.9840703010559,False
207,0,8,startFixPeriod,1766132503.1717281,478.17847537994385,False
208,0,8,TargetPresentation,1766132503.9003222,478.9070694446564,False
209,0,8,TargetRemoval,1766132503.9073088,478.91405725479126,True
210,0,8,TargetReappeared,1766132504.1570678,479.1638147830963,False
211,0,8,LeftResponse,1766132504.906824,479.9135699272156,False
212,0,9,FeedbackPeriodStarted,1766132504.9201915,479.92693614959717,False
213,0,9,startFixDisplay,1766132504.9202766,479.92702054977417,False
214,0,9,startFixPeriod,1766132505.0799615,480.0867085456848,False
215,0,9,TargetPresentation,1766132505.8433363,480.850084066391,False
216,0,9,TargetDisplacement,1766132505.8502588,480.8570063114166,True
217,0,9,LeftResponse,1766132507.0578365,482.0645818710327,False
218,0,10,FeedbackPeriodStarted,1766132507.0714736,482.0782210826874,False
219,0,10,startFixDisplay,1766132507.071622,482.0783677101135,False
220,0,10,startFixPeriod,1766132507.3421464,482.34889340400696,False
221,0,10,TargetPresentation,1766132508.1401463,483.14689326286316,False
222,0,10,TargetRemoval,1766132508.3134437,483.3201904296875,True
223,0,10,TargetReappeared,1766132508.5632997,483.57004475593567,False
224,0,10,LeftResponse,1766132509.0979657,484.1047122478485,False
225,0,11,FeedbackPeriodStarted,1766132509.111544,484.1182918548584,False
226,0,11,startFixDisplay,1766132509.1117148,484.1184604167938,False
227,0,11,startFixPeriod,1766132509.4793682,484.4861445426941,False
228,0,11,TargetPresentation,1766132510.957325,485.964072227478,False
229,0,11,TargetDisplacement,1766132511.5539658,486.5607125759125,True
230,0,11,RightResponse,1766132511.741833,486.74857926368713,False
231,0,12,FeedbackPeriodStarted,1766132511.7551675,486.7619118690491,False
232,0,12,startFixDisplay,1766132511.7552323,486.76197600364685,False
233,0,12,startFixPeriod,1766132512.0606904,487.0674362182617,False
234,0,12,TargetPresentation,1766132513.004422,488.01116919517517,False
235,0,12,TargetDisplacement,1766132513.2471182,488.253865480423,True
236,0,12,RightResponse,1766132514.121861,489.12860655784607,False
237,0,12,FeedbackPeriodStarted,1766132514.1354299,489.1421775817871,False
238,0,13,startFixDisplay,1766132516.1407075,491.14745473861694,False
239,0,13,startFixPeriod,1766132516.5849435,491.5916907787323,False
240,0,13,TargetPresentation,1766132518.0004766,493.0072238445282,False
241,0,13,TargetDisplacement,1766132518.1876874,493.1944341659546,True
242,0,13,LeftResponse,1766132518.763946,493.77069115638733,False
243,0,14,FeedbackPeriodStarted,1766132518.784409,493.7911539077759,False
244,0,14,startFixDisplay,1766132518.7844765,493.79122018814087,False
245,0,14,startFixPeriod,1766132518.9788458,493.9855914115906,False
246,0,14,TargetPresentation,1766132519.7699096,494.776654958725,False
247,0,14,TargetDisplacement,1766132520.3665648,495.3733117580414,True
248,0,14,LeftResponse,1766132520.561048,495.56779289245605,False
249,0,15,FeedbackPeriodStarted,1766132520.5747733,495.58152055740356,False
250,0,15,startFixDisplay,1766132520.5748935,495.5816373825073,False
251,0,15,startFixPeriod,1766132520.7899184,495.79666328430176,False
252,0,15,TargetPresentation,1766132522.0458624,497.05260729789734,False
253,0,15,TargetRemoval,1766132522.0528638,497.05960988998413,True
254,0,15,TargetReappeared,1766132522.302713,497.30946040153503,False
255,0,15,LeftResponse,1766132522.9761834,497.98292994499207,False
256,0,16,FeedbackPeriodStarted,1766132522.9896014,497.9963481426239,False
257,0,16,startFixDisplay,1766132522.989736,497.9964802265167,False
258,0,16,startFixPeriod,1766132523.1909132,498.1976594924927,False
259,0,16,TargetPresentation,1766132523.7529101,498.7596571445465,False
260,0,16,TargetDisplacement,1766132524.2246535,499.23140001296997,True
261,0,16,RightResponse,1766132524.5718622,499.5786066055298,False
262,0,17,FeedbackPeriodStarted,1766132524.5855737,499.5923206806183,False
263,0,17,startFixDisplay,1766132524.5857036,499.59244751930237,False
264,0,17,startFixPeriod,1766132524.7660103,499.7727575302124,False
265,0,17,TargetPresentation,1766132525.654212,500.6609592437744,False
266,0,17,TargetDisplacement,1766132526.1121006,501.11884927749634,True
267,0,17,LeftResponse,1766132526.4733114,501.4800581932068,False
268,0,18,FeedbackPeriodStarted,1766132526.4868193,501.4935636520386,False
269,0,18,startFixDisplay,1766132526.4868824,501.49362659454346,False
270,0,18,startFixPeriod,1766132526.7783666,501.78513860702515,False
271,0,18,TargetPresentation,1766132527.874704,502.8814513683319,False
272,0,18,TargetRemoval,1766132528.020332,503.02707862854004,True
273,0,18,TargetReappeared,1766132528.2701426,503.276887178421,False
274,0,18,LeftResponse,1766132528.7561994,503.7629437446594,False
275,0,18,FeedbackPeriodStarted,1766132528.7628665,503.7696113586426,False
276,0,19,startFixDisplay,1766132530.7682312,505.77497959136963,False
277,0,19,startFixPeriod,1766132531.0528316,506.0595791339874,False
278,0,19,TargetPresentation,1766132531.6496174,506.65636467933655,False
279,0,19,TargetRemoval,1766132532.0518367,507.05858087539673,True
280,0,19,TargetReappeared,1766132532.301749,507.30849623680115,False
281,0,19,LeftResponse,1766132532.6420832,507.64882946014404,False
282,0,20,FeedbackPeriodStarted,1766132532.6626005,507.6693477630615,False
283,0,20,startFixDisplay,1766132532.6627452,507.6694905757904,False
284,0,20,startFixPeriod,1766132532.7875078,507.79425501823425,False
285,0,20,TargetPresentation,1766132533.3842094,508.39095544815063,False
286,0,20,TargetRemoval,1766132534.050394,509.05714321136475,True
287,0,20,TargetReappeared,1766132534.300176,509.30692315101624,False
288,0,20,LeftResponse,1766132534.3490396,509.35578536987305,False
289,0,21,FeedbackPeriodStarted,1766132534.3627505,509.36949729919434,False
290,0,21,startFixDisplay,1766132534.3628938,509.3696393966675,False
291,0,21,startFixPeriod,1766132534.6472268,509.6539740562439,False
292,0,21,TargetPresentation,1766132535.660257,510.6670022010803,False
293,0,21,TargetRemoval,1766132535.847559,510.85430574417114,True
294,0,21,TargetReappeared,1766132536.0974102,511.1041581630707,False
295,0,21,RightResponse,1766132536.9652593,511.9720060825348,False
296,0,22,FeedbackPeriodStarted,1766132536.9855576,511.99230217933655,False
297,0,22,startFixDisplay,1766132536.985624,511.9923677444458,False
298,0,22,startFixPeriod,1766132537.0967603,512.1035063266754,False
299,0,22,TargetPresentation,1766132537.8737953,512.8805422782898,False
300,0,22,TargetRemoval,1766132538.1375022,513.1442489624023,True
301,0,22,TargetReappeared,1766132538.3872607,513.3940055370331,False
302,0,22,LeftResponse,1766132538.8456073,513.8523523807526,False
303,0,23,FeedbackPeriodStarted,1766132538.8660111,513.8727557659149,False
304,0,23,startFixDisplay,1766132538.8660784,513.8728222846985,False
305,0,23,startFixPeriod,1766132538.8730023,513.8797469139099,False
306,0,23,TargetPresentation,1766132539.6571295,514.6638753414154,False
307,0,23,TargetDisplacement,1766132539.8377016,514.8444502353668,True
308,0,23,LeftResponse,1766132540.705253,515.7119994163513,False
309,0,24,FeedbackPeriodStarted,1766132540.7257726,515.7325193881989,False
310,0,24,startFixDisplay,1766132540.7259407,515.7326862812042,False
311,0,24,startFixPeriod,1766132540.926908,515.9336528778076,False
312,0,24,TargetPresentation,1766132542.3426483,517.3493955135345,False
313,0,24,TargetDisplacement,1766132542.5228972,517.5296437740326,True
314,0,24,LeftResponse,1766132542.9812808,517.9880273342133,False
315,0,24,FeedbackPeriodStarted,1766132542.9948447,518.0015916824341,False
316,0,25,startFixDisplay,1766132545.0001285,520.0068726539612,False
317,0,25,startFixPeriod,1766132545.2430773,520.2498230934143,False
318,0,25,TargetPresentation,1766132546.4574842,521.4642314910889,False
319,0,25,TargetDisplacement,1766132547.2484665,522.255213022232,True
320,0,25,RightResponse,1766132547.7206175,522.7273643016815,False
321,0,26,FeedbackPeriodStarted,1766132547.7340596,522.740804195404,False
322,0,26,startFixDisplay,1766132547.7341285,522.7408721446991,False
323,0,26,startFixPeriod,1766132547.9284842,522.9352314472198,False
324,0,26,TargetPresentation,1766132548.976201,523.9829461574554,False
325,0,26,TargetDisplacement,1766132549.1149588,524.1217029094696,True
326,0,26,LeftResponse,1766132550.0105302,525.017276763916,False
327,0,27,FeedbackPeriodStarted,1766132550.0310283,525.0377736091614,False
328,0,27,startFixDisplay,1766132550.0311053,525.037849187851,False
329,0,27,startFixPeriod,1766132550.2252362,525.2319812774658,False
330,0,27,TargetPresentation,1766132551.6061857,526.6129319667816,False
331,0,27,TargetRemoval,1766132551.772648,526.7793922424316,True
332,0,27,TargetReappeared,1766132552.0226192,527.0293662548065,False
333,0,27,RightResponse,1766132552.723826,527.7305729389191,False
334,0,28,FeedbackPeriodStarted,1766132552.7371874,527.7439320087433,False
335,0,28,startFixDisplay,1766132552.737251,527.7439949512482,False
336,0,28,startFixPeriod,1766132552.889983,527.896730184555,False
337,0,28,TargetPresentation,1766132553.875399,528.8821499347687,False
338,0,28,TargetDisplacement,1766132554.034763,529.0415091514587,True
339,0,28,LeftResponse,1766132554.8053522,529.81209897995,False
340,0,29,FeedbackPeriodStarted,1766132554.8188748,529.8256192207336,False
341,0,29,startFixDisplay,1766132554.8189423,529.8256862163544,False
342,0,29,startFixPeriod,1766132555.0896595,530.0964198112488,False
343,0,29,TargetPresentation,1766132556.5399396,531.5466871261597,False
344,0,29,TargetDisplacement,1766132556.664682,531.6714286804199,True
345,0,29,LeftResponse,1766132557.338054,532.344799041748,False
346,0,30,FeedbackPeriodStarted,1766132557.351553,532.358297586441,False
347,0,30,startFixDisplay,1766132557.3516169,532.3583607673645,False
348,0,30,startFixPeriod,1766132557.5322418,532.5389919281006,False
349,0,30,TargetPresentation,1766132558.3023968,533.3091444969177,False
350,0,30,TargetDisplacement,1766132558.4687073,533.4754512310028,True
351,0,30,RightResponse,1766132559.1978588,534.2046053409576,False
352,0,30,FeedbackPeriodStarted,1766132559.2044008,534.2111482620239,False
353,0,31,startFixDisplay,1766132561.2097273,536.2164721488953,False
354,0,31,startFixPeriod,1766132561.6539712,536.6607184410095,False
355,0,31,TargetPresentation,1766132562.257668,537.2644150257111,False
356,0,31,TargetDisplacement,1766132562.4310133,537.4377601146698,True
357,0,31,LeftResponse,1766132563.2083004,538.2150449752808,False
358,0,32,FeedbackPeriodStarted,1766132563.2221525,538.2289018630981,False
359,0,32,startFixDisplay,1766132563.2223,538.2290458679199,False
360,0,32,startFixPeriod,1766132563.360864,538.3676118850708,False
361,0,32,TargetPresentation,1766132564.5544987,539.5612466335297,False
362,0,32,TargetDisplacement,1766132564.7140105,539.7207572460175,True
363,0,32,RightResponse,1766132565.2694466,540.2761936187744,False
364,0,33,FeedbackPeriodStarted,1766132565.289931,540.2966787815094,False
365,0,33,startFixDisplay,1766132565.2900777,540.2968232631683,False
366,0,33,startFixPeriod,1766132565.49119,540.4979372024536,False
367,0,33,TargetPresentation,1766132566.1573482,541.1640951633453,False
368,0,33,TargetRemoval,1766132566.3237684,541.3305130004883,True
369,0,33,TargetReappeared,1766132566.5737286,541.5804753303528,False
370,0,33,LeftResponse,1766132567.00428,542.0110263824463,False
371,0,34,FeedbackPeriodStarted,1766132567.0246818,542.0314285755157,False
372,0,34,startFixDisplay,1766132567.0248265,542.0315721035004,False
373,0,34,startFixPeriod,1766132567.2051756,542.2119209766388,False
374,0,34,TargetPresentation,1766132568.1280756,543.134819984436,False
375,0,34,TargetDisplacement,1766132568.2945306,543.3012771606445,True
376,0,34,RightResponse,1766132569.4607062,544.4674530029297,False
377,0,35,FeedbackPeriodStarted,1766132569.4740815,544.4808261394501,False
378,0,35,startFixDisplay,1766132569.4741743,544.4809193611145,False
379,0,35,startFixPeriod,1766132569.6546755,544.6614212989807,False
380,0,35,TargetPresentation,1766132570.2583606,545.2651076316833,False
381,0,35,TargetRemoval,1766132570.431732,545.4384787082672,True
382,0,35,TargetReappeared,1766132570.68162,545.6883668899536,False
383,0,35,RightResponse,1766132571.1468065,546.1535527706146,False
384,0,36,FeedbackPeriodStarted,1766132571.1602654,546.1670100688934,False
385,0,36,startFixDisplay,1766132571.1603384,546.1670823097229,False
386,0,36,startFixPeriod,1766132571.3477325,546.3544776439667,False
387,0,36,TargetPresentation,1766132572.3886507,547.3953976631165,False
388,0,36,TargetDisplacement,1766132572.5343065,547.5410532951355,True
389,0,36,LeftResponse,1766132573.3257158,548.3324620723724,False
390,0,36,FeedbackPeriodStarted,1766132573.3322601,548.3390057086945,False
391,0,37,startFixDisplay,1766132575.337502,550.3442463874817,False
392,0,37,startFixPeriod,1766132575.6360517,550.6427962779999,False
393,0,37,TargetPresentation,1766132576.3368871,551.3436317443848,False
394,0,37,TargetDisplacement,1766132576.517317,551.5240638256073,True
395,0,37,LeftResponse,1766132577.0936503,552.1003971099854,False
396,0,38,FeedbackPeriodStarted,1766132577.1070695,552.1138150691986,False
397,0,38,startFixDisplay,1766132577.1071718,552.1139163970947,False
398,0,38,startFixPeriod,1766132577.232091,552.2388365268707,False
399,0,38,TargetPresentation,1766132578.4465225,553.4532713890076,False
400,0,38,TargetDisplacement,1766132578.59897,553.6057167053223,True
401,0,38,LeftResponse,1766132579.730329,554.7370750904083,False
402,0,39,FeedbackPeriodStarted,1766132579.750857,554.7576017379761,False
403,0,39,startFixDisplay,1766132579.750925,554.7576689720154,False
404,0,39,startFixPeriod,1766132579.9452088,554.9519557952881,False
405,0,39,TargetPresentation,1766132580.5211148,555.5278594493866,False
406,0,39,TargetRemoval,1766132580.6876948,555.6944417953491,True
407,0,39,TargetReappeared,1766132580.937663,555.9444100856781,False
408,0,39,LeftResponse,1766132581.5621614,556.568906545639,False
409,0,40,FeedbackPeriodStarted,1766132581.5758529,556.5825982093811,False
410,0,40,startFixDisplay,1766132581.5759273,556.5826711654663,False
411,0,40,startFixPeriod,1766132581.6938186,556.7005655765533,False
412,0,40,TargetPresentation,1766132582.6306672,557.6374144554138,False
413,0,40,TargetRemoval,1766132582.8387177,557.8454642295837,True
414,0,40,TargetReappeared,1766132583.088638,558.0953848361969,False
415,0,40,RightResponse,1766132583.7480693,558.7548141479492,False
416,0,41,FeedbackPeriodStarted,1766132583.7618182,558.7685654163361,False
417,0,41,startFixDisplay,1766132583.761955,558.7687010765076,False
418,0,41,startFixPeriod,1766132583.9767973,558.9835431575775,False
419,0,41,TargetPresentation,1766132584.9275787,559.9343264102936,False
420,0,41,TargetRemoval,1766132585.1775458,560.1842935085297,True
421,0,41,TargetReappeared,1766132585.4271042,560.433851480484,False
422,0,41,RightResponse,1766132586.1005313,561.1072781085968,False
423,0,42,FeedbackPeriodStarted,1766132586.1138964,561.1206409931183,False
424,0,42,startFixDisplay,1766132586.1139686,561.120712518692,False
425,0,42,startFixPeriod,1766132586.2945035,561.3012504577637,False
426,0,42,TargetPresentation,1766132587.2173913,562.2241396903992,False
427,0,42,TargetDisplacement,1766132587.4046633,562.4114098548889,True
428,0,42,LeftResponse,1766132588.2168841,563.2236306667328,False
429,0,42,FeedbackPeriodStarted,1766132588.223601,563.2303483486176,False
430,0,43,startFixDisplay,1766132590.2288918,565.2356400489807,False
431,0,43,startFixPeriod,1766132590.5203533,565.5271008014679,False
432,0,43,TargetPresentation,1766132591.5334036,566.5401520729065,False
433,0,43,TargetRemoval,1766132591.699925,566.7066717147827,True
434,0,43,TargetReappeared,1766132591.9497983,566.9565453529358,False
435,0,43,RightResponse,1766132592.636884,567.6436285972595,False
436,0,44,FeedbackPeriodStarted,1766132592.6575253,567.6642725467682,False
437,0,44,startFixDisplay,1766132592.6576734,567.6644189357758,False
438,0,44,startFixPeriod,1766132593.039219,568.0459659099579,False
439,0,44,TargetPresentation,1766132594.184169,569.1909158229828,False
440,0,44,TargetRemoval,1766132594.3926818,569.3994312286377,True
441,0,44,TargetReappeared,1766132594.6420918,569.6488387584686,False
442,0,44,LeftResponse,1766132595.2045736,570.2113201618195,False
443,0,45,FeedbackPeriodStarted,1766132595.2248998,570.231644153595,False
444,0,45,startFixDisplay,1766132595.2249687,570.2317125797272,False
445,0,45,startFixPeriod,1766132595.4330842,570.4398291110992,False
446,0,45,TargetPresentation,1766132596.0784621,571.0852088928223,False
447,0,45,TargetDisplacement,1766132596.4600503,571.4667944908142,True
448,0,45,RightResponse,1766132597.3971663,572.4039123058319,False
449,0,46,FeedbackPeriodStarted,1766132597.410866,572.4176132678986,False
450,0,46,startFixDisplay,1766132597.4111097,572.4178559780121,False
451,0,46,startFixPeriod,1766132597.6120088,572.6187558174133,False
452,0,46,TargetPresentation,1766132598.5973372,573.6040847301483,False
453,0,46,TargetDisplacement,1766132598.7568638,573.7636103630066,True
454,0,46,LeftResponse,1766132599.5343049,574.5410492420197,False
455,0,47,FeedbackPeriodStarted,1766132599.5479786,574.5547261238098,False
456,0,47,startFixDisplay,1766132599.548131,574.5548770427704,False
457,0,47,startFixPeriod,1766132599.6937578,574.7005047798157,False
458,0,47,TargetPresentation,1766132600.4432864,575.450033903122,False
459,0,47,TargetDisplacement,1766132600.4986246,575.5053713321686,True
460,0,47,LeftResponse,1766132601.4563072,576.4630515575409,False
461,0,48,FeedbackPeriodStarted,1766132601.4700854,576.476832151413,False
462,0,48,startFixDisplay,1766132601.4702194,576.476964712143,False
463,0,48,startFixPeriod,1766132601.6643631,576.6711101531982,False
464,0,48,TargetPresentation,1766132602.288921,577.2956681251526,False
465,0,48,TargetDisplacement,1766132602.4970706,577.5038175582886,True
466,0,48,RightResponse,1766132603.184225,578.1909694671631,False
467,0,48,FeedbackPeriodStarted,1766132603.1908731,578.1976177692413,False
468,0,49,startFixDisplay,1766132605.1962214,580.2029654979706,False
469,0,49,startFixPeriod,1766132605.4878972,580.4946446418762,False
470,0,49,TargetPresentation,1766132606.952057,581.9588031768799,False
471,0,49,TargetRemoval,1766132607.11853,582.1252782344818,True
472,0,49,TargetReappeared,1766132607.3682616,582.3750066757202,False
473,0,49,RightResponse,1766132607.9237585,582.9305028915405,False
474,0,50,FeedbackPeriodStarted,1766132607.9371495,582.9438939094543,False
475,0,50,startFixDisplay,1766132607.9372137,582.9439573287964,False
476,0,50,startFixPeriod,1766132608.0691755,583.0759224891663,False
477,0,50,TargetPresentation,1766132608.6798053,583.6865525245667,False
478,0,50,TargetDisplacement,1766132608.839301,583.8460478782654,True
479,0,50,RightResponse,1766132609.7141197,584.7208664417267,False
480,0,51,FeedbackPeriodStarted,1766132609.734504,584.7412509918213,False
481,0,51,startFixDisplay,1766132609.7347105,584.7414565086365,False
482,0,51,startFixPeriod,1766132610.0954397,585.1021871566772,False
483,0,51,TargetPresentation,1766132611.2750654,586.2818129062653,False
484,0,51,TargetDisplacement,1766132611.462237,586.4689836502075,True
485,0,51,RightResponse,1766132612.2745662,587.2813124656677,False
486,0,52,FeedbackPeriodStarted,1766132612.294994,587.3017411231995,False
487,0,52,startFixDisplay,1766132612.295141,587.3018846511841,False
488,0,52,startFixPeriod,1766132612.4824665,587.4892137050629,False
489,0,52,TargetPresentation,1766132613.0722215,588.0789661407471,False
490,0,52,TargetDisplacement,1766132613.2455995,588.2523460388184,True
491,0,52,LeftResponse,1766132613.8982775,588.9050226211548,False
492,0,53,FeedbackPeriodStarted,1766132613.911682,588.9184262752533,False
493,0,53,startFixDisplay,1766132613.9117448,588.9184885025024,False
494,0,53,startFixPeriod,1766132614.1061897,589.112936258316,False
495,0,53,TargetPresentation,1766132614.8277748,589.8345198631287,False
496,0,53,TargetDisplacement,1766132614.987285,589.9940319061279,True
497,0,53,LeftResponse,1766132615.7788265,590.7855732440948,False
498,0,54,FeedbackPeriodStarted,1766132615.7921572,590.7989015579224,False
499,0,54,startFixDisplay,1766132615.7922208,590.7989647388458,False
500,0,54,startFixPeriod,1766132615.917166,590.9239110946655,False
501,0,54,TargetPresentation,1766132617.2634277,592.270177602768,False
502,0,54,TargetRemoval,1766132617.270307,592.2770538330078,True
503,0,54,TargetReappeared,1766132617.5201087,592.5268559455872,False
504,0,54,RightResponse,1766132618.3738184,593.3805627822876,False
505,0,54,FeedbackPeriodStarted,1766132618.3805451,593.3872919082642,False
506,0,55,startFixDisplay,1766132620.3858612,595.3926086425781,False
507,0,55,startFixPeriod,1766132620.489965,595.496711730957,False
508,0,55,TargetPresentation,1766132621.2671995,596.2739441394806,False
509,0,55,TargetRemoval,1766132621.4267685,596.4335150718689,True
510,0,55,TargetReappeared,1766132621.6766672,596.6834146976471,False
511,0,55,RightResponse,1766132622.3362584,597.3430025577545,False
512,0,56,FeedbackPeriodStarted,1766132622.3496346,597.3563814163208,False
513,0,56,startFixDisplay,1766132622.349778,597.356523513794,False
514,0,56,startFixPeriod,1766132622.5786986,597.5854449272156,False
515,0,56,TargetPresentation,1766132623.709822,598.7165694236755,False
516,0,56,TargetDisplacement,1766132623.8623114,598.8690583705902,True
517,0,56,LeftResponse,1766132624.6814275,599.6881730556488,False
518,0,57,FeedbackPeriodStarted,1766132624.694941,599.7016854286194,False
519,0,57,startFixDisplay,1766132624.6950057,599.7017495632172,False
520,0,57,startFixPeriod,1766132624.83393,599.8406774997711,False
521,0,57,TargetPresentation,1766132625.5278335,600.5345804691315,False
522,0,57,TargetDisplacement,1766132625.7012165,600.7079637050629,True
523,0,57,RightResponse,1766132626.5063612,601.5131061077118,False
524,0,58,FeedbackPeriodStarted,1766132626.5269685,601.5337157249451,False
525,0,58,startFixDisplay,1766132626.5271144,601.533860206604,False
526,0,58,startFixPeriod,1766132626.7212753,601.7280223369598,False
527,0,58,TargetPresentation,1766132627.3041606,602.3109059333801,False
528,0,58,TargetDisplacement,1766132627.4984443,602.5051910877228,True
529,0,58,RightResponse,1766132628.324582,603.3313279151917,False
530,0,59,FeedbackPeriodStarted,1766132628.344998,603.351744890213,False
531,0,59,startFixDisplay,1766132628.3451438,603.3518891334534,False
532,0,59,startFixPeriod,1766132628.5949051,603.6016538143158,False
533,0,59,TargetPresentation,1766132629.6565857,604.663332939148,False
534,0,59,TargetDisplacement,1766132629.836813,604.8435597419739,True
535,0,59,LeftResponse,1766132630.7185655,605.7253115177155,False
536,0,60,FeedbackPeriodStarted,1766132630.738949,605.7456960678101,False
537,0,60,startFixDisplay,1766132630.7390978,605.7458436489105,False
538,0,60,startFixPeriod,1766132630.9333394,605.9400866031647,False
539,0,60,TargetPresentation,1766132632.3488605,607.3556077480316,False
540,0,60,TargetDisplacement,1766132632.5222197,607.528966665268,True
541,0,60,LeftResponse,1766132633.479978,608.4867224693298,False
542,0,60,FeedbackPeriodStarted,1766132633.4869332,608.4936790466309,False
543,0,61,startFixDisplay,1766132635.492178,610.498925447464,False
544,0,61,startFixPeriod,1766132635.7211695,610.7279164791107,False
545,0,61,TargetPresentation,1766132637.0812533,612.088000535965,False
546,0,61,TargetDisplacement,1766132637.2268338,612.2335779666901,True
547,0,61,RightResponse,1766132638.2056735,613.2124202251434,False
548,0,62,FeedbackPeriodStarted,1766132638.2261848,613.2329320907593,False
549,0,62,startFixDisplay,1766132638.2263246,613.2330703735352,False
550,0,62,startFixPeriod,1766132638.85074,613.8574874401093,False
551,0,62,TargetPresentation,1766132639.3642838,614.3710312843323,False
552,0,62,TargetDisplacement,1766132639.551597,614.5583448410034,True
553,0,62,RightResponse,1766132640.6621127,615.668859243393,False
554,0,63,FeedbackPeriodStarted,1766132640.6825957,615.6893429756165,False
555,0,63,startFixDisplay,1766132640.6827388,615.6894843578339,False
556,0,63,startFixPeriod,1766132640.8700023,615.8767492771149,False
557,0,63,TargetPresentation,1766132641.8345504,616.8412973880768,False
558,0,63,TargetDisplacement,1766132641.9940124,617.0007593631744,True
559,0,63,RightResponse,1766132643.035098,618.0418422222137,False
560,0,64,FeedbackPeriodStarted,1766132643.048802,618.0555491447449,False
561,0,64,startFixDisplay,1766132643.0489504,618.0556962490082,False
562,0,64,startFixPeriod,1766132643.187648,618.1943953037262,False
563,0,64,TargetPresentation,1766132644.1869135,619.1936593055725,False
564,0,64,TargetRemoval,1766132644.3464136,619.3531610965729,True
565,0,64,TargetReappeared,1766132644.5962398,619.6029868125916,False
566,0,64,LeftResponse,1766132645.193172,620.1999175548553,False
567,0,65,FeedbackPeriodStarted,1766132645.2137735,620.2205204963684,False
568,0,65,startFixDisplay,1766132645.2139063,620.2206518650055,False
569,0,65,startFixPeriod,1766132645.4080358,620.4147803783417,False
570,0,65,TargetPresentation,1766132646.6155407,621.6222882270813,False
571,0,65,TargetRemoval,1766132646.7680793,621.7748234272003,True
572,0,65,TargetReappeared,1766132647.0179873,622.0247344970703,False
573,0,65,LeftResponse,1766132647.7538912,622.7606372833252,False
574,0,65,FeedbackPeriodStarted,1766132647.7881236,622.7948679924011,False
575,1,66,startFixDisplay,1766132721.223912,696.2306561470032,False
576,1,66,startFixPeriod,1766132721.425214,696.4319586753845,False
577,1,66,TargetPresentation,1766132722.6672626,697.6740074157715,False
578,1,66,TargetRemoval,1766132722.8615582,697.8683047294617,True
579,1,66,TargetReappeared,1766132723.111572,698.118319272995,False
580,1,66,LeftResponse,1766132723.646059,698.6528031826019,False
581,1,67,FeedbackPeriodStarted,1766132723.6594958,698.6662404537201,False
582,1,67,startFixDisplay,1766132723.659551,698.6662948131561,False
583,1,67,startFixPeriod,1766132723.8332179,698.8399648666382,False
584,1,67,TargetPresentation,1766132725.040528,700.0472755432129,False
585,1,67,TargetDisplacement,1766132725.0750706,700.0818150043488,True
586,1,67,RightResponse,1766132725.8388672,700.8456137180328,False
587,1,68,FeedbackPeriodStarted,1766132725.8592901,700.866037607193,False
588,1,68,startFixDisplay,1766132725.8594613,700.8662075996399,False
589,1,68,startFixPeriod,1766132726.067517,701.0742642879486,False
590,1,68,TargetPresentation,1766132727.1985054,702.2052526473999,False
591,1,68,TargetRemoval,1766132727.3371897,702.3439335823059,True
592,1,68,TargetReappeared,1766132727.5870774,702.5938243865967,False
593,1,68,LeftResponse,1766132728.0524726,703.0592222213745,False
594,1,69,FeedbackPeriodStarted,1766132728.0728374,703.0795845985413,False
595,1,69,startFixDisplay,1766132728.0729825,703.0797283649445,False
596,1,69,startFixPeriod,1766132728.211661,703.2184081077576,False
597,1,69,TargetPresentation,1766132729.6618865,704.6686334609985,False
598,1,69,TargetDisplacement,1766132729.8631186,704.8698651790619,True
599,1,69,LeftResponse,1766132730.619795,705.6265416145325,False
600,1,70,FeedbackPeriodStarted,1766132730.6401987,705.6469433307648,False
601,1,70,startFixDisplay,1766132730.6402626,705.6470065116882,False
602,1,70,startFixPeriod,1766132730.8347073,705.841454744339,False
603,1,70,TargetPresentation,1766132731.5216074,706.5283544063568,False
604,1,70,TargetRemoval,1766132731.7019417,706.7086892127991,True
605,1,70,TargetReappeared,1766132731.9518847,706.9586322307587,False
606,1,70,RightResponse,1766132732.458731,707.4654774665833,False
607,1,71,FeedbackPeriodStarted,1766132732.4791121,707.4858593940735,False
608,1,71,startFixDisplay,1766132732.479256,707.4860014915466,False
609,1,71,startFixPeriod,1766132732.6665456,707.6732926368713,False
610,1,71,TargetPresentation,1766132733.4575589,708.4643058776855,False
611,1,71,TargetDisplacement,1766132733.6101537,708.6169004440308,True
612,1,71,LeftResponse,1766132734.5124903,709.5192348957062,False
613,1,72,FeedbackPeriodStarted,1766132734.5329812,709.5397257804871,False
614,1,72,startFixDisplay,1766132734.5331023,709.5398461818695,False
615,1,72,startFixPeriod,1766132734.727499,709.7342462539673,False
616,1,72,TargetPresentation,1766132736.1707985,711.1775460243225,False
617,1,72,TargetDisplacement,1766132736.344112,711.3508582115173,True
618,1,72,RightResponse,1766132737.0591743,712.0659201145172,False
619,1,72,FeedbackPeriodStarted,1766132737.072816,712.0795602798462,False
620,1,73,startFixDisplay,1766132739.0781298,714.0848770141602,False
621,1,73,startFixPeriod,1766132739.397333,714.4040791988373,False
622,1,73,TargetPresentation,1766132740.556185,715.5629322528839,False
623,1,73,TargetDisplacement,1766132740.7366447,715.743391752243,True
624,1,73,RightResponse,1766132741.409997,716.4167442321777,False
625,1,74,FeedbackPeriodStarted,1766132741.4305172,716.4372639656067,False
626,1,74,startFixDisplay,1766132741.430668,716.4374134540558,False
627,1,74,startFixPeriod,1766132741.6248558,716.6316027641296,False
628,1,74,TargetPresentation,1766132742.561638,717.5683853626251,False
629,1,74,TargetRemoval,1766132742.7487924,717.7555363178253,True
630,1,74,TargetReappeared,1766132742.9987557,718.0055027008057,False
631,1,74,LeftResponse,1766132743.880313,718.8870570659637,False
632,1,75,FeedbackPeriodStarted,1766132743.893725,718.9004700183868,False
633,1,75,startFixDisplay,1766132743.8938084,718.9005525112152,False
634,1,75,startFixPeriod,1766132744.0951705,719.1019191741943,False
635,1,75,TargetPresentation,1766132745.1636739,720.1704213619232,False
636,1,75,TargetDisplacement,1766132745.2607858,720.2675325870514,True
637,1,75,RightResponse,1766132746.6212049,721.6279511451721,False
638,1,76,FeedbackPeriodStarted,1766132746.6416929,721.6484394073486,False
639,1,76,startFixDisplay,1766132746.6418092,721.6485543251038,False
640,1,76,startFixPeriod,1766132746.8360515,721.842798948288,False
641,1,76,TargetPresentation,1766132747.3843284,722.3910758495331,False
642,1,76,TargetRemoval,1766132747.564568,722.571314573288,True
643,1,76,TargetReappeared,1766132747.814438,722.8211858272552,False
644,1,76,RightResponse,1766132748.3073661,723.3141372203827,False
645,1,77,FeedbackPeriodStarted,1766132748.3279774,723.3347256183624,False
646,1,77,startFixDisplay,1766132748.3281186,723.3348641395569,False
647,1,77,startFixPeriod,1766132748.5430913,723.5498371124268,False
648,1,77,TargetPresentation,1766132749.5908995,724.5976464748383,False
649,1,77,TargetDisplacement,1766132749.7433982,724.7501449584961,True
650,1,77,RightResponse,1766132750.659808,725.6665544509888,False
651,1,78,FeedbackPeriodStarted,1766132750.6801229,725.6868674755096,False
652,1,78,startFixDisplay,1766132750.680188,725.6869316101074,False
653,1,78,startFixPeriod,1766132750.8745515,725.8812973499298,False
654,1,78,TargetPresentation,1766132751.818322,726.8250691890717,False
655,1,78,TargetDisplacement,1766132751.9707923,726.9775364398956,True
656,1,78,LeftResponse,1766132752.769164,727.7759084701538,False
657,1,78,FeedbackPeriodStarted,1766132752.7757854,727.7825326919556,False
658,1,79,startFixDisplay,1766132754.7810707,729.7878148555756,False
659,1,79,startFixPeriod,1766132755.0102036,730.0169489383698,False
660,1,79,TargetPresentation,1766132755.9678,730.9745450019836,False
661,1,79,TargetDisplacement,1766132756.155112,731.1618587970734,True
662,1,79,RightResponse,1766132756.939686,731.9464328289032,False
663,1,80,FeedbackPeriodStarted,1766132756.9600434,731.9667901992798,False
664,1,80,startFixDisplay,1766132756.960149,731.9668927192688,False
665,1,80,startFixPeriod,1766132757.1475496,732.1542978286743,False
666,1,80,TargetPresentation,1766132757.931583,732.938330411911,False
667,1,80,TargetRemoval,1766132758.1049328,733.111679315567,True
668,1,80,TargetReappeared,1766132758.3547885,733.3615338802338,False
669,1,80,RightResponse,1766132758.7853656,733.7921319007874,False
670,1,81,FeedbackPeriodStarted,1766132758.8057828,733.8125274181366,False
671,1,81,startFixDisplay,1766132758.8058481,733.812591791153,False
672,1,81,startFixPeriod,1766132758.9931786,733.9999237060547,False
673,1,81,TargetPresentation,1766132759.9300613,734.9368085861206,False
674,1,81,TargetDisplacement,1766132760.0339813,735.0407280921936,True
675,1,81,LeftResponse,1766132761.0404894,736.0472357273102,False
676,1,82,FeedbackPeriodStarted,1766132761.0539844,736.0607290267944,False
677,1,82,startFixDisplay,1766132761.0540526,736.0607964992523,False
678,1,82,startFixPeriod,1766132761.2691808,736.2759292125702,False
679,1,82,TargetPresentation,1766132762.1712246,737.1779699325562,False
680,1,82,TargetDisplacement,1766132762.3168364,737.3235802650452,True
681,1,82,LeftResponse,1766132763.066711,738.0734574794769,False
682,1,83,FeedbackPeriodStarted,1766132763.087256,738.094003200531,False
683,1,83,startFixDisplay,1766132763.0874171,738.0941631793976,False
684,1,83,startFixPeriod,1766132763.2746894,738.281436920166,False
685,1,83,TargetPresentation,1766132764.3918316,739.3985786437988,False
686,1,83,TargetDisplacement,1766132764.5583138,739.5650613307953,True
687,1,83,RightResponse,1766132765.224649,740.2313945293427,False
688,1,84,FeedbackPeriodStarted,1766132765.2451599,740.2519042491913,False
689,1,84,startFixDisplay,1766132765.2452204,740.2519640922546,False
690,1,84,startFixPeriod,1766132765.439657,740.4464044570923,False
691,1,84,TargetPresentation,1766132766.362572,741.3693192005157,False
692,1,84,TargetDisplacement,1766132766.5081656,741.5149126052856,True
693,1,84,LeftResponse,1766132767.216167,742.2229120731354,False
694,1,84,FeedbackPeriodStarted,1766132767.2228968,742.2296440601349,False
695,1,85,startFixDisplay,1766132769.2281563,744.2349007129669,False
696,1,85,startFixPeriod,1766132769.5615463,744.5682947635651,False
697,1,85,TargetPresentation,1766132770.6091921,745.6159391403198,False
698,1,85,TargetRemoval,1766132770.761796,745.7685430049896,True
699,1,85,TargetReappeared,1766132771.011717,746.0184643268585,False
700,1,85,LeftResponse,1766132771.5879743,746.5947210788727,False
701,1,86,FeedbackPeriodStarted,1766132771.60825,746.6149942874908,False
702,1,86,startFixDisplay,1766132771.6083155,746.6150591373444,False
703,1,86,startFixPeriod,1766132771.7264607,746.7332088947296,False
704,1,86,TargetPresentation,1766132772.8089046,747.8156518936157,False
705,1,86,TargetDisplacement,1766132772.9614382,747.9681849479675,True
706,1,86,LeftResponse,1766132773.7042494,748.7109940052032,False
707,1,87,FeedbackPeriodStarted,1766132773.7177517,748.7244966030121,False
708,1,87,startFixDisplay,1766132773.717816,748.7245600223541,False
709,1,87,startFixPeriod,1766132773.9191186,748.9258661270142,False
710,1,87,TargetPresentation,1766132774.4811695,749.4879167079926,False
711,1,87,TargetDisplacement,1766132775.0847342,750.0914781093597,True
712,1,87,RightResponse,1766132775.320983,750.3277280330658,False
713,1,88,FeedbackPeriodStarted,1766132775.3415475,750.3482942581177,False
714,1,88,startFixDisplay,1766132775.3416898,750.3484354019165,False
715,1,88,startFixPeriod,1766132775.5498347,750.5565810203552,False
716,1,88,TargetPresentation,1766132776.6046193,751.611368894577,False
717,1,88,TargetDisplacement,1766132777.0485451,752.0552916526794,True
718,1,88,LeftResponse,1766132777.6038373,752.6105816364288,False
719,1,89,FeedbackPeriodStarted,1766132777.6175742,752.6243214607239,False
720,1,89,startFixDisplay,1766132777.6177044,752.6244502067566,False
721,1,89,startFixPeriod,1766132777.8187883,752.8255345821381,False
722,1,89,TargetPresentation,1766132778.7624042,753.7691485881805,False
723,1,89,TargetDisplacement,1766132778.929084,753.9358308315277,True
724,1,89,RightResponse,1766132779.5883954,754.5951404571533,False
725,1,90,FeedbackPeriodStarted,1766132779.6090407,754.6157877445221,False
726,1,90,startFixDisplay,1766132779.6091821,754.6159281730652,False
727,1,90,startFixPeriod,1766132779.8034008,754.8101487159729,False
728,1,90,TargetPresentation,1766132780.9830277,755.989773273468,False
729,1,90,TargetDisplacement,1766132781.184242,756.1909885406494,True
730,1,90,RightResponse,1766132781.8784738,756.8852205276489,False
731,1,90,FeedbackPeriodStarted,1766132781.8920019,756.8987486362457,False
732,1,91,startFixDisplay,1766132783.897236,758.9039804935455,False
733,1,91,startFixPeriod,1766132784.258211,759.2649567127228,False
734,1,91,TargetPresentation,1766132785.1741953,760.1809420585632,False
735,1,91,TargetDisplacement,1766132785.3407238,760.3474702835083,True
736,1,91,LeftResponse,1766132786.0696802,761.0764267444611,False
737,1,92,FeedbackPeriodStarted,1766132786.090204,761.0969491004944,False
738,1,92,startFixDisplay,1766132786.0902762,761.097020149231,False
739,1,92,startFixPeriod,1766132786.2289248,761.2356717586517,False
740,1,92,TargetPresentation,1766132787.533535,762.5402822494507,False
741,1,92,TargetRemoval,1766132787.6513605,762.6581072807312,True
742,1,92,TargetReappeared,1766132787.9013212,762.9080684185028,False
743,1,92,RightResponse,1766132788.4564042,763.4631485939026,False
744,1,93,FeedbackPeriodStarted,1766132788.470095,763.4768393039703,False
745,1,93,startFixDisplay,1766132788.4701576,763.4769012928009,False
746,1,93,startFixPeriod,1766132788.664533,763.6712782382965,False
747,1,93,TargetPresentation,1766132789.323825,764.330573797226,False
748,1,93,TargetRemoval,1766132789.5179205,764.5246646404266,True
749,1,93,TargetReappeared,1766132789.7678375,764.7745842933655,False
750,1,93,RightResponse,1766132790.4134636,765.4202091693878,False
751,1,94,FeedbackPeriodStarted,1766132790.4339538,765.4407007694244,False
752,1,94,startFixDisplay,1766132790.4340992,765.4408450126648,False
753,1,94,startFixPeriod,1766132790.5936248,765.6003694534302,False
754,1,94,TargetPresentation,1766132791.7593372,766.766083240509,False
755,1,94,TargetRemoval,1766132791.7661972,766.772941827774,True
756,1,94,TargetReappeared,1766132792.0161006,767.0228478908539,False
757,1,94,RightResponse,1766132792.84224,767.8489847183228,False
758,1,95,FeedbackPeriodStarted,1766132792.8626235,767.8693704605103,False
759,1,95,startFixDisplay,1766132792.862769,767.869514465332,False
760,1,95,startFixPeriod,1766132793.0848584,768.091605424881,False
761,1,95,TargetPresentation,1766132794.2989893,769.3057346343994,False
762,1,95,TargetRemoval,1766132794.4377372,769.4444835186005,True
763,1,95,TargetReappeared,1766132794.687716,769.6944613456726,False
764,1,95,RightResponse,1766132795.2292266,770.2359719276428,False
765,1,96,FeedbackPeriodStarted,1766132795.2497663,770.256513595581,False
766,1,96,startFixDisplay,1766132795.2499032,770.256649017334,False
767,1,96,startFixPeriod,1766132795.3886557,770.3954036235809,False
768,1,96,TargetPresentation,1766132796.7139044,771.7206516265869,False
769,1,96,TargetDisplacement,1766132796.8802717,771.8870184421539,True
770,1,96,LeftResponse,1766132797.6509466,772.6576931476593,False
771,1,96,FeedbackPeriodStarted,1766132797.657498,772.6642451286316,False
772,1,97,startFixDisplay,1766132799.6627493,774.6694934368134,False
773,1,97,startFixPeriod,1766132799.912719,774.9194662570953,False
774,1,97,TargetPresentation,1766132801.0090897,776.0158367156982,False
775,1,97,TargetRemoval,1766132801.1617324,776.1684787273407,True
776,1,97,TargetReappeared,1766132801.4115949,776.4183416366577,False
777,1,97,LeftResponse,1766132801.9737544,776.9804997444153,False
778,1,98,FeedbackPeriodStarted,1766132801.9944775,777.0012259483337,False
779,1,98,startFixDisplay,1766132801.9946342,777.0013799667358,False
780,1,98,startFixPeriod,1766132802.1887474,777.1954939365387,False
781,1,98,TargetPresentation,1766132803.6598248,778.6665723323822,False
782,1,98,TargetRemoval,1766132803.8262126,778.8329565525055,True
783,1,98,TargetReappeared,1766132804.0761695,779.0829169750214,False
784,1,98,RightResponse,1766132804.8258224,779.8325691223145,False
785,1,99,FeedbackPeriodStarted,1766132804.8463264,779.8530731201172,False
786,1,99,startFixDisplay,1766132804.84649,779.8532354831696,False
787,1,99,startFixPeriod,1766132804.9990273,780.0057716369629,False
788,1,99,TargetPresentation,1766132806.0122795,781.0190277099609,False
789,1,99,TargetDisplacement,1766132806.178637,781.1853837966919,True
790,1,99,LeftResponse,1766132806.997783,782.0045297145844,False
791,1,100,FeedbackPeriodStarted,1766132807.0181668,782.0249118804932,False
792,1,100,startFixDisplay,1766132807.0182333,782.0249772071838,False
793,1,100,startFixPeriod,1766132807.2404704,782.2472178936005,False
794,1,100,TargetPresentation,1766132808.6975079,783.7042551040649,False
795,1,100,TargetDisplacement,1766132808.9195786,783.9263253211975,True
796,1,100,RightResponse,1766132809.565061,784.5718052387238,False
797,1,101,FeedbackPeriodStarted,1766132809.5786521,784.5853967666626,False
798,1,101,startFixDisplay,1766132809.5787697,784.5855138301849,False
799,1,101,startFixPeriod,1766132809.9674249,784.9741723537445,False
800,1,101,TargetPresentation,1766132810.7861407,785.7928867340088,False
801,1,101,TargetRemoval,1766132810.945804,785.9525513648987,True
802,1,101,TargetReappeared,1766132811.1956644,786.2024118900299,False
803,1,101,RightResponse,1766132811.6469955,786.653742313385,False
804,1,102,FeedbackPeriodStarted,1766132811.6743016,786.6810462474823,False
805,1,102,startFixDisplay,1766132811.6743827,786.6811265945435,False
806,1,102,startFixPeriod,1766132811.7576125,786.7643597126007,False
807,1,102,TargetPresentation,1766132812.4031498,787.4098973274231,False
808,1,102,TargetDisplacement,1766132812.569592,787.576340675354,True
809,1,102,LeftResponse,1766132813.5135202,788.5202667713165,False
810,1,102,FeedbackPeriodStarted,1766132813.5201013,788.5268461704254,False
811,1,103,startFixDisplay,1766132815.5255072,790.5322544574738,False
812,1,103,startFixPeriod,1766132815.8863611,790.8931069374084,False
813,1,103,TargetPresentation,1766132816.6705458,791.6772916316986,False
814,1,103,TargetRemoval,1766132816.8369668,791.8437135219574,True
815,1,103,TargetReappeared,1766132817.0868707,792.0936183929443,False
816,1,103,RightResponse,1766132817.6283054,792.6350502967834,False
817,1,104,FeedbackPeriodStarted,1766132817.6488507,792.6555979251862,False
818,1,104,startFixDisplay,1766132817.6489952,792.655740737915,False
819,1,104,startFixPeriod,1766132817.8572483,792.863995552063,False
820,1,104,TargetPresentation,1766132818.77309,793.7798364162445,False
821,1,104,TargetDisplacement,1766132818.8979526,793.9046967029572,True
822,1,104,LeftResponse,1766132819.7934072,794.8001544475555,False
823,1,105,FeedbackPeriodStarted,1766132819.813828,794.8205749988556,False
824,1,105,startFixDisplay,1766132819.8139715,794.8207173347473,False
825,1,105,startFixPeriod,1766132820.0151906,795.021936416626,False
826,1,105,TargetPresentation,1766132821.3752418,796.3819890022278,False
827,1,105,TargetRemoval,1766132821.5346694,796.5414159297943,True
828,1,105,TargetReappeared,1766132821.7846413,796.7913885116577,False
829,1,105,RightResponse,1766132822.3122606,797.3190064430237,False
830,1,106,FeedbackPeriodStarted,1766132822.3327577,797.3395059108734,False
831,1,106,startFixDisplay,1766132822.3328946,797.3396401405334,False
832,1,106,startFixPeriod,1766132822.5410097,797.5477569103241,False
833,1,106,TargetPresentation,1766132823.9496388,798.956386089325,False
834,1,106,TargetDisplacement,1766132824.0882459,799.0949923992157,True
835,1,106,RightResponse,1766132825.0252857,800.0320298671722,False
836,1,107,FeedbackPeriodStarted,1766132825.038831,800.0455753803253,False
837,1,107,startFixDisplay,1766132825.0388947,800.0456385612488,False
838,1,107,startFixPeriod,1766132825.108418,800.1151661872864,False
839,1,107,TargetPresentation,1766132826.5934672,801.6002173423767,False
840,1,107,TargetDisplacement,1766132826.752803,801.7595472335815,True
841,1,107,LeftResponse,1766132827.4818115,802.4885573387146,False
842,1,108,FeedbackPeriodStarted,1766132827.502213,802.5089573860168,False
843,1,108,startFixDisplay,1766132827.5022805,802.509024143219,False
844,1,108,startFixPeriod,1766132827.6411016,802.647848367691,False
845,1,108,TargetPresentation,1766132828.834599,803.8413460254669,False
846,1,108,TargetDisplacement,1766132829.0010912,804.007838010788,True
847,1,108,RightResponse,1766132830.0285187,805.0352647304535,False
848,1,108,FeedbackPeriodStarted,1766132830.0420754,805.0488224029541,False
849,1,109,startFixDisplay,1766132832.0472612,807.0540058612823,False
850,1,109,startFixPeriod,1766132832.304178,807.3109247684479,False
851,1,109,TargetPresentation,1766132833.7543902,808.7611358165741,False
852,1,109,TargetDisplacement,1766132833.9347456,808.9414920806885,True
853,1,109,RightResponse,1766132834.656808,809.6635544300079,False
854,1,110,FeedbackPeriodStarted,1766132834.68424,809.6909847259521,False
855,1,110,startFixDisplay,1766132834.6843064,809.6910502910614,False
856,1,110,startFixPeriod,1766132834.8716965,809.8784432411194,False
857,1,110,TargetPresentation,1766132835.6626892,810.6694362163544,False
858,1,110,TargetDisplacement,1766132835.8360612,810.842808008194,True
859,1,110,RightResponse,1766132836.9050367,811.9117834568024,False
860,1,111,FeedbackPeriodStarted,1766132836.9256494,811.9323973655701,False
861,1,111,startFixDisplay,1766132836.9258082,811.9325540065765,False
862,1,111,startFixPeriod,1766132837.105966,812.1127133369446,False
863,1,111,TargetPresentation,1766132837.799868,812.806615114212,False
864,1,111,TargetDisplacement,1766132837.9663455,812.9730920791626,True
865,1,111,RightResponse,1766132839.2504466,814.2571933269501,False
866,1,112,FeedbackPeriodStarted,1766132839.2709067,814.2776536941528,False
867,1,112,startFixDisplay,1766132839.2710521,814.2777979373932,False
868,1,112,startFixPeriod,1766132839.3957934,814.4025404453278,False
869,1,112,TargetPresentation,1766132840.859887,815.866631269455,False
870,1,112,TargetDisplacement,1766132840.9640625,815.9708096981049,True
871,1,112,LeftResponse,1766132841.9219189,816.9286642074585,False
872,1,113,FeedbackPeriodStarted,1766132841.9424636,816.9492106437683,False
873,1,113,startFixDisplay,1766132841.9426115,816.9493570327759,False
874,1,113,startFixPeriod,1766132842.1299152,817.1366608142853,False
875,1,113,TargetPresentation,1766132843.3581138,818.3648612499237,False
876,1,113,TargetRemoval,1766132843.5175555,818.5243022441864,True
877,1,113,TargetReappeared,1766132843.76754,818.7742872238159,False
878,1,113,RightResponse,1766132844.3366745,819.3434200286865,False
879,1,114,FeedbackPeriodStarted,1766132844.3572156,819.3639602661133,False
880,1,114,startFixDisplay,1766132844.357297,819.364040851593,False
881,1,114,startFixPeriod,1766132845.0303922,820.0371403694153,False
882,1,114,TargetPresentation,1766132846.4806895,821.4874367713928,False
883,1,114,TargetDisplacement,1766132846.6748054,821.6815521717072,True
884,1,114,RightResponse,1766132847.6120718,822.618818283081,False
885,1,114,FeedbackPeriodStarted,1766132847.6187074,822.6254549026489,False
886,1,115,startFixDisplay,1766132849.9084866,824.9152343273163,False
887,1,115,startFixPeriod,1766132850.005673,825.0124199390411,False
888,1,115,TargetPresentation,1766132851.2893596,826.2961068153381,False
889,1,115,TargetDisplacement,1766132851.4142568,826.4210007190704,True
890,1,115,LeftResponse,1766132852.386064,827.3928112983704,False
891,1,116,FeedbackPeriodStarted,1766132852.4065497,827.4132969379425,False
892,1,116,startFixDisplay,1766132852.4066827,827.4134283065796,False
893,1,116,startFixPeriod,1766132852.7743115,827.7810583114624,False
894,1,116,TargetPresentation,1766132853.544609,828.5513558387756,False
895,1,116,TargetRemoval,1766132853.6832507,828.6899969577789,True
896,1,116,TargetReappeared,1766132853.933127,828.9398741722107,False
897,1,116,RightResponse,1766132854.3773654,829.3841099739075,False
898,1,117,FeedbackPeriodStarted,1766132854.3981106,829.4048578739166,False
899,1,117,startFixDisplay,1766132854.3982344,829.4049780368805,False
900,1,117,startFixPeriod,1766132854.5021317,829.5088787078857,False
901,1,117,TargetPresentation,1766132855.9733043,830.9800527095795,False
902,1,117,TargetDisplacement,1766132856.1604922,831.1672389507294,True
903,1,117,RightResponse,1766132857.118528,832.1252748966217,False
904,1,118,FeedbackPeriodStarted,1766132857.13891,832.1456568241119,False
905,1,118,startFixDisplay,1766132857.1390507,832.1457962989807,False
906,1,118,startFixPeriod,1766132857.277784,832.2845301628113,False
907,1,118,TargetPresentation,1766132858.4157748,833.4225218296051,False
908,1,118,TargetDisplacement,1766132858.4434578,833.4502048492432,True
909,1,118,LeftResponse,1766132859.5956774,834.6024239063263,False
910,1,119,FeedbackPeriodStarted,1766132859.6161609,834.6229076385498,False
911,1,119,startFixDisplay,1766132859.61633,834.6230781078339,False
912,1,119,startFixPeriod,1766132859.8452046,834.8519496917725,False
913,1,119,TargetPresentation,1766132860.6571064,835.6638534069061,False
914,1,119,TargetRemoval,1766132860.8305235,835.8372700214386,True
915,1,119,TargetReappeared,1766132861.0804012,836.087149143219,False
916,1,119,LeftResponse,1766132861.6703322,836.6770765781403,False
917,1,120,FeedbackPeriodStarted,1766132861.6909318,836.6976788043976,False
918,1,120,startFixDisplay,1766132861.6910763,836.6978223323822,False
919,1,120,startFixPeriod,1766132861.919976,836.9267218112946,False
920,1,120,TargetPresentation,1766132862.551412,837.558158159256,False
921,1,120,TargetRemoval,1766132862.731865,837.7386095523834,True
922,1,120,TargetReappeared,1766132862.9816694,837.9884166717529,False
923,1,120,LeftResponse,1766132863.550917,838.5576634407043,False
924,1,120,FeedbackPeriodStarted,1766132863.5574431,838.5641877651215,False
925,1,121,startFixDisplay,1766132865.562771,840.5695154666901,False
926,1,121,startFixPeriod,1766132865.819745,840.8264911174774,False
927,1,121,TargetPresentation,1766132866.48591,841.4926545619965,False
928,1,121,TargetDisplacement,1766132866.5967908,841.6035375595093,True
929,1,121,LeftResponse,1766132867.7075095,842.7142555713654,False
930,1,122,FeedbackPeriodStarted,1766132867.7278817,842.7346286773682,False
931,1,122,startFixDisplay,1766132867.7280872,842.7348339557648,False
932,1,122,startFixPeriod,1766132867.915306,842.9220516681671,False
933,1,122,TargetPresentation,1766132869.2198384,844.2265853881836,False
934,1,122,TargetRemoval,1766132869.3377497,844.3444938659668,True
935,1,122,TargetReappeared,1766132869.5876179,844.5943646430969,False
936,1,122,RightResponse,1766132870.14304,845.149786233902,False
937,1,123,FeedbackPeriodStarted,1766132870.1634033,845.1701481342316,False
938,1,123,startFixDisplay,1766132870.163474,845.1702179908752,False
939,1,123,startFixPeriod,1766132870.378622,845.3853669166565,False
940,1,123,TargetPresentation,1766132871.1211143,846.1278600692749,False
941,1,123,TargetDisplacement,1766132871.2736,846.280344247818,True
942,1,123,RightResponse,1766132872.523191,847.5299394130707,False
943,1,124,FeedbackPeriodStarted,1766132872.536977,847.5437214374542,False
944,1,124,startFixDisplay,1766132872.5370398,847.5437836647034,False
945,1,124,startFixPeriod,1766132872.6754885,847.6822354793549,False
946,1,124,TargetPresentation,1766132874.1534855,849.1602318286896,False
947,1,124,TargetDisplacement,1766132874.3269358,849.3336825370789,True
948,1,124,LeftResponse,1766132875.3680983,850.3748428821564,False
949,1,125,FeedbackPeriodStarted,1766132875.388628,850.3953750133514,False
950,1,125,startFixDisplay,1766132875.3887696,850.3955154418945,False
951,1,125,startFixPeriod,1766132875.576013,850.5827600955963,False
952,1,125,TargetPresentation,1766132876.8111904,851.8179380893707,False
953,1,125,TargetDisplacement,1766132876.9220796,851.9288263320923,True
954,1,125,LeftResponse,1766132877.838447,852.8451931476593,False
955,1,126,FeedbackPeriodStarted,1766132877.8587763,852.8655207157135,False
956,1,126,startFixDisplay,1766132877.8588395,852.8655831813812,False
957,1,126,startFixPeriod,1766132878.0601964,853.0669431686401,False
958,1,126,TargetPresentation,1766132879.1496763,854.156423330307,False
959,1,126,TargetDisplacement,1766132879.2952807,854.3020277023315,True
960,1,126,RightResponse,1766132880.2809827,855.2877290248871,False
961,1,126,FeedbackPeriodStarted,1766132880.2875369,855.2942819595337,False
962,1,127,startFixDisplay,1766132882.292861,857.2996056079865,False
963,1,127,startFixPeriod,1766132882.778715,857.7854619026184,False
964,1,127,TargetPresentation,1766132884.0832133,859.0899589061737,False
965,1,127,TargetDisplacement,1766132884.3121357,859.3188796043396,True
966,1,127,LeftResponse,1766132885.006591,860.0133378505707,False
967,1,128,FeedbackPeriodStarted,1766132885.0338476,860.0405917167664,False
968,1,128,startFixDisplay,1766132885.0339158,860.0406594276428,False
969,1,128,startFixPeriod,1766132885.2629204,860.2696676254272,False
970,1,128,TargetPresentation,1766132886.178861,861.1856062412262,False
971,1,128,TargetDisplacement,1766132886.324521,861.331268787384,True
972,1,128,RightResponse,1766132887.1367023,862.1434478759766,False
973,1,129,FeedbackPeriodStarted,1766132887.1572406,862.1639876365662,False
974,1,129,startFixDisplay,1766132887.15739,862.1641361713409,False
975,1,129,startFixPeriod,1766132887.3098562,862.3166019916534,False
976,1,129,TargetPresentation,1766132888.3508043,863.3575510978699,False
977,1,129,TargetDisplacement,1766132888.3577435,863.3644881248474,True
978,1,129,LeftResponse,1766132889.2740092,864.2807559967041,False
979,1,130,FeedbackPeriodStarted,1766132889.301318,864.3080623149872,False
980,1,130,startFixDisplay,1766132889.3014023,864.308146238327,False
981,1,130,startFixPeriod,1766132889.5096452,864.5163922309875,False
982,1,130,TargetPresentation,1766132890.3561308,865.3628766536713,False
983,1,130,TargetRemoval,1766132890.529629,865.5363774299622,True
984,1,130,TargetReappeared,1766132890.7795303,865.7862765789032,False
985,1,130,LeftResponse,1766132891.3764355,866.3831820487976,False
986,1,131,FeedbackPeriodStarted,1766132891.3969903,866.4037373065948,False
987,1,131,startFixDisplay,1766132891.397136,866.4038815498352,False
988,1,131,startFixPeriod,1766132891.5149996,866.521746635437,False
989,1,131,TargetPresentation,1766132892.7709436,867.7776913642883,False
990,1,131,TargetRemoval,1766132892.9305158,867.9372622966766,True
991,1,131,TargetReappeared,1766132893.1803641,868.1871111392975,False
992,1,131,LeftResponse,1766132893.721854,868.728598356247,False
993,1,131,FeedbackPeriodStarted,1766132893.7561677,868.7629127502441,False
994,2,132,startFixDisplay,1766132964.930007,939.9367525577545,False
995,2,132,startFixPeriod,1766132965.1589742,940.1657197475433,False
996,2,132,TargetPresentation,1766132966.0541344,941.0608789920807,False
997,2,132,TargetRemoval,1766132966.2206173,941.2273640632629,True
998,2,132,TargetReappeared,1766132966.4704313,941.477178812027,False
999,2,132,LeftResponse,1766132966.9287295,941.935476064682,False
1000,2,133,FeedbackPeriodStarted,1766132966.9491165,941.9558608531952,False
1001,2,133,startFixDisplay,1766132966.9491825,941.9559261798859,False
1002,2,133,startFixPeriod,1766132967.1089072,942.1156544685364,False
1003,2,133,TargetPresentation,1766132968.5868843,943.5936303138733,False
1004,2,133,TargetDisplacement,1766132968.7671459,943.7738900184631,True
1005,2,133,LeftResponse,1766132969.56568,944.5724265575409,False
1006,2,134,FeedbackPeriodStarted,1766132969.5860305,944.5927774906158,False
1007,2,134,startFixDisplay,1766132969.5861278,944.5928716659546,False
1008,2,134,startFixPeriod,1766132969.794251,944.8009974956512,False
1009,2,134,TargetPresentation,1766132971.0155182,946.0222640037537,False
1010,2,134,TargetRemoval,1766132971.1818924,946.188636302948,True
1011,2,134,TargetReappeared,1766132971.4318945,946.4386398792267,False
1012,2,134,LeftResponse,1766132971.9247265,946.9314720630646,False
1013,2,135,FeedbackPeriodStarted,1766132971.9453874,946.9521367549896,False
1014,2,135,startFixDisplay,1766132971.945549,946.952294588089,False
1015,2,135,startFixPeriod,1766132972.0702817,947.0770287513733,False
1016,2,135,TargetPresentation,1766132972.7364113,947.7431576251984,False
1017,2,135,TargetRemoval,1766132972.8959198,947.9026639461517,True
1018,2,135,TargetReappeared,1766132973.1459143,948.1526615619659,False
1019,2,135,RightResponse,1766132973.6110432,948.6177899837494,False
1020,2,136,FeedbackPeriodStarted,1766132973.6315646,948.6383118629456,False
1021,2,136,startFixDisplay,1766132973.6317165,948.6384627819061,False
1022,2,136,startFixPeriod,1766132973.798096,948.8048431873322,False
1023,2,136,TargetPresentation,1766132974.658703,949.6654508113861,False
1024,2,136,TargetDisplacement,1766132974.83191,949.8386564254761,True
1025,2,136,RightResponse,1766132975.6859682,950.6927146911621,False
1026,2,137,FeedbackPeriodStarted,1766132975.7131608,950.7199048995972,False
1027,2,137,startFixDisplay,1766132975.713223,950.7199666500092,False
1028,2,137,startFixPeriod,1766132975.8660145,950.8727614879608,False
1029,2,137,TargetPresentation,1766132976.608355,951.61510181427,False
1030,2,137,TargetRemoval,1766132976.740216,951.7469606399536,True
1031,2,137,TargetReappeared,1766132976.9901905,951.9969382286072,False
1032,2,137,RightResponse,1766132977.4413013,952.4480464458466,False
1033,2,138,FeedbackPeriodStarted,1766132977.4618654,952.4686119556427,False
1034,2,138,startFixDisplay,1766132977.4620683,952.4688158035278,False
1035,2,138,startFixPeriod,1766132977.6561716,952.6629178524017,False
1036,2,138,TargetPresentation,1766132978.280725,953.2874717712402,False
1037,2,138,TargetDisplacement,1766132978.467939,953.4746828079224,True
1038,2,138,LeftResponse,1766132979.3496127,954.3563590049744,False
1039,2,138,FeedbackPeriodStarted,1766132979.356134,954.3628783226013,False
1040,2,139,startFixDisplay,1766132981.368392,956.3751361370087,False
1041,2,139,startFixPeriod,1766132981.458787,956.4655334949493,False
1042,2,139,TargetPresentation,1766132982.943798,957.9505450725555,False
1043,2,139,TargetDisplacement,1766132983.0962052,958.102949142456,True
1044,2,139,RightResponse,1766132983.8253543,958.8320996761322,False
1045,2,140,FeedbackPeriodStarted,1766132983.84579,958.8525369167328,False
1046,2,140,startFixDisplay,1766132983.8459225,958.8526678085327,False
1047,2,140,startFixPeriod,1766132984.0054824,959.0122292041779,False
1048,2,140,TargetPresentation,1766132985.212855,960.2196018695831,False
1049,2,140,TargetDisplacement,1766132985.3584282,960.3651745319366,True
1050,2,140,LeftResponse,1766132986.0527709,961.0595171451569,False
1051,2,141,FeedbackPeriodStarted,1766132986.073104,961.0798480510712,False
1052,2,141,startFixDisplay,1766132986.0731676,961.0799112319946,False
1053,2,141,startFixPeriod,1766132986.295302,961.3020489215851,False
1054,2,141,TargetPresentation,1766132987.2945094,962.3012554645538,False
1055,2,141,TargetDisplacement,1766132987.3015063,962.3082537651062,True
1056,2,141,LeftResponse,1766132988.2523296,963.2590737342834,False
1057,2,142,FeedbackPeriodStarted,1766132988.2728446,963.2795915603638,False
1058,2,142,startFixDisplay,1766132988.2729661,963.279709815979,False
1059,2,142,startFixPeriod,1766132988.543602,963.5503487586975,False
1060,2,142,TargetPresentation,1766132989.7370596,964.7438063621521,False
1061,2,142,TargetRemoval,1766132989.848085,964.8548316955566,True
1062,2,142,TargetReappeared,1766132990.0979257,965.1046702861786,False
1063,2,142,LeftResponse,1766132990.570043,965.5767886638641,False
1064,2,143,FeedbackPeriodStarted,1766132990.5904176,965.5971624851227,False
1065,2,143,startFixDisplay,1766132990.5904896,965.5972332954407,False
1066,2,143,startFixPeriod,1766132990.784906,965.7916529178619,False
1067,2,143,TargetPresentation,1766132992.1934433,967.2001883983612,False
1068,2,143,TargetDisplacement,1766132992.3599083,967.3666548728943,True
1069,2,143,RightResponse,1766132993.2208154,968.227561712265,False
1070,2,144,FeedbackPeriodStarted,1766132993.241118,968.2478621006012,False
1071,2,144,startFixDisplay,1766132993.2411816,968.2479255199432,False
1072,2,144,startFixPeriod,1766132993.9142716,968.9210162162781,False
1073,2,144,TargetPresentation,1766132994.7401187,969.7468631267548,False
1074,2,144,TargetDisplacement,1766132994.8995924,969.9063386917114,True
1075,2,144,LeftResponse,1766132995.7397084,970.7464544773102,False
1076,2,144,FeedbackPeriodStarted,1766132995.746319,970.7530660629272,False
1077,2,145,startFixDisplay,1766132997.7515533,972.7582995891571,False
1078,2,145,startFixPeriod,1766132998.0223868,973.029132604599,False
1079,2,145,TargetPresentation,1766132999.0561604,974.0629069805145,False
1080,2,145,TargetDisplacement,1766132999.2226284,974.2293748855591,True
1081,2,145,RightResponse,1766132999.937686,974.9444320201874,False
1082,2,146,FeedbackPeriodStarted,1766132999.9582083,974.9649527072906,False
1083,2,146,startFixDisplay,1766132999.9582794,974.9650230407715,False
1084,2,146,startFixPeriod,1766133000.1525419,975.1592888832092,False
1085,2,146,TargetPresentation,1766133001.5681982,976.5749428272247,False
1086,2,146,TargetRemoval,1766133001.7137609,976.720507144928,True
1087,2,146,TargetReappeared,1766133001.9637556,976.970502614975,False
1088,2,146,LeftResponse,1766133002.3663683,977.3731374740601,False
1089,2,147,FeedbackPeriodStarted,1766133002.3868618,977.3936083316803,False
1090,2,147,startFixDisplay,1766133002.3870022,977.3937475681305,False
1091,2,147,startFixPeriod,1766133002.5950665,977.6018130779266,False
1092,2,147,TargetPresentation,1766133003.684647,978.691394329071,False
1093,2,147,TargetDisplacement,1766133003.8649814,978.8717279434204,True
1094,2,147,LeftResponse,1766133004.5523605,979.5591058731079,False
1095,2,148,FeedbackPeriodStarted,1766133004.5725744,979.5793190002441,False
1096,2,148,startFixDisplay,1766133004.5726411,979.579384803772,False
1097,2,148,startFixPeriod,1766133004.766996,979.7737407684326,False
1098,2,148,TargetPresentation,1766133005.8633206,980.8700652122498,False
1099,2,148,TargetDisplacement,1766133006.0158281,981.0225722789764,True
1100,2,148,RightResponse,1766133006.654575,981.6613192558289,False
1101,2,149,FeedbackPeriodStarted,1766133006.6751368,981.6818811893463,False
1102,2,149,startFixDisplay,1766133006.6752007,981.6819446086884,False
1103,2,149,startFixPeriod,1766133006.8626173,981.8693623542786,False
1104,2,149,TargetPresentation,1766133007.7160985,982.7228434085846,False
1105,2,149,TargetDisplacement,1766133007.9034042,982.9101548194885,True
1106,2,149,LeftResponse,1766133008.6601017,983.6668457984924,False
1107,2,150,FeedbackPeriodStarted,1766133008.680479,983.6872234344482,False
1108,2,150,startFixDisplay,1766133008.6805387,983.6872825622559,False
1109,2,150,startFixPeriod,1766133008.8886862,983.8954312801361,False
1110,2,150,TargetPresentation,1766133010.165586,985.1723327636719,False
1111,2,150,TargetDisplacement,1766133010.3320086,985.3387548923492,True
1112,2,150,LeftResponse,1766133011.0124443,986.0191905498505,False
1113,2,150,FeedbackPeriodStarted,1766133011.0190084,986.0257551670074,False
1114,2,151,startFixDisplay,1766133013.0312538,988.0379979610443,False
1115,2,151,startFixPeriod,1766133013.25339,988.260134935379,False
1116,2,151,TargetPresentation,1766133014.1486819,989.1554300785065,False
1117,2,151,TargetDisplacement,1766133014.3080993,989.314843416214,True
1118,2,151,RightResponse,1766133015.272978,990.279723405838,False
1119,2,152,FeedbackPeriodStarted,1766133015.293533,990.3002798557281,False
1120,2,152,startFixDisplay,1766133015.2936676,990.3004128932953,False
1121,2,152,startFixPeriod,1766133015.5295603,990.5363075733185,False
1122,2,152,TargetPresentation,1766133016.9034986,991.9102458953857,False
1123,2,152,TargetDisplacement,1766133017.0698404,992.0765867233276,True
1124,2,152,RightResponse,1766133017.6253166,992.6320629119873,False
1125,2,153,FeedbackPeriodStarted,1766133017.6458063,992.6525526046753,False
1126,2,153,startFixDisplay,1766133017.6459982,992.652745962143,False
1127,2,153,startFixPeriod,1766133017.7846057,992.7913525104523,False
1128,2,153,TargetPresentation,1766133019.026661,994.0334074497223,False
1129,2,153,TargetDisplacement,1766133019.193166,994.1999123096466,True
1130,2,153,LeftResponse,1766133019.9846995,994.9914457798004,False
1131,2,154,FeedbackPeriodStarted,1766133020.0049717,995.0117161273956,False
1132,2,154,startFixDisplay,1766133020.005035,995.0117785930634,False
1133,2,154,startFixPeriod,1766133020.199359,995.2061059474945,False
1134,2,154,TargetPresentation,1766133021.2818532,996.2885999679565,False
1135,2,154,TargetDisplacement,1766133021.3373249,996.3440690040588,True
1136,2,154,LeftResponse,1766133022.0526395,997.0593869686127,False
1137,2,155,FeedbackPeriodStarted,1766133022.0728974,997.079644203186,False
1138,2,155,startFixDisplay,1766133022.0730348,997.0797803401947,False
1139,2,155,startFixPeriod,1766133022.5240777,997.5308258533478,False
1140,2,155,TargetPresentation,1766133023.460785,998.4675319194794,False
1141,2,155,TargetDisplacement,1766133023.925587,998.9323334693909,True
1142,2,155,LeftResponse,1766133024.120252,999.1269969940186,False
1143,2,156,FeedbackPeriodStarted,1766133024.1407468,999.1474931240082,False
1144,2,156,startFixDisplay,1766133024.1408696,999.1476149559021,False
1145,2,156,startFixPeriod,1766133024.5641403,999.5708866119385,False
1146,2,156,TargetPresentation,1766133025.8687258,1000.8754737377167,False
1147,2,156,TargetRemoval,1766133026.0420654,1001.048811674118,True
1148,2,156,TargetReappeared,1766133026.291928,1001.2986748218536,False
1149,2,156,LeftResponse,1766133026.7989104,1001.805656671524,False
1150,2,156,FeedbackPeriodStarted,1766133026.8053498,1001.8120942115784,False
1151,2,157,startFixDisplay,1766133028.8105845,1003.8173286914825,False
1152,2,157,startFixPeriod,1766133029.0675576,1004.0743045806885,False
1153,2,157,TargetPresentation,1766133030.1013978,1005.1081449985504,False
1154,2,157,TargetRemoval,1766133030.2678545,1005.2745983600616,True
1155,2,157,TargetReappeared,1766133030.5178528,1005.5245995521545,False
1156,2,157,RightResponse,1766133030.962123,1005.9688677787781,False
1157,2,158,FeedbackPeriodStarted,1766133030.9827125,1005.9894602298737,False
1158,2,158,startFixDisplay,1766133030.9828615,1005.9896070957184,False
1159,2,158,startFixPeriod,1766133031.1146328,1006.1213796138763,False
1160,2,158,TargetPresentation,1766133031.8293028,1006.8360483646393,False
1161,2,158,TargetRemoval,1766133032.127481,1007.1342251300812,True
1162,2,158,TargetReappeared,1766133032.3774655,1007.3842127323151,False
1163,2,158,LeftResponse,1766133032.8702693,1007.8770136833191,False
1164,2,159,FeedbackPeriodStarted,1766133032.8908794,1007.8976261615753,False
1165,2,159,startFixDisplay,1766133032.8910077,1007.897753238678,False
1166,2,159,startFixPeriod,1766133033.0574987,1008.0642454624176,False
1167,2,159,TargetPresentation,1766133033.8138955,1008.8206436634064,False
1168,2,159,TargetDisplacement,1766133033.8968987,1008.9036428928375,True
1169,2,159,LeftResponse,1766133034.6259463,1009.6326925754547,False
1170,2,160,FeedbackPeriodStarted,1766133034.6465058,1009.6532528400421,False
1171,2,160,startFixDisplay,1766133034.6466534,1009.6533989906311,False
1172,2,160,startFixPeriod,1766133034.8476713,1009.8544180393219,False
1173,2,160,TargetPresentation,1766133035.7150679,1010.7218129634857,False
1174,2,160,TargetDisplacement,1766133035.853796,1010.8605422973633,True
1175,2,160,LeftResponse,1766133036.8465238,1011.8532693386078,False
1176,2,161,FeedbackPeriodStarted,1766133036.8669598,1011.873706817627,False
1177,2,161,startFixDisplay,1766133036.8671634,1011.8739099502563,False
1178,2,161,startFixPeriod,1766133037.05428,1012.0610246658325,False
1179,2,161,TargetPresentation,1766133037.921788,1012.92853474617,False
1180,2,161,TargetDisplacement,1766133038.0812023,1013.0879461765289,True
1181,2,161,LeftResponse,1766133038.7544968,1013.7612414360046,False
1182,2,162,FeedbackPeriodStarted,1766133038.7751703,1013.7819173336029,False
1183,2,162,startFixDisplay,1766133038.7752986,1013.7820439338684,False
1184,2,162,startFixPeriod,1766133038.990278,1013.9970242977142,False
1185,2,162,TargetPresentation,1766133039.6218894,1014.6286361217499,False
1186,2,162,TargetRemoval,1766133039.7882893,1014.7950356006622,True
1187,2,162,TargetReappeared,1766133040.0382872,1015.0450332164764,False
1188,2,162,RightResponse,1766133040.5726237,1015.5793685913086,False
1189,2,162,FeedbackPeriodStarted,1766133040.5792718,1015.5860166549683,False
1190,2,163,startFixDisplay,1766133042.5916245,1017.5983707904816,False
1191,2,163,startFixPeriod,1766133042.8553243,1017.8620707988739,False
1192,2,163,TargetPresentation,1766133043.5284278,1018.5351755619049,False
1193,2,163,TargetRemoval,1766133043.660166,1018.6669099330902,True
1194,2,163,TargetReappeared,1766133043.9101408,1018.916886806488,False
1195,2,163,LeftResponse,1766133044.4031637,1019.4099097251892,False
1196,2,164,FeedbackPeriodStarted,1766133044.423588,1019.4303348064423,False
1197,2,164,startFixDisplay,1766133044.4237287,1019.4304740428925,False
1198,2,164,startFixPeriod,1766133044.6110353,1019.6177830696106,False
1199,2,164,TargetPresentation,1766133045.8460987,1020.8528435230255,False
1200,2,164,TargetDisplacement,1766133046.0126092,1021.0193555355072,True
1201,2,164,RightResponse,1766133046.769275,1021.7760210037231,False
1202,2,165,FeedbackPeriodStarted,1766133046.7897627,1021.7965095043182,False
1203,2,165,startFixDisplay,1766133046.789905,1021.7966504096985,False
1204,2,165,startFixPeriod,1766133047.206151,1022.2128975391388,False
1205,2,165,TargetPresentation,1766133048.3720107,1023.3787577152252,False
1206,2,165,TargetDisplacement,1766133048.7881732,1023.7949297428131,True
1207,2,165,LeftResponse,1766133049.1702735,1024.1770188808441,False
1208,2,166,FeedbackPeriodStarted,1766133049.190729,1024.1974775791168,False
1209,2,166,startFixDisplay,1766133049.190871,1024.1976163387299,False
1210,2,166,startFixPeriod,1766133049.5238252,1024.5305728912354,False
1211,2,166,TargetPresentation,1766133050.4745626,1025.4813091754913,False
1212,2,166,TargetDisplacement,1766133050.654766,1025.6615126132965,True
1213,2,166,RightResponse,1766133051.45316,1026.4599051475525,False
1214,2,167,FeedbackPeriodStarted,1766133051.4735081,1026.4802522659302,False
1215,2,167,startFixDisplay,1766133051.4735713,1026.480315208435,False
1216,2,167,startFixPeriod,1766133051.9039493,1026.9106962680817,False
1217,2,167,TargetPresentation,1766133053.33339,1028.340137720108,False
1218,2,167,TargetDisplacement,1766133053.4999158,1028.5066599845886,True
1219,2,167,RightResponse,1766133054.291295,1029.2980403900146,False
1220,2,168,FeedbackPeriodStarted,1766133054.3115704,1029.3183147907257,False
1221,2,168,startFixDisplay,1766133054.3116336,1029.318377494812,False
1222,2,168,startFixPeriod,1766133054.5133243,1029.520070552826,False
1223,2,168,TargetPresentation,1766133055.2692192,1030.2759637832642,False
1224,2,168,TargetDisplacement,1766133055.463523,1030.4702689647675,True
1225,2,168,RightResponse,1766133056.1509333,1031.1576778888702,False
1226,2,168,FeedbackPeriodStarted,1766133056.1574552,1031.1642017364502,False
1227,2,169,startFixDisplay,1766133058.1627016,1033.1694457530975,False
1228,2,169,startFixPeriod,1766133058.3920608,1033.3988101482391,False
1229,2,169,TargetPresentation,1766133059.5923474,1034.5990943908691,False
1230,2,169,TargetDisplacement,1766133059.7380602,1034.7448070049286,True
1231,2,169,LeftResponse,1766133060.744522,1035.751267671585,False
1232,2,170,FeedbackPeriodStarted,1766133060.7650082,1035.7717547416687,False
1233,2,170,startFixDisplay,1766133060.76515,1035.7718937397003,False
1234,2,170,startFixPeriod,1766133061.2923388,1036.2990856170654,False
1235,2,170,TargetPresentation,1766133062.6593995,1037.6661467552185,False
1236,2,170,TargetDisplacement,1766133062.7773337,1037.784080505371,True
1237,2,170,RightResponse,1766133063.658832,1038.6655762195587,False
1238,2,171,FeedbackPeriodStarted,1766133063.6793323,1038.6860766410828,False
1239,2,171,startFixDisplay,1766133063.6794639,1038.686208486557,False
1240,2,171,startFixPeriod,1766133063.8598757,1038.866622209549,False
1241,2,171,TargetPresentation,1766133064.7827744,1039.7895214557648,False
1242,2,171,TargetDisplacement,1766133064.9145832,1039.921329498291,True
1243,2,171,LeftResponse,1766133065.7474682,1040.7542135715485,False
1244,2,172,FeedbackPeriodStarted,1766133065.7679186,1040.7746632099152,False
1245,2,172,startFixDisplay,1766133065.7679803,1040.7747240066528,False
1246,2,172,startFixPeriod,1766133066.1080372,1041.1147832870483,False
1247,2,172,TargetPresentation,1766133067.1002965,1042.1070408821106,False
1248,2,172,TargetDisplacement,1766133067.2599084,1042.2666556835175,True
1249,2,172,RightResponse,1766133068.3774614,1043.3842062950134,False
1250,2,173,FeedbackPeriodStarted,1766133068.3979845,1043.4047310352325,False
1251,2,173,startFixDisplay,1766133068.3981338,1043.4048793315887,False
1252,2,173,startFixPeriod,1766133068.6060839,1043.612830400467,False
1253,2,173,TargetPresentation,1766133069.2514913,1044.258235692978,False
1254,2,173,TargetDisplacement,1766133069.4457917,1044.4525382518768,True
1255,2,173,RightResponse,1766133070.4105885,1045.4173333644867,False
1256,2,174,FeedbackPeriodStarted,1766133070.4310894,1045.437835931778,False
1257,2,174,startFixDisplay,1766133070.4312296,1045.4379751682281,False
1258,2,174,startFixPeriod,1766133070.5560546,1045.562800168991,False
1259,2,174,TargetPresentation,1766133071.2291048,1046.2358503341675,False
1260,2,174,TargetDisplacement,1766133071.3748524,1046.3815965652466,True
1261,2,174,LeftResponse,1766133072.1453152,1047.1520602703094,False
1262,2,174,FeedbackPeriodStarted,1766133072.1519608,1047.158707857132,False
1263,2,175,startFixDisplay,1766133074.1642377,1049.1709818840027,False
1264,2,175,startFixPeriod,1766133074.4349055,1049.4416522979736,False
1265,2,175,TargetPresentation,1766133075.8366277,1050.843374490738,False
1266,2,175,TargetDisplacement,1766133075.9961936,1051.0029397010803,True
1267,2,175,LeftResponse,1766133076.732064,1051.7388083934784,False
1268,2,176,FeedbackPeriodStarted,1766133076.7525811,1051.7593276500702,False
1269,2,176,startFixDisplay,1766133076.7527997,1051.7595460414886,False
1270,2,176,startFixPeriod,1766133077.092728,1052.0994744300842,False
1271,2,176,TargetPresentation,1766133077.8144608,1052.8212168216705,False
1272,2,176,TargetDisplacement,1766133077.9182572,1052.9250013828278,True
1273,2,176,LeftResponse,1766133079.0566804,1054.0634269714355,False
1274,2,177,FeedbackPeriodStarted,1766133079.0840154,1054.090761423111,False
1275,2,177,startFixDisplay,1766133079.084116,1054.0908608436584,False
1276,2,177,startFixPeriod,1766133079.2646482,1054.2713949680328,False
1277,2,177,TargetPresentation,1766133080.2915006,1055.2982456684113,False
1278,2,177,TargetDisplacement,1766133080.4023232,1055.4090673923492,True
1279,2,177,RightResponse,1766133081.1107337,1056.1174807548523,False
1280,2,178,FeedbackPeriodStarted,1766133081.1380055,1056.1447546482086,False
1281,2,178,startFixDisplay,1766133081.1381319,1056.1448760032654,False
1282,2,178,startFixPeriod,1766133081.6099203,1056.6166672706604,False
1283,2,178,TargetPresentation,1766133082.4703648,1057.477111339569,False
1284,2,178,TargetRemoval,1766133082.6299052,1057.6366517543793,True
1285,2,178,TargetReappeared,1766133082.8796897,1057.8864364624023,False
1286,2,178,LeftResponse,1766133083.2824945,1058.2892405986786,False
1287,2,179,FeedbackPeriodStarted,1766133083.3030155,1058.3097622394562,False
1288,2,179,startFixDisplay,1766133083.3031719,1058.3099172115326,False
1289,2,179,startFixPeriod,1766133083.4973295,1058.504075050354,False
1290,2,179,TargetPresentation,1766133084.8503923,1059.8571376800537,False
1291,2,179,TargetDisplacement,1766133085.0238144,1060.0305604934692,True
1292,2,179,RightResponse,1766133085.9055207,1060.9122669696808,False
1293,2,180,FeedbackPeriodStarted,1766133085.9259212,1060.9326655864716,False
1294,2,180,startFixDisplay,1766133085.925985,1060.932728767395,False
1295,2,180,startFixPeriod,1766133086.3839839,1061.3907308578491,False
1296,2,180,TargetPresentation,1766133087.4803486,1062.4870944023132,False
1297,2,180,TargetRemoval,1766133087.61208,1062.6188263893127,True
1298,2,180,TargetReappeared,1766133087.8620324,1062.868779182434,False
1299,2,180,LeftResponse,1766133088.4868095,1063.4935548305511,False
1300,2,180,FeedbackPeriodStarted,1766133088.4934766,1063.50022482872,False
1301,2,181,startFixDisplay,1766133090.4987361,1065.5054821968079,False
1302,2,181,startFixPeriod,1766133090.7627466,1065.7694940567017,False
1303,2,181,TargetPresentation,1766133091.928273,1066.935019493103,False
1304,2,181,TargetRemoval,1766133092.0877774,1067.0945239067078,True
1305,2,181,TargetReappeared,1766133092.3376315,1067.344378232956,False
1306,2,181,RightResponse,1766133092.969456,1067.9762017726898,False
1307,2,182,FeedbackPeriodStarted,1766133092.9897852,1067.996529340744,False
1308,2,182,startFixDisplay,1766133092.9898486,1067.9965925216675,False
1309,2,182,startFixPeriod,1766133093.510306,1068.5170512199402,False
1310,2,182,TargetPresentation,1766133094.072555,1069.0793025493622,False
1311,2,182,TargetRemoval,1766133094.2319367,1069.238683462143,True
1312,2,182,TargetReappeared,1766133094.4819305,1069.4886770248413,False
1313,2,182,RightResponse,1766133095.5091739,1070.5159192085266,False
1314,2,183,FeedbackPeriodStarted,1766133095.529589,1070.5363357067108,False
1315,2,183,startFixDisplay,1766133095.5297315,1070.5364770889282,False
1316,2,183,startFixPeriod,1766133095.7308338,1070.7375802993774,False
1317,2,183,TargetPresentation,1766133096.9868402,1071.9935870170593,False
1318,2,183,TargetDisplacement,1766133097.1047125,1072.1114590168,True
1319,2,183,LeftResponse,1766133098.0071993,1073.0139446258545,False
1320,2,184,FeedbackPeriodStarted,1766133098.02758,1073.0343253612518,False
1321,2,184,startFixDisplay,1766133098.0276544,1073.0343980789185,False
1322,2,184,startFixPeriod,1766133098.3815618,1073.3883085250854,False
1323,2,184,TargetPresentation,1766133099.6583078,1074.6650524139404,False
1324,2,184,TargetDisplacement,1766133099.7970197,1074.8037660121918,True
1325,2,184,RightResponse,1766133100.8451078,1075.8518521785736,False
1326,2,185,FeedbackPeriodStarted,1766133100.8656843,1075.8724310398102,False
1327,2,185,startFixDisplay,1766133100.865819,1075.872564315796,False
1328,2,185,startFixPeriod,1766133101.0392318,1076.0459780693054,False
1329,2,185,TargetPresentation,1766133101.9066226,1076.9133698940277,False
1330,2,185,TargetDisplacement,1766133101.9135644,1076.9203116893768,True
1331,2,185,LeftResponse,1766133103.218388,1078.2251327037811,False
1332,2,186,FeedbackPeriodStarted,1766133103.2388453,1078.2455925941467,False
1333,2,186,startFixDisplay,1766133103.238981,1078.2457270622253,False
1334,2,186,startFixPeriod,1766133103.433143,1078.4398896694183,False
1335,2,186,TargetPresentation,1766133104.4255834,1079.4323303699493,False
1336,2,186,TargetRemoval,1766133104.584928,1079.5916719436646,True
1337,2,186,TargetReappeared,1766133104.834831,1079.8415777683258,False
1338,2,186,LeftResponse,1766133105.8413036,1080.8480486869812,False
1339,2,186,FeedbackPeriodStarted,1766133105.8479433,1080.8546891212463,False
1340,2,187,startFixDisplay,1766133107.853153,1082.8598971366882,False
1341,2,187,startFixPeriod,1766133108.1448016,1083.1515491008759,False
1342,2,187,TargetPresentation,1766133109.1787324,1084.185478925705,False
1343,2,187,TargetRemoval,1766133109.3937247,1084.4004709720612,True
1344,2,187,TargetReappeared,1766133109.643629,1084.6503760814667,False
1345,2,187,RightResponse,1766133110.7124329,1085.7191772460938,False
1346,2,188,FeedbackPeriodStarted,1766133110.7329865,1085.7397327423096,False
1347,2,188,startFixDisplay,1766133110.7331395,1085.739883184433,False
1348,2,188,startFixPeriod,1766133110.9758978,1085.9826445579529,False
1349,2,188,TargetPresentation,1766133111.7114363,1086.718183517456,False
1350,2,188,TargetDisplacement,1766133111.8778677,1086.8846118450165,True
1351,2,188,LeftResponse,1766133113.1343894,1088.1411366462708,False
1352,2,189,FeedbackPeriodStarted,1766133113.1547468,1088.1614933013916,False
1353,2,189,startFixDisplay,1766133113.1548872,1088.1616325378418,False
1354,2,189,startFixPeriod,1766133113.626734,1088.6334810256958,False
1355,2,189,TargetPresentation,1766133114.160995,1089.1677420139313,False
1356,2,189,TargetDisplacement,1766133114.3203847,1089.3271288871765,True
1357,2,189,RightResponse,1766133115.354729,1090.3614740371704,False
1358,2,190,FeedbackPeriodStarted,1766133115.375242,1090.3819885253906,False
1359,2,190,startFixDisplay,1766133115.3754876,1090.382244348526,False
1360,2,190,startFixPeriod,1766133115.9303973,1090.9371445178986,False
1361,2,190,TargetPresentation,1766133116.8602302,1091.8669776916504,False
1362,2,190,TargetDisplacement,1766133117.0266697,1092.0334162712097,True
1363,2,190,LeftResponse,1766133118.2966588,1093.3034031391144,False
1364,2,191,FeedbackPeriodStarted,1766133118.3173862,1093.3241307735443,False
1365,2,191,startFixDisplay,1766133118.3174536,1093.3241972923279,False
1366,2,191,startFixPeriod,1766133118.5325346,1093.5392799377441,False
1367,2,191,TargetPresentation,1766133119.7885273,1094.7952744960785,False
1368,2,191,TargetDisplacement,1766133119.795529,1094.8022763729095,True
1369,2,191,LeftResponse,1766133120.7393482,1095.746092557907,False
1370,2,192,FeedbackPeriodStarted,1766133120.7599282,1095.7666749954224,False
1371,2,192,startFixDisplay,1766133120.760068,1095.7668135166168,False
1372,2,192,startFixPeriod,1766133121.1625447,1096.1692938804626,False
1373,2,192,TargetPresentation,1766133122.4184074,1097.4251523017883,False
1374,2,192,TargetDisplacement,1766133122.4668615,1097.4736082553864,True
1375,2,192,RightResponse,1766133123.9104798,1098.9172241687775,False
1376,2,192,FeedbackPeriodStarted,1766133123.9171546,1098.9239015579224,False
1377,2,193,startFixDisplay,1766133125.9224057,1100.9291496276855,False
1378,2,193,startFixPeriod,1766133126.1517112,1101.158457994461,False
1379,2,193,TargetPresentation,1766133126.8664792,1101.8732261657715,False
1380,2,193,TargetDisplacement,1766133127.0189307,1102.025677204132,True
1381,2,193,LeftResponse,1766133127.9907994,1102.9975452423096,False
1382,2,194,FeedbackPeriodStarted,1766133128.0112996,1103.0180480480194,False
1383,2,194,startFixDisplay,1766133128.0114665,1103.0182120800018,False
1384,2,194,startFixPeriod,1766133128.351391,1103.3581376075745,False
1385,2,194,TargetPresentation,1766133129.6627774,1104.6695244312286,False
1386,2,194,TargetDisplacement,1766133129.8083215,1104.8150656223297,True
1387,2,194,RightResponse,1766133130.6623065,1105.6690516471863,False
1388,2,195,FeedbackPeriodStarted,1766133130.6827548,1105.6895017623901,False
1389,2,195,startFixDisplay,1766133130.6828978,1105.6896431446075,False
1390,2,195,startFixPeriod,1766133131.300346,1106.3070919513702,False
1391,2,195,TargetPresentation,1766133131.959632,1106.9663786888123,False
1392,2,195,TargetRemoval,1766133132.1330135,1107.139761686325,True
1393,2,195,TargetReappeared,1766133132.3827884,1107.389535188675,False
1394,2,195,LeftResponse,1766133133.201937,1108.2086832523346,False
1395,2,196,FeedbackPeriodStarted,1766133133.2223365,1108.2290806770325,False
1396,2,196,startFixDisplay,1766133133.222417,1108.2291610240936,False
1397,2,196,startFixPeriod,1766133133.7567048,1108.7634510993958,False
1398,2,196,TargetPresentation,1766133134.2563646,1109.2631113529205,False
1399,2,196,TargetRemoval,1766133134.471417,1109.4781634807587,True
1400,2,196,TargetReappeared,1766133134.7212498,1109.7279963493347,False
1401,2,196,RightResponse,1766133135.2627497,1110.2694945335388,False
1402,2,197,FeedbackPeriodStarted,1766133135.283365,1110.290126800537,False
1403,2,197,startFixDisplay,1766133135.2835274,1110.2902731895447,False
1404,2,197,startFixPeriod,1766133135.526293,1110.533040046692,False
1405,2,197,TargetPresentation,1766133136.5601478,1111.5669071674347,False
1406,2,197,TargetDisplacement,1766133136.7127104,1111.7194566726685,True
1407,2,197,LeftResponse,1766133138.2811363,1113.2878811359406,False
1408,2,197,FeedbackPeriodStarted,1766133138.3226159,1113.3293626308441,False
1409,3,198,startFixDisplay,1766133222.611162,1197.617909193039,False
1410,3,198,startFixPeriod,1766133222.8193567,1197.8261017799377,False
1411,3,198,TargetPresentation,1766133223.8186326,1198.8253791332245,False
1412,3,198,TargetDisplacement,1766133224.0057073,1199.0124514102936,True
1413,3,198,RightResponse,1766133225.1165774,1200.1233263015747,False
1414,3,199,FeedbackPeriodStarted,1766133225.1369443,1200.1436913013458,False
1415,3,199,startFixDisplay,1766133225.1370935,1200.1438391208649,False
1416,3,199,startFixPeriod,1766133225.3034792,1200.3102242946625,False
1417,3,199,TargetPresentation,1766133226.6982038,1201.7049486637115,False
1418,3,199,TargetDisplacement,1766133226.8438675,1201.8506140708923,True
1419,3,199,LeftResponse,1766133227.6492314,1202.6559782028198,False
1420,3,200,FeedbackPeriodStarted,1766133227.6696846,1202.6764314174652,False
1421,3,200,startFixDisplay,1766133227.6698184,1202.6765642166138,False
1422,3,200,startFixPeriod,1766133227.870781,1202.8775253295898,False
1423,3,200,TargetPresentation,1766133228.419012,1203.4257564544678,False
1424,3,200,TargetDisplacement,1766133228.578522,1203.5852658748627,True
1425,3,200,LeftResponse,1766133229.654303,1204.6610469818115,False
1426,3,201,FeedbackPeriodStarted,1766133229.675062,1204.6818084716797,False
1427,3,201,startFixDisplay,1766133229.6751902,1204.681935787201,False
1428,3,201,startFixPeriod,1766133229.7790997,1204.785846233368,False
1429,3,201,TargetPresentation,1766133230.3550897,1205.3618354797363,False
1430,3,201,TargetRemoval,1766133230.5354354,1205.5421817302704,True
1431,3,201,TargetReappeared,1766133230.7853603,1205.7921059131622,False
1432,3,201,RightResponse,1766133231.3615248,1206.3682692050934,False
1433,3,202,FeedbackPeriodStarted,1766133231.3819656,1206.3887100219727,False
1434,3,202,startFixDisplay,1766133231.3820322,1206.3887758255005,False
1435,3,202,startFixPeriod,1766133231.5209336,1206.527679681778,False
1436,3,202,TargetPresentation,1766133232.3467617,1207.3535087108612,False
1437,3,202,TargetDisplacement,1766133232.4715066,1207.4782528877258,True
1438,3,202,RightResponse,1766133233.4084098,1208.4151546955109,False
1439,3,203,FeedbackPeriodStarted,1766133233.4290571,1208.4358031749725,False
1440,3,203,startFixDisplay,1766133233.4291646,1208.4359095096588,False
1441,3,203,startFixPeriod,1766133233.762209,1208.7689538002014,False
1442,3,203,TargetPresentation,1766133234.921012,1209.9277584552765,False
1443,3,203,TargetDisplacement,1766133235.0736248,1210.080372095108,True
1444,3,203,LeftResponse,1766133235.774722,1210.781466960907,False
1445,3,204,FeedbackPeriodStarted,1766133235.795294,1210.802038192749,False
1446,3,204,startFixDisplay,1766133235.7953615,1210.8021051883698,False
1447,3,204,startFixPeriod,1766133235.9202352,1210.9269819259644,False
1448,3,204,TargetPresentation,1766133236.7113278,1211.7180745601654,False
1449,3,204,TargetRemoval,1766133236.8916864,1211.8984327316284,True
1450,3,204,TargetReappeared,1766133237.1415129,1212.14825797081,False
1451,3,204,RightResponse,1766133237.6830704,1212.6898167133331,False
1452,3,204,FeedbackPeriodStarted,1766133237.6897411,1212.6964881420135,False
1453,3,205,startFixDisplay,1766133239.70886,1214.7156066894531,False
1454,3,205,startFixPeriod,1766133240.2224889,1215.2292370796204,False
1455,3,205,TargetPresentation,1766133241.1523302,1216.159077167511,False
1456,3,205,TargetDisplacement,1766133241.346466,1216.3532123565674,True
1457,3,205,RightResponse,1766133242.2420704,1217.2488179206848,False
1458,3,206,FeedbackPeriodStarted,1766133242.2624094,1217.2691538333893,False
1459,3,206,startFixDisplay,1766133242.262474,1217.2692177295685,False
1460,3,206,startFixPeriod,1766133242.4359555,1217.4426999092102,False
1461,3,206,TargetPresentation,1766133243.0258162,1218.0325632095337,False
1462,3,206,TargetRemoval,1766133243.1853344,1218.192078590393,True
1463,3,206,TargetReappeared,1766133243.4352167,1218.441963672638,False
1464,3,206,LeftResponse,1766133244.2195745,1219.2263188362122,False
1465,3,207,FeedbackPeriodStarted,1766133244.2400753,1219.2468230724335,False
1466,3,207,startFixDisplay,1766133244.2402132,1219.2469568252563,False
1467,3,207,startFixPeriod,1766133244.4691818,1219.4759290218353,False
1468,3,207,TargetPresentation,1766133245.385135,1220.391881942749,False
1469,3,207,TargetDisplacement,1766133245.5514152,1220.5581593513489,True
1470,3,207,LeftResponse,1766133246.2526069,1221.2593512535095,False
1471,3,208,FeedbackPeriodStarted,1766133246.273229,1221.2799754142761,False
1472,3,208,startFixDisplay,1766133246.273392,1221.2801387310028,False
1473,3,208,startFixPeriod,1766133246.446758,1221.4535048007965,False
1474,3,208,TargetPresentation,1766133247.5709083,1222.577657699585,False
1475,3,208,TargetRemoval,1766133247.7164085,1222.723152399063,True
1476,3,208,TargetReappeared,1766133247.9664884,1222.97323513031,False
1477,3,208,LeftResponse,1766133248.5496309,1223.5563762187958,False
1478,3,209,FeedbackPeriodStarted,1766133248.570036,1223.5767827033997,False
1479,3,209,startFixDisplay,1766133248.570177,1223.5769226551056,False
1480,3,209,startFixPeriod,1766133248.7506251,1223.7573719024658,False
1481,3,209,TargetPresentation,1766133249.9232752,1224.9300220012665,False
1482,3,209,TargetDisplacement,1766133250.0757701,1225.082516670227,True
1483,3,209,RightResponse,1766133250.9851048,1225.9918494224548,False
1484,3,210,FeedbackPeriodStarted,1766133251.0056891,1226.012437582016,False
1485,3,210,startFixDisplay,1766133251.0058315,1226.0125770568848,False
1486,3,210,startFixPeriod,1766133251.1652057,1226.171951532364,False
1487,3,210,TargetPresentation,1766133252.0465055,1227.0532519817352,False
1488,3,210,TargetRemoval,1766133252.1852293,1227.191975593567,True
1489,3,210,TargetReappeared,1766133252.4351432,1227.4418902397156,False
1490,3,210,LeftResponse,1766133253.0805342,1228.0872786045074,False
1491,3,210,FeedbackPeriodStarted,1766133253.0873551,1228.0941016674042,False
1492,3,211,startFixDisplay,1766133255.0996494,1230.1063959598541,False
1493,3,211,startFixPeriod,1766133255.349529,1230.3562755584717,False
1494,3,211,TargetPresentation,1766133256.2584906,1231.2652373313904,False
1495,3,211,TargetDisplacement,1766133256.4389644,1231.4457087516785,True
1496,3,211,RightResponse,1766133257.2372491,1232.2439951896667,False
1497,3,212,FeedbackPeriodStarted,1766133257.264643,1232.2713899612427,False
1498,3,212,startFixDisplay,1766133257.264783,1232.2715280056,False
1499,3,212,startFixPeriod,1766133257.4036434,1232.410389661789,False
1500,3,212,TargetPresentation,1766133258.6595438,1233.6662909984589,False
1501,3,212,TargetDisplacement,1766133258.8535416,1233.8602857589722,True
1502,3,212,LeftResponse,1766133259.6451707,1234.6519162654877,False
1503,3,213,FeedbackPeriodStarted,1766133259.665562,1234.6723082065582,False
1504,3,213,startFixDisplay,1766133259.6657023,1234.672447681427,False
1505,3,213,startFixPeriod,1766133259.8322744,1234.8390197753906,False
1506,3,213,TargetPresentation,1766133260.644076,1235.650823354721,False
1507,3,213,TargetRemoval,1766133260.7619627,1235.7687067985535,True
1508,3,213,TargetReappeared,1766133261.0118434,1236.0185902118683,False
1509,3,213,RightResponse,1766133261.532399,1236.5391433238983,False
1510,3,214,FeedbackPeriodStarted,1766133261.5530484,1236.5597949028015,False
1511,3,214,startFixDisplay,1766133261.5531964,1236.5599420070648,False
1512,3,214,startFixPeriod,1766133261.8444386,1236.8511834144592,False
1513,3,214,TargetPresentation,1766133262.4135635,1237.4203083515167,False
1514,3,214,TargetRemoval,1766133262.566131,1237.5728776454926,True
1515,3,214,TargetReappeared,1766133262.8159707,1237.8227190971375,False
1516,3,214,RightResponse,1766133263.322847,1238.3295929431915,False
1517,3,215,FeedbackPeriodStarted,1766133263.3432443,1238.3499910831451,False
1518,3,215,startFixDisplay,1766133263.3434074,1238.3501513004303,False
1519,3,215,startFixPeriod,1766133263.4681878,1238.4749338626862,False
1520,3,215,TargetPresentation,1766133264.2037973,1239.210544347763,False
1521,3,215,TargetDisplacement,1766133264.4048977,1239.4116442203522,True
1522,3,215,LeftResponse,1766133265.4253461,1240.4320924282074,False
1523,3,216,FeedbackPeriodStarted,1766133265.445668,1240.452412366867,False
1524,3,216,startFixDisplay,1766133265.4457316,1240.452475309372,False
1525,3,216,startFixPeriod,1766133265.668003,1240.6747512817383,False
1526,3,216,TargetPresentation,1766133266.5838895,1241.5906364917755,False
1527,3,216,TargetDisplacement,1766133266.7572024,1241.7639486789703,True
1528,3,216,RightResponse,1766133268.096711,1243.1034557819366,False
1529,3,216,FeedbackPeriodStarted,1766133268.1034606,1243.1102073192596,False
1530,3,217,startFixDisplay,1766133270.1157315,1245.1224782466888,False
1531,3,217,startFixPeriod,1766133270.5113053,1245.518051147461,False
1532,3,217,TargetPresentation,1766133271.1983247,1246.2050716876984,False
1533,3,217,TargetRemoval,1766133271.3786397,1246.3853857517242,True
1534,3,217,TargetReappeared,1766133271.6286266,1246.6353733539581,False
1535,3,217,RightResponse,1766133272.2116766,1247.2184219360352,False
1536,3,218,FeedbackPeriodStarted,1766133272.2320952,1247.2388393878937,False
1537,3,218,startFixDisplay,1766133272.2321582,1247.23890209198,False
1538,3,218,startFixPeriod,1766133272.4751883,1247.4819328784943,False
1539,3,218,TargetPresentation,1766133273.0996194,1248.1063663959503,False
1540,3,218,TargetRemoval,1766133273.259142,1248.2658858299255,True
1541,3,218,TargetReappeared,1766133273.509084,1248.5158305168152,False
1542,3,218,RightResponse,1766133274.1060607,1249.1128058433533,False
1543,3,219,FeedbackPeriodStarted,1766133274.1265278,1249.1332747936249,False
1544,3,219,startFixDisplay,1766133274.1266596,1249.1334054470062,False
1545,3,219,startFixPeriod,1766133274.5636694,1249.570415019989,False
1546,3,219,TargetPresentation,1766133275.9931824,1250.999930858612,False
1547,3,219,TargetRemoval,1766133276.2083106,1251.2150547504425,True
1548,3,219,TargetReappeared,1766133276.4581559,1251.4649028778076,False
1549,3,219,RightResponse,1766133276.9788947,1251.9856407642365,False
1550,3,220,FeedbackPeriodStarted,1766133276.9992898,1252.0060365200043,False
1551,3,220,startFixDisplay,1766133276.999387,1252.0061311721802,False
1552,3,220,startFixPeriod,1766133277.13111,1252.1378564834595,False
1553,3,220,TargetPresentation,1766133277.6516838,1252.6584310531616,False
1554,3,220,TargetDisplacement,1766133277.9222178,1252.9289643764496,True
1555,3,220,LeftResponse,1766133278.7484019,1253.7551486492157,False
1556,3,221,FeedbackPeriodStarted,1766133278.7686796,1253.7754242420197,False
1557,3,221,startFixDisplay,1766133278.7687478,1253.7754917144775,False
1558,3,221,startFixPeriod,1766133279.0186453,1254.02539229393,False
1559,3,221,TargetPresentation,1766133280.0526118,1255.059359073639,False
1560,3,221,TargetDisplacement,1766133280.2397826,1255.2465288639069,True
1561,3,221,RightResponse,1766133281.142355,1256.1491012573242,False
1562,3,222,FeedbackPeriodStarted,1766133281.1627557,1256.169502735138,False
1563,3,222,startFixDisplay,1766133281.162904,1256.169649362564,False
1564,3,222,startFixPeriod,1766133281.2669327,1256.2736794948578,False
1565,3,222,TargetPresentation,1766133282.155038,1257.1617848873138,False
1566,3,222,TargetDisplacement,1766133282.3146012,1257.321347951889,True
1567,3,222,LeftResponse,1766133283.4112172,1258.417961359024,False
1568,3,222,FeedbackPeriodStarted,1766133283.4178424,1258.4245867729187,False
1569,3,223,startFixDisplay,1766133285.4301898,1260.4369361400604,False
1570,3,223,startFixPeriod,1766133285.6731904,1260.6799383163452,False
1571,3,223,TargetPresentation,1766133286.984627,1261.9913737773895,False
1572,3,223,TargetRemoval,1766133287.1579723,1262.1647186279297,True
1573,3,223,TargetReappeared,1766133287.4078925,1262.4146392345428,False
1574,3,223,LeftResponse,1766133287.9563901,1262.9631357192993,False
1575,3,224,FeedbackPeriodStarted,1766133287.9767375,1262.9834818840027,False
1576,3,224,startFixDisplay,1766133287.976862,1262.9836056232452,False
1577,3,224,startFixPeriod,1766133288.4209924,1263.427738904953,False
1578,3,224,TargetPresentation,1766133289.1843138,1264.1910591125488,False
1579,3,224,TargetDisplacement,1766133289.3369339,1264.343680381775,True
1580,3,224,RightResponse,1766133290.26016,1265.266906261444,False
1581,3,225,FeedbackPeriodStarted,1766133290.2805772,1265.287321805954,False
1582,3,225,startFixDisplay,1766133290.2806413,1265.2873849868774,False
1583,3,225,startFixPeriod,1766133290.7178204,1265.7245671749115,False
1584,3,225,TargetPresentation,1766133291.4186652,1266.4254121780396,False
1585,3,225,TargetDisplacement,1766133291.57815,1266.5848965644836,True
1586,3,225,RightResponse,1766133292.4805422,1267.4872870445251,False
1587,3,226,FeedbackPeriodStarted,1766133292.5011544,1267.5079016685486,False
1588,3,226,startFixDisplay,1766133292.5013058,1267.5080513954163,False
1589,3,226,startFixPeriod,1766133292.9174519,1267.9241967201233,False
1590,3,226,TargetPresentation,1766133293.4171512,1268.423896074295,False
1591,3,226,TargetDisplacement,1766133293.632169,1268.6389129161835,True
1592,3,226,RightResponse,1766133294.6039681,1269.6107132434845,False
1593,3,227,FeedbackPeriodStarted,1766133294.631408,1269.6381521224976,False
1594,3,227,startFixDisplay,1766133294.6314712,1269.6382145881653,False
1595,3,227,startFixPeriod,1766133294.999161,1270.0059077739716,False
1596,3,227,TargetPresentation,1766133295.8942478,1270.9009923934937,False
1597,3,227,TargetDisplacement,1766133296.033096,1271.0398433208466,True
1598,3,227,LeftResponse,1766133296.817413,1271.824158668518,False
1599,3,228,FeedbackPeriodStarted,1766133296.844946,1271.8516926765442,False
1600,3,228,startFixDisplay,1766133296.8450854,1271.85183095932,False
1601,3,228,startFixPeriod,1766133297.0184941,1272.0252406597137,False
1602,3,228,TargetPresentation,1766133298.4965107,1273.503255367279,False
1603,3,228,TargetDisplacement,1766133298.6699626,1273.6767094135284,True
1604,3,228,LeftResponse,1766133299.3711705,1274.3779153823853,False
1605,3,228,FeedbackPeriodStarted,1766133299.3778136,1274.3845601081848,False
1606,3,229,startFixDisplay,1766133301.3829098,1276.3896539211273,False
1607,3,229,startFixPeriod,1766133301.6259882,1276.632735490799,False
1608,3,229,TargetPresentation,1766133302.1325302,1277.1392769813538,False
1609,3,229,TargetDisplacement,1766133302.3267617,1277.333508491516,True
1610,3,229,LeftResponse,1766133302.9238548,1277.9306011199951,False
1611,3,230,FeedbackPeriodStarted,1766133302.9443505,1277.9510974884033,False
1612,3,230,startFixDisplay,1766133302.9445033,1277.951248884201,False
1613,3,230,startFixPeriod,1766133303.1179247,1278.1246716976166,False
1614,3,230,TargetPresentation,1766133304.0130045,1279.0197517871857,False
1615,3,230,TargetRemoval,1766133304.193348,1279.2000918388367,True
1616,3,230,TargetReappeared,1766133304.4431698,1279.4499142169952,False
1617,3,230,RightResponse,1766133305.0125213,1280.0192668437958,False
1618,3,231,FeedbackPeriodStarted,1766133305.0330017,1280.0397486686707,False
1619,3,231,startFixDisplay,1766133305.033139,1280.0398848056793,False
1620,3,231,startFixPeriod,1766133305.2272935,1280.2340388298035,False
1621,3,231,TargetPresentation,1766133306.559577,1281.5663237571716,False
1622,3,231,TargetRemoval,1766133306.6985068,1281.705260515213,True
1623,3,231,TargetReappeared,1766133306.9481895,1281.9549360275269,False
1624,3,231,RightResponse,1766133307.462021,1282.4687674045563,False
1625,3,232,FeedbackPeriodStarted,1766133307.4823945,1282.4891390800476,False
1626,3,232,startFixDisplay,1766133307.4824655,1282.4892094135284,False
1627,3,232,startFixPeriod,1766133307.8502285,1282.8569746017456,False
1628,3,232,TargetPresentation,1766133309.1756644,1284.1824102401733,False
1629,3,232,TargetDisplacement,1766133309.3490226,1284.3557691574097,True
1630,3,232,RightResponse,1766133310.0779867,1285.084733247757,False
1631,3,233,FeedbackPeriodStarted,1766133310.0985045,1285.1052510738373,False
1632,3,233,startFixDisplay,1766133310.0986443,1285.1053898334503,False
1633,3,233,startFixPeriod,1766133310.4940119,1285.5007586479187,False
1634,3,233,TargetPresentation,1766133311.2505586,1286.257304906845,False
1635,3,233,TargetRemoval,1766133311.4308336,1286.4375803470612,True
1636,3,233,TargetReappeared,1766133311.6806226,1286.6873695850372,False
1637,3,233,RightResponse,1766133312.4164195,1287.4231638908386,False
1638,3,234,FeedbackPeriodStarted,1766133312.4370043,1287.443752527237,False
1639,3,234,startFixDisplay,1766133312.437155,1287.4439005851746,False
1640,3,234,startFixPeriod,1766133312.6312788,1287.6380245685577,False
1641,3,234,TargetPresentation,1766133313.7554014,1288.7621467113495,False
1642,3,234,TargetRemoval,1766133313.9079607,1288.9147045612335,True
1643,3,234,TargetReappeared,1766133314.157873,1289.1646194458008,False
1644,3,234,RightResponse,1766133314.6508377,1289.6575827598572,False
1645,3,234,FeedbackPeriodStarted,1766133314.6645758,1289.6713230609894,False
1646,3,235,startFixDisplay,1766133316.676654,1291.683400630951,False
1647,3,235,startFixPeriod,1766133316.905748,1291.9124946594238,False
1648,3,235,TargetPresentation,1766133317.4678771,1292.4746248722076,False
1649,3,235,TargetDisplacement,1766133317.6480856,1292.6548295021057,True
1650,3,235,LeftResponse,1766133318.4811594,1293.487905740738,False
1651,3,236,FeedbackPeriodStarted,1766133318.5016725,1293.508418560028,False
1652,3,236,startFixDisplay,1766133318.5018144,1293.508559703827,False
1653,3,236,startFixPeriod,1766133318.6960042,1293.702749490738,False
1654,3,236,TargetPresentation,1766133319.36919,1294.3759365081787,False
1655,3,236,TargetDisplacement,1766133319.5077744,1294.5145211219788,True
1656,3,236,LeftResponse,1766133320.1882305,1295.194976568222,False
1657,3,237,FeedbackPeriodStarted,1766133320.2086787,1295.215425491333,False
1658,3,237,startFixDisplay,1766133320.2088752,1295.2156229019165,False
1659,3,237,startFixPeriod,1766133320.3544939,1295.3612401485443,False
1660,3,237,TargetPresentation,1766133321.5272105,1296.5339567661285,False
1661,3,237,TargetDisplacement,1766133321.6727586,1296.6795048713684,True
1662,3,237,RightResponse,1766133322.4016418,1297.408386707306,False
1663,3,238,FeedbackPeriodStarted,1766133322.422223,1297.4289672374725,False
1664,3,238,startFixDisplay,1766133322.4222865,1297.429030418396,False
1665,3,238,startFixPeriod,1766133322.8594832,1297.8662297725677,False
1666,3,238,TargetPresentation,1766133324.1501226,1299.1568672657013,False
1667,3,238,TargetRemoval,1766133324.3373187,1299.3440625667572,True
1668,3,238,TargetReappeared,1766133324.587285,1299.5940301418304,False
1669,3,238,LeftResponse,1766133325.0524647,1300.0592105388641,False
1670,3,239,FeedbackPeriodStarted,1766133325.0729113,1300.0796556472778,False
1671,3,239,startFixDisplay,1766133325.0729764,1300.0797200202942,False
1672,3,239,startFixPeriod,1766133325.260422,1300.267169713974,False
1673,3,239,TargetPresentation,1766133326.2872627,1301.2940092086792,False
1674,3,239,TargetRemoval,1766133326.4329312,1301.4396772384644,True
1675,3,239,TargetReappeared,1766133326.6828992,1301.6896460056305,False
1676,3,239,RightResponse,1766133327.1965144,1302.2032582759857,False
1677,3,240,FeedbackPeriodStarted,1766133327.2170758,1302.2238223552704,False
1678,3,240,startFixDisplay,1766133327.217214,1302.2239594459534,False
1679,3,240,startFixPeriod,1766133327.425345,1302.4320902824402,False
1680,3,240,TargetPresentation,1766133328.0915465,1303.098293542862,False
1681,3,240,TargetDisplacement,1766133328.2648396,1303.2715859413147,True
1682,3,240,LeftResponse,1766133329.6946242,1304.701369524002,False
1683,3,240,FeedbackPeriodStarted,1766133329.7012582,1304.7080030441284,False
1684,3,241,startFixDisplay,1766133331.71356,1306.7203063964844,False
1685,3,241,startFixPeriod,1766133331.7483363,1306.7550828456879,False
1686,3,241,TargetPresentation,1766133333.136155,1308.1429016590118,False
1687,3,241,TargetRemoval,1766133333.2540076,1308.2607538700104,True
1688,3,241,TargetReappeared,1766133333.5039706,1308.5107176303864,False
1689,3,241,LeftResponse,1766133334.073311,1309.080057144165,False
1690,3,242,FeedbackPeriodStarted,1766133334.1007047,1309.1074514389038,False
1691,3,242,startFixDisplay,1766133334.1008298,1309.1075751781464,False
1692,3,242,startFixPeriod,1766133334.232619,1309.2393658161163,False
1693,3,242,TargetPresentation,1766133334.91257,1309.9193170070648,False
1694,3,242,TargetDisplacement,1766133335.0511744,1310.057918548584,True
1695,3,242,RightResponse,1766133336.3284776,1311.3352220058441,False
1696,3,243,FeedbackPeriodStarted,1766133336.3488646,1311.3556110858917,False
1697,3,243,startFixDisplay,1766133336.3490045,1311.3557498455048,False
1698,3,243,startFixPeriod,1766133336.5502121,1311.556958436966,False
1699,3,243,TargetPresentation,1766133337.7644439,1312.7711896896362,False
1700,3,243,TargetDisplacement,1766133337.785205,1312.79195022583,True
1701,3,243,LeftResponse,1766133338.5695732,1313.576318025589,False
1702,3,244,FeedbackPeriodStarted,1766133338.590189,1313.596935749054,False
1703,3,244,startFixDisplay,1766133338.5903432,1313.597089290619,False
1704,3,244,startFixPeriod,1766133338.7359765,1313.7427234649658,False
1705,3,244,TargetPresentation,1766133339.7768338,1314.7835805416107,False
1706,3,244,TargetDisplacement,1766133339.901623,1314.9083695411682,True
1707,3,244,RightResponse,1766133341.296463,1316.303207397461,False
1708,3,245,FeedbackPeriodStarted,1766133341.3171322,1316.323876619339,False
1709,3,245,startFixDisplay,1766133341.3171966,1316.3239402770996,False
1710,3,245,startFixPeriod,1766133341.6712487,1316.6779975891113,False
1711,3,245,TargetPresentation,1766133342.9686816,1317.9754264354706,False
1712,3,245,TargetDisplacement,1766133343.065819,1318.0725655555725,True
1713,3,245,LeftResponse,1766133343.8709822,1318.877727508545,False
1714,3,246,FeedbackPeriodStarted,1766133343.8916383,1318.898384809494,False
1715,3,246,startFixDisplay,1766133343.8917866,1318.8985319137573,False
1716,3,246,startFixPeriod,1766133344.1483252,1319.1550698280334,False
1717,3,246,TargetPresentation,1766133345.3765767,1320.3833212852478,False
1718,3,246,TargetDisplacement,1766133345.5222366,1320.52898311615,True
1719,3,246,LeftResponse,1766133346.1332273,1321.1399734020233,False
1720,3,246,FeedbackPeriodStarted,1766133346.140052,1321.146800518036,False
1721,3,247,startFixDisplay,1766133348.1521223,1323.1588690280914,False
1722,3,247,startFixPeriod,1766133348.3882887,1323.395035982132,False
1723,3,247,TargetPresentation,1766133349.2556071,1324.2623541355133,False
1724,3,247,TargetRemoval,1766133349.4288974,1324.4356434345245,True
1725,3,247,TargetReappeared,1766133349.6786747,1324.6854197978973,False
1726,3,247,LeftResponse,1766133350.137026,1325.1437723636627,False
1727,3,248,FeedbackPeriodStarted,1766133350.157524,1325.1642684936523,False
1728,3,248,startFixDisplay,1766133350.1575875,1325.1643311977386,False
1729,3,248,startFixPeriod,1766133350.2893941,1325.2961401939392,False
1730,3,248,TargetPresentation,1766133350.9903986,1325.9971477985382,False
1731,3,248,TargetRemoval,1766133351.2400186,1326.2467651367188,True
1732,3,248,TargetReappeared,1766133351.4899232,1326.4966700077057,False
1733,3,248,RightResponse,1766133352.0524116,1327.0591571331024,False
1734,3,249,FeedbackPeriodStarted,1766133352.0796773,1327.0864238739014,False
1735,3,249,startFixDisplay,1766133352.0798078,1327.0865530967712,False
1736,3,249,startFixPeriod,1766133352.2115304,1327.218276977539,False
1737,3,249,TargetPresentation,1766133353.6966481,1328.7033953666687,False
1738,3,249,TargetDisplacement,1766133353.86301,1328.8697564601898,True
1739,3,249,RightResponse,1766133354.6267188,1329.6334643363953,False
1740,3,250,FeedbackPeriodStarted,1766133354.654101,1329.6608481407166,False
1741,3,250,startFixDisplay,1766133354.6542127,1329.6609563827515,False
1742,3,250,startFixPeriod,1766133354.7790177,1329.7857646942139,False
1743,3,250,TargetPresentation,1766133355.6811228,1330.687867641449,False
1744,3,250,TargetDisplacement,1766133355.8544476,1330.8611917495728,True
1745,3,250,RightResponse,1766133356.7014456,1331.7081897258759,False
1746,3,251,FeedbackPeriodStarted,1766133356.7218635,1331.7286098003387,False
1747,3,251,startFixDisplay,1766133356.7220094,1331.7287547588348,False
1748,3,251,startFixPeriod,1766133357.1660898,1332.172836303711,False
1749,3,251,TargetPresentation,1766133357.922409,1332.92915558815,False
1750,3,251,TargetDisplacement,1766133358.0680287,1333.074774980545,True
1751,3,251,RightResponse,1766133358.7970233,1333.8037676811218,False
1752,3,252,FeedbackPeriodStarted,1766133358.8175101,1333.8242568969727,False
1753,3,252,startFixDisplay,1766133358.8176525,1333.824397802353,False
1754,3,252,startFixPeriod,1766133359.1229322,1334.1296792030334,False
1755,3,252,TargetPresentation,1766133360.5800955,1335.5868427753448,False
1756,3,252,TargetRemoval,1766133360.739651,1335.746397972107,True
1757,3,252,TargetReappeared,1766133360.9895318,1335.9962785243988,False
1758,3,252,LeftResponse,1766133361.4616377,1336.4683830738068,False
1759,3,252,FeedbackPeriodStarted,1766133361.4681673,1336.474914073944,False
1760,3,253,startFixDisplay,1766133363.4804614,1338.487205505371,False
1761,3,253,startFixPeriod,1766133363.8761358,1338.8828847408295,False
1762,3,253,TargetPresentation,1766133365.2154012,1340.2221479415894,False
1763,3,253,TargetRemoval,1766133365.4024673,1340.409211397171,True
1764,3,253,TargetReappeared,1766133365.6525025,1340.6592495441437,False
1765,3,253,LeftResponse,1766133366.1453433,1341.1520879268646,False
1766,3,254,FeedbackPeriodStarted,1766133366.1659365,1341.1726830005646,False
1767,3,254,startFixDisplay,1766133366.166079,1341.172824382782,False
1768,3,254,startFixPeriod,1766133366.2977047,1341.3044493198395,False
1769,3,254,TargetPresentation,1766133367.4219797,1342.4287247657776,False
1770,3,254,TargetRemoval,1766133367.5468347,1342.5535817146301,True
1771,3,254,TargetReappeared,1766133367.7966585,1342.8034060001373,False
1772,3,254,LeftResponse,1766133368.4491146,1343.455858707428,False
1773,3,255,FeedbackPeriodStarted,1766133368.4697654,1343.4765117168427,False
1774,3,255,startFixDisplay,1766133368.4699075,1343.4766533374786,False
1775,3,255,startFixPeriod,1766133368.6918666,1343.6986136436462,False
1776,3,255,TargetPresentation,1766133369.4828794,1344.4896268844604,False
1777,3,255,TargetRemoval,1766133369.6561868,1344.6629331111908,True
1778,3,255,TargetReappeared,1766133369.9061427,1344.9128875732422,False
1779,3,255,LeftResponse,1766133370.4614282,1345.4681725502014,False
1780,3,256,FeedbackPeriodStarted,1766133370.4820101,1345.4887568950653,False
1781,3,256,startFixDisplay,1766133370.4821749,1345.4889228343964,False
1782,3,256,startFixPeriod,1766133370.773615,1345.7803618907928,False
1783,3,256,TargetPresentation,1766133371.8282313,1346.8349783420563,False
1784,3,256,TargetDisplacement,1766133371.939052,1346.9457960128784,True
1785,3,256,LeftResponse,1766133372.6332862,1347.6400306224823,False
1786,3,257,FeedbackPeriodStarted,1766133372.6539135,1347.660659790039,False
1787,3,257,startFixDisplay,1766133372.6540496,1347.6607949733734,False
1788,3,257,startFixPeriod,1766133372.7581174,1347.7648661136627,False
1789,3,257,TargetPresentation,1766133374.083438,1349.0901851654053,False
1790,3,257,TargetRemoval,1766133374.5829353,1349.5896818637848,True
1791,3,257,TargetReappeared,1766133374.8328483,1349.8395965099335,False
1792,3,257,RightResponse,1766133375.4297354,1350.4364805221558,False
1793,3,258,FeedbackPeriodStarted,1766133375.450325,1350.4570717811584,False
1794,3,258,startFixDisplay,1766133375.450487,1350.4572324752808,False
1795,3,258,startFixPeriod,1766133375.637813,1350.6445598602295,False
1796,3,258,TargetPresentation,1766133376.1443424,1351.1510889530182,False
1797,3,258,TargetDisplacement,1766133376.3176699,1351.324416399002,True
1798,3,258,RightResponse,1766133377.7613363,1352.7680804729462,False
1799,3,258,FeedbackPeriodStarted,1766133377.7680914,1352.7748382091522,False
1800,3,259,startFixDisplay,1766133379.780202,1354.7869460582733,False
1801,3,259,startFixPeriod,1766133380.245224,1355.2519686222076,False
1802,3,259,TargetPresentation,1766133381.272328,1356.2790739536285,False
1803,3,259,TargetDisplacement,1766133381.4249578,1356.4317045211792,True
1804,3,259,RightResponse,1766133382.3828623,1357.3896086215973,False
1805,3,260,FeedbackPeriodStarted,1766133382.4100895,1357.416833639145,False
1806,3,260,startFixDisplay,1766133382.4101512,1357.4168951511383,False
1807,3,260,startFixPeriod,1766133382.729445,1357.7361900806427,False
1808,3,260,TargetPresentation,1766133383.2845938,1358.291340827942,False
1809,3,260,TargetRemoval,1766133383.4579377,1358.4646842479706,True
1810,3,260,TargetReappeared,1766133383.7078545,1358.7146015167236,False
1811,3,260,RightResponse,1766133384.2911215,1359.2978675365448,False
1812,3,261,FeedbackPeriodStarted,1766133384.3115392,1359.3182861804962,False
1813,3,261,startFixDisplay,1766133384.3116844,1359.3184297084808,False
1814,3,261,startFixPeriod,1766133384.4572768,1359.464023590088,False
1815,3,261,TargetPresentation,1766133385.02629,1360.0330362319946,False
1816,3,261,TargetDisplacement,1766133385.2135282,1360.2202742099762,True
1817,3,261,LeftResponse,1766133386.0464694,1361.0532138347626,False
1818,3,262,FeedbackPeriodStarted,1766133386.067117,1361.0738615989685,False
1819,3,262,startFixDisplay,1766133386.0671864,1361.0739302635193,False
1820,3,262,startFixPeriod,1766133386.2406273,1361.2473740577698,False
1821,3,262,TargetPresentation,1766133387.7116623,1362.7184073925018,False
1822,3,262,TargetRemoval,1766133387.8851197,1362.89186835289,True
1823,3,262,TargetReappeared,1766133388.1350079,1363.1417531967163,False
1824,3,262,LeftResponse,1766133388.662524,1363.669268131256,False
1825,3,263,FeedbackPeriodStarted,1766133388.6831937,1363.6899406909943,False
1826,3,263,startFixDisplay,1766133388.6832848,1363.69002866745,False
1827,3,263,startFixPeriod,1766133388.828919,1363.8356659412384,False
1828,3,263,TargetPresentation,1766133390.0570815,1365.0638279914856,False
1829,3,263,TargetDisplacement,1766133390.2234223,1365.2301661968231,True
1830,3,263,LeftResponse,1766133391.0913277,1366.0980734825134,False
1831,3,263,FeedbackPeriodStarted,1766133391.132582,1366.1393284797668,False
1832,4,264,startFixDisplay,1766133499.4718719,1474.4786188602448,False
1833,4,264,startFixPeriod,1766133499.478749,1474.4854955673218,False
1834,4,264,TargetPresentation,1766133499.9923003,1474.9990451335907,False
1835,4,264,TargetRemoval,1766133499.9991372,1475.0058839321136,True
1836,4,264,TargetReappeared,1766133500.2489998,1475.2557468414307,False
1837,4,264,RightResponse,1766133501.0612254,1476.0679721832275,False
1838,4,265,FeedbackPeriodStarted,1766133501.0885758,1476.0953207015991,False
1839,4,265,startFixDisplay,1766133501.0886636,1476.0954077243805,False
1840,4,265,startFixPeriod,1766133501.3038332,1476.310580253601,False
1841,4,265,TargetPresentation,1766133502.3098924,1477.3166391849518,False
1842,4,265,TargetDisplacement,1766133502.4278738,1477.4346203804016,True
1843,4,265,LeftResponse,1766133503.2330685,1478.2398138046265,False
1844,4,266,FeedbackPeriodStarted,1766133503.2536073,1478.2603540420532,False
1845,4,266,startFixDisplay,1766133503.2537572,1478.2605028152466,False
1846,4,266,startFixPeriod,1766133503.4200594,1478.4268062114716,False
1847,4,266,TargetPresentation,1766133504.6065514,1479.613296031952,False
1848,4,266,TargetRemoval,1766133504.7523143,1479.7590606212616,True
1849,4,266,TargetReappeared,1766133505.0021744,1480.0089213848114,False
1850,4,266,RightResponse,1766133505.4885545,1480.4953064918518,False
1851,4,267,FeedbackPeriodStarted,1766133505.508738,1480.5154848098755,False
1852,4,267,startFixDisplay,1766133505.5088837,1480.5156292915344,False
1853,4,267,startFixPeriod,1766133505.6615624,1480.6683104038239,False
1854,4,267,TargetPresentation,1766133506.1610734,1481.1678202152252,False
1855,4,267,TargetDisplacement,1766133506.3622446,1481.368991136551,True
1856,4,267,LeftResponse,1766133507.715807,1482.7225534915924,False
1857,4,268,FeedbackPeriodStarted,1766133507.736088,1482.7428333759308,False
1858,4,268,startFixDisplay,1766133507.7361758,1482.7429196834564,False
1859,4,268,startFixPeriod,1766133507.916756,1482.9235026836395,False
1860,4,268,TargetPresentation,1766133509.2489765,1484.25572347641,False
1861,4,268,TargetDisplacement,1766133509.4084208,1484.4151651859283,True
1862,4,268,RightResponse,1766133510.2206085,1485.2273533344269,False
1863,4,269,FeedbackPeriodStarted,1766133510.2412171,1485.247965812683,False
1864,4,269,startFixDisplay,1766133510.2413652,1485.2481110095978,False
1865,4,269,startFixPeriod,1766133510.4424047,1485.4491503238678,False
1866,4,269,TargetPresentation,1766133510.9767487,1485.9834957122803,False
1867,4,269,TargetDisplacement,1766133511.1084948,1486.1152412891388,True
1868,4,269,RightResponse,1766133512.142575,1487.1493191719055,False
1869,4,270,FeedbackPeriodStarted,1766133512.1632485,1487.1699953079224,False
1870,4,270,startFixDisplay,1766133512.1634076,1487.1701548099518,False
1871,4,270,startFixPeriod,1766133512.357565,1487.3643119335175,False
1872,4,270,TargetPresentation,1766133513.3360755,1488.3428227901459,False
1873,4,270,TargetRemoval,1766133513.5025065,1488.5092539787292,True
1874,4,270,TargetReappeared,1766133513.7524421,1488.75919008255,False
1875,4,270,LeftResponse,1766133514.2385364,1489.2452816963196,False
1876,4,270,FeedbackPeriodStarted,1766133514.245023,1489.2517671585083,False
1877,4,271,startFixDisplay,1766133516.257199,1491.263943195343,False
1878,4,271,startFixPeriod,1766133516.6529398,1491.6596868038177,False
1879,4,271,TargetPresentation,1766133517.7353857,1492.742130279541,False
1880,4,271,TargetRemoval,1766133517.8879628,1492.8947098255157,True
1881,4,271,TargetReappeared,1766133518.1378775,1493.1446242332458,False
1882,4,271,LeftResponse,1766133518.8112488,1493.8179931640625,False
1883,4,272,FeedbackPeriodStarted,1766133518.8315926,1493.8383367061615,False
1884,4,272,startFixDisplay,1766133518.8317106,1493.8384544849396,False
1885,4,272,startFixPeriod,1766133519.0122805,1494.019027709961,False
1886,4,272,TargetPresentation,1766133519.5325851,1494.539332151413,False
1887,4,272,TargetDisplacement,1766133519.7059522,1494.7126986980438,True
1888,4,272,LeftResponse,1766133520.7332199,1495.7399640083313,False
1889,4,273,FeedbackPeriodStarted,1766133520.753808,1495.7605547904968,False
1890,4,273,startFixDisplay,1766133520.7539485,1495.7606937885284,False
1891,4,273,startFixPeriod,1766133520.9342735,1495.941020488739,False
1892,4,273,TargetPresentation,1766133521.586497,1496.5932414531708,False
1893,4,273,TargetDisplacement,1766133521.739208,1496.7459545135498,True
1894,4,273,LeftResponse,1766133522.5168242,1497.5235724449158,False
1895,4,274,FeedbackPeriodStarted,1766133522.5442207,1497.5509676933289,False
1896,4,274,startFixDisplay,1766133522.5443525,1497.5510981082916,False
1897,4,274,startFixPeriod,1766133522.724739,1497.7314841747284,False
1898,4,274,TargetPresentation,1766133523.4462,1498.45294713974,False
1899,4,274,TargetDisplacement,1766133523.5987482,1498.605494260788,True
1900,4,274,LeftResponse,1766133524.4664567,1499.4732015132904,False
1901,4,275,FeedbackPeriodStarted,1766133524.4871006,1499.4938452243805,False
1902,4,275,startFixDisplay,1766133524.487168,1499.493911743164,False
1903,4,275,startFixPeriod,1766133524.6882906,1499.6950373649597,False
1904,4,275,TargetPresentation,1766133525.9305637,1500.937311410904,False
1905,4,275,TargetRemoval,1766133526.0482302,1501.0549767017365,True
1906,4,275,TargetReappeared,1766133526.2981951,1501.3049421310425,False
1907,4,275,RightResponse,1766133526.7426066,1501.7493522167206,False
1908,4,276,FeedbackPeriodStarted,1766133526.7699254,1501.776671886444,False
1909,4,276,startFixDisplay,1766133526.7700636,1501.776808977127,False
1910,4,276,startFixPeriod,1766133526.915723,1501.9224700927734,False
1911,4,276,TargetPresentation,1766133527.838627,1502.8453743457794,False
1912,4,276,TargetRemoval,1766133528.0051332,1503.011879682541,True
1913,4,276,TargetReappeared,1766133528.2549517,1503.2616987228394,False
1914,4,276,LeftResponse,1766133528.7896426,1503.7963886260986,False
1915,4,276,FeedbackPeriodStarted,1766133528.7961197,1503.8028659820557,False
1916,4,277,startFixDisplay,1766133530.8083596,1505.815104007721,False
1917,4,277,startFixPeriod,1766133531.0652862,1506.072032213211,False
1918,4,277,TargetPresentation,1766133532.2171435,1507.2238903045654,False
1919,4,277,TargetDisplacement,1766133532.3973458,1507.4040896892548,True
1920,4,277,LeftResponse,1766133533.057075,1508.0638201236725,False
1921,4,278,FeedbackPeriodStarted,1766133533.0845287,1508.091275691986,False
1922,4,278,startFixDisplay,1766133533.0846756,1508.0914211273193,False
1923,4,278,startFixPeriod,1766133533.271939,1508.2786860466003,False
1924,4,278,TargetPresentation,1766133533.8339853,1508.8407320976257,False
1925,4,278,TargetDisplacement,1766133534.000387,1509.0071461200714,True
1926,4,278,LeftResponse,1766133534.680546,1509.687290430069,False
1927,4,279,FeedbackPeriodStarted,1766133534.7012582,1509.708004951477,False
1928,4,279,startFixDisplay,1766133534.7013886,1509.7081325054169,False
1929,4,279,startFixPeriod,1766133534.8956292,1509.9023759365082,False
1930,4,279,TargetPresentation,1766133536.0752373,1511.0819828510284,False
1931,4,279,TargetRemoval,1766133536.2139688,1511.220715522766,True
1932,4,279,TargetReappeared,1766133536.4638352,1511.4705820083618,False
1933,4,279,RightResponse,1766133536.908224,1511.9149680137634,False
1934,4,280,FeedbackPeriodStarted,1766133536.9355943,1511.9423387050629,False
1935,4,280,startFixDisplay,1766133536.9356718,1511.942415714264,False
1936,4,280,startFixPeriod,1766133537.1231258,1512.1298727989197,False
1937,4,280,TargetPresentation,1766133538.1500185,1513.156765460968,False
1938,4,280,TargetDisplacement,1766133538.3233936,1513.3301401138306,True
1939,4,280,RightResponse,1766133539.0107489,1514.017493724823,False
1940,4,281,FeedbackPeriodStarted,1766133539.038134,1514.0448806285858,False
1941,4,281,startFixDisplay,1766133539.0382543,1514.0449979305267,False
1942,4,281,startFixPeriod,1766133539.2602704,1514.2670154571533,False
1943,4,281,TargetPresentation,1766133540.328871,1515.3356177806854,False
1944,4,281,TargetRemoval,1766133540.4744895,1515.481235742569,True
1945,4,281,TargetReappeared,1766133540.7243874,1515.7311327457428,False
1946,4,281,RightResponse,1766133541.0922596,1516.0990035533905,False
1947,4,282,FeedbackPeriodStarted,1766133541.112919,1516.1196656227112,False
1948,4,282,startFixDisplay,1766133541.1130579,1516.1198031902313,False
1949,4,282,startFixPeriod,1766133541.2587452,1516.26549243927,False
1950,4,282,TargetPresentation,1766133542.0150807,1517.0218255519867,False
1951,4,282,TargetDisplacement,1766133542.1814969,1517.1882433891296,True
1952,4,282,LeftResponse,1766133542.737018,1517.7437644004822,False
1953,4,282,FeedbackPeriodStarted,1766133542.743607,1517.7503514289856,False
1954,4,283,startFixDisplay,1766133544.755975,1519.7627215385437,False
1955,4,283,startFixPeriod,1766133545.0405471,1520.0472931861877,False
1956,4,283,TargetPresentation,1766133545.6371868,1520.6439311504364,False
1957,4,283,TargetDisplacement,1766133545.644167,1520.6509137153625,True
1958,4,283,LeftResponse,1766133546.803232,1521.8099780082703,False
1959,4,284,FeedbackPeriodStarted,1766133546.8305922,1521.8373365402222,False
1960,4,284,startFixDisplay,1766133546.8306537,1521.8373973369598,False
1961,4,284,startFixPeriod,1766133547.0250669,1522.0318126678467,False
1962,4,284,TargetPresentation,1766133548.4614906,1523.4682357311249,False
1963,4,284,TargetRemoval,1766133548.613971,1523.6207172870636,True
1964,4,284,TargetReappeared,1766133548.8639557,1523.8707025051117,False
1965,4,284,LeftResponse,1766133549.3567417,1524.3634867668152,False
1966,4,285,FeedbackPeriodStarted,1766133549.3842738,1524.3910205364227,False
1967,4,285,startFixDisplay,1766133549.3843582,1524.3911018371582,False
1968,4,285,startFixPeriod,1766133549.55786,1524.5646069049835,False
1969,4,285,TargetPresentation,1766133550.9318113,1525.9385588169098,False
1970,4,285,TargetDisplacement,1766133551.1120358,1526.1187798976898,True
1971,4,285,LeftResponse,1766133551.7645595,1526.7713038921356,False
1972,4,286,FeedbackPeriodStarted,1766133551.7851622,1526.791908979416,False
1973,4,286,startFixDisplay,1766133551.7853034,1526.7920486927032,False
1974,4,286,startFixPeriod,1766133551.9240053,1526.9307525157928,False
1975,4,286,TargetPresentation,1766133553.1036625,1528.1104097366333,False
1976,4,286,TargetDisplacement,1766133553.2770593,1528.2838068008423,True
1977,4,286,RightResponse,1766133554.0684211,1529.0751655101776,False
1978,4,287,FeedbackPeriodStarted,1766133554.0958714,1529.1026182174683,False
1979,4,287,startFixDisplay,1766133554.0960069,1529.1027524471283,False
1980,4,287,startFixPeriod,1766133554.2764096,1529.2831573486328,False
1981,4,287,TargetPresentation,1766133555.4768157,1530.4835622310638,False
1982,4,287,TargetDisplacement,1766133555.6224642,1530.6292107105255,True
1983,4,287,LeftResponse,1766133556.2820265,1531.2887728214264,False
1984,4,288,FeedbackPeriodStarted,1766133556.3024838,1531.3092303276062,False
1985,4,288,startFixDisplay,1766133556.3026125,1531.309357881546,False
1986,4,288,startFixPeriod,1766133556.4969845,1531.5037326812744,False
1987,4,288,TargetPresentation,1766133557.711162,1532.7179090976715,False
1988,4,288,TargetDisplacement,1766133557.863707,1532.870453596115,True
1989,4,288,LeftResponse,1766133558.4814396,1533.4881834983826,False
1990,4,288,FeedbackPeriodStarted,1766133558.4882138,1533.4949579238892,False
1991,4,289,startFixDisplay,1766133560.5006633,1535.5074100494385,False
1992,4,289,startFixPeriod,1766133560.5075164,1535.514262676239,False
1993,4,289,TargetPresentation,1766133561.73586,1536.7426073551178,False
1994,4,289,TargetDisplacement,1766133561.8814294,1536.8881764411926,True
1995,4,289,LeftResponse,1766133562.5617356,1537.5684804916382,False
1996,4,290,FeedbackPeriodStarted,1766133562.5827074,1537.589451789856,False
1997,4,290,startFixDisplay,1766133562.582774,1537.5895175933838,False
1998,4,290,startFixPeriod,1766133562.7489185,1537.7556653022766,False
1999,4,290,TargetPresentation,1766133563.6301599,1538.636906862259,False
2000,4,290,TargetDisplacement,1766133563.7757704,1538.7825169563293,True
2001,4,290,LeftResponse,1766133564.4424531,1539.4491984844208,False
2002,4,291,FeedbackPeriodStarted,1766133564.4697046,1539.4764513969421,False
2003,4,291,startFixDisplay,1766133564.469842,1539.4765875339508,False
2004,4,291,startFixPeriod,1766133564.719534,1539.7262787818909,False
2005,4,291,TargetPresentation,1766133565.3994756,1540.406219959259,False
2006,4,291,TargetRemoval,1766133565.5591385,1540.5658826828003,True
2007,4,291,TargetReappeared,1766133565.809032,1540.815777540207,False
2008,4,291,RightResponse,1766133566.4061701,1541.4129161834717,False
2009,4,292,FeedbackPeriodStarted,1766133566.4333763,1541.440120458603,False
2010,4,292,startFixDisplay,1766133566.4334419,1541.440185546875,False
2011,4,292,startFixPeriod,1766133566.6416883,1541.6484348773956,False
2012,4,292,TargetPresentation,1766133567.7173183,1542.7240648269653,False
2013,4,292,TargetDisplacement,1766133567.8698087,1542.87655544281,True
2014,4,292,RightResponse,1766133568.550405,1543.5571520328522,False
2015,4,293,FeedbackPeriodStarted,1766133568.5705945,1543.5773389339447,False
2016,4,293,startFixDisplay,1766133568.5706573,1543.5774009227753,False
2017,4,293,startFixPeriod,1766133568.765229,1543.7719769477844,False
2018,4,293,TargetPresentation,1766133570.1874301,1545.194175004959,False
2019,4,293,TargetDisplacement,1766133570.360963,1545.3677093982697,True
2020,4,293,RightResponse,1766133571.0135558,1546.0203008651733,False
2021,4,294,FeedbackPeriodStarted,1766133571.0339692,1546.0407135486603,False
2022,4,294,startFixDisplay,1766133571.0340326,1546.0407762527466,False
2023,4,294,startFixPeriod,1766133571.3742063,1546.3809506893158,False
2024,4,294,TargetPresentation,1766133572.5885174,1547.5952615737915,False
2025,4,294,TargetRemoval,1766133572.7201886,1547.7269349098206,True
2026,4,294,TargetReappeared,1766133572.970105,1547.9768514633179,False
2027,4,294,RightResponse,1766133573.5533204,1548.560065984726,False
2028,4,294,FeedbackPeriodStarted,1766133573.5669315,1548.573678970337,False
2029,4,295,startFixDisplay,1766133575.5790937,1550.5858399868011,False
2030,4,295,startFixPeriod,1766133575.849896,1550.8566427230835,False
2031,4,295,TargetPresentation,1766133576.3634207,1551.3701677322388,False
2032,4,295,TargetRemoval,1766133576.522809,1551.5295555591583,True
2033,4,295,TargetReappeared,1766133576.7727902,1551.7795372009277,False
2034,4,295,RightResponse,1766133577.2101965,1552.2169411182404,False
2035,4,296,FeedbackPeriodStarted,1766133577.237781,1552.2445278167725,False
2036,4,296,startFixDisplay,1766133577.2379222,1552.2446677684784,False
2037,4,296,startFixPeriod,1766133577.4874563,1552.4942014217377,False
2038,4,296,TargetPresentation,1766133578.7989533,1553.8057000637054,False
2039,4,296,TargetRemoval,1766133578.944514,1553.951257944107,True
2040,4,296,TargetReappeared,1766133579.1944096,1554.201155424118,False
2041,4,296,LeftResponse,1766133579.6457632,1554.6525089740753,False
2042,4,297,FeedbackPeriodStarted,1766133579.6732042,1554.67995095253,False
2043,4,297,startFixDisplay,1766133579.673297,1554.6800405979156,False
2044,4,297,startFixPeriod,1766133579.8537629,1554.8605098724365,False
2045,4,297,TargetPresentation,1766133580.804231,1555.8109774589539,False
2046,4,297,TargetDisplacement,1766133580.9081967,1555.9149405956268,True
2047,4,297,RightResponse,1766133581.7413876,1556.7481365203857,False
2048,4,298,FeedbackPeriodStarted,1766133581.768765,1556.775511264801,False
2049,4,298,startFixDisplay,1766133581.7689154,1556.7756609916687,False
2050,4,298,startFixPeriod,1766133581.9701085,1556.9768555164337,False
2051,4,298,TargetPresentation,1766133583.3093371,1558.3160843849182,False
2052,4,298,TargetDisplacement,1766133583.4617224,1558.4684662818909,True
2053,4,298,LeftResponse,1766133584.0521152,1559.0588593482971,False
2054,4,299,FeedbackPeriodStarted,1766133584.0724232,1559.0791676044464,False
2055,4,299,startFixDisplay,1766133584.0724864,1559.0792300701141,False
2056,4,299,startFixPeriod,1766133584.3015482,1559.3082933425903,False
2057,4,299,TargetPresentation,1766133585.0509765,1560.0577232837677,False
2058,4,299,TargetDisplacement,1766133585.217474,1560.2242214679718,True
2059,4,299,RightResponse,1766133585.8286629,1560.835408449173,False
2060,4,300,FeedbackPeriodStarted,1766133585.8558435,1560.8625905513763,False
2061,4,300,startFixDisplay,1766133585.855984,1560.862729549408,False
2062,4,300,startFixPeriod,1766133586.3208206,1561.3275673389435,False
2063,4,300,TargetPresentation,1766133587.7711287,1562.7778754234314,False
2064,4,300,TargetRemoval,1766133587.9306695,1562.9374160766602,True
2065,4,300,TargetReappeared,1766133588.1804824,1563.1872277259827,False
2066,4,300,LeftResponse,1766133588.6526139,1563.65935921669,False
2067,4,300,FeedbackPeriodStarted,1766133588.6661844,1563.6729288101196,False
2068,4,301,startFixDisplay,1766133590.678499,1565.685243844986,False
2069,4,301,startFixPeriod,1766133590.956127,1565.9628715515137,False
2070,4,301,TargetPresentation,1766133591.6153667,1566.622138261795,False
2071,4,301,TargetRemoval,1766133591.795612,1566.8023586273193,True
2072,4,301,TargetReappeared,1766133592.0455475,1567.0522947311401,False
2073,4,301,RightResponse,1766133592.5868099,1567.5935535430908,False
2074,4,302,FeedbackPeriodStarted,1766133592.6075487,1567.6142954826355,False
2075,4,302,startFixDisplay,1766133592.6076882,1567.6144337654114,False
2076,4,302,startFixPeriod,1766133592.7810123,1567.7877588272095,False
2077,4,302,TargetPresentation,1766133593.5582302,1568.5649771690369,False
2078,4,302,TargetDisplacement,1766133593.7178743,1568.7246215343475,True
2079,4,302,RightResponse,1766133594.481207,1569.4879517555237,False
2080,4,303,FeedbackPeriodStarted,1766133594.501954,1569.5087006092072,False
2081,4,303,startFixDisplay,1766133594.5021012,1569.5088465213776,False
2082,4,303,startFixPeriod,1766133594.696304,1569.7030494213104,False
2083,4,303,TargetPresentation,1766133595.7232556,1570.7300009727478,False
2084,4,303,TargetRemoval,1766133595.8758209,1570.8825674057007,True
2085,4,303,TargetReappeared,1766133596.125705,1571.1324515342712,False
2086,4,303,LeftResponse,1766133596.7089603,1571.7157065868378,False
2087,4,304,FeedbackPeriodStarted,1766133596.7362463,1571.7429928779602,False
2088,4,304,startFixDisplay,1766133596.7364829,1571.7432310581207,False
2089,4,304,startFixPeriod,1766133597.1317623,1572.1385090351105,False
2090,4,304,TargetPresentation,1766133598.3183548,1573.3250994682312,False
2091,4,304,TargetDisplacement,1766133598.519625,1573.526371717453,True
2092,4,304,RightResponse,1766133599.2208083,1574.2275540828705,False
2093,4,305,FeedbackPeriodStarted,1766133599.248178,1574.2549242973328,False
2094,4,305,startFixDisplay,1766133599.248316,1574.2550613880157,False
2095,4,305,startFixPeriod,1766133599.470304,1574.4770505428314,False
2096,4,305,TargetPresentation,1766133600.6084206,1575.6151683330536,False
2097,4,305,TargetRemoval,1766133600.7816849,1575.7884316444397,True
2098,4,305,TargetReappeared,1766133601.031735,1576.0384817123413,False
2099,4,305,LeftResponse,1766133601.5174997,1576.524245262146,False
2100,4,306,FeedbackPeriodStarted,1766133601.5380976,1576.544842004776,False
2101,4,306,startFixDisplay,1766133601.5381653,1576.5449090003967,False
2102,4,306,startFixPeriod,1766133601.6838124,1576.690559387207,False
2103,4,306,TargetPresentation,1766133603.016224,1578.022968530655,False
2104,4,306,TargetDisplacement,1766133603.1965184,1578.203264951706,True
2105,4,306,LeftResponse,1766133604.2516048,1579.2583487033844,False
2106,4,306,FeedbackPeriodStarted,1766133604.258321,1579.2650680541992,False
2107,4,307,startFixDisplay,1766133606.27042,1581.27716422081,False
2108,4,307,startFixPeriod,1766133606.2775536,1581.2842977046967,False
2109,4,307,TargetPresentation,1766133607.1519537,1582.158701658249,False
2110,4,307,TargetDisplacement,1766133607.3946779,1582.401424407959,True
2111,4,307,LeftResponse,1766133608.1235526,1583.1302971839905,False
2112,4,308,FeedbackPeriodStarted,1766133608.1509888,1583.157735824585,False
2113,4,308,startFixDisplay,1766133608.1510894,1583.1578330993652,False
2114,4,308,startFixPeriod,1766133608.3383837,1583.345128774643,False
2115,4,308,TargetPresentation,1766133609.6984668,1584.70521402359,False
2116,4,308,TargetRemoval,1766133609.8579187,1584.8646652698517,True
2117,4,308,TargetReappeared,1766133610.1077795,1585.1145243644714,False
2118,4,308,LeftResponse,1766133610.6006005,1585.607344865799,False
2119,4,309,FeedbackPeriodStarted,1766133610.62135,1585.6280977725983,False
2120,4,309,startFixDisplay,1766133610.621519,1585.6282629966736,False
2121,4,309,startFixPeriod,1766133610.9890974,1585.9958457946777,False
2122,4,309,TargetPresentation,1766133612.2381866,1587.2449333667755,False
2123,4,309,TargetDisplacement,1766133612.3837554,1587.3905019760132,True
2124,4,309,RightResponse,1766133613.3001428,1588.3068883419037,False
2125,4,310,FeedbackPeriodStarted,1766133613.3205843,1588.3273284435272,False
2126,4,310,startFixDisplay,1766133613.3206475,1588.3273911476135,False
2127,4,310,startFixPeriod,1766133613.5080173,1588.514764547348,False
2128,4,310,TargetPresentation,1766133614.8056328,1589.8123798370361,False
2129,4,310,TargetDisplacement,1766133614.9304416,1589.9371900558472,True
2130,4,310,LeftResponse,1766133615.721836,1590.7285821437836,False
2131,4,311,FeedbackPeriodStarted,1766133615.7421622,1590.7489063739777,False
2132,4,311,startFixDisplay,1766133615.7422247,1590.7489683628082,False
2133,4,311,startFixPeriod,1766133615.9505923,1590.9573390483856,False
2134,4,311,TargetPresentation,1766133617.3591695,1592.3659138679504,False
2135,4,311,TargetDisplacement,1766133617.3661213,1592.3728682994843,True
2136,4,311,RightResponse,1766133618.3031633,1593.309909582138,False
2137,4,312,FeedbackPeriodStarted,1766133618.3304963,1593.3372404575348,False
2138,4,312,startFixDisplay,1766133618.3305595,1593.3373034000397,False
2139,4,312,startFixPeriod,1766133618.545758,1593.5525047779083,False
2140,4,312,TargetPresentation,1766133619.5032606,1594.510006427765,False
2141,4,312,TargetRemoval,1766133619.6627784,1594.6695246696472,True
2142,4,312,TargetReappeared,1766133619.912746,1594.9194927215576,False
2143,4,312,RightResponse,1766133620.4404166,1595.4471621513367,False
2144,4,312,FeedbackPeriodStarted,1766133620.4470382,1595.4537827968597,False
2145,4,313,startFixDisplay,1766133622.459224,1597.4659707546234,False
2146,4,313,startFixPeriod,1766133622.7092519,1597.7159988880157,False
2147,4,313,TargetPresentation,1766133623.326704,1598.3334512710571,False
2148,4,313,TargetDisplacement,1766133623.5764313,1598.583177804947,True
2149,4,313,LeftResponse,1766133624.277445,1599.2841897010803,False
2150,4,314,FeedbackPeriodStarted,1766133624.2980442,1599.3047885894775,False
2151,4,314,startFixDisplay,1766133624.2981122,1599.3048560619354,False
2152,4,314,startFixPeriod,1766133624.4925182,1599.499264717102,False
2153,4,314,TargetPresentation,1766133625.6165838,1600.623328447342,False
2154,4,314,TargetDisplacement,1766133625.789951,1600.7966973781586,True
2155,4,314,RightResponse,1766133626.5328329,1601.539577960968,False
2156,4,315,FeedbackPeriodStarted,1766133626.553282,1601.5600287914276,False
2157,4,315,startFixDisplay,1766133626.5534484,1601.5601923465729,False
2158,4,315,startFixPeriod,1766133626.7477093,1601.7544560432434,False
2159,4,315,TargetPresentation,1766133627.490131,1602.49689245224,False
2160,4,315,TargetRemoval,1766133628.0104759,1603.0172200202942,True
2161,4,315,TargetReappeared,1766133628.260522,1603.2672803401947,False
2162,4,315,RightResponse,1766133628.2816784,1603.2884268760681,False
2163,4,316,FeedbackPeriodStarted,1766133628.3089767,1603.3157234191895,False
2164,4,316,startFixDisplay,1766133628.3091247,1603.3158700466156,False
2165,4,316,startFixPeriod,1766133628.655958,1603.662704706192,False
2166,4,316,TargetPresentation,1766133629.495536,1604.5022811889648,False
2167,4,316,TargetRemoval,1766133629.6827722,1604.6895186901093,True
2168,4,316,TargetReappeared,1766133629.9327006,1604.9394471645355,False
2169,4,316,LeftResponse,1766133630.6752782,1605.6820223331451,False
2170,4,317,FeedbackPeriodStarted,1766133630.6959505,1605.7026977539062,False
2171,4,317,startFixDisplay,1766133630.6960974,1605.7028424739838,False
2172,4,317,startFixPeriod,1766133630.9110053,1605.9177522659302,False
2173,4,317,TargetPresentation,1766133631.9936285,1607.0003752708435,False
2174,4,317,TargetDisplacement,1766133632.2016187,1607.2083654403687,True
2175,4,317,RightResponse,1766133632.9792917,1607.9860377311707,False
2176,4,318,FeedbackPeriodStarted,1766133633.0066118,1608.013358592987,False
2177,4,318,startFixDisplay,1766133633.0067482,1608.01349401474,False
2178,4,318,startFixPeriod,1766133633.228709,1608.2354562282562,False
2179,4,318,TargetPresentation,1766133634.1099691,1609.1167161464691,False
2180,4,318,TargetDisplacement,1766133634.1584756,1609.165219783783,True
2181,4,318,RightResponse,1766133634.9777448,1609.9844915866852,False
2182,4,318,FeedbackPeriodStarted,1766133634.9912806,1609.998027563095,False
2183,4,319,startFixDisplay,1766133637.0034444,1612.0101885795593,False
2184,4,319,startFixPeriod,1766133637.267295,1612.2740416526794,False
2185,4,319,TargetPresentation,1766133638.6411824,1613.6479289531708,False
2186,4,319,TargetDisplacement,1766133638.8075912,1613.8143372535706,True
2187,4,319,LeftResponse,1766133639.7378776,1614.7446236610413,False
2188,4,320,FeedbackPeriodStarted,1766133639.7581708,1614.76491522789,False
2189,4,320,startFixDisplay,1766133639.7582352,1614.7649788856506,False
2190,4,320,startFixPeriod,1766133639.9527116,1614.9594585895538,False
2191,4,320,TargetPresentation,1766133641.3403995,1616.347145318985,False
2192,4,320,TargetRemoval,1766133641.4929876,1616.4997341632843,True
2193,4,320,TargetReappeared,1766133641.7428873,1616.7496328353882,False
2194,4,320,RightResponse,1766133642.284449,1617.291194677353,False
2195,4,321,FeedbackPeriodStarted,1766133642.3047965,1617.3115408420563,False
2196,4,321,startFixDisplay,1766133642.3048604,1617.3116040229797,False
2197,4,321,startFixPeriod,1766133642.4576573,1617.4644043445587,False
2198,4,321,TargetPresentation,1766133643.9217305,1618.9284763336182,False
2199,4,321,TargetDisplacement,1766133644.0951433,1619.1018874645233,True
2200,4,321,RightResponse,1766133644.7964504,1619.8031961917877,False
2201,4,322,FeedbackPeriodStarted,1766133644.8168461,1619.8235907554626,False
2202,4,322,startFixDisplay,1766133644.8169177,1619.8236615657806,False
2203,4,322,startFixPeriod,1766133645.0112605,1620.018006324768,False
2204,4,322,TargetPresentation,1766133645.7676225,1620.7743694782257,False
2205,4,322,TargetDisplacement,1766133645.9271247,1620.9338688850403,True
2206,4,322,LeftResponse,1766133646.5379126,1621.5446572303772,False
2207,4,323,FeedbackPeriodStarted,1766133646.5654762,1621.5722227096558,False
2208,4,323,startFixDisplay,1766133646.5656123,1621.572357416153,False
2209,4,323,startFixPeriod,1766133646.8223357,1621.8290829658508,False
2210,4,323,TargetPresentation,1766133647.897836,1622.904582977295,False
2211,4,323,TargetDisplacement,1766133648.029507,1623.0362510681152,True
2212,4,323,RightResponse,1766133648.7168105,1623.7235553264618,False
2213,4,324,FeedbackPeriodStarted,1766133648.7373238,1623.7440679073334,False
2214,4,324,startFixDisplay,1766133648.7373993,1623.7441437244415,False
2215,4,324,startFixPeriod,1766133648.9246953,1623.9314398765564,False
2216,4,324,TargetPresentation,1766133650.2640984,1625.270845413208,False
2217,4,324,TargetDisplacement,1766133650.4374208,1625.4441673755646,True
2218,4,324,RightResponse,1766133651.069255,1626.0760004520416,False
2219,4,324,FeedbackPeriodStarted,1766133651.0758421,1626.0825884342194,False
2220,4,325,startFixDisplay,1766133653.0881312,1628.0948781967163,False
2221,4,325,startFixPeriod,1766133653.3727124,1628.3794581890106,False
2222,4,325,TargetPresentation,1766133653.9765081,1628.9832572937012,False
2223,4,325,TargetDisplacement,1766133654.1914475,1629.1981916427612,True
2224,4,325,LeftResponse,1766133655.0036361,1630.0103809833527,False
2225,4,326,FeedbackPeriodStarted,1766133655.0241537,1630.0308978557587,False
2226,4,326,startFixDisplay,1766133655.0242171,1630.0309607982635,False
2227,4,326,startFixPeriod,1766133655.239274,1630.2460191249847,False
2228,4,326,TargetPresentation,1766133656.072025,1631.078771829605,False
2229,4,326,TargetDisplacement,1766133656.2176387,1631.224385023117,True
2230,4,326,RightResponse,1766133656.9328825,1631.9396286010742,False
2231,4,327,FeedbackPeriodStarted,1766133656.9531062,1631.9598505496979,False
2232,4,327,startFixDisplay,1766133656.9532282,1631.9599723815918,False
2233,4,327,startFixPeriod,1766133657.1198218,1632.126569032669,False
2234,4,327,TargetPresentation,1766133657.8831115,1632.889858007431,False
2235,4,327,TargetDisplacement,1766133658.0495512,1633.0562977790833,True
2236,4,327,RightResponse,1766133658.7022064,1633.7089529037476,False
2237,4,328,FeedbackPeriodStarted,1766133658.7296004,1633.7363471984863,False
2238,4,328,startFixDisplay,1766133658.7297385,1633.7364840507507,False
2239,4,328,startFixPeriod,1766133658.9175224,1633.9242696762085,False
2240,4,328,TargetPresentation,1766133659.694203,1634.7009496688843,False
2241,4,328,TargetDisplacement,1766133659.8467498,1634.8534960746765,True
2242,4,328,RightResponse,1766133660.513287,1635.520033121109,False
2243,4,329,FeedbackPeriodStarted,1766133660.5336742,1635.540418624878,False
2244,4,329,startFixDisplay,1766133660.5337367,1635.54048037529,False
2245,4,329,startFixPeriod,1766133660.7419176,1635.7486643791199,False
2246,4,329,TargetPresentation,1766133661.5953455,1636.6020901203156,False
2247,4,329,TargetDisplacement,1766133661.7619216,1636.768667936325,True
2248,4,329,LeftResponse,1766133662.7335348,1637.7402787208557,False
2249,4,329,FeedbackPeriodStarted,1766133662.775067,1637.7818138599396,False
2250,5,330,startFixDisplay,1766133801.5627644,1776.5695106983185,False
2251,5,330,startFixPeriod,1766133801.7917895,1776.7985365390778,False
2252,5,330,TargetPresentation,1766133803.0131533,1778.019900560379,False
2253,5,330,TargetDisplacement,1766133803.1725342,1778.1792781352997,True
2254,5,330,LeftResponse,1766133803.9779143,1778.9846606254578,False
2255,5,331,FeedbackPeriodStarted,1766133804.0054111,1779.0121583938599,False
2256,5,331,startFixDisplay,1766133804.005534,1779.012277841568,False
2257,5,331,startFixPeriod,1766133804.1234128,1779.1301596164703,False
2258,5,331,TargetPresentation,1766133805.427943,1780.4346897602081,False
2259,5,331,TargetDisplacement,1766133805.5873945,1780.5941412448883,True
2260,5,331,RightResponse,1766133806.1984725,1781.2052178382874,False
2261,5,332,FeedbackPeriodStarted,1766133806.2256923,1781.2324364185333,False
2262,5,332,startFixDisplay,1766133806.2257528,1781.2324967384338,False
2263,5,332,startFixPeriod,1766133806.3647873,1781.3715353012085,False
2264,5,332,TargetPresentation,1766133807.2598364,1782.2665829658508,False
2265,5,332,TargetRemoval,1766133807.4194036,1782.426150560379,True
2266,5,332,TargetReappeared,1766133807.6692045,1782.6759495735168,False
2267,5,332,LeftResponse,1766133808.0439491,1783.0506937503815,False
2268,5,333,FeedbackPeriodStarted,1766133808.0646703,1783.071417093277,False
2269,5,333,startFixDisplay,1766133808.0648217,1783.0715670585632,False
2270,5,333,startFixPeriod,1766133808.2452006,1783.2519476413727,False
2271,5,333,TargetPresentation,1766133809.126429,1784.1331751346588,False
2272,5,333,TargetDisplacement,1766133809.2859545,1784.2927012443542,True
2273,5,333,LeftResponse,1766133809.931589,1784.9383335113525,False
2274,5,334,FeedbackPeriodStarted,1766133809.951954,1784.958698272705,False
2275,5,334,startFixDisplay,1766133809.9520218,1784.9587659835815,False
2276,5,334,startFixPeriod,1766133810.07702,1785.0837666988373,False
2277,5,334,TargetPresentation,1766133811.4785469,1786.485291481018,False
2278,5,334,TargetDisplacement,1766133811.6451957,1786.6519422531128,True
2279,5,334,LeftResponse,1766133812.2284036,1787.235148191452,False
2280,5,335,FeedbackPeriodStarted,1766133812.2489018,1787.255648612976,False
2281,5,335,startFixDisplay,1766133812.2490623,1787.2558076381683,False
2282,5,335,startFixPeriod,1766133812.4502149,1787.456961631775,False
2283,5,335,TargetPresentation,1766133813.692286,1788.6990344524384,False
2284,5,335,TargetDisplacement,1766133813.8656163,1788.8723628520966,True
2285,5,335,LeftResponse,1766133814.4698389,1789.4765849113464,False
2286,5,336,FeedbackPeriodStarted,1766133814.4901173,1789.4968616962433,False
2287,5,336,startFixDisplay,1766133814.4901812,1789.4969248771667,False
2288,5,336,startFixPeriod,1766133814.6637049,1789.6704506874084,False
2289,5,336,TargetPresentation,1766133815.385368,1790.3921315670013,False
2290,5,336,TargetDisplacement,1766133815.4893582,1790.4961049556732,True
2291,5,336,LeftResponse,1766133816.2738466,1791.2805922031403,False
2292,5,336,FeedbackPeriodStarted,1766133816.2874947,1791.2942390441895,False
2293,5,337,startFixDisplay,1766133818.2998013,1793.30655002594,False
2294,5,337,startFixPeriod,1766133818.3344827,1793.3412289619446,False
2295,5,337,TargetPresentation,1766133819.0631227,1794.06986951828,False
2296,5,337,TargetRemoval,1766133819.2294395,1794.2361834049225,True
2297,5,337,TargetReappeared,1766133819.4794376,1794.486184835434,False
2298,5,337,LeftResponse,1766133819.930684,1794.9374289512634,False
2299,5,338,FeedbackPeriodStarted,1766133819.9582398,1794.9649863243103,False
2300,5,338,startFixDisplay,1766133819.9583862,1794.965130329132,False
2301,5,338,startFixPeriod,1766133820.0969796,1795.103726863861,False
2302,5,338,TargetPresentation,1766133821.554112,1796.5608587265015,False
2303,5,338,TargetDisplacement,1766133821.7136915,1796.7204384803772,True
2304,5,338,LeftResponse,1766133822.352643,1797.3593904972076,False
2305,5,339,FeedbackPeriodStarted,1766133822.37991,1797.3866565227509,False
2306,5,339,startFixDisplay,1766133822.3800538,1797.3867993354797,False
2307,5,339,startFixPeriod,1766133822.6712832,1797.6780285835266,False
2308,5,339,TargetPresentation,1766133824.0800238,1799.0867710113525,False
2309,5,339,TargetDisplacement,1766133824.2465105,1799.2532572746277,True
2310,5,339,RightResponse,1766133824.8503501,1799.857095003128,False
2311,5,340,FeedbackPeriodStarted,1766133824.8780506,1799.8847975730896,False
2312,5,340,startFixDisplay,1766133824.8781855,1799.884931087494,False
2313,5,340,startFixPeriod,1766133825.016851,1800.0235979557037,False
2314,5,340,TargetPresentation,1766133826.078702,1801.08545088768,False
2315,5,340,TargetDisplacement,1766133826.2518034,1801.2585499286652,True
2316,5,340,RightResponse,1766133826.8142674,1801.8210134506226,False
2317,5,341,FeedbackPeriodStarted,1766133826.841689,1801.848435640335,False
2318,5,341,startFixDisplay,1766133826.8418314,1801.848576784134,False
2319,5,341,startFixPeriod,1766133826.9944222,1802.0011699199677,False
2320,5,341,TargetPresentation,1766133828.1740649,1803.1808116436005,False
2321,5,341,TargetRemoval,1766133828.3335168,1803.340273141861,True
2322,5,341,TargetReappeared,1766133828.5833933,1803.590138912201,False
2323,5,341,RightResponse,1766133829.0695136,1804.076259613037,False
2324,5,342,FeedbackPeriodStarted,1766133829.0898814,1804.0966258049011,False
2325,5,342,startFixDisplay,1766133829.0899448,1804.0966882705688,False
2326,5,342,startFixPeriod,1766133829.2357156,1804.2424626350403,False
2327,5,342,TargetPresentation,1766133830.64435,1805.6510953903198,False
2328,5,342,TargetDisplacement,1766133830.7968771,1805.8036234378815,True
2329,5,342,RightResponse,1766133831.3940456,1806.40079164505,False
2330,5,342,FeedbackPeriodStarted,1766133831.4006507,1806.407395362854,False
2331,5,343,startFixDisplay,1766133833.4129062,1808.4196527004242,False
2332,5,343,startFixPeriod,1766133833.6697943,1808.6765413284302,False
2333,5,343,TargetPresentation,1766133835.022863,1810.0296094417572,False
2334,5,343,TargetRemoval,1766133835.2101731,1810.2169213294983,True
2335,5,343,TargetReappeared,1766133835.459983,1810.4667282104492,False
2336,5,343,RightResponse,1766133836.0502064,1811.05695271492,False
2337,5,344,FeedbackPeriodStarted,1766133836.070497,1811.0772414207458,False
2338,5,344,startFixDisplay,1766133836.0705569,1811.0773005485535,False
2339,5,344,startFixPeriod,1766133836.4662306,1811.4729764461517,False
2340,5,344,TargetPresentation,1766133837.5278127,1812.5345594882965,False
2341,5,344,TargetDisplacement,1766133837.659601,1812.6663472652435,True
2342,5,344,LeftResponse,1766133838.402445,1813.4091897010803,False
2343,5,345,FeedbackPeriodStarted,1766133838.4299052,1813.4366519451141,False
2344,5,345,startFixDisplay,1766133838.4301128,1813.436859369278,False
2345,5,345,startFixPeriod,1766133838.6450665,1813.6518132686615,False
2346,5,345,TargetPresentation,1766133839.2557364,1814.2624835968018,False
2347,5,345,TargetDisplacement,1766133839.422134,1814.428878068924,True
2348,5,345,LeftResponse,1766133840.1164887,1815.1232352256775,False
2349,5,346,FeedbackPeriodStarted,1766133840.1438937,1815.150640487671,False
2350,5,346,startFixDisplay,1766133840.1440349,1815.1507804393768,False
2351,5,346,startFixPeriod,1766133840.5046809,1815.5114259719849,False
2352,5,346,TargetPresentation,1766133841.2055757,1816.2123353481293,False
2353,5,346,TargetDisplacement,1766133841.4067335,1816.4134798049927,True
2354,5,346,RightResponse,1766133842.2326427,1817.2393877506256,False
2355,5,347,FeedbackPeriodStarted,1766133842.2602127,1817.2669577598572,False
2356,5,347,startFixDisplay,1766133842.2602813,1817.267025232315,False
2357,5,347,startFixPeriod,1766133842.6626651,1817.6694118976593,False
2358,5,347,TargetPresentation,1766133843.3912878,1818.3980345726013,False
2359,5,347,TargetDisplacement,1766133843.5092022,1818.5159485340118,True
2360,5,347,LeftResponse,1766133844.2520494,1819.2587957382202,False
2361,5,348,FeedbackPeriodStarted,1766133844.2795925,1819.2863388061523,False
2362,5,348,startFixDisplay,1766133844.2797348,1819.2864801883698,False
2363,5,348,startFixPeriod,1766133844.5778034,1819.5845475196838,False
2364,5,348,TargetPresentation,1766133845.8131104,1820.8198580741882,False
2365,5,348,TargetRemoval,1766133845.9795568,1820.986304283142,True
2366,5,348,TargetReappeared,1766133846.2294316,1821.236178636551,False
2367,5,348,LeftResponse,1766133846.701587,1821.7083315849304,False
2368,5,348,FeedbackPeriodStarted,1766133846.7081323,1821.7148792743683,False
2369,5,349,startFixDisplay,1766133848.7204595,1823.727205991745,False
2370,5,349,startFixPeriod,1766133849.0398016,1824.0465486049652,False
2371,5,349,TargetPresentation,1766133850.0875485,1825.094293832779,False
2372,5,349,TargetDisplacement,1766133850.2470217,1825.2537679672241,True
2373,5,349,LeftResponse,1766133850.9344566,1825.9412009716034,False
2374,5,350,FeedbackPeriodStarted,1766133850.9617558,1825.9685022830963,False
2375,5,350,startFixDisplay,1766133850.9619524,1825.9687004089355,False
2376,5,350,startFixPeriod,1766133851.1492054,1826.1559524536133,False
2377,5,350,TargetPresentation,1766133852.3704238,1827.3771686553955,False
2378,5,350,TargetDisplacement,1766133852.5369475,1827.5436940193176,True
2379,5,350,RightResponse,1766133853.2519584,1828.258704662323,False
2380,5,351,FeedbackPeriodStarted,1766133853.2793515,1828.2860958576202,False
2381,5,351,startFixDisplay,1766133853.2794313,1828.286175251007,False
2382,5,351,startFixPeriod,1766133853.6542277,1828.660974740982,False
2383,5,351,TargetPresentation,1766133854.1814241,1829.1881687641144,False
2384,5,351,TargetDisplacement,1766133854.3410423,1829.34778881073,True
2385,5,351,RightResponse,1766133855.1048002,1830.111548423767,False
2386,5,352,FeedbackPeriodStarted,1766133855.132125,1830.1388692855835,False
2387,5,352,startFixDisplay,1766133855.132193,1830.1389365196228,False
2388,5,352,startFixPeriod,1766133855.486043,1830.4927899837494,False
2389,5,352,TargetPresentation,1766133856.0828583,1831.0896046161652,False
2390,5,352,TargetRemoval,1766133856.2354782,1831.242222070694,True
2391,5,352,TargetReappeared,1766133856.4852881,1831.4920327663422,False
2392,5,352,LeftResponse,1766133857.0269687,1832.033715248108,False
2393,5,353,FeedbackPeriodStarted,1766133857.0542262,1832.0609724521637,False
2394,5,353,startFixDisplay,1766133857.0543656,1832.0611112117767,False
2395,5,353,startFixPeriod,1766133857.4221077,1832.4288549423218,False
2396,5,353,TargetPresentation,1766133858.768324,1833.775071144104,False
2397,5,353,TargetRemoval,1766133858.9554558,1833.9621996879578,True
2398,5,353,TargetReappeared,1766133859.2052948,1834.2120401859283,False
2399,5,353,LeftResponse,1766133860.1216822,1835.1284275054932,False
2400,5,354,FeedbackPeriodStarted,1766133860.1490839,1835.155830860138,False
2401,5,354,startFixDisplay,1766133860.1492143,1835.1559598445892,False
2402,5,354,startFixPeriod,1766133860.3434114,1835.350159406662,False
2403,5,354,TargetPresentation,1766133861.4745045,1836.4812512397766,False
2404,5,354,TargetRemoval,1766133861.6201131,1836.6268594264984,True
2405,5,354,TargetReappeared,1766133861.8699572,1836.8767037391663,False
2406,5,354,RightResponse,1766133862.2588713,1837.265619277954,False
2407,5,354,FeedbackPeriodStarted,1766133862.2655325,1837.2722771167755,False
2408,5,355,startFixDisplay,1766133864.2777443,1839.2844908237457,False
2409,5,355,startFixPeriod,1766133864.5761464,1839.5828909873962,False
2410,5,355,TargetPresentation,1766133865.5753877,1840.5821359157562,False
2411,5,355,TargetRemoval,1766133865.7557502,1840.762496471405,True
2412,5,355,TargetReappeared,1766133866.0055952,1841.0123417377472,False
2413,5,355,LeftResponse,1766133866.4362597,1841.4430074691772,False
2414,5,356,FeedbackPeriodStarted,1766133866.463567,1841.470311164856,False
2415,5,356,startFixDisplay,1766133866.4636264,1841.470370054245,False
2416,5,356,startFixPeriod,1766133866.7482743,1841.7550225257874,False
2417,5,356,TargetPresentation,1766133867.261696,1842.2684428691864,False
2418,5,356,TargetDisplacement,1766133867.455861,1842.462607383728,True
2419,5,356,RightResponse,1766133868.198637,1843.2053813934326,False
2420,5,357,FeedbackPeriodStarted,1766133868.2191608,1843.2259075641632,False
2421,5,357,startFixDisplay,1766133868.2193086,1843.2260539531708,False
2422,5,357,startFixPeriod,1766133868.392779,1843.399525642395,False
2423,5,357,TargetPresentation,1766133868.9131749,1843.9199237823486,False
2424,5,357,TargetDisplacement,1766133869.1350555,1844.141802072525,True
2425,5,357,RightResponse,1766133869.6907094,1844.6974544525146,False
2426,5,358,FeedbackPeriodStarted,1766133869.7109792,1844.717723608017,False
2427,5,358,startFixDisplay,1766133869.7110457,1844.7177894115448,False
2428,5,358,startFixPeriod,1766133869.995625,1845.0023720264435,False
2429,5,358,TargetPresentation,1766133870.578495,1845.5852398872375,False
2430,5,358,TargetRemoval,1766133870.7242064,1845.7309503555298,True
2431,5,358,TargetReappeared,1766133870.974013,1845.980759859085,False
2432,5,358,LeftResponse,1766133871.3906448,1846.397390127182,False
2433,5,359,FeedbackPeriodStarted,1766133871.4111252,1846.4178719520569,False
2434,5,359,startFixDisplay,1766133871.4112663,1846.4180119037628,False
2435,5,359,startFixPeriod,1766133871.5846663,1846.5914132595062,False
2436,5,359,TargetPresentation,1766133872.3965285,1847.403273820877,False
2437,5,359,TargetRemoval,1766133872.5490806,1847.5558276176453,True
2438,5,359,TargetReappeared,1766133872.7990313,1847.8057780265808,False
2439,5,359,LeftResponse,1766133873.2363582,1848.243102312088,False
2440,5,360,FeedbackPeriodStarted,1766133873.2568088,1848.263552904129,False
2441,5,360,startFixDisplay,1766133873.2568722,1848.263615846634,False
2442,5,360,startFixPeriod,1766133873.4581673,1848.4649119377136,False
2443,5,360,TargetPresentation,1766133874.9154177,1849.9221649169922,False
2444,5,360,TargetRemoval,1766133875.0956855,1850.1024315357208,True
2445,5,360,TargetReappeared,1766133875.3456588,1850.3524038791656,False
2446,5,360,RightResponse,1766133875.8107252,1850.8174695968628,False
2447,5,360,FeedbackPeriodStarted,1766133875.8175125,1850.8242602348328,False
2448,5,361,startFixDisplay,1766133877.8297005,1852.8364472389221,False
2449,5,361,startFixPeriod,1766133878.072671,1853.0794179439545,False
2450,5,361,TargetPresentation,1766133879.543763,1854.550509929657,False
2451,5,361,TargetRemoval,1766133879.7102554,1854.7169995307922,True
2452,5,361,TargetReappeared,1766133879.9601176,1854.9668643474579,False
2453,5,361,LeftResponse,1766133880.4598546,1855.466599225998,False
2454,5,362,FeedbackPeriodStarted,1766133880.4804807,1855.4872252941132,False
2455,5,362,startFixDisplay,1766133880.4805493,1855.487293958664,False
2456,5,362,startFixPeriod,1766133880.903733,1855.910478591919,False
2457,5,362,TargetPresentation,1766133881.868396,1856.8751447200775,False
2458,5,362,TargetDisplacement,1766133882.0001364,1857.0068831443787,True
2459,5,362,RightResponse,1766133882.77758,1857.7843253612518,False
2460,5,363,FeedbackPeriodStarted,1766133882.8051538,1857.8118982315063,False
2461,5,363,startFixDisplay,1766133882.8052194,1857.8119630813599,False
2462,5,363,startFixPeriod,1766133883.2006235,1858.207370519638,False
2463,5,363,TargetPresentation,1766133884.3039105,1859.3106572628021,False
2464,5,363,TargetDisplacement,1766133884.4425583,1859.4493021965027,True
2465,5,363,LeftResponse,1766133885.268679,1860.2754242420197,False
2466,5,364,FeedbackPeriodStarted,1766133885.2891138,1860.2958583831787,False
2467,5,364,startFixDisplay,1766133885.2891972,1860.2959413528442,False
2468,5,364,startFixPeriod,1766133885.7889457,1860.7956931591034,False
2469,5,364,TargetPresentation,1766133886.912978,1861.919724702835,False
2470,5,364,TargetDisplacement,1766133887.093284,1862.1000301837921,True
2471,5,364,RightResponse,1766133887.6973886,1862.7041337490082,False
2472,5,365,FeedbackPeriodStarted,1766133887.72478,1862.731526851654,False
2473,5,365,startFixDisplay,1766133887.7249203,1862.7316658496857,False
2474,5,365,startFixPeriod,1766133887.926133,1862.9328792095184,False
2475,5,365,TargetPresentation,1766133888.9669309,1863.9736778736115,False
2476,5,365,TargetDisplacement,1766133889.1404068,1864.1471540927887,True
2477,5,365,RightResponse,1766133889.7926428,1864.799387216568,False
2478,5,366,FeedbackPeriodStarted,1766133889.813525,1864.8202722072601,False
2479,5,366,startFixDisplay,1766133889.8136725,1864.820417881012,False
2480,5,366,startFixPeriod,1766133890.2367628,1865.2435085773468,False
2481,5,366,TargetPresentation,1766133891.6523414,1866.6590883731842,False
2482,5,366,TargetDisplacement,1766133891.8395886,1866.8463351726532,True
2483,5,366,LeftResponse,1766133892.4506814,1867.4574253559113,False
2484,5,366,FeedbackPeriodStarted,1766133892.4572797,1867.4640243053436,False
2485,5,367,startFixDisplay,1766133894.469476,1869.4762198925018,False
2486,5,367,startFixPeriod,1766133894.4764547,1869.4831988811493,False
2487,5,367,TargetPresentation,1766133895.9198482,1870.926595211029,False
2488,5,367,TargetDisplacement,1766133896.1002266,1871.1069707870483,True
2489,5,367,LeftResponse,1766133896.752652,1871.7593960762024,False
2490,5,368,FeedbackPeriodStarted,1766133896.7731848,1871.7799291610718,False
2491,5,368,startFixDisplay,1766133896.7732468,1871.7799904346466,False
2492,5,368,startFixPeriod,1766133896.960705,1871.9674518108368,False
2493,5,368,TargetPresentation,1766133898.0154653,1873.0222117900848,False
2494,5,368,TargetRemoval,1766133898.1749246,1873.1816711425781,True
2495,5,368,TargetReappeared,1766133898.424893,1873.4316399097443,False
2496,5,368,RightResponse,1766133898.8693223,1873.876068353653,False
2497,5,369,FeedbackPeriodStarted,1766133898.8895853,1873.8963294029236,False
2498,5,369,startFixDisplay,1766133898.8896656,1873.896410226822,False
2499,5,369,startFixPeriod,1766133899.160477,1874.1672224998474,False
2500,5,369,TargetPresentation,1766133900.2636533,1875.2703983783722,False
2501,5,369,TargetDisplacement,1766133900.4232042,1875.4299478530884,True
2502,5,369,LeftResponse,1766133901.0339847,1876.040729522705,False
2503,5,370,FeedbackPeriodStarted,1766133901.0615103,1876.0682547092438,False
2504,5,370,startFixDisplay,1766133901.0615704,1876.0683138370514,False
2505,5,370,startFixPeriod,1766133901.2420635,1876.2488102912903,False
2506,5,370,TargetPresentation,1766133902.393999,1877.4007456302643,False
2507,5,370,TargetDisplacement,1766133902.5466073,1877.55335354805,True
2508,5,370,RightResponse,1766133903.2338598,1878.240605354309,False
2509,5,371,FeedbackPeriodStarted,1766133903.2542768,1878.2610211372375,False
2510,5,371,startFixDisplay,1766133903.2543466,1878.2610902786255,False
2511,5,371,startFixPeriod,1766133903.6569006,1878.6636469364166,False
2512,5,371,TargetPresentation,1766133905.0029333,1880.0096776485443,False
2513,5,371,TargetDisplacement,1766133905.1486738,1880.155417919159,True
2514,5,371,LeftResponse,1766133905.7945697,1880.801320552826,False
2515,5,372,FeedbackPeriodStarted,1766133905.8218262,1880.828572511673,False
2516,5,372,startFixDisplay,1766133905.8219514,1880.8286969661713,False
2517,5,372,startFixPeriod,1766133905.9813285,1880.9880735874176,False
2518,5,372,TargetPresentation,1766133906.87661,1881.8833556175232,False
2519,5,372,TargetDisplacement,1766133907.0639844,1882.0707321166992,True
2520,5,372,RightResponse,1766133907.6679866,1882.6747329235077,False
2521,5,372,FeedbackPeriodStarted,1766133907.6747046,1882.681449174881,False
2522,5,373,startFixDisplay,1766133909.6868804,1884.6936268806458,False
2523,5,373,startFixPeriod,1766133909.9436836,1884.9504294395447,False
2524,5,373,TargetPresentation,1766133911.0537562,1886.0605008602142,False
2525,5,373,TargetRemoval,1766133911.241134,1886.2478802204132,True
2526,5,373,TargetReappeared,1766133911.4909747,1886.497721672058,False
2527,5,373,LeftResponse,1766133912.0116405,1887.0183856487274,False
2528,5,374,FeedbackPeriodStarted,1766133912.0391624,1887.0459089279175,False
2529,5,374,startFixDisplay,1766133912.0393023,1887.0460464954376,False
2530,5,374,startFixPeriod,1766133912.1988852,1887.2056319713593,False
2531,5,374,TargetPresentation,1766133913.1077738,1888.1145205497742,False
2532,5,374,TargetDisplacement,1766133913.3297586,1888.3365037441254,True
2533,5,374,RightResponse,1766133913.9477923,1888.954538345337,False
2534,5,375,FeedbackPeriodStarted,1766133913.9751928,1888.9819395542145,False
2535,5,375,startFixDisplay,1766133913.975317,1888.9820606708527,False
2536,5,375,startFixPeriod,1766133914.4400704,1889.4468173980713,False
2537,5,375,TargetPresentation,1766133915.6267672,1890.6335141658783,False
2538,5,375,TargetDisplacement,1766133915.7932084,1890.7999546527863,True
2539,5,375,RightResponse,1766133916.4248996,1891.4316442012787,False
2540,5,376,FeedbackPeriodStarted,1766133916.4454782,1891.452224969864,False
2541,5,376,startFixDisplay,1766133916.4456165,1891.4523622989655,False
2542,5,376,startFixPeriod,1766133916.8964996,1891.9032444953918,False
2543,5,376,TargetPresentation,1766133917.7223608,1892.7291078567505,False
2544,5,376,TargetRemoval,1766133917.8956583,1892.9024024009705,True
2545,5,376,TargetReappeared,1766133918.1456347,1893.1523814201355,False
2546,5,376,RightResponse,1766133918.6385891,1893.6453351974487,False
2547,5,377,FeedbackPeriodStarted,1766133918.658911,1893.6656551361084,False
2548,5,377,startFixDisplay,1766133918.658977,1893.6657207012177,False
2549,5,377,startFixPeriod,1766133918.797895,1893.8046438694,False
2550,5,377,TargetPresentation,1766133919.6375594,1894.6443054676056,False
2551,5,377,TargetRemoval,1766133919.8247721,1894.831518650055,True
2552,5,377,TargetReappeared,1766133920.0745556,1895.0813002586365,False
2553,5,377,LeftResponse,1766133920.5744479,1895.5811932086945,False
2554,5,378,FeedbackPeriodStarted,1766133920.601975,1895.6087217330933,False
2555,5,378,startFixDisplay,1766133920.6021168,1895.6088621616364,False
2556,5,378,startFixPeriod,1766133920.7274683,1895.7342166900635,False
2557,5,378,TargetPresentation,1766133921.8095727,1896.8163194656372,False
2558,5,378,TargetDisplacement,1766133921.9827907,1896.9895372390747,True
2559,5,378,RightResponse,1766133922.704942,1897.711688041687,False
2560,5,378,FeedbackPeriodStarted,1766133922.7114322,1897.7181792259216,False
2561,5,379,startFixDisplay,1766133924.723711,1899.7304575443268,False
2562,5,379,startFixPeriod,1766133924.9388342,1899.94558095932,False
2563,5,379,TargetPresentation,1766133925.7507713,1900.7575180530548,False
2564,5,379,TargetDisplacement,1766133925.9311855,1900.9379320144653,True
2565,5,379,LeftResponse,1766133926.507522,1901.514267206192,False
2566,5,380,FeedbackPeriodStarted,1766133926.5348415,1901.541588306427,False
2567,5,380,startFixDisplay,1766133926.5349793,1901.5417246818542,False
2568,5,380,startFixPeriod,1766133926.8333006,1901.8400452136993,False
2569,5,380,TargetPresentation,1766133927.797796,1902.804543018341,False
2570,5,380,TargetDisplacement,1766133927.9851873,1902.9919347763062,True
2571,5,380,RightResponse,1766133928.5475898,1903.5543353557587,False
2572,5,381,FeedbackPeriodStarted,1766133928.5749934,1903.5817403793335,False
2573,5,381,startFixDisplay,1766133928.5751598,1903.5819056034088,False
2574,5,381,startFixPeriod,1766133929.1439655,1904.1507124900818,False
2575,5,381,TargetPresentation,1766133930.0668588,1905.073605298996,False
2576,5,381,TargetDisplacement,1766133930.2471588,1905.2539052963257,True
2577,5,381,LeftResponse,1766133930.8790967,1905.8858428001404,False
2578,5,382,FeedbackPeriodStarted,1766133930.8996727,1905.9064168930054,False
2579,5,382,startFixDisplay,1766133930.8997364,1905.9064800739288,False
2580,5,382,startFixPeriod,1766133931.1701868,1906.1769344806671,False
2581,5,382,TargetPresentation,1766133932.4122581,1907.4190049171448,False
2582,5,382,TargetRemoval,1766133932.5786269,1907.5853707790375,True
2583,5,382,TargetReappeared,1766133932.828536,1907.8352806568146,False
2584,5,382,LeftResponse,1766133933.2591348,1908.2658820152283,False
2585,5,383,FeedbackPeriodStarted,1766133933.2865171,1908.2932634353638,False
2586,5,383,startFixDisplay,1766133933.286643,1908.2933866977692,False
2587,5,383,startFixPeriod,1766133933.6266086,1908.6333549022675,False
2588,5,383,TargetPresentation,1766133934.7992806,1909.8060274124146,False
2589,5,383,TargetDisplacement,1766133934.958765,1909.9655117988586,True
2590,5,383,RightResponse,1766133935.6600776,1910.6668248176575,False
2591,5,384,FeedbackPeriodStarted,1766133935.6873982,1910.6941425800323,False
2592,5,384,startFixDisplay,1766133935.687461,1910.694204568863,False
2593,5,384,startFixPeriod,1766133935.8817964,1910.8885424137115,False
2594,5,384,TargetPresentation,1766133936.4091322,1911.4158792495728,False
2595,5,384,TargetDisplacement,1766133936.5963845,1911.603131532669,True
2596,5,384,LeftResponse,1766133937.2699165,1912.2766618728638,False
2597,5,384,FeedbackPeriodStarted,1766133937.2834847,1912.2902319431305,False
2598,5,385,startFixDisplay,1766133939.2957036,1914.3024499416351,False
2599,5,385,startFixPeriod,1766133939.7330215,1914.7397680282593,False
2600,5,385,TargetPresentation,1766133940.3575773,1915.3643231391907,False
2601,5,385,TargetDisplacement,1766133940.5516474,1915.5583939552307,True
2602,5,385,RightResponse,1766133941.2528393,1916.2595858573914,False
2603,5,386,FeedbackPeriodStarted,1766133941.2802775,1916.2870242595673,False
2604,5,386,startFixDisplay,1766133941.2804272,1916.2871730327606,False
2605,5,386,startFixPeriod,1766133941.5093322,1916.5160791873932,False
2606,5,386,TargetPresentation,1766133942.1686516,1917.175398349762,False
2607,5,386,TargetDisplacement,1766133942.3488407,1917.3555870056152,True
2608,5,386,LeftResponse,1766133943.1334224,1918.1401693820953,False
2609,5,387,FeedbackPeriodStarted,1766133943.1606529,1918.1673970222473,False
2610,5,387,startFixDisplay,1766133943.1607184,1918.1674618721008,False
2611,5,387,startFixPeriod,1766133943.3760183,1918.3827657699585,False
2612,5,387,TargetPresentation,1766133944.8540142,1919.860761165619,False
2613,5,387,TargetDisplacement,1766133945.0134435,1920.0201902389526,True
2614,5,387,LeftResponse,1766133945.6938019,1920.7005474567413,False
2615,5,388,FeedbackPeriodStarted,1766133945.721258,1920.728003025055,False
2616,5,388,startFixDisplay,1766133945.7213402,1920.7280843257904,False
2617,5,388,startFixPeriod,1766133945.9294314,1920.9361786842346,False
2618,5,388,TargetPresentation,1766133946.8594491,1921.866196155548,False
2619,5,388,TargetDisplacement,1766133947.0257726,1922.0325191020966,True
2620,5,388,LeftResponse,1766133947.9560208,1922.962767124176,False
2621,5,389,FeedbackPeriodStarted,1766133947.9834802,1922.9902293682098,False
2622,5,389,startFixDisplay,1766133947.9836287,1922.990374326706,False
2623,5,389,startFixPeriod,1766133948.5524585,1923.5592041015625,False
2624,5,389,TargetPresentation,1766133949.398958,1924.4057023525238,False
2625,5,389,TargetDisplacement,1766133949.4822707,1924.4890174865723,True
2626,5,389,RightResponse,1766133950.3639948,1925.3707411289215,False
2627,5,390,FeedbackPeriodStarted,1766133950.398174,1925.404920578003,False
2628,5,390,startFixDisplay,1766133950.3982692,1925.405012845993,False
2629,5,390,startFixPeriod,1766133950.8423686,1925.8491451740265,False
2630,5,390,TargetPresentation,1766133951.550065,1926.5568120479584,False
2631,5,390,TargetDisplacement,1766133951.688865,1926.6956124305725,True
2632,5,390,LeftResponse,1766133952.4245963,1927.4313411712646,False
2633,5,390,FeedbackPeriodStarted,1766133952.4312425,1927.437987089157,False
2634,5,391,startFixDisplay,1766133954.4435987,1929.4503455162048,False
2635,5,391,startFixPeriod,1766133954.6935234,1929.7002701759338,False
2636,5,391,TargetPresentation,1766133956.1645517,1931.171296596527,False
2637,5,391,TargetRemoval,1766133956.3586812,1931.3654251098633,True
2638,5,391,TargetReappeared,1766133956.6087337,1931.6154804229736,False
2639,5,391,LeftResponse,1766133957.150302,1932.1570482254028,False
2640,5,392,FeedbackPeriodStarted,1766133957.177601,1932.1843473911285,False
2641,5,392,startFixDisplay,1766133957.1777494,1932.1844935417175,False
2642,5,392,startFixPeriod,1766133957.3442063,1932.350953578949,False
2643,5,392,TargetPresentation,1766133958.6557357,1933.6624829769135,False
2644,5,392,TargetDisplacement,1766133958.8151796,1933.8219261169434,True
2645,5,392,RightResponse,1766133959.571903,1934.578649520874,False
2646,5,393,FeedbackPeriodStarted,1766133959.5992315,1934.6059758663177,False
2647,5,393,startFixDisplay,1766133959.5992928,1934.6060364246368,False
2648,5,393,startFixPeriod,1766133959.786675,1934.7934215068817,False
2649,5,393,TargetPresentation,1766133960.459868,1935.466614484787,False
2650,5,393,TargetDisplacement,1766133960.751194,1935.757940530777,True
2651,5,393,LeftResponse,1766133961.5704567,1936.5772030353546,False
2652,5,394,FeedbackPeriodStarted,1766133961.5978518,1936.604600429535,False
2653,5,394,startFixDisplay,1766133961.598005,1936.6047503948212,False
2654,5,394,startFixPeriod,1766133962.0904827,1937.0972273349762,False
2655,5,394,TargetPresentation,1766133963.1729264,1938.1796729564667,False
2656,5,394,TargetRemoval,1766133963.3464131,1938.3531603813171,True
2657,5,394,TargetReappeared,1766133963.596256,1938.6030011177063,False
2658,5,394,RightResponse,1766133964.220895,1939.2276394367218,False
2659,5,395,FeedbackPeriodStarted,1766133964.248512,1939.255258321762,False
2660,5,395,startFixDisplay,1766133964.2486544,1939.2553997039795,False
2661,5,395,startFixPeriod,1766133964.5954895,1939.602236032486,False
2662,5,395,TargetPresentation,1766133965.2407987,1940.247546195984,False
2663,5,395,TargetDisplacement,1766133965.4003456,1940.4070920944214,True
2664,5,395,RightResponse,1766133966.1432347,1941.1499814987183,False
2665,5,395,FeedbackPeriodStarted,1766133966.1845348,1941.1912817955017,False
2666,6,396,startFixDisplay,1766134029.0868618,2004.0936086177826,False
2667,6,396,startFixPeriod,1766134029.093773,2004.1005191802979,False
2668,6,396,TargetPresentation,1766134029.871081,2004.8778281211853,False
2669,6,396,TargetDisplacement,1766134030.0305355,2005.0372819900513,True
2670,6,396,LeftResponse,1766134030.7940447,2005.8007895946503,False
2671,6,397,FeedbackPeriodStarted,1766134030.814583,2005.8213272094727,False
2672,6,397,startFixDisplay,1766134030.8146942,2005.821438074112,False
2673,6,397,startFixPeriod,1766134030.9950778,2006.0018243789673,False
2674,6,397,TargetPresentation,1766134032.2442312,2007.25097823143,False
2675,6,397,TargetDisplacement,1766134032.4037957,2007.4105424880981,True
2676,6,397,LeftResponse,1766134033.0006368,2008.0073809623718,False
2677,6,398,FeedbackPeriodStarted,1766134033.0282495,2008.0349960327148,False
2678,6,398,startFixDisplay,1766134033.0283964,2008.0351421833038,False
2679,6,398,startFixPeriod,1766134033.278064,2008.2848105430603,False
2680,6,398,TargetPresentation,1766134034.4647148,2009.4714617729187,False
2681,6,398,TargetRemoval,1766134034.6519175,2009.6586639881134,True
2682,6,398,TargetReappeared,1766134034.9019048,2009.9086525440216,False
2683,6,398,RightResponse,1766134035.3462307,2010.3529770374298,False
2684,6,399,FeedbackPeriodStarted,1766134035.3736055,2010.3803520202637,False
2685,6,399,startFixDisplay,1766134035.373705,2010.3804485797882,False
2686,6,399,startFixPeriod,1766134035.685994,2010.6927409172058,False
2687,6,399,TargetPresentation,1766134036.483973,2011.490719795227,False
2688,6,399,TargetDisplacement,1766134036.6364875,2011.6432342529297,True
2689,6,399,RightResponse,1766134037.254515,2012.2612614631653,False
2690,6,400,FeedbackPeriodStarted,1766134037.2748132,2012.2815573215485,False
2691,6,400,startFixDisplay,1766134037.2748778,2012.2816214561462,False
2692,6,400,startFixPeriod,1766134037.6149955,2012.6217424869537,False
2693,6,400,TargetPresentation,1766134038.1770844,2013.1838340759277,False
2694,6,400,TargetDisplacement,1766134038.329513,2013.336256980896,True
2695,6,400,RightResponse,1766134039.1347618,2014.1415061950684,False
2696,6,401,FeedbackPeriodStarted,1766134039.162325,2014.169071674347,False
2697,6,401,startFixDisplay,1766134039.1624513,2014.169195175171,False
2698,6,401,startFixPeriod,1766134039.4607437,2014.4674887657166,False
2699,6,401,TargetPresentation,1766134040.4391565,2015.445903301239,False
2700,6,401,TargetRemoval,1766134040.6056395,2015.612385749817,True
2701,6,401,TargetReappeared,1766134040.8555179,2015.8622646331787,False
2702,6,401,LeftResponse,1766134041.383222,2016.3899681568146,False
2703,6,402,FeedbackPeriodStarted,1766134041.4105296,2016.4172747135162,False
2704,6,402,startFixDisplay,1766134041.4105997,2016.417343378067,False
2705,6,402,startFixPeriod,1766134041.6951635,2016.701910018921,False
2706,6,402,TargetPresentation,1766134042.9164178,2017.9231655597687,False
2707,6,402,TargetDisplacement,1766134043.069034,2018.0757806301117,True
2708,6,402,LeftResponse,1766134043.7424214,2018.7491669654846,False
2709,6,402,FeedbackPeriodStarted,1766134043.7490566,2018.755803346634,False
2710,6,403,startFixDisplay,1766134045.76134,2020.7680869102478,False
2711,6,403,startFixPeriod,1766134046.1430793,2021.1498262882233,False
2712,6,403,TargetPresentation,1766134046.9271505,2021.9338974952698,False
2713,6,403,TargetRemoval,1766134047.1144512,2022.1211955547333,True
2714,6,403,TargetReappeared,1766134047.3644505,2022.3711977005005,False
2715,6,403,RightResponse,1766134047.808744,2022.815489768982,False
2716,6,404,FeedbackPeriodStarted,1766134047.8430882,2022.8498346805573,False
2717,6,404,startFixDisplay,1766134047.8431976,2022.849941253662,False
2718,6,404,startFixPeriod,1766134048.3705707,2023.377317905426,False
2719,6,404,TargetPresentation,1766134049.6819208,2024.6886653900146,False
2720,6,404,TargetDisplacement,1766134049.862351,2024.8690969944,True
2721,6,404,LeftResponse,1766134050.549761,2025.5565068721771,False
2722,6,405,FeedbackPeriodStarted,1766134050.5771244,2025.5838708877563,False
2723,6,405,startFixDisplay,1766134050.577325,2025.58407330513,False
2724,6,405,startFixPeriod,1766134050.7852805,2025.7920274734497,False
2725,6,405,TargetPresentation,1766134052.228729,2027.2354762554169,False
2726,6,405,TargetRemoval,1766134052.4088092,2027.4155530929565,True
2727,6,405,TargetReappeared,1766134052.6587744,2027.6655192375183,False
2728,6,405,LeftResponse,1766134053.2420607,2028.2488067150116,False
2729,6,406,FeedbackPeriodStarted,1766134053.2694361,2028.2761828899384,False
2730,6,406,startFixDisplay,1766134053.269578,2028.2763233184814,False
2731,6,406,startFixPeriod,1766134053.526345,2028.5330908298492,False
2732,6,406,TargetPresentation,1766134054.345014,2029.3517606258392,False
2733,6,406,TargetDisplacement,1766134054.5183887,2029.5251359939575,True
2734,6,406,LeftResponse,1766134055.080801,2030.0875470638275,False
2735,6,407,FeedbackPeriodStarted,1766134055.1082392,2030.1149859428406,False
2736,6,407,startFixDisplay,1766134055.1084006,2030.1151471138,False
2737,6,407,startFixPeriod,1766134055.3027186,2030.3094654083252,False
2738,6,407,TargetPresentation,1766134056.3296454,2031.3363921642303,False
2739,6,407,TargetDisplacement,1766134056.4960277,2031.5027742385864,True
2740,6,407,RightResponse,1766134057.1138737,2032.1206181049347,False
2741,6,408,FeedbackPeriodStarted,1766134057.1413949,2032.148142337799,False
2742,6,408,startFixDisplay,1766134057.1414955,2032.1482393741608,False
2743,6,408,startFixPeriod,1766134057.6133509,2032.6200976371765,False
2744,6,408,TargetPresentation,1766134058.2864778,2033.2932260036469,False
2745,6,408,TargetRemoval,1766134058.4666827,2033.4734287261963,True
2746,6,408,TargetReappeared,1766134058.7166643,2033.7234108448029,False
2747,6,408,LeftResponse,1766134059.1609654,2034.167711019516,False
2748,6,408,FeedbackPeriodStarted,1766134059.167584,2034.1743307113647,False
2749,6,409,startFixDisplay,1766134061.1798954,2036.1866419315338,False
2750,6,409,startFixPeriod,1766134061.5338228,2036.540568113327,False
2751,6,409,TargetPresentation,1766134062.8175135,2037.824257850647,False
2752,6,409,TargetRemoval,1766134062.9840033,2037.9907495975494,True
2753,6,409,TargetReappeared,1766134063.2340648,2038.24081158638,False
2754,6,409,LeftResponse,1766134063.7965043,2038.8032717704773,False
2755,6,410,FeedbackPeriodStarted,1766134063.8237681,2038.83052110672,False
2756,6,410,startFixDisplay,1766134063.8239625,2038.8307085037231,False
2757,6,410,startFixPeriod,1766134064.122043,2039.1287896633148,False
2758,6,410,TargetPresentation,1766134065.4751732,2040.4819197654724,False
2759,6,410,TargetDisplacement,1766134065.6556754,2040.6624219417572,True
2760,6,410,LeftResponse,1766134066.342754,2041.3494985103607,False
2761,6,411,FeedbackPeriodStarted,1766134066.3772292,2041.383975982666,False
2762,6,411,startFixDisplay,1766134066.3773222,2041.3840658664703,False
2763,6,411,startFixPeriod,1766134066.869873,2041.8766186237335,False
2764,6,411,TargetPresentation,1766134067.4529,2042.4596486091614,False
2765,6,411,TargetDisplacement,1766134067.619273,2042.6260170936584,True
2766,6,411,RightResponse,1766134068.2441494,2043.250895500183,False
2767,6,412,FeedbackPeriodStarted,1766134068.2715538,2043.2782979011536,False
2768,6,412,startFixDisplay,1766134068.2716177,2043.2783613204956,False
2769,6,412,startFixPeriod,1766134068.7227175,2043.7294640541077,False
2770,6,412,TargetPresentation,1766134069.4860284,2044.4927752017975,False
2771,6,412,TargetDisplacement,1766134069.6524487,2044.6591951847076,True
2772,6,412,RightResponse,1766134070.2495456,2045.256291627884,False
2773,6,413,FeedbackPeriodStarted,1766134070.2770498,2045.283796787262,False
2774,6,413,startFixDisplay,1766134070.2771978,2045.2839431762695,False
2775,6,413,startFixPeriod,1766134070.8044124,2045.8111598491669,False
2776,6,413,TargetPresentation,1766134071.9354742,2046.9422211647034,False
2777,6,413,TargetDisplacement,1766134072.108873,2047.1156194210052,True
2778,6,413,RightResponse,1766134072.7614775,2047.7682237625122,False
2779,6,414,FeedbackPeriodStarted,1766134072.7890327,2047.795779466629,False
2780,6,414,startFixDisplay,1766134072.7891798,2047.7959253787994,False
2781,6,414,startFixPeriod,1766134073.260905,2048.267650604248,False
2782,6,414,TargetPresentation,1766134074.07262,2049.07936668396,False
2783,6,414,TargetDisplacement,1766134074.2460914,2049.2528376579285,True
2784,6,414,RightResponse,1766134074.8985581,2049.905303478241,False
2785,6,414,FeedbackPeriodStarted,1766134074.905385,2049.9121327400208,False
2786,6,415,startFixDisplay,1766134076.9176273,2051.9243738651276,False
2787,6,415,startFixPeriod,1766134077.202278,2052.2090241909027,False
2788,6,415,TargetPresentation,1766134078.451265,2053.4580104351044,False
2789,6,415,TargetDisplacement,1766134078.6177726,2053.6245193481445,True
2790,6,415,LeftResponse,1766134079.3396251,2054.34636926651,False
2791,6,416,FeedbackPeriodStarted,1766134079.3671358,2054.373882293701,False
2792,6,416,startFixDisplay,1766134079.3672814,2054.3740265369415,False
2793,6,416,startFixPeriod,1766134079.568453,2054.5751996040344,False
2794,6,416,TargetPresentation,1766134080.1720607,2055.1788074970245,False
2795,6,416,TargetDisplacement,1766134080.3455136,2055.3522617816925,True
2796,6,416,LeftResponse,1766134081.0050526,2056.0117979049683,False
2797,6,417,FeedbackPeriodStarted,1766134081.032516,2056.0392627716064,False
2798,6,417,startFixDisplay,1766134081.032657,2056.039402484894,False
2799,6,417,startFixPeriod,1766134081.2616234,2056.2683703899384,False
2800,6,417,TargetPresentation,1766134082.5590665,2057.565813779831,False
2801,6,417,TargetDisplacement,1766134082.7186306,2057.7253770828247,True
2802,6,417,LeftResponse,1766134083.5171611,2058.523907661438,False
2803,6,418,FeedbackPeriodStarted,1766134083.5443165,2058.5510606765747,False
2804,6,418,startFixDisplay,1766134083.5443895,2058.5511331558228,False
2805,6,418,startFixPeriod,1766134083.9194047,2058.9261527061462,False
2806,6,418,TargetPresentation,1766134085.1404133,2060.1471602916718,False
2807,6,418,TargetRemoval,1766134085.3207583,2060.327504634857,True
2808,6,418,TargetReappeared,1766134085.570606,2060.577353000641,False
2809,6,418,RightResponse,1766134086.403782,2061.4105269908905,False
2810,6,419,FeedbackPeriodStarted,1766134086.431067,2061.4378113746643,False
2811,6,419,startFixDisplay,1766134086.4311442,2061.437887907028,False
2812,6,419,startFixPeriod,1766134086.7781453,2061.7848925590515,False
2813,6,419,TargetPresentation,1766134088.1728292,2063.179575920105,False
2814,6,419,TargetDisplacement,1766134088.4087908,2063.415537595749,True
2815,6,419,RightResponse,1766134089.4568682,2064.463613510132,False
2816,6,420,FeedbackPeriodStarted,1766134089.4912088,2064.4979553222656,False
2817,6,420,startFixDisplay,1766134089.4913392,2064.498084783554,False
2818,6,420,startFixPeriod,1766134089.8589308,2064.865676164627,False
2819,6,420,TargetPresentation,1766134090.3586712,2065.3654170036316,False
2820,6,420,TargetRemoval,1766134090.5528665,2065.5596129894257,True
2821,6,420,TargetReappeared,1766134090.8026512,2065.809398174286,False
2822,6,420,RightResponse,1766134091.205513,2066.212257862091,False
2823,6,420,FeedbackPeriodStarted,1766134091.2120588,2066.218805551529,False
2824,6,421,startFixDisplay,1766134093.2243667,2068.2311267852783,False
2825,6,421,startFixPeriod,1766134093.4742908,2068.481038093567,False
2826,6,421,TargetPresentation,1766134094.6609058,2069.6676535606384,False
2827,6,421,TargetDisplacement,1766134094.8411915,2069.847937822342,True
2828,6,421,LeftResponse,1766134095.5632682,2070.5700142383575,False
2829,6,422,FeedbackPeriodStarted,1766134095.5906067,2070.597353219986,False
2830,6,422,startFixDisplay,1766134095.5907326,2070.597477912903,False
2831,6,422,startFixPeriod,1766134095.8404655,2070.8472125530243,False
2832,6,422,TargetPresentation,1766134096.964458,2071.971203327179,False
2833,6,422,TargetDisplacement,1766134097.1517322,2072.1584763526917,True
2834,6,422,RightResponse,1766134097.9154985,2072.9222440719604,False
2835,6,423,FeedbackPeriodStarted,1766134097.9429507,2072.9496972560883,False
2836,6,423,startFixDisplay,1766134097.94315,2072.9498960971832,False
2837,6,423,startFixPeriod,1766134098.1443584,2073.1511051654816,False
2838,6,423,TargetPresentation,1766134099.240699,2074.247445821762,False
2839,6,423,TargetDisplacement,1766134099.4140077,2074.420753955841,True
2840,6,423,RightResponse,1766134100.149952,2075.1566977500916,False
2841,6,424,FeedbackPeriodStarted,1766134100.1772988,2075.1840455532074,False
2842,6,424,startFixDisplay,1766134100.1774702,2075.184215784073,False
2843,6,424,startFixPeriod,1766134100.5937488,2075.6004955768585,False
2844,6,424,TargetPresentation,1766134101.7039933,2076.710740327835,False
2845,6,424,TargetDisplacement,1766134101.856441,2076.8631851673126,True
2846,6,424,LeftResponse,1766134102.4607346,2077.4674808979034,False
2847,6,425,FeedbackPeriodStarted,1766134102.4879868,2077.4947333335876,False
2848,6,425,startFixDisplay,1766134102.4881124,2077.494857788086,False
2849,6,425,startFixPeriod,1766134102.9321582,2077.938905239105,False
2850,6,425,TargetPresentation,1766134103.4526055,2078.459352493286,False
2851,6,425,TargetRemoval,1766134103.709317,2078.7160634994507,True
2852,6,425,TargetReappeared,1766134103.9591854,2078.9659452438354,False
2853,6,425,LeftResponse,1766134104.5146365,2079.5213825702667,False
2854,6,426,FeedbackPeriodStarted,1766134104.5419412,2079.5486879348755,False
2855,6,426,startFixDisplay,1766134104.5420802,2079.5488255023956,False
2856,6,426,startFixPeriod,1766134104.67404,2079.680788040161,False
2857,6,426,TargetPresentation,1766134105.1873362,2080.194082736969,False
2858,6,426,TargetDisplacement,1766134105.3606982,2080.3674445152283,True
2859,6,426,RightResponse,1766134106.0897343,2081.096480369568,False
2860,6,426,FeedbackPeriodStarted,1766134106.0964308,2081.1031782627106,False
2861,6,427,startFixDisplay,1766134108.108491,2083.1152350902557,False
2862,6,427,startFixPeriod,1766134108.1155303,2083.122276544571,False
2863,6,427,TargetPresentation,1766134108.8580976,2083.864844560623,False
2864,6,427,TargetDisplacement,1766134109.0106647,2084.017410993576,True
2865,6,427,LeftResponse,1766134109.635429,2084.64217376709,False
2866,6,428,FeedbackPeriodStarted,1766134109.6629512,2084.669697999954,False
2867,6,428,startFixDisplay,1766134109.6631515,2084.6698994636536,False
2868,6,428,startFixPeriod,1766134110.0168655,2085.0236110687256,False
2869,6,428,TargetPresentation,1766134111.161852,2086.1685972213745,False
2870,6,428,TargetRemoval,1766134111.3144405,2086.321187019348,True
2871,6,428,TargetReappeared,1766134111.5643225,2086.571069717407,False
2872,6,428,RightResponse,1766134112.0502985,2087.05704331398,False
2873,6,429,FeedbackPeriodStarted,1766134112.0777159,2087.0844600200653,False
2874,6,429,startFixDisplay,1766134112.077775,2087.0845186710358,False
2875,6,429,startFixPeriod,1766134112.3832116,2087.3899586200714,False
2876,6,429,TargetPresentation,1766134113.5835783,2088.5903248786926,False
2877,6,429,TargetDisplacement,1766134113.7431445,2088.749892950058,True
2878,6,429,LeftResponse,1766134114.374894,2089.3816401958466,False
2879,6,430,FeedbackPeriodStarted,1766134114.4023418,2089.409088373184,False
2880,6,430,startFixDisplay,1766134114.402535,2089.409278869629,False
2881,6,430,startFixPeriod,1766134114.6036007,2089.6103472709656,False
2882,6,430,TargetPresentation,1766134116.005302,2091.012048959732,False
2883,6,430,TargetRemoval,1766134116.1578481,2091.16459441185,True
2884,6,430,TargetReappeared,1766134116.4077506,2091.4144978523254,False
2885,6,430,RightResponse,1766134116.8588521,2091.8655965328217,False
2886,6,431,FeedbackPeriodStarted,1766134116.8864396,2091.8931839466095,False
2887,6,431,startFixDisplay,1766134116.886559,2091.8933029174805,False
2888,6,431,startFixPeriod,1766134117.0599597,2092.0667061805725,False
2889,6,431,TargetPresentation,1766134117.7817044,2092.788449525833,False
2890,6,431,TargetDisplacement,1766134117.9551194,2092.9618656635284,True
2891,6,431,RightResponse,1766134118.912834,2093.919578075409,False
2892,6,432,FeedbackPeriodStarted,1766134118.9404833,2093.947229862213,False
2893,6,432,startFixDisplay,1766134118.9405901,2093.9473338127136,False
2894,6,432,startFixPeriod,1766134119.3498776,2094.35662317276,False
2895,6,432,TargetPresentation,1766134120.5435257,2095.550272703171,False
2896,6,432,TargetDisplacement,1766134120.695981,2095.7027275562286,True
2897,6,432,LeftResponse,1766134121.4181023,2096.424849510193,False
2898,6,432,FeedbackPeriodStarted,1766134121.4246922,2096.4314391613007,False
2899,6,433,startFixDisplay,1766134123.4368026,2098.443546772003,False
2900,6,433,startFixPeriod,1766134123.8396928,2098.8464398384094,False
2901,6,433,TargetPresentation,1766134124.804017,2099.810763835907,False
2902,6,433,TargetRemoval,1766134124.9773395,2099.9840834140778,True
2903,6,433,TargetReappeared,1766134125.2272913,2100.2340364456177,False
2904,6,433,RightResponse,1766134125.8174465,2100.824192762375,False
2905,6,434,FeedbackPeriodStarted,1766134125.8447542,2100.851498365402,False
2906,6,434,startFixDisplay,1766134125.844816,2100.851559638977,False
2907,6,434,startFixPeriod,1766134126.4207594,2101.42750620842,False
2908,6,434,TargetPresentation,1766134127.635157,2102.641905784607,False
2909,6,434,TargetRemoval,1766134127.780758,2102.7875044345856,True
2910,6,434,TargetReappeared,1766134128.0306346,2103.0373814105988,False
2911,6,434,RightResponse,1766134128.4749954,2103.4817414283752,False
2912,6,435,FeedbackPeriodStarted,1766134128.5024667,2103.509213447571,False
2913,6,435,startFixDisplay,1766134128.502609,2103.5093545913696,False
2914,6,435,startFixPeriod,1766134128.6828935,2103.689640522003,False
2915,6,435,TargetPresentation,1766134129.3489985,2104.3557453155518,False
2916,6,435,TargetDisplacement,1766134129.5224376,2104.529184103012,True
2917,6,435,LeftResponse,1766134130.195968,2105.202726840973,False
2918,6,436,FeedbackPeriodStarted,1766134130.2233899,2105.2301387786865,False
2919,6,436,startFixDisplay,1766134130.223532,2105.230277776718,False
2920,6,436,startFixPeriod,1766134130.7992005,2105.8059458732605,False
2921,6,436,TargetPresentation,1766134132.2494648,2107.25621008873,False
2922,6,436,TargetDisplacement,1766134132.4298985,2107.4366450309753,True
2923,6,436,RightResponse,1766134133.1864412,2108.1931853294373,False
2924,6,437,FeedbackPeriodStarted,1766134133.2072577,2108.2140045166016,False
2925,6,437,startFixDisplay,1766134133.2074368,2108.2141828536987,False
2926,6,437,startFixPeriod,1766134134.1161368,2109.122883081436,False
2927,6,437,TargetPresentation,1766134135.2264638,2110.233210325241,False
2928,6,437,TargetDisplacement,1766134135.3997934,2110.406537771225,True
2929,6,437,RightResponse,1766134136.0384808,2111.0452246665955,False
2930,6,438,FeedbackPeriodStarted,1766134136.058952,2111.06569647789,False
2931,6,438,startFixDisplay,1766134136.059014,2111.065757751465,False
2932,6,438,startFixPeriod,1766134136.2603295,2111.2670743465424,False
2933,6,438,TargetPresentation,1766134136.794622,2111.801367044449,False
2934,6,438,TargetDisplacement,1766134136.9750323,2111.9817786216736,True
2935,6,438,LeftResponse,1766134137.7248535,2112.7315986156464,False
2936,6,438,FeedbackPeriodStarted,1766134137.7314055,2112.7381525039673,False
2937,6,439,startFixDisplay,1766134139.7436836,2114.750429868698,False
2938,6,439,startFixPeriod,1766134139.750648,2114.7573964595795,False
2939,6,439,TargetPresentation,1766134141.1384258,2116.145173072815,False
2940,6,439,TargetDisplacement,1766134141.3325715,2116.3393154144287,True
2941,6,439,RightResponse,1766134142.172682,2117.1794283390045,False
2942,6,440,FeedbackPeriodStarted,1766134142.2069454,2117.213689804077,False
2943,6,440,startFixDisplay,1766134142.2070072,2117.2137508392334,False
2944,6,440,startFixPeriod,1766134142.3945603,2117.401307106018,False
2945,6,440,TargetPresentation,1766134143.7267678,2118.733513355255,False
2946,6,440,TargetDisplacement,1766134143.886239,2118.8929829597473,True
2947,6,440,LeftResponse,1766134144.587503,2119.594249486923,False
2948,6,441,FeedbackPeriodStarted,1766134144.6148841,2119.62163066864,False
2949,6,441,startFixDisplay,1766134144.6150641,2119.6218118667603,False
2950,6,441,startFixPeriod,1766134144.975713,2119.9824595451355,False
2951,6,441,TargetPresentation,1766134146.1415234,2121.1482694149017,False
2952,6,441,TargetDisplacement,1766134146.2732704,2121.2800166606903,True
2953,6,441,RightResponse,1766134147.0436645,2122.0504083633423,False
2954,6,442,FeedbackPeriodStarted,1766134147.071333,2122.0780770778656,False
2955,6,442,startFixDisplay,1766134147.0714033,2122.078147172928,False
2956,6,442,startFixPeriod,1766134147.2519166,2122.2586631774902,False
2957,6,442,TargetPresentation,1766134148.389803,2123.396547317505,False
2958,6,442,TargetDisplacement,1766134148.6118472,2123.618593931198,True
2959,6,442,LeftResponse,1766134149.2922277,2124.2989749908447,False
2960,6,443,FeedbackPeriodStarted,1766134149.3194988,2124.3262436389923,False
2961,6,443,startFixDisplay,1766134149.3195856,2124.326329946518,False
2962,6,443,startFixPeriod,1766134149.6805298,2124.6872754096985,False
2963,6,443,TargetPresentation,1766134150.277207,2125.283953666687,False
2964,6,443,TargetDisplacement,1766134150.7905903,2125.797336578369,True
2965,6,443,RightResponse,1766134151.0893838,2126.096129179001,False
2966,6,444,FeedbackPeriodStarted,1766134151.1167526,2126.1234970092773,False
2967,6,444,startFixDisplay,1766134151.1168144,2126.1235580444336,False
2968,6,444,startFixPeriod,1766134151.5262322,2126.5329790115356,False
2969,6,444,TargetPresentation,1766134152.4838893,2127.49063706398,False
2970,6,444,TargetDisplacement,1766134152.643323,2127.6500668525696,True
2971,6,444,LeftResponse,1766134153.7193036,2128.726049900055,False
2972,6,444,FeedbackPeriodStarted,1766134153.7257833,2128.7325286865234,False
2973,6,445,startFixDisplay,1766134155.7381327,2130.7448790073395,False
2974,6,445,startFixPeriod,1766134156.0227861,2131.029533147812,False
2975,6,445,TargetPresentation,1766134156.6263628,2131.6331095695496,False
2976,6,445,TargetDisplacement,1766134156.8344965,2131.8412432670593,True
2977,6,445,LeftResponse,1766134157.653778,2132.660522699356,False
2978,6,446,FeedbackPeriodStarted,1766134157.68109,2132.6878366470337,False
2979,6,446,startFixDisplay,1766134157.681251,2132.687999486923,False
2980,6,446,startFixPeriod,1766134158.2154808,2133.2222270965576,False
2981,6,446,TargetPresentation,1766134159.4991207,2134.5058677196503,False
2982,6,446,TargetDisplacement,1766134159.9362364,2134.9429829120636,True
2983,6,446,LeftResponse,1766134160.5056202,2135.5123660564423,False
2984,6,447,FeedbackPeriodStarted,1766134160.5331511,2135.5398983955383,False
2985,6,447,startFixDisplay,1766134160.533299,2135.5400445461273,False
2986,6,447,startFixPeriod,1766134160.741287,2135.7480335235596,False
2987,6,447,TargetPresentation,1766134162.0179825,2137.0247292518616,False
2988,6,447,TargetDisplacement,1766134162.1774783,2137.184222459793,True
2989,6,447,RightResponse,1766134163.1632485,2138.169994831085,False
2990,6,448,FeedbackPeriodStarted,1766134163.1907868,2138.1975343227386,False
2991,6,448,startFixDisplay,1766134163.1909387,2138.1976840496063,False
2992,6,448,startFixPeriod,1766134163.3988996,2138.405646085739,False
2993,6,448,TargetPresentation,1766134163.9193895,2138.9261362552643,False
2994,6,448,TargetRemoval,1766134164.1413653,2139.148111343384,True
2995,6,448,TargetReappeared,1766134164.391201,2139.3979477882385,False
2996,6,448,RightResponse,1766134164.9744065,2139.9811522960663,False
2997,6,449,FeedbackPeriodStarted,1766134165.008797,2140.015545606613,False
2998,6,449,startFixDisplay,1766134165.0089993,2140.0157465934753,False
2999,6,449,startFixPeriod,1766134165.3835187,2140.3902649879456,False
3000,6,449,TargetPresentation,1766134166.4104621,2141.4172098636627,False
3001,6,449,TargetDisplacement,1766134166.5769064,2141.5836532115936,True
3002,6,449,LeftResponse,1766134167.4517386,2142.458483695984,False
3003,6,450,FeedbackPeriodStarted,1766134167.4929264,2142.499671459198,False
3004,6,450,startFixDisplay,1766134167.4930158,2142.4997601509094,False
3005,6,450,startFixPeriod,1766134167.7149277,2142.7216742038727,False
3006,6,450,TargetPresentation,1766134168.395172,2143.4019191265106,False
3007,6,450,TargetDisplacement,1766134168.6447592,2143.651505947113,True
3008,6,450,RightResponse,1766134169.4292264,2144.4359726905823,False
3009,6,450,FeedbackPeriodStarted,1766134169.4358177,2144.4425642490387,False
3010,6,451,startFixDisplay,1766134171.4481847,2146.4549317359924,False
3011,6,451,startFixPeriod,1766134171.7188227,2146.7255671024323,False
3012,6,451,TargetPresentation,1766134172.225309,2147.2320551872253,False
3013,6,451,TargetDisplacement,1766134172.4265099,2147.433256149292,True
3014,6,451,RightResponse,1766134173.5236533,2148.5303978919983,False
3015,6,452,FeedbackPeriodStarted,1766134173.5506272,2148.5573716163635,False
3016,6,452,startFixDisplay,1766134173.5506868,2148.557430267334,False
3017,6,452,startFixPeriod,1766134173.9671886,2148.973935365677,False
3018,6,452,TargetPresentation,1766134174.688745,2149.695491552353,False
3019,6,452,TargetRemoval,1766134174.841279,2149.848025560379,True
3020,6,452,TargetReappeared,1766134175.0912635,2150.0980112552643,False
3021,6,452,RightResponse,1766134175.5771103,2150.5838556289673,False
3022,6,453,FeedbackPeriodStarted,1766134175.6046336,2150.611380338669,False
3023,6,453,startFixDisplay,1766134175.6047719,2150.611517429352,False
3024,6,453,startFixPeriod,1766134176.166837,2151.173583507538,False
3025,6,453,TargetPresentation,1766134177.2284355,2152.235182762146,False
3026,6,453,TargetRemoval,1766134177.3879051,2152.3946511745453,True
3027,6,453,TargetReappeared,1766134177.6378205,2152.6445672512054,False
3028,6,453,LeftResponse,1766134178.1930501,2153.199794769287,False
3029,6,454,FeedbackPeriodStarted,1766134178.2206564,2153.22740316391,False
3030,6,454,startFixDisplay,1766134178.2207966,2153.22754240036,False
3031,6,454,startFixPeriod,1766134178.3526316,2153.3593776226044,False
3032,6,454,TargetPresentation,1766134179.344838,2154.351583480835,False
3033,6,454,TargetDisplacement,1766134179.4973888,2154.504135608673,True
3034,6,454,RightResponse,1766134180.5318108,2155.538556575775,False
3035,6,455,FeedbackPeriodStarted,1766134180.559113,2155.5658597946167,False
3036,6,455,startFixDisplay,1766134180.5592546,2155.565999984741,False
3037,6,455,startFixPeriod,1766134181.044936,2156.0516822338104,False
3038,6,455,TargetPresentation,1766134182.4812784,2157.488025188446,False
3039,6,455,TargetDisplacement,1766134182.6754715,2157.6822180747986,True
3040,6,455,RightResponse,1766134183.4252734,2158.4320197105408,False
3041,6,456,FeedbackPeriodStarted,1766134183.4527183,2158.4594628810883,False
3042,6,456,startFixDisplay,1766134183.4527812,2158.4595251083374,False
3043,6,456,startFixPeriod,1766134184.0008814,2159.0076258182526,False
3044,6,456,TargetPresentation,1766134185.4304397,2160.437186717987,False
3045,6,456,TargetRemoval,1766134185.6384432,2160.645189523697,True
3046,6,456,TargetReappeared,1766134185.8883045,2160.8950493335724,False
3047,6,456,RightResponse,1766134186.353538,2161.360284090042,False
3048,6,456,FeedbackPeriodStarted,1766134186.360128,2161.366874933243,False
3049,6,457,startFixDisplay,1766134188.3723114,2163.3790555000305,False
3050,6,457,startFixPeriod,1766134188.8027859,2163.80953168869,False
3051,6,457,TargetPresentation,1766134189.4619257,2164.4686708450317,False
3052,6,457,TargetRemoval,1766134189.6491816,2164.655928134918,True
3053,6,457,TargetReappeared,1766134189.8991578,2164.9059047698975,False
3054,6,457,RightResponse,1766134190.440762,2165.447507381439,False
3055,6,458,FeedbackPeriodStarted,1766134190.468092,2165.474838733673,False
3056,6,458,startFixDisplay,1766134190.4682355,2165.4749813079834,False
3057,6,458,startFixPeriod,1766134190.9192083,2165.9259548187256,False
3058,6,458,TargetPresentation,1766134191.9392574,2166.9460043907166,False
3059,6,458,TargetDisplacement,1766134192.0986726,2167.105418920517,True
3060,6,458,LeftResponse,1766134192.7928574,2167.7996022701263,False
3061,6,459,FeedbackPeriodStarted,1766134192.820443,2167.8271918296814,False
3062,6,459,startFixDisplay,1766134192.82059,2167.8273355960846,False
3063,6,459,startFixPeriod,1766134193.0079439,2168.0146906375885,False
3064,6,459,TargetPresentation,1766134194.0209186,2169.027664422989,False
3065,6,459,TargetRemoval,1766134194.1874564,2169.1942031383514,True
3066,6,459,TargetReappeared,1766134194.437233,2169.443979740143,False
3067,6,459,RightResponse,1766134194.8888507,2169.895597219467,False
3068,6,460,FeedbackPeriodStarted,1766134194.9229116,2169.9296593666077,False
3069,6,460,startFixDisplay,1766134194.923059,2169.9298045635223,False
3070,6,460,startFixPeriod,1766134195.3393102,2170.3460569381714,False
3071,6,460,TargetPresentation,1766134196.643804,2171.6505496501923,False
3072,6,460,TargetDisplacement,1766134196.8102689,2171.8170154094696,True
3073,6,460,RightResponse,1766134197.5253556,2172.532100200653,False
3074,6,461,FeedbackPeriodStarted,1766134197.5528276,2172.559574365616,False
3075,6,461,startFixDisplay,1766134197.5529695,2172.5597150325775,False
3076,6,461,startFixPeriod,1766134197.9276567,2172.934403181076,False
3077,6,461,TargetPresentation,1766134198.434115,2173.4408617019653,False
3078,6,461,TargetDisplacement,1766134198.6560595,2173.662805557251,True
3079,6,461,RightResponse,1766134199.3641949,2174.3709399700165,False
3080,6,461,FeedbackPeriodStarted,1766134199.412472,2174.4192163944244,False
3081,7,462,startFixDisplay,1766134328.180061,2303.1868052482605,False
3082,7,462,startFixPeriod,1766134328.3955326,2303.402279615402,False
3083,7,462,TargetPresentation,1766134328.9920335,2303.9987800121307,False
3084,7,462,TargetDisplacement,1766134329.165482,2304.1722283363342,True
3085,7,462,FeedbackPeriodStarted,1766134331.1709027,2306.1776497364044,False
3086,7,463,startFixDisplay,1766134331.6842642,2306.6910083293915,False
3087,7,463,startFixPeriod,1766134331.8925724,2306.8993191719055,False
3088,7,463,TargetPresentation,1766134333.3150759,2308.32182097435,False
3089,7,463,TargetRemoval,1766134333.4676487,2308.47439289093,True
3090,7,463,TargetReappeared,1766134333.7176993,2308.7244460582733,False
3091,7,463,LeftResponse,1766134334.2105439,2309.21728849411,False
3092,7,464,FeedbackPeriodStarted,1766134334.237921,2309.2446660995483,False
3093,7,464,startFixDisplay,1766134334.237983,2309.2447266578674,False
3094,7,464,startFixPeriod,1766134334.4393091,2309.446056127548,False
3095,7,464,TargetPresentation,1766134335.7299345,2310.7366795539856,False
3096,7,464,TargetDisplacement,1766134335.7369485,2310.7436950206757,True
3097,7,464,LeftResponse,1766134336.4310539,2311.4377994537354,False
3098,7,465,FeedbackPeriodStarted,1766134336.4584937,2311.465240240097,False
3099,7,465,startFixDisplay,1766134336.458635,2311.4653804302216,False
3100,7,465,startFixPeriod,1766134336.8818183,2311.8885641098022,False
3101,7,465,TargetPresentation,1766134338.0962195,2313.1029663085938,False
3102,7,465,TargetDisplacement,1766134338.103175,2313.109922647476,True
3103,7,465,LeftResponse,1766134338.7486248,2313.7553691864014,False
3104,7,466,FeedbackPeriodStarted,1766134338.7761037,2313.7828505039215,False
3105,7,466,startFixDisplay,1766134338.776233,2313.78297829628,False
3106,7,466,startFixPeriod,1766134338.9704757,2313.977222442627,False
3107,7,466,TargetPresentation,1766134340.302743,2315.309489965439,False
3108,7,466,TargetDisplacement,1766134340.462231,2315.4689774513245,True
3109,7,466,LeftResponse,1766134341.0249228,2316.0316681861877,False
3110,7,467,FeedbackPeriodStarted,1766134341.0521061,2316.058852672577,False
3111,7,467,startFixDisplay,1766134341.0522444,2316.0589900016785,False
3112,7,467,startFixPeriod,1766134341.2326555,2316.239400625229,False
3113,7,467,TargetPresentation,1766134342.266559,2317.273303747177,False
3114,7,467,TargetDisplacement,1766134342.4121056,2317.418852329254,True
3115,7,467,RightResponse,1766134343.0995202,2318.1062812805176,False
3116,7,468,FeedbackPeriodStarted,1766134343.1268137,2318.133558034897,False
3117,7,468,startFixDisplay,1766134343.1268785,2318.1336221694946,False
3118,7,468,startFixPeriod,1766134343.3490186,2318.3557648658752,False
3119,7,468,TargetPresentation,1766134343.966571,2318.973317861557,False
3120,7,468,TargetDisplacement,1766134344.13298,2319.139726638794,True
3121,7,468,RightResponse,1766134344.8272421,2319.833988428116,False
3122,7,468,FeedbackPeriodStarted,1766134344.8409052,2319.84764957428,False
3123,7,469,startFixDisplay,1766134346.853171,2321.859918117523,False
3124,7,469,startFixPeriod,1766134347.1446385,2322.151385307312,False
3125,7,469,TargetPresentation,1766134348.3797898,2323.3865354061127,False
3126,7,469,TargetDisplacement,1766134348.5531433,2323.5598895549774,True
3127,7,469,RightResponse,1766134349.1503394,2324.1570856571198,False
3128,7,470,FeedbackPeriodStarted,1766134349.177723,2324.184469938278,False
3129,7,470,startFixDisplay,1766134349.1778638,2324.1846096515656,False
3130,7,470,startFixPeriod,1766134349.3720655,2324.37881231308,False
3131,7,470,TargetPresentation,1766134349.892537,2324.8992829322815,False
3132,7,470,TargetRemoval,1766134350.0589144,2325.065660715103,True
3133,7,470,TargetReappeared,1766134350.3088393,2325.315586090088,False
3134,7,470,RightResponse,1766134350.6838522,2325.6905970573425,False
3135,7,471,FeedbackPeriodStarted,1766134350.7112513,2325.7179975509644,False
3136,7,471,startFixDisplay,1766134350.7114213,2325.7181673049927,False
3137,7,471,startFixPeriod,1766134350.9057553,2325.912500858307,False
3138,7,471,TargetPresentation,1766134352.1407528,2327.1474981307983,False
3139,7,471,TargetRemoval,1766134352.2101655,2327.216912508011,True
3140,7,471,TargetReappeared,1766134352.459962,2327.4667077064514,False
3141,7,471,RightResponse,1766134353.0916016,2328.0983469486237,False
3142,7,472,FeedbackPeriodStarted,1766134353.1190672,2328.1258137226105,False
3143,7,472,startFixDisplay,1766134353.119267,2328.126013278961,False
3144,7,472,startFixPeriod,1766134353.4036555,2328.410400867462,False
3145,7,472,TargetPresentation,1766134354.8677673,2329.874512195587,False
3146,7,472,TargetDisplacement,1766134355.0550246,2330.0617711544037,True
3147,7,472,LeftResponse,1766134355.6104872,2330.617232322693,False
3148,7,473,FeedbackPeriodStarted,1766134355.637975,2330.6447217464447,False
3149,7,473,startFixDisplay,1766134355.638115,2330.644860267639,False
3150,7,473,startFixPeriod,1766134355.8184853,2330.825231075287,False
3151,7,473,TargetPresentation,1766134356.998114,2332.0048611164093,False
3152,7,473,TargetRemoval,1766134357.1088815,2332.1156253814697,True
3153,7,473,TargetReappeared,1766134357.358843,2332.3655891418457,False
3154,7,473,RightResponse,1766134357.8865995,2332.8933453559875,False
3155,7,474,FeedbackPeriodStarted,1766134357.913984,2332.920728445053,False
3156,7,474,startFixDisplay,1766134357.9140391,2332.920782804489,False
3157,7,474,startFixPeriod,1766134358.1152513,2333.121998310089,False
3158,7,474,TargetPresentation,1766134359.4476144,2334.45436167717,False
3159,7,474,TargetDisplacement,1766134359.5862153,2334.592961549759,True
3160,7,474,LeftResponse,1766134360.2945151,2335.3012614250183,False
3161,7,474,FeedbackPeriodStarted,1766134360.3010976,2335.307844400406,False
3162,7,475,startFixDisplay,1766134362.3133032,2337.3200495243073,False
3163,7,475,startFixPeriod,1766134362.3200948,2337.3268387317657,False
3164,7,475,TargetPresentation,1766134363.6040647,2338.610810995102,False
3165,7,475,TargetRemoval,1766134363.7565756,2338.763321876526,True
3166,7,475,TargetReappeared,1766134364.0065346,2339.013280391693,False
3167,7,475,LeftResponse,1766134364.5546927,2339.561436891556,False
3168,7,476,FeedbackPeriodStarted,1766134364.5824146,2339.5891621112823,False
3169,7,476,startFixDisplay,1766134364.5827656,2339.5895116329193,False
3170,7,476,startFixPeriod,1766134364.9015934,2339.9083392620087,False
3171,7,476,TargetPresentation,1766134365.9770632,2340.9838075637817,False
3172,7,476,TargetDisplacement,1766134365.9840033,2340.990747690201,True
3173,7,476,RightResponse,1766134366.8100157,2341.8167605400085,False
3174,7,477,FeedbackPeriodStarted,1766134366.8376734,2341.8444221019745,False
3175,7,477,startFixDisplay,1766134366.837813,2341.8445587158203,False
3176,7,477,startFixPeriod,1766134367.059655,2342.0664014816284,False
3177,7,477,TargetPresentation,1766134368.2462676,2343.2530143260956,False
3178,7,477,TargetRemoval,1766134368.4127312,2343.4194750785828,True
3179,7,477,TargetReappeared,1766134368.6625369,2343.6692821979523,False
3180,7,477,RightResponse,1766134369.2041004,2344.210846424103,False
3181,7,478,FeedbackPeriodStarted,1766134369.2315183,2344.238264799118,False
3182,7,478,startFixDisplay,1766134369.2316558,2344.238401412964,False
3183,7,478,startFixPeriod,1766134369.5716558,2344.578402519226,False
3184,7,478,TargetPresentation,1766134370.175349,2345.1820969581604,False
3185,7,478,TargetRemoval,1766134370.3556063,2345.3623526096344,True
3186,7,478,TargetReappeared,1766134370.6055372,2345.612284421921,False
3187,7,478,LeftResponse,1766134371.0707004,2346.077446460724,False
3188,7,479,FeedbackPeriodStarted,1766134371.098014,2346.104758501053,False
3189,7,479,startFixDisplay,1766134371.098074,2346.1048176288605,False
3190,7,479,startFixPeriod,1766134371.2855914,2346.292337179184,False
3191,7,479,TargetPresentation,1766134372.7358668,2347.742614507675,False
3192,7,479,TargetDisplacement,1766134372.9161093,2347.9228558540344,True
3193,7,479,RightResponse,1766134373.582715,2348.5894610881805,False
3194,7,480,FeedbackPeriodStarted,1766134373.6103961,2348.6171460151672,False
3195,7,480,startFixDisplay,1766134373.610559,2348.6173050403595,False
3196,7,480,startFixPeriod,1766134373.7836504,2348.7903974056244,False
3197,7,480,TargetPresentation,1766134374.664807,2349.6715517044067,False
3198,7,480,TargetRemoval,1766134374.8383007,2349.8450469970703,True
3199,7,480,TargetReappeared,1766134375.0881596,2350.0949063301086,False
3200,7,480,RightResponse,1766134375.6851394,2350.691885471344,False
3201,7,480,FeedbackPeriodStarted,1766134375.69177,2350.6985170841217,False
3202,7,481,startFixDisplay,1766134377.7109828,2352.717729330063,False
3203,7,481,startFixPeriod,1766134377.7180703,2352.724816799164,False
3204,7,481,TargetPresentation,1766134378.7797315,2353.786476135254,False
3205,7,481,TargetRemoval,1766134378.967012,2353.973758459091,True
3206,7,481,TargetReappeared,1766134379.2168458,2354.2235906124115,False
3207,7,481,RightResponse,1766134379.7029557,2354.7097005844116,False
3208,7,482,FeedbackPeriodStarted,1766134379.7442002,2354.750946998596,False
3209,7,482,startFixDisplay,1766134379.7443454,2354.7510907649994,False
3210,7,482,startFixPeriod,1766134379.8622854,2354.8690321445465,False
3211,7,482,TargetPresentation,1766134381.333236,2356.3399827480316,False
3212,7,482,TargetDisplacement,1766134381.499763,2356.5065093040466,True
3213,7,482,RightResponse,1766134382.193776,2357.2005200386047,False
3214,7,483,FeedbackPeriodStarted,1766134382.221394,2357.2281398773193,False
3215,7,483,startFixDisplay,1766134382.2214634,2357.2282071113586,False
3216,7,483,startFixPeriod,1766134382.422767,2357.429513692856,False
3217,7,483,TargetPresentation,1766134383.2900002,2358.296746969223,False
3218,7,483,TargetDisplacement,1766134383.4773288,2358.4840729236603,True
3219,7,483,RightResponse,1766134384.09513,2359.1018748283386,False
3220,7,484,FeedbackPeriodStarted,1766134384.122696,2359.1294424533844,False
3221,7,484,startFixDisplay,1766134384.1228194,2359.1295630931854,False
3222,7,484,startFixPeriod,1766134384.2962546,2359.3030014038086,False
3223,7,484,TargetPresentation,1766134385.219262,2360.2260088920593,False
3224,7,484,TargetDisplacement,1766134385.4133918,2360.42013835907,True
3225,7,484,RightResponse,1766134386.0381553,2361.0449001789093,False
3226,7,485,FeedbackPeriodStarted,1766134386.0656564,2361.07240319252,False
3227,7,485,startFixDisplay,1766134386.065785,2361.072530269623,False
3228,7,485,startFixPeriod,1766134386.3640914,2361.370838165283,False
3229,7,485,TargetPresentation,1766134387.0233011,2362.0300476551056,False
3230,7,485,TargetDisplacement,1766134387.1897714,2362.1965177059174,True
3231,7,485,RightResponse,1766134387.8216655,2362.8284108638763,False
3232,7,486,FeedbackPeriodStarted,1766134387.8559322,2362.8626787662506,False
3233,7,486,startFixDisplay,1766134387.856079,2362.8628244400024,False
3234,7,486,startFixPeriod,1766134388.0501788,2363.056925535202,False
3235,7,486,TargetPresentation,1766134388.5845034,2363.5912482738495,False
3236,7,486,TargetDisplacement,1766134388.7579243,2363.7646708488464,True
3237,7,486,LeftResponse,1766134389.3620744,2364.3688209056854,False
3238,7,486,FeedbackPeriodStarted,1766134389.3686442,2364.3753905296326,False
3239,7,487,startFixDisplay,1766134391.3878694,2366.394616127014,False
3240,7,487,startFixPeriod,1766134391.6516547,2366.658399581909,False
3241,7,487,TargetPresentation,1766134393.0255136,2368.0322585105896,False
3242,7,487,TargetDisplacement,1766134393.171223,2368.1779696941376,True
3243,7,487,LeftResponse,1766134393.782106,2368.7888507843018,False
3244,7,488,FeedbackPeriodStarted,1766134393.809602,2368.816348552704,False
3245,7,488,startFixDisplay,1766134393.8097417,2368.816487312317,False
3246,7,488,startFixPeriod,1766134393.9553463,2368.9620928764343,False
3247,7,488,TargetPresentation,1766134395.065638,2370.072385072708,False
3248,7,488,TargetDisplacement,1766134395.2182405,2370.2249870300293,True
3249,7,488,LeftResponse,1766134395.780691,2370.7874369621277,False
3250,7,489,FeedbackPeriodStarted,1766134395.808039,2370.8147854804993,False
3251,7,489,startFixDisplay,1766134395.8081763,2370.8149218559265,False
3252,7,489,startFixPeriod,1766134396.0579216,2371.0646686553955,False
3253,7,489,TargetPresentation,1766134396.6477325,2371.65447807312,False
3254,7,489,TargetDisplacement,1766134396.834974,2371.841720342636,True
3255,7,489,LeftResponse,1766134397.6125324,2372.619277238846,False
3256,7,490,FeedbackPeriodStarted,1766134397.6399415,2372.6466879844666,False
3257,7,490,startFixDisplay,1766134397.6400816,2372.646826982498,False
3258,7,490,startFixPeriod,1766134397.8065042,2372.8132507801056,False
3259,7,490,TargetPresentation,1766134399.2707129,2374.2774596214294,False
3260,7,490,TargetRemoval,1766134399.444109,2374.450855255127,True
3261,7,490,TargetReappeared,1766134399.693983,2374.7007296085358,False
3262,7,490,RightResponse,1766134400.186995,2375.1937413215637,False
3263,7,491,FeedbackPeriodStarted,1766134400.2143347,2375.221081018448,False
3264,7,491,startFixDisplay,1766134400.2145154,2375.221261024475,False
3265,7,491,startFixPeriod,1766134400.3601227,2375.366869688034,False
3266,7,491,TargetPresentation,1766134401.4357035,2376.442449569702,False
3267,7,491,TargetDisplacement,1766134401.6020825,2376.6088287830353,True
3268,7,491,RightResponse,1766134402.2131338,2377.2198798656464,False
3269,7,492,FeedbackPeriodStarted,1766134402.2475808,2377.2543272972107,False
3270,7,492,startFixDisplay,1766134402.2477093,2377.254454612732,False
3271,7,492,startFixPeriod,1766134402.5042343,2377.510980606079,False
3272,7,492,TargetPresentation,1766134403.0108147,2378.0175614356995,False
3273,7,492,TargetDisplacement,1766134403.1772654,2378.1840121746063,True
3274,7,492,LeftResponse,1766134403.8089435,2378.815688610077,False
3275,7,492,FeedbackPeriodStarted,1766134403.8157406,2378.822484970093,False
3276,7,493,startFixDisplay,1766134405.8278878,2380.834631919861,False
3277,7,493,startFixPeriod,1766134406.0709026,2381.0776488780975,False
3278,7,493,TargetPresentation,1766134406.6331441,2381.639890909195,False
3279,7,493,TargetDisplacement,1766134406.7994432,2381.806187391281,True
3280,7,493,RightResponse,1766134407.4382014,2382.4449474811554,False
3281,7,494,FeedbackPeriodStarted,1766134407.4656036,2382.4723477363586,False
3282,7,494,startFixDisplay,1766134407.4656637,2382.472407579422,False
3283,7,494,startFixPeriod,1766134407.6669245,2382.6736710071564,False
3284,7,494,TargetPresentation,1766134408.7702246,2383.7769718170166,False
3285,7,494,TargetDisplacement,1766134408.9157784,2383.9225220680237,True
3286,7,494,LeftResponse,1766134409.5338366,2384.5405819416046,False
3287,7,495,FeedbackPeriodStarted,1766134409.5612185,2384.5679652690887,False
3288,7,495,startFixDisplay,1766134409.5613554,2384.5681006908417,False
3289,7,495,startFixPeriod,1766134409.9152942,2384.9220411777496,False
3290,7,495,TargetPresentation,1766134411.4001672,2386.4069142341614,False
3291,7,495,TargetDisplacement,1766134411.5734088,2386.5801527500153,True
3292,7,495,RightResponse,1766134412.170617,2387.1773619651794,False
3293,7,496,FeedbackPeriodStarted,1766134412.19793,2387.204674243927,False
3294,7,496,startFixDisplay,1766134412.1979904,2387.2047340869904,False
3295,7,496,startFixPeriod,1766134412.4202468,2387.4269938468933,False
3296,7,496,TargetPresentation,1766134413.1974392,2388.204186439514,False
3297,7,496,TargetDisplacement,1766134413.287514,2388.2942605018616,True
3298,7,496,LeftResponse,1766134413.8984933,2388.905239343643,False
3299,7,497,FeedbackPeriodStarted,1766134413.9258604,2388.9326066970825,False
3300,7,497,startFixDisplay,1766134413.9260054,2388.932750940323,False
3301,7,497,startFixPeriod,1766134414.1134038,2389.1201515197754,False
3302,7,497,TargetPresentation,1766134415.1125672,2390.1193141937256,False
3303,7,497,TargetDisplacement,1766134415.26508,2390.271826505661,True
3304,7,497,LeftResponse,1766134415.7095606,2390.716305732727,False
3305,7,498,FeedbackPeriodStarted,1766134415.7368407,2390.743584871292,False
3306,7,498,startFixDisplay,1766134415.7369003,2390.7436439990997,False
3307,7,498,startFixPeriod,1766134415.9383485,2390.9450953006744,False
3308,7,498,TargetPresentation,1766134416.7640367,2391.7707834243774,False
3309,7,498,TargetDisplacement,1766134416.9234364,2391.930180311203,True
3310,7,498,RightResponse,1766134417.569034,2392.5757789611816,False
3311,7,498,FeedbackPeriodStarted,1766134417.5760026,2392.582749605179,False
3312,7,499,startFixDisplay,1766134419.5950475,2394.601793527603,False
3313,7,499,startFixPeriod,1766134420.1363978,2395.1431436538696,False
3314,7,499,TargetPresentation,1766134420.871837,2395.8785812854767,False
3315,7,499,TargetRemoval,1766134421.045267,2396.052013397217,True
3316,7,499,TargetReappeared,1766134421.295253,2396.301999807358,False
3317,7,499,RightResponse,1766134421.7395737,2396.74632024765,False
3318,7,500,FeedbackPeriodStarted,1766134421.7669315,2396.7736756801605,False
3319,7,500,startFixDisplay,1766134421.7669923,2396.7737362384796,False
3320,7,500,startFixPeriod,1766134421.9542367,2396.960981607437,False
3321,7,500,TargetPresentation,1766134422.7663064,2397.7730531692505,False
3322,7,500,TargetRemoval,1766134422.9189072,2397.92565369606,True
3323,7,500,TargetReappeared,1766134423.1687195,2398.1754665374756,False
3324,7,500,RightResponse,1766134423.8421195,2398.8488659858704,False
3325,7,501,FeedbackPeriodStarted,1766134423.869465,2398.876209259033,False
3326,7,501,startFixDisplay,1766134423.869526,2398.8762695789337,False
3327,7,501,startFixPeriod,1766134424.091583,2399.0983276367188,False
3328,7,501,TargetPresentation,1766134425.4655929,2400.472339630127,False
3329,7,501,TargetRemoval,1766134425.638896,2400.645639896393,True
3330,7,501,TargetReappeared,1766134425.8888476,2400.8955931663513,False
3331,7,501,LeftResponse,1766134426.284697,2401.291443347931,False
3332,7,502,FeedbackPeriodStarted,1766134426.312091,2401.3188376426697,False
3333,7,502,startFixDisplay,1766134426.3122358,2401.318981409073,False
3334,7,502,startFixPeriod,1766134426.4925559,2401.4993028640747,False
3335,7,502,TargetPresentation,1766134427.2418923,2402.2486379146576,False
3336,7,502,TargetRemoval,1766134427.3944921,2402.401238679886,True
3337,7,502,TargetReappeared,1766134427.644431,2402.6511783599854,False
3338,7,502,RightResponse,1766134428.213716,2403.220462322235,False
3339,7,503,FeedbackPeriodStarted,1766134428.2410917,2403.2478382587433,False
3340,7,503,startFixDisplay,1766134428.24123,2403.2479753494263,False
3341,7,503,startFixPeriod,1766134428.4632287,2403.4699754714966,False
3342,7,503,TargetPresentation,1766134429.656699,2404.663445711136,False
3343,7,503,TargetRemoval,1766134429.8370514,2404.8437974452972,True
3344,7,503,TargetReappeared,1766134430.0869603,2405.0937073230743,False
3345,7,503,RightResponse,1766134430.8020153,2405.8087615966797,False
3346,7,504,FeedbackPeriodStarted,1766134430.8433552,2405.8501002788544,False
3347,7,504,startFixDisplay,1766134430.8434556,2405.850199699402,False
3348,7,504,startFixPeriod,1766134431.1138792,2406.1206262111664,False
3349,7,504,TargetPresentation,1766134432.1478953,2407.154642343521,False
3350,7,504,TargetDisplacement,1766134432.1548274,2407.161571741104,True
3351,7,504,LeftResponse,1766134432.994613,2408.0013580322266,False
3352,7,504,FeedbackPeriodStarted,1766134433.0012634,2408.0080099105835,False
3353,7,505,startFixDisplay,1766134435.0138774,2410.0206215381622,False
3354,7,505,startFixPeriod,1766134435.3052306,2410.3119773864746,False
3355,7,505,TargetPresentation,1766134436.4568968,2411.463641166687,False
3356,7,505,TargetRemoval,1766134436.463856,2411.4706015586853,True
3357,7,505,TargetReappeared,1766134436.7137039,2411.720450401306,False
3358,7,505,RightResponse,1766134437.2968433,2412.303588628769,False
3359,7,506,FeedbackPeriodStarted,1766134437.3242795,2412.3310260772705,False
3360,7,506,startFixDisplay,1766134437.3243926,2412.331136226654,False
3361,7,506,startFixPeriod,1766134437.4492652,2412.456012248993,False
3362,7,506,TargetPresentation,1766134438.164034,2413.170781135559,False
3363,7,506,TargetRemoval,1766134438.3512254,2413.357971906662,True
3364,7,506,TargetReappeared,1766134438.6012142,2413.6079609394073,False
3365,7,506,LeftResponse,1766134439.0939276,2414.1006717681885,False
3366,7,507,FeedbackPeriodStarted,1766134439.121492,2414.12823677063,False
3367,7,507,startFixDisplay,1766134439.121578,2414.128322124481,False
3368,7,507,startFixPeriod,1766134439.3088562,2414.3156032562256,False
3369,7,507,TargetPresentation,1766134439.870974,2414.8777194023132,False
3370,7,507,TargetDisplacement,1766134440.0720317,2415.0787756443024,True
3371,7,507,RightResponse,1766134440.710974,2415.7177197933197,False
3372,7,508,FeedbackPeriodStarted,1766134440.7452374,2415.751983642578,False
3373,7,508,startFixDisplay,1766134440.745428,2415.7521941661835,False
3374,7,508,startFixPeriod,1766134441.1615806,2416.168326854706,False
3375,7,508,TargetPresentation,1766134441.9874432,2416.9941878318787,False
3376,7,508,TargetDisplacement,1766134442.1468751,2417.1536214351654,True
3377,7,508,LeftResponse,1766134442.736956,2417.74370098114,False
3378,7,509,FeedbackPeriodStarted,1766134442.764613,2417.7713606357574,False
3379,7,509,startFixDisplay,1766134442.7647817,2417.7715272903442,False
3380,7,509,startFixPeriod,1766134443.2641017,2418.270848274231,False
3381,7,509,TargetPresentation,1766134444.2147334,2419.2214794158936,False
3382,7,509,TargetDisplacement,1766134444.3812492,2419.3879957199097,True
3383,7,509,RightResponse,1766134445.0894213,2420.096167564392,False
3384,7,510,FeedbackPeriodStarted,1766134445.123757,2420.1305029392242,False
3385,7,510,startFixDisplay,1766134445.123895,2420.1306405067444,False
3386,7,510,startFixPeriod,1766134445.345822,2420.352567911148,False
3387,7,510,TargetPresentation,1766134446.650398,2421.6571452617645,False
3388,7,510,TargetDisplacement,1766134446.8168545,2421.823600769043,True
3389,7,510,LeftResponse,1766134447.6222615,2422.629007577896,False
3390,7,510,FeedbackPeriodStarted,1766134447.6288276,2422.635574579239,False
3391,7,511,startFixDisplay,1766134449.6409445,2424.6476883888245,False
3392,7,511,startFixPeriod,1766134449.9673398,2424.9740867614746,False
3393,7,511,TargetPresentation,1766134451.271847,2426.2785918712616,False
3394,7,511,TargetDisplacement,1766134451.4314399,2426.438186645508,True
3395,7,511,RightResponse,1766134452.0491138,2427.0558586120605,False
3396,7,512,FeedbackPeriodStarted,1766134452.0766807,2427.0834250450134,False
3397,7,512,startFixDisplay,1766134452.0767462,2427.083489894867,False
3398,7,512,startFixPeriod,1766134452.2432673,2427.250013113022,False
3399,7,512,TargetPresentation,1766134453.700562,2428.707308769226,False
3400,7,512,TargetDisplacement,1766134453.8877263,2428.894472837448,True
3401,7,512,RightResponse,1766134454.4015322,2429.408276319504,False
3402,7,513,FeedbackPeriodStarted,1766134454.4291582,2429.4359047412872,False
3403,7,513,startFixDisplay,1766134454.4293008,2429.436046361923,False
3404,7,513,startFixPeriod,1766134454.7553146,2429.762061357498,False
3405,7,513,TargetPresentation,1766134455.9418626,2430.9486091136932,False
3406,7,513,TargetDisplacement,1766134456.1152182,2431.121964454651,True
3407,7,513,RightResponse,1766134456.781781,2431.788526535034,False
3408,7,514,FeedbackPeriodStarted,1766134456.816064,2431.822810649872,False
3409,7,514,startFixDisplay,1766134456.8162014,2431.822947025299,False
3410,7,514,startFixPeriod,1766134457.1422527,2432.1489996910095,False
3411,7,514,TargetPresentation,1766134457.759764,2432.766508579254,False
3412,7,514,TargetDisplacement,1766134458.0372775,2433.044023513794,True
3413,7,514,LeftResponse,1766134458.537163,2433.5439081192017,False
3414,7,515,FeedbackPeriodStarted,1766134458.5647032,2433.5714473724365,False
3415,7,515,startFixDisplay,1766134458.5647643,2433.5715079307556,False
3416,7,515,startFixPeriod,1766134458.8146322,2433.8213770389557,False
3417,7,515,TargetPresentation,1766134459.4459777,2434.452722787857,False
3418,7,515,TargetRemoval,1766134459.6263092,2434.633055448532,True
3419,7,515,TargetReappeared,1766134459.876214,2434.882958650589,False
3420,7,515,RightResponse,1766134460.2304623,2435.2372086048126,False
3421,7,516,FeedbackPeriodStarted,1766134460.2578409,2435.264585018158,False
3422,7,516,startFixDisplay,1766134460.2579021,2435.2646458148956,False
3423,7,516,startFixPeriod,1766134460.3966756,2435.4034218788147,False
3424,7,516,TargetPresentation,1766134461.430505,2436.437249660492,False
3425,7,516,TargetDisplacement,1766134461.6039515,2436.6106984615326,True
3426,7,516,LeftResponse,1766134462.3259563,2437.332701444626,False
3427,7,516,FeedbackPeriodStarted,1766134462.3325112,2437.3392555713654,False
3428,7,517,startFixDisplay,1766134464.3518279,2439.35857462883,False
3429,7,517,startFixPeriod,1766134464.601771,2439.6085164546967,False
3430,7,517,TargetPresentation,1766134465.372002,2440.378748893738,False
3431,7,517,TargetRemoval,1766134465.510644,2440.5173904895782,True
3432,7,517,TargetReappeared,1766134465.7606246,2440.767371416092,False
3433,7,517,RightResponse,1766134466.1424413,2441.1491861343384,False
3434,7,518,FeedbackPeriodStarted,1766134466.169918,2441.176664829254,False
3435,7,518,startFixDisplay,1766134466.170046,2441.1767916679382,False
3436,7,518,startFixPeriod,1766134466.3849812,2441.3917276859283,False
3437,7,518,TargetPresentation,1766134467.5092363,2442.515983581543,False
3438,7,518,TargetRemoval,1766134467.668783,2442.675529718399,True
3439,7,518,TargetReappeared,1766134467.918643,2442.9253895282745,False
3440,7,518,RightResponse,1766134468.3490412,2443.355786561966,False
3441,7,519,FeedbackPeriodStarted,1766134468.3764796,2443.3832240104675,False
3442,7,519,startFixDisplay,1766134468.3765426,2443.3832862377167,False
3443,7,519,startFixPeriod,1766134468.515335,2443.522082090378,False
3444,7,519,TargetPresentation,1766134469.4521563,2444.458903312683,False
3445,7,519,TargetDisplacement,1766134469.6255772,2444.632323741913,True
3446,7,519,RightResponse,1766134470.444697,2445.4514429569244,False
3447,7,520,FeedbackPeriodStarted,1766134470.4789639,2445.4857082366943,False
3448,7,520,startFixDisplay,1766134470.4790244,2445.4857680797577,False
3449,7,520,startFixPeriod,1766134470.652511,2445.659257888794,False
3450,7,520,TargetPresentation,1766134471.2840228,2446.290769100189,False
3451,7,520,TargetDisplacement,1766134471.4157474,2446.4224932193756,True
3452,7,520,LeftResponse,1766134472.1377885,2447.144533395767,False
3453,7,521,FeedbackPeriodStarted,1766134472.1650906,2447.1718349456787,False
3454,7,521,startFixDisplay,1766134472.1651554,2447.171898841858,False
3455,7,521,startFixPeriod,1766134472.3595493,2447.366295814514,False
3456,7,521,TargetPresentation,1766134473.7403972,2448.7471449375153,False
3457,7,521,TargetDisplacement,1766134473.9138024,2448.9205486774445,True
3458,7,521,LeftResponse,1766134474.462092,2449.4688363075256,False
3459,7,522,FeedbackPeriodStarted,1766134474.48982,2449.496566772461,False
3460,7,522,startFixDisplay,1766134474.4899514,2449.496696949005,False
3461,7,522,startFixPeriod,1766134475.0310686,2450.0378155708313,False
3462,7,522,TargetPresentation,1766134475.836085,2450.8428320884705,False
3463,7,522,TargetRemoval,1766134475.9885712,2450.9953174591064,True
3464,7,522,TargetReappeared,1766134476.2384388,2451.2451865673065,False
3465,7,522,RightResponse,1766134476.6898363,2451.696582555771,False
3466,7,522,FeedbackPeriodStarted,1766134476.6964986,2451.7032430171967,False
3467,7,523,startFixDisplay,1766134478.715705,2453.7224514484406,False
3468,7,523,startFixPeriod,1766134479.2570024,2454.2637479305267,False
3469,7,523,TargetPresentation,1766134479.9022753,2454.909020423889,False
3470,7,523,TargetDisplacement,1766134480.0825946,2455.0893409252167,True
3471,7,523,LeftResponse,1766134480.9293094,2455.9360542297363,False
3472,7,524,FeedbackPeriodStarted,1766134480.9569511,2455.9636976718903,False
3473,7,524,startFixDisplay,1766134480.9570992,2455.963844537735,False
3474,7,524,startFixPeriod,1766134481.3455594,2456.3523037433624,False
3475,7,524,TargetPresentation,1766134482.4697385,2457.4764852523804,False
3476,7,524,TargetRemoval,1766134482.65014,2457.656886577606,True
3477,7,524,TargetReappeared,1766134482.8999052,2457.9066495895386,False
3478,7,524,LeftResponse,1766134483.6705945,2458.677340745926,False
3479,7,525,FeedbackPeriodStarted,1766134483.6979082,2458.7046530246735,False
3480,7,525,startFixDisplay,1766134483.6979737,2458.7047176361084,False
3481,7,525,startFixPeriod,1766134484.0032625,2459.010009765625,False
3482,7,525,TargetPresentation,1766134485.1414406,2460.1481873989105,False
3483,7,525,TargetDisplacement,1766134485.3216395,2460.328385591507,True
3484,7,525,RightResponse,1766134486.3558464,2461.3625915050507,False
3485,7,526,FeedbackPeriodStarted,1766134486.3833249,2461.3900718688965,False
3486,7,526,startFixDisplay,1766134486.3834918,2461.390237569809,False
3487,7,526,startFixPeriod,1766134486.73035,2461.737096786499,False
3488,7,526,TargetPresentation,1766134487.9586325,2462.9653794765472,False
3489,7,526,TargetDisplacement,1766134488.124935,2463.1316814422607,True
3490,7,526,LeftResponse,1766134488.9786732,2463.9854171276093,False
3491,7,527,FeedbackPeriodStarted,1766134489.0063071,2464.0130536556244,False
3492,7,527,startFixDisplay,1766134489.0064719,2464.0132174491882,False
3493,7,527,startFixPeriod,1766134489.3325648,2464.3393104076385,False
3494,7,527,TargetPresentation,1766134490.5953956,2465.6021406650543,False
3495,7,527,TargetDisplacement,1766134490.7271233,2465.7338695526123,True
3496,7,527,RightResponse,1766134491.4630067,2466.4697511196136,False
3497,7,527,FeedbackPeriodStarted,1766134491.5113373,2466.518084049225,False
