,blockID,trialNumber,triggerName,timestamp_sys,timestamp_psyc,triggerSent_Serial00
0,pract,-1,StartPractice,1766139896.6984508,102.7479796409607,False
1,pract,0,startFixDisplay,1766139896.7089856,102.75851678848267,False
2,pract,0,startFixPeriod,1766139896.9380002,102.98752999305725,False
3,pract,0,TargetPresentation,1766139897.7223015,103.77183294296265,False
4,pract,0,TargetDisplacement,1766139897.8677607,103.91728925704956,True
5,pract,0,LeftResponse,1766139898.7288032,104.77833294868469,False
6,pract,0,FeedbackPeriodStarted,1766139898.7422073,104.79173851013184,False
7,pract,1,startFixDisplay,1766139899.2486992,105.29823160171509,False
8,pract,1,startFixPeriod,1766139899.255664,105.3051929473877,False
9,pract,1,TargetPresentation,1766139899.9151058,105.9646372795105,False
10,pract,1,TargetDisplacement,1766139900.067601,106.11713433265686,True
11,pract,1,RightResponse,1766139900.8937528,106.94328308105469,False
12,pract,1,FeedbackPeriodStarted,1766139900.907194,106.95672535896301,False
13,pract,2,startFixDisplay,1766139901.4137259,107.46325731277466,False
14,pract,2,startFixPeriod,1766139901.4205863,107.47011518478394,False
15,pract,2,TargetPresentation,1766139902.3505912,108.40012168884277,False
16,pract,2,TargetDisplacement,1766139902.378312,108.42784357070923,True
17,pract,2,RightResponse,1766139903.2668676,109.31639790534973,False
18,pract,2,FeedbackPeriodStarted,1766139903.2803216,109.32985281944275,False
19,pract,3,startFixDisplay,1766139903.786804,109.83633279800415,False
20,pract,3,startFixPeriod,1766139903.793836,109.84336495399475,False
21,pract,3,TargetPresentation,1766139905.1262965,111.17582821846008,False
22,pract,3,TargetDisplacement,1766139905.2718163,111.32134699821472,True
23,pract,3,LeftResponse,1766139906.160553,112.21008372306824,False
24,pract,3,FeedbackPeriodStarted,1766139906.1739569,112.22348809242249,False
25,pract,4,startFixDisplay,1766139906.6804612,112.7299919128418,False
26,pract,4,startFixPeriod,1766139906.8402824,112.8898138999939,False
27,pract,4,TargetPresentation,1766139907.665777,113.7153058052063,False
28,pract,4,TargetDisplacement,1766139907.8254213,113.87495493888855,True
29,pract,4,RightResponse,1766139908.5614316,114.61096024513245,False
30,pract,4,FeedbackPeriodStarted,1766139908.568102,114.6176335811615,False
31,pract,5,startFixDisplay,1766139909.0743473,115.12387895584106,False
32,pract,5,startFixPeriod,1766139909.081435,115.13096451759338,False
33,pract,5,TargetPresentation,1766139910.0043402,116.05387139320374,False
34,pract,5,TargetRemoval,1766139910.1777163,116.22724485397339,True
35,pract,5,TargetReappeared,1766139910.42762,116.47715139389038,False
36,pract,5,LeftResponse,1766139910.7264218,116.77595281600952,False
37,pract,5,FeedbackPeriodStarted,1766139910.732837,116.78236842155457,False
38,pract,-1,EndPractice,1766139911.226694,117.27622294425964,False
39,0,0,startFixDisplay,1766139941.5908837,147.6404151916504,False
40,0,0,startFixPeriod,1766139941.5978336,147.64736604690552,False
41,0,0,TargetPresentation,1766139942.4583583,148.5078902244568,False
42,0,0,TargetDisplacement,1766139942.465261,148.51479291915894,True
43,0,0,RightResponse,1766139943.1456866,149.19521760940552,False
44,0,1,FeedbackPeriodStarted,1766139943.158954,149.20848536491394,False
45,0,1,startFixDisplay,1766139943.1591017,149.20863223075867,False
46,0,1,startFixPeriod,1766139945.4212463,151.47077751159668,False
47,0,1,TargetPresentation,1766139946.1915085,152.24103808403015,False
48,0,1,TargetRemoval,1766139946.3508987,152.40042734146118,True
49,0,1,TargetReappeared,1766139946.6008527,152.65038418769836,False
50,0,1,LeftResponse,1766139946.9966316,153.0461609363556,False
51,0,2,FeedbackPeriodStarted,1766139947.0101285,153.05966114997864,False
52,0,2,startFixDisplay,1766139947.0102777,153.05980801582336,False
53,0,2,startFixPeriod,1766139947.1629317,153.2124650478363,False
54,0,2,TargetPresentation,1766139948.2939656,154.34349751472473,False
55,0,2,TargetDisplacement,1766139948.41881,154.46834087371826,True
56,0,2,RightResponse,1766139949.2241225,155.2736520767212,False
57,0,3,FeedbackPeriodStarted,1766139949.2445405,155.29407167434692,False
58,0,3,startFixDisplay,1766139949.2446887,155.29421877861023,False
59,0,3,startFixPeriod,1766139949.4459717,155.49550366401672,False
60,0,3,TargetPresentation,1766139950.5076094,156.55713987350464,False
61,0,3,TargetDisplacement,1766139950.6532316,156.70276474952698,True
62,0,3,RightResponse,1766139951.5417557,157.59128665924072,False
63,0,4,FeedbackPeriodStarted,1766139951.555198,157.60472917556763,False
64,0,4,startFixDisplay,1766139951.5553415,157.60487174987793,False
65,0,4,startFixPeriod,1766139951.9093194,157.95885109901428,False
66,0,4,TargetPresentation,1766139952.7558482,158.8053798675537,False
67,0,4,TargetDisplacement,1766139952.922234,158.97176480293274,True
68,0,4,LeftResponse,1766139953.8107944,159.8603229522705,False
69,0,5,FeedbackPeriodStarted,1766139953.8242388,159.873770236969,False
70,0,5,startFixDisplay,1766139953.8243988,159.87392926216125,False
71,0,5,startFixPeriod,1766139954.0327342,160.08226442337036,False
72,0,5,TargetPresentation,1766139954.9000103,160.9495406150818,False
73,0,5,TargetDisplacement,1766139955.6561136,161.70564222335815,True
74,0,5,RightResponse,1766139955.9203832,161.96991324424744,False
75,0,6,FeedbackPeriodStarted,1766139955.9406497,161.99018120765686,False
76,0,6,startFixDisplay,1766139955.9407945,161.9903244972229,False
77,0,6,startFixPeriod,1766139956.3086374,162.35816931724548,False
78,0,6,TargetPresentation,1766139957.7449305,163.79446244239807,False
79,0,6,TargetDisplacement,1766139957.751962,163.80149340629578,True
80,0,6,LeftResponse,1766139958.8486292,164.8981602191925,False
81,0,6,FeedbackPeriodStarted,1766139958.8689823,164.9185140132904,False
82,0,7,startFixDisplay,1766139960.874275,166.92380690574646,False
83,0,7,startFixPeriod,1766139961.3186748,167.36820673942566,False
84,0,7,TargetPresentation,1766139962.63709,168.68662238121033,False
85,0,7,TargetDisplacement,1766139962.7895648,168.83909630775452,True
86,0,7,RightResponse,1766139963.7958314,169.84536051750183,False
87,0,8,FeedbackPeriodStarted,1766139963.809529,169.8590579032898,False
88,0,8,startFixDisplay,1766139963.8095944,169.85912251472473,False
89,0,8,startFixPeriod,1766139963.9762008,170.02573204040527,False
90,0,8,TargetPresentation,1766139964.8159378,170.86546969413757,False
91,0,8,TargetDisplacement,1766139964.9406176,170.99014854431152,True
92,0,8,LeftResponse,1766139966.169179,172.2187099456787,False
93,0,9,FeedbackPeriodStarted,1766139966.1826804,172.2322118282318,False
94,0,9,startFixDisplay,1766139966.1828256,172.2323558330536,False
95,0,9,startFixPeriod,1766139966.3632038,172.4127357006073,False
96,0,9,TargetPresentation,1766139966.8835728,172.93310284614563,False
97,0,9,TargetDisplacement,1766139967.1124966,173.16202521324158,True
98,0,9,RightResponse,1766139968.5006235,174.5501527786255,False
99,0,10,FeedbackPeriodStarted,1766139968.5143178,174.5638496875763,False
100,0,10,startFixDisplay,1766139968.514484,174.56401443481445,False
101,0,10,startFixPeriod,1766139968.951502,175.00103378295898,False
102,0,10,TargetPresentation,1766139969.6800644,175.72959637641907,False
103,0,10,TargetDisplacement,1766139969.8187296,175.86826086044312,True
104,0,10,RightResponse,1766139971.199957,177.24948692321777,False
105,0,11,FeedbackPeriodStarted,1766139971.2204888,177.2700207233429,False
106,0,11,startFixDisplay,1766139971.2206423,177.27017259597778,False
107,0,11,startFixPeriod,1766139971.3802657,177.42979764938354,False
108,0,11,TargetPresentation,1766139972.5459752,178.5955057144165,False
109,0,11,TargetDisplacement,1766139972.6775727,178.7271010875702,True
110,0,11,LeftResponse,1766139973.6564608,179.7059919834137,False
111,0,12,FeedbackPeriodStarted,1766139973.6769085,179.72643995285034,False
112,0,12,startFixDisplay,1766139973.677121,179.72665143013,False
113,0,12,startFixPeriod,1766139973.8713336,179.9208652973175,False
114,0,12,TargetPresentation,1766139975.3493927,181.39892506599426,False
115,0,12,TargetDisplacement,1766139975.494835,181.54436349868774,True
116,0,12,RightResponse,1766139976.487661,182.5371916294098,False
117,0,12,FeedbackPeriodStarted,1766139976.5011442,182.55067539215088,False
118,0,13,startFixDisplay,1766139978.5064445,184.55597686767578,False
119,0,13,startFixPeriod,1766139978.7772462,184.82677793502808,False
120,0,13,TargetPresentation,1766139979.9083097,185.95784163475037,False
121,0,13,TargetDisplacement,1766139980.6436052,186.69313383102417,True
122,0,13,LeftResponse,1766139980.9287179,186.97824931144714,False
123,0,14,FeedbackPeriodStarted,1766139980.9419532,186.9914824962616,False
124,0,14,startFixDisplay,1766139980.9420183,186.99154663085938,False
125,0,14,startFixPeriod,1766139981.3585246,187.40805459022522,False
126,0,14,TargetPresentation,1766139981.9690998,188.0186312198639,False
127,0,14,TargetRemoval,1766139982.1008418,188.15037059783936,True
128,0,14,TargetReappeared,1766139982.3507946,188.40032649040222,False
129,0,14,RightResponse,1766139983.3639722,189.41350078582764,False
130,0,15,FeedbackPeriodStarted,1766139983.3775356,189.42706441879272,False
131,0,15,startFixDisplay,1766139983.3776026,189.42713069915771,False
132,0,15,startFixPeriod,1766139983.7594147,189.80894494056702,False
133,0,15,TargetPresentation,1766139985.1958303,191.24535989761353,False
134,0,15,TargetRemoval,1766139985.3414536,191.39098238945007,True
135,0,15,TargetReappeared,1766139985.591327,191.64085793495178,False
136,0,15,RightResponse,1766139986.4726975,192.52222657203674,False
137,0,16,FeedbackPeriodStarted,1766139986.4862876,192.5358190536499,False
138,0,16,startFixDisplay,1766139986.4864483,192.53597855567932,False
139,0,16,startFixPeriod,1766139986.736217,192.78574895858765,False
140,0,16,TargetPresentation,1766139987.3606987,193.4102282524109,False
141,0,16,TargetRemoval,1766139987.5202045,193.56973552703857,True
142,0,16,TargetReappeared,1766139987.7702456,193.8197774887085,False
143,0,16,LeftResponse,1766139988.7558799,194.80541062355042,False
144,0,17,FeedbackPeriodStarted,1766139988.7692788,194.81881022453308,False
145,0,17,startFixDisplay,1766139988.7694619,194.81899213790894,False
146,0,17,startFixPeriod,1766139988.7761602,194.8256916999817,False
147,0,17,TargetPresentation,1766139989.9283025,195.97783422470093,False
148,0,17,TargetDisplacement,1766139990.0668454,196.1163740158081,True
149,0,17,RightResponse,1766139991.6700675,197.71959710121155,False
150,0,18,FeedbackPeriodStarted,1766139991.6840851,197.73361659049988,False
151,0,18,startFixDisplay,1766139991.6842372,197.73376750946045,False
152,0,18,startFixPeriod,1766139991.8295584,197.87908792495728,False
153,0,18,TargetPresentation,1766139993.036993,199.0865249633789,False
154,0,18,TargetDisplacement,1766139993.3004928,199.35002398490906,True
155,0,18,RightResponse,1766139994.653891,200.70342111587524,False
156,0,18,FeedbackPeriodStarted,1766139994.6676252,200.71715688705444,False
157,0,19,startFixDisplay,1766139996.672804,202.72233629226685,False
158,0,19,startFixPeriod,1766139996.9228563,202.9723882675171,False
159,0,19,TargetPresentation,1766139997.7624576,203.81198978424072,False
160,0,19,TargetDisplacement,1766139997.914959,203.9644901752472,True
161,0,19,RightResponse,1766139999.2198706,205.26940178871155,False
162,0,20,FeedbackPeriodStarted,1766139999.2402465,205.2897777557373,False
163,0,20,startFixDisplay,1766139999.240435,205.28996586799622,False
164,0,20,startFixPeriod,1766139999.6985033,205.74803519248962,False
165,0,20,TargetPresentation,1766140000.648993,206.69852256774902,False
166,0,20,TargetRemoval,1766140000.780712,206.83024048805237,True
167,0,20,TargetReappeared,1766140001.030723,207.0802550315857,False
168,0,20,RightResponse,1766140002.0856683,208.13519716262817,False
169,0,21,FeedbackPeriodStarted,1766140002.0991278,208.14865946769714,False
170,0,21,startFixDisplay,1766140002.0992692,208.14879941940308,False
171,0,21,startFixPeriod,1766140002.647564,208.69709491729736,False
172,0,21,TargetPresentation,1766140003.834136,209.88366770744324,False
173,0,21,TargetDisplacement,1766140003.9587674,210.00829601287842,True
174,0,21,RightResponse,1766140005.1112225,211.16075229644775,False
175,0,22,FeedbackPeriodStarted,1766140005.1315808,211.18110990524292,False
176,0,22,startFixDisplay,1766140005.1316466,211.1811752319336,False
177,0,22,startFixPeriod,1766140007.4076645,213.45719504356384,False
178,0,22,TargetPresentation,1766140008.517881,214.56740975379944,False
179,0,22,TargetDisplacement,1766140008.6843343,214.73386549949646,True
180,0,22,RightResponse,1766140009.940702,215.9902319908142,False
181,0,23,FeedbackPeriodStarted,1766140009.9609804,216.01050925254822,False
182,0,23,startFixDisplay,1766140009.9610517,216.0105800628662,False
183,0,23,startFixPeriod,1766140010.1347883,216.18431997299194,False
184,0,23,TargetPresentation,1766140010.9813685,217.03092408180237,False
185,0,23,TargetDisplacement,1766140011.1199424,217.16947436332703,True
186,0,23,RightResponse,1766140012.2860448,218.3355748653412,False
187,0,24,FeedbackPeriodStarted,1766140012.3064716,218.35600328445435,False
188,0,24,startFixDisplay,1766140012.3066018,218.35613203048706,False
189,0,24,startFixPeriod,1766140012.5009513,218.55048084259033,False
190,0,24,TargetPresentation,1766140013.2780416,219.32757353782654,False
191,0,24,TargetDisplacement,1766140014.0690882,220.11861968040466,True
192,0,24,LeftResponse,1766140014.4371252,220.48665618896484,False
193,0,24,FeedbackPeriodStarted,1766140014.4508555,220.50038599967957,False
194,0,25,startFixDisplay,1766140016.4560533,222.50558590888977,False
195,0,25,startFixPeriod,1766140016.7545521,222.80408215522766,False
196,0,25,TargetPresentation,1766140017.25404,223.3035695552826,False
197,0,25,TargetDisplacement,1766140017.3927972,223.44232845306396,True
198,0,25,RightResponse,1766140018.7392025,224.78873229026794,False
199,0,26,FeedbackPeriodStarted,1766140018.7528167,224.80234789848328,False
200,0,26,startFixDisplay,1766140018.7529066,224.80243492126465,False
201,0,26,startFixPeriod,1766140018.933477,224.983008146286,False
202,0,26,TargetPresentation,1766140020.3281553,226.3776867389679,False
203,0,26,TargetRemoval,1766140020.4598742,226.50940585136414,True
204,0,26,TargetReappeared,1766140020.7098086,226.75934076309204,False
205,0,26,RightResponse,1766140021.6606956,227.71022653579712,False
206,0,27,FeedbackPeriodStarted,1766140021.6811192,227.73065066337585,False
207,0,27,startFixDisplay,1766140021.6812654,227.73079586029053,False
208,0,27,startFixPeriod,1766140022.0837357,228.13326787948608,False
209,0,27,TargetPresentation,1766140022.8955672,228.9450981616974,False
210,0,27,TargetRemoval,1766140023.1730764,229.2226083278656,True
211,0,27,TargetReappeared,1766140023.422908,229.47243785858154,False
212,0,27,RightResponse,1766140024.6931503,230.74268126487732,False
213,0,28,FeedbackPeriodStarted,1766140024.7065506,230.75608229637146,False
214,0,28,startFixDisplay,1766140024.7066483,230.75617671012878,False
215,0,28,startFixPeriod,1766140024.8664618,230.91599488258362,False
216,0,28,TargetPresentation,1766140025.4351833,231.48471474647522,False
217,0,28,TargetDisplacement,1766140026.6355414,232.6850709915161,True
218,0,28,RightResponse,1766140026.719118,232.76864886283875,False
219,0,29,FeedbackPeriodStarted,1766140026.739656,232.78918719291687,False
220,0,29,startFixDisplay,1766140026.7397957,232.7893259525299,False
221,0,29,startFixPeriod,1766140026.9063613,232.95589327812195,False
222,0,29,TargetPresentation,1766140027.6071854,233.65671515464783,False
223,0,29,TargetRemoval,1766140027.8915854,233.9411165714264,True
224,0,29,TargetReappeared,1766140028.1415908,234.19111967086792,False
225,0,29,RightResponse,1766140029.2241678,235.27369856834412,False
226,0,30,FeedbackPeriodStarted,1766140029.2446425,235.2941734790802,False
227,0,30,startFixDisplay,1766140029.2447398,235.2942681312561,False
228,0,30,startFixPeriod,1766140029.4113436,235.46087551116943,False
229,0,30,TargetPresentation,1766140030.6047993,236.6543309688568,False
230,0,30,TargetDisplacement,1766140030.7781756,236.82770681381226,True
231,0,30,RightResponse,1766140031.9789886,238.0285189151764,False
232,0,30,FeedbackPeriodStarted,1766140031.9927294,238.04226112365723,False
233,0,31,startFixDisplay,1766140033.997892,240.04742407798767,False
234,0,31,startFixPeriod,1766140034.2756577,240.3251895904541,False
235,0,31,TargetPresentation,1766140035.0806258,241.13015842437744,False
236,0,31,TargetDisplacement,1766140035.2191021,241.26863408088684,True
237,0,31,RightResponse,1766140036.4128208,242.46234941482544,False
238,0,32,FeedbackPeriodStarted,1766140036.4265404,242.47607135772705,False
239,0,32,startFixDisplay,1766140036.4266667,242.47619724273682,False
240,0,32,startFixPeriod,1766140036.6279109,242.67744183540344,False
241,0,32,TargetPresentation,1766140037.2594624,243.3089940547943,False
242,0,32,TargetDisplacement,1766140037.39111,243.44064092636108,True
243,0,32,LeftResponse,1766140038.5434897,244.5930209159851,False
244,0,33,FeedbackPeriodStarted,1766140038.5567453,244.6062741279602,False
245,0,33,startFixDisplay,1766140038.556869,244.60639786720276,False
246,0,33,startFixPeriod,1766140038.7721179,244.82164812088013,False
247,0,33,TargetPresentation,1766140039.4867764,245.53630828857422,False
248,0,33,TargetRemoval,1766140039.6393113,245.68884229660034,True
249,0,33,TargetReappeared,1766140039.889288,245.93881964683533,False
250,0,33,RightResponse,1766140040.888759,246.93828868865967,False
251,0,34,FeedbackPeriodStarted,1766140040.9021406,246.95166945457458,False
252,0,34,startFixDisplay,1766140040.902203,246.95173144340515,False
253,0,34,startFixPeriod,1766140041.10366,247.15319085121155,False
254,0,34,TargetPresentation,1766140042.0474358,248.09696745872498,False
255,0,34,TargetDisplacement,1766140042.2207193,248.2702510356903,True
256,0,34,RightResponse,1766140043.6158583,249.66538834571838,False
257,0,35,FeedbackPeriodStarted,1766140043.6291604,249.67868947982788,False
258,0,35,startFixDisplay,1766140043.6292279,249.67875599861145,False
259,0,35,startFixPeriod,1766140043.788997,249.83852696418762,False
260,0,35,TargetPresentation,1766140045.031087,251.08061599731445,False
261,0,35,TargetDisplacement,1766140045.1628666,251.212397813797,True
262,0,35,RightResponse,1766140046.5372326,252.5867636203766,False
263,0,36,FeedbackPeriodStarted,1766140046.5575545,252.60708594322205,False
264,0,36,startFixDisplay,1766140046.5576985,252.60722875595093,False
265,0,36,startFixPeriod,1766140046.8422866,252.89181804656982,False
266,0,36,TargetPresentation,1766140048.3341658,254.3836977481842,False
267,0,36,TargetDisplacement,1766140048.4034164,254.45294785499573,True
268,0,36,LeftResponse,1766140049.5696237,255.61915373802185,False
269,0,36,FeedbackPeriodStarted,1766140049.576098,255.62562942504883,False
270,0,37,startFixDisplay,1766140051.5813918,257.63092398643494,False
271,0,37,startFixPeriod,1766140051.5884137,257.6379454135895,False
272,0,37,TargetPresentation,1766140052.1436338,258.1931629180908,False
273,0,37,TargetDisplacement,1766140052.296189,258.3457205295563,True
274,0,37,RightResponse,1766140053.3029106,259.35244059562683,False
275,0,38,FeedbackPeriodStarted,1766140053.316184,259.3657138347626,False
276,0,38,startFixDisplay,1766140053.3163056,259.36583495140076,False
277,0,38,startFixPeriod,1766140053.6700861,259.7196159362793,False
278,0,38,TargetPresentation,1766140054.558492,260.60802364349365,False
279,0,38,TargetDisplacement,1766140054.71782,260.7673485279083,True
280,0,38,RightResponse,1766140055.9326234,261.9821546077728,False
281,0,39,FeedbackPeriodStarted,1766140055.9529738,262.00250244140625,False
282,0,39,startFixDisplay,1766140055.9530392,262.00256729125977,False
283,0,39,startFixPeriod,1766140056.6470788,262.69661021232605,False
284,0,39,TargetPresentation,1766140057.5560622,263.60559248924255,False
285,0,39,TargetRemoval,1766140057.6878822,263.7374107837677,True
286,0,39,TargetReappeared,1766140057.9378462,263.98737835884094,False
287,0,39,LeftResponse,1766140059.1730704,265.2225995063782,False
288,0,40,FeedbackPeriodStarted,1766140059.1866317,265.23616337776184,False
289,0,40,startFixDisplay,1766140059.186771,265.2363016605377,False
290,0,40,startFixPeriod,1766140059.422768,265.4723002910614,False
291,0,40,TargetPresentation,1766140059.9638412,266.01337122917175,False
292,0,40,TargetRemoval,1766140060.2345147,266.2840461730957,True
293,0,40,TargetReappeared,1766140060.4844184,266.5339503288269,False
294,0,40,RightResponse,1766140061.5534182,267.6029498577118,False
295,0,41,FeedbackPeriodStarted,1766140061.573633,267.6231646537781,False
296,0,41,startFixDisplay,1766140061.5737805,267.62330889701843,False
297,0,41,startFixPeriod,1766140061.719564,267.7690944671631,False
298,0,41,TargetPresentation,1766140062.982528,269.0320599079132,False
299,0,41,TargetDisplacement,1766140063.1349633,269.18449425697327,True
300,0,41,RightResponse,1766140064.3358226,270.38535380363464,False
301,0,42,FeedbackPeriodStarted,1766140064.3491383,270.3986670970917,False
302,0,42,startFixDisplay,1766140064.3492064,270.39873480796814,False
303,0,42,startFixPeriod,1766140064.7311306,270.78066205978394,False
304,0,42,TargetPresentation,1766140065.3764899,271.4260196685791,False
305,0,42,TargetDisplacement,1766140065.5635881,271.6131193637848,True
306,0,42,RightResponse,1766140067.2570758,273.3066053390503,False
307,0,42,FeedbackPeriodStarted,1766140067.263608,273.31313824653625,False
308,0,43,startFixDisplay,1766140069.2690425,275.31857442855835,False
309,0,43,startFixPeriod,1766140069.400941,275.4504723548889,False
310,0,43,TargetPresentation,1766140069.907607,275.95713901519775,False
311,0,43,TargetDisplacement,1766140070.080882,276.13041067123413,True
312,0,43,LeftResponse,1766140071.4622786,277.51180958747864,False
313,0,44,FeedbackPeriodStarted,1766140071.4826105,277.5321419239044,False
314,0,44,startFixDisplay,1766140071.482758,277.532288312912,False
315,0,44,startFixPeriod,1766140071.6561332,277.7056620121002,False
316,0,44,TargetPresentation,1766140073.0649438,279.1144759654999,False
317,0,44,TargetDisplacement,1766140073.1412377,279.19077014923096,True
318,0,44,RightResponse,1766140074.6194391,280.6689705848694,False
319,0,45,FeedbackPeriodStarted,1766140074.6398985,280.6894302368164,False
320,0,45,startFixDisplay,1766140074.6400063,280.68953466415405,False
321,0,45,startFixPeriod,1766140074.8065412,280.856073141098,False
322,0,45,TargetPresentation,1766140075.875199,281.92472887039185,False
323,0,45,TargetDisplacement,1766140075.9999015,282.0494327545166,True
324,0,45,RightResponse,1766140077.367315,283.4168450832367,False
325,0,46,FeedbackPeriodStarted,1766140077.3876717,283.43720149993896,False
326,0,46,startFixDisplay,1766140077.3877587,283.437287569046,False
327,0,46,startFixPeriod,1766140077.7557538,283.80528497695923,False
328,0,46,TargetPresentation,1766140079.1919603,285.24149084091187,False
329,0,46,TargetRemoval,1766140079.3166835,285.3662121295929,True
330,0,46,TargetReappeared,1766140079.5667036,285.61623549461365,False
331,0,46,RightResponse,1766140080.4065807,286.456111907959,False
332,0,47,FeedbackPeriodStarted,1766140080.419963,286.46949195861816,False
333,0,47,startFixDisplay,1766140080.420025,286.4695534706116,False
334,0,47,startFixPeriod,1766140080.7533307,286.8028619289398,False
335,0,47,TargetPresentation,1766140081.717828,287.7673592567444,False
336,0,47,TargetDisplacement,1766140081.849536,287.899067401886,True
337,0,47,RightResponse,1766140083.2238255,289.2733545303345,False
338,0,48,FeedbackPeriodStarted,1766140083.2371936,289.2867224216461,False
339,0,48,startFixDisplay,1766140083.2372577,289.28678607940674,False
340,0,48,startFixPeriod,1766140083.4804223,289.52995467185974,False
341,0,48,TargetPresentation,1766140084.014668,290.0641977787018,False
342,0,48,TargetDisplacement,1766140084.2018776,290.2514088153839,True
343,0,48,LeftResponse,1766140085.548429,291.59796047210693,False
344,0,48,FeedbackPeriodStarted,1766140085.554965,291.604496717453,False
345,0,49,startFixDisplay,1766140087.5603144,293.6098461151123,False
346,0,49,startFixPeriod,1766140087.7895286,293.8390603065491,False
347,0,49,TargetPresentation,1766140089.2814217,295.33095383644104,False
348,0,49,TargetDisplacement,1766140089.9405413,295.9900732040405,True
349,0,49,LeftResponse,1766140090.9884195,297.03794836997986,False
350,0,50,FeedbackPeriodStarted,1766140091.0020716,297.0516028404236,False
351,0,50,startFixDisplay,1766140091.0022178,297.05174803733826,False
352,0,50,startFixPeriod,1766140091.1618829,297.21141481399536,False
353,0,50,TargetPresentation,1766140092.001449,298.05098056793213,False
354,0,50,TargetDisplacement,1766140092.126331,298.1758625507355,True
355,0,50,RightResponse,1766140093.5838523,299.6333818435669,False
356,0,51,FeedbackPeriodStarted,1766140093.5971751,299.64670395851135,False
357,0,51,startFixDisplay,1766140093.5972412,299.6467695236206,False
358,0,51,startFixPeriod,1766140093.833452,299.8829860687256,False
359,0,51,TargetPresentation,1766140094.561928,300.6114580631256,False
360,0,51,TargetDisplacement,1766140094.6937013,300.7432327270508,True
361,0,51,RightResponse,1766140095.9848554,302.03438568115234,False
362,0,52,FeedbackPeriodStarted,1766140096.0051107,302.05464243888855,False
363,0,52,startFixDisplay,1766140096.005262,302.0547921657562,False
364,0,52,startFixPeriod,1766140096.2134993,302.26303005218506,False
365,0,52,TargetPresentation,1766140097.2056928,303.25522470474243,False
366,0,52,TargetRemoval,1766140097.3582234,303.40775418281555,True
367,0,52,TargetReappeared,1766140097.6080704,303.65760040283203,False
368,0,52,RightResponse,1766140098.7536037,304.8031370639801,False
369,0,53,FeedbackPeriodStarted,1766140098.766756,304.81628489494324,False
370,0,53,startFixDisplay,1766140098.7668202,304.81634855270386,False
371,0,53,startFixPeriod,1766140098.9613523,305.01088404655457,False
372,0,53,TargetPresentation,1766140100.1965232,306.2460548877716,False
373,0,53,TargetDisplacement,1766140100.342078,306.39160895347595,True
374,0,53,RightResponse,1766140101.3209648,307.3704950809479,False
375,0,54,FeedbackPeriodStarted,1766140101.3342125,307.3837420940399,False
376,0,54,startFixDisplay,1766140101.334313,307.3838412761688,False
377,0,54,startFixPeriod,1766140101.5219047,307.5714359283447,False
378,0,54,TargetPresentation,1766140102.4170756,308.4666063785553,False
379,0,54,TargetRemoval,1766140102.5973675,308.6469223499298,True
380,0,54,TargetReappeared,1766140102.8472533,308.89678502082825,False
381,0,54,RightResponse,1766140104.0062761,310.05580592155457,False
382,0,54,FeedbackPeriodStarted,1766140104.0128121,310.0623412132263,False
383,0,55,startFixDisplay,1766140106.0180116,312.06754064559937,False
384,0,55,startFixPeriod,1766140106.261227,312.3107588291168,False
385,0,55,TargetPresentation,1766140107.1354768,313.18500804901123,False
386,0,55,TargetDisplacement,1766140107.2670407,313.3165695667267,True
387,0,55,RightResponse,1766140108.5442204,314.59374952316284,False
388,0,56,FeedbackPeriodStarted,1766140108.5578344,314.60736560821533,False
389,0,56,startFixDisplay,1766140108.557992,314.60752058029175,False
390,0,56,startFixPeriod,1766140108.745467,314.79499864578247,False
391,0,56,TargetPresentation,1766140109.7792854,315.82881712913513,False
392,0,56,TargetDisplacement,1766140109.9247627,315.9742910861969,True
393,0,56,RightResponse,1766140111.0634456,317.1129765510559,False
394,0,57,FeedbackPeriodStarted,1766140111.0836933,317.13322496414185,False
395,0,57,startFixDisplay,1766140111.0838292,317.1333577632904,False
396,0,57,startFixPeriod,1766140111.3128483,317.362380027771,False
397,0,57,TargetPresentation,1766140112.5270991,318.5766282081604,False
398,0,57,TargetDisplacement,1766140112.6796386,318.7291696071625,True
399,0,57,LeftResponse,1766140113.74177,319.79130005836487,False
400,0,58,FeedbackPeriodStarted,1766140113.7621472,319.8116784095764,False
401,0,58,startFixDisplay,1766140113.762291,319.8118209838867,False
402,0,58,startFixPeriod,1766140113.9772558,320.0267872810364,False
403,0,58,TargetPresentation,1766140115.1847868,321.2343168258667,False
404,0,58,TargetRemoval,1766140115.351201,321.4007318019867,True
405,0,58,TargetReappeared,1766140115.6010814,321.65061259269714,False
406,0,58,RightResponse,1766140116.808852,322.85838198661804,False
407,0,59,FeedbackPeriodStarted,1766140116.8291621,322.87869358062744,False
408,0,59,startFixDisplay,1766140116.8293054,322.8788356781006,False
409,0,59,startFixPeriod,1766140117.2387934,323.288325548172,False
410,0,59,TargetPresentation,1766140118.3004768,324.3500061035156,False
411,0,59,TargetRemoval,1766140118.4390137,324.4885447025299,True
412,0,59,TargetReappeared,1766140118.6890006,324.73853278160095,False
413,0,59,RightResponse,1766140120.292118,326.34164810180664,False
414,0,60,FeedbackPeriodStarted,1766140120.3124714,326.36200046539307,False
415,0,60,startFixDisplay,1766140120.3125412,326.3620693683624,False
416,0,60,startFixPeriod,1766140120.7360182,326.78554797172546,False
417,0,60,TargetPresentation,1766140121.3327115,327.3822429180145,False
418,0,60,TargetDisplacement,1766140121.464507,327.5140357017517,True
419,0,60,RightResponse,1766140122.5820897,328.63162088394165,False
420,0,60,FeedbackPeriodStarted,1766140122.588684,328.6382155418396,False
421,0,61,startFixDisplay,1766140124.5939188,330.64345049858093,False
422,0,61,startFixPeriod,1766140124.8090534,330.8585834503174,False
423,0,61,TargetPresentation,1766140126.2872808,332.3368127346039,False
424,0,61,TargetDisplacement,1766140126.5299249,332.57945346832275,True
425,0,61,LeftResponse,1766140127.543448,333.5929777622223,False
426,0,62,FeedbackPeriodStarted,1766140127.5638804,333.61341190338135,False
427,0,62,startFixDisplay,1766140127.5640373,333.61356711387634,False
428,0,62,startFixPeriod,1766140127.71662,333.7661507129669,False
429,0,62,TargetPresentation,1766140129.1877928,335.23732471466064,False
430,0,62,TargetRemoval,1766140129.347212,335.39674377441406,True
431,0,62,TargetReappeared,1766140129.5970676,335.64659690856934,False
432,0,62,LeftResponse,1766140131.1310623,337.1805930137634,False
433,0,63,FeedbackPeriodStarted,1766140131.1443274,337.19385623931885,False
434,0,63,startFixDisplay,1766140131.1444228,337.19395089149475,False
435,0,63,startFixPeriod,1766140131.3667026,337.416232585907,False
436,0,63,TargetPresentation,1766140132.3241887,338.3737177848816,False
437,0,63,TargetRemoval,1766140132.4629564,338.5124878883362,True
438,0,63,TargetReappeared,1766140132.7128172,338.7623472213745,False
439,0,63,RightResponse,1766140134.4549263,340.5044574737549,False
440,0,64,FeedbackPeriodStarted,1766140134.4752235,340.5247554779053,False
441,0,64,startFixDisplay,1766140134.4754,340.52493143081665,False
442,0,64,startFixPeriod,1766140134.7112348,340.7607653141022,False
443,0,64,TargetPresentation,1766140135.5092554,341.5587868690491,False
444,0,64,TargetRemoval,1766140135.69647,341.74599838256836,True
445,0,64,TargetReappeared,1766140135.9462776,341.99580907821655,False
446,0,64,LeftResponse,1766140137.3691885,343.418719291687,False
447,0,65,FeedbackPeriodStarted,1766140137.389593,343.4391243457794,False
448,0,65,startFixDisplay,1766140137.3897352,343.43926525115967,False
449,0,65,startFixPeriod,1766140137.5770926,343.62662291526794,False
450,0,65,TargetPresentation,1766140138.1115217,344.1610543727875,False
451,0,65,TargetDisplacement,1766140138.3471875,344.3967185020447,True
452,0,65,LeftResponse,1766140139.7423265,345.79185819625854,False
453,0,65,FeedbackPeriodStarted,1766140139.77663,345.82615876197815,False
454,1,66,startFixDisplay,1766140258.9197083,464.96923661231995,False
455,1,66,startFixPeriod,1766140258.9823363,465.0318675041199,False
456,1,66,TargetPresentation,1766140260.224592,466.2741210460663,False
457,1,66,TargetRemoval,1766140260.8696682,466.9191997051239,True
458,1,66,TargetReappeared,1766140261.1196828,467.1692171096802,False
459,1,66,LeftResponse,1766140262.1259358,468.17546463012695,False
460,1,67,FeedbackPeriodStarted,1766140262.1394598,468.1889889240265,False
461,1,67,startFixDisplay,1766140262.1395316,468.1890597343445,False
462,1,67,startFixPeriod,1766140262.2992284,468.34875988960266,False
463,1,67,TargetPresentation,1766140263.027862,469.0773935317993,False
464,1,67,TargetDisplacement,1766140263.2427092,469.2922377586365,True
465,1,67,LeftResponse,1766140264.3606544,470.4101858139038,False
466,1,68,FeedbackPeriodStarted,1766140264.3808537,470.4303848743439,False
467,1,68,startFixDisplay,1766140264.380999,470.43052911758423,False
468,1,68,startFixPeriod,1766140264.5336506,470.58318066596985,False
469,1,68,TargetPresentation,1766140265.748058,471.7975890636444,False
470,1,68,TargetDisplacement,1766140265.9144151,471.96394872665405,True
471,1,68,LeftResponse,1766140266.955683,473.0052146911621,False
472,1,69,FeedbackPeriodStarted,1766140266.969031,473.01855993270874,False
473,1,69,startFixDisplay,1766140266.969095,473.0186231136322,False
474,1,69,startFixPeriod,1766140267.128913,473.17844438552856,False
475,1,69,TargetPresentation,1766140267.663171,473.71270298957825,False
476,1,69,TargetDisplacement,1766140267.8225741,473.8721024990082,True
477,1,69,RightResponse,1766140268.835952,474.8854820728302,False
478,1,70,FeedbackPeriodStarted,1766140268.8494818,474.89901065826416,False
479,1,70,startFixDisplay,1766140268.8495476,474.89907574653625,False
480,1,70,startFixPeriod,1766140269.0509412,475.1004726886749,False
481,1,70,TargetPresentation,1766140270.2376862,476.2872188091278,False
482,1,70,TargetDisplacement,1766140270.438676,476.4882073402405,True
483,1,70,RightResponse,1766140271.4868438,477.5363736152649,False
484,1,71,FeedbackPeriodStarted,1766140271.5072277,477.55675864219666,False
485,1,71,startFixDisplay,1766140271.5073898,477.55692172050476,False
486,1,71,startFixPeriod,1766140271.6600854,477.7096152305603,False
487,1,71,TargetPresentation,1766140272.1805248,478.23005652427673,False
488,1,71,TargetDisplacement,1766140272.1873996,478.2369318008423,True
489,1,71,LeftResponse,1766140273.9151986,479.9647274017334,False
490,1,72,FeedbackPeriodStarted,1766140273.92886,479.9783890247345,False
491,1,72,startFixDisplay,1766140273.9289856,479.9785141944885,False
492,1,72,startFixPeriod,1766140274.0886443,480.13817501068115,False
493,1,72,TargetPresentation,1766140275.2753265,481.32485818862915,False
494,1,72,TargetRemoval,1766140275.4069633,481.45649218559265,True
495,1,72,TargetReappeared,1766140275.656945,481.7064769268036,False
496,1,72,LeftResponse,1766140276.4690244,482.5185556411743,False
497,1,72,FeedbackPeriodStarted,1766140276.482642,482.5321753025055,False
498,1,73,startFixDisplay,1766140278.4878993,484.53743028640747,False
499,1,73,startFixPeriod,1766140278.5574782,484.6070091724396,False
500,1,73,TargetPresentation,1766140279.1196105,485.1691424846649,False
501,1,73,TargetDisplacement,1766140279.8202279,485.8697566986084,True
502,1,73,RightResponse,1766140280.6325638,486.6820948123932,False
503,1,74,FeedbackPeriodStarted,1766140280.6459239,486.6954538822174,False
504,1,74,startFixDisplay,1766140280.6459844,486.69551277160645,False
505,1,74,startFixPeriod,1766140280.8057127,486.85525727272034,False
506,1,74,TargetPresentation,1766140281.9576786,488.00721049308777,False
507,1,74,TargetDisplacement,1766140282.561144,488.6106753349304,True
508,1,74,RightResponse,1766140283.4705648,489.5200960636139,False
509,1,75,FeedbackPeriodStarted,1766140283.4840226,489.53355145454407,False
510,1,75,startFixDisplay,1766140283.4840872,489.53361558914185,False
511,1,75,startFixPeriod,1766140283.6439316,489.69346261024475,False
512,1,75,TargetPresentation,1766140284.9621463,491.01167607307434,False
513,1,75,TargetRemoval,1766140285.1146636,491.1641924381256,True
514,1,75,TargetReappeared,1766140285.3647618,491.41429352760315,False
515,1,75,RightResponse,1766140286.301855,492.35138487815857,False
516,1,76,FeedbackPeriodStarted,1766140286.3220775,492.37160897254944,False
517,1,76,startFixDisplay,1766140286.3222218,492.3717517852783,False
518,1,76,startFixPeriod,1766140286.4957225,492.54525208473206,False
519,1,76,TargetPresentation,1766140287.411732,493.4612636566162,False
520,1,76,TargetRemoval,1766140288.1678796,494.2174084186554,True
521,1,76,TargetReappeared,1766140288.417922,494.467453956604,False
522,1,76,FeedbackPeriodStarted,1766140290.430155,496.4796848297119,False
523,1,77,startFixDisplay,1766140290.9365118,496.9860429763794,False
524,1,77,startFixPeriod,1766140290.9435086,496.99304008483887,False
525,1,77,TargetPresentation,1766140292.4078844,498.45741391181946,False
526,1,77,TargetRemoval,1766140292.8934884,498.94301986694336,True
527,1,77,TargetReappeared,1766140293.1432922,499.19282364845276,False
528,1,77,LeftResponse,1766140293.899907,499.94943737983704,False
529,1,78,FeedbackPeriodStarted,1766140293.9203942,499.96992588043213,False
530,1,78,startFixDisplay,1766140293.920544,499.97007393836975,False
531,1,78,startFixPeriod,1766140294.0661194,500.11564922332764,False
532,1,78,TargetPresentation,1766140294.6143217,500.66385078430176,False
533,1,78,TargetDisplacement,1766140294.9126678,500.96219873428345,True
534,1,78,RightResponse,1766140295.682948,501.73247742652893,False
535,1,78,FeedbackPeriodStarted,1766140295.6898592,501.7393879890442,False
536,1,79,startFixDisplay,1766140297.6952653,503.744797706604,False
537,1,79,startFixPeriod,1766140297.7021987,503.75173020362854,False
538,1,79,TargetPresentation,1766140298.4517634,504.5012962818146,False
539,1,79,TargetDisplacement,1766140298.5833976,504.6329290866852,True
540,1,79,LeftResponse,1766140299.8328087,505.88233971595764,False
541,1,80,FeedbackPeriodStarted,1766140299.853112,505.90264105796814,False
542,1,80,startFixDisplay,1766140299.8532286,505.90275716781616,False
543,1,80,startFixPeriod,1766140300.019839,506.06936860084534,False
544,1,80,TargetPresentation,1766140300.8803964,506.9299302101135,False
545,1,80,TargetDisplacement,1766140301.032907,507.0824353694916,True
546,1,80,LeftResponse,1766140301.7410216,507.7905521392822,False
547,1,81,FeedbackPeriodStarted,1766140301.754401,507.8039300441742,False
548,1,81,startFixDisplay,1766140301.754469,507.8039972782135,False
549,1,81,startFixPeriod,1766140301.9559577,508.0054874420166,False
550,1,81,TargetPresentation,1766140302.677612,508.72714352607727,False
551,1,81,TargetRemoval,1766140302.8162415,508.86577224731445,True
552,1,81,TargetReappeared,1766140303.0662763,509.1158092021942,False
553,1,81,LeftResponse,1766140303.8780918,509.9276213645935,False
554,1,82,FeedbackPeriodStarted,1766140303.8986816,509.94821310043335,False
555,1,82,startFixDisplay,1766140303.8988152,509.94834542274475,False
556,1,82,startFixPeriod,1766140304.1140223,510.1635537147522,False
557,1,82,TargetPresentation,1766140304.8980777,510.9476091861725,False
558,1,82,TargetDisplacement,1766140305.0367732,511.0863046646118,True
559,1,82,RightResponse,1766140306.070838,512.1203670501709,False
560,1,83,FeedbackPeriodStarted,1766140306.0843542,512.1338829994202,False
561,1,83,startFixDisplay,1766140306.0844321,512.1339604854584,False
562,1,83,startFixPeriod,1766140306.2650998,512.31463098526,False
563,1,83,TargetPresentation,1766140307.1117125,513.1612441539764,False
564,1,83,TargetDisplacement,1766140307.3196712,513.369202375412,True
565,1,83,RightResponse,1766140308.15968,514.2092096805573,False
566,1,84,FeedbackPeriodStarted,1766140308.180048,514.2295789718628,False
567,1,84,startFixDisplay,1766140308.1801932,514.2297232151031,False
568,1,84,startFixPeriod,1766140308.325864,514.3753933906555,False
569,1,84,TargetPresentation,1766140309.5265155,515.5760471820831,False
570,1,84,TargetDisplacement,1766140309.7552645,515.8047957420349,True
571,1,84,RightResponse,1766140310.574527,516.624058008194,False
572,1,84,FeedbackPeriodStarted,1766140310.5809593,516.6304907798767,False
573,1,85,startFixDisplay,1766140312.5863228,518.6358547210693,False
574,1,85,startFixPeriod,1766140312.8363428,518.8858745098114,False
575,1,85,TargetPresentation,1766140313.9188282,519.9683601856232,False
576,1,85,TargetDisplacement,1766140314.1061301,520.1556615829468,True
577,1,85,RightResponse,1766140314.9876864,521.0372173786163,False
578,1,86,FeedbackPeriodStarted,1766140315.0010056,521.0505344867706,False
579,1,86,startFixDisplay,1766140315.0010693,521.0505974292755,False
580,1,86,startFixPeriod,1766140315.1678023,521.2173340320587,False
581,1,86,TargetPresentation,1766140315.7507823,521.8003137111664,False
582,1,86,TargetRemoval,1766140315.882547,521.9320783615112,True
583,1,86,TargetReappeared,1766140316.1325188,522.1820511817932,False
584,1,86,LeftResponse,1766140316.8403573,522.8898870944977,False
585,1,87,FeedbackPeriodStarted,1766140316.860779,522.9103105068207,False
586,1,87,startFixDisplay,1766140316.860875,522.910403251648,False
587,1,87,startFixPeriod,1766140317.0621293,523.1116592884064,False
588,1,87,TargetPresentation,1766140318.4430604,524.4925894737244,False
589,1,87,TargetDisplacement,1766140318.5886154,524.6381461620331,True
590,1,87,LeftResponse,1766140319.421825,525.4713563919067,False
591,1,88,FeedbackPeriodStarted,1766140319.435315,525.4848439693451,False
592,1,88,startFixDisplay,1766140319.435395,525.4849233627319,False
593,1,88,startFixPeriod,1766140319.608922,525.658454656601,False
594,1,88,TargetPresentation,1766140320.8023121,526.8518443107605,False
595,1,88,TargetRemoval,1766140320.9548752,527.004403591156,True
596,1,88,TargetReappeared,1766140321.2048235,527.2543551921844,False
597,1,88,RightResponse,1766140322.07251,528.1220409870148,False
598,1,89,FeedbackPeriodStarted,1766140322.0928202,528.1423490047455,False
599,1,89,startFixDisplay,1766140322.0928838,528.142412185669,False
600,1,89,startFixPeriod,1766140322.252672,528.3022041320801,False
601,1,89,TargetPresentation,1766140323.6405144,529.6900460720062,False
602,1,89,TargetRemoval,1766140323.785944,529.8354754447937,True
603,1,89,TargetReappeared,1766140324.0359375,530.0854694843292,False
604,1,89,RightResponse,1766140324.737094,530.7866234779358,False
605,1,90,FeedbackPeriodStarted,1766140324.7574203,530.8069524765015,False
606,1,90,startFixDisplay,1766140324.7575676,530.8070979118347,False
607,1,90,startFixPeriod,1766140324.9171515,530.9666810035706,False
608,1,90,TargetPresentation,1766140326.0621169,532.1116468906403,False
609,1,90,TargetDisplacement,1766140326.3395765,532.3891077041626,True
610,1,90,LeftResponse,1766140327.318349,533.3678798675537,False
611,1,90,FeedbackPeriodStarted,1766140327.3318293,533.3813583850861,False
612,1,91,startFixDisplay,1766140329.337043,535.3865716457367,False
613,1,91,startFixPeriod,1766140329.5384765,535.5880081653595,False
614,1,91,TargetPresentation,1766140330.204764,536.2542941570282,False
615,1,91,TargetDisplacement,1766140330.3641484,536.4136769771576,True
616,1,91,LeftResponse,1766140331.1349194,537.1844508647919,False
617,1,92,FeedbackPeriodStarted,1766140331.1622055,537.2117366790771,False
618,1,92,startFixDisplay,1766140331.1623452,537.2118752002716,False
619,1,92,startFixPeriod,1766140331.3149538,537.364485502243,False
620,1,92,TargetPresentation,1766140332.522423,538.5719559192657,False
621,1,92,TargetDisplacement,1766140332.688732,538.7382607460022,True
622,1,92,LeftResponse,1766140333.6951702,539.7446999549866,False
623,1,93,FeedbackPeriodStarted,1766140333.715726,539.765257358551,False
624,1,93,startFixDisplay,1766140333.7159417,539.7654702663422,False
625,1,93,startFixPeriod,1766140333.9032545,539.9527859687805,False
626,1,93,TargetPresentation,1766140335.2146256,541.2641549110413,False
627,1,93,TargetRemoval,1766140335.374201,541.4237322807312,True
628,1,93,TargetReappeared,1766140335.6240497,541.6735804080963,False
629,1,93,RightResponse,1766140336.2836003,542.3331315517426,False
630,1,94,FeedbackPeriodStarted,1766140336.3039148,542.3534443378448,False
631,1,94,startFixDisplay,1766140336.3039832,542.3535115718842,False
632,1,94,startFixPeriod,1766140336.477664,542.5271968841553,False
633,1,94,TargetPresentation,1766140337.4490585,543.498589515686,False
634,1,94,TargetDisplacement,1766140337.6086566,543.6581883430481,True
635,1,94,LeftResponse,1766140338.4417715,544.4913024902344,False
636,1,95,FeedbackPeriodStarted,1766140338.4620245,544.5115556716919,False
637,1,95,startFixDisplay,1766140338.462171,544.5117013454437,False
638,1,95,startFixPeriod,1766140338.6565084,544.7060389518738,False
639,1,95,TargetPresentation,1766140339.9957795,546.0453112125397,False
640,1,95,TargetRemoval,1766140340.1413977,546.1909317970276,True
641,1,95,TargetReappeared,1766140340.3911953,546.4407246112823,False
642,1,95,LeftResponse,1766140341.0644183,547.11394739151,False
643,1,96,FeedbackPeriodStarted,1766140341.0779042,547.1274330615997,False
644,1,96,startFixDisplay,1766140341.077968,547.1274962425232,False
645,1,96,startFixPeriod,1766140341.3558972,547.4054291248322,False
646,1,96,TargetPresentation,1766140342.5355227,548.5850546360016,False
647,1,96,TargetDisplacement,1766140342.6810658,548.7305970191956,True
648,1,96,LeftResponse,1766140343.6458902,549.6954200267792,False
649,1,96,FeedbackPeriodStarted,1766140343.6524787,549.7020101547241,False
650,1,97,startFixDisplay,1766140345.6576447,551.7071735858917,False
651,1,97,startFixPeriod,1766140345.8591735,551.9087057113647,False
652,1,97,TargetPresentation,1766140347.1220539,553.1715850830078,False
653,1,97,TargetDisplacement,1766140347.2746348,553.3241658210754,True
654,1,97,LeftResponse,1766140348.0384023,554.0879356861115,False
655,1,98,FeedbackPeriodStarted,1766140348.0587003,554.1082322597504,False
656,1,98,startFixDisplay,1766140348.0588489,554.1083788871765,False
657,1,98,startFixPeriod,1766140348.0656765,554.1152076721191,False
658,1,98,TargetPresentation,1766140349.47454,555.5240721702576,False
659,1,98,TargetDisplacement,1766140349.613068,555.6625967025757,True
660,1,98,LeftResponse,1766140350.369838,556.4193692207336,False
661,1,99,FeedbackPeriodStarted,1766140350.3831875,556.4327161312103,False
662,1,99,startFixDisplay,1766140350.3832555,556.4327838420868,False
663,1,99,startFixPeriod,1766140350.626332,556.6758637428284,False
664,1,99,TargetPresentation,1766140351.4590697,557.5086016654968,False
665,1,99,TargetDisplacement,1766140352.1527398,558.2022686004639,True
666,1,99,RightResponse,1766140352.5484693,558.5979981422424,False
667,1,100,FeedbackPeriodStarted,1766140352.562017,558.6115460395813,False
668,1,100,startFixDisplay,1766140352.5620863,558.6116147041321,False
669,1,100,startFixPeriod,1766140352.742656,558.7921853065491,False
670,1,100,TargetPresentation,1766140353.866739,559.9162678718567,False
671,1,100,TargetDisplacement,1766140354.0261886,560.0757169723511,True
672,1,100,LeftResponse,1766140354.623264,560.672792673111,False
673,1,101,FeedbackPeriodStarted,1766140354.6367872,560.6863160133362,False
674,1,101,startFixDisplay,1766140354.6368515,560.6863796710968,False
675,1,101,startFixPeriod,1766140354.6437473,560.6932761669159,False
676,1,101,TargetPresentation,1766140355.5391738,561.588705778122,False
677,1,101,TargetDisplacement,1766140355.656995,561.7065262794495,True
678,1,101,LeftResponse,1766140356.9689772,563.0185084342957,False
679,1,102,FeedbackPeriodStarted,1766140356.9821832,563.0317120552063,False
680,1,102,startFixDisplay,1766140356.982256,563.0317840576172,False
681,1,102,startFixPeriod,1766140357.1559966,563.2055268287659,False
682,1,102,TargetPresentation,1766140358.5645206,564.6140520572662,False
683,1,102,TargetRemoval,1766140358.7101433,564.7596743106842,True
684,1,102,TargetReappeared,1766140358.960032,565.0095620155334,False
685,1,102,RightResponse,1766140359.7650478,565.8145773410797,False
686,1,102,FeedbackPeriodStarted,1766140359.7719078,565.8214380741119,False
687,1,103,startFixDisplay,1766140361.7771215,567.8266534805298,False
688,1,103,startFixPeriod,1766140362.0271451,568.0766770839691,False
689,1,103,TargetPresentation,1766140363.4565814,569.5061101913452,False
690,1,103,TargetRemoval,1766140364.1225493,570.1720805168152,True
691,1,103,TargetReappeared,1766140364.3726082,570.42214012146,False
692,1,103,LeftResponse,1766140365.1499004,571.1994318962097,False
693,1,104,FeedbackPeriodStarted,1766140365.1704013,571.2199332714081,False
694,1,104,startFixDisplay,1766140365.1705382,571.2200682163239,False
695,1,104,startFixPeriod,1766140365.3370013,571.3865303993225,False
696,1,104,TargetPresentation,1766140366.1560066,572.2055389881134,False
697,1,104,TargetDisplacement,1766140366.356931,572.4064598083496,True
698,1,104,LeftResponse,1766140367.3428898,573.3924195766449,False
699,1,105,FeedbackPeriodStarted,1766140367.356231,573.4057598114014,False
700,1,105,startFixDisplay,1766140367.3562968,573.405825138092,False
701,1,105,startFixPeriod,1766140367.5297987,573.5793304443359,False
702,1,105,TargetPresentation,1766140368.8620603,574.9115896224976,False
703,1,105,TargetDisplacement,1766140369.0006535,575.0501821041107,True
704,1,105,LeftResponse,1766140369.9726906,576.0222218036652,False
705,1,106,FeedbackPeriodStarted,1766140369.9860516,576.0355803966522,False
706,1,106,startFixDisplay,1766140369.9861689,576.0356974601746,False
707,1,106,startFixPeriod,1766140370.1943376,576.243869304657,False
708,1,106,TargetPresentation,1766140371.5684128,577.6179449558258,False
709,1,106,TargetDisplacement,1766140371.7209072,577.7704360485077,True
710,1,106,RightResponse,1766140372.6373518,578.6868805885315,False
711,1,107,FeedbackPeriodStarted,1766140372.6575792,578.7071106433868,False
712,1,107,startFixDisplay,1766140372.6577263,578.7072565555573,False
713,1,107,startFixPeriod,1766140372.8243167,578.8738481998444,False
714,1,107,TargetPresentation,1766140373.622276,579.6718075275421,False
715,1,107,TargetRemoval,1766140374.309076,580.3586070537567,True
716,1,107,TargetReappeared,1766140374.5591116,580.6086413860321,False
717,1,107,RightResponse,1766140375.4892313,581.5387616157532,False
718,1,108,FeedbackPeriodStarted,1766140375.5097296,581.5592613220215,False
719,1,108,startFixDisplay,1766140375.509905,581.5594353675842,False
720,1,108,startFixPeriod,1766140375.676238,581.7257678508759,False
721,1,108,TargetPresentation,1766140377.03633,583.0858616828918,False
722,1,108,TargetDisplacement,1766140377.1749449,583.2244756221771,True
723,1,108,LeftResponse,1766140377.9453616,583.994891166687,False
724,1,108,FeedbackPeriodStarted,1766140377.9521413,584.0016729831696,False
725,1,109,startFixDisplay,1766140379.9574876,586.0070195198059,False
726,1,109,startFixPeriod,1766140380.221312,586.2708420753479,False
727,1,109,TargetPresentation,1766140381.081904,587.13143658638,False
728,1,109,TargetDisplacement,1766140381.2272627,587.2767934799194,True
729,1,109,LeftResponse,1766140382.053405,588.1029362678528,False
730,1,110,FeedbackPeriodStarted,1766140382.067325,588.1168563365936,False
731,1,110,startFixDisplay,1766140382.0674927,588.117023229599,False
732,1,110,startFixPeriod,1766140382.254545,588.3040766716003,False
733,1,110,TargetPresentation,1766140383.5035112,589.5530431270599,False
734,1,110,TargetDisplacement,1766140383.6490269,589.6985580921173,True
735,1,110,LeftResponse,1766140384.6764083,590.7259395122528,False
736,1,111,FeedbackPeriodStarted,1766140384.6968331,590.7463645935059,False
737,1,111,startFixDisplay,1766140384.6970391,590.746570110321,False
738,1,111,startFixPeriod,1766140384.9399312,590.9894626140594,False
739,1,111,TargetPresentation,1766140385.6268504,591.6763818264008,False
740,1,111,TargetDisplacement,1766140385.7724266,591.8219578266144,True
741,1,111,LeftResponse,1766140387.1605895,593.2101197242737,False
742,1,112,FeedbackPeriodStarted,1766140387.1809633,593.2304921150208,False
743,1,112,startFixDisplay,1766140387.1810267,593.2305550575256,False
744,1,112,startFixPeriod,1766140387.4032588,593.4527904987335,False
745,1,112,TargetPresentation,1766140388.4440067,594.493537902832,False
746,1,112,TargetDisplacement,1766140388.5826101,594.6321387290955,True
747,1,112,LeftResponse,1766140389.4367778,595.4863095283508,False
748,1,113,FeedbackPeriodStarted,1766140389.4569116,595.5064406394958,False
749,1,113,startFixDisplay,1766140389.456982,595.5065104961395,False
750,1,113,startFixPeriod,1766140389.6652677,595.7147977352142,False
751,1,113,TargetPresentation,1766140391.1365218,597.186053276062,False
752,1,113,TargetRemoval,1766140391.268105,597.3176336288452,True
753,1,113,TargetReappeared,1766140391.518045,597.567590713501,False
754,1,113,RightResponse,1766140392.337162,598.3866920471191,False
755,1,114,FeedbackPeriodStarted,1766140392.357514,598.4070453643799,False
756,1,114,startFixDisplay,1766140392.3576608,598.4071907997131,False
757,1,114,startFixPeriod,1766140392.5382044,598.5877373218536,False
758,1,114,TargetPresentation,1766140393.3361652,599.38569688797,False
759,1,114,TargetRemoval,1766140393.4817867,599.5313200950623,True
760,1,114,TargetReappeared,1766140393.7316556,599.7811851501465,False
761,1,114,LeftResponse,1766140394.2869673,600.3364973068237,False
762,1,114,FeedbackPeriodStarted,1766140394.293507,600.34303855896,False
763,1,115,startFixDisplay,1766140396.2988286,602.3483603000641,False
764,1,115,startFixPeriod,1766140396.576606,602.6261377334595,False
765,1,115,TargetPresentation,1766140397.6175284,603.6670598983765,False
766,1,115,TargetDisplacement,1766140397.7490702,603.7985987663269,True
767,1,115,LeftResponse,1766140398.540703,604.5902345180511,False
768,1,116,FeedbackPeriodStarted,1766140398.561003,604.6105344295502,False
769,1,116,startFixDisplay,1766140398.5611448,604.6106748580933,False
770,1,116,startFixPeriod,1766140398.804031,604.8535618782043,False
771,1,116,TargetPresentation,1766140399.5881453,605.6376748085022,False
772,1,116,TargetRemoval,1766140399.719946,605.7694773674011,True
773,1,116,TargetReappeared,1766140399.969793,606.0193247795105,False
774,1,116,LeftResponse,1766140400.7887356,606.8382647037506,False
775,1,117,FeedbackPeriodStarted,1766140400.8023632,606.8518948554993,False
776,1,117,startFixDisplay,1766140400.8025436,606.8520741462708,False
777,1,117,startFixPeriod,1766140401.2604823,607.3100140094757,False
778,1,117,TargetPresentation,1766140402.1971703,608.2466998100281,False
779,1,117,TargetRemoval,1766140402.3566303,608.4061586856842,True
780,1,117,TargetReappeared,1766140402.6065652,608.6560966968536,False
781,1,117,LeftResponse,1766140403.2313387,609.2808699607849,False
782,1,118,FeedbackPeriodStarted,1766140403.2517974,609.3013291358948,False
783,1,118,startFixDisplay,1766140403.251895,609.3014233112335,False
784,1,118,startFixPeriod,1766140403.8140163,609.8635482788086,False
785,1,118,TargetPresentation,1766140404.8270543,610.8765840530396,False
786,1,118,TargetDisplacement,1766140404.9866312,611.0361623764038,True
787,1,118,RightResponse,1766140405.9517105,612.0012402534485,False
788,1,119,FeedbackPeriodStarted,1766140405.9719217,612.0214507579803,False
789,1,119,startFixDisplay,1766140405.9719944,612.0215227603912,False
790,1,119,startFixPeriod,1766140406.3537002,612.4032309055328,False
791,1,119,TargetPresentation,1766140407.6442297,613.6937611103058,False
792,1,119,TargetDisplacement,1766140407.8871164,613.9366476535797,True
793,1,119,RightResponse,1766140408.768775,614.818305015564,False
794,1,120,FeedbackPeriodStarted,1766140408.7891338,614.8386657238007,False
795,1,120,startFixDisplay,1766140408.7892835,614.8388137817383,False
796,1,120,startFixPeriod,1766140408.97664,615.0261714458466,False
797,1,120,TargetPresentation,1766140409.684347,615.7338769435883,False
798,1,120,TargetDisplacement,1766140410.1075795,616.1571109294891,True
799,1,120,RightResponse,1766140410.7741277,616.8236582279205,False
800,1,120,FeedbackPeriodStarted,1766140410.7877576,616.8372867107391,False
801,1,121,startFixDisplay,1766140412.7999105,618.8494420051575,False
802,1,121,startFixPeriod,1766140413.0498507,619.0993800163269,False
803,1,121,TargetPresentation,1766140414.3613966,620.410927772522,False
804,1,121,TargetRemoval,1766140414.4998672,620.5493957996368,True
805,1,121,TargetReappeared,1766140414.7500062,620.7995355129242,False
806,1,121,LeftResponse,1766140415.3746934,621.4242243766785,False
807,1,122,FeedbackPeriodStarted,1766140415.4022756,621.4518077373505,False
808,1,122,startFixDisplay,1766140415.4025242,621.4520554542542,False
809,1,122,startFixPeriod,1766140415.5896108,621.6391415596008,False
810,1,122,TargetPresentation,1766140416.7968192,622.846349477768,False
811,1,122,TargetRemoval,1766140416.9356315,622.9851624965668,True
812,1,122,TargetReappeared,1766140417.1856437,623.23517537117,False
813,1,122,LeftResponse,1766140418.4833214,624.532851934433,False
814,1,123,FeedbackPeriodStarted,1766140418.5038064,624.5533380508423,False
815,1,123,startFixDisplay,1766140418.5039544,624.5534844398499,False
816,1,123,startFixPeriod,1766140418.7676783,624.8172090053558,False
817,1,123,TargetPresentation,1766140419.655872,625.7054166793823,False
818,1,123,TargetDisplacement,1766140419.8014724,625.851003408432,True
819,1,123,RightResponse,1766140421.6130133,627.6625442504883,False
820,1,124,FeedbackPeriodStarted,1766140421.6332948,627.6828262805939,False
821,1,124,startFixDisplay,1766140421.633472,627.6830022335052,False
822,1,124,startFixPeriod,1766140421.8625693,627.9121010303497,False
823,1,124,TargetPresentation,1766140422.7853384,628.834867477417,False
824,1,124,TargetDisplacement,1766140422.9239948,628.9735236167908,True
825,1,124,RightResponse,1766140424.527025,630.5765535831451,False
826,1,125,FeedbackPeriodStarted,1766140424.540827,630.5903587341309,False
827,1,125,startFixDisplay,1766140424.540964,630.5904941558838,False
828,1,125,startFixPeriod,1766140424.832465,630.8819966316223,False
829,1,125,TargetPresentation,1766140425.6512768,631.7008073329926,False
830,1,125,TargetDisplacement,1766140425.8314064,631.8809378147125,True
831,1,125,LeftResponse,1766140426.9420815,632.9916129112244,False
832,1,126,FeedbackPeriodStarted,1766140426.9625661,633.0120978355408,False
833,1,126,startFixDisplay,1766140426.9627128,633.012243270874,False
834,1,126,startFixPeriod,1766140427.2194142,633.2689468860626,False
835,1,126,TargetPresentation,1766140427.802298,633.8518285751343,False
836,1,126,TargetDisplacement,1766140428.0172632,634.0667939186096,True
837,1,126,RightResponse,1766140429.099939,635.1494688987732,False
838,1,126,FeedbackPeriodStarted,1766140429.1066592,635.1561906337738,False
839,1,127,startFixDisplay,1766140431.1119847,637.1615152359009,False
840,1,127,startFixPeriod,1766140431.3550606,637.404590845108,False
841,1,127,TargetPresentation,1766140432.0281687,638.0776982307434,False
842,1,127,TargetDisplacement,1766140432.152835,638.2023773193359,True
843,1,127,LeftResponse,1766140433.3399017,639.3894331455231,False
844,1,128,FeedbackPeriodStarted,1766140433.3603005,639.4098303318024,False
845,1,128,startFixDisplay,1766140433.3605998,639.4101331233978,False
846,1,128,startFixPeriod,1766140433.5340152,639.5835454463959,False
847,1,128,TargetPresentation,1766140434.1097999,640.1593301296234,False
848,1,128,TargetDisplacement,1766140434.255432,640.304963350296,True
849,1,128,RightResponse,1766140435.6646276,641.7141590118408,False
850,1,129,FeedbackPeriodStarted,1766140435.684867,641.7343962192535,False
851,1,129,startFixDisplay,1766140435.6849482,641.7344768047333,False
852,1,129,startFixPeriod,1766140435.8931873,641.9427194595337,False
853,1,129,TargetPresentation,1766140437.017405,643.0669374465942,False
854,1,129,TargetDisplacement,1766140437.1489549,643.198483467102,True
855,1,129,LeftResponse,1766140438.8009362,644.850466966629,False
856,1,130,FeedbackPeriodStarted,1766140438.8212795,644.8708107471466,False
857,1,130,startFixDisplay,1766140438.821443,644.870973110199,False
858,1,130,startFixPeriod,1766140439.0227702,645.072301864624,False
859,1,130,TargetPresentation,1766140440.3965929,646.4461243152618,False
860,1,130,TargetDisplacement,1766140440.5422955,646.5918271541595,True
861,1,130,RightResponse,1766140441.5210412,647.5705716609955,False
862,1,131,FeedbackPeriodStarted,1766140441.541423,647.5909550189972,False
863,1,131,startFixDisplay,1766140441.54157,647.5911004543304,False
864,1,131,startFixPeriod,1766140441.7219586,647.7714903354645,False
865,1,131,TargetPresentation,1766140442.5963213,648.6458530426025,False
866,1,131,TargetDisplacement,1766140442.7210584,648.7705869674683,True
867,1,131,LeftResponse,1766140443.609833,649.6593639850616,False
868,1,131,FeedbackPeriodStarted,1766140443.6440277,649.6935589313507,False
869,2,132,startFixDisplay,1766140506.6086016,712.6581304073334,False
870,2,132,startFixPeriod,1766140506.9073987,712.9569318294525,False
871,2,132,TargetPresentation,1766140507.5109851,713.560515165329,False
872,2,132,TargetDisplacement,1766140507.677419,713.7269506454468,True
873,2,132,LeftResponse,1766140509.0932992,715.142829656601,False
874,2,133,FeedbackPeriodStarted,1766140509.1137145,715.1632459163666,False
875,2,133,startFixDisplay,1766140509.1138587,715.1633887290955,False
876,2,133,startFixPeriod,1766140509.3082576,715.3577892780304,False
877,2,133,TargetPresentation,1766140510.0298805,716.0794122219086,False
878,2,133,TargetRemoval,1766140510.1894507,716.2389822006226,True
879,2,133,TargetReappeared,1766140510.4392107,716.4887411594391,False
880,2,133,RightResponse,1766140511.327801,717.3773319721222,False
881,2,134,FeedbackPeriodStarted,1766140511.3479867,717.3975155353546,False
882,2,134,startFixDisplay,1766140511.3480518,717.397579908371,False
883,2,134,startFixPeriod,1766140511.5148351,717.5643665790558,False
884,2,134,TargetPresentation,1766140512.4030786,718.4526100158691,False
885,2,134,TargetDisplacement,1766140512.909452,718.9589831829071,True
886,2,134,LeftResponse,1766140513.9159405,719.9654717445374,False
887,2,135,FeedbackPeriodStarted,1766140513.9295797,719.9791085720062,False
888,2,135,startFixDisplay,1766140513.9296443,719.979172706604,False
889,2,135,startFixPeriod,1766140514.165544,720.2150757312775,False
890,2,135,TargetPresentation,1766140514.748525,720.7980568408966,False
891,2,135,TargetDisplacement,1766140514.949465,720.998996257782,True
892,2,135,RightResponse,1766140515.7965188,721.846049785614,False
893,2,136,FeedbackPeriodStarted,1766140515.8168561,721.8663876056671,False
894,2,136,startFixDisplay,1766140515.8169992,721.8665292263031,False
895,2,136,startFixPeriod,1766140515.9697077,722.0192396640778,False
896,2,136,TargetPresentation,1766140517.065967,723.1154963970184,False
897,2,136,TargetDisplacement,1766140517.6695879,723.7191195487976,True
898,2,136,RightResponse,1766140518.4679902,724.5175213813782,False
899,2,137,FeedbackPeriodStarted,1766140518.488409,724.5379405021667,False
900,2,137,startFixDisplay,1766140518.4885542,724.53808426857,False
901,2,137,startFixPeriod,1766140518.6344,724.6839327812195,False
902,2,137,TargetPresentation,1766140519.8764465,725.9259784221649,False
903,2,137,TargetDisplacement,1766140520.008069,726.0576002597809,True
904,2,137,LeftResponse,1766140520.8481874,726.8977174758911,False
905,2,138,FeedbackPeriodStarted,1766140520.8685222,726.9180533885956,False
906,2,138,startFixDisplay,1766140520.8686674,726.9181978702545,False
907,2,138,startFixPeriod,1766140521.0768743,727.126405954361,False
908,2,138,TargetPresentation,1766140522.145406,728.1949355602264,False
909,2,138,TargetDisplacement,1766140522.284133,728.333662033081,True
910,2,138,LeftResponse,1766140523.5683305,729.6178612709045,False
911,2,138,FeedbackPeriodStarted,1766140523.5747638,729.6242957115173,False
912,2,139,startFixDisplay,1766140525.5800402,731.6295690536499,False
913,2,139,startFixPeriod,1766140525.9410944,731.9906234741211,False
914,2,139,TargetPresentation,1766140526.46849,732.5180215835571,False
915,2,139,TargetDisplacement,1766140526.6000736,732.6496045589447,True
916,2,139,LeftResponse,1766140527.2737985,733.3233294487,False
917,2,140,FeedbackPeriodStarted,1766140527.2939022,733.3434309959412,False
918,2,140,startFixDisplay,1766140527.2939768,733.3435049057007,False
919,2,140,startFixPeriod,1766140527.5508764,733.6004056930542,False
920,2,140,TargetPresentation,1766140528.3697927,734.4193224906921,False
921,2,140,TargetRemoval,1766140528.4945729,734.5441045761108,True
922,2,140,TargetReappeared,1766140528.7445211,734.7940530776978,False
923,2,140,LeftResponse,1766140529.764795,735.8143248558044,False
924,2,141,FeedbackPeriodStarted,1766140529.7851467,735.834677696228,False
925,2,141,startFixDisplay,1766140529.7852898,735.8348195552826,False
926,2,141,startFixPeriod,1766140530.0073643,736.0568959712982,False
927,2,141,TargetPresentation,1766140530.9025254,736.9520573616028,False
928,2,141,TargetRemoval,1766140531.0690088,737.1185405254364,True
929,2,141,TargetReappeared,1766140531.3187392,737.368269443512,False
930,2,141,RightResponse,1766140532.0337613,738.0832922458649,False
931,2,142,FeedbackPeriodStarted,1766140532.0612128,738.1107454299927,False
932,2,142,startFixDisplay,1766140532.0613627,738.1108930110931,False
933,2,142,startFixPeriod,1766140532.2070284,738.2565605640411,False
934,2,142,TargetPresentation,1766140532.810727,738.8602559566498,False
935,2,142,TargetDisplacement,1766140533.4212313,739.4707627296448,True
936,2,142,RightResponse,1766140534.198817,740.2483479976654,False
937,2,143,FeedbackPeriodStarted,1766140534.2125223,740.2620508670807,False
938,2,143,startFixDisplay,1766140534.2125854,740.262113571167,False
939,2,143,startFixPeriod,1766140534.3649983,740.4145300388336,False
940,2,143,TargetPresentation,1766140535.648787,741.6983163356781,False
941,2,143,TargetRemoval,1766140535.7807631,741.8302919864655,True
942,2,143,TargetReappeared,1766140536.030598,742.0801303386688,False
943,2,143,LeftResponse,1766140536.6415155,742.6910467147827,False
944,2,144,FeedbackPeriodStarted,1766140536.6616929,742.7112240791321,False
945,2,144,startFixDisplay,1766140536.6617787,742.711306810379,False
946,2,144,startFixPeriod,1766140536.8977861,742.9473180770874,False
947,2,144,TargetPresentation,1766140537.4598417,743.5093729496002,False
948,2,144,TargetRemoval,1766140538.1328917,744.1824328899384,True
949,2,144,TargetReappeared,1766140538.3827984,744.4323298931122,False
950,2,144,RightResponse,1766140539.0144565,745.063987493515,False
951,2,144,FeedbackPeriodStarted,1766140539.020966,745.0704958438873,False
952,2,145,startFixDisplay,1766140541.0262578,747.0757868289948,False
953,2,145,startFixPeriod,1766140541.297083,747.3466131687164,False
954,2,145,TargetPresentation,1766140542.5254526,748.5749847888947,False
955,2,145,TargetRemoval,1766140542.9415593,748.9910910129547,True
956,2,145,TargetReappeared,1766140543.191381,749.2409102916718,False
957,2,145,LeftResponse,1766140543.899468,749.9489979743958,False
958,2,146,FeedbackPeriodStarted,1766140543.919928,749.9694595336914,False
959,2,146,startFixDisplay,1766140543.9200716,749.9696018695831,False
960,2,146,startFixPeriod,1766140544.0797446,750.1292762756348,False
961,2,146,TargetPresentation,1766140545.5161076,751.5656390190125,False
962,2,146,TargetDisplacement,1766140545.6479843,751.6975166797638,True
963,2,146,RightResponse,1766140546.7029812,752.7525098323822,False
964,2,147,FeedbackPeriodStarted,1766140546.716769,752.7662978172302,False
965,2,147,startFixDisplay,1766140546.7168314,752.7663598060608,False
966,2,147,startFixPeriod,1766140546.917802,752.9673326015472,False
967,2,147,TargetPresentation,1766140547.5492322,753.5987622737885,False
968,2,147,TargetDisplacement,1766140548.0418274,754.0913589000702,True
969,2,147,RightResponse,1766140548.7634978,754.8130266666412,False
970,2,148,FeedbackPeriodStarted,1766140548.777154,754.826682806015,False
971,2,148,startFixDisplay,1766140548.777216,754.8267443180084,False
972,2,148,startFixPeriod,1766140548.937146,754.9866778850555,False
973,2,148,TargetPresentation,1766140549.908563,755.9580945968628,False
974,2,148,TargetDisplacement,1766140550.0332844,756.0828156471252,True
975,2,148,LeftResponse,1766140550.9148278,756.9643566608429,False
976,2,149,FeedbackPeriodStarted,1766140550.9352818,756.9848139286041,False
977,2,149,startFixDisplay,1766140550.935439,756.9849693775177,False
978,2,149,startFixPeriod,1766140551.1158993,757.1654288768768,False
979,2,149,TargetPresentation,1766140552.3580558,758.4075870513916,False
980,2,149,TargetDisplacement,1766140552.8851426,758.9346737861633,True
981,2,149,RightResponse,1766140553.7182658,759.7677953243256,False
982,2,150,FeedbackPeriodStarted,1766140553.738669,759.7881999015808,False
983,2,150,startFixDisplay,1766140553.7388453,759.7883739471436,False
984,2,150,startFixPeriod,1766140553.9262102,759.9757406711578,False
985,2,150,TargetPresentation,1766140555.404264,761.4537944793701,False
986,2,150,TargetDisplacement,1766140556.1951647,762.2446935176849,True
987,2,150,RightResponse,1766140556.9240952,762.9736256599426,False
988,2,150,FeedbackPeriodStarted,1766140556.9307463,762.9802777767181,False
989,2,151,startFixDisplay,1766140559.234496,765.2840285301208,False
990,2,151,startFixPeriod,1766140559.4498322,765.499365568161,False
991,2,151,TargetPresentation,1766140560.4210765,766.4706082344055,False
992,2,151,TargetRemoval,1766140560.6084638,766.657995223999,True
993,2,151,TargetReappeared,1766140560.8583307,766.9078617095947,False
994,2,151,RightResponse,1766140561.6149318,767.6644616127014,False
995,2,152,FeedbackPeriodStarted,1766140561.635319,767.6848504543304,False
996,2,152,startFixDisplay,1766140561.6354985,767.6850290298462,False
997,2,152,startFixPeriod,1766140561.7812557,767.8307869434357,False
998,2,152,TargetPresentation,1766140562.7804677,768.8299996852875,False
999,2,152,TargetRemoval,1766140562.9260535,768.9755821228027,True
1000,2,152,TargetReappeared,1766140563.1759977,769.225527048111,False
1001,2,152,LeftResponse,1766140563.7660434,769.8155751228333,False
1002,2,153,FeedbackPeriodStarted,1766140563.786408,769.8359396457672,False
1003,2,153,startFixDisplay,1766140563.7865844,769.8361170291901,False
1004,2,153,startFixPeriod,1766140563.9670174,770.0165476799011,False
1005,2,153,TargetPresentation,1766140565.1397018,771.1892333030701,False
1006,2,153,TargetDisplacement,1766140565.3478363,771.3973677158356,True
1007,2,153,RightResponse,1766140566.2360537,772.2855825424194,False
1008,2,154,FeedbackPeriodStarted,1766140566.2567043,772.3062360286713,False
1009,2,154,startFixDisplay,1766140566.2568269,772.3063549995422,False
1010,2,154,startFixPeriod,1766140566.458055,772.5075850486755,False
1011,2,154,TargetPresentation,1766140567.5337045,773.5832364559174,False
1012,2,154,TargetDisplacement,1766140567.6791656,773.7286942005157,True
1013,2,154,LeftResponse,1766140568.318014,774.3675441741943,False
1014,2,155,FeedbackPeriodStarted,1766140568.338437,774.3879687786102,False
1015,2,155,startFixDisplay,1766140568.3385851,774.3881151676178,False
1016,2,155,startFixPeriod,1766140568.5467758,774.5963077545166,False
1017,2,155,TargetPresentation,1766140569.733265,775.782796382904,False
1018,2,155,TargetRemoval,1766140570.2675803,776.3171117305756,True
1019,2,155,TargetReappeared,1766140570.5175078,776.5670394897461,False
1020,2,155,RightResponse,1766140571.2114542,777.2609841823578,False
1021,2,156,FeedbackPeriodStarted,1766140571.2320616,777.2815933227539,False
1022,2,156,startFixDisplay,1766140571.2322052,777.281735420227,False
1023,2,156,startFixPeriod,1766140571.3987796,777.4483115673065,False
1024,2,156,TargetPresentation,1766140572.5991936,778.6487233638763,False
1025,2,156,TargetRemoval,1766140572.7308407,778.7803690433502,True
1026,2,156,TargetReappeared,1766140572.9808218,779.030351638794,False
1027,2,156,LeftResponse,1766140573.8274968,779.8770265579224,False
1028,2,156,FeedbackPeriodStarted,1766140573.8412232,779.8907549381256,False
1029,2,157,startFixDisplay,1766140575.8464332,781.8959648609161,False
1030,2,157,startFixPeriod,1766140576.0965319,782.1460638046265,False
1031,2,157,TargetPresentation,1766140577.5327885,783.5823202133179,False
1032,2,157,TargetDisplacement,1766140577.6852784,783.734808921814,True
1033,2,157,RightResponse,1766140578.8373861,784.8869154453278,False
1034,2,158,FeedbackPeriodStarted,1766140578.8581247,784.9076566696167,False
1035,2,158,startFixDisplay,1766140578.858274,784.9078040122986,False
1036,2,158,startFixPeriod,1766140579.031733,785.0812649726868,False
1037,2,158,TargetPresentation,1766140580.4749503,786.5244817733765,False
1038,2,158,TargetRemoval,1766140580.641455,786.6909863948822,True
1039,2,158,TargetReappeared,1766140580.8912556,786.9407844543457,False
1040,2,158,RightResponse,1766140581.7104585,787.7599897384644,False
1041,2,159,FeedbackPeriodStarted,1766140581.7307343,787.7802639007568,False
1042,2,159,startFixDisplay,1766140581.7308261,787.7803552150726,False
1043,2,159,startFixPeriod,1766140581.8905494,787.9400799274445,False
1044,2,159,TargetPresentation,1766140582.5150843,788.564615726471,False
1045,2,159,TargetDisplacement,1766140582.660558,788.7100892066956,True
1046,2,159,LeftResponse,1766140583.8128822,789.8624131679535,False
1047,2,160,FeedbackPeriodStarted,1766140583.8331594,789.8826882839203,False
1048,2,160,startFixDisplay,1766140583.8332229,789.8827509880066,False
1049,2,160,startFixPeriod,1766140584.027763,790.077294588089,False
1050,2,160,TargetPresentation,1766140585.0338697,791.0833990573883,False
1051,2,160,TargetDisplacement,1766140585.1794178,791.2289488315582,True
1052,2,160,LeftResponse,1766140585.8459492,791.8954789638519,False
1053,2,161,FeedbackPeriodStarted,1766140585.8663414,791.9158704280853,False
1054,2,161,startFixDisplay,1766140585.8664412,791.9159696102142,False
1055,2,161,startFixPeriod,1766140586.0539987,792.1035296916962,False
1056,2,161,TargetPresentation,1766140586.976896,793.0264277458191,False
1057,2,161,TargetDisplacement,1766140587.1361861,793.1857144832611,True
1058,2,161,LeftResponse,1766140588.1429539,794.1924829483032,False
1059,2,162,FeedbackPeriodStarted,1766140588.1632726,794.2128040790558,False
1060,2,162,startFixDisplay,1766140588.163496,794.2130372524261,False
1061,2,162,startFixPeriod,1766140588.3438559,794.3933873176575,False
1062,2,162,TargetPresentation,1766140589.1557033,795.2052328586578,False
1063,2,162,TargetRemoval,1766140589.384578,795.434109210968,True
1064,2,162,TargetReappeared,1766140589.634449,795.6839818954468,False
1065,2,162,LeftResponse,1766140590.2384124,796.287944316864,False
1066,2,162,FeedbackPeriodStarted,1766140590.2521486,796.3016803264618,False
1067,2,163,startFixDisplay,1766140592.2571175,798.3066458702087,False
1068,2,163,startFixPeriod,1766140592.4863396,798.5358693599701,False
1069,2,163,TargetPresentation,1766140593.4440987,799.4936282634735,False
1070,2,163,TargetDisplacement,1766140593.582654,799.6321849822998,True
1071,2,163,LeftResponse,1766140594.311512,800.3610420227051,False
1072,2,164,FeedbackPeriodStarted,1766140594.3320293,800.3815581798553,False
1073,2,164,startFixDisplay,1766140594.332093,800.3816211223602,False
1074,2,164,startFixPeriod,1766140594.505669,800.5551998615265,False
1075,2,164,TargetPresentation,1766140595.67155,801.7210819721222,False
1076,2,164,TargetRemoval,1766140595.8377974,801.8873257637024,True
1077,2,164,TargetReappeared,1766140596.087759,802.1372883319855,False
1078,2,164,RightResponse,1766140596.7058136,802.7553446292877,False
1079,2,165,FeedbackPeriodStarted,1766140596.72599,802.7755212783813,False
1080,2,165,startFixDisplay,1766140596.7261302,802.7756600379944,False
1081,2,165,startFixPeriod,1766140596.8858085,802.935338973999,False
1082,2,165,TargetPresentation,1766140597.7392406,803.7887723445892,False
1083,2,165,TargetDisplacement,1766140598.1831646,804.232693195343,True
1084,2,165,RightResponse,1766140598.9537728,805.0033020973206,False
1085,2,166,FeedbackPeriodStarted,1766140598.9743583,805.0238904953003,False
1086,2,166,startFixDisplay,1766140598.9745293,805.0240592956543,False
1087,2,166,startFixPeriod,1766140599.1339166,805.1834483146667,False
1088,2,166,TargetPresentation,1766140600.6189115,806.6684408187866,False
1089,2,166,TargetRemoval,1766140600.8407485,806.8902769088745,True
1090,2,166,TargetReappeared,1766140601.0908067,807.1403384208679,False
1091,2,166,RightResponse,1766140601.6042788,807.6538074016571,False
1092,2,167,FeedbackPeriodStarted,1766140601.6180186,807.6675498485565,False
1093,2,167,startFixDisplay,1766140601.6182113,807.667742729187,False
1094,2,167,startFixPeriod,1766140601.7915914,807.8411207199097,False
1095,2,167,TargetPresentation,1766140603.0755358,809.1250684261322,False
1096,2,167,TargetDisplacement,1766140603.2208326,809.2703611850739,True
1097,2,167,LeftResponse,1766140603.8874538,809.9369831085205,False
1098,2,168,FeedbackPeriodStarted,1766140603.907926,809.9574549198151,False
1099,2,168,startFixDisplay,1766140603.9079914,809.95751953125,False
1100,2,168,startFixPeriod,1766140604.1647766,810.2143070697784,False
1101,2,168,TargetPresentation,1766140605.094693,811.1442244052887,False
1102,2,168,TargetDisplacement,1766140605.5942369,811.6437680721283,True
1103,2,168,LeftResponse,1766140606.5242949,812.5738246440887,False
1104,2,168,FeedbackPeriodStarted,1766140606.5309517,812.5804808139801,False
1105,2,169,startFixDisplay,1766140608.5362196,814.5857486724854,False
1106,2,169,startFixPeriod,1766140608.7930145,814.8425436019897,False
1107,2,169,TargetPresentation,1766140609.8965025,815.9460320472717,False
1108,2,169,TargetRemoval,1766140610.035091,816.0846216678619,True
1109,2,169,TargetReappeared,1766140610.2850962,816.3346271514893,False
1110,2,169,RightResponse,1766140611.659168,817.7086970806122,False
1111,2,170,FeedbackPeriodStarted,1766140611.6797156,817.7292447090149,False
1112,2,170,startFixDisplay,1766140611.6797826,817.7293107509613,False
1113,2,170,startFixPeriod,1766140612.0684285,818.117960691452,False
1114,2,170,TargetPresentation,1766140612.7554386,818.804970741272,False
1115,2,170,TargetDisplacement,1766140612.991211,819.0407421588898,True
1116,2,170,RightResponse,1766140613.6578238,819.7073554992676,False
1117,2,171,FeedbackPeriodStarted,1766140613.6781323,819.7276635169983,False
1118,2,171,startFixDisplay,1766140613.6782737,819.7278037071228,False
1119,2,171,startFixPeriod,1766140613.844794,819.8943257331848,False
1120,2,171,TargetPresentation,1766140614.4069178,820.4564473628998,False
1121,2,171,TargetDisplacement,1766140615.2046232,821.2541542053223,True
1122,2,171,RightResponse,1766140615.9407506,821.9902813434601,False
1123,2,172,FeedbackPeriodStarted,1766140615.9610686,822.0105996131897,False
1124,2,172,startFixDisplay,1766140615.9611707,822.0106987953186,False
1125,2,172,startFixPeriod,1766140616.2109885,822.2605202198029,False
1126,2,172,TargetPresentation,1766140617.016046,823.0655782222748,False
1127,2,172,TargetDisplacement,1766140617.279507,823.3290376663208,True
1128,2,172,RightResponse,1766140618.2860098,824.3355400562286,False
1129,2,173,FeedbackPeriodStarted,1766140618.306319,824.3558480739594,False
1130,2,173,startFixDisplay,1766140618.3063927,824.3559210300446,False
1131,2,173,startFixPeriod,1766140618.4522996,824.5018289089203,False
1132,2,173,TargetPresentation,1766140619.097648,825.1471793651581,False
1133,2,173,TargetDisplacement,1766140619.840014,825.8895425796509,True
1134,2,173,RightResponse,1766140620.7215478,826.7710771560669,False
1135,2,174,FeedbackPeriodStarted,1766140620.7419472,826.7914760112762,False
1136,2,174,startFixDisplay,1766140620.7420714,826.7915995121002,False
1137,2,174,startFixPeriod,1766140620.9365332,826.9860649108887,False
1138,2,174,TargetPresentation,1766140622.428402,828.4779329299927,False
1139,2,174,TargetDisplacement,1766140622.9971664,829.0466947555542,True
1140,2,174,RightResponse,1766140623.49718,829.5467095375061,False
1141,2,174,FeedbackPeriodStarted,1766140623.5039878,829.5535192489624,False
1142,2,175,startFixDisplay,1766140625.5089846,831.5585129261017,False
1143,2,175,startFixPeriod,1766140625.8840828,831.9336140155792,False
1144,2,175,TargetPresentation,1766140626.6750636,832.7245934009552,False
1145,2,175,TargetDisplacement,1766140626.8345916,832.8841228485107,True
1146,2,175,RightResponse,1766140627.5428772,833.5924088954926,False
1147,2,176,FeedbackPeriodStarted,1766140627.5700173,833.619546175003,False
1148,2,176,startFixDisplay,1766140627.5700855,833.6196146011353,False
1149,2,176,startFixPeriod,1766140627.7297432,833.7792747020721,False
1150,2,176,TargetPresentation,1766140628.430695,834.4802267551422,False
1151,2,176,TargetDisplacement,1766140628.5692976,834.61882853508,True
1152,2,176,LeftResponse,1766140629.284194,835.3337235450745,False
1153,2,177,FeedbackPeriodStarted,1766140629.304824,835.3543529510498,False
1154,2,177,startFixDisplay,1766140629.3048873,835.3544154167175,False
1155,2,177,startFixPeriod,1766140629.5060806,835.5556108951569,False
1156,2,177,TargetPresentation,1766140630.9496033,836.999135017395,False
1157,2,177,TargetDisplacement,1766140631.095062,837.1445906162262,True
1158,2,177,LeftResponse,1766140631.9282699,837.9778006076813,False
1159,2,178,FeedbackPeriodStarted,1766140631.9555225,838.0050539970398,False
1160,2,178,startFixDisplay,1766140631.9556506,838.0051808357239,False
1161,2,178,startFixPeriod,1766140632.1360033,838.1855351924896,False
1162,2,178,TargetPresentation,1766140633.6279857,839.6775178909302,False
1163,2,178,TargetDisplacement,1766140633.7944098,839.8439409732819,True
1164,2,178,RightResponse,1766140635.085163,841.1346917152405,False
1165,2,179,FeedbackPeriodStarted,1766140635.0988638,841.1483938694,False
1166,2,179,startFixDisplay,1766140635.098963,841.1484923362732,False
1167,2,179,startFixPeriod,1766140635.2725823,841.3221144676208,False
1168,2,179,TargetPresentation,1766140635.9316428,841.981173992157,False
1169,2,179,TargetRemoval,1766140636.2021956,842.2517266273499,True
1170,2,179,TargetReappeared,1766140636.452096,842.5016272068024,False
1171,2,179,RightResponse,1766140636.8131516,842.8626806735992,False
1172,2,180,FeedbackPeriodStarted,1766140636.8265846,842.8761129379272,False
1173,2,180,startFixDisplay,1766140636.8266318,842.8761599063873,False
1174,2,180,startFixPeriod,1766140636.9932396,843.042768239975,False
1175,2,180,TargetPresentation,1766140638.2840133,844.3335444927216,False
1176,2,180,TargetDisplacement,1766140638.4850886,844.5346193313599,True
1177,2,180,RightResponse,1766140639.3806937,845.4302253723145,False
1178,2,180,FeedbackPeriodStarted,1766140639.3872294,845.436760187149,False
1179,2,181,startFixDisplay,1766140641.3924472,847.4419758319855,False
1180,2,181,startFixPeriod,1766140641.5523345,847.6018657684326,False
1181,2,181,TargetPresentation,1766140642.6486504,848.6981816291809,False
1182,2,181,TargetRemoval,1766140642.7873902,848.836921453476,True
1183,2,181,TargetReappeared,1766140643.0371535,849.0866823196411,False
1184,2,181,LeftResponse,1766140643.544051,849.593581199646,False
1185,2,182,FeedbackPeriodStarted,1766140643.5574148,849.6069431304932,False
1186,2,182,startFixDisplay,1766140643.5574617,849.6069900989532,False
1187,2,182,startFixPeriod,1766140643.745028,849.7945599555969,False
1188,2,182,TargetPresentation,1766140644.48751,850.5370409488678,False
1189,2,182,TargetRemoval,1766140644.6956117,850.7451422214508,True
1190,2,182,TargetReappeared,1766140644.9455006,850.9950315952301,False
1191,2,182,RightResponse,1766140645.4453173,851.4948477745056,False
1192,2,183,FeedbackPeriodStarted,1766140645.4657938,851.5153248310089,False
1193,2,183,startFixDisplay,1766140645.4659212,851.5154514312744,False
1194,2,183,startFixPeriod,1766140645.6255486,851.6750798225403,False
1195,2,183,TargetPresentation,1766140646.3819437,852.4314754009247,False
1196,2,183,TargetDisplacement,1766140646.9923093,853.0418376922607,True
1197,2,183,RightResponse,1766140647.561726,853.6112554073334,False
1198,2,184,FeedbackPeriodStarted,1766140647.5822237,853.6317553520203,False
1199,2,184,startFixDisplay,1766140647.5823581,853.6318881511688,False
1200,2,184,startFixPeriod,1766140647.7419052,853.7914364337921,False
1201,2,184,TargetPresentation,1766140648.428878,854.4784092903137,False
1202,2,184,TargetRemoval,1766140648.5746124,854.6241436004639,True
1203,2,184,TargetReappeared,1766140648.8244138,854.8739454746246,False
1204,2,184,LeftResponse,1766140649.2894726,855.3390023708344,False
1205,2,185,FeedbackPeriodStarted,1766140649.3030813,855.3526134490967,False
1206,2,185,startFixDisplay,1766140649.3032062,855.3527362346649,False
1207,2,185,startFixPeriod,1766140649.5113597,855.5608906745911,False
1208,2,185,TargetPresentation,1766140650.4342275,856.483757019043,False
1209,2,185,TargetRemoval,1766140650.5800073,856.6295385360718,True
1210,2,185,TargetReappeared,1766140650.8298247,856.8793559074402,False
1211,2,185,RightResponse,1766140651.2601776,857.3097078800201,False
1212,2,186,FeedbackPeriodStarted,1766140651.28067,857.3301985263824,False
1213,2,186,startFixDisplay,1766140651.2807178,857.3302459716797,False
1214,2,186,startFixPeriod,1766140651.4472322,857.4967629909515,False
1215,2,186,TargetPresentation,1766140652.779498,858.8290266990662,False
1216,2,186,TargetDisplacement,1766140652.7865155,858.8360464572906,True
1217,2,186,RightResponse,1766140653.7513876,859.8009188175201,False
1218,2,186,FeedbackPeriodStarted,1766140653.7649922,859.8145236968994,False
1219,2,187,startFixDisplay,1766140655.7701156,861.8196439743042,False
1220,2,187,startFixPeriod,1766140656.054902,862.1044321060181,False
1221,2,187,TargetPresentation,1766140656.748797,862.7983264923096,False
1222,2,187,TargetRemoval,1766140656.8945487,862.9440801143646,True
1223,2,187,TargetReappeared,1766140657.1442702,863.1938014030457,False
1224,2,187,LeftResponse,1766140657.6162722,863.6658010482788,False
1225,2,188,FeedbackPeriodStarted,1766140657.6367486,863.6862771511078,False
1226,2,188,startFixDisplay,1766140657.6368012,863.6863296031952,False
1227,2,188,startFixPeriod,1766140657.8729355,863.9224662780762,False
1228,2,188,TargetPresentation,1766140658.9762518,865.0257840156555,False
1229,2,188,TargetDisplacement,1766140659.1774058,865.2269389629364,True
1230,2,188,LeftResponse,1766140659.8577733,865.9073038101196,False
1231,2,189,FeedbackPeriodStarted,1766140659.8781605,865.9276914596558,False
1232,2,189,startFixDisplay,1766140659.8782575,865.9277858734131,False
1233,2,189,startFixPeriod,1766140660.079579,866.1291103363037,False
1234,2,189,TargetPresentation,1766140660.89144,866.9409720897675,False
1235,2,189,TargetDisplacement,1766140661.5644305,867.6139616966248,True
1236,2,189,LeftResponse,1766140662.3280044,868.3775343894958,False
1237,2,190,FeedbackPeriodStarted,1766140662.348472,868.3980031013489,False
1238,2,190,startFixDisplay,1766140662.348607,868.3981370925903,False
1239,2,190,startFixPeriod,1766140662.5082822,868.5578138828278,False
1240,2,190,TargetPresentation,1766140663.770979,869.8205072879791,False
1241,2,190,TargetRemoval,1766140663.9515584,870.0010895729065,True
1242,2,190,TargetReappeared,1766140664.2012434,870.2507724761963,False
1243,2,190,LeftResponse,1766140664.9648733,871.0144038200378,False
1244,2,191,FeedbackPeriodStarted,1766140664.9852679,871.0347988605499,False
1245,2,191,startFixDisplay,1766140664.9854136,871.0349440574646,False
1246,2,191,startFixPeriod,1766140665.1936414,871.2431724071503,False
1247,2,191,TargetPresentation,1766140666.3246393,872.3741705417633,False
1248,2,191,TargetRemoval,1766140666.4981816,872.547712802887,True
1249,2,191,TargetReappeared,1766140666.7480164,872.7975454330444,False
1250,2,191,LeftResponse,1766140667.622145,873.6716732978821,False
1251,2,192,FeedbackPeriodStarted,1766140667.6429574,873.692488193512,False
1252,2,192,startFixDisplay,1766140667.6430874,873.6926169395447,False
1253,2,192,startFixPeriod,1766140667.8026962,873.8522274494171,False
1254,2,192,TargetPresentation,1766140668.8851242,874.9346539974213,False
1255,2,192,TargetRemoval,1766140669.1072083,875.1567368507385,True
1256,2,192,TargetReappeared,1766140669.357041,875.406572341919,False
1257,2,192,RightResponse,1766140669.9404647,875.9899952411652,False
1258,2,192,FeedbackPeriodStarted,1766140669.946674,875.9962048530579,False
1259,2,193,startFixDisplay,1766140671.9520054,878.0015339851379,False
1260,2,193,startFixPeriod,1766140672.3200178,878.3695495128632,False
1261,2,193,TargetPresentation,1766140673.7147624,879.7642939090729,False
1262,2,193,TargetRemoval,1766140673.8812099,879.9307413101196,True
1263,2,193,TargetReappeared,1766140674.1310601,880.1805896759033,False
1264,2,193,LeftResponse,1766140675.0541453,881.1036746501923,False
1265,2,194,FeedbackPeriodStarted,1766140675.0746837,881.1242144107819,False
1266,2,194,startFixDisplay,1766140675.0748136,881.1243438720703,False
1267,2,194,startFixPeriod,1766140675.234321,881.2838523387909,False
1268,2,194,TargetPresentation,1766140676.4972525,882.5467827320099,False
1269,2,194,TargetRemoval,1766140676.6429431,882.69247174263,True
1270,2,194,TargetReappeared,1766140676.8927693,882.9423003196716,False
1271,2,194,LeftResponse,1766140677.4134715,883.4630019664764,False
1272,2,195,FeedbackPeriodStarted,1766140677.4338868,883.4834151268005,False
1273,2,195,startFixDisplay,1766140677.433939,883.4834673404694,False
1274,2,195,startFixPeriod,1766140677.6282816,883.677812576294,False
1275,2,195,TargetPresentation,1766140678.8217824,884.8713119029999,False
1276,2,195,TargetDisplacement,1766140678.9674635,885.0169942378998,True
1277,2,195,RightResponse,1766140680.2445977,886.2941288948059,False
1278,2,196,FeedbackPeriodStarted,1766140680.2650673,886.3145983219147,False
1279,2,196,startFixDisplay,1766140680.265251,886.3147819042206,False
1280,2,196,startFixPeriod,1766140680.452586,886.5021171569824,False
1281,2,196,TargetPresentation,1766140681.361577,887.4111080169678,False
1282,2,196,TargetDisplacement,1766140681.548932,887.5984637737274,True
1283,2,196,RightResponse,1766140682.451039,888.5005688667297,False
1284,2,197,FeedbackPeriodStarted,1766140682.4716263,888.5211570262909,False
1285,2,197,startFixDisplay,1766140682.4717026,888.5212309360504,False
1286,2,197,startFixPeriod,1766140682.6174567,888.666987657547,False
1287,2,197,TargetPresentation,1766140683.9914398,890.0409712791443,False
1288,2,197,TargetRemoval,1766140684.3730001,890.4225306510925,True
1289,2,197,TargetReappeared,1766140684.6228817,890.6724123954773,False
1290,2,197,LeftResponse,1766140685.261563,891.3110933303833,False
1291,2,197,FeedbackPeriodStarted,1766140685.2957766,891.3453049659729,False
1292,3,198,startFixDisplay,1766140721.239953,927.2894816398621,False
1293,3,198,startFixPeriod,1766140721.2470717,927.296603679657,False
1294,3,198,TargetPresentation,1766140722.2393324,928.2888622283936,False
1295,3,198,TargetRemoval,1766140722.392039,928.441570520401,True
1296,3,198,TargetReappeared,1766140722.6418025,928.691333770752,False
1297,3,198,LeftResponse,1766140723.2457774,929.2953069210052,False
1298,3,199,FeedbackPeriodStarted,1766140723.2662332,929.3157615661621,False
1299,3,199,startFixDisplay,1766140723.2662814,929.3158097267151,False
1300,3,199,startFixPeriod,1766140723.8700697,929.9196014404297,False
1301,3,199,TargetPresentation,1766140724.9595158,931.0090470314026,False
1302,3,199,TargetRemoval,1766140725.105125,931.1546533107758,True
1303,3,199,TargetReappeared,1766140725.355072,931.4046032428741,False
1304,3,199,LeftResponse,1766140726.1532278,932.2027566432953,False
1305,3,200,FeedbackPeriodStarted,1766140726.1737201,932.2232484817505,False
1306,3,200,startFixDisplay,1766140726.1737688,932.2232971191406,False
1307,3,200,startFixPeriod,1766140726.4930131,932.5425441265106,False
1308,3,200,TargetPresentation,1766140727.6032088,933.6527373790741,False
1309,3,200,TargetDisplacement,1766140728.0332632,934.0827915668488,True
1310,3,200,RightResponse,1766140728.7208717,934.7704031467438,False
1311,3,201,FeedbackPeriodStarted,1766140728.7481794,934.7977104187012,False
1312,3,201,startFixDisplay,1766140728.7482407,934.797768831253,False
1313,3,201,startFixPeriod,1766140728.9146538,934.9641842842102,False
1314,3,201,TargetPresentation,1766140730.1429348,936.1924636363983,False
1315,3,201,TargetRemoval,1766140730.3025086,936.3520395755768,True
1316,3,201,TargetReappeared,1766140730.5524209,936.6019523143768,False
1317,3,201,RightResponse,1766140731.3991733,937.4487035274506,False
1318,3,202,FeedbackPeriodStarted,1766140731.4126916,937.4622225761414,False
1319,3,202,startFixDisplay,1766140731.4128127,937.4623427391052,False
1320,3,202,startFixPeriod,1766140731.5793686,937.628913640976,False
1321,3,202,TargetPresentation,1766140732.4328563,938.4823875427246,False
1322,3,202,TargetDisplacement,1766140732.5784724,938.6280031204224,True
1323,3,202,LeftResponse,1766140733.1755846,939.2251155376434,False
1324,3,203,FeedbackPeriodStarted,1766140733.1960237,939.2455542087555,False
1325,3,203,startFixDisplay,1766140733.1961298,939.2456588745117,False
1326,3,203,startFixPeriod,1766140733.376621,939.4261524677277,False
1327,3,203,TargetPresentation,1766140734.7644732,940.8140044212341,False
1328,3,203,TargetDisplacement,1766140734.8960752,940.9456038475037,True
1329,3,203,LeftResponse,1766140735.576407,941.6259367465973,False
1330,3,204,FeedbackPeriodStarted,1766140735.5969515,941.6464824676514,False
1331,3,204,startFixDisplay,1766140735.5971508,941.6466794013977,False
1332,3,204,startFixPeriod,1766140736.013367,942.0628962516785,False
1333,3,204,TargetPresentation,1766140737.50545,943.5549817085266,False
1334,3,204,TargetDisplacement,1766140737.6508696,943.7003979682922,True
1335,3,204,LeftResponse,1766140738.3171937,944.3667223453522,False
1336,3,204,FeedbackPeriodStarted,1766140738.3240616,944.3735907077789,False
1337,3,205,startFixDisplay,1766140740.3292289,946.3787574768066,False
1338,3,205,startFixPeriod,1766140740.5516257,946.6011571884155,False
1339,3,205,TargetPresentation,1766140741.0928075,947.1423366069794,False
1340,3,205,TargetDisplacement,1766140741.2315059,947.2810368537903,True
1341,3,205,LeftResponse,1766140742.120029,948.1695582866669,False
1342,3,206,FeedbackPeriodStarted,1766140742.1406229,948.190153837204,False
1343,3,206,startFixDisplay,1766140742.140764,948.1902940273285,False
1344,3,206,startFixPeriod,1766140742.3696587,948.4191904067993,False
1345,3,206,TargetPresentation,1766140743.3132882,949.3628175258636,False
1346,3,206,TargetRemoval,1766140743.8544636,949.9039945602417,True
1347,3,206,TargetReappeared,1766140744.1044369,950.1539680957794,False
1348,3,206,RightResponse,1766140744.9442005,950.993729352951,False
1349,3,207,FeedbackPeriodStarted,1766140744.9646418,951.0141730308533,False
1350,3,207,startFixDisplay,1766140744.9647818,951.0143117904663,False
1351,3,207,startFixPeriod,1766140745.1245353,951.1740674972534,False
1352,3,207,TargetPresentation,1766140745.6795015,951.7290332317352,False
1353,3,207,TargetRemoval,1766140746.4010737,952.4506042003632,True
1354,3,207,TargetReappeared,1766140746.6510642,952.7005958557129,False
1355,3,207,LeftResponse,1766140747.3172607,953.3667898178101,False
1356,3,208,FeedbackPeriodStarted,1766140747.3377898,953.3873209953308,False
1357,3,208,startFixDisplay,1766140747.3379297,953.3874597549438,False
1358,3,208,startFixPeriod,1766140747.5115347,953.5610661506653,False
1359,3,208,TargetPresentation,1766140748.1012838,954.150815486908,False
1360,3,208,TargetRemoval,1766140748.36482,954.4143507480621,True
1361,3,208,TargetReappeared,1766140748.614878,954.6644105911255,False
1362,3,208,RightResponse,1766140749.1910713,955.2406001091003,False
1363,3,209,FeedbackPeriodStarted,1766140749.2112904,955.260819196701,False
1364,3,209,startFixDisplay,1766140749.2113566,955.2608850002289,False
1365,3,209,startFixPeriod,1766140749.3919756,955.4415073394775,False
1366,3,209,TargetPresentation,1766140750.1968744,956.24640583992,False
1367,3,209,TargetDisplacement,1766140750.3355188,956.3850498199463,True
1368,3,209,LeftResponse,1766140750.9742782,957.0238087177277,False
1369,3,210,FeedbackPeriodStarted,1766140750.9948225,957.0443542003632,False
1370,3,210,startFixDisplay,1766140750.994972,957.0445017814636,False
1371,3,210,startFixPeriod,1766140751.2862785,957.3358085155487,False
1372,3,210,TargetPresentation,1766140752.7436118,958.7931444644928,False
1373,3,210,TargetDisplacement,1766140752.909948,958.9594767093658,True
1374,3,210,RightResponse,1766140753.9581366,960.0076653957367,False
1375,3,210,FeedbackPeriodStarted,1766140753.9648123,960.0143437385559,False
1376,3,211,startFixDisplay,1766140755.969815,962.0193436145782,False
1377,3,211,startFixPeriod,1766140755.9769146,962.026445388794,False
1378,3,211,TargetPresentation,1766140756.8305814,962.8801131248474,False
1379,3,211,TargetDisplacement,1766140756.9760523,963.0255832672119,True
1380,3,211,LeftResponse,1766140757.7604253,963.8099548816681,False
1381,3,212,FeedbackPeriodStarted,1766140757.7811596,963.8306910991669,False
1382,3,212,startFixDisplay,1766140757.7813263,963.8308568000793,False
1383,3,212,startFixPeriod,1766140757.968624,964.0181558132172,False
1384,3,212,TargetPresentation,1766140759.07883,965.128360748291,False
1385,3,212,TargetDisplacement,1766140759.7448685,965.7943994998932,True
1386,3,212,LeftResponse,1766140760.4112756,966.4608054161072,False
1387,3,213,FeedbackPeriodStarted,1766140760.43176,966.4812889099121,False
1388,3,213,startFixDisplay,1766140760.431825,966.4813530445099,False
1389,3,213,startFixPeriod,1766140760.7372143,966.7867431640625,False
1390,3,213,TargetPresentation,1766140761.4173272,967.4668569564819,False
1391,3,213,TargetDisplacement,1766140761.583678,967.6332087516785,True
1392,3,213,RightResponse,1766140762.8123055,968.8618352413177,False
1393,3,214,FeedbackPeriodStarted,1766140762.8326807,968.8822119235992,False
1394,3,214,startFixDisplay,1766140762.8328018,968.8823301792145,False
1395,3,214,startFixPeriod,1766140762.9994318,969.0489640235901,False
1396,3,214,TargetPresentation,1766140763.7002294,969.7497594356537,False
1397,3,214,TargetRemoval,1766140763.8665855,969.916116476059,True
1398,3,214,TargetReappeared,1766140764.1164255,970.1659572124481,False
1399,3,214,RightResponse,1766140764.8312998,970.8808286190033,False
1400,3,215,FeedbackPeriodStarted,1766140764.8520334,970.9015619754791,False
1401,3,215,startFixDisplay,1766140764.8520982,970.9016263484955,False
1402,3,215,startFixPeriod,1766140765.0256398,971.0751714706421,False
1403,3,215,TargetPresentation,1766140765.8097067,971.8592386245728,False
1404,3,215,TargetRemoval,1766140766.0246599,972.0741906166077,True
1405,3,215,TargetReappeared,1766140766.2746708,972.3242025375366,False
1406,3,215,RightResponse,1766140767.232489,973.2820196151733,False
1407,3,216,FeedbackPeriodStarted,1766140767.2527263,973.302255153656,False
1408,3,216,startFixDisplay,1766140767.252793,973.3023211956024,False
1409,3,216,startFixPeriod,1766140767.2598681,973.3093996047974,False
1410,3,216,TargetPresentation,1766140768.0371346,974.0866639614105,False
1411,3,216,TargetRemoval,1766140768.1826332,974.232164144516,True
1412,3,216,TargetReappeared,1766140768.4327002,974.4822313785553,False
1413,3,216,LeftResponse,1766140769.0226939,975.0722241401672,False
1414,3,216,FeedbackPeriodStarted,1766140769.0291646,975.0786945819855,False
1415,3,217,startFixDisplay,1766140771.041575,977.0911059379578,False
1416,3,217,startFixPeriod,1766140771.0485568,977.0980877876282,False
1417,3,217,TargetPresentation,1766140772.5197673,978.5692987442017,False
1418,3,217,TargetRemoval,1766140772.6930869,978.7426180839539,True
1419,3,217,TargetReappeared,1766140772.94303,978.9925620555878,False
1420,3,217,RightResponse,1766140773.4704328,979.5199618339539,False
1421,3,218,FeedbackPeriodStarted,1766140773.4909418,979.5404706001282,False
1422,3,218,startFixDisplay,1766140773.4910045,979.5405325889587,False
1423,3,218,startFixPeriod,1766140773.6648197,979.7143511772156,False
1424,3,218,TargetPresentation,1766140774.7194116,980.7689435482025,False
1425,3,218,TargetDisplacement,1766140774.8720345,980.9215655326843,True
1426,3,218,LeftResponse,1766140775.5245912,981.5741219520569,False
1427,3,219,FeedbackPeriodStarted,1766140775.5450342,981.5945656299591,False
1428,3,219,startFixDisplay,1766140775.5451744,981.5947043895721,False
1429,3,219,startFixPeriod,1766140775.7671278,981.816659450531,False
1430,3,219,TargetPresentation,1766140776.9330285,982.9825599193573,False
1431,3,219,TargetRemoval,1766140777.453217,983.5027480125427,True
1432,3,219,TargetReappeared,1766140777.7032316,983.7527613639832,False
1433,3,219,RightResponse,1766140779.285433,985.3349621295929,False
1434,3,220,FeedbackPeriodStarted,1766140779.3060055,985.3555364608765,False
1435,3,220,startFixDisplay,1766140779.30614,985.3556697368622,False
1436,3,220,startFixPeriod,1766140779.465663,985.5151941776276,False
1437,3,220,TargetPresentation,1766140779.9722226,986.0217535495758,False
1438,3,220,TargetRemoval,1766140780.103786,986.1533145904541,True
1439,3,220,TargetReappeared,1766140780.3539584,986.4034898281097,False
1440,3,220,LeftResponse,1766140781.3325047,987.3820343017578,False
1441,3,221,FeedbackPeriodStarted,1766140781.352929,987.4024603366852,False
1442,3,221,startFixDisplay,1766140781.3530347,987.4025630950928,False
1443,3,221,startFixPeriod,1766140781.6932344,987.7427666187286,False
1444,3,221,TargetPresentation,1766140782.2413464,988.2908782958984,False
1445,3,221,TargetDisplacement,1766140782.4146807,988.4642117023468,True
1446,3,221,RightResponse,1766140783.3102293,989.3597593307495,False
1447,3,222,FeedbackPeriodStarted,1766140783.330567,989.3800983428955,False
1448,3,222,startFixDisplay,1766140783.330701,989.3802311420441,False
1449,3,222,startFixPeriod,1766140783.5041697,989.5537011623383,False
1450,3,222,TargetPresentation,1766140784.4825969,990.5321280956268,False
1451,3,222,TargetDisplacement,1766140784.7114317,990.7609627246857,True
1452,3,222,LeftResponse,1766140785.316165,991.3656957149506,False
1453,3,222,FeedbackPeriodStarted,1766140785.3290977,991.3786268234253,False
1454,3,223,startFixDisplay,1766140787.3415258,993.3910584449768,False
1455,3,223,startFixPeriod,1766140787.3483086,993.3978397846222,False
1456,3,223,TargetPresentation,1766140788.6114004,994.6609299182892,False
1457,3,223,TargetDisplacement,1766140788.784666,994.834196805954,True
1458,3,223,RightResponse,1766140789.4790003,995.5285301208496,False
1459,3,224,FeedbackPeriodStarted,1766140789.5064604,995.555990934372,False
1460,3,224,startFixDisplay,1766140789.5065844,995.5561139583588,False
1461,3,224,startFixPeriod,1766140789.6869283,995.7364599704742,False
1462,3,224,TargetPresentation,1766140790.3669202,996.4164493083954,False
1463,3,224,TargetRemoval,1766140790.4848545,996.5343856811523,True
1464,3,224,TargetReappeared,1766140790.7348285,996.7843592166901,False
1465,3,224,LeftResponse,1766140791.1720648,997.221593618393,False
1466,3,225,FeedbackPeriodStarted,1766140791.1924076,997.2419366836548,False
1467,3,225,startFixDisplay,1766140791.1924953,997.2420237064362,False
1468,3,225,startFixPeriod,1766140791.4702706,997.5198016166687,False
1469,3,225,TargetPresentation,1766140792.906688,998.9562194347382,False
1470,3,225,TargetDisplacement,1766140793.0731347,999.122665643692,True
1471,3,225,LeftResponse,1766140793.822741,999.8722705841064,False
1472,3,226,FeedbackPeriodStarted,1766140793.8432288,999.8927597999573,False
1473,3,226,startFixDisplay,1766140793.8433895,999.8929219245911,False
1474,3,226,startFixPeriod,1766140794.2665958,1000.316127538681,False
1475,3,226,TargetPresentation,1766140795.605937,1001.6554684638977,False
1476,3,226,TargetDisplacement,1766140795.7584507,1001.8079822063446,True
1477,3,226,RightResponse,1766140796.3834572,1002.4329874515533,False
1478,3,227,FeedbackPeriodStarted,1766140796.403762,1002.453290939331,False
1479,3,227,startFixDisplay,1766140796.4038274,1002.453355550766,False
1480,3,227,startFixPeriod,1766140796.5634985,1002.6130287647247,False
1481,3,227,TargetPresentation,1766140797.1880317,1003.2375626564026,False
1482,3,227,TargetRemoval,1766140797.66661,1003.7161407470703,True
1483,3,227,TargetReappeared,1766140797.9166434,1003.9661753177643,False
1484,3,227,RightResponse,1766140798.5482361,1004.5977663993835,False
1485,3,228,FeedbackPeriodStarted,1766140798.575679,1004.6252102851868,False
1486,3,228,startFixDisplay,1766140798.5758262,1004.6253559589386,False
1487,3,228,startFixPeriod,1766140798.8117533,1004.8612837791443,False
1488,3,228,TargetPresentation,1766140799.3250928,1005.3746218681335,False
1489,3,228,TargetDisplacement,1766140799.6651678,1005.7146992683411,True
1490,3,228,LeftResponse,1766140800.317827,1006.3673577308655,False
1491,3,228,FeedbackPeriodStarted,1766140800.3245287,1006.3740606307983,False
1492,3,229,startFixDisplay,1766140802.3295329,1008.3790616989136,False
1493,3,229,startFixPeriod,1766140802.3365476,1008.3860783576965,False
1494,3,229,TargetPresentation,1766140803.8147023,1009.8642334938049,False
1495,3,229,TargetDisplacement,1766140803.974344,1010.0238757133484,True
1496,3,229,RightResponse,1766140804.8072345,1010.8567640781403,False
1497,3,230,FeedbackPeriodStarted,1766140804.8277905,1010.8773217201233,False
1498,3,230,startFixDisplay,1766140804.8279345,1010.8774645328522,False
1499,3,230,startFixPeriod,1766140805.0013015,1011.0508332252502,False
1500,3,230,TargetPresentation,1766140806.3128676,1012.3623971939087,False
1501,3,230,TargetDisplacement,1766140806.3197865,1012.3693182468414,True
1502,3,230,RightResponse,1766140807.1043162,1013.1538465023041,False
1503,3,231,FeedbackPeriodStarted,1766140807.1245065,1013.1740353107452,False
1504,3,231,startFixDisplay,1766140807.1245718,1013.1741001605988,False
1505,3,231,startFixPeriod,1766140807.5133417,1013.562873840332,False
1506,3,231,TargetPresentation,1766140808.6235778,1014.6731095314026,False
1507,3,231,TargetDisplacement,1766140808.7622464,1014.8117775917053,True
1508,3,231,LeftResponse,1766140809.428813,1015.4783442020416,False
1509,3,232,FeedbackPeriodStarted,1766140809.4491055,1015.4986362457275,False
1510,3,232,startFixDisplay,1766140809.4492488,1015.4987785816193,False
1511,3,232,startFixPeriod,1766140809.9836173,1016.033148765564,False
1512,3,232,TargetPresentation,1766140811.4547207,1017.5042524337769,False
1513,3,232,TargetRemoval,1766140811.9055226,1017.9550535678864,True
1514,3,232,TargetReappeared,1766140812.1555796,1018.2051115036011,False
1515,3,232,LeftResponse,1766140812.7732055,1018.822735786438,False
1516,3,233,FeedbackPeriodStarted,1766140812.7937548,1018.8432862758636,False
1517,3,233,startFixDisplay,1766140812.7938886,1018.8434188365936,False
1518,3,233,startFixPeriod,1766140812.9604275,1019.0099580287933,False
1519,3,233,TargetPresentation,1766140814.2580845,1020.3076145648956,False
1520,3,233,TargetDisplacement,1766140814.7575302,1020.8070611953735,True
1521,3,233,LeftResponse,1766140815.6878703,1021.7374000549316,False
1522,3,234,FeedbackPeriodStarted,1766140815.7150953,1021.7646262645721,False
1523,3,234,startFixDisplay,1766140815.7152295,1021.7647578716278,False
1524,3,234,startFixPeriod,1766140815.9095876,1021.9591181278229,False
1525,3,234,TargetPresentation,1766140817.1932898,1023.242819070816,False
1526,3,234,TargetDisplacement,1766140817.3596199,1023.4091503620148,True
1527,3,234,RightResponse,1766140818.401036,1024.4505667686462,False
1528,3,234,FeedbackPeriodStarted,1766140818.4076252,1024.4571566581726,False
1529,3,235,startFixDisplay,1766140820.412686,1026.4622147083282,False
1530,3,235,startFixPeriod,1766140820.621133,1026.6706626415253,False
1531,3,235,TargetPresentation,1766140821.5370646,1027.5865960121155,False
1532,3,235,TargetDisplacement,1766140821.9186068,1027.9681375026703,True
1533,3,235,LeftResponse,1766140822.6059515,1028.6554827690125,False
1534,3,236,FeedbackPeriodStarted,1766140822.6263485,1028.6758797168732,False
1535,3,236,startFixDisplay,1766140822.6265638,1028.6760942935944,False
1536,3,236,startFixPeriod,1766140822.799968,1028.849499464035,False
1537,3,236,TargetPresentation,1766140823.3410938,1029.3906240463257,False
1538,3,236,TargetDisplacement,1766140823.8475935,1029.897124528885,True
1539,3,236,LeftResponse,1766140824.44473,1030.4942607879639,False
1540,3,237,FeedbackPeriodStarted,1766140824.4653184,1030.5148496627808,False
1541,3,237,startFixDisplay,1766140824.4654765,1030.5150067806244,False
1542,3,237,startFixPeriod,1766140824.666638,1030.7161691188812,False
1543,3,237,TargetPresentation,1766140826.061331,1032.1108610630035,False
1544,3,237,TargetDisplacement,1766140826.1999888,1032.249519586563,True
1545,3,237,LeftResponse,1766140827.1441662,1033.1936962604523,False
1546,3,238,FeedbackPeriodStarted,1766140827.164624,1033.2141559123993,False
1547,3,238,startFixDisplay,1766140827.1647782,1033.2143082618713,False
1548,3,238,startFixPeriod,1766140827.6504793,1033.700011253357,False
1549,3,238,TargetPresentation,1766140828.392913,1034.4424448013306,False
1550,3,238,TargetRemoval,1766140828.5314908,1034.581021785736,True
1551,3,238,TargetReappeared,1766140828.7813814,1034.8309109210968,False
1552,3,238,LeftResponse,1766140829.7185037,1035.7680344581604,False
1553,3,239,FeedbackPeriodStarted,1766140829.738906,1035.7884373664856,False
1554,3,239,startFixDisplay,1766140829.739048,1035.7885761260986,False
1555,3,239,startFixPeriod,1766140830.2942028,1036.3437340259552,False
1556,3,239,TargetPresentation,1766140831.1962364,1037.2457656860352,False
1557,3,239,TargetDisplacement,1766140831.6055117,1037.6550426483154,True
1558,3,239,LeftResponse,1766140832.5497012,1038.5992319583893,False
1559,3,240,FeedbackPeriodStarted,1766140832.5699978,1038.6195268630981,False
1560,3,240,startFixDisplay,1766140832.570061,1038.6195890903473,False
1561,3,240,startFixPeriod,1766140832.7505825,1038.8001127243042,False
1562,3,240,TargetPresentation,1766140833.7289953,1039.7785241603851,False
1563,3,240,TargetDisplacement,1766140833.999475,1040.0490057468414,True
1564,3,240,LeftResponse,1766140834.6450899,1040.6946187019348,False
1565,3,240,FeedbackPeriodStarted,1766140834.6518955,1040.701426744461,False
1566,3,241,startFixDisplay,1766140836.6641498,1042.7136783599854,False
1567,3,241,startFixPeriod,1766140836.9000328,1042.9495623111725,False
1568,3,241,TargetPresentation,1766140837.6356997,1043.6852312088013,False
1569,3,241,TargetRemoval,1766140837.79508,1043.8446106910706,True
1570,3,241,TargetReappeared,1766140838.0449975,1044.0945291519165,False
1571,3,241,RightResponse,1766140838.6356719,1044.6852016448975,False
1572,3,242,FeedbackPeriodStarted,1766140838.662608,1044.71213889122,False
1573,3,242,startFixDisplay,1766140838.6627474,1044.7122774124146,False
1574,3,242,startFixPeriod,1766140838.8084025,1044.857934474945,False
1575,3,242,TargetPresentation,1766140839.3635561,1045.41308760643,False
1576,3,242,TargetDisplacement,1766140839.509123,1045.5586516857147,True
1577,3,242,LeftResponse,1766140840.272667,1046.3221962451935,False
1578,3,243,FeedbackPeriodStarted,1766140840.2930355,1046.3425643444061,False
1579,3,243,startFixDisplay,1766140840.2931025,1046.3426308631897,False
1580,3,243,startFixPeriod,1766140840.4737465,1046.5232779979706,False
1581,3,243,TargetPresentation,1766140841.646478,1047.6960098743439,False
1582,3,243,TargetDisplacement,1766140841.7920275,1047.841558933258,True
1583,3,243,LeftResponse,1766140842.5553653,1048.6048941612244,False
1584,3,244,FeedbackPeriodStarted,1766140842.576049,1048.6255803108215,False
1585,3,244,startFixDisplay,1766140842.5761893,1048.6257193088531,False
1586,3,244,startFixPeriod,1766140842.763643,1048.8131747245789,False
1587,3,244,TargetPresentation,1766140843.325771,1049.3753037452698,False
1588,3,244,TargetRemoval,1766140843.4782567,1049.5277853012085,True
1589,3,244,TargetReappeared,1766140843.7280605,1049.7775917053223,False
1590,3,244,RightResponse,1766140844.6512544,1050.7007846832275,False
1591,3,245,FeedbackPeriodStarted,1766140844.6716554,1050.7211866378784,False
1592,3,245,startFixDisplay,1766140844.671796,1050.7213261127472,False
1593,3,245,startFixPeriod,1766140844.859207,1050.9087362289429,False
1594,3,245,TargetPresentation,1766140845.4698157,1051.5193455219269,False
1595,3,245,TargetDisplacement,1766140845.6222744,1051.6718027591705,True
1596,3,245,LeftResponse,1766140846.1918452,1052.2413761615753,False
1597,3,246,FeedbackPeriodStarted,1766140846.2120688,1052.261598110199,False
1598,3,246,startFixDisplay,1766140846.21214,1052.2616684436798,False
1599,3,246,startFixPeriod,1766140846.441212,1052.4907429218292,False
1600,3,246,TargetPresentation,1766140847.593154,1053.6426854133606,False
1601,3,246,TargetRemoval,1766140847.7666183,1053.8161494731903,True
1602,3,246,TargetReappeared,1766140848.0164273,1054.0659580230713,False
1603,3,246,RightResponse,1766140848.6759002,1054.7254309654236,False
1604,3,246,FeedbackPeriodStarted,1766140848.6823297,1054.731858253479,False
1605,3,247,startFixDisplay,1766140850.6876676,1056.7371962070465,False
1606,3,247,startFixPeriod,1766140850.694683,1056.744214296341,False
1607,3,247,TargetPresentation,1766140851.3610446,1057.4105739593506,False
1608,3,247,TargetDisplacement,1766140851.6314292,1057.6809575557709,True
1609,3,247,RightResponse,1766140852.33942,1058.388948917389,False
1610,3,248,FeedbackPeriodStarted,1766140852.3601344,1058.4096655845642,False
1611,3,248,startFixDisplay,1766140852.3602753,1058.409805059433,False
1612,3,248,startFixPeriod,1766140852.5406501,1058.5901794433594,False
1613,3,248,TargetPresentation,1766140853.810622,1059.8601536750793,False
1614,3,248,TargetDisplacement,1766140853.9629838,1060.012514591217,True
1615,3,248,LeftResponse,1766140854.671302,1060.7208318710327,False
1616,3,249,FeedbackPeriodStarted,1766140854.6916807,1060.741212129593,False
1617,3,249,startFixDisplay,1766140854.6918204,1060.7413489818573,False
1618,3,249,startFixPeriod,1766140855.0526788,1061.1022107601166,False
1619,3,249,TargetPresentation,1766140855.5592468,1061.608778476715,False
1620,3,249,TargetDisplacement,1766140856.1696491,1062.2191801071167,True
1621,3,249,RightResponse,1766140856.579353,1062.628882408142,False
1622,3,250,FeedbackPeriodStarted,1766140856.599864,1062.6493952274323,False
1623,3,250,startFixDisplay,1766140856.6000051,1062.6495351791382,False
1624,3,250,startFixPeriod,1766140856.752589,1062.8021185398102,False
1625,3,250,TargetPresentation,1766140857.425793,1063.4753246307373,False
1626,3,250,TargetRemoval,1766140857.9045174,1063.9540483951569,True
1627,3,250,TargetReappeared,1766140858.1544247,1064.2039568424225,False
1628,3,250,LeftResponse,1766140858.8972116,1064.9467449188232,False
1629,3,251,FeedbackPeriodStarted,1766140858.9314191,1064.980950832367,False
1630,3,251,startFixDisplay,1766140858.9316933,1064.9812245368958,False
1631,3,251,startFixPeriod,1766140859.0842812,1065.1338119506836,False
1632,3,251,TargetPresentation,1766140859.6670518,1065.716581106186,False
1633,3,251,TargetRemoval,1766140859.8127377,1065.8622691631317,True
1634,3,251,TargetReappeared,1766140860.0626261,1066.1121575832367,False
1635,3,251,LeftResponse,1766140860.7152874,1066.7648165225983,False
1636,3,252,FeedbackPeriodStarted,1766140860.735616,1066.7851474285126,False
1637,3,252,startFixDisplay,1766140860.7357643,1066.7852942943573,False
1638,3,252,startFixPeriod,1766140861.1938272,1067.2433581352234,False
1639,3,252,TargetPresentation,1766140862.3594866,1068.4090180397034,False
1640,3,252,TargetDisplacement,1766140863.011582,1069.0611126422882,True
1641,3,252,RightResponse,1766140863.8444083,1069.8939373493195,False
1642,3,252,FeedbackPeriodStarted,1766140863.8513126,1069.9008417129517,False
1643,3,253,startFixDisplay,1766140865.8635113,1071.9130423069,False
1644,3,253,startFixPeriod,1766140866.113505,1072.1630363464355,False
1645,3,253,TargetPresentation,1766140867.5359912,1073.5855202674866,False
1646,3,253,TargetRemoval,1766140867.6675758,1073.7171065807343,True
1647,3,253,TargetReappeared,1766140867.9176297,1073.9671614170074,False
1648,3,253,LeftResponse,1766140868.5492826,1074.5988128185272,False
1649,3,254,FeedbackPeriodStarted,1766140868.5766926,1074.626223564148,False
1650,3,254,startFixDisplay,1766140868.5768278,1074.626357793808,False
1651,3,254,startFixPeriod,1766140868.8891456,1074.9386763572693,False
1652,3,254,TargetPresentation,1766140870.0617864,1076.1113181114197,False
1653,3,254,TargetRemoval,1766140870.2143028,1076.2638335227966,True
1654,3,254,TargetReappeared,1766140870.4641845,1076.5137145519257,False
1655,3,254,RightResponse,1766140870.859957,1076.9094865322113,False
1656,3,255,FeedbackPeriodStarted,1766140870.8873656,1076.9369158744812,False
1657,3,255,startFixDisplay,1766140870.887529,1076.9370589256287,False
1658,3,255,startFixPeriod,1766140871.04025,1077.0897824764252,False
1659,3,255,TargetPresentation,1766140872.4487834,1078.498314857483,False
1660,3,255,TargetRemoval,1766140872.6430285,1078.6925570964813,True
1661,3,255,TargetReappeared,1766140872.8929098,1078.9424412250519,False
1662,3,255,RightResponse,1766140873.5108094,1079.560340166092,False
1663,3,256,FeedbackPeriodStarted,1766140873.5310714,1079.5806005001068,False
1664,3,256,startFixDisplay,1766140873.5311341,1079.5806624889374,False
1665,3,256,startFixPeriod,1766140873.6909614,1079.7404930591583,False
1666,3,256,TargetPresentation,1766140874.579112,1080.6286435127258,False
1667,3,256,TargetDisplacement,1766140875.0160165,1081.0655448436737,True
1668,3,256,RightResponse,1766140875.7795215,1081.829050540924,False
1669,3,257,FeedbackPeriodStarted,1766140875.8001268,1081.849655866623,False
1670,3,257,startFixDisplay,1766140875.800193,1081.8497214317322,False
1671,3,257,startFixPeriod,1766140875.980829,1082.0303606987,False
1672,3,257,TargetPresentation,1766140877.208957,1083.2584867477417,False
1673,3,257,TargetDisplacement,1766140877.6042757,1083.653804063797,True
1674,3,257,RightResponse,1766140878.0697575,1084.1192886829376,False
1675,3,258,FeedbackPeriodStarted,1766140878.09009,1084.1396210193634,False
1676,3,258,startFixDisplay,1766140878.0902312,1084.139761209488,False
1677,3,258,startFixPeriod,1766140878.36783,1084.4173617362976,False
1678,3,258,TargetPresentation,1766140879.3462172,1085.3957488536835,False
1679,3,258,TargetDisplacement,1766140879.5889082,1085.6384370326996,True
1680,3,258,LeftResponse,1766140880.470329,1086.519858121872,False
1681,3,258,FeedbackPeriodStarted,1766140880.477223,1086.526751756668,False
1682,3,259,startFixDisplay,1766140882.4894192,1088.5389516353607,False
1683,3,259,startFixPeriod,1766140882.4963508,1088.5458822250366,False
1684,3,259,TargetPresentation,1766140883.4680555,1089.517587184906,False
1685,3,259,TargetDisplacement,1766140883.6274333,1089.676964521408,True
1686,3,259,RightResponse,1766140884.5090873,1090.5586171150208,False
1687,3,260,FeedbackPeriodStarted,1766140884.5295546,1090.5790855884552,False
1688,3,260,startFixDisplay,1766140884.5296953,1090.579225063324,False
1689,3,260,startFixPeriod,1766140884.7032084,1090.7527389526367,False
1690,3,260,TargetPresentation,1766140885.688526,1091.7380571365356,False
1691,3,260,TargetRemoval,1766140885.8062782,1091.8558089733124,True
1692,3,260,TargetReappeared,1766140886.0562525,1092.1057839393616,False
1693,3,260,LeftResponse,1766140886.5422544,1092.5917856693268,False
1694,3,261,FeedbackPeriodStarted,1766140886.569675,1092.6192059516907,False
1695,3,261,startFixDisplay,1766140886.569823,1092.619353055954,False
1696,3,261,startFixPeriod,1766140886.8126197,1092.8621504306793,False
1697,3,261,TargetPresentation,1766140887.5550916,1093.6046233177185,False
1698,3,261,TargetDisplacement,1766140887.7075646,1093.757095336914,True
1699,3,261,RightResponse,1766140888.6310523,1094.6805810928345,False
1700,3,262,FeedbackPeriodStarted,1766140888.6512983,1094.7008295059204,False
1701,3,262,startFixDisplay,1766140888.6514726,1094.701003074646,False
1702,3,262,startFixPeriod,1766140888.8109612,1094.8604905605316,False
1703,3,262,TargetPresentation,1766140890.0462356,1096.095764875412,False
1704,3,262,TargetDisplacement,1766140890.205659,1096.2551896572113,True
1705,3,262,RightResponse,1766140890.7680192,1096.8175489902496,False
1706,3,263,FeedbackPeriodStarted,1766140890.7887626,1096.8382914066315,False
1707,3,263,startFixDisplay,1766140890.7888856,1096.8384137153625,False
1708,3,263,startFixPeriod,1766140890.941342,1096.9908723831177,False
1709,3,263,TargetPresentation,1766140891.7462902,1097.7958199977875,False
1710,3,263,TargetDisplacement,1766140891.9196472,1097.9691801071167,True
1711,3,263,RightResponse,1766140892.724875,1098.774403810501,False
1712,3,263,FeedbackPeriodStarted,1766140892.7592695,1098.8087983131409,False
1713,4,264,startFixDisplay,1766140990.5855737,1196.6351027488708,False
1714,4,264,startFixPeriod,1766140990.780137,1196.8296666145325,False
1715,4,264,TargetPresentation,1766140992.1679711,1198.217500448227,False
1716,4,264,TargetRemoval,1766140992.3066413,1198.3561725616455,True
1717,4,264,TargetReappeared,1766140992.5565417,1198.6060712337494,False
1718,4,264,LeftResponse,1766140993.6114578,1199.6609876155853,False
1719,4,265,FeedbackPeriodStarted,1766140993.631957,1199.681488275528,False
1720,4,265,startFixDisplay,1766140993.6321611,1199.6816935539246,False
1721,4,265,startFixPeriod,1766140993.8542497,1199.9037804603577,False
1722,4,265,TargetPresentation,1766140994.846525,1200.896056652069,False
1723,4,265,TargetDisplacement,1766140994.9919612,1201.0414898395538,True
1724,4,265,LeftResponse,1766140995.9154165,1201.9649460315704,False
1725,4,266,FeedbackPeriodStarted,1766140995.9426312,1201.9921627044678,False
1726,4,266,startFixDisplay,1766140995.9427705,1201.9923005104065,False
1727,4,266,startFixPeriod,1766140996.1371927,1202.186723947525,False
1728,4,266,TargetPresentation,1766140996.969878,1203.0194084644318,False
1729,4,266,TargetDisplacement,1766140997.1500788,1203.1996071338654,True
1730,4,266,RightResponse,1766140997.9209483,1203.9704792499542,False
1731,4,267,FeedbackPeriodStarted,1766140997.9411075,1203.9906384944916,False
1732,4,267,startFixDisplay,1766140997.9412482,1203.990778207779,False
1733,4,267,startFixPeriod,1766140998.0870457,1204.1365776062012,False
1734,4,267,TargetPresentation,1766140999.2250652,1205.274594783783,False
1735,4,267,TargetDisplacement,1766140999.4191403,1205.468668937683,True
1736,4,267,RightResponse,1766141000.162107,1206.2116367816925,False
1737,4,268,FeedbackPeriodStarted,1766141000.1893444,1206.2388758659363,False
1738,4,268,startFixDisplay,1766141000.189504,1206.2390341758728,False
1739,4,268,startFixPeriod,1766141000.3352137,1206.384742975235,False
1740,4,268,TargetPresentation,1766141000.973706,1207.0232367515564,False
1741,4,268,TargetDisplacement,1766141001.6743078,1207.7238388061523,True
1742,4,268,RightResponse,1766141002.6113615,1208.6608910560608,False
1743,4,269,FeedbackPeriodStarted,1766141002.6317818,1208.681310892105,False
1744,4,269,startFixDisplay,1766141002.6318455,1208.6813735961914,False
1745,4,269,startFixPeriod,1766141002.7846854,1208.8342170715332,False
1746,4,269,TargetPresentation,1766141003.8601778,1209.9097080230713,False
1747,4,269,TargetDisplacement,1766141004.0612245,1210.1107530593872,True
1748,4,269,RightResponse,1766141004.887453,1210.936982870102,False
1749,4,270,FeedbackPeriodStarted,1766141004.9078863,1210.9574174880981,False
1750,4,270,startFixDisplay,1766141004.9080265,1210.9575562477112,False
1751,4,270,startFixPeriod,1766141005.060696,1211.1102283000946,False
1752,4,270,TargetPresentation,1766141006.1292853,1212.1788144111633,False
1753,4,270,TargetRemoval,1766141006.2609549,1212.3104832172394,True
1754,4,270,TargetReappeared,1766141006.511034,1212.5605657100677,False
1755,4,270,LeftResponse,1766141007.0247314,1213.0742623806,False
1756,4,270,FeedbackPeriodStarted,1766141007.0313478,1213.0808792114258,False
1757,4,271,startFixDisplay,1766141009.0435848,1215.093115568161,False
1758,4,271,startFixPeriod,1766141009.0505543,1215.100085258484,False
1759,4,271,TargetPresentation,1766141009.9527292,1216.0022609233856,False
1760,4,271,TargetRemoval,1766141010.1190517,1216.1685802936554,True
1761,4,271,TargetReappeared,1766141010.3690758,1216.4186053276062,False
1762,4,271,LeftResponse,1766141010.8617346,1216.9112639427185,False
1763,4,272,FeedbackPeriodStarted,1766141010.8824515,1216.9319837093353,False
1764,4,272,startFixDisplay,1766141010.882601,1216.9321310520172,False
1765,4,272,startFixPeriod,1766141011.3336132,1217.383144378662,False
1766,4,272,TargetPresentation,1766141012.388447,1218.4379799365997,False
1767,4,272,TargetRemoval,1766141012.5548384,1218.604369878769,True
1768,4,272,TargetReappeared,1766141012.8046021,1218.8541333675385,False
1769,4,272,LeftResponse,1766141013.5959926,1219.6455237865448,False
1770,4,273,FeedbackPeriodStarted,1766141013.6164188,1219.6659507751465,False
1771,4,273,startFixDisplay,1766141013.616592,1219.6661221981049,False
1772,4,273,startFixPeriod,1766141013.7900226,1219.8395533561707,False
1773,4,273,TargetPresentation,1766141014.858668,1220.90819978714,False
1774,4,273,TargetRemoval,1766141015.6148548,1221.6643834114075,True
1775,4,273,TargetReappeared,1766141015.864859,1221.9143886566162,False
1776,4,273,LeftResponse,1766141016.531368,1222.5809226036072,False
1777,4,274,FeedbackPeriodStarted,1766141016.55158,1222.6011109352112,False
1778,4,274,startFixDisplay,1766141016.5517194,1222.6012494564056,False
1779,4,274,startFixPeriod,1766141016.6906595,1222.7401912212372,False
1780,4,274,TargetPresentation,1766141017.75215,1223.8016793727875,False
1781,4,274,TargetDisplacement,1766141018.1059973,1224.1555290222168,True
1782,4,274,RightResponse,1766141018.8073034,1224.8568332195282,False
1783,4,275,FeedbackPeriodStarted,1766141018.8275347,1224.8770635128021,False
1784,4,275,startFixDisplay,1766141018.8276014,1224.8771295547485,False
1785,4,275,startFixPeriod,1766141018.9873092,1225.0368402004242,False
1786,4,275,TargetPresentation,1766141019.9102733,1225.9598038196564,False
1787,4,275,TargetDisplacement,1766141020.1321282,1226.1816565990448,True
1788,4,275,LeftResponse,1766141021.1594114,1227.2089412212372,False
1789,4,276,FeedbackPeriodStarted,1766141021.180083,1227.2296121120453,False
1790,4,276,startFixDisplay,1766141021.1801498,1227.2296781539917,False
1791,4,276,startFixPeriod,1766141021.2911334,1227.3406655788422,False
1792,4,276,TargetPresentation,1766141022.3805697,1228.4300997257233,False
1793,4,276,TargetDisplacement,1766141023.0673895,1229.11692237854,True
1794,4,276,RightResponse,1766141023.7963188,1229.8458483219147,False
1795,4,276,FeedbackPeriodStarted,1766141023.8028636,1229.8523948192596,False
1796,4,277,startFixDisplay,1766141025.8152323,1231.8647632598877,False
1797,4,277,startFixPeriod,1766141025.822257,1231.8717858791351,False
1798,4,277,TargetPresentation,1766141026.4607325,1232.510264158249,False
1799,4,277,TargetRemoval,1766141026.60621,1232.6557385921478,True
1800,4,277,TargetReappeared,1766141026.8560822,1232.9056134223938,False
1801,4,277,LeftResponse,1766141027.3769255,1233.426456451416,False
1802,4,278,FeedbackPeriodStarted,1766141027.3973927,1233.4469254016876,False
1803,4,278,startFixDisplay,1766141027.3975422,1233.4470722675323,False
1804,4,278,startFixPeriod,1766141027.6265118,1233.676043510437,False
1805,4,278,TargetPresentation,1766141028.8199186,1234.8694479465485,False
1806,4,278,TargetDisplacement,1766141028.9655294,1235.0150599479675,True
1807,4,278,RightResponse,1766141029.7637837,1235.8133132457733,False
1808,4,279,FeedbackPeriodStarted,1766141029.784718,1235.8342490196228,False
1809,4,279,startFixDisplay,1766141029.784856,1235.8343863487244,False
1810,4,279,startFixPeriod,1766141029.9441037,1235.993634223938,False
1811,4,279,TargetPresentation,1766141031.2695425,1237.3190734386444,False
1812,4,279,TargetDisplacement,1766141031.4636846,1237.5132160186768,True
1813,4,279,RightResponse,1766141032.1439378,1238.1934678554535,False
1814,4,280,FeedbackPeriodStarted,1766141032.1644616,1238.2139930725098,False
1815,4,280,startFixDisplay,1766141032.1646113,1238.2141416072845,False
1816,4,280,startFixPeriod,1766141032.2339797,1238.2835099697113,False
1817,4,280,TargetPresentation,1766141032.7405145,1238.7900443077087,False
1818,4,280,TargetRemoval,1766141033.2122033,1239.2617342472076,True
1819,4,280,TargetReappeared,1766141033.4622576,1239.5117890834808,False
1820,4,280,RightResponse,1766141034.1074975,1240.1570267677307,False
1821,4,281,FeedbackPeriodStarted,1766141034.1281836,1240.1777148246765,False
1822,4,281,startFixDisplay,1766141034.128396,1240.177928686142,False
1823,4,281,startFixPeriod,1766141034.2602296,1240.3097605705261,False
1824,4,281,TargetPresentation,1766141035.5786388,1241.628170490265,False
1825,4,281,TargetDisplacement,1766141035.793564,1241.8430950641632,True
1826,4,281,RightResponse,1766141036.5572517,1242.6067805290222,False
1827,4,282,FeedbackPeriodStarted,1766141036.57763,1242.6271607875824,False
1828,4,282,startFixDisplay,1766141036.5777662,1242.6272959709167,False
1829,4,282,startFixPeriod,1766141036.765123,1242.8146541118622,False
1830,4,282,TargetPresentation,1766141037.6325376,1243.6820666790009,False
1831,4,282,TargetDisplacement,1766141037.764271,1243.8138020038605,True
1832,4,282,LeftResponse,1766141038.4655335,1244.5150632858276,False
1833,4,282,FeedbackPeriodStarted,1766141038.4719427,1244.521472454071,False
1834,4,283,startFixDisplay,1766141040.4843144,1246.533845424652,False
1835,4,283,startFixPeriod,1766141040.6996686,1246.7492003440857,False
1836,4,283,TargetPresentation,1766141041.5809247,1247.630453824997,False
1837,4,283,TargetDisplacement,1766141041.76111,1247.8106408119202,True
1838,4,283,LeftResponse,1766141042.5800989,1248.6296281814575,False
1839,4,284,FeedbackPeriodStarted,1766141042.600747,1248.6502785682678,False
1840,4,284,startFixDisplay,1766141042.60089,1248.6504199504852,False
1841,4,284,startFixPeriod,1766141042.8089695,1248.858500957489,False
1842,4,284,TargetPresentation,1766141044.2316291,1250.2811608314514,False
1843,4,284,TargetRemoval,1766141044.3981016,1250.4476335048676,True
1844,4,284,TargetReappeared,1766141044.6479554,1250.69748711586,False
1845,4,284,RightResponse,1766141045.2449853,1251.294514656067,False
1846,4,285,FeedbackPeriodStarted,1766141045.2724454,1251.3219773769379,False
1847,4,285,startFixDisplay,1766141045.2725966,1251.3221261501312,False
1848,4,285,startFixPeriod,1766141045.3974056,1251.446938276291,False
1849,4,285,TargetPresentation,1766141046.6950014,1252.7445311546326,False
1850,4,285,TargetRemoval,1766141046.854427,1252.9039583206177,True
1851,4,285,TargetReappeared,1766141047.1044388,1253.1539707183838,False
1852,4,285,RightResponse,1766141047.603993,1253.6535212993622,False
1853,4,286,FeedbackPeriodStarted,1766141047.6246884,1253.6742208003998,False
1854,4,286,startFixDisplay,1766141047.6248388,1253.6743688583374,False
1855,4,286,startFixPeriod,1766141047.7982845,1253.8478155136108,False
1856,4,286,TargetPresentation,1766141048.7073164,1254.756846189499,False
1857,4,286,TargetDisplacement,1766141048.845842,1254.8953728675842,True
1858,4,286,LeftResponse,1766141049.5955174,1255.6450462341309,False
1859,4,287,FeedbackPeriodStarted,1766141049.6161184,1255.6656494140625,False
1860,4,287,startFixDisplay,1766141049.616259,1255.6657888889313,False
1861,4,287,startFixPeriod,1766141049.8730388,1255.9225704669952,False
1862,4,287,TargetPresentation,1766141051.3372235,1257.3867545127869,False
1863,4,287,TargetRemoval,1766141051.5037057,1257.553237438202,True
1864,4,287,TargetReappeared,1766141051.7535431,1257.8030750751495,False
1865,4,287,LeftResponse,1766141052.5445988,1258.5941286087036,False
1866,4,288,FeedbackPeriodStarted,1766141052.565183,1258.6147117614746,False
1867,4,288,startFixDisplay,1766141052.5652459,1258.6147742271423,False
1868,4,288,startFixPeriod,1766141052.6971757,1258.746705532074,False
1869,4,288,TargetPresentation,1766141053.9600766,1260.0096082687378,False
1870,4,288,TargetRemoval,1766141054.0987012,1260.1482322216034,True
1871,4,288,TargetReappeared,1766141054.3486862,1260.3982179164886,False
1872,4,288,RightResponse,1766141055.2580214,1261.3075499534607,False
1873,4,288,FeedbackPeriodStarted,1766141055.2646806,1261.3142130374908,False
1874,4,289,startFixDisplay,1766141057.2767665,1263.3262975215912,False
1875,4,289,startFixPeriod,1766141057.49212,1263.541651725769,False
1876,4,289,TargetPresentation,1766141058.5052464,1264.55477809906,False
1877,4,289,TargetDisplacement,1766141058.6578074,1264.707338809967,True
1878,4,289,RightResponse,1766141059.8239453,1265.8734760284424,False
1879,4,290,FeedbackPeriodStarted,1766141059.8442454,1265.89377450943,False
1880,4,290,startFixDisplay,1766141059.8443127,1265.893840789795,False
1881,4,290,startFixPeriod,1766141059.9970446,1266.0465738773346,False
1882,4,290,TargetPresentation,1766141060.8991866,1266.9487183094025,False
1883,4,290,TargetRemoval,1766141061.0308356,1267.0803666114807,True
1884,4,290,TargetReappeared,1766141061.280863,1267.330394744873,False
1885,4,290,LeftResponse,1766141062.0860224,1268.1355533599854,False
1886,4,291,FeedbackPeriodStarted,1766141062.106268,1268.1557967662811,False
1887,4,291,startFixDisplay,1766141062.1063309,1268.1558592319489,False
1888,4,291,startFixPeriod,1766141062.2800415,1268.3295729160309,False
1889,4,291,TargetPresentation,1766141063.050272,1269.099802017212,False
1890,4,291,TargetRemoval,1766141063.202836,1269.2523674964905,True
1891,4,291,TargetReappeared,1766141063.4526927,1269.5022222995758,False
1892,4,291,LeftResponse,1766141063.980135,1270.0296638011932,False
1893,4,292,FeedbackPeriodStarted,1766141064.0007339,1270.0502653121948,False
1894,4,292,startFixDisplay,1766141064.0009387,1270.0504689216614,False
1895,4,292,startFixPeriod,1766141064.250701,1270.300232410431,False
1896,4,292,TargetPresentation,1766141064.9793565,1271.0288870334625,False
1897,4,292,TargetDisplacement,1766141065.201218,1271.2507486343384,True
1898,4,292,RightResponse,1766141066.0755928,1272.1251213550568,False
1899,4,293,FeedbackPeriodStarted,1766141066.0963194,1272.1458504199982,False
1900,4,293,startFixDisplay,1766141066.0964832,1272.1460134983063,False
1901,4,293,startFixPeriod,1766141066.2630885,1272.312617778778,False
1902,4,293,TargetPresentation,1766141067.6647298,1273.7142610549927,False
1903,4,293,TargetDisplacement,1766141067.8241713,1273.8736999034882,True
1904,4,293,RightResponse,1766141068.511613,1274.561143875122,False
1905,4,294,FeedbackPeriodStarted,1766141068.5319223,1274.5814538002014,False
1906,4,294,startFixDisplay,1766141068.5320466,1274.5815749168396,False
1907,4,294,startFixPeriod,1766141068.684807,1274.7343389987946,False
1908,4,294,TargetPresentation,1766141069.420267,1275.4697966575623,False
1909,4,294,TargetDisplacement,1766141069.9683034,1276.017834186554,True
1910,4,294,LeftResponse,1766141070.6764326,1276.7259628772736,False
1911,4,294,FeedbackPeriodStarted,1766141070.6900125,1276.7395415306091,False
1912,4,295,startFixDisplay,1766141072.7022383,1278.7517666816711,False
1913,4,295,startFixPeriod,1766141072.7091546,1278.758683681488,False
1914,4,295,TargetPresentation,1766141073.5490422,1279.5985741615295,False
1915,4,295,TargetDisplacement,1766141074.0068262,1280.0563547611237,True
1916,4,295,RightResponse,1766141074.65247,1280.701998949051,False
1917,4,296,FeedbackPeriodStarted,1766141074.6728704,1280.7223994731903,False
1918,4,296,startFixDisplay,1766141074.6729321,1280.722460269928,False
1919,4,296,startFixPeriod,1766141074.8258138,1280.875344991684,False
1920,4,296,TargetPresentation,1766141076.0540175,1282.103549003601,False
1921,4,296,TargetDisplacement,1766141076.2204237,1282.269954919815,True
1922,4,296,LeftResponse,1766141076.9007118,1282.9502413272858,False
1923,4,297,FeedbackPeriodStarted,1766141076.9211907,1282.970719575882,False
1924,4,297,startFixDisplay,1766141076.9212532,1282.970781326294,False
1925,4,297,startFixPeriod,1766141077.115824,1283.165355682373,False
1926,4,297,TargetPresentation,1766141078.2398107,1284.2893424034119,False
1927,4,297,TargetRemoval,1766141078.3922405,1284.4417691230774,True
1928,4,297,TargetReappeared,1766141078.6423433,1284.6918733119965,False
1929,4,297,LeftResponse,1766141079.6277268,1285.6772565841675,False
1930,4,298,FeedbackPeriodStarted,1766141079.6481984,1285.6977272033691,False
1931,4,298,startFixDisplay,1766141079.6482606,1285.6977889537811,False
1932,4,298,startFixPeriod,1766141079.8356845,1285.8852138519287,False
1933,4,298,TargetPresentation,1766141080.8767178,1286.9262495040894,False
1934,4,298,TargetRemoval,1766141081.0291042,1287.078632593155,True
1935,4,298,TargetReappeared,1766141081.2791154,1287.3286457061768,False
1936,4,298,LeftResponse,1766141081.869189,1287.9187188148499,False
1937,4,299,FeedbackPeriodStarted,1766141081.8894715,1287.9390006065369,False
1938,4,299,startFixDisplay,1766141081.8895347,1287.939062833786,False
1939,4,299,startFixPeriod,1766141082.0910196,1288.1405510902405,False
1940,4,299,TargetPresentation,1766141082.6738591,1288.7233905792236,False
1941,4,299,TargetRemoval,1766141083.2565975,1289.306128501892,True
1942,4,299,TargetReappeared,1766141083.506609,1289.556140422821,False
1943,4,299,LeftResponse,1766141084.2080798,1290.257610321045,False
1944,4,300,FeedbackPeriodStarted,1766141084.2349946,1290.2845258712769,False
1945,4,300,startFixDisplay,1766141084.2351649,1290.2846965789795,False
1946,4,300,startFixPeriod,1766141084.4155798,1290.4651114940643,False
1947,4,300,TargetPresentation,1766141085.2343066,1291.2838356494904,False
1948,4,300,TargetDisplacement,1766141085.4215624,1291.4710927009583,True
1949,4,300,RightResponse,1766141086.4421012,1292.4916324615479,False
1950,4,300,FeedbackPeriodStarted,1766141086.448727,1292.4982583522797,False
1951,4,301,startFixDisplay,1766141088.460805,1294.5103356838226,False
1952,4,301,startFixPeriod,1766141088.4677753,1294.5173058509827,False
1953,4,301,TargetPresentation,1766141089.2381814,1295.287710428238,False
1954,4,301,TargetDisplacement,1766141089.439365,1295.4888961315155,True
1955,4,301,LeftResponse,1766141090.1334713,1296.1830003261566,False
1956,4,302,FeedbackPeriodStarted,1766141090.1539598,1296.203490972519,False
1957,4,302,startFixDisplay,1766141090.1540985,1296.2036283016205,False
1958,4,302,startFixPeriod,1766141090.3761883,1296.4257197380066,False
1959,4,302,TargetPresentation,1766141091.750078,1297.7996077537537,False
1960,4,302,TargetDisplacement,1766141091.88886,1297.9383912086487,True
1961,4,302,LeftResponse,1766141092.5344582,1298.5839881896973,False
1962,4,303,FeedbackPeriodStarted,1766141092.5618007,1298.6113321781158,False
1963,4,303,startFixDisplay,1766141092.561939,1298.6114690303802,False
1964,4,303,startFixPeriod,1766141092.7839692,1298.8335011005402,False
1965,4,303,TargetPresentation,1766141094.1788216,1300.228353023529,False
1966,4,303,TargetDisplacement,1766141094.3243515,1300.3738844394684,True
1967,4,303,LeftResponse,1766141094.935453,1300.9849832057953,False
1968,4,304,FeedbackPeriodStarted,1766141094.9557698,1301.0053012371063,False
1969,4,304,startFixDisplay,1766141094.9559097,1301.0054395198822,False
1970,4,304,startFixPeriod,1766141095.150253,1301.1997849941254,False
1971,4,304,TargetPresentation,1766141096.2258093,1302.2753410339355,False
1972,4,304,TargetRemoval,1766141097.1484942,1303.1980228424072,True
1973,4,304,TargetReappeared,1766141097.398464,1303.4479956626892,False
1974,4,304,RightResponse,1766141097.6208553,1303.670386314392,False
1975,4,305,FeedbackPeriodStarted,1766141097.6411521,1303.6906836032867,False
1976,4,305,startFixDisplay,1766141097.641354,1303.6908822059631,False
1977,4,305,startFixPeriod,1766141097.8147697,1303.8642995357513,False
1978,4,305,TargetPresentation,1766141098.5503983,1304.5999302864075,False
1979,4,305,TargetDisplacement,1766141098.7792778,1304.828806400299,True
1980,4,305,LeftResponse,1766141099.3279421,1305.377473115921,False
1981,4,306,FeedbackPeriodStarted,1766141099.3550975,1305.4046289920807,False
1982,4,306,startFixDisplay,1766141099.3552358,1305.404765844345,False
1983,4,306,startFixPeriod,1766141099.598132,1305.6476635932922,False
1984,4,306,TargetPresentation,1766141101.00676,1307.0562915802002,False
1985,4,306,TargetDisplacement,1766141101.138421,1307.1879527568817,True
1986,4,306,LeftResponse,1766141101.839664,1307.8891925811768,False
1987,4,306,FeedbackPeriodStarted,1766141101.8463595,1307.8958885669708,False
1988,4,307,startFixDisplay,1766141103.858414,1309.907942533493,False
1989,4,307,startFixPeriod,1766141103.8653378,1309.9148662090302,False
1990,4,307,TargetPresentation,1766141104.3789926,1310.4285216331482,False
1991,4,307,TargetDisplacement,1766141104.545481,1310.5950121879578,True
1992,4,307,RightResponse,1766141105.6074727,1311.6570014953613,False
1993,4,308,FeedbackPeriodStarted,1766141105.6279984,1311.6775298118591,False
1994,4,308,startFixDisplay,1766141105.6281376,1311.6776673793793,False
1995,4,308,startFixPeriod,1766141105.7808132,1311.83034491539,False
1996,4,308,TargetPresentation,1766141106.5441751,1312.5937073230743,False
1997,4,308,TargetDisplacement,1766141106.9603133,1313.0098419189453,True
1998,4,308,LeftResponse,1766141107.6338825,1313.683413028717,False
1999,4,309,FeedbackPeriodStarted,1766141107.6541982,1313.7037296295166,False
2000,4,309,startFixDisplay,1766141107.6543367,1313.7038667201996,False
2001,4,309,startFixPeriod,1766141107.800155,1313.8496861457825,False
2002,4,309,TargetPresentation,1766141108.8479626,1314.8974940776825,False
2003,4,309,TargetRemoval,1766141109.4168165,1315.466347694397,True
2004,4,309,TargetReappeared,1766141109.6667519,1315.7162833213806,False
2005,4,309,RightResponse,1766141110.2221327,1316.271663427353,False
2006,4,310,FeedbackPeriodStarted,1766141110.2494054,1316.2989377975464,False
2007,4,310,startFixDisplay,1766141110.2495768,1316.2991075515747,False
2008,4,310,startFixPeriod,1766141110.402293,1316.4518239498138,False
2009,4,310,TargetPresentation,1766141111.5957308,1317.6452617645264,False
2010,4,310,TargetDisplacement,1766141111.9773002,1318.0268287658691,True
2011,4,310,LeftResponse,1766141112.8381028,1318.887633562088,False
2012,4,311,FeedbackPeriodStarted,1766141112.8654294,1318.9149582386017,False
2013,4,311,startFixDisplay,1766141112.8654964,1318.9150247573853,False
2014,4,311,startFixPeriod,1766141113.0183666,1319.0679187774658,False
2015,4,311,TargetPresentation,1766141114.0521922,1320.1017236709595,False
2016,4,311,TargetDisplacement,1766141114.260126,1320.3096573352814,True
2017,4,311,RightResponse,1766141114.9475708,1320.9971008300781,False
2018,4,312,FeedbackPeriodStarted,1766141114.96786,1321.0173888206482,False
2019,4,312,startFixDisplay,1766141114.9679255,1321.0174536705017,False
2020,4,312,startFixPeriod,1766141114.975097,1321.024628162384,False
2021,4,312,TargetPresentation,1766141116.078348,1322.1278777122498,False
2022,4,312,TargetDisplacement,1766141116.2239587,1322.2734897136688,True
2023,4,312,LeftResponse,1766141116.987514,1323.0370428562164,False
2024,4,312,FeedbackPeriodStarted,1766141116.994336,1323.0438675880432,False
2025,4,313,startFixDisplay,1766141119.0065072,1325.0560386180878,False
2026,4,313,startFixPeriod,1766141119.2287035,1325.2782351970673,False
2027,4,313,TargetPresentation,1766141120.2210627,1326.270592212677,False
2028,4,313,TargetDisplacement,1766141120.401158,1326.4506888389587,True
2029,4,313,LeftResponse,1766141121.1580598,1327.207590341568,False
2030,4,314,FeedbackPeriodStarted,1766141121.185391,1327.2349243164062,False
2031,4,314,startFixDisplay,1766141121.1855516,1327.2350814342499,False
2032,4,314,startFixPeriod,1766141121.3798144,1327.4293460845947,False
2033,4,314,TargetPresentation,1766141122.0876281,1328.1371593475342,False
2034,4,314,TargetRemoval,1766141122.2610233,1328.310554265976,True
2035,4,314,TargetReappeared,1766141122.5108356,1328.56036734581,False
2036,4,314,RightResponse,1766141122.9690473,1329.0185782909393,False
2037,4,315,FeedbackPeriodStarted,1766141122.9964392,1329.0459685325623,False
2038,4,315,startFixDisplay,1766141122.9965103,1329.046038389206,False
2039,4,315,startFixPeriod,1766141123.1562464,1329.2057781219482,False
2040,4,315,TargetPresentation,1766141123.9680688,1330.017597913742,False
2041,4,315,TargetRemoval,1766141124.1275337,1330.1770646572113,True
2042,4,315,TargetReappeared,1766141124.3774548,1330.4269847869873,False
2043,4,315,LeftResponse,1766141124.967549,1331.0170788764954,False
2044,4,316,FeedbackPeriodStarted,1766141124.9879258,1331.037457227707,False
2045,4,316,startFixDisplay,1766141124.9880683,1331.0376107692719,False
2046,4,316,startFixPeriod,1766141125.16165,1331.2111814022064,False
2047,4,316,TargetPresentation,1766141126.1331089,1332.1826405525208,False
2048,4,316,TargetDisplacement,1766141126.2646875,1332.3142185211182,True
2049,4,316,LeftResponse,1766141127.2020302,1333.2515609264374,False
2050,4,317,FeedbackPeriodStarted,1766141127.2223024,1333.2718312740326,False
2051,4,317,startFixDisplay,1766141127.2223818,1333.2719106674194,False
2052,4,317,startFixPeriod,1766141127.4028523,1333.4523842334747,False
2053,4,317,TargetPresentation,1766141128.776819,1334.8263506889343,False
2054,4,317,TargetDisplacement,1766141128.9293387,1334.97886967659,True
2055,4,317,RightResponse,1766141130.164789,1336.2143189907074,False
2056,4,318,FeedbackPeriodStarted,1766141130.192191,1336.2417223453522,False
2057,4,318,startFixDisplay,1766141130.1923134,1336.2418413162231,False
2058,4,318,startFixPeriod,1766141130.3659167,1336.4154489040375,False
2059,4,318,TargetPresentation,1766141130.886307,1336.9358389377594,False
2060,4,318,TargetDisplacement,1766141131.0665493,1337.1160802841187,True
2061,4,318,LeftResponse,1766141132.1910534,1338.2405843734741,False
2062,4,318,FeedbackPeriodStarted,1766141132.1976802,1338.2472114562988,False
2063,4,319,startFixDisplay,1766141134.209799,1340.2593278884888,False
2064,4,319,startFixPeriod,1766141134.4112017,1340.4607322216034,False
2065,4,319,TargetPresentation,1766141135.1260512,1341.1755828857422,False
2066,4,319,TargetDisplacement,1766141135.4936233,1341.5431542396545,True
2067,4,319,RightResponse,1766141136.3821657,1342.4316952228546,False
2068,4,320,FeedbackPeriodStarted,1766141136.4097574,1342.4592866897583,False
2069,4,320,startFixDisplay,1766141136.4098344,1342.459362745285,False
2070,4,320,startFixPeriod,1766141136.5624857,1342.6120173931122,False
2071,4,320,TargetPresentation,1766141137.388181,1343.4377102851868,False
2072,4,320,TargetDisplacement,1766141137.58232,1343.631848335266,True
2073,4,320,RightResponse,1766141138.436211,1344.4857423305511,False
2074,4,321,FeedbackPeriodStarted,1766141138.463683,1344.5132141113281,False
2075,4,321,startFixDisplay,1766141138.4638338,1344.5133638381958,False
2076,4,321,startFixPeriod,1766141138.6370816,1344.686611175537,False
2077,4,321,TargetPresentation,1766141139.1368642,1345.1863939762115,False
2078,4,321,TargetDisplacement,1766141139.2822912,1345.3318197727203,True
2079,4,321,LeftResponse,1766141140.164019,1346.2135500907898,False
2080,4,322,FeedbackPeriodStarted,1766141140.1914165,1346.2409482002258,False
2081,4,322,startFixDisplay,1766141140.1915605,1346.241090297699,False
2082,4,322,startFixPeriod,1766141140.448237,1346.4977662563324,False
2083,4,322,TargetPresentation,1766141141.6764884,1347.726018190384,False
2084,4,322,TargetRemoval,1766141141.8290014,1347.8785321712494,True
2085,4,322,TargetReappeared,1766141142.0789464,1348.1284778118134,False
2086,4,322,RightResponse,1766141142.752331,1348.8018596172333,False
2087,4,323,FeedbackPeriodStarted,1766141142.772706,1348.8222374916077,False
2088,4,323,startFixDisplay,1766141142.772905,1348.822435617447,False
2089,4,323,startFixPeriod,1766141142.932436,1348.9819679260254,False
2090,4,323,TargetPresentation,1766141143.7233503,1349.772879600525,False
2091,4,323,TargetDisplacement,1766141143.952246,1350.0017745494843,True
2092,4,323,RightResponse,1766141144.6395788,1350.6891083717346,False
2093,4,324,FeedbackPeriodStarted,1766141144.6670744,1350.7166059017181,False
2094,4,324,startFixDisplay,1766141144.6672118,1350.7167420387268,False
2095,4,324,startFixPeriod,1766141144.7921047,1350.8416349887848,False
2096,4,324,TargetPresentation,1766141145.777439,1351.8269710540771,False
2097,4,324,TargetRemoval,1766141145.9160197,1351.9655482769012,True
2098,4,324,TargetReappeared,1766141146.1660848,1352.2156164646149,False
2099,4,324,LeftResponse,1766141146.6936438,1352.7431755065918,False
2100,4,324,FeedbackPeriodStarted,1766141146.7071571,1352.756688117981,False
2101,4,325,startFixDisplay,1766141148.7193968,1354.7689282894135,False
2102,4,325,startFixPeriod,1766141148.9486153,1354.9981467723846,False
2103,4,325,TargetPresentation,1766141150.3571613,1356.4066922664642,False
2104,4,325,TargetDisplacement,1766141150.5166225,1356.5661532878876,True
2105,4,325,RightResponse,1766141151.1208806,1357.1704115867615,False
2106,4,326,FeedbackPeriodStarted,1766141151.1480556,1357.197586774826,False
2107,4,326,startFixDisplay,1766141151.148194,1357.197723865509,False
2108,4,326,startFixPeriod,1766141151.2940392,1357.343570947647,False
2109,4,326,TargetPresentation,1766141152.6471834,1358.6967144012451,False
2110,4,326,TargetDisplacement,1766141152.8411152,1358.8906435966492,True
2111,4,326,RightResponse,1766141153.6883278,1359.7378568649292,False
2112,4,327,FeedbackPeriodStarted,1766141153.7086046,1359.7581360340118,False
2113,4,327,startFixDisplay,1766141153.7087538,1359.7582838535309,False
2114,4,327,startFixPeriod,1766141153.875366,1359.9248962402344,False
2115,4,327,TargetPresentation,1766141154.749679,1360.7992105484009,False
2116,4,327,TargetDisplacement,1766141155.1588516,1361.2083826065063,True
2117,4,327,RightResponse,1766141155.7905912,1361.8401203155518,False
2118,4,328,FeedbackPeriodStarted,1766141155.811118,1361.8606491088867,False
2119,4,328,startFixDisplay,1766141155.811274,1361.8608040809631,False
2120,4,328,startFixPeriod,1766141155.9499505,1361.9994804859161,False
2121,4,328,TargetPresentation,1766141157.3448803,1363.3944120407104,False
2122,4,328,TargetDisplacement,1766141157.4833367,1363.5328650474548,True
2123,4,328,LeftResponse,1766141158.1151097,1364.1646387577057,False
2124,4,329,FeedbackPeriodStarted,1766141158.1357977,1364.1853294372559,False
2125,4,329,startFixDisplay,1766141158.1359315,1364.18546128273,False
2126,4,329,startFixPeriod,1766141158.371766,1364.4212973117828,False
2127,4,329,TargetPresentation,1766141159.8429158,1365.89244556427,False
2128,4,329,TargetDisplacement,1766141159.9883792,1366.0379076004028,True
2129,4,329,LeftResponse,1766141160.5714593,1366.6209886074066,False
2130,4,329,FeedbackPeriodStarted,1766141160.6128786,1366.6624073982239,False
2131,5,330,startFixDisplay,1766141368.5203624,1574.569893836975,False
2132,5,330,startFixPeriod,1766141368.714899,1574.7644307613373,False
2133,5,330,TargetPresentation,1766141369.9152973,1575.964828968048,False
2134,5,330,TargetDisplacement,1766141370.05398,1576.1035113334656,True
2135,5,330,LeftResponse,1766141370.8732352,1576.9227652549744,False
2136,5,331,FeedbackPeriodStarted,1766141370.9003446,1576.9498736858368,False
2137,5,331,startFixDisplay,1766141370.900426,1576.9499542713165,False
2138,5,331,startFixPeriod,1766141371.0880125,1577.1375441551208,False
2139,5,331,TargetPresentation,1766141371.9067807,1577.956312417984,False
2140,5,331,TargetDisplacement,1766141372.3370106,1578.38654255867,True
2141,5,331,LeftResponse,1766141373.0795722,1579.1291012763977,False
2142,5,332,FeedbackPeriodStarted,1766141373.0999885,1579.1495172977448,False
2143,5,332,startFixDisplay,1766141373.1000526,1579.1495807170868,False
2144,5,332,startFixPeriod,1766141373.2389796,1579.2885110378265,False
2145,5,332,TargetPresentation,1766141374.1619654,1580.2114968299866,False
2146,5,332,TargetDisplacement,1766141374.3491266,1580.39865732193,True
2147,5,332,RightResponse,1766141375.0224087,1581.0719380378723,False
2148,5,333,FeedbackPeriodStarted,1766141375.043107,1581.0926384925842,False
2149,5,333,startFixDisplay,1766141375.0432518,1581.0927817821503,False
2150,5,333,startFixPeriod,1766141375.2097635,1581.259295463562,False
2151,5,333,TargetPresentation,1766141376.5142217,1582.5637528896332,False
2152,5,333,TargetRemoval,1766141376.9721246,1583.0216550827026,True
2153,5,333,TargetReappeared,1766141377.2220707,1583.2716009616852,False
2154,5,333,RightResponse,1766141377.8397846,1583.8893144130707,False
2155,5,334,FeedbackPeriodStarted,1766141377.8602762,1583.909805059433,False
2156,5,334,startFixDisplay,1766141377.8603363,1583.9098646640778,False
2157,5,334,startFixPeriod,1766141377.867238,1583.91676902771,False
2158,5,334,TargetPresentation,1766141378.7556398,1584.805171251297,False
2159,5,334,TargetRemoval,1766141378.9080684,1584.9575967788696,True
2160,5,334,TargetReappeared,1766141379.1580706,1585.207602739334,False
2161,5,334,LeftResponse,1766141379.616181,1585.6657106876373,False
2162,5,335,FeedbackPeriodStarted,1766141379.6436603,1585.693191766739,False
2163,5,335,startFixDisplay,1766141379.6438003,1585.6933302879333,False
2164,5,335,startFixPeriod,1766141379.893632,1585.9431631565094,False
2165,5,335,TargetPresentation,1766141380.6499257,1586.699455022812,False
2166,5,335,TargetRemoval,1766141381.5032978,1587.552826166153,True
2167,5,335,TargetReappeared,1766141381.753272,1587.8028032779694,False
2168,5,335,LeftResponse,1766141381.864606,1587.914136171341,False
2169,5,336,FeedbackPeriodStarted,1766141381.8850431,1587.9345743656158,False
2170,5,336,startFixDisplay,1766141381.885253,1587.9347832202911,False
2171,5,336,startFixPeriod,1766141382.1487658,1588.1982963085175,False
2172,5,336,TargetPresentation,1766141383.6268194,1589.6763508319855,False
2173,5,336,TargetRemoval,1766141383.78626,1589.8357908725739,True
2174,5,336,TargetReappeared,1766141384.0362096,1590.0857412815094,False
2175,5,336,LeftResponse,1766141384.6054459,1590.6549754142761,False
2176,5,336,FeedbackPeriodStarted,1766141384.6119373,1590.661468744278,False
2177,5,337,startFixDisplay,1766141386.63115,1592.6806786060333,False
2178,5,337,startFixPeriod,1766141386.6381419,1592.6876728534698,False
2179,5,337,TargetPresentation,1766141387.2282128,1593.2777440547943,False
2180,5,337,TargetDisplacement,1766141387.366813,1593.4163436889648,True
2181,5,337,LeftResponse,1766141388.0335624,1594.0830929279327,False
2182,5,338,FeedbackPeriodStarted,1766141388.0606818,1594.1102132797241,False
2183,5,338,startFixDisplay,1766141388.0608199,1594.1103501319885,False
2184,5,338,startFixPeriod,1766141388.248168,1594.297699213028,False
2185,5,338,TargetPresentation,1766141389.6290905,1595.6786222457886,False
2186,5,338,TargetDisplacement,1766141389.7538357,1595.8033664226532,True
2187,5,338,LeftResponse,1766141390.3856208,1596.4351501464844,False
2188,5,339,FeedbackPeriodStarted,1766141390.40595,1596.4554789066315,False
2189,5,339,startFixDisplay,1766141390.406013,1596.4555411338806,False
2190,5,339,startFixPeriod,1766141390.593659,1596.6431903839111,False
2191,5,339,TargetPresentation,1766141391.8843005,1597.9338314533234,False
2192,5,339,TargetRemoval,1766141392.0159638,1598.065494775772,True
2193,5,339,TargetReappeared,1766141392.2659466,1598.3154780864716,False
2194,5,339,LeftResponse,1766141392.8143,1598.8638303279877,False
2195,5,340,FeedbackPeriodStarted,1766141392.8416338,1598.891164779663,False
2196,5,340,startFixDisplay,1766141392.8417697,1598.8912997245789,False
2197,5,340,startFixPeriod,1766141393.105619,1599.1551504135132,False
2198,5,340,TargetPresentation,1766141394.5419564,1600.59148812294,False
2199,5,340,TargetRemoval,1766141394.6735296,1600.7230582237244,True
2200,5,340,TargetReappeared,1766141394.9235914,1600.9731223583221,False
2201,5,340,LeftResponse,1766141395.9716048,1602.0211358070374,False
2202,5,341,FeedbackPeriodStarted,1766141395.9989002,1602.0484311580658,False
2203,5,341,startFixDisplay,1766141395.9990387,1602.048568725586,False
2204,5,341,startFixPeriod,1766141396.1587517,1602.2082834243774,False
2205,5,341,TargetPresentation,1766141396.9081757,1602.9577074050903,False
2206,5,341,TargetRemoval,1766141397.0676382,1603.117169380188,True
2207,5,341,TargetReappeared,1766141397.3175807,1603.3671116828918,False
2208,5,341,RightResponse,1766141398.0812082,1604.1307389736176,False
2209,5,342,FeedbackPeriodStarted,1766141398.101344,1604.1508729457855,False
2210,5,342,startFixDisplay,1766141398.1014283,1604.1509563922882,False
2211,5,342,startFixPeriod,1766141398.247229,1604.2967586517334,False
2212,5,342,TargetPresentation,1766141399.6490474,1605.698578119278,False
2213,5,342,TargetDisplacement,1766141399.7805765,1605.8301048278809,True
2214,5,342,LeftResponse,1766141400.509631,1606.5591604709625,False
2215,5,342,FeedbackPeriodStarted,1766141400.5162294,1606.5657606124878,False
2216,5,343,startFixDisplay,1766141402.5285497,1608.5780808925629,False
2217,5,343,startFixPeriod,1766141402.535538,1608.5850684642792,False
2218,5,343,TargetPresentation,1766141403.5348983,1609.5844297409058,False
2219,5,343,TargetDisplacement,1766141403.673617,1609.7231481075287,True
2220,5,343,LeftResponse,1766141404.2221305,1610.2716612815857,False
2221,5,344,FeedbackPeriodStarted,1766141404.249546,1610.2990772724152,False
2222,5,344,startFixDisplay,1766141404.249708,1610.2992384433746,False
2223,5,344,startFixPeriod,1766141404.4994853,1610.5490159988403,False
2224,5,344,TargetPresentation,1766141405.8109152,1611.8604469299316,False
2225,5,344,TargetRemoval,1766141405.9633486,1612.0128774642944,True
2226,5,344,TargetReappeared,1766141406.2133558,1612.2628855705261,False
2227,5,344,RightResponse,1766141406.845075,1612.8946056365967,False
2228,5,345,FeedbackPeriodStarted,1766141406.8654778,1612.915009021759,False
2229,5,345,startFixDisplay,1766141406.865623,1612.9151527881622,False
2230,5,345,startFixPeriod,1766141407.0599017,1613.1094334125519,False
2231,5,345,TargetPresentation,1766141407.9759305,1614.0254616737366,False
2232,5,345,TargetDisplacement,1766141408.1144187,1614.1639475822449,True
2233,5,345,LeftResponse,1766141409.121011,1615.17054104805,False
2234,5,346,FeedbackPeriodStarted,1766141409.148325,1615.1978538036346,False
2235,5,346,startFixDisplay,1766141409.1484058,1615.1979341506958,False
2236,5,346,startFixPeriod,1766141409.3289928,1615.3785245418549,False
2237,5,346,TargetPresentation,1766141409.9951072,1616.0446383953094,False
2238,5,346,TargetDisplacement,1766141410.4877903,1616.5373215675354,True
2239,5,346,RightResponse,1766141411.2860785,1617.3356096744537,False
2240,5,347,FeedbackPeriodStarted,1766141411.3064206,1617.355949640274,False
2241,5,347,startFixDisplay,1766141411.3064892,1617.3560178279877,False
2242,5,347,startFixPeriod,1766141411.5010345,1617.5505666732788,False
2243,5,347,TargetPresentation,1766141412.9095135,1618.959044933319,False
2244,5,347,TargetRemoval,1766141413.0759928,1619.1255242824554,True
2245,5,347,TargetReappeared,1766141413.3259249,1619.375456571579,False
2246,5,347,RightResponse,1766141413.853526,1619.9030559062958,False
2247,5,348,FeedbackPeriodStarted,1766141413.87411,1619.923641204834,False
2248,5,348,startFixDisplay,1766141413.8742845,1619.923814535141,False
2249,5,348,startFixPeriod,1766141414.0613503,1620.1108796596527,False
2250,5,348,TargetPresentation,1766141415.1368988,1621.1864304542542,False
2251,5,348,TargetDisplacement,1766141415.2685578,1621.318086385727,True
2252,5,348,LeftResponse,1766141416.1435528,1622.1931080818176,False
2253,5,348,FeedbackPeriodStarted,1766141416.1570477,1622.2065794467926,False
2254,5,349,startFixDisplay,1766141418.169059,1624.2185876369476,False
2255,5,349,startFixPeriod,1766141418.1759841,1624.2255127429962,False
2256,5,349,TargetPresentation,1766141419.307331,1625.356862783432,False
2257,5,349,TargetRemoval,1766141419.7720227,1625.8215537071228,True
2258,5,349,TargetReappeared,1766141420.022091,1626.0716226100922,False
2259,5,349,RightResponse,1766141420.542484,1626.5920133590698,False
2260,5,350,FeedbackPeriodStarted,1766141420.562988,1626.6125168800354,False
2261,5,350,startFixDisplay,1766141420.56305,1626.6125781536102,False
2262,5,350,startFixPeriod,1766141420.715934,1626.7654645442963,False
2263,5,350,TargetPresentation,1766141421.9997382,1628.0492703914642,False
2264,5,350,TargetRemoval,1766141422.2147095,1628.2642405033112,True
2265,5,350,TargetReappeared,1766141422.4645782,1628.5141084194183,False
2266,5,350,LeftResponse,1766141423.1102014,1629.1597323417664,False
2267,5,351,FeedbackPeriodStarted,1766141423.1305811,1629.1801126003265,False
2268,5,351,startFixDisplay,1766141423.1307147,1629.1802446842194,False
2269,5,351,startFixPeriod,1766141423.2347677,1629.2842988967896,False
2270,5,351,TargetPresentation,1766141424.4282966,1630.4778280258179,False
2271,5,351,TargetDisplacement,1766141424.5669117,1630.6164424419403,True
2272,5,351,LeftResponse,1766141425.2612836,1631.3108139038086,False
2273,5,352,FeedbackPeriodStarted,1766141425.2887847,1631.3383164405823,False
2274,5,352,startFixDisplay,1766141425.2889318,1631.3384618759155,False
2275,5,352,startFixPeriod,1766141425.476099,1631.5256292819977,False
2276,5,352,TargetPresentation,1766141426.8431678,1632.8926992416382,False
2277,5,352,TargetDisplacement,1766141427.3009474,1633.350476026535,True
2278,5,352,RightResponse,1766141427.953731,1634.0032620429993,False
2279,5,353,FeedbackPeriodStarted,1766141427.9809074,1634.0304386615753,False
2280,5,353,startFixDisplay,1766141427.9810457,1634.0305759906769,False
2281,5,353,startFixPeriod,1766141428.1267102,1634.176239490509,False
2282,5,353,TargetPresentation,1766141429.2856228,1635.3351519107819,False
2283,5,353,TargetRemoval,1766141429.5214088,1635.5709376335144,True
2284,5,353,TargetReappeared,1766141429.771465,1635.8209965229034,False
2285,5,353,RightResponse,1766141430.2574506,1636.3069806098938,False
2286,5,354,FeedbackPeriodStarted,1766141430.2845774,1636.3341059684753,False
2287,5,354,startFixDisplay,1766141430.2846386,1636.3341670036316,False
2288,5,354,startFixPeriod,1766141430.4444208,1636.4939529895782,False
2289,5,354,TargetPresentation,1766141430.9787412,1637.0282731056213,False
2290,5,354,TargetDisplacement,1766141431.1243079,1637.173838853836,True
2291,5,354,LeftResponse,1766141431.8256583,1637.8751883506775,False
2292,5,354,FeedbackPeriodStarted,1766141431.8392713,1637.8888027668,False
2293,5,355,startFixDisplay,1766141433.8514376,1639.9009702205658,False
2294,5,355,startFixPeriod,1766141433.858253,1639.9077825546265,False
2295,5,355,TargetPresentation,1766141434.392812,1640.442343711853,False
2296,5,355,TargetDisplacement,1766141434.5381858,1640.5877141952515,True
2297,5,355,LeftResponse,1766141435.309054,1641.3585846424103,False
2298,5,356,FeedbackPeriodStarted,1766141435.3363087,1641.3858399391174,False
2299,5,356,startFixDisplay,1766141435.3364446,1641.385972738266,False
2300,5,356,startFixPeriod,1766141435.447552,1641.4970831871033,False
2301,5,356,TargetPresentation,1766141436.9325604,1642.9820919036865,False
2302,5,356,TargetDisplacement,1766141437.334782,1643.3843128681183,True
2303,5,356,RightResponse,1766141437.883498,1643.9330279827118,False
2304,5,357,FeedbackPeriodStarted,1766141437.910703,1643.960233926773,False
2305,5,357,startFixDisplay,1766141437.9108355,1643.9603655338287,False
2306,5,357,startFixPeriod,1766141438.0774534,1644.1269836425781,False
2307,5,357,TargetPresentation,1766141439.1598856,1645.209417104721,False
2308,5,357,TargetRemoval,1766141439.3193915,1645.3689227104187,True
2309,5,357,TargetReappeared,1766141439.569359,1645.6188905239105,False
2310,5,357,LeftResponse,1766141440.2564826,1646.3060126304626,False
2311,5,358,FeedbackPeriodStarted,1766141440.2837307,1646.333259344101,False
2312,5,358,startFixDisplay,1766141440.2837903,1646.3333184719086,False
2313,5,358,startFixPeriod,1766141440.520006,1646.5695374011993,False
2314,5,358,TargetPresentation,1766141441.8107078,1647.8602402210236,False
2315,5,358,TargetRemoval,1766141441.9770174,1648.0265481472015,True
2316,5,358,TargetReappeared,1766141442.226925,1648.2764563560486,False
2317,5,358,RightResponse,1766141442.6712623,1648.7207918167114,False
2318,5,359,FeedbackPeriodStarted,1766141442.6986532,1648.7481844425201,False
2319,5,359,startFixDisplay,1766141442.6987915,1648.7483215332031,False
2320,5,359,startFixPeriod,1766141442.8445048,1648.8940343856812,False
2321,5,359,TargetPresentation,1766141443.6772773,1649.7268090248108,False
2322,5,359,TargetDisplacement,1766141443.8228347,1649.8723633289337,True
2323,5,359,LeftResponse,1766141444.4061043,1650.4556350708008,False
2324,5,360,FeedbackPeriodStarted,1766141444.4265082,1650.476041316986,False
2325,5,360,startFixDisplay,1766141444.4266484,1650.4761781692505,False
2326,5,360,startFixPeriod,1766141444.6279025,1650.677434206009,False
2327,5,360,TargetPresentation,1766141445.2801244,1651.3296535015106,False
2328,5,360,TargetDisplacement,1766141445.654706,1651.7042367458344,True
2329,5,360,RightResponse,1766141446.1270466,1652.1765780448914,False
2330,5,360,FeedbackPeriodStarted,1766141446.1334512,1652.182980298996,False
2331,5,361,startFixDisplay,1766141448.145796,1654.1953268051147,False
2332,5,361,startFixPeriod,1766141448.3263278,1654.3758571147919,False
2333,5,361,TargetPresentation,1766141449.6170936,1655.6666252613068,False
2334,5,361,TargetDisplacement,1766141449.797379,1655.8469078540802,True
2335,5,361,RightResponse,1766141450.5262604,1656.5757904052734,False
2336,5,362,FeedbackPeriodStarted,1766141450.5535421,1656.60307097435,False
2337,5,362,startFixDisplay,1766141450.5536072,1656.6031353473663,False
2338,5,362,startFixPeriod,1766141450.7202961,1656.769828081131,False
2339,5,362,TargetPresentation,1766141451.6848805,1657.7344117164612,False
2340,5,362,TargetDisplacement,1766141451.8165276,1657.866058588028,True
2341,5,362,LeftResponse,1766141452.4205763,1658.470106124878,False
2342,5,363,FeedbackPeriodStarted,1766141452.4479947,1658.4975261688232,False
2343,5,363,startFixDisplay,1766141452.4481654,1658.497694015503,False
2344,5,363,startFixPeriod,1766141452.6772227,1658.7267534732819,False
2345,5,363,TargetPresentation,1766141453.53765,1659.587182044983,False
2346,5,363,TargetDisplacement,1766141453.7109997,1659.760530948639,True
2347,5,363,RightResponse,1766141454.7312937,1660.7808232307434,False
2348,5,364,FeedbackPeriodStarted,1766141454.7516897,1660.8012187480927,False
2349,5,364,startFixDisplay,1766141454.7517538,1660.801281929016,False
2350,5,364,startFixPeriod,1766141454.9046123,1660.9541428089142,False
2351,5,364,TargetPresentation,1766141455.813631,1661.8631625175476,False
2352,5,364,TargetRemoval,1766141455.9521673,1662.0016977787018,True
2353,5,364,TargetReappeared,1766141456.2022393,1662.251769542694,False
2354,5,364,RightResponse,1766141456.9726646,1663.0221948623657,False
2355,5,365,FeedbackPeriodStarted,1766141456.993048,1663.0425772666931,False
2356,5,365,startFixDisplay,1766141456.9931178,1663.042645931244,False
2357,5,365,startFixPeriod,1766141457.1736622,1663.2231941223145,False
2358,5,365,TargetPresentation,1766141458.4019191,1664.451450586319,False
2359,5,365,TargetDisplacement,1766141458.4503472,1664.4998760223389,True
2360,5,365,LeftResponse,1766141459.3597136,1665.409243106842,False
2361,5,366,FeedbackPeriodStarted,1766141459.3870587,1665.4365899562836,False
2362,5,366,startFixDisplay,1766141459.387198,1665.4367280006409,False
2363,5,366,startFixPeriod,1766141459.5676086,1665.6171398162842,False
2364,5,366,TargetPresentation,1766141460.9415343,1666.9910633563995,False
2365,5,366,TargetDisplacement,1766141461.0802577,1667.1297862529755,True
2366,5,366,LeftResponse,1766141461.9133158,1667.9628477096558,False
2367,5,366,FeedbackPeriodStarted,1766141461.9268723,1667.9764037132263,False
2368,5,367,startFixDisplay,1766141463.939112,1669.988643169403,False
2369,5,367,startFixPeriod,1766141463.946003,1669.9955322742462,False
2370,5,367,TargetPresentation,1766141464.7511353,1670.8006644248962,False
2371,5,367,TargetDisplacement,1766141465.0074997,1671.057028055191,True
2372,5,367,RightResponse,1766141465.6534164,1671.7029495239258,False
2373,5,368,FeedbackPeriodStarted,1766141465.6807678,1671.7302992343903,False
2374,5,368,startFixDisplay,1766141465.6809065,1671.7304368019104,False
2375,5,368,startFixPeriod,1766141465.8820474,1671.9315795898438,False
2376,5,368,TargetPresentation,1766141467.3740435,1673.4235739707947,False
2377,5,368,TargetDisplacement,1766141467.5195775,1673.5691087245941,True
2378,5,368,LeftResponse,1766141468.1584163,1674.2079467773438,False
2379,5,369,FeedbackPeriodStarted,1766141468.178806,1674.2283375263214,False
2380,5,369,startFixDisplay,1766141468.1789541,1674.2284843921661,False
2381,5,369,startFixPeriod,1766141468.3594651,1674.4089963436127,False
2382,5,369,TargetPresentation,1766141469.379452,1675.4289817810059,False
2383,5,369,TargetRemoval,1766141469.7470424,1675.7965731620789,True
2384,5,369,TargetReappeared,1766141469.9969926,1676.0465240478516,False
2385,5,369,RightResponse,1766141470.5525353,1676.6020658016205,False
2386,5,370,FeedbackPeriodStarted,1766141470.5727422,1676.6222732067108,False
2387,5,370,startFixDisplay,1766141470.5728848,1676.6224148273468,False
2388,5,370,startFixPeriod,1766141470.732406,1676.7819352149963,False
2389,5,370,TargetPresentation,1766141471.551348,1677.6008780002594,False
2390,5,370,TargetDisplacement,1766141471.7106001,1677.760128736496,True
2391,5,370,LeftResponse,1766141472.3218567,1678.3713879585266,False
2392,5,371,FeedbackPeriodStarted,1766141472.3490644,1678.3985931873322,False
2393,5,371,startFixDisplay,1766141472.3491268,1678.3986549377441,False
2394,5,371,startFixPeriod,1766141472.5505993,1678.6001307964325,False
2395,5,371,TargetPresentation,1766141473.3416169,1679.3911485671997,False
2396,5,371,TargetRemoval,1766141473.5913274,1679.6408560276031,True
2397,5,371,TargetReappeared,1766141473.8411694,1679.8907010555267,False
2398,5,371,LeftResponse,1766141474.438281,1680.4878118038177,False
2399,5,372,FeedbackPeriodStarted,1766141474.4655614,1680.51509141922,False
2400,5,372,startFixDisplay,1766141474.4656596,1680.5151886940002,False
2401,5,372,startFixPeriod,1766141474.6876874,1680.73721909523,False
2402,5,372,TargetPresentation,1766141475.5413358,1681.5908675193787,False
2403,5,372,TargetRemoval,1766141475.686862,1681.736393213272,True
2404,5,372,TargetReappeared,1766141475.9367816,1681.986313343048,False
2405,5,372,RightResponse,1766141476.7281797,1682.7777104377747,False
2406,5,372,FeedbackPeriodStarted,1766141476.7346559,1682.7841877937317,False
2407,5,373,startFixDisplay,1766141478.7467737,1684.796302318573,False
2408,5,373,startFixPeriod,1766141478.753738,1684.80326628685,False
2409,5,373,TargetPresentation,1766141479.7322612,1685.7817900180817,False
2410,5,373,TargetDisplacement,1766141479.864067,1685.9135954380035,True
2411,5,373,LeftResponse,1766141480.7457595,1686.7952892780304,False
2412,5,374,FeedbackPeriodStarted,1766141480.8562639,1686.9057927131653,False
2413,5,374,startFixDisplay,1766141480.856318,1686.905846118927,False
2414,5,374,startFixPeriod,1766141481.057833,1687.107364654541,False
2415,5,374,TargetPresentation,1766141481.6822915,1687.7318229675293,False
2416,5,374,TargetDisplacement,1766141482.2997851,1688.3493168354034,True
2417,5,374,LeftResponse,1766141482.9524467,1689.0019776821136,False
2418,5,375,FeedbackPeriodStarted,1766141482.9796748,1689.029203414917,False
2419,5,375,startFixDisplay,1766141482.9797342,1689.0292625427246,False
2420,5,375,startFixPeriod,1766141483.1950805,1689.2446122169495,False
2421,5,375,TargetPresentation,1766141483.764086,1689.8136174678802,False
2422,5,375,TargetDisplacement,1766141484.0621982,1690.11172914505,True
2423,5,375,RightResponse,1766141484.9023407,1690.951871395111,False
2424,5,376,FeedbackPeriodStarted,1766141484.9227676,1690.9722990989685,False
2425,5,376,startFixDisplay,1766141484.9229188,1690.9724488258362,False
2426,5,376,startFixPeriod,1766141485.1033058,1691.1528351306915,False
2427,5,376,TargetPresentation,1766141486.518705,1692.5682363510132,False
2428,5,376,TargetRemoval,1766141486.7198873,1692.7694182395935,True
2429,5,376,TargetReappeared,1766141486.9699252,1693.0194566249847,False
2430,5,376,LeftResponse,1766141487.497552,1693.5470807552338,False
2431,5,377,FeedbackPeriodStarted,1766141487.517898,1693.5674295425415,False
2432,5,377,startFixDisplay,1766141487.5180457,1693.567575931549,False
2433,5,377,startFixPeriod,1766141487.705475,1693.7550060749054,False
2434,5,377,TargetPresentation,1766141488.2744584,1694.3239884376526,False
2435,5,377,TargetDisplacement,1766141488.4547834,1694.5043144226074,True
2436,5,377,RightResponse,1766141489.1281207,1695.1776514053345,False
2437,5,378,FeedbackPeriodStarted,1766141489.1484957,1695.1980247497559,False
2438,5,378,startFixDisplay,1766141489.1485622,1695.198090314865,False
2439,5,378,startFixPeriod,1766141489.3012748,1695.3508059978485,False
2440,5,378,TargetPresentation,1766141490.6268222,1696.6763536930084,False
2441,5,378,TargetDisplacement,1766141490.77233,1696.8218607902527,True
2442,5,378,LeftResponse,1766141491.4458807,1697.4954113960266,False
2443,5,378,FeedbackPeriodStarted,1766141491.4524527,1697.501981973648,False
2444,5,379,startFixDisplay,1766141493.4646158,1699.5141470432281,False
2445,5,379,startFixPeriod,1766141493.7075164,1699.7570459842682,False
2446,5,379,TargetPresentation,1766141495.0955539,1701.1450848579407,False
2447,5,379,TargetDisplacement,1766141495.227207,1701.2767384052277,True
2448,5,379,LeftResponse,1766141495.8244147,1701.8739459514618,False
2449,5,380,FeedbackPeriodStarted,1766141495.8515565,1701.9010853767395,False
2450,5,380,startFixDisplay,1766141495.8516192,1701.9011476039886,False
2451,5,380,startFixPeriod,1766141496.087741,1702.1372723579407,False
2452,5,380,TargetPresentation,1766141496.6913886,1702.7409181594849,False
2453,5,380,TargetDisplacement,1766141497.1284337,1703.1779644489288,True
2454,5,380,LeftResponse,1766141497.8227124,1703.8722417354584,False
2455,5,381,FeedbackPeriodStarted,1766141497.8501568,1703.8996880054474,False
2456,5,381,startFixDisplay,1766141497.8502963,1703.8998260498047,False
2457,5,381,startFixPeriod,1766141497.8571649,1703.906695842743,False
2458,5,381,TargetPresentation,1766141499.0022035,1705.0517349243164,False
2459,5,381,TargetDisplacement,1766141499.1616273,1705.2111580371857,True
2460,5,381,RightResponse,1766141500.0641406,1706.113671541214,False
2461,5,382,FeedbackPeriodStarted,1766141500.0843801,1706.1339092254639,False
2462,5,382,startFixDisplay,1766141500.0844448,1706.1339728832245,False
2463,5,382,startFixPeriod,1766141500.3067796,1706.35631108284,False
2464,5,382,TargetPresentation,1766141501.3336556,1707.3831896781921,False
2465,5,382,TargetDisplacement,1766141501.562505,1707.6120359897614,True
2466,5,382,RightResponse,1766141502.3331258,1708.3826565742493,False
2467,5,383,FeedbackPeriodStarted,1766141502.360571,1708.4101028442383,False
2468,5,383,startFixDisplay,1766141502.3607166,1708.4102466106415,False
2469,5,383,startFixPeriod,1766141502.520261,1708.569792509079,False
2470,5,383,TargetPresentation,1766141503.9288054,1709.9783370494843,False
2471,5,383,TargetRemoval,1766141504.0604966,1710.1100251674652,True
2472,5,383,TargetReappeared,1766141504.3105514,1710.3600828647614,False
2473,5,383,LeftResponse,1766141505.2544184,1711.3039474487305,False
2474,5,384,FeedbackPeriodStarted,1766141505.2747612,1711.3242900371552,False
2475,5,384,startFixDisplay,1766141505.2748404,1711.3243687152863,False
2476,5,384,startFixPeriod,1766141505.483202,1711.532731294632,False
2477,5,384,TargetPresentation,1766141506.7115023,1712.7610337734222,False
2478,5,384,TargetDisplacement,1766141506.8917584,1712.9412899017334,True
2479,5,384,RightResponse,1766141507.76631,1713.8158390522003,False
2480,5,384,FeedbackPeriodStarted,1766141507.7728992,1713.822428226471,False
2481,5,385,startFixDisplay,1766141509.785189,1715.8347203731537,False
2482,5,385,startFixPeriod,1766141510.0560997,1716.1056311130524,False
2483,5,385,TargetPresentation,1766141511.082983,1717.1325120925903,False
2484,5,385,TargetDisplacement,1766141511.3049858,1717.3545174598694,True
2485,5,385,RightResponse,1766141512.5126503,1718.5621802806854,False
2486,5,386,FeedbackPeriodStarted,1766141512.5399997,1718.5895307064056,False
2487,5,386,startFixDisplay,1766141512.5401354,1718.5896654129028,False
2488,5,386,startFixPeriod,1766141512.7067537,1718.7562835216522,False
2489,5,386,TargetPresentation,1766141513.254928,1719.304459810257,False
2490,5,386,TargetDisplacement,1766141513.4975176,1719.5470459461212,True
2491,5,386,RightResponse,1766141514.254327,1720.3038578033447,False
2492,5,387,FeedbackPeriodStarted,1766141514.2816992,1720.3312299251556,False
2493,5,387,startFixDisplay,1766141514.2818375,1720.3313674926758,False
2494,5,387,startFixPeriod,1766141514.489992,1720.539522409439,False
2495,5,387,TargetPresentation,1766141515.149241,1721.1987702846527,False
2496,5,387,TargetRemoval,1766141515.6833603,1721.7328884601593,True
2497,5,387,TargetReappeared,1766141515.9334424,1721.9829721450806,False
2498,5,387,RightResponse,1766141516.6483448,1722.6978740692139,False
2499,5,388,FeedbackPeriodStarted,1766141516.675608,1722.7251365184784,False
2500,5,388,startFixDisplay,1766141516.6756697,1722.7251980304718,False
2501,5,388,startFixPeriod,1766141516.8355067,1722.885038137436,False
2502,5,388,TargetPresentation,1766141517.8902242,1723.9397556781769,False
2503,5,388,TargetRemoval,1766141518.035836,1724.0853669643402,True
2504,5,388,TargetReappeared,1766141518.28578,1724.3353116512299,False
2505,5,388,RightResponse,1766141519.1880395,1725.2375700473785,False
2506,5,389,FeedbackPeriodStarted,1766141519.2083972,1725.2579267024994,False
2507,5,389,startFixDisplay,1766141519.2084715,1725.2579998970032,False
2508,5,389,startFixPeriod,1766141519.4030507,1725.4525821208954,False
2509,5,389,TargetPresentation,1766141520.3605416,1726.4100708961487,False
2510,5,389,TargetDisplacement,1766141520.5129905,1726.5625190734863,True
2511,5,389,LeftResponse,1766141521.6235971,1727.6731278896332,False
2512,5,390,FeedbackPeriodStarted,1766141521.651,1727.700531244278,False
2513,5,390,startFixDisplay,1766141521.651119,1727.7006480693817,False
2514,5,390,startFixPeriod,1766141521.838472,1727.8880033493042,False
2515,5,390,TargetPresentation,1766141522.4699724,1728.519504070282,False
2516,5,390,TargetRemoval,1766141522.6919937,1728.7415249347687,True
2517,5,390,TargetReappeared,1766141522.9418025,1728.9913322925568,False
2518,5,390,RightResponse,1766141523.5249646,1729.5744953155518,False
2519,5,390,FeedbackPeriodStarted,1766141523.5315084,1729.581038236618,False
2520,5,391,startFixDisplay,1766141525.5438075,1731.593338251114,False
2521,5,391,startFixPeriod,1766141525.7868142,1731.836345911026,False
2522,5,391,TargetPresentation,1766141527.2440386,1733.2935700416565,False
2523,5,391,TargetDisplacement,1766141527.4175012,1733.4670324325562,True
2524,5,391,RightResponse,1766141528.167331,1734.2168605327606,False
2525,5,392,FeedbackPeriodStarted,1766141528.1944466,1734.2439754009247,False
2526,5,392,startFixDisplay,1766141528.1945307,1734.2440593242645,False
2527,5,392,startFixPeriod,1766141528.3542893,1734.403820991516,False
2528,5,392,TargetPresentation,1766141528.951044,1735.0005757808685,False
2529,5,392,TargetRemoval,1766141529.0966372,1735.146168231964,True
2530,5,392,TargetReappeared,1766141529.3464556,1735.3959846496582,False
2531,5,392,LeftResponse,1766141529.8116436,1735.8611731529236,False
2532,5,393,FeedbackPeriodStarted,1766141529.8322327,1735.8817615509033,False
2533,5,393,startFixDisplay,1766141529.832298,1735.8818261623383,False
2534,5,393,startFixPeriod,1766141530.061337,1736.1108660697937,False
2535,5,393,TargetPresentation,1766141530.921738,1736.971269607544,False
2536,5,393,TargetRemoval,1766141531.1437743,1737.1933054924011,True
2537,5,393,TargetReappeared,1766141531.3935611,1737.44309091568,False
2538,5,393,RightResponse,1766141531.8448546,1737.8943853378296,False
2539,5,394,FeedbackPeriodStarted,1766141531.8656456,1737.9151747226715,False
2540,5,394,startFixDisplay,1766141531.865717,1737.915245294571,False
2541,5,394,startFixPeriod,1766141532.0320184,1738.0815498828888,False
2542,5,394,TargetPresentation,1766141533.2394059,1739.2889351844788,False
2543,5,394,TargetDisplacement,1766141533.3918655,1739.4413967132568,True
2544,5,394,LeftResponse,1766141534.1140869,1740.16361784935,False
2545,5,395,FeedbackPeriodStarted,1766141534.1342943,1740.1838233470917,False
2546,5,395,startFixDisplay,1766141534.1343598,1740.1838881969452,False
2547,5,395,startFixPeriod,1766141534.3149025,1740.36443400383,False
2548,5,395,TargetPresentation,1766141534.9740577,1741.023586988449,False
2549,5,395,TargetDisplacement,1766141535.1405237,1741.1900556087494,True
2550,5,395,RightResponse,1766141535.8762963,1741.9258251190186,False
2551,5,395,FeedbackPeriodStarted,1766141535.9177487,1741.9672796726227,False
2552,6,396,startFixDisplay,1766141717.977179,1924.026710510254,False
2553,6,396,startFixPeriod,1766141718.17854,1924.2280716896057,False
2554,6,396,TargetPresentation,1766141719.122239,1925.1717729568481,False
2555,6,396,TargetRemoval,1766141719.2539713,1925.3035023212433,True
2556,6,396,TargetReappeared,1766141719.5038817,1925.5534133911133,False
2557,6,396,LeftResponse,1766141720.0454233,1926.0949535369873,False
2558,6,397,FeedbackPeriodStarted,1766141720.0660558,1926.1155843734741,False
2559,6,397,startFixDisplay,1766141720.066138,1926.115666627884,False
2560,6,397,startFixPeriod,1766141720.4546084,1926.5041399002075,False
2561,6,397,TargetPresentation,1766141721.085771,1927.1353001594543,False
2562,6,397,TargetDisplacement,1766141721.2661316,1927.315660238266,True
2563,6,397,LeftResponse,1766141722.2310812,1928.2806107997894,False
2564,6,398,FeedbackPeriodStarted,1766141722.2585175,1928.3080463409424,False
2565,6,398,startFixDisplay,1766141722.2585812,1928.3081095218658,False
2566,6,398,startFixPeriod,1766141722.466905,1928.5164368152618,False
2567,6,398,TargetPresentation,1766141723.500853,1929.550384759903,False
2568,6,398,TargetRemoval,1766141723.6393988,1929.688927412033,True
2569,6,398,TargetReappeared,1766141723.889436,1929.9389672279358,False
2570,6,398,LeftResponse,1766141724.4865503,1930.5360798835754,False
2571,6,399,FeedbackPeriodStarted,1766141724.513698,1930.563229084015,False
2572,6,399,startFixDisplay,1766141724.5138378,1930.563367843628,False
2573,6,399,startFixPeriod,1766141724.701256,1930.750785112381,False
2574,6,399,TargetPresentation,1766141725.3534985,1931.403028011322,False
2575,6,399,TargetDisplacement,1766141725.5545774,1931.6041059494019,True
2576,6,399,LeftResponse,1766141726.2557147,1932.3052432537079,False
2577,6,400,FeedbackPeriodStarted,1766141726.2832024,1932.3327312469482,False
2578,6,400,startFixDisplay,1766141726.283266,1932.3327941894531,False
2579,6,400,startFixPeriod,1766141726.5262327,1932.575764656067,False
2580,6,400,TargetPresentation,1766141727.3866751,1933.436207294464,False
2581,6,400,TargetDisplacement,1766141727.8583472,1933.9078776836395,True
2582,6,400,LeftResponse,1766141728.6220732,1934.6716041564941,False
2583,6,401,FeedbackPeriodStarted,1766141728.6495526,1934.6990818977356,False
2584,6,401,startFixDisplay,1766141728.6496336,1934.6991620063782,False
2585,6,401,startFixPeriod,1766141728.82301,1934.8725414276123,False
2586,6,401,TargetPresentation,1766141729.4544587,1935.5039904117584,False
2587,6,401,TargetDisplacement,1766141729.6693072,1935.71883559227,True
2588,6,401,RightResponse,1766141730.329015,1936.378545999527,False
2589,6,402,FeedbackPeriodStarted,1766141730.3563845,1936.4059133529663,False
2590,6,402,startFixDisplay,1766141730.3565001,1936.4060287475586,False
2591,6,402,startFixPeriod,1766141730.5855775,1936.635107755661,False
2592,6,402,TargetPresentation,1766141731.3696918,1937.4192237854004,False
2593,6,402,TargetDisplacement,1766141731.5221527,1937.5716834068298,True
2594,6,402,LeftResponse,1766141732.2232106,1938.272739648819,False
2595,6,402,FeedbackPeriodStarted,1766141732.2300634,1938.279592514038,False
2596,6,403,startFixDisplay,1766141734.2422407,1940.2917716503143,False
2597,6,403,startFixPeriod,1766141734.249279,1940.298810005188,False
2598,6,403,TargetPresentation,1766141735.2138681,1941.263399362564,False
2599,6,403,TargetRemoval,1766141735.3663008,1941.4158294200897,True
2600,6,403,TargetReappeared,1766141735.616481,1941.6660134792328,False
2601,6,403,RightResponse,1766141736.1575344,1942.2070631980896,False
2602,6,404,FeedbackPeriodStarted,1766141736.1781266,1942.2276554107666,False
2603,6,404,startFixDisplay,1766141736.1781878,1942.2277159690857,False
2604,6,404,startFixPeriod,1766141736.3172367,1942.366768360138,False
2605,6,404,TargetPresentation,1766141737.3859098,1943.435441493988,False
2606,6,404,TargetDisplacement,1766141737.5243897,1943.5739183425903,True
2607,6,404,LeftResponse,1766141738.1562562,1944.2057874202728,False
2608,6,405,FeedbackPeriodStarted,1766141738.1836371,1944.2331683635712,False
2609,6,405,startFixDisplay,1766141738.1837835,1944.2333133220673,False
2610,6,405,startFixPeriod,1766141738.398924,1944.4484555721283,False
2611,6,405,TargetPresentation,1766141739.4883952,1945.5379269123077,False
2612,6,405,TargetDisplacement,1766141739.6686242,1945.7181549072266,True
2613,6,405,RightResponse,1766141740.2103662,1946.2599244117737,False
2614,6,406,FeedbackPeriodStarted,1766141740.2375598,1946.2870891094208,False
2615,6,406,startFixDisplay,1766141740.237638,1946.2871663570404,False
2616,6,406,startFixPeriod,1766141740.3973641,1946.446895122528,False
2617,6,406,TargetPresentation,1766141741.7088435,1947.758374929428,False
2618,6,406,TargetDisplacement,1766141741.8821669,1947.931697845459,True
2619,6,406,RightResponse,1766141742.6320477,1948.6815783977509,False
2620,6,407,FeedbackPeriodStarted,1766141742.6593347,1948.7088634967804,False
2621,6,407,startFixDisplay,1766141742.6594493,1948.7089779376984,False
2622,6,407,startFixPeriod,1766141742.7912898,1948.840821504593,False
2623,6,407,TargetPresentation,1766141743.6240425,1949.6735742092133,False
2624,6,407,TargetDisplacement,1766141743.8181221,1949.8676528930664,True
2625,6,407,RightResponse,1766141744.3181672,1950.367698431015,False
2626,6,408,FeedbackPeriodStarted,1766141744.3455586,1950.395090341568,False
2627,6,408,startFixDisplay,1766141744.3457053,1950.3952350616455,False
2628,6,408,startFixPeriod,1766141744.5260544,1950.5755860805511,False
2629,6,408,TargetPresentation,1766141745.65728,1951.7068119049072,False
2630,6,408,TargetDisplacement,1766141745.788787,1951.8383178710938,True
2631,6,408,LeftResponse,1766141746.3858454,1952.435374736786,False
2632,6,408,FeedbackPeriodStarted,1766141746.3926044,1952.4421336650848,False
2633,6,409,startFixDisplay,1766141748.4047222,1954.454250574112,False
2634,6,409,startFixPeriod,1766141748.4117365,1954.461267232895,False
2635,6,409,TargetPresentation,1766141749.778853,1955.8283841609955,False
2636,6,409,TargetDisplacement,1766141749.9174793,1955.967007637024,True
2637,6,409,LeftResponse,1766141750.4453933,1956.494924545288,False
2638,6,410,FeedbackPeriodStarted,1766141750.4726825,1956.522213459015,False
2639,6,410,startFixDisplay,1766141750.4728203,1956.5223503112793,False
2640,6,410,startFixPeriod,1766141750.7087734,1956.7583050727844,False
2641,6,410,TargetPresentation,1766141751.6733985,1957.7229306697845,False
2642,6,410,TargetRemoval,1766141751.8257768,1957.8753080368042,True
2643,6,410,TargetReappeared,1766141752.075671,1958.1252024173737,False
2644,6,410,RightResponse,1766141752.4783278,1958.527857542038,False
2645,6,411,FeedbackPeriodStarted,1766141752.4988794,1958.5484082698822,False
2646,6,411,startFixDisplay,1766141752.4989426,1958.5484709739685,False
2647,6,411,startFixPeriod,1766141752.672587,1958.7221186161041,False
2648,6,411,TargetPresentation,1766141753.921591,1959.9711225032806,False
2649,6,411,TargetDisplacement,1766141754.0601637,1960.1096947193146,True
2650,6,411,RightResponse,1766141754.8445475,1960.8940777778625,False
2651,6,412,FeedbackPeriodStarted,1766141754.8719888,1960.9215197563171,False
2652,6,412,startFixDisplay,1766141754.8721902,1960.9217212200165,False
2653,6,412,startFixPeriod,1766141755.0456092,1961.0951387882233,False
2654,6,412,TargetPresentation,1766141756.0517447,1962.101274728775,False
2655,6,412,TargetRemoval,1766141756.2528887,1962.302419424057,True
2656,6,412,TargetReappeared,1766141756.5028605,1962.552392244339,False
2657,6,412,RightResponse,1766141756.9334128,1962.9829421043396,False
2658,6,413,FeedbackPeriodStarted,1766141756.9605863,1963.010115146637,False
2659,6,413,startFixDisplay,1766141756.9606502,1963.010178565979,False
2660,6,413,startFixPeriod,1766141757.1343164,1963.183848142624,False
2661,6,413,TargetPresentation,1766141758.4805062,1964.530035495758,False
2662,6,413,TargetRemoval,1766141758.695516,1964.7450449466705,True
2663,6,413,TargetReappeared,1766141758.9454246,1964.9949572086334,False
2664,6,413,LeftResponse,1766141759.7784438,1965.827972650528,False
2665,6,414,FeedbackPeriodStarted,1766141759.8056831,1965.855214357376,False
2666,6,414,startFixDisplay,1766141759.8058102,1965.8553402423859,False
2667,6,414,startFixPeriod,1766141759.951502,1966.0010335445404,False
2668,6,414,TargetPresentation,1766141761.30463,1967.3541598320007,False
2669,6,414,TargetDisplacement,1766141761.450176,1967.4997045993805,True
2670,6,414,LeftResponse,1766141762.3246872,1968.3742163181305,False
2671,6,414,FeedbackPeriodStarted,1766141762.3316078,1968.3811390399933,False
2672,6,415,startFixDisplay,1766141764.3438148,1970.3933463096619,False
2673,6,415,startFixPeriod,1766141764.3505955,1970.4001252651215,False
2674,6,415,TargetPresentation,1766141765.7664006,1971.815930366516,False
2675,6,415,TargetDisplacement,1766141765.9188883,1971.9684193134308,True
2676,6,415,RightResponse,1766141766.967166,1973.0166957378387,False
2677,6,416,FeedbackPeriodStarted,1766141766.99453,1973.0440616607666,False
2678,6,416,startFixDisplay,1766141766.9946704,1973.0442006587982,False
2679,6,416,startFixPeriod,1766141767.147415,1973.1969466209412,False
2680,6,416,TargetPresentation,1766141767.903698,1973.9532277584076,False
2681,6,416,TargetDisplacement,1766141768.1117299,1974.161260843277,True
2682,6,416,RightResponse,1766141768.694912,1974.7444424629211,False
2683,6,417,FeedbackPeriodStarted,1766141768.7223275,1974.7718563079834,False
2684,6,417,startFixDisplay,1766141768.7223992,1974.77192735672,False
2685,6,417,startFixPeriod,1766141768.868268,1974.9177994728088,False
2686,6,417,TargetPresentation,1766141769.6315904,1975.6811220645905,False
2687,6,417,TargetRemoval,1766141769.8116958,1975.861224412918,True
2688,6,417,TargetReappeared,1766141770.061762,1976.111293554306,False
2689,6,417,RightResponse,1766141770.8254056,1976.8749370574951,False
2690,6,418,FeedbackPeriodStarted,1766141770.8526206,1976.9021518230438,False
2691,6,418,startFixDisplay,1766141770.85276,1976.9022901058197,False
2692,6,418,startFixPeriod,1766141771.040191,1977.0897226333618,False
2693,6,418,TargetPresentation,1766141771.9284086,1977.9779419898987,False
2694,6,418,TargetRemoval,1766141772.3862307,1978.435762166977,True
2695,6,418,TargetReappeared,1766141772.6360736,1978.6856048107147,False
2696,6,418,RightResponse,1766141773.2261405,1979.2756717205048,False
2697,6,419,FeedbackPeriodStarted,1766141773.253612,1979.3031435012817,False
2698,6,419,startFixDisplay,1766141773.2537582,1979.3032882213593,False
2699,6,419,startFixPeriod,1766141773.468847,1979.5183787345886,False
2700,6,419,TargetPresentation,1766141774.6553113,1980.7048411369324,False
2701,6,419,TargetDisplacement,1766141774.8495064,1980.8990371227264,True
2702,6,419,RightResponse,1766141775.9395475,1981.9890785217285,False
2703,6,420,FeedbackPeriodStarted,1766141775.9668033,1982.0163352489471,False
2704,6,420,startFixDisplay,1766141775.966947,1982.0164771080017,False
2705,6,420,startFixPeriod,1766141776.1126275,1982.1621582508087,False
2706,6,420,TargetPresentation,1766141777.0147243,1983.064255952835,False
2707,6,420,TargetDisplacement,1766141777.194893,1983.2444241046906,True
2708,6,420,RightResponse,1766141777.8405514,1983.890080690384,False
2709,6,420,FeedbackPeriodStarted,1766141777.847302,1983.8968307971954,False
2710,6,421,startFixDisplay,1766141779.8594596,1985.9089903831482,False
2711,6,421,startFixPeriod,1766141780.1233358,1986.172866344452,False
2712,6,421,TargetPresentation,1766141781.3029244,1987.352456331253,False
2713,6,421,TargetRemoval,1766141781.4347422,1987.4842736721039,True
2714,6,421,TargetReappeared,1766141781.68473,1987.7342612743378,False
2715,6,421,LeftResponse,1766141782.2536983,1988.3032269477844,False
2716,6,422,FeedbackPeriodStarted,1766141782.2744164,1988.3239481449127,False
2717,6,422,startFixDisplay,1766141782.274558,1988.3240883350372,False
2718,6,422,startFixPeriod,1766141782.4479659,1988.4974975585938,False
2719,6,422,TargetPresentation,1766141782.9961493,1989.0456807613373,False
2720,6,422,TargetRemoval,1766141783.1902575,1989.239788532257,True
2721,6,422,TargetReappeared,1766141783.4402418,1989.4897735118866,False
2722,6,422,RightResponse,1766141783.8842793,1989.933807849884,False
2723,6,423,FeedbackPeriodStarted,1766141783.9119074,1989.9614391326904,False
2724,6,423,startFixDisplay,1766141783.9120376,1989.961567401886,False
2725,6,423,startFixPeriod,1766141784.064592,1990.1141211986542,False
2726,6,423,TargetPresentation,1766141784.9737296,1991.0232610702515,False
2727,6,423,TargetDisplacement,1766141785.1193135,1991.168844461441,True
2728,6,423,LeftResponse,1766141785.7304022,1991.7799327373505,False
2729,6,424,FeedbackPeriodStarted,1766141785.757647,1991.8071782588959,False
2730,6,424,startFixDisplay,1766141785.7577791,1991.8073093891144,False
2731,6,424,startFixPeriod,1766141785.9869251,1992.0364573001862,False
2732,6,424,TargetPresentation,1766141786.833417,1992.8829476833344,False
2733,6,424,TargetRemoval,1766141786.992846,1993.0423769950867,True
2734,6,424,TargetReappeared,1766141787.2428203,1993.2923531532288,False
2735,6,424,LeftResponse,1766141787.8465345,1993.8960633277893,False
2736,6,425,FeedbackPeriodStarted,1766141787.8810134,1993.930545091629,False
2737,6,425,startFixDisplay,1766141787.8811467,1993.9306766986847,False
2738,6,425,startFixPeriod,1766141788.0755215,1994.1250522136688,False
2739,6,425,TargetPresentation,1766141789.442484,1995.4920129776,False
2740,6,425,TargetRemoval,1766141789.6089544,1995.6584858894348,True
2741,6,425,TargetReappeared,1766141789.8588572,1995.9083890914917,False
2742,6,425,LeftResponse,1766141790.4834151,1996.5329439640045,False
2743,6,426,FeedbackPeriodStarted,1766141790.5108972,1996.5604283809662,False
2744,6,426,startFixDisplay,1766141790.5110939,1996.5606241226196,False
2745,6,426,startFixPeriod,1766141790.6566463,1996.7061774730682,False
2746,6,426,TargetPresentation,1766141791.5172386,1997.5667700767517,False
2747,6,426,TargetDisplacement,1766141791.6766996,1997.726230621338,True
2748,6,426,RightResponse,1766141792.5375793,1998.5871081352234,False
2749,6,426,FeedbackPeriodStarted,1766141792.5442247,1998.5937538146973,False
2750,6,427,startFixDisplay,1766141794.556218,2000.605746269226,False
2751,6,427,startFixPeriod,1766141794.7994115,2000.8489413261414,False
2752,6,427,TargetPresentation,1766141796.1941311,2002.2436609268188,False
2753,6,427,TargetDisplacement,1766141796.3604543,2002.4099853038788,True
2754,6,427,RightResponse,1766141797.346329,2003.3958582878113,False
2755,6,428,FeedbackPeriodStarted,1766141797.3736272,2003.4231560230255,False
2756,6,428,startFixDisplay,1766141797.373693,2003.4232211112976,False
2757,6,428,startFixPeriod,1766141797.5264227,2003.5759522914886,False
2758,6,428,TargetPresentation,1766141798.3590937,2004.4086253643036,False
2759,6,428,TargetDisplacement,1766141798.5253632,2004.5748915672302,True
2760,6,428,LeftResponse,1766141799.1435995,2005.1931293010712,False
2761,6,429,FeedbackPeriodStarted,1766141799.1707957,2005.2203269004822,False
2762,6,429,startFixDisplay,1766141799.1709328,2005.2204627990723,False
2763,6,429,startFixPeriod,1766141799.3861172,2005.4356484413147,False
2764,6,429,TargetPresentation,1766141800.3645864,2006.4141159057617,False
2765,6,429,TargetDisplacement,1766141800.5516295,2006.6011605262756,True
2766,6,429,RightResponse,1766141801.5375702,2007.5870995521545,False
2767,6,430,FeedbackPeriodStarted,1766141801.5647838,2007.6143152713776,False
2768,6,430,startFixDisplay,1766141801.5649223,2007.6144526004791,False
2769,6,430,startFixPeriod,1766141801.717566,2007.767096042633,False
2770,6,430,TargetPresentation,1766141802.9111857,2008.960717201233,False
2771,6,430,TargetDisplacement,1766141803.049713,2009.0992436408997,True
2772,6,430,LeftResponse,1766141803.695519,2009.7450478076935,False
2773,6,431,FeedbackPeriodStarted,1766141803.7227867,2009.7723178863525,False
2774,6,431,startFixDisplay,1766141803.7229228,2009.7724528312683,False
2775,6,431,startFixPeriod,1766141803.931314,2009.9808461666107,False
2776,6,431,TargetPresentation,1766141804.7430449,2010.7925763130188,False
2777,6,431,TargetRemoval,1766141804.944107,2010.9936378002167,True
2778,6,431,TargetReappeared,1766141805.1940572,2011.2435884475708,False
2779,6,431,LeftResponse,1766141805.7076445,2011.7571740150452,False
2780,6,432,FeedbackPeriodStarted,1766141805.7352035,2011.7847323417664,False
2781,6,432,startFixDisplay,1766141805.7352767,2011.7848069667816,False
2782,6,432,startFixPeriod,1766141805.9434466,2011.9929778575897,False
2783,6,432,TargetPresentation,1766141807.0676677,2013.1171991825104,False
2784,6,432,TargetDisplacement,1766141807.2756367,2013.325165271759,True
2785,6,432,LeftResponse,1766141807.8313086,2013.880840063095,False
2786,6,432,FeedbackPeriodStarted,1766141807.8378646,2013.8873960971832,False
2787,6,433,startFixDisplay,1766141809.850037,2015.8995683193207,False
2788,6,433,startFixPeriod,1766141809.8569827,2015.906513929367,False
2789,6,433,TargetPresentation,1766141811.0713801,2017.1209094524384,False
2790,6,433,TargetRemoval,1766141811.2100587,2017.2595875263214,True
2791,6,433,TargetReappeared,1766141811.4600341,2017.5095653533936,False
2792,6,433,LeftResponse,1766141811.960043,2018.0095739364624,False
2793,6,434,FeedbackPeriodStarted,1766141811.9872856,2018.036815404892,False
2794,6,434,startFixDisplay,1766141811.9874012,2018.0369305610657,False
2795,6,434,startFixPeriod,1766141812.2303977,2018.2799322605133,False
2796,6,434,TargetPresentation,1766141813.1809258,2019.2304575443268,False
2797,6,434,TargetDisplacement,1766141813.4860537,2019.535584449768,True
2798,6,434,LeftResponse,1766141814.055868,2020.105397939682,False
2799,6,435,FeedbackPeriodStarted,1766141814.0828273,2020.1323585510254,False
2800,6,435,startFixDisplay,1766141814.0829613,2020.1324915885925,False
2801,6,435,startFixPeriod,1766141814.3396962,2020.3892259597778,False
2802,6,435,TargetPresentation,1766141814.8393207,2020.8888494968414,False
2803,6,435,TargetDisplacement,1766141815.0264564,2021.0759847164154,True
2804,6,435,RightResponse,1766141815.7695491,2021.8190789222717,False
2805,6,436,FeedbackPeriodStarted,1766141815.7966223,2021.8461513519287,False
2806,6,436,startFixDisplay,1766141815.7966866,2021.8462147712708,False
2807,6,436,startFixPeriod,1766141815.963272,2022.0128021240234,False
2808,6,436,TargetPresentation,1766141816.5254748,2022.5750050544739,False
2809,6,436,TargetDisplacement,1766141816.6640728,2022.71360373497,True
2810,6,436,LeftResponse,1766141817.205653,2023.255182504654,False
2811,6,437,FeedbackPeriodStarted,1766141817.2331498,2023.2826809883118,False
2812,6,437,startFixDisplay,1766141817.2332933,2023.2828233242035,False
2813,6,437,startFixPeriod,1766141817.4345884,2023.4841191768646,False
2814,6,437,TargetPresentation,1766141818.093744,2024.1432752609253,False
2815,6,437,TargetDisplacement,1766141818.3364432,2024.3859751224518,True
2816,6,437,RightResponse,1766141819.079399,2025.1289293766022,False
2817,6,438,FeedbackPeriodStarted,1766141819.1067479,2025.1562793254852,False
2818,6,438,startFixDisplay,1766141819.1068943,2025.1564240455627,False
2819,6,438,startFixPeriod,1766141819.308038,2025.3575699329376,False
2820,6,438,TargetPresentation,1766141819.9048812,2025.9544126987457,False
2821,6,438,TargetDisplacement,1766141820.0434334,2026.0929641723633,True
2822,6,438,LeftResponse,1766141820.924991,2026.9745209217072,False
2823,6,438,FeedbackPeriodStarted,1766141820.9387338,2026.9882652759552,False
2824,6,439,startFixDisplay,1766141822.95084,2029.0003712177277,False
2825,6,439,startFixPeriod,1766141823.0620685,2029.1115996837616,False
2826,6,439,TargetPresentation,1766141823.6935863,2029.7431163787842,False
2827,6,439,TargetDisplacement,1766141823.873828,2029.9233586788177,True
2828,6,439,RightResponse,1766141824.7762272,2030.825757265091,False
2829,6,440,FeedbackPeriodStarted,1766141824.8035903,2030.8531212806702,False
2830,6,440,startFixDisplay,1766141824.8037262,2030.8532559871674,False
2831,6,440,startFixPeriod,1766141824.9495199,2030.9990508556366,False
2832,6,440,TargetPresentation,1766141825.768328,2031.8178594112396,False
2833,6,440,TargetDisplacement,1766141825.9139953,2031.9635264873505,True
2834,6,440,LeftResponse,1766141826.5803444,2032.6298735141754,False
2835,6,441,FeedbackPeriodStarted,1766141826.6077685,2032.6572999954224,False
2836,6,441,startFixDisplay,1766141826.607922,2032.6574544906616,False
2837,6,441,startFixPeriod,1766141826.8439178,2032.893449306488,False
2838,6,441,TargetPresentation,1766141827.9193943,2033.9689235687256,False
2839,6,441,TargetDisplacement,1766141828.065004,2034.114534854889,True
2840,6,441,LeftResponse,1766141828.800955,2034.8504860401154,False
2841,6,442,FeedbackPeriodStarted,1766141828.8282135,2034.8777422904968,False
2842,6,442,startFixDisplay,1766141828.8282733,2034.877801656723,False
2843,6,442,startFixPeriod,1766141829.029564,2035.079093694687,False
2844,6,442,TargetPresentation,1766141830.0217965,2036.071325302124,False
2845,6,442,TargetRemoval,1766141830.2230034,2036.2725343704224,True
2846,6,442,TargetReappeared,1766141830.4729764,2036.5225081443787,False
2847,6,442,RightResponse,1766141830.9587119,2037.0082404613495,False
2848,6,443,FeedbackPeriodStarted,1766141830.986404,2037.0359373092651,False
2849,6,443,startFixDisplay,1766141830.986543,2037.0360715389252,False
2850,6,443,startFixPeriod,1766141831.1461315,2037.1956629753113,False
2851,6,443,TargetPresentation,1766141832.5685852,2038.618114233017,False
2852,6,443,TargetDisplacement,1766141832.735065,2038.7845962047577,True
2853,6,443,RightResponse,1766141833.6584232,2039.7079565525055,False
2854,6,444,FeedbackPeriodStarted,1766141833.685563,2039.735092163086,False
2855,6,444,startFixDisplay,1766141833.6856265,2039.7351548671722,False
2856,6,444,startFixPeriod,1766141833.9565527,2040.0060851573944,False
2857,6,444,TargetPresentation,1766141835.1846108,2041.234139919281,False
2858,6,444,TargetDisplacement,1766141835.316245,2041.3657758235931,True
2859,6,444,LeftResponse,1766141835.9967294,2042.0462594032288,False
2860,6,444,FeedbackPeriodStarted,1766141836.01042,2042.0599520206451,False
2861,6,445,startFixDisplay,1766141838.02241,2044.071938753128,False
2862,6,445,startFixPeriod,1766141838.0295298,2044.0790610313416,False
2863,6,445,TargetPresentation,1766141839.0773115,2045.126840353012,False
2864,6,445,TargetDisplacement,1766141839.223016,2045.272547006607,True
2865,6,445,LeftResponse,1766141840.0073917,2046.0569219589233,False
2866,6,446,FeedbackPeriodStarted,1766141840.0347924,2046.0843214988708,False
2867,6,446,startFixDisplay,1766141840.0349069,2046.0844354629517,False
2868,6,446,startFixPeriod,1766141840.2638917,2046.3134231567383,False
2869,6,446,TargetPresentation,1766141841.041122,2047.0906534194946,False
2870,6,446,TargetRemoval,1766141841.4295385,2047.4790694713593,True
2871,6,446,TargetReappeared,1766141841.6795988,2047.7291288375854,False
2872,6,446,LeftResponse,1766141842.6236596,2048.6731898784637,False
2873,6,447,FeedbackPeriodStarted,1766141842.650784,2048.700315475464,False
2874,6,447,startFixDisplay,1766141842.6509225,2048.700452566147,False
2875,6,447,startFixPeriod,1766141843.0533624,2049.1028921604156,False
2876,6,447,TargetPresentation,1766141844.3580549,2050.4075865745544,False
2877,6,447,TargetDisplacement,1766141844.677065,2050.7265963554382,True
2878,6,447,LeftResponse,1766141845.5168223,2051.5663509368896,False
2879,6,448,FeedbackPeriodStarted,1766141845.5445008,2051.594041824341,False
2880,6,448,startFixDisplay,1766141845.5446754,2051.5942044258118,False
2881,6,448,startFixPeriod,1766141845.773517,2051.823047876358,False
2882,6,448,TargetPresentation,1766141847.1128135,2053.162344455719,False
2883,6,448,TargetRemoval,1766141847.258275,2053.307803630829,True
2884,6,448,TargetReappeared,1766141847.5081687,2053.5577001571655,False
2885,6,448,LeftResponse,1766141848.0567276,2054.106256723404,False
2886,6,449,FeedbackPeriodStarted,1766141848.0841548,2054.133686065674,False
2887,6,449,startFixDisplay,1766141848.0843854,2054.133914709091,False
2888,6,449,startFixPeriod,1766141848.3201542,2054.3696846961975,False
2889,6,449,TargetPresentation,1766141849.6038089,2055.6533391475677,False
2890,6,449,TargetDisplacement,1766141849.8049242,2055.8544549942017,True
2891,6,449,RightResponse,1766141850.8878503,2056.9373812675476,False
2892,6,450,FeedbackPeriodStarted,1766141850.9152012,2056.9647307395935,False
2893,6,450,startFixDisplay,1766141850.915279,2056.964807510376,False
2894,6,450,startFixPeriod,1766141851.1375196,2057.18705034256,False
2895,6,450,TargetPresentation,1766141852.0603418,2058.1098732948303,False
2896,6,450,TargetRemoval,1766141852.2059643,2058.2554955482483,True
2897,6,450,TargetReappeared,1766141852.455968,2058.5055000782013,False
2898,6,450,LeftResponse,1766141852.9002106,2058.9497413635254,False
2899,6,450,FeedbackPeriodStarted,1766141852.9067154,2058.9562442302704,False
2900,6,451,startFixDisplay,1766141854.9259403,2060.9754712581635,False
2901,6,451,startFixPeriod,1766141855.148225,2061.197756767273,False
2902,6,451,TargetPresentation,1766141856.2514162,2062.300945043564,False
2903,6,451,TargetDisplacement,1766141856.3831503,2062.432678937912,True
2904,6,451,LeftResponse,1766141857.0356412,2063.085170030594,False
2905,6,452,FeedbackPeriodStarted,1766141857.0631976,2063.112728834152,False
2906,6,452,startFixDisplay,1766141857.0633261,2063.112856388092,False
2907,6,452,startFixPeriod,1766141857.2505581,2063.300088405609,False
2908,6,452,TargetPresentation,1766141858.139039,2064.188571691513,False
2909,6,452,TargetDisplacement,1766141858.3191628,2064.3686938285828,True
2910,6,452,LeftResponse,1766141858.9370267,2064.98655629158,False
2911,6,453,FeedbackPeriodStarted,1766141858.9643898,2065.013918876648,False
2912,6,453,startFixDisplay,1766141858.964456,2065.013984680176,False
2913,6,453,startFixPeriod,1766141859.1657944,2065.2153239250183,False
2914,6,453,TargetPresentation,1766141859.7696645,2065.8191936016083,False
2915,6,453,TargetDisplacement,1766141859.963718,2066.013246536255,True
2916,6,453,LeftResponse,1766141860.5678809,2066.6174108982086,False
2917,6,454,FeedbackPeriodStarted,1766141860.5951657,2066.6446969509125,False
2918,6,454,startFixDisplay,1766141860.595399,2066.644927740097,False
2919,6,454,startFixPeriod,1766141860.7966106,2066.8461418151855,False
2920,6,454,TargetPresentation,1766141861.9415293,2067.9910588264465,False
2921,6,454,TargetDisplacement,1766141862.1286395,2068.1781702041626,True
2922,6,454,RightResponse,1766141862.9827821,2069.0323128700256,False
2923,6,455,FeedbackPeriodStarted,1766141863.0099227,2069.059453725815,False
2924,6,455,startFixDisplay,1766141863.0100613,2069.059591293335,False
2925,6,455,startFixPeriod,1766141863.2044275,2069.253961086273,False
2926,6,455,TargetPresentation,1766141864.3424962,2070.3920283317566,False
2927,6,455,TargetRemoval,1766141864.4880528,2070.537584066391,True
2928,6,455,TargetReappeared,1766141864.7380815,2070.787614107132,False
2929,6,455,LeftResponse,1766141865.5570767,2071.6066076755524,False
2930,6,456,FeedbackPeriodStarted,1766141865.5842726,2071.633801460266,False
2931,6,456,startFixDisplay,1766141865.5843372,2071.6338653564453,False
2932,6,456,startFixPeriod,1766141865.7857392,2071.8352687358856,False
2933,6,456,TargetPresentation,1766141866.8266492,2072.8761806488037,False
2934,6,456,TargetDisplacement,1766141867.1804662,2073.229997396469,True
2935,6,456,RightResponse,1766141867.8539143,2073.903445482254,False
2936,6,456,FeedbackPeriodStarted,1766141867.8675773,2073.917106628418,False
2937,6,457,startFixDisplay,1766141869.8865867,2075.9361176490784,False
2938,6,457,startFixPeriod,1766141869.9630127,2076.012544155121,False
2939,6,457,TargetPresentation,1766141870.9414835,2076.9910135269165,False
2940,6,457,TargetRemoval,1766141871.1980536,2077.2475843429565,True
2941,6,457,TargetReappeared,1766141871.447943,2077.4974744319916,False
2942,6,457,RightResponse,1766141871.9963136,2078.045843601227,False
2943,6,458,FeedbackPeriodStarted,1766141872.0238366,2078.0733683109283,False
2944,6,458,startFixDisplay,1766141872.0239828,2078.0735127925873,False
2945,6,458,startFixPeriod,1766141872.1835597,2078.2330887317657,False
2946,6,458,TargetPresentation,1766141872.8842342,2078.933765411377,False
2947,6,458,TargetRemoval,1766141873.1062229,2079.155753850937,True
2948,6,458,TargetReappeared,1766141873.3560715,2079.4056026935577,False
2949,6,458,LeftResponse,1766141873.856066,2079.9055960178375,False
2950,6,459,FeedbackPeriodStarted,1766141873.890343,2079.939871788025,False
2951,6,459,startFixDisplay,1766141873.8904188,2079.9399468898773,False
2952,6,459,startFixPeriod,1766141874.0500603,2080.0995914936066,False
2953,6,459,TargetPresentation,1766141874.6190693,2080.668601036072,False
2954,6,459,TargetRemoval,1766141874.813279,2080.8628072738647,True
2955,6,459,TargetReappeared,1766141875.063216,2081.1127457618713,False
2956,6,459,LeftResponse,1766141875.5977783,2081.647309780121,False
2957,6,460,FeedbackPeriodStarted,1766141875.632031,2081.681562423706,False
2958,6,460,startFixDisplay,1766141875.6321626,2081.6816926002502,False
2959,6,460,startFixPeriod,1766141876.0278304,2082.077362537384,False
2960,6,460,TargetPresentation,1766141877.0686846,2083.118216276169,False
2961,6,460,TargetRemoval,1766141877.221192,2083.270723104477,True
2962,6,460,TargetReappeared,1766141877.4711297,2083.520661354065,False
2963,6,460,LeftResponse,1766141878.102698,2084.152227640152,False
2964,6,461,FeedbackPeriodStarted,1766141878.130102,2084.1796333789825,False
2965,6,461,startFixDisplay,1766141878.1302414,2084.1797711849213,False
2966,6,461,startFixPeriod,1766141878.3870418,2084.4365735054016,False
2967,6,461,TargetPresentation,1766141878.8866045,2084.9361340999603,False
2968,6,461,TargetDisplacement,1766141879.0460632,2085.0955941677094,True
2969,6,461,RightResponse,1766141879.9417455,2085.991276025772,False
2970,6,461,FeedbackPeriodStarted,1766141879.9899368,2086.0394682884216,False
2971,7,462,startFixDisplay,1766141905.2339506,2111.283481836319,False
2972,7,462,startFixPeriod,1766141905.44925,2111.498780965805,False
2973,7,462,TargetPresentation,1766141906.1987207,2112.248252391815,False
2974,7,462,TargetRemoval,1766141906.4691381,2112.518669128418,True
2975,7,462,TargetReappeared,1766141906.7191293,2112.768661260605,False
2976,7,462,RightResponse,1766141907.8296201,2113.8791489601135,False
2977,7,463,FeedbackPeriodStarted,1766141907.8570259,2113.9065573215485,False
2978,7,463,startFixDisplay,1766141907.857155,2113.906685113907,False
2979,7,463,startFixPeriod,1766141908.0376737,2114.087205886841,False
2980,7,463,TargetPresentation,1766141908.662074,2114.711605787277,False
2981,7,463,TargetDisplacement,1766141908.9742181,2115.0237493515015,True
2982,7,463,LeftResponse,1766141910.091749,2116.141279935837,False
2983,7,464,FeedbackPeriodStarted,1766141910.119122,2116.168653011322,False
2984,7,464,startFixDisplay,1766141910.1192634,2116.168793439865,False
2985,7,464,startFixPeriod,1766141910.285773,2116.3353033065796,False
2986,7,464,TargetPresentation,1766141911.1739938,2117.223525285721,False
2987,7,464,TargetDisplacement,1766141911.6665285,2117.7160592079163,True
2988,7,464,RightResponse,1766141912.3123324,2118.36186337471,False
2989,7,465,FeedbackPeriodStarted,1766141912.3395777,2118.3891088962555,False
2990,7,465,startFixDisplay,1766141912.3397546,2118.389283180237,False
2991,7,465,startFixPeriod,1766141912.4923918,2118.5419228076935,False
2992,7,465,TargetPresentation,1766141913.5887542,2119.638283967972,False
2993,7,465,TargetDisplacement,1766141913.762006,2119.811537027359,True
2994,7,465,RightResponse,1766141914.6158755,2120.6654045581818,False
2995,7,466,FeedbackPeriodStarted,1766141914.6432416,2120.6927704811096,False
2996,7,466,startFixDisplay,1766141914.643306,2120.6928341388702,False
2997,7,466,startFixPeriod,1766141914.8169885,2120.86651968956,False
2998,7,466,TargetPresentation,1766141916.1909528,2122.2404844760895,False
2999,7,466,TargetDisplacement,1766141916.40588,2122.4554109573364,True
3000,7,466,RightResponse,1766141917.4957674,2123.5453000068665,False
3001,7,467,FeedbackPeriodStarted,1766141917.5230055,2123.5725367069244,False
3002,7,467,startFixDisplay,1766141917.5231447,2123.5726747512817,False
3003,7,467,startFixPeriod,1766141917.6966813,2123.7462136745453,False
3004,7,467,TargetPresentation,1766141918.4600284,2124.5095603466034,False
3005,7,467,TargetDisplacement,1766141918.6332898,2124.682820558548,True
3006,7,467,RightResponse,1766141919.507989,2125.5575201511383,False
3007,7,468,FeedbackPeriodStarted,1766141919.5353074,2125.5848364830017,False
3008,7,468,startFixDisplay,1766141919.535385,2125.584913253784,False
3009,7,468,startFixPeriod,1766141919.6951685,2125.744699716568,False
3010,7,468,TargetPresentation,1766141920.722169,2126.77170085907,False
3011,7,468,TargetDisplacement,1766141921.0133078,2127.062836408615,True
3012,7,468,RightResponse,1766141921.7978568,2127.8473875522614,False
3013,7,468,FeedbackPeriodStarted,1766141921.8116097,2127.8611390590668,False
3014,7,469,startFixDisplay,1766141923.823532,2129.873060941696,False
3015,7,469,startFixPeriod,1766141923.8305905,2129.880121231079,False
3016,7,469,TargetPresentation,1766141924.8923895,2130.9419202804565,False
3017,7,469,TargetDisplacement,1766141925.031007,2131.0805377960205,True
3018,7,469,LeftResponse,1766141925.6074662,2131.6569962501526,False
3019,7,470,FeedbackPeriodStarted,1766141925.634722,2131.68425321579,False
3020,7,470,startFixDisplay,1766141925.6349204,2131.6844515800476,False
3021,7,470,startFixPeriod,1766141925.884699,2131.934228658676,False
3022,7,470,TargetPresentation,1766141927.0226402,2133.07217168808,False
3023,7,470,TargetRemoval,1766141927.1614118,2133.210940361023,True
3024,7,470,TargetReappeared,1766141927.41133,2133.4608595371246,False
3025,7,470,LeftResponse,1766141927.9945922,2134.044121980667,False
3026,7,471,FeedbackPeriodStarted,1766141928.0216691,2134.071197986603,False
3027,7,471,startFixDisplay,1766141928.0217335,2134.071261882782,False
3028,7,471,startFixPeriod,1766141928.2163024,2134.265834093094,False
3029,7,471,TargetPresentation,1766141929.1528578,2135.202389240265,False
3030,7,471,TargetDisplacement,1766141929.3540459,2135.403576850891,True
3031,7,471,RightResponse,1766141929.90968,2135.9592101573944,False
3032,7,472,FeedbackPeriodStarted,1766141929.9370103,2135.9865412712097,False
3033,7,472,startFixDisplay,1766141929.9371533,2135.9866831302643,False
3034,7,472,startFixPeriod,1766141930.1036158,2136.1531472206116,False
3035,7,472,TargetPresentation,1766141930.8045363,2136.8540802001953,False
3036,7,472,TargetRemoval,1766141931.0263543,2137.0758850574493,True
3037,7,472,TargetReappeared,1766141931.276421,2137.3259522914886,False
3038,7,472,LeftResponse,1766141931.6929739,2137.742504835129,False
3039,7,473,FeedbackPeriodStarted,1766141931.7202408,2137.769769668579,False
3040,7,473,startFixDisplay,1766141931.7203016,2137.769829750061,False
3041,7,473,startFixPeriod,1766141931.95645,2138.005982398987,False
3042,7,473,TargetPresentation,1766141932.8792992,2138.928830385208,False
3043,7,473,TargetDisplacement,1766141933.024809,2139.074339866638,True
3044,7,473,RightResponse,1766141933.670648,2139.7201778888702,False
3045,7,474,FeedbackPeriodStarted,1766141933.6979544,2139.747485399246,False
3046,7,474,startFixDisplay,1766141933.6980886,2139.7476189136505,False
3047,7,474,startFixPeriod,1766141933.878497,2139.928026199341,False
3048,7,474,TargetPresentation,1766141935.10665,2141.156181335449,False
3049,7,474,TargetDisplacement,1766141935.2522593,2141.3017904758453,True
3050,7,474,LeftResponse,1766141935.8077576,2141.8572869300842,False
3051,7,474,FeedbackPeriodStarted,1766141935.8143203,2141.863849878311,False
3052,7,475,startFixDisplay,1766141937.8265085,2143.876037120819,False
3053,7,475,startFixPeriod,1766141938.076534,2144.126063346863,False
3054,7,475,TargetPresentation,1766141938.6594265,2144.7089562416077,False
3055,7,475,TargetDisplacement,1766141938.9300532,2144.97958445549,True
3056,7,475,RightResponse,1766141939.6866539,2145.736183643341,False
3057,7,476,FeedbackPeriodStarted,1766141939.7139947,2145.763523340225,False
3058,7,476,startFixDisplay,1766141939.7140546,2145.76358294487,False
3059,7,476,startFixPeriod,1766141939.8738222,2145.9233531951904,False
3060,7,476,TargetPresentation,1766141940.4081872,2146.457718849182,False
3061,7,476,TargetDisplacement,1766141940.6232584,2146.672790288925,True
3062,7,476,RightResponse,1766141941.1856282,2147.235157728195,False
3063,7,477,FeedbackPeriodStarted,1766141941.2129357,2147.2624666690826,False
3064,7,477,startFixDisplay,1766141941.2130744,2147.262604236603,False
3065,7,477,startFixPeriod,1766141941.3101351,2147.3596646785736,False
3066,7,477,TargetPresentation,1766141942.4898207,2148.539350748062,False
3067,7,477,TargetRemoval,1766141942.6562834,2148.7058157920837,True
3068,7,477,TargetReappeared,1766141942.9062526,2148.9557843208313,False
3069,7,477,LeftResponse,1766141943.2812283,2149.3307588100433,False
3070,7,478,FeedbackPeriodStarted,1766141943.308565,2149.358093738556,False
3071,7,478,startFixDisplay,1766141943.3086786,2149.358206987381,False
3072,7,478,startFixPeriod,1766141943.5793247,2149.62885594368,False
3073,7,478,TargetPresentation,1766141944.7796588,2150.829190015793,False
3074,7,478,TargetDisplacement,1766141944.9321942,2150.9817254543304,True
3075,7,478,RightResponse,1766141945.4808226,2151.5303525924683,False
3076,7,479,FeedbackPeriodStarted,1766141945.5080252,2151.557553768158,False
3077,7,479,startFixDisplay,1766141945.5080884,2151.5576169490814,False
3078,7,479,startFixPeriod,1766141945.64717,2151.696699142456,False
3079,7,479,TargetPresentation,1766141946.3340464,2152.383577823639,False
3080,7,479,TargetRemoval,1766141946.4795842,2152.5291125774384,True
3081,7,479,TargetReappeared,1766141946.7295544,2152.779084444046,False
3082,7,479,LeftResponse,1766141947.1321292,2153.1816585063934,False
3083,7,480,FeedbackPeriodStarted,1766141947.1596274,2153.2091586589813,False
3084,7,480,startFixDisplay,1766141947.1597664,2153.2092962265015,False
3085,7,480,startFixPeriod,1766141947.4164662,2153.465995311737,False
3086,7,480,TargetPresentation,1766141948.2492995,2154.298830986023,False
3087,7,480,TargetDisplacement,1766141948.4017205,2154.451251268387,True
3088,7,480,LeftResponse,1766141948.9573057,2155.006835460663,False
3089,7,480,FeedbackPeriodStarted,1766141948.9637215,2155.0132505893707,False
3090,7,481,startFixDisplay,1766141950.9760394,2157.0255682468414,False
3091,7,481,startFixPeriod,1766141950.9831712,2157.032702445984,False
3092,7,481,TargetPresentation,1766141951.8853164,2157.9348480701447,False
3093,7,481,TargetDisplacement,1766141952.3153603,2158.3648886680603,True
3094,7,481,RightResponse,1766141952.836087,2158.885617017746,False
3095,7,482,FeedbackPeriodStarted,1766141952.863553,2158.9130840301514,False
3096,7,482,startFixDisplay,1766141952.8636901,2158.91322016716,False
3097,7,482,startFixPeriod,1766141953.0025647,2159.052095890045,False
3098,7,482,TargetPresentation,1766141953.7726557,2159.8221864700317,False
3099,7,482,TargetDisplacement,1766141953.9183283,2159.96785902977,True
3100,7,482,LeftResponse,1766141955.0150435,2161.064573764801,False
3101,7,483,FeedbackPeriodStarted,1766141955.0424125,2161.0919580459595,False
3102,7,483,startFixDisplay,1766141955.04255,2161.092078447342,False
3103,7,483,startFixPeriod,1766141955.3201892,2161.3697197437286,False
3104,7,483,TargetPresentation,1766141956.0556715,2162.1052005290985,False
3105,7,483,TargetRemoval,1766141956.1942635,2162.2437946796417,True
3106,7,483,TargetReappeared,1766141956.4441798,2162.493711233139,False
3107,7,483,RightResponse,1766141957.1036584,2163.1531875133514,False
3108,7,484,FeedbackPeriodStarted,1766141957.131042,2163.1805732250214,False
3109,7,484,startFixDisplay,1766141957.131183,2163.18071269989,False
3110,7,484,startFixPeriod,1766141957.3877745,2163.4373049736023,False
3111,7,484,TargetPresentation,1766141958.227655,2164.2771842479706,False
3112,7,484,TargetDisplacement,1766141958.4286473,2164.478175640106,True
3113,7,484,RightResponse,1766141959.0744822,2165.124013185501,False
3114,7,485,FeedbackPeriodStarted,1766141959.101708,2165.151237010956,False
3115,7,485,startFixDisplay,1766141959.1017718,2165.1512999534607,False
3116,7,485,startFixPeriod,1766141959.247621,2165.297152519226,False
3117,7,485,TargetPresentation,1766141960.656257,2166.705788373947,False
3118,7,485,TargetRemoval,1766141960.7878323,2166.8373608589172,True
3119,7,485,TargetReappeared,1766141961.0379024,2167.087434053421,False
3120,7,485,RightResponse,1766141961.8568838,2167.9064145088196,False
3121,7,486,FeedbackPeriodStarted,1766141961.884295,2167.9338235855103,False
3122,7,486,startFixDisplay,1766141961.8843586,2167.9338870048523,False
3123,7,486,startFixPeriod,1766141962.3427455,2168.3922758102417,False
3124,7,486,TargetPresentation,1766141963.3555548,2169.4050867557526,False
3125,7,486,TargetDisplacement,1766141963.5358272,2169.58535861969,True
3126,7,486,RightResponse,1766141964.2785218,2170.328050851822,False
3127,7,486,FeedbackPeriodStarted,1766141964.285295,2170.334826231003,False
3128,7,487,startFixDisplay,1766141966.297462,2172.3469908237457,False
3129,7,487,startFixPeriod,1766141966.3044937,2172.3540217876434,False
3130,7,487,TargetPresentation,1766141967.699445,2173.7489771842957,False
3131,7,487,TargetDisplacement,1766141967.8588307,2173.9083614349365,True
3132,7,487,RightResponse,1766141968.872348,2174.9218776226044,False
3133,7,488,FeedbackPeriodStarted,1766141968.8995774,2174.9491062164307,False
3134,7,488,startFixDisplay,1766141968.8996408,2174.949168920517,False
3135,7,488,startFixPeriod,1766141969.0456269,2175.0951561927795,False
3136,7,488,TargetPresentation,1766141970.4403396,2176.4898710250854,False
3137,7,488,TargetDisplacement,1766141970.578936,2176.62846660614,True
3138,7,488,LeftResponse,1766141971.196881,2177.246412038803,False
3139,7,489,FeedbackPeriodStarted,1766141971.224284,2177.2738151550293,False
3140,7,489,startFixDisplay,1766141971.2244482,2177.273978471756,False
3141,7,489,startFixPeriod,1766141971.418673,2177.468202829361,False
3142,7,489,TargetPresentation,1766141972.459586,2178.5091178417206,False
3143,7,489,TargetDisplacement,1766141972.6051173,2178.6546487808228,True
3144,7,489,LeftResponse,1766141973.306412,2179.3559420108795,False
3145,7,490,FeedbackPeriodStarted,1766141973.3335764,2179.383105278015,False
3146,7,490,startFixDisplay,1766141973.333638,2179.3831663131714,False
3147,7,490,startFixPeriod,1766141973.5906372,2179.6401686668396,False
3148,7,490,TargetPresentation,1766141974.5135834,2180.563115119934,False
3149,7,490,TargetDisplacement,1766141974.8811295,2180.9306604862213,True
3150,7,490,RightResponse,1766141975.5059988,2181.55552983284,False
3151,7,491,FeedbackPeriodStarted,1766141975.5332422,2181.582771062851,False
3152,7,491,startFixDisplay,1766141975.5333023,2181.5828306674957,False
3153,7,491,startFixPeriod,1766141975.6724012,2181.721935749054,False
3154,7,491,TargetPresentation,1766141976.6576312,2182.7071611881256,False
3155,7,491,TargetRemoval,1766141976.8448381,2182.8943688869476,True
3156,7,491,TargetReappeared,1766141977.0948303,2183.144361972809,False
3157,7,491,LeftResponse,1766141977.8238463,2183.873377561569,False
3158,7,492,FeedbackPeriodStarted,1766141977.858148,2183.9076793193817,False
3159,7,492,startFixDisplay,1766141977.8582945,2183.9078245162964,False
3160,7,492,startFixPeriod,1766141977.996876,2184.0464074611664,False
3161,7,492,TargetPresentation,1766141978.5519435,2184.601474761963,False
3162,7,492,TargetDisplacement,1766141979.0931933,2185.1427216529846,True
3163,7,492,RightResponse,1766141979.7040706,2185.7536001205444,False
3164,7,492,FeedbackPeriodStarted,1766141979.7107096,2185.7602396011353,False
3165,7,493,startFixDisplay,1766141981.7228353,2187.772363424301,False
3166,7,493,startFixPeriod,1766141981.7299995,2187.779530763626,False
3167,7,493,TargetPresentation,1766141982.4863956,2188.5359256267548,False
3168,7,493,TargetDisplacement,1766141982.6320062,2188.681534767151,True
3169,7,493,LeftResponse,1766141983.2222931,2189.271824359894,False
3170,7,494,FeedbackPeriodStarted,1766141983.2494836,2189.299012184143,False
3171,7,494,startFixDisplay,1766141983.2495415,2189.2990696430206,False
3172,7,494,startFixPeriod,1766141983.4024181,2189.4519498348236,False
3173,7,494,TargetPresentation,1766141984.6929686,2190.7424976825714,False
3174,7,494,TargetDisplacement,1766141984.8662934,2190.9158222675323,True
3175,7,494,RightResponse,1766141985.7133598,2191.7628886699677,False
3176,7,495,FeedbackPeriodStarted,1766141985.7407086,2191.790237426758,False
3177,7,495,startFixDisplay,1766141985.740773,2191.7903010845184,False
3178,7,495,startFixPeriod,1766141985.9073267,2191.9568576812744,False
3179,7,495,TargetPresentation,1766141986.5388532,2192.588383436203,False
3180,7,495,TargetDisplacement,1766141986.6774716,2192.7270023822784,True
3181,7,495,LeftResponse,1766141987.2261894,2193.2757201194763,False
3182,7,496,FeedbackPeriodStarted,1766141987.2532856,2193.302814245224,False
3183,7,496,startFixDisplay,1766141987.253349,2193.302877187729,False
3184,7,496,startFixPeriod,1766141987.4688287,2193.5183610916138,False
3185,7,496,TargetPresentation,1766141988.6969414,2194.7464728355408,False
3186,7,496,TargetDisplacement,1766141988.8842008,2194.9337317943573,True
3187,7,496,LeftResponse,1766141989.8629189,2195.9124488830566,False
3188,7,497,FeedbackPeriodStarted,1766141989.8972545,2195.9467854499817,False
3189,7,497,startFixDisplay,1766141989.897399,2195.9469273090363,False
3190,7,497,startFixPeriod,1766141990.299723,2196.34925198555,False
3191,7,497,TargetPresentation,1766141991.3266954,2197.376224756241,False
3192,7,497,TargetDisplacement,1766141991.5417747,2197.5913059711456,True
3193,7,497,LeftResponse,1766141992.1247575,2198.1742866039276,False
3194,7,498,FeedbackPeriodStarted,1766141992.1523895,2198.20192193985,False
3195,7,498,startFixDisplay,1766141992.152535,2198.2020649909973,False
3196,7,498,startFixPeriod,1766141992.3467672,2198.3962972164154,False
3197,7,498,TargetPresentation,1766141993.8109567,2199.8604879379272,False
3198,7,498,TargetDisplacement,1766141994.157712,2200.207240343094,True
3199,7,498,RightResponse,1766141994.7272348,2200.776766061783,False
3200,7,498,FeedbackPeriodStarted,1766141994.733613,2200.7831420898438,False
3201,7,499,startFixDisplay,1766141996.7458346,2202.79536318779,False
3202,7,499,startFixPeriod,1766141997.0931392,2203.1426706314087,False
3203,7,499,TargetPresentation,1766141997.9952564,2204.044788122177,False
3204,7,499,TargetRemoval,1766141998.1338956,2204.1834268569946,True
3205,7,499,TargetReappeared,1766141998.3838644,2204.433396100998,False
3206,7,499,LeftResponse,1766141998.869569,2204.919098138809,False
3207,7,500,FeedbackPeriodStarted,1766141998.8970473,2204.946576833725,False
3208,7,500,startFixDisplay,1766141998.8971407,2204.9466695785522,False
3209,7,500,startFixPeriod,1766141999.1539884,2205.2035188674927,False
3210,7,500,TargetPresentation,1766142000.5487874,2206.5983192920685,False
3211,7,500,TargetDisplacement,1766142000.6943421,2206.7438707351685,True
3212,7,500,LeftResponse,1766142001.443842,2207.493370771408,False
3213,7,501,FeedbackPeriodStarted,1766142001.4714804,2207.521009206772,False
3214,7,501,startFixDisplay,1766142001.4715414,2207.521069765091,False
3215,7,501,startFixPeriod,1766142001.7007089,2207.7502393722534,False
3216,7,501,TargetPresentation,1766142002.4986079,2208.5481390953064,False
3217,7,501,TargetDisplacement,1766142002.6649435,2208.7144742012024,True
3218,7,501,RightResponse,1766142003.4079146,2209.457444667816,False
3219,7,502,FeedbackPeriodStarted,1766142003.435207,2209.484738111496,False
3220,7,502,startFixDisplay,1766142003.435352,2209.4848804473877,False
3221,7,502,startFixPeriod,1766142003.5880768,2209.637608528137,False
3222,7,502,TargetPresentation,1766142004.3443344,2210.393865585327,False
3223,7,502,TargetDisplacement,1766142004.510795,2210.5603234767914,True
3224,7,502,LeftResponse,1766142005.1775403,2211.2270777225494,False
3225,7,503,FeedbackPeriodStarted,1766142005.2047994,2211.2543325424194,False
3226,7,503,startFixDisplay,1766142005.204943,2211.254472732544,False
3227,7,503,startFixPeriod,1766142005.440797,2211.4903285503387,False
3228,7,503,TargetPresentation,1766142006.6066134,2212.6561427116394,False
3229,7,503,TargetDisplacement,1766142006.7521827,2212.801713705063,True
3230,7,503,LeftResponse,1766142007.3561876,2213.405718564987,False
3231,7,504,FeedbackPeriodStarted,1766142007.3905244,2213.440055847168,False
3232,7,504,startFixDisplay,1766142007.3906605,2213.4401907920837,False
3233,7,504,startFixPeriod,1766142007.869497,2213.9190278053284,False
3234,7,504,TargetPresentation,1766142009.1461287,2215.1956582069397,False
3235,7,504,TargetRemoval,1766142009.30568,2215.355208873749,True
3236,7,504,TargetReappeared,1766142009.555649,2215.6051807403564,False
3237,7,504,RightResponse,1766142010.152696,2216.2022244930267,False
3238,7,504,FeedbackPeriodStarted,1766142010.1593165,2216.208847761154,False
3239,7,505,startFixDisplay,1766142012.171502,2218.2210354804993,False
3240,7,505,startFixPeriod,1766142012.4560688,2218.50559926033,False
3241,7,505,TargetPresentation,1766142013.0251553,2219.0746870040894,False
3242,7,505,TargetRemoval,1766142013.2817557,2219.3312866687775,True
3243,7,505,TargetReappeared,1766142013.5317929,2219.581323623657,False
3244,7,505,LeftResponse,1766142014.2953591,2220.344890356064,False
3245,7,506,FeedbackPeriodStarted,1766142014.322633,2220.3721640110016,False
3246,7,506,startFixDisplay,1766142014.3227894,2220.3723196983337,False
3247,7,506,startFixPeriod,1766142014.4755018,2220.5250339508057,False
3248,7,506,TargetPresentation,1766142015.1137896,2221.1633195877075,False
3249,7,506,TargetDisplacement,1766142015.2454937,2221.2950348854065,True
3250,7,506,LeftResponse,1766142016.0924788,2222.1420090198517,False
3251,7,507,FeedbackPeriodStarted,1766142016.1200824,2222.1696116924286,False
3252,7,507,startFixDisplay,1766142016.1201677,2222.1696965694427,False
3253,7,507,startFixPeriod,1766142016.321671,2222.3712034225464,False
3254,7,507,TargetPresentation,1766142017.799017,2223.84854722023,False
3255,7,507,TargetRemoval,1766142017.986361,2224.0358917713165,True
3256,7,507,TargetReappeared,1766142018.2364407,2224.2859711647034,False
3257,7,507,LeftResponse,1766142019.05548,2225.1050090789795,False
3258,7,508,FeedbackPeriodStarted,1766142019.0827527,2225.132281780243,False
3259,7,508,startFixDisplay,1766142019.082818,2225.1323461532593,False
3260,7,508,startFixPeriod,1766142019.3189056,2225.368437051773,False
3261,7,508,TargetPresentation,1766142020.2487211,2226.2982506752014,False
3262,7,508,TargetDisplacement,1766142020.4289615,2226.4784927368164,True
3263,7,508,RightResponse,1766142021.248224,2227.297754764557,False
3264,7,509,FeedbackPeriodStarted,1766142021.2755198,2227.325048685074,False
3265,7,509,startFixDisplay,1766142021.2755852,2227.3251135349274,False
3266,7,509,startFixPeriod,1766142021.4145017,2227.4640333652496,False
3267,7,509,TargetPresentation,1766142022.545534,2228.5950655937195,False
3268,7,509,TargetDisplacement,1766142022.7327297,2228.7822604179382,True
3269,7,509,LeftResponse,1766142023.5517988,2229.6013281345367,False
3270,7,510,FeedbackPeriodStarted,1766142023.5862727,2229.6358036994934,False
3271,7,510,startFixDisplay,1766142023.5864284,2229.6359581947327,False
3272,7,510,startFixPeriod,1766142023.8084939,2229.8580253124237,False
3273,7,510,TargetPresentation,1766142025.1060789,2231.1556107997894,False
3274,7,510,TargetRemoval,1766142025.2376919,2231.2872228622437,True
3275,7,510,TargetReappeared,1766142025.4877098,2231.537240743637,False
3276,7,510,LeftResponse,1766142026.0640385,2232.1135699748993,False
3277,7,510,FeedbackPeriodStarted,1766142026.0775084,2232.127039909363,False
3278,7,511,startFixDisplay,1766142028.0894973,2234.1390261650085,False
3279,7,511,startFixPeriod,1766142028.0965588,2234.146087408066,False
3280,7,511,TargetPresentation,1766142028.6933138,2234.742842435837,False
3281,7,511,TargetDisplacement,1766142028.8806913,2234.930219888687,True
3282,7,511,RightResponse,1766142029.9288256,2235.9783544540405,False
3283,7,512,FeedbackPeriodStarted,1766142029.9561925,2236.0057237148285,False
3284,7,512,startFixDisplay,1766142029.956272,2236.005800008774,False
3285,7,512,startFixPeriod,1766142030.1021655,2236.151696920395,False
3286,7,512,TargetPresentation,1766142030.9278889,2236.977420091629,False
3287,7,512,TargetDisplacement,1766142031.4758787,2237.525410413742,True
3288,7,512,RightResponse,1766142032.246618,2238.2961478233337,False
3289,7,513,FeedbackPeriodStarted,1766142032.273875,2238.3234057426453,False
3290,7,513,startFixDisplay,1766142032.2740116,2238.3235416412354,False
3291,7,513,startFixPeriod,1766142032.4266684,2238.476198196411,False
3292,7,513,TargetPresentation,1766142033.5022552,2239.551786661148,False
3293,7,513,TargetRemoval,1766142033.6339483,2239.683479309082,True
3294,7,513,TargetReappeared,1766142033.8838248,2239.9333539009094,False
3295,7,513,RightResponse,1766142034.6613498,2240.710879802704,False
3296,7,514,FeedbackPeriodStarted,1766142034.6886427,2240.738174200058,False
3297,7,514,startFixDisplay,1766142034.6888475,2240.738378047943,False
3298,7,514,startFixPeriod,1766142034.9940646,2241.043595790863,False
3299,7,514,TargetPresentation,1766142035.8822873,2241.9318170547485,False
3300,7,514,TargetDisplacement,1766142036.021077,2242.0706083774567,True
3301,7,514,LeftResponse,1766142036.9442058,2242.993736743927,False
3302,7,515,FeedbackPeriodStarted,1766142036.9715896,2243.021118402481,False
3303,7,515,startFixDisplay,1766142036.9716504,2243.021178483963,False
3304,7,515,startFixPeriod,1766142037.3395748,2243.3891065120697,False
3305,7,515,TargetPresentation,1766142038.5192292,2244.568760871887,False
3306,7,515,TargetDisplacement,1766142038.6579192,2244.707450389862,True
3307,7,515,RightResponse,1766142039.6019056,2245.651435613632,False
3308,7,516,FeedbackPeriodStarted,1766142039.6292503,2245.6787791252136,False
3309,7,516,startFixDisplay,1766142039.6293166,2245.6788449287415,False
3310,7,516,startFixPeriod,1766142039.8653667,2245.914919614792,False
3311,7,516,TargetPresentation,1766142040.9270735,2246.9766051769257,False
3312,7,516,TargetDisplacement,1766142041.1210754,2247.1706063747406,True
3313,7,516,LeftResponse,1766142042.0654259,2248.114957332611,False
3314,7,516,FeedbackPeriodStarted,1766142042.0719345,2248.121463537216,False
3315,7,517,startFixDisplay,1766142044.0910642,2250.140595436096,False
3316,7,517,startFixPeriod,1766142044.35494,2250.4044709205627,False
3317,7,517,TargetPresentation,1766142045.6318545,2251.6813855171204,False
3318,7,517,TargetDisplacement,1766142045.7633176,2251.812846183777,True
3319,7,517,LeftResponse,1766142046.5893135,2252.6388425827026,False
3320,7,518,FeedbackPeriodStarted,1766142046.6168847,2252.6664156913757,False
3321,7,518,startFixDisplay,1766142046.6170242,2252.66655421257,False
3322,7,518,startFixPeriod,1766142046.8112895,2252.8608210086823,False
3323,7,518,TargetPresentation,1766142047.657938,2253.707469701767,False
3324,7,518,TargetDisplacement,1766142047.80348,2253.853010892868,True
3325,7,518,LeftResponse,1766142048.5534313,2254.602962255478,False
3326,7,519,FeedbackPeriodStarted,1766142048.5876875,2254.6372163295746,False
3327,7,519,startFixDisplay,1766142048.5877512,2254.6372792720795,False
3328,7,519,startFixPeriod,1766142048.8237183,2254.8732476234436,False
3329,7,519,TargetPresentation,1766142049.7256866,2255.7752180099487,False
3330,7,519,TargetDisplacement,1766142049.8851237,2255.934654712677,True
3331,7,519,LeftResponse,1766142050.7183,2256.7678298950195,False
3332,7,520,FeedbackPeriodStarted,1766142050.7454908,2256.795019388199,False
3333,7,520,startFixDisplay,1766142050.7455537,2256.795082092285,False
3334,7,520,startFixPeriod,1766142050.940021,2256.9895527362823,False
3335,7,520,TargetPresentation,1766142052.3695426,2258.4190723896027,False
3336,7,520,TargetRemoval,1766142052.5636349,2258.613165616989,True
3337,7,520,TargetReappeared,1766142052.813587,2258.863116979599,False
3338,7,520,RightResponse,1766142053.5285625,2259.5780925750732,False
3339,7,521,FeedbackPeriodStarted,1766142053.5558953,2259.6054241657257,False
3340,7,521,startFixDisplay,1766142053.5559585,2259.6054866313934,False
3341,7,521,startFixPeriod,1766142053.7086818,2259.75821185112,False
3342,7,521,TargetPresentation,1766142054.5136375,2260.563169002533,False
3343,7,521,TargetDisplacement,1766142054.6937673,2260.7432959079742,True
3344,7,521,RightResponse,1766142055.4644055,2261.513935804367,False
3345,7,522,FeedbackPeriodStarted,1766142055.4917521,2261.5412809848785,False
3346,7,522,startFixDisplay,1766142055.4918673,2261.541395664215,False
3347,7,522,startFixPeriod,1766142055.6517508,2261.7012825012207,False
3348,7,522,TargetPresentation,1766142056.9839628,2263.033493041992,False
3349,7,522,TargetDisplacement,1766142057.1295493,2263.1790800094604,True
3350,7,522,LeftResponse,1766142057.900086,2263.94961643219,False
3351,7,522,FeedbackPeriodStarted,1766142057.9066675,2263.9561965465546,False
3352,7,523,startFixDisplay,1766142059.9188247,2265.9683532714844,False
3353,7,523,startFixPeriod,1766142060.224555,2266.2740857601166,False
3354,7,523,TargetPresentation,1766142060.723974,2266.773505449295,False
3355,7,523,TargetDisplacement,1766142060.9529424,2267.002473592758,True
3356,7,523,RightResponse,1766142061.5779197,2267.6274497509003,False
3357,7,524,FeedbackPeriodStarted,1766142061.6050432,2267.6545720100403,False
3358,7,524,startFixDisplay,1766142061.605106,2267.654634475708,False
3359,7,524,startFixPeriod,1766142061.7371945,2267.786725997925,False
3360,7,524,TargetPresentation,1766142062.6115344,2268.6610639095306,False
3361,7,524,TargetDisplacement,1766142062.7917533,2268.8412816524506,True
3362,7,524,RightResponse,1766142063.4097314,2269.459260702133,False
3363,7,525,FeedbackPeriodStarted,1766142063.436985,2269.4865140914917,False
3364,7,525,startFixDisplay,1766142063.437046,2269.4865741729736,False
3365,7,525,startFixPeriod,1766142063.5763514,2269.6258821487427,False
3366,7,525,TargetPresentation,1766142064.165796,2270.215325117111,False
3367,7,525,TargetDisplacement,1766142064.373937,2270.4234681129456,True
3368,7,525,RightResponse,1766142064.8807364,2270.9302649497986,False
3369,7,526,FeedbackPeriodStarted,1766142064.9081435,2270.957674741745,False
3370,7,526,startFixDisplay,1766142064.9082718,2270.9578018188477,False
3371,7,526,startFixPeriod,1766142065.0402179,2271.0897493362427,False
3372,7,526,TargetPresentation,1766142066.0947945,2272.1443235874176,False
3373,7,526,TargetDisplacement,1766142066.2613177,2272.3108484745026,True
3374,7,526,LeftResponse,1766142066.9903567,2273.039887905121,False
3375,7,527,FeedbackPeriodStarted,1766142067.0175025,2273.067031145096,False
3376,7,527,startFixDisplay,1766142067.0175645,2273.0670926570892,False
3377,7,527,startFixPeriod,1766142067.2051957,2273.2547273635864,False
3378,7,527,TargetPresentation,1766142068.1627336,2274.212265253067,False
3379,7,527,TargetDisplacement,1766142068.3152199,2274.3647508621216,True
3380,7,527,LeftResponse,1766142069.2316496,2275.2811794281006,False
3381,7,527,FeedbackPeriodStarted,1766142069.2727773,2275.322308063507,False
