,blockID,trialNumber,triggerName,timestamp_sys,timestamp_psyc,triggerSent_Serial00
0,pract,-1,StartPractice,1765555796.6115534,246.28682279586792,False
1,pract,0,startFixDisplay,1765555796.6271667,246.30243825912476,False
2,pract,0,startFixPeriod,1765555796.8423705,246.51764225959778,False
3,pract,0,TargetPresentation,1765555798.2856853,247.96095633506775,False
4,pract,0,TargetDisplacement,1765555798.4034376,248.07870888710022,True
5,pract,0,FeedbackPeriodStarted,1765555800.42283,250.09810137748718,False
6,pract,1,startFixDisplay,1765555800.929203,250.60447192192078,False
7,pract,1,startFixPeriod,1765555801.0265205,250.70179176330566,False
8,pract,1,TargetPresentation,1765555802.3727806,252.04805064201355,False
9,pract,1,TargetDisplacement,1765555802.5322149,252.20748567581177,True
10,pract,1,FeedbackPeriodStarted,1765555804.5446942,254.2199685573578,False
11,pract,2,startFixDisplay,1765555805.051084,254.72635650634766,False
12,pract,2,startFixPeriod,1765555805.0788577,254.75412845611572,False
13,pract,2,TargetPresentation,1765555806.439015,256.1142864227295,False
14,pract,2,TargetDisplacement,1765555806.577732,256.25300312042236,True
15,pract,2,FeedbackPeriodStarted,1765555808.5970962,258.27236819267273,False
16,pract,3,startFixDisplay,1765555809.1035333,258.77880454063416,False
17,pract,3,startFixPeriod,1765555809.1104388,258.7857081890106,False
18,pract,3,TargetPresentation,1765555809.7351453,259.4104151725769,False
19,pract,3,TargetDisplacement,1765555809.7421288,259.41739892959595,True
20,pract,3,FeedbackPeriodStarted,1765555811.7542522,261.42952394485474,False
21,pract,4,startFixDisplay,1765555812.2608447,261.9361174106598,False
22,pract,4,startFixPeriod,1765555812.684244,262.35951590538025,False
23,pract,4,TargetPresentation,1765555813.7042189,263.3794891834259,False
24,pract,4,TargetRemoval,1765555813.8568587,263.5321273803711,True
25,pract,4,TargetReappeared,1765555814.1067204,263.7819924354553,False
26,pract,4,LeftResponse,1765555815.5086827,265.18395376205444,False
27,pract,4,FeedbackPeriodStarted,1765555815.5151682,265.1904385089874,False
28,pract,5,startFixDisplay,1765555816.021761,265.69703340530396,False
29,pract,5,startFixPeriod,1765555816.084268,265.75953912734985,False
30,pract,5,TargetPresentation,1765555817.4097438,267.08501744270325,False
31,pract,5,TargetDisplacement,1765555817.548402,267.22367334365845,True
32,pract,5,RightResponse,1765555818.8949916,268.57026267051697,False
33,pract,5,FeedbackPeriodStarted,1765555818.9015086,268.5767776966095,False
34,pract,6,startFixDisplay,1765555819.4081116,269.0833833217621,False
35,pract,6,startFixPeriod,1765555819.5607831,269.2360544204712,False
36,pract,6,TargetPresentation,1765555820.2824783,269.957750082016,False
37,pract,6,TargetDisplacement,1765555820.4349842,270.1102554798126,True
38,pract,6,LeftResponse,1765555821.3860502,271.0613191127777,False
39,pract,6,FeedbackPeriodStarted,1765555821.3927279,271.06799960136414,False
40,pract,7,startFixDisplay,1765555821.8992257,271.57449865341187,False
41,pract,7,startFixPeriod,1765555822.1630018,271.8382730484009,False
42,pract,7,TargetPresentation,1765555822.7944212,272.4696931838989,False
43,pract,7,TargetDisplacement,1765555822.939966,272.61523723602295,True
44,pract,7,FeedbackPeriodStarted,1765555824.94554,274.6208119392395,False
45,pract,8,startFixDisplay,1765555825.4520197,275.12728929519653,False
46,pract,8,startFixPeriod,1765555825.4590023,275.1342737674713,False
47,pract,8,TargetPresentation,1765555826.74965,276.4249212741852,False
48,pract,8,TargetDisplacement,1765555826.9091008,276.58436942100525,True
49,pract,8,RightResponse,1765555828.873302,278.54857182502747,False
50,pract,8,FeedbackPeriodStarted,1765555828.8799732,278.55524492263794,False
51,pract,9,startFixDisplay,1765555829.386533,279.0618064403534,False
52,pract,9,startFixPeriod,1765555829.3934472,279.0687189102173,False
53,pract,9,TargetPresentation,1765555829.962462,279.63773369789124,False
54,pract,9,TargetDisplacement,1765555830.1219084,279.7971773147583,True
55,pract,9,LeftResponse,1765555830.885607,280.5608780384064,False
56,pract,9,FeedbackPeriodStarted,1765555830.8922367,280.5675084590912,False
57,pract,10,startFixDisplay,1765555831.398715,281.07398653030396,False
58,pract,10,startFixPeriod,1765555831.7109816,281.3862521648407,False
59,pract,10,TargetPresentation,1765555832.6825755,282.35784697532654,False
60,pract,10,TargetDisplacement,1765555832.8281076,282.50337862968445,True
61,pract,10,RightResponse,1765555833.4323251,283.10759568214417,False
62,pract,10,FeedbackPeriodStarted,1765555833.4387293,283.1139998435974,False
63,pract,11,startFixDisplay,1765555833.9453225,283.6205937862396,False
64,pract,11,startFixPeriod,1765555834.4034007,284.07867217063904,False
65,pract,11,TargetPresentation,1765555835.8536596,285.5289309024811,False
66,pract,11,TargetDisplacement,1765555835.999176,285.674444437027,True
67,pract,11,RightResponse,1765555837.3319972,287.00726771354675,False
68,pract,11,FeedbackPeriodStarted,1765555837.338477,287.0137481689453,False
69,pract,12,startFixDisplay,1765555837.845099,287.52037024497986,False
70,pract,12,startFixPeriod,1765555838.0948758,287.77014684677124,False
71,pract,12,TargetPresentation,1765555839.531379,289.20665097236633,False
72,pract,12,TargetDisplacement,1765555839.6770828,289.3523545265198,True
73,pract,12,LeftResponse,1765555840.8015225,290.47679352760315,False
74,pract,12,FeedbackPeriodStarted,1765555840.8080835,290.4833526611328,False
75,pract,13,startFixDisplay,1765555841.3145795,290.98985052108765,False
76,pract,13,startFixPeriod,1765555841.626934,291.3022041320801,False
77,pract,13,TargetPresentation,1765555842.2306569,291.9059281349182,False
78,pract,13,TargetRemoval,1765555842.3762963,292.0515675544739,True
79,pract,13,TargetReappeared,1765555842.6261258,292.30139541625977,False
80,pract,13,RightResponse,1765555843.590996,293.2662661075592,False
81,pract,13,FeedbackPeriodStarted,1765555843.6046426,293.2799141407013,False
82,pract,-1,EndPractice,1765555844.0985672,293.7738358974457,False
83,0,0,startFixDisplay,1765555874.4972603,324.1725323200226,False
84,0,0,startFixPeriod,1765555874.8789299,324.55420184135437,False
85,0,0,TargetPresentation,1765555876.169607,325.84487867355347,False
86,0,0,TargetDisplacement,1765555876.1765454,325.8518168926239,True
87,0,0,RightResponse,1765555877.06493,326.7402000427246,False
88,0,1,FeedbackPeriodStarted,1765555877.0783684,326.7536373138428,False
89,0,1,startFixDisplay,1765555877.078418,326.75368642807007,False
90,0,1,startFixPeriod,1765555878.8202565,328.4955270290375,False
91,0,1,TargetPresentation,1765555879.8888474,329.56411695480347,False
92,0,1,TargetDisplacement,1765555879.8959105,329.57118034362793,True
93,0,1,RightResponse,1765555880.8465328,330.5218024253845,False
94,0,2,FeedbackPeriodStarted,1765555880.8602731,330.5355451107025,False
95,0,2,startFixDisplay,1765555880.8603961,330.5356664657593,False
96,0,2,startFixPeriod,1765555883.3167777,332.9920492172241,False
97,0,2,TargetPresentation,1765555884.239704,333.9149754047394,False
98,0,2,TargetRemoval,1765555884.2466455,333.9219172000885,True
99,0,2,TargetReappeared,1765555884.4964473,334.1717185974121,False
100,0,2,LeftResponse,1765555884.8089118,334.4841830730438,False
101,0,3,FeedbackPeriodStarted,1765555884.829463,334.5047345161438,False
102,0,3,startFixDisplay,1765555884.8296692,334.50494170188904,False
103,0,3,startFixPeriod,1765555889.6313477,339.30661940574646,False
104,0,3,TargetPresentation,1765555890.2072878,339.88255977630615,False
105,0,3,TargetRemoval,1765555890.2142456,339.8895170688629,True
106,0,3,TargetReappeared,1765555890.4641492,340.139440536499,False
107,0,3,RightResponse,1765555891.4080417,341.08331274986267,False
108,0,4,FeedbackPeriodStarted,1765555891.4215622,341.0968337059021,False
109,0,4,startFixDisplay,1765555891.4216979,341.0969684123993,False
110,0,4,startFixPeriod,1765555891.747755,341.4230263233185,False
111,0,4,TargetPresentation,1765555893.2187512,342.8940227031708,False
112,0,4,TargetDisplacement,1765555893.3714745,343.04674649238586,True
113,0,4,RightResponse,1765555894.2322783,343.9075484275818,False
114,0,5,FeedbackPeriodStarted,1765555894.2526617,343.92793369293213,False
115,0,5,startFixDisplay,1765555894.252804,343.9280745983124,False
116,0,5,startFixPeriod,1765555894.426237,344.10150623321533,False
117,0,5,TargetPresentation,1765555895.4115276,345.0867967605591,False
118,0,5,TargetDisplacement,1765555895.5919242,345.26719546318054,True
119,0,5,RightResponse,1765555897.167363,346.8426332473755,False
120,0,6,FeedbackPeriodStarted,1765555897.1879404,346.86320972442627,False
121,0,6,startFixDisplay,1765555897.1880157,346.8632843494415,False
122,0,6,startFixPeriod,1765555897.354618,347.02989196777344,False
123,0,6,TargetPresentation,1765555898.1803794,347.855651140213,False
124,0,6,TargetDisplacement,1765555898.3537104,348.02898144721985,True
125,0,6,RightResponse,1765555899.304824,348.9800953865051,False
126,0,6,FeedbackPeriodStarted,1765555899.3183463,348.9936180114746,False
127,0,7,startFixDisplay,1765555901.3234842,350.9987533092499,False
128,0,7,startFixPeriod,1765555901.920397,351.5956664085388,False
129,0,7,TargetPresentation,1765555902.8156312,352.4909026622772,False
130,0,7,TargetDisplacement,1765555902.995929,352.6711976528168,True
131,0,7,RightResponse,1765555904.1134727,353.7887427806854,False
132,0,8,FeedbackPeriodStarted,1765555904.1268332,353.8021020889282,False
133,0,8,startFixDisplay,1765555904.1269495,353.80221819877625,False
134,0,8,startFixPeriod,1765555904.3004909,353.9757606983185,False
135,0,8,TargetPresentation,1765555905.1610181,354.8362901210785,False
136,0,8,TargetDisplacement,1765555905.2996347,354.9749059677124,True
137,0,8,RightResponse,1765555906.216113,355.8913850784302,False
138,0,9,FeedbackPeriodStarted,1765555906.2295127,355.90478444099426,False
139,0,9,startFixDisplay,1765555906.229653,355.9049234390259,False
140,0,9,startFixPeriod,1765555906.3961987,356.0714704990387,False
141,0,9,TargetPresentation,1765555907.0484447,356.7237160205841,False
142,0,9,TargetDisplacement,1765555907.2008939,356.87616539001465,True
143,0,9,RightResponse,1765555907.999414,357.6746847629547,False
144,0,10,FeedbackPeriodStarted,1765555908.0128393,357.68811106681824,False
145,0,10,startFixDisplay,1765555908.012976,357.68824648857117,False
146,0,10,startFixPeriod,1765555908.1794736,357.8547444343567,False
147,0,10,TargetPresentation,1765555909.1509774,358.8262495994568,False
148,0,10,TargetDisplacement,1765555909.2966342,358.971905708313,True
149,0,10,LeftResponse,1765555910.5667756,360.2420461177826,False
150,0,11,FeedbackPeriodStarted,1765555910.5872552,360.26252722740173,False
151,0,11,startFixDisplay,1765555910.5874043,360.2626724243164,False
152,0,11,startFixPeriod,1765555910.753898,360.42916989326477,False
153,0,11,TargetPresentation,1765555912.12786,361.8031349182129,False
154,0,11,TargetDisplacement,1765555912.266406,361.9416751861572,True
155,0,11,RightResponse,1765555912.9676282,362.6428978443146,False
156,0,12,FeedbackPeriodStarted,1765555912.9811888,362.65646052360535,False
157,0,12,startFixDisplay,1765555912.9813318,362.65660190582275,False
158,0,12,startFixPeriod,1765555913.1409366,362.8162086009979,False
159,0,12,TargetPresentation,1765555914.258167,363.9334361553192,False
160,0,12,TargetDisplacement,1765555914.4105694,364.0858407020569,True
161,0,12,RightResponse,1765555915.5904691,365.2657380104065,False
162,0,12,FeedbackPeriodStarted,1765555915.5972617,365.2725307941437,False
163,0,13,startFixDisplay,1765555917.6027453,367.27801871299744,False
164,0,13,startFixPeriod,1765555918.5325768,368.207848072052,False
165,0,13,TargetPresentation,1765555919.9897885,369.66506028175354,False
166,0,13,TargetDisplacement,1765555920.1770952,369.85236716270447,True
167,0,13,RightResponse,1765555920.8574991,370.5327699184418,False
168,0,14,FeedbackPeriodStarted,1765555920.8778558,370.55312728881836,False
169,0,14,startFixDisplay,1765555920.8780007,370.553270816803,False
170,0,14,startFixPeriod,1765555921.0514822,370.7267515659332,False
171,0,14,TargetPresentation,1765555922.2588558,371.9341278076172,False
172,0,14,TargetRemoval,1765555922.4043884,372.0796570777893,True
173,0,14,TargetReappeared,1765555922.6543455,372.3296172618866,False
174,0,14,RightResponse,1765555923.390131,373.0654036998749,False
175,0,15,FeedbackPeriodStarted,1765555923.4106064,373.0858778953552,False
176,0,15,startFixDisplay,1765555923.4107487,373.0860188007355,False
177,0,15,startFixPeriod,1765555923.820124,373.49539613723755,False
178,0,15,TargetPresentation,1765555924.9859025,374.66117453575134,False
179,0,15,TargetRemoval,1765555925.1384912,374.8137629032135,True
180,0,15,TargetReappeared,1765555925.388365,375.06363701820374,False
181,0,15,RightResponse,1765555926.269745,375.94501423835754,False
182,0,16,FeedbackPeriodStarted,1765555926.283333,375.9586019515991,False
183,0,16,startFixDisplay,1765555926.2833974,375.95866560935974,False
184,0,16,startFixPeriod,1765555926.6721518,376.34742617607117,False
185,0,16,TargetPresentation,1765555927.6643882,377.3396601676941,False
186,0,16,TargetRemoval,1765555927.7960522,377.47132086753845,True
187,0,16,TargetReappeared,1765555928.0460186,377.7212903499603,False
188,0,16,RightResponse,1765555928.8303587,378.505628824234,False
189,0,17,FeedbackPeriodStarted,1765555928.8438494,378.5191214084625,False
190,0,17,startFixDisplay,1765555928.8440044,378.51927280426025,False
191,0,17,startFixPeriod,1765555928.9966726,378.6719443798065,False
192,0,17,TargetPresentation,1765555929.9819963,379.65726590156555,False
193,0,17,TargetDisplacement,1765555930.1275713,379.80283999443054,True
194,0,17,RightResponse,1765555931.5783815,381.2536516189575,False
195,0,18,FeedbackPeriodStarted,1765555931.598555,381.2738242149353,False
196,0,18,startFixDisplay,1765555931.5986195,381.27388763427734,False
197,0,18,startFixPeriod,1765555931.7931418,381.46841382980347,False
198,0,18,TargetPresentation,1765555933.2711263,382.94639825820923,False
199,0,18,TargetDisplacement,1765555933.4237032,383.09897470474243,True
200,0,18,RightResponse,1765555934.0901325,383.7654013633728,False
201,0,18,FeedbackPeriodStarted,1765555934.0969028,383.7721745967865,False
202,0,19,startFixDisplay,1765555936.1021705,385.7774426937103,False
203,0,19,startFixPeriod,1765555936.6365433,386.31181359291077,False
204,0,19,TargetPresentation,1765555937.4970455,387.17231798171997,False
205,0,19,TargetDisplacement,1765555937.635534,387.3108026981354,True
206,0,19,RightResponse,1765555938.468554,388.1438226699829,False
207,0,20,FeedbackPeriodStarted,1765555938.4822543,388.1575264930725,False
208,0,20,startFixDisplay,1765555938.4823985,388.15766882896423,False
209,0,20,startFixPeriod,1765555938.6419697,388.3172416687012,False
210,0,20,TargetPresentation,1765555939.2455962,388.9208679199219,False
211,0,20,TargetDisplacement,1765555939.384239,389.0595099925995,True
212,0,20,RightResponse,1765555940.0647993,389.74007081985474,False
213,0,21,FeedbackPeriodStarted,1765555940.0780945,389.75336384773254,False
214,0,21,startFixDisplay,1765555940.0781634,389.7534317970276,False
215,0,21,startFixPeriod,1765555940.4808238,390.15609431266785,False
216,0,21,TargetPresentation,1765555941.2926834,390.96795535087585,False
217,0,21,TargetDisplacement,1765555941.4175212,391.0927927494049,True
218,0,21,RightResponse,1765555942.097855,391.77312564849854,False
219,0,22,FeedbackPeriodStarted,1765555942.111242,391.78651094436646,False
220,0,22,startFixDisplay,1765555942.1113093,391.7865777015686,False
221,0,22,startFixPeriod,1765555942.631919,392.30719089508057,False
222,0,22,TargetPresentation,1765555943.6312165,393.30648851394653,False
223,0,22,TargetDisplacement,1765555943.769911,393.4451825618744,True
224,0,22,RightResponse,1765555944.4016352,394.0769052505493,False
225,0,23,FeedbackPeriodStarted,1765555944.4152238,394.0904960632324,False
226,0,23,startFixDisplay,1765555944.415388,394.09065890312195,False
227,0,23,startFixPeriod,1765555944.9772656,394.6525378227234,False
228,0,23,TargetPresentation,1765555945.7127702,395.3880424499512,False
229,0,23,TargetDisplacement,1765555945.858447,395.53371596336365,True
230,0,23,RightResponse,1765555946.9065464,396.58181595802307,False
231,0,24,FeedbackPeriodStarted,1765555946.9340515,396.6093454360962,False
232,0,24,startFixDisplay,1765555946.9341674,396.60943579673767,False
233,0,24,startFixPeriod,1765555947.3852031,397.0604748725891,False
234,0,24,TargetPresentation,1765555948.6826644,398.3579366207123,False
235,0,24,TargetDisplacement,1765555948.8422897,398.5175631046295,True
236,0,24,RightResponse,1765555949.5848813,399.26015043258667,False
237,0,24,FeedbackPeriodStarted,1765555949.5916846,399.2669539451599,False
238,0,25,startFixDisplay,1765555951.5970376,401.27230978012085,False
239,0,25,startFixPeriod,1765555951.8539228,401.52919483184814,False
240,0,25,TargetPresentation,1765555953.0266132,402.7018837928772,False
241,0,25,TargetRemoval,1765555953.1582913,402.833562374115,True
242,0,25,TargetReappeared,1765555953.4082832,403.08355379104614,False
243,0,25,RightResponse,1765555954.1787744,403.8540449142456,False
244,0,26,FeedbackPeriodStarted,1765555954.1992147,403.87448740005493,False
245,0,26,startFixDisplay,1765555954.1993742,403.87464475631714,False
246,0,26,startFixPeriod,1765555954.3658574,404.04112935066223,False
247,0,26,TargetPresentation,1765555955.5316164,405.20688676834106,False
248,0,26,TargetDisplacement,1765555955.677168,405.352436542511,True
249,0,26,RightResponse,1765555956.7946987,406.4699695110321,False
250,0,27,FeedbackPeriodStarted,1765555956.8151636,406.4904329776764,False
251,0,27,startFixDisplay,1765555956.815231,406.49049949645996,False
252,0,27,startFixPeriod,1765555957.0099592,406.68523049354553,False
253,0,27,TargetPresentation,1765555957.6825762,407.3578450679779,False
254,0,27,TargetDisplacement,1765555957.8352277,407.5104992389679,True
255,0,27,RightResponse,1765555958.9803784,408.6556475162506,False
256,0,28,FeedbackPeriodStarted,1765555958.9940646,408.6693367958069,False
257,0,28,startFixDisplay,1765555958.9942124,408.6694829463959,False
258,0,28,startFixPeriod,1765555959.2230976,408.89836978912354,False
259,0,28,TargetPresentation,1765555960.1183474,409.79361939430237,False
260,0,28,TargetDisplacement,1765555960.1252322,409.80050134658813,True
261,0,28,RightResponse,1765555961.4370086,411.1122796535492,False
262,0,29,FeedbackPeriodStarted,1765555961.4504712,411.1257429122925,False
263,0,29,startFixDisplay,1765555961.450612,411.12588238716125,False
264,0,29,startFixPeriod,1765555961.6241007,411.2993731498718,False
265,0,29,TargetPresentation,1765555962.7134886,412.38875818252563,False
266,0,29,TargetDisplacement,1765555962.8729842,412.54825592041016,True
267,0,29,RightResponse,1765555963.6297479,413.3050193786621,False
268,0,30,FeedbackPeriodStarted,1765555963.6431227,413.31839179992676,False
269,0,30,startFixDisplay,1765555963.6431904,413.3184585571289,False
270,0,30,startFixPeriod,1765555964.0597188,413.7349908351898,False
271,0,30,TargetPresentation,1765555964.8646472,414.53991889953613,False
272,0,30,TargetDisplacement,1765555965.0865078,414.76177644729614,True
273,0,30,LeftResponse,1765555966.0306714,415.70594120025635,False
274,0,30,FeedbackPeriodStarted,1765555966.0371876,415.7124574184418,False
275,0,31,startFixDisplay,1765555968.0424955,417.7177646160126,False
276,0,31,startFixPeriod,1765555968.9448252,418.6200988292694,False
277,0,31,TargetPresentation,1765555970.2423394,419.9176113605499,False
278,0,31,TargetDisplacement,1765555970.4018455,420.07711696624756,True
279,0,31,LeftResponse,1765555971.4428751,421.11814403533936,False
280,0,32,FeedbackPeriodStarted,1765555971.4564948,421.1317639350891,False
281,0,32,startFixDisplay,1765555971.456559,421.1318271160126,False
282,0,32,startFixPeriod,1765555971.6233046,421.29857659339905,False
283,0,32,TargetPresentation,1765555972.962429,422.63769817352295,False
284,0,32,TargetRemoval,1765555973.1358352,422.81110644340515,True
285,0,32,TargetReappeared,1765555973.385809,423.0610809326172,False
286,0,32,LeftResponse,1765555974.3854527,424.06072425842285,False
287,0,33,FeedbackPeriodStarted,1765555974.405735,424.08100628852844,False
288,0,33,startFixDisplay,1765555974.4058714,424.08114194869995,False
289,0,33,startFixPeriod,1765555974.586249,424.2615211009979,False
290,0,33,TargetPresentation,1765555975.7866464,425.4619162082672,False
291,0,33,TargetRemoval,1765555975.939254,425.61452531814575,True
292,0,33,TargetReappeared,1765555976.1891127,425.86438512802124,False
293,0,33,RightResponse,1765555976.8902893,426.56555938720703,False
294,0,34,FeedbackPeriodStarted,1765555976.9107482,426.58601999282837,False
295,0,34,startFixDisplay,1765555976.9108887,426.58615922927856,False
296,0,34,startFixPeriod,1765555977.209306,426.8845784664154,False
297,0,34,TargetPresentation,1765555978.111319,427.78659105300903,False
298,0,34,TargetDisplacement,1765555978.2499058,427.92517733573914,True
299,0,34,FeedbackPeriodStarted,1765555980.2622507,429.93751978874207,False
300,0,35,startFixDisplay,1765555980.7687602,430.4440314769745,False
301,0,35,startFixPeriod,1765555981.3379703,431.01324224472046,False
302,0,35,TargetPresentation,1765555982.7950683,432.47033739089966,False
303,0,35,TargetDisplacement,1765555982.940682,432.6159505844116,True
304,0,35,RightResponse,1765555984.002863,433.67813420295715,False
305,0,36,FeedbackPeriodStarted,1765555984.0232604,433.6985321044922,False
306,0,36,startFixDisplay,1765555984.0233977,433.6986677646637,False
307,0,36,startFixPeriod,1765555984.55764,434.2329111099243,False
308,0,36,TargetPresentation,1765555985.7373197,435.41259121894836,False
309,0,36,TargetRemoval,1765555985.8967793,435.57205033302307,True
310,0,36,TargetReappeared,1765555986.1466494,435.8219187259674,False
311,0,36,LeftResponse,1765555986.9657736,436.64104437828064,False
312,0,36,FeedbackPeriodStarted,1765555986.9723747,436.64764404296875,False
313,0,37,startFixDisplay,1765555988.9776871,438.6529586315155,False
314,0,37,startFixPeriod,1765555989.5606663,439.2359366416931,False
315,0,37,TargetPresentation,1765555991.0525408,440.7278106212616,False
316,0,37,TargetRemoval,1765555991.1981888,440.8734600543976,True
317,0,37,TargetReappeared,1765555991.448257,441.1235296726227,False
318,0,37,LeftResponse,1765555992.20466,441.8799293041229,False
319,0,38,FeedbackPeriodStarted,1765555992.218142,441.8934109210968,False
320,0,38,startFixDisplay,1765555992.218206,441.89347434043884,False
321,0,38,startFixPeriod,1765555992.3848426,442.0601119995117,False
322,0,38,TargetPresentation,1765555993.175992,442.85126423835754,False
323,0,38,TargetRemoval,1765555993.1828887,442.85816073417664,True
324,0,38,TargetReappeared,1765555993.4327326,443.1080045700073,False
325,0,38,RightResponse,1765555994.3074071,443.9826784133911,False
326,0,39,FeedbackPeriodStarted,1765555994.3207858,443.996057510376,False
327,0,39,startFixDisplay,1765555994.3209515,443.99622225761414,False
328,0,39,startFixPeriod,1765555994.522037,444.19730854034424,False
329,0,39,TargetPresentation,1765555995.6532571,445.3285291194916,False
330,0,39,TargetDisplacement,1765555995.7779698,445.45324087142944,True
331,0,39,RightResponse,1765555996.7428696,446.4181389808655,False
332,0,40,FeedbackPeriodStarted,1765555996.7633529,446.4386246204376,False
333,0,40,startFixDisplay,1765555996.7634914,446.4387619495392,False
334,0,40,startFixPeriod,1765555997.374152,447.04942417144775,False
335,0,40,TargetPresentation,1765555998.616235,448.2915041446686,False
336,0,40,TargetDisplacement,1765555998.6853826,448.3606514930725,True
337,0,40,RightResponse,1765555999.4492738,449.12454533576965,False
338,0,41,FeedbackPeriodStarted,1765555999.4695342,449.1448037624359,False
339,0,41,startFixDisplay,1765555999.469616,449.14488458633423,False
340,0,41,startFixPeriod,1765555999.9345322,449.60980129241943,False
341,0,41,TargetPresentation,1765556000.5314078,450.206680059433,False
342,0,41,TargetRemoval,1765556000.6770396,450.35231137275696,True
343,0,41,TargetReappeared,1765556000.926912,450.60218381881714,False
344,0,41,LeftResponse,1765556001.5515683,451.22683787345886,False
345,0,42,FeedbackPeriodStarted,1765556001.572112,451.2473843097687,False
346,0,42,startFixDisplay,1765556001.5722563,451.2475244998932,False
347,0,42,startFixPeriod,1765556001.815157,451.49042892456055,False
348,0,42,TargetPresentation,1765556002.6964607,452.371732711792,False
349,0,42,TargetDisplacement,1765556002.8280473,452.5033187866211,True
350,0,42,LeftResponse,1765556003.9455285,453.62079763412476,False
351,0,42,FeedbackPeriodStarted,1765556003.9523394,453.6276111602783,False
352,0,43,startFixDisplay,1765556005.9575489,455.6328213214874,False
353,0,43,startFixPeriod,1765556006.4781878,456.1534595489502,False
354,0,43,TargetPresentation,1765556007.3316793,457.0069513320923,False
355,0,43,TargetDisplacement,1765556007.4702735,457.1455452442169,True
356,0,43,LeftResponse,1765556008.3727577,458.0480263233185,False
357,0,44,FeedbackPeriodStarted,1765556008.3862817,458.0615544319153,False
358,0,44,startFixDisplay,1765556008.386449,458.06172013282776,False
359,0,44,startFixPeriod,1765556008.6916604,458.3669316768646,False
360,0,44,TargetPresentation,1765556009.2814987,458.9567699432373,False
361,0,44,TargetDisplacement,1765556009.4132824,459.0885536670685,True
362,0,44,RightResponse,1765556010.1976924,459.8729636669159,False
363,0,45,FeedbackPeriodStarted,1765556010.2181847,459.8934564590454,False
364,0,45,startFixDisplay,1765556010.2183154,459.89358353614807,False
365,0,45,startFixPeriod,1765556010.3709333,460.0462050437927,False
366,0,45,TargetPresentation,1765556011.1549888,460.8302586078644,False
367,0,45,TargetRemoval,1765556011.1620243,460.8372960090637,True
368,0,45,TargetReappeared,1765556011.411837,461.08710837364197,False
369,0,45,LeftResponse,1765556012.3835266,462.05879640579224,False
370,0,46,FeedbackPeriodStarted,1765556012.403942,462.07921385765076,False
371,0,46,startFixDisplay,1765556012.4041028,462.07937359809875,False
372,0,46,startFixPeriod,1765556012.6468983,462.322167634964,False
373,0,46,TargetPresentation,1765556013.7224095,463.3976809978485,False
374,0,46,TargetDisplacement,1765556013.729478,463.4047474861145,True
375,0,46,RightResponse,1765556014.5277228,464.20299339294434,False
376,0,47,FeedbackPeriodStarted,1765556014.548261,464.2235314846039,False
377,0,47,startFixDisplay,1765556014.5483763,464.2236454486847,False
378,0,47,startFixPeriod,1765556014.839723,464.514995098114,False
379,0,47,TargetPresentation,1765556016.0540526,465.72935009002686,False
380,0,47,TargetDisplacement,1765556016.0956578,465.77092933654785,True
381,0,47,RightResponse,1765556017.71944,467.39470887184143,False
382,0,48,FeedbackPeriodStarted,1765556017.7330627,467.4083318710327,False
383,0,48,startFixDisplay,1765556017.7331285,467.4083969593048,False
384,0,48,startFixPeriod,1765556018.1565912,467.83186292648315,False
385,0,48,TargetPresentation,1765556018.9338424,468.60911440849304,False
386,0,48,TargetDisplacement,1765556019.1417696,468.8170413970947,True
387,0,48,LeftResponse,1765556019.8499193,469.5251910686493,False
388,0,48,FeedbackPeriodStarted,1765556019.8564746,469.5317463874817,False
389,0,49,startFixDisplay,1765556021.8617566,471.53702569007874,False
390,0,49,startFixPeriod,1765556022.1534026,471.8286716938019,False
391,0,49,TargetPresentation,1765556023.0347483,472.7100205421448,False
392,0,49,TargetDisplacement,1765556023.0416846,472.7169568538666,True
393,0,49,FeedbackPeriodStarted,1765556025.0468552,474.7221255302429,False
394,0,50,startFixDisplay,1765556025.5533884,475.228657245636,False
395,0,50,startFixPeriod,1765556025.7965004,475.4717712402344,False
396,0,50,TargetPresentation,1765556027.0247042,476.6999764442444,False
397,0,50,TargetDisplacement,1765556027.2049057,476.8801772594452,True
398,0,50,RightResponse,1765556027.8576336,477.53290343284607,False
399,0,51,FeedbackPeriodStarted,1765556027.8780863,477.5533595085144,False
400,0,51,startFixDisplay,1765556027.8782413,477.55351161956787,False
401,0,51,startFixPeriod,1765556028.044743,477.7200150489807,False
402,0,51,TargetPresentation,1765556029.0023322,478.6776044368744,False
403,0,51,TargetRemoval,1765556029.2173688,478.8926405906677,True
404,0,51,TargetReappeared,1765556029.4672697,479.1425414085388,False
405,0,51,LeftResponse,1765556030.1891298,479.8644003868103,False
406,0,52,FeedbackPeriodStarted,1765556030.2025237,479.8777928352356,False
407,0,52,startFixDisplay,1765556030.2025898,479.87785816192627,False
408,0,52,startFixPeriod,1765556030.3693278,480.04459977149963,False
409,0,52,TargetPresentation,1765556031.0077858,480.68305826187134,False
410,0,52,TargetRemoval,1765556031.1394181,480.8146870136261,True
411,0,52,TargetReappeared,1765556031.389318,481.0645899772644,False
412,0,52,LeftResponse,1765556032.139136,481.8144075870514,False
413,0,53,FeedbackPeriodStarted,1765556032.1524272,481.82769656181335,False
414,0,53,startFixDisplay,1765556032.1524966,481.82776522636414,False
415,0,53,startFixPeriod,1765556032.6522915,482.3275635242462,False
416,0,53,TargetPresentation,1765556033.9498332,483.62510538101196,False
417,0,53,TargetDisplacement,1765556034.081509,483.75678038597107,True
418,0,53,RightResponse,1765556035.0396411,484.7149109840393,False
419,0,54,FeedbackPeriodStarted,1765556035.0598836,484.73515272140503,False
420,0,54,startFixDisplay,1765556035.0599496,484.7352180480957,False
421,0,54,startFixPeriod,1765556035.2474732,484.92274355888367,False
422,0,54,TargetPresentation,1765556036.7116306,486.3869025707245,False
423,0,54,TargetRemoval,1765556036.8641136,486.53938484191895,True
424,0,54,TargetReappeared,1765556037.1141114,486.7893841266632,False
425,0,54,RightResponse,1765556037.905349,487.58061933517456,False
426,0,54,FeedbackPeriodStarted,1765556037.9119563,487.5872278213501,False
427,0,55,startFixDisplay,1765556039.9172995,489.5925712585449,False
428,0,55,startFixPeriod,1765556040.451722,490.126992225647,False
429,0,55,TargetPresentation,1765556041.0207727,490.6960446834564,False
430,0,55,TargetDisplacement,1765556041.1594064,490.8346793651581,True
431,0,55,RightResponse,1765556041.999523,491.67479395866394,False
432,0,56,FeedbackPeriodStarted,1765556042.0127933,491.6880621910095,False
433,0,56,startFixDisplay,1765556042.0128565,491.6881248950958,False
434,0,56,startFixPeriod,1765556042.1864989,491.8617708683014,False
435,0,56,TargetPresentation,1765556043.6437047,493.3189742565155,False
436,0,56,TargetDisplacement,1765556043.8031843,493.47845578193665,True
437,0,56,LeftResponse,1765556044.8584461,494.5337176322937,False
438,0,57,FeedbackPeriodStarted,1765556044.8716831,494.54695200920105,False
439,0,57,startFixDisplay,1765556044.871749,494.5470173358917,False
440,0,57,startFixPeriod,1765556045.0454874,494.72075963020325,False
441,0,57,TargetPresentation,1765556045.7671394,495.4424114227295,False
442,0,57,TargetRemoval,1765556045.9126406,495.58790922164917,True
443,0,57,TargetReappeared,1765556046.1626818,495.8379535675049,False
444,0,57,LeftResponse,1765556046.8916652,496.5669369697571,False
445,0,58,FeedbackPeriodStarted,1765556046.9119623,496.5872344970703,False
446,0,58,startFixDisplay,1765556046.9121249,496.5873954296112,False
447,0,58,startFixPeriod,1765556047.1063044,496.7815749645233,False
448,0,58,TargetPresentation,1765556048.2997417,497.97501134872437,False
449,0,58,TargetDisplacement,1765556048.4315066,498.106778383255,True
450,0,58,LeftResponse,1765556049.486759,499.1620306968689,False
451,0,59,FeedbackPeriodStarted,1765556049.5071144,499.182386636734,False
452,0,59,startFixDisplay,1765556049.507263,499.182532787323,False
453,0,59,startFixPeriod,1765556049.694592,499.3698618412018,False
454,0,59,TargetPresentation,1765556050.78404,500.4593119621277,False
455,0,59,TargetDisplacement,1765556050.9294658,500.60473442077637,True
456,0,59,RightResponse,1765556052.297013,501.97228384017944,False
457,0,60,FeedbackPeriodStarted,1765556052.317379,501.9926505088806,False
458,0,60,startFixDisplay,1765556052.3175106,501.9927809238434,False
459,0,60,startFixPeriod,1765556052.4909217,502.1661911010742,False
460,0,60,TargetPresentation,1765556053.96905,503.6443409919739,False
461,0,60,TargetDisplacement,1765556054.1076944,503.78296279907227,True
462,0,60,RightResponse,1765556054.9615395,504.6368110179901,False
463,0,60,FeedbackPeriodStarted,1765556054.975134,504.6504054069519,False
464,0,61,startFixDisplay,1765556056.980409,506.6556804180145,False
465,0,61,startFixPeriod,1765556057.4315894,507.1068608760834,False
466,0,61,TargetPresentation,1765556058.89571,508.5709810256958,False
467,0,61,TargetDisplacement,1765556059.041356,508.71662759780884,True
468,0,61,RightResponse,1765556059.749547,509.42481780052185,False
469,0,62,FeedbackPeriodStarted,1765556059.7699218,509.4451913833618,False
470,0,62,startFixDisplay,1765556059.769994,509.44526290893555,False
471,0,62,startFixPeriod,1765556059.950478,509.6257514953613,False
472,0,62,TargetPresentation,1765556060.8663065,510.5415756702423,False
473,0,62,TargetRemoval,1765556061.0191014,510.69437289237976,True
474,0,62,TargetReappeared,1765556061.2688844,510.9441547393799,False
475,0,62,LeftResponse,1765556062.0669446,511.7422134876251,False
476,0,63,FeedbackPeriodStarted,1765556062.0806034,511.7558743953705,False
477,0,63,startFixDisplay,1765556062.0807428,511.7560110092163,False
478,0,63,startFixPeriod,1765556062.6705172,512.3457863330841,False
479,0,63,TargetPresentation,1765556063.2118251,512.887097120285,False
480,0,63,TargetRemoval,1765556063.364481,513.0397522449493,True
481,0,63,TargetReappeared,1765556063.6142526,513.2895247936249,False
482,0,63,LeftResponse,1765556064.6691775,514.3444476127625,False
483,0,64,FeedbackPeriodStarted,1765556064.6897595,514.3650307655334,False
484,0,64,startFixDisplay,1765556064.689894,514.3651645183563,False
485,0,64,startFixPeriod,1765556064.8771448,514.5524153709412,False
486,0,64,TargetPresentation,1765556065.9596643,515.6349358558655,False
487,0,64,TargetDisplacement,1765556066.0914438,515.7667124271393,True
488,0,64,RightResponse,1765556067.0979745,516.7732439041138,False
489,0,65,FeedbackPeriodStarted,1765556067.1113605,516.7866291999817,False
490,0,65,startFixDisplay,1765556067.1114085,516.7866766452789,False
491,0,65,startFixPeriod,1765556067.2919245,516.9671974182129,False
492,0,65,TargetPresentation,1765556068.6589608,518.3342325687408,False
493,0,65,TargetRemoval,1765556068.7977357,518.4730069637299,True
494,0,65,TargetReappeared,1765556069.0475461,518.7228150367737,False
495,0,65,RightResponse,1765556069.818084,519.493355512619,False
496,0,65,FeedbackPeriodStarted,1765556069.8593369,519.5346083641052,False
497,1,66,startFixDisplay,1765556242.9332824,692.6085543632507,False
498,1,66,startFixPeriod,1765556242.9401383,692.6154098510742,False
499,1,66,TargetPresentation,1765556244.4042826,694.0795514583588,False
500,1,66,TargetDisplacement,1765556244.5361,694.2113709449768,True
501,1,66,RightResponse,1765556245.3068304,694.9821012020111,False
502,1,67,FeedbackPeriodStarted,1765556245.3341556,695.0094244480133,False
503,1,67,startFixDisplay,1765556245.3342247,695.0094931125641,False
504,1,67,startFixPeriod,1765556245.5007455,695.1760172843933,False
505,1,67,TargetPresentation,1765556246.5416453,696.2169148921967,False
506,1,67,TargetDisplacement,1765556246.5485678,696.2238373756409,True
507,1,67,LeftResponse,1765556247.7910335,697.4663047790527,False
508,1,68,FeedbackPeriodStarted,1765556247.8113575,697.4866292476654,False
509,1,68,startFixDisplay,1765556247.8114974,697.4867677688599,False
510,1,68,startFixPeriod,1765556247.9781246,697.6533954143524,False
511,1,68,TargetPresentation,1765556249.0467474,698.7220194339752,False
512,1,68,TargetDisplacement,1765556249.185298,698.8605692386627,True
513,1,68,RightResponse,1765556249.8658676,699.5411386489868,False
514,1,69,FeedbackPeriodStarted,1765556249.8862417,699.5615136623383,False
515,1,69,startFixDisplay,1765556249.8863742,699.5616450309753,False
516,1,69,startFixPeriod,1765556250.1153011,699.79057264328,False
517,1,69,TargetPresentation,1765556250.8785374,700.553807258606,False
518,1,69,TargetDisplacement,1765556250.9963894,700.6716606616974,True
519,1,69,LeftResponse,1765556252.5511243,702.2263929843903,False
520,1,70,FeedbackPeriodStarted,1765556252.5645378,702.2398068904877,False
521,1,70,startFixDisplay,1765556252.5646005,702.2398688793182,False
522,1,70,startFixPeriod,1765556252.7313936,702.4066636562347,False
523,1,70,TargetPresentation,1765556253.8623934,703.5376653671265,False
524,1,70,TargetDisplacement,1765556254.0079336,703.6832051277161,True
525,1,70,RightResponse,1765556254.7924917,704.4677631855011,False
526,1,71,FeedbackPeriodStarted,1765556254.8130946,704.4883658885956,False
527,1,71,startFixDisplay,1765556254.8132167,704.488486289978,False
528,1,71,startFixPeriod,1765556254.9864755,704.6617448329926,False
529,1,71,TargetPresentation,1765556255.555463,705.2307333946228,False
530,1,71,TargetRemoval,1765556255.6941519,705.3694207668304,True
531,1,71,TargetReappeared,1765556255.944131,705.6194031238556,False
532,1,71,RightResponse,1765556256.5272288,706.2025005817413,False
533,1,72,FeedbackPeriodStarted,1765556256.5477824,706.2230541706085,False
534,1,72,startFixDisplay,1765556256.5479176,706.2231879234314,False
535,1,72,startFixPeriod,1765556256.7698848,706.4451565742493,False
536,1,72,TargetPresentation,1765556257.6093738,707.2846429347992,False
537,1,72,TargetRemoval,1765556257.748157,707.4234256744385,True
538,1,72,TargetReappeared,1765556257.9980886,707.6733593940735,False
539,1,72,RightResponse,1765556258.622609,708.2978785037994,False
540,1,72,FeedbackPeriodStarted,1765556258.6294892,708.3047606945038,False
541,1,73,startFixDisplay,1765556260.6347392,710.3100106716156,False
542,1,73,startFixPeriod,1765556260.64173,710.3170020580292,False
543,1,73,TargetPresentation,1765556261.710415,711.3856840133667,False
544,1,73,TargetRemoval,1765556261.8490715,711.5243430137634,True
545,1,73,TargetReappeared,1765556262.0990403,711.7743122577667,False
546,1,73,LeftResponse,1765556262.6822355,712.3575065135956,False
547,1,74,FeedbackPeriodStarted,1765556262.7025547,712.3778235912323,False
548,1,74,startFixDisplay,1765556262.7026207,712.3778891563416,False
549,1,74,startFixPeriod,1765556263.0219471,712.6972191333771,False
550,1,74,TargetPresentation,1765556263.9377816,713.6130504608154,False
551,1,74,TargetDisplacement,1765556264.0903788,713.7656502723694,True
552,1,74,RightResponse,1765556264.743142,714.4184110164642,False
553,1,75,FeedbackPeriodStarted,1765556264.7565014,714.4317705631256,False
554,1,75,startFixDisplay,1765556264.7565641,714.4318325519562,False
555,1,75,startFixPeriod,1765556264.9232235,714.5984935760498,False
556,1,75,TargetPresentation,1765556265.9710345,715.6463069915771,False
557,1,75,TargetDisplacement,1765556266.1027124,715.7779836654663,True
558,1,75,RightResponse,1765556266.7831316,716.4584004878998,False
559,1,76,FeedbackPeriodStarted,1765556266.7965245,716.4717936515808,False
560,1,76,startFixDisplay,1765556266.7965877,716.4718561172485,False
561,1,76,startFixPeriod,1765556266.96342,716.6386919021606,False
562,1,76,TargetPresentation,1765556268.4344075,718.1096765995026,False
563,1,76,TargetRemoval,1765556268.566103,718.241376876831,True
564,1,76,TargetReappeared,1765556268.8160505,718.4913470745087,False
565,1,76,LeftResponse,1765556269.4201047,719.0953764915466,False
566,1,77,FeedbackPeriodStarted,1765556269.4334748,719.1087467670441,False
567,1,77,startFixDisplay,1765556269.433611,719.1088819503784,False
568,1,77,startFixPeriod,1765556269.8846116,719.5598816871643,False
569,1,77,TargetPresentation,1765556271.1614602,720.836731672287,False
570,1,77,TargetDisplacement,1765556271.3000703,720.9753422737122,True
571,1,77,LeftResponse,1765556272.1055012,721.7807724475861,False
572,1,78,FeedbackPeriodStarted,1765556272.125856,721.8011276721954,False
573,1,78,startFixDisplay,1765556272.1260161,721.801287651062,False
574,1,78,startFixPeriod,1765556272.3896585,722.0649304389954,False
575,1,78,TargetPresentation,1765556273.8676455,723.5429158210754,False
576,1,78,TargetDisplacement,1765556273.999353,723.6746242046356,True
577,1,78,LeftResponse,1765556274.8672087,724.5424785614014,False
578,1,78,FeedbackPeriodStarted,1765556274.880681,724.5559501647949,False
579,1,79,startFixDisplay,1765556276.88605,726.561338186264,False
580,1,79,startFixPeriod,1765556277.3302238,727.0054960250854,False
581,1,79,TargetPresentation,1765556278.7595901,728.4348592758179,False
582,1,79,TargetDisplacement,1765556278.9051647,728.5804333686829,True
583,1,79,RightResponse,1765556280.119855,729.7951240539551,False
584,1,80,FeedbackPeriodStarted,1765556280.1335294,729.8088009357452,False
585,1,80,startFixDisplay,1765556280.1336625,729.8089327812195,False
586,1,80,startFixPeriod,1765556280.2932637,729.9685349464417,False
587,1,80,TargetPresentation,1765556281.028784,730.70405626297,False
588,1,80,TargetDisplacement,1765556281.1672606,730.842529296875,True
589,1,80,LeftResponse,1765556282.2225697,731.8978412151337,False
590,1,81,FeedbackPeriodStarted,1765556282.2360687,731.911337852478,False
591,1,81,startFixDisplay,1765556282.2361374,731.9114060401917,False
592,1,81,startFixPeriod,1765556282.4165974,732.091867685318,False
593,1,81,TargetPresentation,1765556282.9162924,732.5915648937225,False
594,1,81,TargetDisplacement,1765556283.0548217,732.7300930023193,True
595,1,81,LeftResponse,1765556284.2418346,733.9171054363251,False
596,1,82,FeedbackPeriodStarted,1765556284.2622683,733.9375402927399,False
597,1,82,startFixDisplay,1765556284.2624123,733.9376826286316,False
598,1,82,startFixPeriod,1765556284.4427426,734.1180129051208,False
599,1,82,TargetPresentation,1765556285.115894,734.7911639213562,False
600,1,82,TargetDisplacement,1765556285.2406178,734.9158887863159,True
601,1,82,RightResponse,1765556285.9002156,735.5754916667938,False
602,1,83,FeedbackPeriodStarted,1765556285.9206445,735.5959136486053,False
603,1,83,startFixDisplay,1765556285.920708,735.5959763526917,False
604,1,83,startFixPeriod,1765556286.1082225,735.7834947109222,False
605,1,83,TargetPresentation,1765556287.1975749,736.8728468418121,False
606,1,83,TargetDisplacement,1765556287.3640437,737.0393152236938,True
607,1,83,LeftResponse,1765556288.2039332,737.8792033195496,False
608,1,84,FeedbackPeriodStarted,1765556288.224521,737.899792432785,False
609,1,84,startFixDisplay,1765556288.2246115,737.8998799324036,False
610,1,84,startFixPeriod,1765556288.4119012,738.0871729850769,False
611,1,84,TargetPresentation,1765556289.2237732,738.8990449905396,False
612,1,84,TargetDisplacement,1765556289.3694556,739.0447242259979,True
613,1,84,RightResponse,1765556290.0219426,739.6972124576569,False
614,1,84,FeedbackPeriodStarted,1765556290.0287702,739.704039812088,False
615,1,85,startFixDisplay,1765556292.033973,741.7092454433441,False
616,1,85,startFixPeriod,1765556292.040761,741.716029882431,False
617,1,85,TargetPresentation,1765556293.1998854,742.8751575946808,False
618,1,85,TargetDisplacement,1765556293.338456,743.0137271881104,True
619,1,85,LeftResponse,1765556294.2339017,743.9091713428497,False
620,1,86,FeedbackPeriodStarted,1765556294.2475748,743.922844171524,False
621,1,86,startFixDisplay,1765556294.247649,743.9229176044464,False
622,1,86,startFixPeriod,1765556294.435036,744.1103079319,False
623,1,86,TargetPresentation,1765556295.3509405,745.026211977005,False
624,1,86,TargetDisplacement,1765556295.4965103,745.1717793941498,True
625,1,86,RightResponse,1765556296.4959927,746.1712617874146,False
626,1,87,FeedbackPeriodStarted,1765556296.5095778,746.1848468780518,False
627,1,87,startFixDisplay,1765556296.5096414,746.1849098205566,False
628,1,87,startFixPeriod,1765556296.6902504,746.3655211925507,False
629,1,87,TargetPresentation,1765556297.7519088,747.4271810054779,False
630,1,87,TargetRemoval,1765556297.8975616,747.5728332996368,True
631,1,87,TargetReappeared,1765556298.1474307,747.8227024078369,False
632,1,87,LeftResponse,1765556298.7931113,748.4683828353882,False
633,1,88,FeedbackPeriodStarted,1765556298.806481,748.4817526340485,False
634,1,88,startFixDisplay,1765556298.8066926,748.4819655418396,False
635,1,88,startFixPeriod,1765556298.9870849,748.6623573303223,False
636,1,88,TargetPresentation,1765556299.791991,749.4672632217407,False
637,1,88,TargetRemoval,1765556299.9444711,749.6197421550751,True
638,1,88,TargetReappeared,1765556300.1944551,749.869726896286,False
639,1,88,LeftResponse,1765556300.9024985,750.5777695178986,False
640,1,89,FeedbackPeriodStarted,1765556300.9158697,750.5911388397217,False
641,1,89,startFixDisplay,1765556300.9159336,750.5912022590637,False
642,1,89,startFixPeriod,1765556301.1035292,750.7788014411926,False
643,1,89,TargetPresentation,1765556302.4217715,752.0970406532288,False
644,1,89,TargetRemoval,1765556302.560578,752.2358496189117,True
645,1,89,TargetReappeared,1765556302.8104253,752.485696554184,False
646,1,89,LeftResponse,1765556303.3797781,753.0550484657288,False
647,1,90,FeedbackPeriodStarted,1765556303.400172,753.0754435062408,False
648,1,90,startFixDisplay,1765556303.4003196,753.0755898952484,False
649,1,90,startFixPeriod,1765556303.6015809,753.2768528461456,False
650,1,90,TargetPresentation,1765556304.7950492,754.4703450202942,False
651,1,90,TargetRemoval,1765556304.9337602,754.6090319156647,True
652,1,90,TargetReappeared,1765556305.1835637,754.8588337898254,False
653,1,90,LeftResponse,1765556305.752848,755.428117275238,False
654,1,90,FeedbackPeriodStarted,1765556305.7595754,755.4348473548889,False
655,1,91,startFixDisplay,1765556307.764813,757.4400854110718,False
656,1,91,startFixPeriod,1765556307.9870162,757.6622879505157,False
657,1,91,TargetPresentation,1765556308.5074465,758.1827158927917,False
658,1,91,TargetDisplacement,1765556308.6599307,758.3352019786835,True
659,1,91,LeftResponse,1765556309.5553887,759.2306575775146,False
660,1,92,FeedbackPeriodStarted,1765556309.5688684,759.2441372871399,False
661,1,92,startFixDisplay,1765556309.5689318,759.2442002296448,False
662,1,92,startFixPeriod,1765556309.7425933,759.4178652763367,False
663,1,92,TargetPresentation,1765556310.9915524,760.6668229103088,False
664,1,92,TargetDisplacement,1765556311.1163673,760.7916390895844,True
665,1,92,LeftResponse,1765556312.6918468,762.3671171665192,False
666,1,93,FeedbackPeriodStarted,1765556312.7124813,762.3877520561218,False
667,1,93,startFixDisplay,1765556312.712595,762.3878643512726,False
668,1,93,startFixPeriod,1765556312.8999279,762.575199842453,False
669,1,93,TargetPresentation,1765556314.3293312,764.0046033859253,False
670,1,93,TargetDisplacement,1765556314.4817054,764.1569740772247,True
671,1,93,RightResponse,1765556315.1206512,764.7959220409393,False
672,1,94,FeedbackPeriodStarted,1765556315.1339755,764.8092448711395,False
673,1,94,startFixDisplay,1765556315.1340415,764.8093099594116,False
674,1,94,startFixPeriod,1765556315.3285482,765.0038175582886,False
675,1,94,TargetPresentation,1765556316.6331286,766.3084032535553,False
676,1,94,TargetDisplacement,1765556316.771689,766.4469604492188,True
677,1,94,LeftResponse,1765556317.535493,767.210764169693,False
678,1,95,FeedbackPeriodStarted,1765556317.555837,767.2311086654663,False
679,1,95,startFixDisplay,1765556317.555979,767.231249332428,False
680,1,95,startFixPeriod,1765556317.7293205,767.4045922756195,False
681,1,95,TargetPresentation,1765556318.9923515,768.6676235198975,False
682,1,95,TargetDisplacement,1765556319.13786,768.8131313323975,True
683,1,95,LeftResponse,1765556320.1235397,769.7988085746765,False
684,1,96,FeedbackPeriodStarted,1765556320.1441143,769.8193862438202,False
685,1,96,startFixDisplay,1765556320.1442611,769.8195316791534,False
686,1,96,startFixPeriod,1765556320.3802598,770.0555326938629,False
687,1,96,TargetPresentation,1765556321.566728,771.2419996261597,False
688,1,96,TargetDisplacement,1765556321.6985264,771.3737983703613,True
689,1,96,RightResponse,1765556322.649407,772.3246760368347,False
690,1,96,FeedbackPeriodStarted,1765556322.6562521,772.3315238952637,False
691,1,97,startFixDisplay,1765556324.6752853,774.3505575656891,False
692,1,97,startFixPeriod,1765556324.682187,774.3574583530426,False
693,1,97,TargetPresentation,1765556325.7300513,775.4053361415863,False
694,1,97,TargetRemoval,1765556325.7369847,775.4122562408447,True
695,1,97,TargetReappeared,1765556325.9869332,775.6622047424316,False
696,1,97,LeftResponse,1765556326.5423496,776.2176215648651,False
697,1,98,FeedbackPeriodStarted,1765556326.5627184,776.2379901409149,False
698,1,98,startFixDisplay,1765556326.5628653,776.2381358146667,False
699,1,98,startFixPeriod,1765556327.0277162,776.7029864788055,False
700,1,98,TargetPresentation,1765556327.791097,777.4663691520691,False
701,1,98,TargetRemoval,1765556327.9436314,777.618902683258,True
702,1,98,TargetReappeared,1765556328.193473,777.8687434196472,False
703,1,98,LeftResponse,1765556329.2138402,778.8891115188599,False
704,1,99,FeedbackPeriodStarted,1765556329.234276,778.9095480442047,False
705,1,99,startFixDisplay,1765556329.234428,778.9096982479095,False
706,1,99,startFixPeriod,1765556329.4217346,779.0970079898834,False
707,1,99,TargetPresentation,1765556330.4903767,780.1656489372253,False
708,1,99,TargetRemoval,1765556330.6221266,780.297397851944,True
709,1,99,TargetReappeared,1765556330.8719661,780.5472376346588,False
710,1,99,LeftResponse,1765556331.6981752,781.3734545707703,False
711,1,100,FeedbackPeriodStarted,1765556331.71845,781.3937220573425,False
712,1,100,startFixDisplay,1765556331.7185862,781.3938567638397,False
713,1,100,startFixPeriod,1765556332.356971,782.032243013382,False
714,1,100,TargetPresentation,1765556333.8349962,783.5102684497833,False
715,1,100,TargetDisplacement,1765556333.9874237,783.6626923084259,True
716,1,100,LeftResponse,1765556335.327256,785.0025365352631,False
717,1,101,FeedbackPeriodStarted,1765556335.354541,785.0298128128052,False
718,1,101,startFixDisplay,1765556335.3546793,785.029947757721,False
719,1,101,startFixPeriod,1765556335.5281487,785.2034204006195,False
720,1,101,TargetPresentation,1765556336.9366858,786.6119563579559,False
721,1,101,TargetDisplacement,1765556337.1308312,786.8061027526855,True
722,1,101,RightResponse,1765556337.9362462,787.6115176677704,False
723,1,102,FeedbackPeriodStarted,1765556337.956756,787.6320283412933,False
724,1,102,startFixDisplay,1765556337.9568937,787.632164478302,False
725,1,102,startFixPeriod,1765556338.144172,787.8194437026978,False
726,1,102,TargetPresentation,1765556339.2683008,788.9435725212097,False
727,1,102,TargetRemoval,1765556339.4346936,789.1099655628204,True
728,1,102,TargetReappeared,1765556339.6846051,789.3598771095276,False
729,1,102,RightResponse,1765556340.3578806,790.0331506729126,False
730,1,102,FeedbackPeriodStarted,1765556340.3646162,790.0398862361908,False
731,1,103,startFixDisplay,1765556342.3699083,792.0451807975769,False
732,1,103,startFixPeriod,1765556342.7030818,792.3783533573151,False
733,1,103,TargetPresentation,1765556343.2026765,792.8779482841492,False
734,1,103,TargetRemoval,1765556343.2096088,792.8848803043365,True
735,1,103,TargetReappeared,1765556343.4594119,793.1346817016602,False
736,1,103,LeftResponse,1765556344.556322,794.2315950393677,False
737,1,104,FeedbackPeriodStarted,1765556344.576563,794.2518365383148,False
738,1,104,startFixDisplay,1765556344.5767148,794.2519850730896,False
739,1,104,startFixPeriod,1765556344.7501047,794.4253768920898,False
740,1,104,TargetPresentation,1765556345.6243567,795.2996287345886,False
741,1,104,TargetDisplacement,1765556345.776964,795.4522352218628,True
742,1,104,RightResponse,1765556346.8248224,796.5000913143158,False
743,1,105,FeedbackPeriodStarted,1765556346.83851,796.5137791633606,False
744,1,105,startFixDisplay,1765556346.8385725,796.5138409137726,False
745,1,105,startFixPeriod,1765556347.012274,796.6875457763672,False
746,1,105,TargetPresentation,1765556347.6089458,797.2842166423798,False
747,1,105,TargetDisplacement,1765556347.7893026,797.4645745754242,True
748,1,105,RightResponse,1765556348.7402751,798.4155464172363,False
749,1,106,FeedbackPeriodStarted,1765556348.7677298,798.4430017471313,False
750,1,106,startFixDisplay,1765556348.7678754,798.4431457519531,False
751,1,106,startFixPeriod,1765556348.9343069,798.6095786094666,False
752,1,106,TargetPresentation,1765556349.5380917,799.2133643627167,False
753,1,106,TargetRemoval,1765556349.676664,799.3519325256348,True
754,1,106,TargetReappeared,1765556349.9266572,799.6019299030304,False
755,1,106,LeftResponse,1765556350.7665272,800.4417984485626,False
756,1,107,FeedbackPeriodStarted,1765556350.786975,800.4622473716736,False
757,1,107,startFixDisplay,1765556350.7872033,800.462474822998,False
758,1,107,startFixPeriod,1765556350.9675293,800.64280128479,False
759,1,107,TargetPresentation,1765556352.0083468,801.6836171150208,False
760,1,107,TargetDisplacement,1765556352.1887896,801.8640611171722,True
761,1,107,LeftResponse,1765556353.4241416,803.0994112491608,False
762,1,108,FeedbackPeriodStarted,1765556353.4445891,803.1198604106903,False
763,1,108,startFixDisplay,1765556353.4447303,803.1200006008148,False
764,1,108,startFixPeriod,1765556353.625215,803.3004865646362,False
765,1,108,TargetPresentation,1765556354.2774348,803.9527041912079,False
766,1,108,TargetDisplacement,1765556354.4437382,804.1190068721771,True
767,1,108,LeftResponse,1765556355.651657,805.3269290924072,False
768,1,108,FeedbackPeriodStarted,1765556355.665228,805.3404996395111,False
769,1,109,startFixDisplay,1765556357.6704,807.3456687927246,False
770,1,109,startFixPeriod,1765556357.7955022,807.4707736968994,False
771,1,109,TargetPresentation,1765556358.3576062,808.0328779220581,False
772,1,109,TargetRemoval,1765556358.4963398,808.1716115474701,True
773,1,109,TargetReappeared,1765556358.7462292,808.4215009212494,False
774,1,109,RightResponse,1765556358.9685307,808.6438007354736,False
775,1,110,FeedbackPeriodStarted,1765556358.9889133,808.6641848087311,False
776,1,110,startFixDisplay,1765556358.9890752,808.6643459796906,False
777,1,110,startFixPeriod,1765556359.5511475,809.226419210434,False
778,1,110,TargetPresentation,1765556360.0715928,809.7468621730804,False
779,1,110,TargetDisplacement,1765556360.2101822,809.8854532241821,True
780,1,110,LeftResponse,1765556361.3693597,811.0446307659149,False
781,1,111,FeedbackPeriodStarted,1765556361.389813,811.0650844573975,False
782,1,111,startFixDisplay,1765556361.389904,811.0651724338531,False
783,1,111,startFixPeriod,1765556361.5911646,811.2664365768433,False
784,1,111,TargetPresentation,1765556362.9443276,812.6195995807648,False
785,1,111,TargetRemoval,1765556363.110722,812.7859907150269,True
786,1,111,TargetReappeared,1765556363.3606093,813.0358810424805,False
787,1,111,LeftResponse,1765556364.2838595,813.9591295719147,False
788,1,112,FeedbackPeriodStarted,1765556364.3042798,813.9795522689819,False
789,1,112,startFixDisplay,1765556364.3044271,813.9796977043152,False
790,1,112,startFixPeriod,1765556364.4847822,814.1600525379181,False
791,1,112,TargetPresentation,1765556365.9349782,815.6102476119995,False
792,1,112,TargetRemoval,1765556366.0876436,815.7629153728485,True
793,1,112,TargetReappeared,1765556366.337476,816.0127458572388,False
794,1,112,LeftResponse,1765556366.983001,816.6582701206207,False
795,1,113,FeedbackPeriodStarted,1765556367.0035858,816.6788575649261,False
796,1,113,startFixDisplay,1765556367.0037284,816.678998708725,False
797,1,113,startFixPeriod,1765556367.2881927,816.9634644985199,False
798,1,113,TargetPresentation,1765556368.5441663,818.2194399833679,False
799,1,113,TargetDisplacement,1765556368.6897929,818.3650643825531,True
800,1,113,LeftResponse,1765556369.4464703,819.1217415332794,False
801,1,114,FeedbackPeriodStarted,1765556369.4668174,819.1420862674713,False
802,1,114,startFixDisplay,1765556369.4668808,819.1421492099762,False
803,1,114,startFixPeriod,1765556369.9319167,819.6071872711182,False
804,1,114,TargetPresentation,1765556371.0838826,820.7591545581818,False
805,1,114,TargetDisplacement,1765556371.2154887,820.8907599449158,True
806,1,114,LeftResponse,1765556371.986138,821.6614096164703,False
807,1,114,FeedbackPeriodStarted,1765556371.9927301,821.6680018901825,False
808,1,115,startFixDisplay,1765556373.9979746,823.6732437610626,False
809,1,115,startFixPeriod,1765556374.199438,823.8747091293335,False
810,1,115,TargetPresentation,1765556374.8101244,824.4853966236115,False
811,1,115,TargetRemoval,1765556374.9696286,824.6449000835419,True
812,1,115,TargetReappeared,1765556375.2195466,824.8948187828064,False
813,1,115,LeftResponse,1765556375.9483297,825.6236000061035,False
814,1,116,FeedbackPeriodStarted,1765556375.9688272,825.6440989971161,False
815,1,116,startFixDisplay,1765556375.968968,825.6442384719849,False
816,1,116,startFixPeriod,1765556376.2118068,825.887079000473,False
817,1,116,TargetPresentation,1765556376.8016214,826.4768931865692,False
818,1,116,TargetDisplacement,1765556376.808547,826.4838190078735,True
819,1,116,LeftResponse,1765556378.16198,827.8372523784637,False
820,1,117,FeedbackPeriodStarted,1765556378.1823719,827.85764336586,False
821,1,117,startFixDisplay,1765556378.1825135,827.8577835559845,False
822,1,117,startFixPeriod,1765556378.3489707,828.0242414474487,False
823,1,117,TargetPresentation,1765556379.7853158,829.4605851173401,False
824,1,117,TargetRemoval,1765556379.9239972,829.5992660522461,True
825,1,117,TargetReappeared,1765556380.1738808,829.8491501808167,False
826,1,117,RightResponse,1765556380.7849374,830.4602072238922,False
827,1,118,FeedbackPeriodStarted,1765556380.8053389,830.4806087017059,False
828,1,118,startFixDisplay,1765556380.805426,830.4806950092316,False
829,1,118,startFixPeriod,1765556381.0136409,830.6889159679413,False
830,1,118,TargetPresentation,1765556381.9711902,831.6464612483978,False
831,1,118,TargetDisplacement,1765556382.1931047,831.8683757781982,True
832,1,118,LeftResponse,1765556382.9497797,832.6250500679016,False
833,1,119,FeedbackPeriodStarted,1765556382.9702702,832.6455419063568,False
834,1,119,startFixDisplay,1765556382.9704115,832.6456818580627,False
835,1,119,startFixPeriod,1765556383.1508117,832.8260827064514,False
836,1,119,TargetPresentation,1765556384.538648,834.2139179706573,False
837,1,119,TargetDisplacement,1765556384.6842425,834.3595139980316,True
838,1,119,RightResponse,1765556385.4826548,835.1579246520996,False
839,1,120,FeedbackPeriodStarted,1765556385.5029948,835.1782639026642,False
840,1,120,startFixDisplay,1765556385.5030708,835.1783392429352,False
841,1,120,startFixPeriod,1765556385.683579,835.3588497638702,False
842,1,120,TargetPresentation,1765556386.495367,836.1706387996674,False
843,1,120,TargetDisplacement,1765556386.6479242,836.3231928348541,True
844,1,120,FeedbackPeriodStarted,1765556388.6603603,838.3356325626373,False
845,1,121,startFixDisplay,1765556391.1653128,840.8405847549438,False
846,1,121,startFixPeriod,1765556391.1722414,840.8475124835968,False
847,1,121,TargetPresentation,1765556392.6642013,842.3394730091095,False
848,1,121,TargetDisplacement,1765556392.8306859,842.505957365036,True
849,1,121,RightResponse,1765556393.8513134,843.5265853404999,False
850,1,122,FeedbackPeriodStarted,1765556393.871606,843.546877861023,False
851,1,122,startFixDisplay,1765556393.8717544,843.5470247268677,False
852,1,122,startFixPeriod,1765556394.1908906,843.8661625385284,False
853,1,122,TargetPresentation,1765556395.5161965,845.1914675235748,False
854,1,122,TargetRemoval,1765556395.6686394,845.3439083099365,True
855,1,122,TargetReappeared,1765556395.918706,845.5939779281616,False
856,1,122,RightResponse,1765556396.70309,846.3783617019653,False
857,1,123,FeedbackPeriodStarted,1765556396.723542,846.3988137245178,False
858,1,123,startFixDisplay,1765556396.7236848,846.3989551067352,False
859,1,123,startFixPeriod,1765556396.9248216,846.6000933647156,False
860,1,123,TargetPresentation,1765556398.2363849,847.9116590023041,False
861,1,123,TargetDisplacement,1765556398.3749733,848.0502445697784,True
862,1,123,RightResponse,1765556399.270534,848.9458057880402,False
863,1,124,FeedbackPeriodStarted,1765556399.2908633,848.9661321640015,False
864,1,124,startFixDisplay,1765556399.2909267,848.9661951065063,False
865,1,124,startFixPeriod,1765556399.4853547,849.1606268882751,False
866,1,124,TargetPresentation,1765556400.1791945,849.8544635772705,False
867,1,124,TargetDisplacement,1765556400.3456585,850.0209300518036,True
868,1,124,LeftResponse,1765556401.490952,851.166220664978,False
869,1,125,FeedbackPeriodStarted,1765556401.5046055,851.1798775196075,False
870,1,125,startFixDisplay,1765556401.5048316,851.1801023483276,False
871,1,125,startFixPeriod,1765556401.6711688,851.3464407920837,False
872,1,125,TargetPresentation,1765556402.358114,852.0333859920502,False
873,1,125,TargetDisplacement,1765556402.482843,852.158111333847,True
874,1,125,LeftResponse,1765556403.3646483,853.039920091629,False
875,1,126,FeedbackPeriodStarted,1765556403.3850052,853.0602767467499,False
876,1,126,startFixDisplay,1765556403.3853023,853.0605747699738,False
877,1,126,startFixPeriod,1765556403.5655475,853.2408194541931,False
878,1,126,TargetPresentation,1765556404.7729414,854.4482131004333,False
879,1,126,TargetRemoval,1765556404.897565,854.5728335380554,True
880,1,126,TargetReappeared,1765556405.1477253,854.822998046875,False
881,1,126,RightResponse,1765556405.8625886,855.537859916687,False
882,1,126,FeedbackPeriodStarted,1765556405.8692133,855.5444853305817,False
883,1,127,startFixDisplay,1765556407.8745408,857.5498130321503,False
884,1,127,startFixPeriod,1765556407.8815207,857.5567920207977,False
885,1,127,TargetPresentation,1765556408.7142854,858.3895573616028,False
886,1,127,TargetDisplacement,1765556408.8598235,858.5350921154022,True
887,1,127,RightResponse,1765556409.6859734,859.3612427711487,False
888,1,128,FeedbackPeriodStarted,1765556409.7064934,859.381765127182,False
889,1,128,startFixDisplay,1765556409.7066357,859.3819060325623,False
890,1,128,startFixPeriod,1765556409.880268,859.5555510520935,False
891,1,128,TargetPresentation,1765556410.4213326,860.0966045856476,False
892,1,128,TargetDisplacement,1765556410.594636,860.2699046134949,True
893,1,128,RightResponse,1765556411.4761324,861.1514015197754,False
894,1,129,FeedbackPeriodStarted,1765556411.490138,861.1654105186462,False
895,1,129,startFixDisplay,1765556411.4902754,861.1655457019806,False
896,1,129,startFixPeriod,1765556411.7397602,861.4150314331055,False
897,1,129,TargetPresentation,1765556412.7944913,862.4697608947754,False
898,1,129,TargetDisplacement,1765556412.9469008,862.6221692562103,True
899,1,129,LeftResponse,1765556413.6760185,863.3512887954712,False
900,1,130,FeedbackPeriodStarted,1765556413.6963036,863.3715724945068,False
901,1,130,startFixDisplay,1765556413.6963868,863.3716559410095,False
902,1,130,startFixPeriod,1765556413.925556,863.6008276939392,False
903,1,130,TargetPresentation,1765556414.4389462,864.1142160892487,False
904,1,130,TargetRemoval,1765556414.5915613,864.2668328285217,True
905,1,130,TargetReappeared,1765556414.841471,864.5167407989502,False
906,1,130,RightResponse,1765556415.5079947,865.1832661628723,False
907,1,131,FeedbackPeriodStarted,1765556415.5283546,865.2036266326904,False
908,1,131,startFixDisplay,1765556415.5284922,865.2037627696991,False
909,1,131,startFixPeriod,1765556415.7019446,865.3772165775299,False
910,1,131,TargetPresentation,1765556416.895554,866.5708258152008,False
911,1,131,TargetDisplacement,1765556417.027273,866.7025451660156,True
912,1,131,LeftResponse,1765556418.040602,867.7158715724945,False
913,1,131,FeedbackPeriodStarted,1765556418.0749567,867.7502286434174,False
914,2,132,startFixDisplay,1765556528.954005,978.629273891449,False
915,2,132,startFixPeriod,1765556531.9034057,981.578676700592,False
916,2,132,TargetPresentation,1765556533.2911565,982.9664266109467,False
917,2,132,TargetDisplacement,1765556533.4367168,983.111988067627,True
918,2,132,RightResponse,1765556534.19331,983.868579864502,False
919,2,133,FeedbackPeriodStarted,1765556534.2139285,983.8891975879669,False
920,2,133,startFixDisplay,1765556534.2139976,983.8892657756805,False
921,2,133,startFixPeriod,1765556534.3736174,984.0488882064819,False
922,2,133,TargetPresentation,1765556535.844668,985.5199387073517,False
923,2,133,TargetDisplacement,1765556535.9694836,985.6447520256042,True
924,2,133,LeftResponse,1765556536.7746768,986.4499468803406,False
925,2,134,FeedbackPeriodStarted,1765556536.7951264,986.470395565033,False
926,2,134,startFixDisplay,1765556536.795191,986.4704594612122,False
927,2,134,startFixPeriod,1765556536.9826767,986.6579487323761,False
928,2,134,TargetPresentation,1765556538.1207542,987.7960259914398,False
929,2,134,TargetDisplacement,1765556538.2662613,987.9415328502655,True
930,2,134,RightResponse,1765556539.078429,988.7536981105804,False
931,2,135,FeedbackPeriodStarted,1765556539.0990767,988.7743496894836,False
932,2,135,startFixDisplay,1765556539.0992312,988.7745018005371,False
933,2,135,startFixPeriod,1765556539.2656832,988.9409549236298,False
934,2,135,TargetPresentation,1765556539.7999895,989.475261926651,False
935,2,135,TargetRemoval,1765556539.9386034,989.613874912262,True
936,2,135,TargetReappeared,1765556540.188575,989.8638472557068,False
937,2,135,RightResponse,1765556540.882674,990.557944059372,False
938,2,136,FeedbackPeriodStarted,1765556540.9031625,990.5784311294556,False
939,2,136,startFixDisplay,1765556540.903226,990.578494310379,False
940,2,136,startFixPeriod,1765556541.2085826,990.8838531970978,False
941,2,136,TargetPresentation,1765556541.95801,991.6332793235779,False
942,2,136,TargetRemoval,1765556542.0966835,991.771956205368,True
943,2,136,TargetReappeared,1765556542.3466225,992.021894454956,False
944,2,136,LeftResponse,1765556543.0753567,992.7506260871887,False
945,2,137,FeedbackPeriodStarted,1765556543.0959647,992.7712364196777,False
946,2,137,startFixDisplay,1765556543.0962746,992.7715585231781,False
947,2,137,startFixPeriod,1765556543.2833629,992.9586343765259,False
948,2,137,TargetPresentation,1765556544.490751,994.166023015976,False
949,2,137,TargetRemoval,1765556544.6293855,994.3046541213989,True
950,2,137,TargetReappeared,1765556544.8793936,994.5546653270721,False
951,2,137,LeftResponse,1765556545.6223512,995.2976226806641,False
952,2,138,FeedbackPeriodStarted,1765556545.6495957,995.3248691558838,False
953,2,138,startFixDisplay,1765556545.6497524,995.3250226974487,False
954,2,138,startFixPeriod,1765556545.8369331,995.5122046470642,False
955,2,138,TargetPresentation,1765556546.5031033,996.178375005722,False
956,2,138,TargetRemoval,1765556546.6347947,996.3100664615631,True
957,2,138,TargetReappeared,1765556546.8847947,996.5600666999817,False
958,2,138,LeftResponse,1765556547.6830814,997.3583533763885,False
959,2,138,FeedbackPeriodStarted,1765556547.6895587,997.3648307323456,False
960,2,139,startFixDisplay,1765556549.6949685,999.3702402114868,False
961,2,139,startFixPeriod,1765556550.1808202,999.8560917377472,False
962,2,139,TargetPresentation,1765556551.1731806,1000.848452091217,False
963,2,139,TargetDisplacement,1765556551.3256228,1001.0008940696716,True
964,2,139,LeftResponse,1765556552.4639661,1002.1392364501953,False
965,2,140,FeedbackPeriodStarted,1765556552.4844236,1002.1596927642822,False
966,2,140,startFixDisplay,1765556552.4844875,1002.1597557067871,False
967,2,140,startFixPeriod,1765556552.6581135,1002.3333859443665,False
968,2,140,TargetPresentation,1765556553.8307621,1003.5060343742371,False
969,2,140,TargetRemoval,1765556553.9625423,1003.637814283371,True
970,2,140,TargetReappeared,1765556554.212353,1003.8876225948334,False
971,2,140,RightResponse,1765556554.7125185,1004.3877904415131,False
972,2,141,FeedbackPeriodStarted,1765556554.732731,1004.4080033302307,False
973,2,141,startFixDisplay,1765556554.7328844,1004.4081547260284,False
974,2,141,startFixPeriod,1765556554.982536,1004.6578052043915,False
975,2,141,TargetPresentation,1765556556.0790095,1005.7542812824249,False
976,2,141,TargetDisplacement,1765556556.2106857,1005.8859570026398,True
977,2,141,LeftResponse,1765556557.0022607,1006.6775319576263,False
978,2,142,FeedbackPeriodStarted,1765556557.0226297,1006.6979014873505,False
979,2,142,startFixDisplay,1765556557.022771,1006.6980414390564,False
980,2,142,startFixPeriod,1765556557.2031398,1006.8784091472626,False
981,2,142,TargetPresentation,1765556558.5770967,1008.2523691654205,False
982,2,142,TargetRemoval,1765556558.7156818,1008.3909528255463,True
983,2,142,TargetReappeared,1765556558.9656813,1008.6409530639648,False
984,2,142,LeftResponse,1765556559.7638123,1009.4390821456909,False
985,2,143,FeedbackPeriodStarted,1765556559.784393,1009.4596648216248,False
986,2,143,startFixDisplay,1765556559.7845328,1009.4598033428192,False
987,2,143,startFixPeriod,1765556559.971825,1009.6470971107483,False
988,2,143,TargetPresentation,1765556560.8877745,1010.5630464553833,False
989,2,143,TargetRemoval,1765556561.047222,1010.722493648529,True
990,2,143,TargetReappeared,1765556561.2972836,1010.972555398941,False
991,2,143,RightResponse,1765556561.984836,1011.6601076126099,False
992,2,144,FeedbackPeriodStarted,1765556562.0047016,1011.679970741272,False
993,2,144,startFixDisplay,1765556562.0047839,1011.6800525188446,False
994,2,144,startFixPeriod,1765556562.2686512,1011.9439232349396,False
995,2,144,TargetPresentation,1765556563.5801601,1013.2554323673248,False
996,2,144,TargetDisplacement,1765556563.7256882,1013.4009592533112,True
997,2,144,LeftResponse,1765556564.8017306,1014.4770021438599,False
998,2,144,FeedbackPeriodStarted,1765556564.815219,1014.4904880523682,False
999,2,145,startFixDisplay,1765556566.8203788,1016.4956481456757,False
1000,2,145,startFixPeriod,1765556566.876165,1016.5514364242554,False
1001,2,145,TargetPresentation,1765556568.0765684,1017.7518377304077,False
1002,2,145,TargetDisplacement,1765556568.2222013,1017.8974723815918,True
1003,2,145,RightResponse,1765556569.4229662,1019.098237991333,False
1004,2,146,FeedbackPeriodStarted,1765556569.443383,1019.1186521053314,False
1005,2,146,startFixDisplay,1765556569.4434462,1019.1187145709991,False
1006,2,146,startFixPeriod,1765556569.6240487,1019.2993533611298,False
1007,2,146,TargetPresentation,1765556570.7342076,1020.4094774723053,False
1008,2,146,TargetDisplacement,1765556570.921569,1020.5968406200409,True
1009,2,146,RightResponse,1765556572.2751262,1021.9503979682922,False
1010,2,147,FeedbackPeriodStarted,1765556572.2954328,1021.9707043170929,False
1011,2,147,startFixDisplay,1765556572.2955685,1021.9708387851715,False
1012,2,147,startFixPeriod,1765556572.8437648,1022.5190365314484,False
1013,2,147,TargetPresentation,1765556573.4265733,1023.1018450260162,False
1014,2,147,TargetRemoval,1765556573.5652738,1023.2405452728271,True
1015,2,147,TargetReappeared,1765556573.8152487,1023.4905204772949,False
1016,2,147,LeftResponse,1765556574.488616,1024.1638870239258,False
1017,2,148,FeedbackPeriodStarted,1765556574.50907,1024.1843419075012,False
1018,2,148,startFixDisplay,1765556574.5092227,1024.184493303299,False
1019,2,148,startFixPeriod,1765556574.7034638,1024.3787360191345,False
1020,2,148,TargetPresentation,1765556576.0704362,1025.7457082271576,False
1021,2,148,TargetDisplacement,1765556576.0773795,1025.7526516914368,True
1022,2,148,LeftResponse,1765556577.0491602,1026.7244317531586,False
1023,2,149,FeedbackPeriodStarted,1765556577.0695486,1026.7448179721832,False
1024,2,149,startFixDisplay,1765556577.0696087,1026.7448768615723,False
1025,2,149,startFixPeriod,1765556577.3194132,1026.994684457779,False
1026,2,149,TargetPresentation,1765556578.3672183,1028.042489528656,False
1027,2,149,TargetRemoval,1765556578.5127542,1028.1880226135254,True
1028,2,149,TargetReappeared,1765556578.7627249,1028.4379963874817,False
1029,2,149,LeftResponse,1765556579.3387573,1029.0140264034271,False
1030,2,150,FeedbackPeriodStarted,1765556579.359422,1029.0346930027008,False
1031,2,150,startFixDisplay,1765556579.359565,1029.034835100174,False
1032,2,150,startFixPeriod,1765556580.0810142,1029.756284236908,False
1033,2,150,TargetPresentation,1765556580.9207087,1030.5959777832031,False
1034,2,150,TargetDisplacement,1765556581.0663218,1030.741590976715,True
1035,2,150,LeftResponse,1765556582.1148193,1031.790090560913,False
1036,2,150,FeedbackPeriodStarted,1765556582.1282096,1031.8034808635712,False
1037,2,151,startFixDisplay,1765556584.133441,1033.8087122440338,False
1038,2,151,startFixPeriod,1765556585.2437887,1034.9190592765808,False
1039,2,151,TargetPresentation,1765556586.326241,1036.0015103816986,False
1040,2,151,TargetDisplacement,1765556586.471898,1036.1471693515778,True
1041,2,151,RightResponse,1765556587.3328495,1037.0081202983856,False
1042,2,152,FeedbackPeriodStarted,1765556587.353235,1037.0285065174103,False
1043,2,152,startFixDisplay,1765556587.3533742,1037.0286440849304,False
1044,2,152,startFixPeriod,1765556587.5203953,1037.1956691741943,False
1045,2,152,TargetPresentation,1765556588.0611463,1037.7364177703857,False
1046,2,152,TargetDisplacement,1765556588.2136483,1037.888919353485,True
1047,2,152,RightResponse,1765556589.0259855,1038.701256275177,False
1048,2,153,FeedbackPeriodStarted,1765556589.046303,1038.7215719223022,False
1049,2,153,startFixDisplay,1765556589.0463636,1038.7216317653656,False
1050,2,153,startFixPeriod,1765556589.213101,1038.8883728981018,False
1051,2,153,TargetPresentation,1765556589.9485123,1039.6237814426422,False
1052,2,153,TargetDisplacement,1765556590.0871906,1039.762461423874,True
1053,2,153,LeftResponse,1765556591.3643563,1041.0396265983582,False
1054,2,154,FeedbackPeriodStarted,1765556591.3848927,1041.0601649284363,False
1055,2,154,startFixDisplay,1765556591.3850381,1041.0603082180023,False
1056,2,154,startFixPeriod,1765556591.5653334,1041.2406046390533,False
1057,2,154,TargetPresentation,1765556592.432661,1042.107929944992,False
1058,2,154,TargetDisplacement,1765556592.5782654,1042.2535364627838,True
1059,2,154,LeftResponse,1765556593.362793,1043.0380630493164,False
1060,2,155,FeedbackPeriodStarted,1765556593.3831158,1043.0583846569061,False
1061,2,155,startFixDisplay,1765556593.3831778,1043.058445930481,False
1062,2,155,startFixPeriod,1765556593.5776415,1043.2529110908508,False
1063,2,155,TargetPresentation,1765556594.6601763,1044.335448026657,False
1064,2,155,TargetRemoval,1765556594.7989452,1044.474217414856,True
1065,2,155,TargetReappeared,1765556595.0487354,1044.7240071296692,False
1066,2,155,RightResponse,1765556595.6873283,1045.3625979423523,False
1067,2,156,FeedbackPeriodStarted,1765556595.7078648,1045.383136510849,False
1068,2,156,startFixDisplay,1765556595.7080128,1045.3832831382751,False
1069,2,156,startFixPeriod,1765556595.9300468,1045.605318069458,False
1070,2,156,TargetPresentation,1765556597.1650882,1046.8403582572937,False
1071,2,156,TargetRemoval,1765556597.3037212,1046.978991985321,True
1072,2,156,TargetReappeared,1765556597.5537336,1047.22900557518,False
1073,2,156,LeftResponse,1765556598.1230812,1047.7983527183533,False
1074,2,156,FeedbackPeriodStarted,1765556598.1365776,1047.8118469715118,False
1075,2,157,startFixDisplay,1765556600.1418731,1049.8171453475952,False
1076,2,157,startFixPeriod,1765556600.1487904,1049.8240616321564,False
1077,2,157,TargetPresentation,1765556601.0232296,1050.6984992027283,False
1078,2,157,TargetRemoval,1765556601.1689293,1050.844200372696,True
1079,2,157,TargetReappeared,1765556601.4187758,1051.094046831131,False
1080,2,157,LeftResponse,1765556601.9884753,1051.6637439727783,False
1081,2,158,FeedbackPeriodStarted,1765556602.008531,1051.6838023662567,False
1082,2,158,startFixDisplay,1765556602.0086558,1051.683923959732,False
1083,2,158,startFixPeriod,1765556602.4457726,1052.1210441589355,False
1084,2,158,TargetPresentation,1765556602.9523234,1052.627594947815,False
1085,2,158,TargetDisplacement,1765556602.9592621,1052.6345331668854,True
1086,2,158,RightResponse,1765556603.9727595,1053.648030281067,False
1087,2,159,FeedbackPeriodStarted,1765556603.9999754,1053.6752467155457,False
1088,2,159,startFixDisplay,1765556604.000132,1053.6754024028778,False
1089,2,159,startFixPeriod,1765556604.5413017,1054.2165715694427,False
1090,2,159,TargetPresentation,1765556605.040974,1054.7162454128265,False
1091,2,159,TargetRemoval,1765556605.1796858,1054.8549571037292,True
1092,2,159,TargetReappeared,1765556605.429562,1055.1048338413239,False
1093,2,159,LeftResponse,1765556607.2755113,1056.9507801532745,False
1094,2,160,FeedbackPeriodStarted,1765556607.2960165,1056.9712879657745,False
1095,2,160,startFixDisplay,1765556607.2962308,1056.9715020656586,False
1096,2,160,startFixPeriod,1765556607.469612,1057.1448829174042,False
1097,2,160,TargetPresentation,1765556608.7256205,1058.4008922576904,False
1098,2,160,TargetDisplacement,1765556608.8850937,1058.5603652000427,True
1099,2,160,LeftResponse,1765556610.4052489,1060.0805201530457,False
1100,2,161,FeedbackPeriodStarted,1765556610.4255972,1060.1008687019348,False
1101,2,161,startFixDisplay,1765556610.4257417,1060.1010119915009,False
1102,2,161,startFixPeriod,1765556611.1265593,1060.801828622818,False
1103,2,161,TargetPresentation,1765556611.882852,1061.558123588562,False
1104,2,161,TargetDisplacement,1765556612.0353894,1061.7106606960297,True
1105,2,161,RightResponse,1765556613.1462357,1062.8215072154999,False
1106,2,162,FeedbackPeriodStarted,1765556613.1663766,1062.8416459560394,False
1107,2,162,startFixDisplay,1765556613.1664436,1062.8417117595673,False
1108,2,162,startFixPeriod,1765556613.3470232,1063.0222947597504,False
1109,2,162,TargetPresentation,1765556614.3947086,1064.069977760315,False
1110,2,162,TargetDisplacement,1765556614.5403304,1064.21559882164,True
1111,2,162,LeftResponse,1765556616.0188034,1065.6940739154816,False
1112,2,162,FeedbackPeriodStarted,1765556616.0255299,1065.7007987499237,False
1113,2,163,startFixDisplay,1765556618.03072,1067.7059915065765,False
1114,2,163,startFixPeriod,1765556618.2390213,1067.9142925739288,False
1115,2,163,TargetPresentation,1765556619.245247,1068.9205160140991,False
1116,2,163,TargetDisplacement,1765556619.3908327,1069.0661044120789,True
1117,2,163,RightResponse,1765556620.6816878,1070.3569564819336,False
1118,2,164,FeedbackPeriodStarted,1765556620.702283,1070.3775544166565,False
1119,2,164,startFixDisplay,1765556620.7024238,1070.3776941299438,False
1120,2,164,startFixPeriod,1765556620.8689601,1070.5442316532135,False
1121,2,164,TargetPresentation,1765556621.9028761,1071.5781478881836,False
1122,2,164,TargetRemoval,1765556622.0902085,1071.765480041504,True
1123,2,164,TargetReappeared,1765556622.339953,1072.0152242183685,False
1124,2,164,RightResponse,1765556623.0343359,1072.70960688591,False
1125,2,165,FeedbackPeriodStarted,1765556623.054645,1072.7299165725708,False
1126,2,165,startFixDisplay,1765556623.0548127,1072.7300863265991,False
1127,2,165,startFixPeriod,1765556623.741764,1073.4170358181,False
1128,2,165,TargetPresentation,1765556624.262165,1073.937436580658,False
1129,2,165,TargetRemoval,1765556624.4285963,1074.103866815567,True
1130,2,165,TargetReappeared,1765556624.678412,1074.3536820411682,False
1131,2,165,LeftResponse,1765556625.386524,1075.0617938041687,False
1132,2,166,FeedbackPeriodStarted,1765556625.4069626,1075.0822341442108,False
1133,2,166,startFixDisplay,1765556625.40713,1075.0824003219604,False
1134,2,166,startFixPeriod,1765556626.1356714,1075.810940504074,False
1135,2,166,TargetPresentation,1765556627.5511272,1077.2263987064362,False
1136,2,166,TargetDisplacement,1765556627.6760361,1077.3513090610504,True
1137,2,166,LeftResponse,1765556628.5162241,1078.1914954185486,False
1138,2,167,FeedbackPeriodStarted,1765556628.5364723,1078.2117438316345,False
1139,2,167,startFixDisplay,1765556628.5365944,1078.2118628025055,False
1140,2,167,startFixPeriod,1765556629.14033,1078.8156008720398,False
1141,2,167,TargetPresentation,1765556630.5142827,1080.1895544528961,False
1142,2,167,TargetRemoval,1765556630.6597998,1080.335070848465,True
1143,2,167,TargetReappeared,1765556630.9096859,1080.5849559307098,False
1144,2,167,RightResponse,1765556631.6734347,1081.3487055301666,False
1145,2,168,FeedbackPeriodStarted,1765556631.6937578,1081.369029045105,False
1146,2,168,startFixDisplay,1765556631.6939607,1081.3692309856415,False
1147,2,168,startFixPeriod,1765556632.248944,1081.9242143630981,False
1148,2,168,TargetPresentation,1765556633.484181,1083.1594529151917,False
1149,2,168,TargetDisplacement,1765556633.6296377,1083.304906129837,True
1150,2,168,RightResponse,1765556634.8095596,1084.4848282337189,False
1151,2,168,FeedbackPeriodStarted,1765556634.81644,1084.4917092323303,False
1152,2,169,startFixDisplay,1765556636.822159,1086.4974308013916,False
1153,2,169,startFixPeriod,1765556637.5435047,1087.2187764644623,False
1154,2,169,TargetPresentation,1765556638.8966265,1088.571897983551,False
1155,2,169,TargetDisplacement,1765556639.0282578,1088.7035286426544,True
1156,2,169,RightResponse,1765556640.1595604,1089.834829568863,False
1157,2,170,FeedbackPeriodStarted,1765556640.1802528,1089.8555250167847,False
1158,2,170,startFixDisplay,1765556640.180401,1089.8556716442108,False
1159,2,170,startFixPeriod,1765556640.3468816,1090.0221536159515,False
1160,2,170,TargetPresentation,1765556640.999174,1090.6744458675385,False
1161,2,170,TargetRemoval,1765556641.1517375,1090.8270058631897,True
1162,2,170,TargetReappeared,1765556641.4016147,1091.0768866539001,False
1163,2,170,RightResponse,1765556642.102723,1091.7779920101166,False
1164,2,171,FeedbackPeriodStarted,1765556642.1232224,1091.798493862152,False
1165,2,171,startFixDisplay,1765556642.1233659,1091.7986359596252,False
1166,2,171,startFixPeriod,1765556642.4355848,1092.1108565330505,False
1167,2,171,TargetPresentation,1765556643.3028839,1092.9781563282013,False
1168,2,171,TargetDisplacement,1765556643.4553738,1093.1306450366974,True
1169,2,171,LeftResponse,1765556644.3856053,1094.060874223709,False
1170,2,172,FeedbackPeriodStarted,1765556644.4061735,1094.0814452171326,False
1171,2,172,startFixDisplay,1765556644.4063115,1094.0815818309784,False
1172,2,172,startFixPeriod,1765556645.5788143,1095.2540843486786,False
1173,2,172,TargetPresentation,1765556646.314379,1095.9896488189697,False
1174,2,172,TargetRemoval,1765556646.4951072,1096.1703786849976,True
1175,2,172,TargetReappeared,1765556646.7446883,1096.4199600219727,False
1176,2,172,LeftResponse,1765556648.1952345,1097.8705053329468,False
1177,2,173,FeedbackPeriodStarted,1765556648.2155266,1097.8907957077026,False
1178,2,173,startFixDisplay,1765556648.215593,1097.8908615112305,False
1179,2,173,startFixPeriod,1765556648.4031491,1098.0784204006195,False
1180,2,173,TargetPresentation,1765556649.7354262,1099.4106981754303,False
1181,2,173,TargetDisplacement,1765556649.9087362,1099.5840072631836,True
1182,2,173,RightResponse,1765556651.5537443,1101.2290151119232,False
1183,2,174,FeedbackPeriodStarted,1765556651.574186,1101.249457359314,False
1184,2,174,startFixDisplay,1765556651.574323,1101.249593257904,False
1185,2,174,startFixPeriod,1765556651.7407842,1101.416053533554,False
1186,2,174,TargetPresentation,1765556652.8788147,1102.5540857315063,False
1187,2,174,TargetRemoval,1765556653.0313406,1102.706609249115,True
1188,2,174,TargetReappeared,1765556653.2812912,1102.956562757492,False
1189,2,174,LeftResponse,1765556654.0100975,1103.6853675842285,False
1190,2,174,FeedbackPeriodStarted,1765556654.0166507,1103.6919224262238,False
1191,2,175,startFixDisplay,1765556656.0290499,1105.7043397426605,False
1192,2,175,startFixPeriod,1765556656.494087,1106.1693592071533,False
1193,2,175,TargetPresentation,1765556657.15329,1106.828561782837,False
1194,2,175,TargetDisplacement,1765556657.2848537,1106.960122346878,True
1195,2,175,FeedbackPeriodStarted,1765556659.2974892,1108.9727606773376,False
1196,2,176,startFixDisplay,1765556659.8038983,1109.4791672229767,False
1197,2,176,startFixPeriod,1765556660.1786947,1109.8539650440216,False
1198,2,176,TargetPresentation,1765556661.2473607,1110.9226348400116,False
1199,2,176,TargetRemoval,1765556661.4207282,1111.0959997177124,True
1200,2,176,TargetReappeared,1765556661.6706471,1111.345918893814,False
1201,2,176,RightResponse,1765556662.5868962,1112.26216506958,False
1202,2,177,FeedbackPeriodStarted,1765556662.6072376,1112.2825088500977,False
1203,2,177,startFixDisplay,1765556662.6073794,1112.2826495170593,False
1204,2,177,startFixPeriod,1765556662.773907,1112.4491786956787,False
1205,2,177,TargetPresentation,1765556664.1478531,1113.8231234550476,False
1206,2,177,TargetDisplacement,1765556664.293401,1113.9686720371246,True
1207,2,177,LeftResponse,1765556665.5635414,1115.2388105392456,False
1208,2,178,FeedbackPeriodStarted,1765556665.5841923,1115.259465932846,False
1209,2,178,startFixDisplay,1765556665.58435,1115.2596204280853,False
1210,2,178,startFixPeriod,1765556665.7645903,1115.439859867096,False
1211,2,178,TargetPresentation,1765556666.951274,1116.6265456676483,False
1212,2,178,TargetDisplacement,1765556667.089862,1116.7651331424713,True
1213,2,178,LeftResponse,1765556667.9924226,1117.6676936149597,False
1214,2,179,FeedbackPeriodStarted,1765556668.0127754,1117.688044309616,False
1215,2,179,startFixDisplay,1765556668.0128376,1117.6881058216095,False
1216,2,179,startFixPeriod,1765556668.1863909,1117.861662387848,False
1217,2,179,TargetPresentation,1765556668.9010518,1118.576320886612,False
1218,2,179,TargetRemoval,1765556669.0467484,1118.722017288208,True
1219,2,179,TargetReappeared,1765556669.2966168,1118.9718866348267,False
1220,2,179,LeftResponse,1765556670.0256224,1119.7008938789368,False
1221,2,180,FeedbackPeriodStarted,1765556670.045896,1119.7211668491364,False
1222,2,180,startFixDisplay,1765556670.0460277,1119.7212977409363,False
1223,2,180,startFixPeriod,1765556670.3027775,1119.9780490398407,False
1224,2,180,TargetPresentation,1765556671.406117,1121.081388950348,False
1225,2,180,TargetDisplacement,1765556671.5516322,1121.2269008159637,True
1226,2,180,LeftResponse,1765556672.4957173,1122.1709876060486,False
1227,2,180,FeedbackPeriodStarted,1765556672.509391,1122.184660434723,False
1228,2,181,startFixDisplay,1765556674.5148866,1124.1901557445526,False
1229,2,181,startFixPeriod,1765556675.0005133,1124.675784111023,False
1230,2,181,TargetPresentation,1765556675.9303217,1125.6055929660797,False
1231,2,181,TargetDisplacement,1765556675.9372523,1125.6125237941742,True
1232,2,181,RightResponse,1765556677.2213068,1126.896577835083,False
1233,2,182,FeedbackPeriodStarted,1765556677.2417328,1126.9170043468475,False
1234,2,182,startFixDisplay,1765556677.2418804,1126.9171504974365,False
1235,2,182,startFixPeriod,1765556677.4221556,1127.097426891327,False
1236,2,182,TargetPresentation,1765556678.5185025,1128.193773984909,False
1237,2,182,TargetDisplacement,1765556678.6364179,1128.311686515808,True
1238,2,182,LeftResponse,1765556679.5456357,1129.2209045886993,False
1239,2,183,FeedbackPeriodStarted,1765556679.5662305,1129.2414999008179,False
1240,2,183,startFixDisplay,1765556679.5663037,1129.2415721416473,False
1241,2,183,startFixPeriod,1765556679.7816064,1129.4568784236908,False
1242,2,183,TargetPresentation,1765556680.662705,1130.3379745483398,False
1243,2,183,TargetDisplacement,1765556680.8012671,1130.4765355587006,True
1244,2,183,RightResponse,1765556681.6691175,1131.3443870544434,False
1245,2,184,FeedbackPeriodStarted,1765556681.6895907,1131.3648610115051,False
1246,2,184,startFixDisplay,1765556681.689694,1131.3649632930756,False
1247,2,184,startFixPeriod,1765556681.8770993,1131.552371263504,False
1248,2,184,TargetPresentation,1765556682.6820154,1132.35728597641,False
1249,2,184,TargetDisplacement,1765556682.834499,1132.5097675323486,True
1250,2,184,LeftResponse,1765556683.8549678,1133.5302383899689,False
1251,2,185,FeedbackPeriodStarted,1765556683.8754263,1133.5506982803345,False
1252,2,185,startFixDisplay,1765556683.8755672,1133.5508370399475,False
1253,2,185,startFixPeriod,1765556686.1933665,1135.868638753891,False
1254,2,185,TargetPresentation,1765556687.178481,1136.853750705719,False
1255,2,185,TargetDisplacement,1765556687.3242133,1136.999484539032,True
1256,2,185,LeftResponse,1765556688.1572497,1137.8325209617615,False
1257,2,186,FeedbackPeriodStarted,1765556688.1776807,1137.8529522418976,False
1258,2,186,startFixDisplay,1765556688.1778147,1137.8530850410461,False
1259,2,186,startFixPeriod,1765556688.3720284,1138.0473005771637,False
1260,2,186,TargetPresentation,1765556689.3504908,1139.0257625579834,False
1261,2,186,TargetDisplacement,1765556689.5237973,1139.1990685462952,True
1262,2,186,RightResponse,1765556690.474817,1140.1500868797302,False
1263,2,186,FeedbackPeriodStarted,1765556690.4884543,1140.163726091385,False
1264,2,187,startFixDisplay,1765556692.4935768,1142.1688454151154,False
1265,2,187,startFixPeriod,1765556692.6673195,1142.3425900936127,False
1266,2,187,TargetPresentation,1765556693.895513,1143.5707824230194,False
1267,2,187,TargetRemoval,1765556694.0550032,1143.7302742004395,True
1268,2,187,TargetReappeared,1765556694.3048499,1143.980120897293,False
1269,2,187,RightResponse,1765556695.144914,1144.8201866149902,False
1270,2,188,FeedbackPeriodStarted,1765556695.1651692,1144.8404386043549,False
1271,2,188,startFixDisplay,1765556695.1652496,1144.8405184745789,False
1272,2,188,startFixPeriod,1765556695.3458748,1145.0211462974548,False
1273,2,188,TargetPresentation,1765556696.3242545,1145.9995260238647,False
1274,2,188,TargetDisplacement,1765556696.5046067,1146.1798779964447,True
1275,2,188,LeftResponse,1765556697.573602,1147.2488729953766,False
1276,2,189,FeedbackPeriodStarted,1765556697.5939338,1147.269202709198,False
1277,2,189,startFixDisplay,1765556697.5939972,1147.2692656517029,False
1278,2,189,startFixPeriod,1765556697.7676163,1147.4428884983063,False
1279,2,189,TargetPresentation,1765556699.0790818,1148.7543547153473,False
1280,2,189,TargetDisplacement,1765556699.2244902,1148.8997588157654,True
1281,2,189,RightResponse,1765556700.0994263,1149.7746970653534,False
1282,2,190,FeedbackPeriodStarted,1765556700.1197734,1149.7950422763824,False
1283,2,190,startFixDisplay,1765556700.1198366,1149.7951049804688,False
1284,2,190,startFixPeriod,1765556700.3280404,1150.0033118724823,False
1285,2,190,TargetPresentation,1765556701.2856011,1150.960872411728,False
1286,2,190,TargetRemoval,1765556701.4311366,1151.1064050197601,True
1287,2,190,TargetReappeared,1765556701.681216,1151.3564879894257,False
1288,2,190,RightResponse,1765556702.4238577,1152.0991425514221,False
1289,2,191,FeedbackPeriodStarted,1765556702.4443924,1152.1196613311768,False
1290,2,191,startFixDisplay,1765556702.444513,1152.1197817325592,False
1291,2,191,startFixPeriod,1765556703.1175287,1152.792799949646,False
1292,2,191,TargetPresentation,1765556704.1722057,1153.847477197647,False
1293,2,191,TargetRemoval,1765556704.2970445,1153.9723155498505,True
1294,2,191,TargetReappeared,1765556704.5469773,1154.2222487926483,False
1295,2,191,LeftResponse,1765556706.157089,1155.8323595523834,False
1296,2,192,FeedbackPeriodStarted,1765556706.177518,1155.852787733078,False
1297,2,192,startFixDisplay,1765556706.1776245,1155.8528935909271,False
1298,2,192,startFixPeriod,1765556706.3579855,1156.0332565307617,False
1299,2,192,TargetPresentation,1765556707.0520146,1156.7272863388062,False
1300,2,192,TargetDisplacement,1765556707.0657928,1156.741061925888,True
1301,2,192,LeftResponse,1765556708.1208303,1157.7961003780365,False
1302,2,192,FeedbackPeriodStarted,1765556708.134485,1157.8097541332245,False
1303,2,193,startFixDisplay,1765556710.1466804,1159.8219492435455,False
1304,2,193,startFixPeriod,1765556710.1536608,1159.8289320468903,False
1305,2,193,TargetPresentation,1765556711.1390328,1160.8143022060394,False
1306,2,193,TargetRemoval,1765556711.3055365,1160.980808019638,True
1307,2,193,TargetReappeared,1765556711.5554981,1161.2307698726654,False
1308,2,193,LeftResponse,1765556712.4508948,1162.1261658668518,False
1309,2,194,FeedbackPeriodStarted,1765556712.4713,1162.1465716362,False
1310,2,194,startFixDisplay,1765556712.4714608,1162.146731853485,False
1311,2,194,startFixPeriod,1765556713.1929693,1162.8682384490967,False
1312,2,194,TargetPresentation,1765556713.942506,1163.6177778244019,False
1313,2,194,TargetDisplacement,1765556714.081116,1163.7563869953156,True
1314,2,194,LeftResponse,1765556715.587396,1165.2626667022705,False
1315,2,195,FeedbackPeriodStarted,1765556715.607619,1165.2828879356384,False
1316,2,195,startFixDisplay,1765556715.6076818,1165.2829501628876,False
1317,2,195,startFixPeriod,1765556715.7882974,1165.4635689258575,False
1318,2,195,TargetPresentation,1765556717.0997438,1166.775015115738,False
1319,2,195,TargetDisplacement,1765556717.2522557,1166.9275267124176,True
1320,2,195,RightResponse,1765556718.1200173,1167.7952871322632,False
1321,2,196,FeedbackPeriodStarted,1765556718.140492,1167.8157634735107,False
1322,2,196,startFixDisplay,1765556718.1406276,1167.8158979415894,False
1323,2,196,startFixPeriod,1765556718.300241,1167.975512266159,False
1324,2,196,TargetPresentation,1765556719.1190095,1168.7942810058594,False
1325,2,196,TargetRemoval,1765556719.2716162,1168.946887254715,True
1326,2,196,TargetReappeared,1765556719.5214846,1169.1967558860779,False
1327,2,196,RightResponse,1765556720.271158,1169.9464280605316,False
1328,2,197,FeedbackPeriodStarted,1765556720.2915878,1169.9668567180634,False
1329,2,197,startFixDisplay,1765556720.2916498,1169.9669182300568,False
1330,2,197,startFixPeriod,1765556721.110529,1170.785800933838,False
1331,2,197,TargetPresentation,1765556722.0681689,1171.7434396743774,False
1332,2,197,TargetDisplacement,1765556722.2206266,1171.8958976268768,True
1333,2,197,RightResponse,1765556723.435468,1173.110738992691,False
1334,2,197,FeedbackPeriodStarted,1765556723.4697711,1173.1450426578522,False
1335,3,198,startFixDisplay,1765556795.0876377,1244.7629091739655,False
1336,3,198,startFixPeriod,1765556796.1286905,1245.8039619922638,False
1337,3,198,TargetPresentation,1765556797.0861883,1246.7614576816559,False
1338,3,198,TargetRemoval,1765556797.2388349,1246.9141061306,True
1339,3,198,TargetReappeared,1765556797.4886901,1247.1639618873596,False
1340,3,198,LeftResponse,1765556798.383966,1248.059235572815,False
1341,3,199,FeedbackPeriodStarted,1765556798.404555,1248.0798268318176,False
1342,3,199,startFixDisplay,1765556798.4047017,1248.0799720287323,False
1343,3,199,startFixPeriod,1765556798.5920496,1248.267320394516,False
1344,3,199,TargetPresentation,1765556799.7300093,1249.405280828476,False
1345,3,199,TargetRemoval,1765556799.8685288,1249.543797492981,True
1346,3,199,TargetReappeared,1765556800.1186535,1249.7939250469208,False
1347,3,199,LeftResponse,1765556800.7018461,1250.377117395401,False
1348,3,200,FeedbackPeriodStarted,1765556800.7223713,1250.3976418972015,False
1349,3,200,startFixDisplay,1765556800.7225041,1250.3977737426758,False
1350,3,200,startFixPeriod,1765556800.895735,1250.5710065364838,False
1351,3,200,TargetPresentation,1765556802.158805,1251.8340792655945,False
1352,3,200,TargetDisplacement,1765556802.1656168,1251.8408885002136,True
1353,3,200,RightResponse,1765556803.3178337,1252.9931046962738,False
1354,3,201,FeedbackPeriodStarted,1765556803.3382506,1253.013522386551,False
1355,3,201,startFixDisplay,1765556803.3383934,1253.0136637687683,False
1356,3,201,startFixPeriod,1765556805.0175712,1254.6928431987762,False
1357,3,201,TargetPresentation,1765556806.2804782,1255.9557502269745,False
1358,3,201,TargetDisplacement,1765556806.4260435,1256.1013143062592,True
1359,3,201,RightResponse,1765556807.099465,1256.7747342586517,False
1360,3,202,FeedbackPeriodStarted,1765556807.119989,1256.7952601909637,False
1361,3,202,startFixDisplay,1765556807.1202161,1256.7954869270325,False
1362,3,202,startFixPeriod,1765556807.578108,1257.253380537033,False
1363,3,202,TargetPresentation,1765556808.7993124,1258.4745817184448,False
1364,3,202,TargetDisplacement,1765556808.9309149,1258.6061832904816,True
1365,3,202,LeftResponse,1765556809.7363322,1259.411602973938,False
1366,3,203,FeedbackPeriodStarted,1765556809.763918,1259.439189195633,False
1367,3,203,startFixDisplay,1765556809.7640843,1259.4393548965454,False
1368,3,203,startFixPeriod,1765556810.0275722,1259.7028439044952,False
1369,3,203,TargetPresentation,1765556810.8255057,1260.500776052475,False
1370,3,203,TargetRemoval,1765556810.9781735,1260.6534450054169,True
1371,3,203,TargetReappeared,1765556811.2280211,1260.9032926559448,False
1372,3,203,RightResponse,1765556811.8528624,1261.528136253357,False
1373,3,204,FeedbackPeriodStarted,1765556811.8801541,1261.555423259735,False
1374,3,204,startFixDisplay,1765556811.8802223,1261.5554904937744,False
1375,3,204,startFixPeriod,1765556812.5602849,1262.2355542182922,False
1376,3,204,TargetPresentation,1765556813.1362572,1262.8115274906158,False
1377,3,204,TargetDisplacement,1765556813.2817767,1262.9570474624634,True
1378,3,204,RightResponse,1765556814.0732646,1263.7485358715057,False
1379,3,204,FeedbackPeriodStarted,1765556814.0799758,1263.7552473545074,False
1380,3,205,startFixDisplay,1765556816.092298,1265.7675700187683,False
1381,3,205,startFixPeriod,1765556816.6405678,1266.315839767456,False
1382,3,205,TargetPresentation,1765556817.6537273,1267.3289997577667,False
1383,3,205,TargetDisplacement,1765556817.8200026,1267.4952738285065,True
1384,3,205,RightResponse,1765556818.6531286,1268.3283984661102,False
1385,3,206,FeedbackPeriodStarted,1765556818.6733723,1268.3486411571503,False
1386,3,206,startFixDisplay,1765556818.6734335,1268.348701953888,False
1387,3,206,startFixPeriod,1765556819.1802058,1268.8554773330688,False
1388,3,206,TargetPresentation,1765556820.463915,1270.139184474945,False
1389,3,206,TargetDisplacement,1765556820.59572,1270.270991563797,True
1390,3,206,LeftResponse,1765556821.6646645,1271.339935541153,False
1391,3,207,FeedbackPeriodStarted,1765556821.6850977,1271.3603699207306,False
1392,3,207,startFixDisplay,1765556821.6852806,1271.3605515956879,False
1393,3,207,startFixPeriod,1765556821.8586178,1271.5338888168335,False
1394,3,207,TargetPresentation,1765556822.739916,1272.4151875972748,False
1395,3,207,TargetDisplacement,1765556822.9062955,1272.5815641880035,True
1396,3,207,LeftResponse,1765556823.7669353,1273.4422042369843,False
1397,3,208,FeedbackPeriodStarted,1765556823.7875793,1273.4628510475159,False
1398,3,208,startFixDisplay,1765556823.7877204,1273.4629907608032,False
1399,3,208,startFixPeriod,1765556823.9681714,1273.643443107605,False
1400,3,208,TargetPresentation,1765556824.5093105,1274.1845796108246,False
1401,3,208,TargetDisplacement,1765556824.5508854,1274.226154088974,True
1402,3,208,RightResponse,1765556825.4880974,1275.1633701324463,False
1403,3,209,FeedbackPeriodStarted,1765556825.5084753,1275.1837468147278,False
1404,3,209,startFixDisplay,1765556825.508616,1275.1838862895966,False
1405,3,209,startFixPeriod,1765556825.7028604,1275.3781321048737,False
1406,3,209,TargetPresentation,1765556826.8824184,1276.5576901435852,False
1407,3,209,TargetRemoval,1765556827.0488346,1276.724102973938,True
1408,3,209,TargetReappeared,1765556827.2988417,1276.9741127490997,False
1409,3,209,LeftResponse,1765556827.8958468,1277.571117401123,False
1410,3,210,FeedbackPeriodStarted,1765556827.9301605,1277.6054317951202,False
1411,3,210,startFixDisplay,1765556827.9302964,1277.6055665016174,False
1412,3,210,startFixPeriod,1765556828.3120015,1277.9872732162476,False
1413,3,210,TargetPresentation,1765556828.8948042,1278.5700764656067,False
1414,3,210,TargetDisplacement,1765556829.040419,1278.7156901359558,True
1415,3,210,LeftResponse,1765556830.5951529,1280.2704215049744,False
1416,3,210,FeedbackPeriodStarted,1765556830.6018817,1280.2771537303925,False
1417,3,211,startFixDisplay,1765556832.6075816,1282.2828533649445,False
1418,3,211,startFixPeriod,1765556832.6139934,1282.2892644405365,False
1419,3,211,TargetPresentation,1765556834.0783086,1283.753578901291,False
1420,3,211,TargetRemoval,1765556834.2239344,1283.8992040157318,True
1421,3,211,TargetReappeared,1765556834.473858,1284.149127960205,False
1422,3,211,LeftResponse,1765556835.3761435,1285.0514137744904,False
1423,3,212,FeedbackPeriodStarted,1765556835.396686,1285.0719594955444,False
1424,3,212,startFixDisplay,1765556835.3968413,1285.072111606598,False
1425,3,212,startFixPeriod,1765556835.6741695,1285.349438905716,False
1426,3,212,TargetPresentation,1765556837.1314092,1286.8066782951355,False
1427,3,212,TargetDisplacement,1765556837.2769744,1286.9522428512573,True
1428,3,212,RightResponse,1765556838.0754855,1287.7507555484772,False
1429,3,213,FeedbackPeriodStarted,1765556838.1027315,1287.7780003547668,False
1430,3,213,startFixDisplay,1765556838.1027925,1287.778060913086,False
1431,3,213,startFixPeriod,1765556838.290262,1287.9655313491821,False
1432,3,213,TargetPresentation,1765556839.1159813,1288.7912526130676,False
1433,3,213,TargetRemoval,1765556839.2686734,1288.9439465999603,True
1434,3,213,TargetReappeared,1765556839.5189955,1289.1942658424377,False
1435,3,213,LeftResponse,1765556840.0252674,1289.7005369663239,False
1436,3,214,FeedbackPeriodStarted,1765556840.0457604,1289.7210319042206,False
1437,3,214,startFixDisplay,1765556840.0458891,1289.7211575508118,False
1438,3,214,startFixPeriod,1765556840.240214,1289.9154834747314,False
1439,3,214,TargetPresentation,1765556841.21857,1290.8938415050507,False
1440,3,214,TargetDisplacement,1765556841.3711226,1291.0463936328888,True
1441,3,214,LeftResponse,1765556842.3845136,1292.059782743454,False
1442,3,215,FeedbackPeriodStarted,1765556842.4049766,1292.080245256424,False
1443,3,215,startFixDisplay,1765556842.4050968,1292.0803656578064,False
1444,3,215,startFixPeriod,1765556842.5855455,1292.2608172893524,False
1445,3,215,TargetPresentation,1765556843.612685,1293.2879567146301,False
1446,3,215,TargetRemoval,1765556843.6194937,1293.2947628498077,True
1447,3,215,TargetReappeared,1765556843.8694057,1293.5446772575378,False
1448,3,215,LeftResponse,1765556845.5072374,1295.182507276535,False
1449,3,216,FeedbackPeriodStarted,1765556845.5276966,1295.202968597412,False
1450,3,216,startFixDisplay,1765556845.5278463,1295.2031164169312,False
1451,3,216,startFixPeriod,1765556845.7359374,1295.4112088680267,False
1452,3,216,TargetPresentation,1765556847.158426,1296.8336958885193,False
1453,3,216,TargetRemoval,1765556847.3109596,1296.9862306118011,True
1454,3,216,TargetReappeared,1765556847.56108,1297.2363526821136,False
1455,3,216,LeftResponse,1765556848.6436198,1298.318890094757,False
1456,3,216,FeedbackPeriodStarted,1765556848.6501985,1298.3254699707031,False
1457,3,217,startFixDisplay,1765556850.6624627,1300.3377318382263,False
1458,3,217,startFixPeriod,1765556850.9262052,1300.6014745235443,False
1459,3,217,TargetPresentation,1765556851.7936442,1301.4689147472382,False
1460,3,217,TargetDisplacement,1765556851.8074424,1301.4827110767365,True
1461,3,217,RightResponse,1765556853.0847287,1302.7599997520447,False
1462,3,218,FeedbackPeriodStarted,1765556853.1052716,1302.78054022789,False
1463,3,218,startFixDisplay,1765556853.1053338,1302.780601978302,False
1464,3,218,startFixPeriod,1765556853.292637,1302.9679095745087,False
1465,3,218,TargetPresentation,1765556854.4652078,1304.1404769420624,False
1466,3,218,TargetDisplacement,1765556854.4860306,1304.161299943924,True
1467,3,218,LeftResponse,1765556855.409191,1305.084461927414,False
1468,3,219,FeedbackPeriodStarted,1765556855.4295537,1305.1048226356506,False
1469,3,219,startFixDisplay,1765556855.4296377,1305.1049058437347,False
1470,3,219,startFixPeriod,1765556855.9918623,1305.6671342849731,False
1471,3,219,TargetPresentation,1765556857.3241677,1306.9994387626648,False
1472,3,219,TargetDisplacement,1765556857.483726,1307.1589975357056,True
1473,3,219,RightResponse,1765556858.1917808,1307.8670511245728,False
1474,3,220,FeedbackPeriodStarted,1765556858.21917,1307.89443898201,False
1475,3,220,startFixDisplay,1765556858.2192345,1307.894502878189,False
1476,3,220,startFixPeriod,1765556858.4205344,1308.0958061218262,False
1477,3,220,TargetPresentation,1765556859.4197605,1309.0950319766998,False
1478,3,220,TargetRemoval,1765556859.4266913,1309.101963043213,True
1479,3,220,TargetReappeared,1765556859.6765013,1309.3517727851868,False
1480,3,220,LeftResponse,1765556860.932599,1310.607867717743,False
1481,3,221,FeedbackPeriodStarted,1765556860.9530425,1310.6283113956451,False
1482,3,221,startFixDisplay,1765556860.9531198,1310.6283881664276,False
1483,3,221,startFixPeriod,1765556861.751365,1311.4266362190247,False
1484,3,221,TargetPresentation,1765556862.4936576,1312.1689269542694,False
1485,3,221,TargetDisplacement,1765556862.63932,1312.3145911693573,True
1486,3,221,RightResponse,1765556863.7222416,1313.3975102901459,False
1487,3,222,FeedbackPeriodStarted,1765556863.742604,1313.4178748130798,False
1488,3,222,startFixDisplay,1765556863.7427182,1313.4179878234863,False
1489,3,222,startFixPeriod,1765556863.9440515,1313.6193454265594,False
1490,3,222,TargetPresentation,1765556864.8044837,1314.479754447937,False
1491,3,222,TargetRemoval,1765556864.9569783,1314.6322493553162,True
1492,3,222,TargetReappeared,1765556865.2069187,1314.8821911811829,False
1493,3,222,RightResponse,1765556865.9915035,1315.6667745113373,False
1494,3,222,FeedbackPeriodStarted,1765556865.9978848,1315.673156261444,False
1495,3,223,startFixDisplay,1765556868.003305,1317.67857837677,False
1496,3,223,startFixPeriod,1765556868.2601357,1317.9354074001312,False
1497,3,223,TargetPresentation,1765556869.0719693,1318.7472393512726,False
1498,3,223,TargetDisplacement,1765556869.2314608,1318.9067294597626,True
1499,3,223,LeftResponse,1765556871.1122942,1320.7875645160675,False
1500,3,224,FeedbackPeriodStarted,1765556871.132774,1320.808045387268,False
1501,3,224,startFixDisplay,1765556871.1329172,1320.8081874847412,False
1502,3,224,startFixPeriod,1765556871.3132977,1320.9885687828064,False
1503,3,224,TargetPresentation,1765556872.014126,1321.6893954277039,False
1504,3,224,TargetRemoval,1765556872.1944227,1321.8696913719177,True
1505,3,224,TargetReappeared,1765556872.444423,1322.119695186615,False
1506,3,224,RightResponse,1765556873.0344808,1322.7097506523132,False
1507,3,225,FeedbackPeriodStarted,1765556873.0618293,1322.7371010780334,False
1508,3,225,startFixDisplay,1765556873.0619683,1322.7372381687164,False
1509,3,225,startFixPeriod,1765556873.4991202,1323.174391746521,False
1510,3,225,TargetPresentation,1765556874.3595955,1324.0348672866821,False
1511,3,225,TargetDisplacement,1765556874.5051444,1324.1804151535034,True
1512,3,225,RightResponse,1765556875.352091,1325.0273625850677,False
1513,3,226,FeedbackPeriodStarted,1765556875.3724673,1325.0477364063263,False
1514,3,226,startFixDisplay,1765556875.372531,1325.0477991104126,False
1515,3,226,startFixPeriod,1765556875.6711278,1325.3464007377625,False
1516,3,226,TargetPresentation,1765556876.3926718,1326.0679421424866,False
1517,3,226,TargetDisplacement,1765556876.5312855,1326.2065567970276,True
1518,3,226,RightResponse,1765556877.7322195,1327.4074890613556,False
1519,3,227,FeedbackPeriodStarted,1765556877.7525578,1327.4278297424316,False
1520,3,227,startFixDisplay,1765556877.7526972,1327.4279675483704,False
1521,3,227,startFixPeriod,1765556878.3147821,1327.990053653717,False
1522,3,227,TargetPresentation,1765556879.411189,1329.0864605903625,False
1523,3,227,TargetRemoval,1765556879.5636363,1329.238904953003,True
1524,3,227,TargetReappeared,1765556879.8135703,1329.4888393878937,False
1525,3,227,RightResponse,1765556880.5148013,1330.1900746822357,False
1526,3,228,FeedbackPeriodStarted,1765556880.5350683,1330.2103371620178,False
1527,3,228,startFixDisplay,1765556880.535132,1330.2104001045227,False
1528,3,228,startFixPeriod,1765556880.7157176,1330.3909885883331,False
1529,3,228,TargetPresentation,1765556881.5414617,1331.2167320251465,False
1530,3,228,TargetDisplacement,1765556881.6869104,1331.3621792793274,True
1531,3,228,LeftResponse,1765556882.679566,1332.3548352718353,False
1532,3,228,FeedbackPeriodStarted,1765556882.6861825,1332.3614523410797,False
1533,3,229,startFixDisplay,1765556884.6984546,1334.373723745346,False
1534,3,229,startFixPeriod,1765556884.7055826,1334.3808529376984,False
1535,3,229,TargetPresentation,1765556886.1836557,1335.858925819397,False
1536,3,229,TargetDisplacement,1765556886.3500698,1336.0253412723541,True
1537,3,229,LeftResponse,1765556887.4606764,1337.135947227478,False
1538,3,230,FeedbackPeriodStarted,1765556887.4811254,1337.1563942432404,False
1539,3,230,startFixDisplay,1765556887.4811866,1337.1564548015594,False
1540,3,230,startFixPeriod,1765556887.9045753,1337.5798468589783,False
1541,3,230,TargetPresentation,1765556888.4596894,1338.1349611282349,False
1542,3,230,TargetRemoval,1765556888.6052444,1338.2805154323578,True
1543,3,230,TargetReappeared,1765556888.8552358,1338.5305132865906,False
1544,3,230,RightResponse,1765556889.4244537,1339.0997245311737,False
1545,3,231,FeedbackPeriodStarted,1765556889.444898,1339.1201694011688,False
1546,3,231,startFixDisplay,1765556889.4451222,1339.1203956604004,False
1547,3,231,startFixPeriod,1765556889.6254575,1339.3007290363312,False
1548,3,231,TargetPresentation,1765556890.638501,1340.3137702941895,False
1549,3,231,TargetRemoval,1765556890.7634008,1340.438672542572,True
1550,3,231,TargetReappeared,1765556891.0132537,1340.6885237693787,False
1551,3,231,RightResponse,1765556891.6935048,1341.3687744140625,False
1552,3,232,FeedbackPeriodStarted,1765556891.7140813,1341.3893535137177,False
1553,3,232,startFixDisplay,1765556891.7142346,1341.3895049095154,False
1554,3,232,startFixPeriod,1765556891.887594,1341.5628654956818,False
1555,3,232,TargetPresentation,1765556892.6924717,1342.3677418231964,False
1556,3,232,TargetRemoval,1765556892.9005115,1342.5757803916931,True
1557,3,232,TargetReappeared,1765556893.1505072,1342.8257791996002,False
1558,3,232,RightResponse,1765556893.782309,1343.4575798511505,False
1559,3,233,FeedbackPeriodStarted,1765556893.8026814,1343.477953195572,False
1560,3,233,startFixDisplay,1765556893.8028228,1343.4780929088593,False
1561,3,233,startFixPeriod,1765556900.4434383,1350.1187098026276,False
1562,3,233,TargetPresentation,1765556900.956925,1350.6321964263916,False
1563,3,233,TargetRemoval,1765556901.1788094,1350.854080438614,True
1564,3,233,TargetReappeared,1765556901.4287817,1351.1040534973145,False
1565,3,233,LeftResponse,1765556902.5253956,1352.2006669044495,False
1566,3,234,FeedbackPeriodStarted,1765556902.55269,1352.2279605865479,False
1567,3,234,startFixDisplay,1765556902.5527818,1352.2280504703522,False
1568,3,234,startFixPeriod,1765556902.7401733,1352.415444612503,False
1569,3,234,TargetPresentation,1765556903.7464335,1353.421705007553,False
1570,3,234,TargetDisplacement,1765556903.7671309,1353.4424023628235,True
1571,3,234,FeedbackPeriodStarted,1765556905.7724154,1355.4476854801178,False
1572,3,235,startFixDisplay,1765556908.2843637,1357.9596326351166,False
1573,3,235,startFixPeriod,1765556908.992256,1358.66752743721,False
1574,3,235,TargetPresentation,1765556910.3038485,1359.979120016098,False
1575,3,235,TargetDisplacement,1765556910.31078,1359.9860515594482,True
1576,3,235,FeedbackPeriodStarted,1765556912.3162487,1361.9915208816528,False
1577,3,236,startFixDisplay,1765556912.8295276,1362.5047965049744,False
1578,3,236,startFixPeriod,1765556912.8364263,1362.5116951465607,False
1579,3,236,TargetPresentation,1765556913.3431685,1363.018440246582,False
1580,3,236,TargetDisplacement,1765556913.4956434,1363.1709144115448,True
1581,3,236,LeftResponse,1765556915.3278003,1365.0030694007874,False
1582,3,237,FeedbackPeriodStarted,1765556915.3484135,1365.023684978485,False
1583,3,237,startFixDisplay,1765556915.3485546,1365.0238246917725,False
1584,3,237,startFixPeriod,1765556915.5219736,1365.1972448825836,False
1585,3,237,TargetPresentation,1765556916.0840962,1365.7593681812286,False
1586,3,237,TargetRemoval,1765556916.2226582,1365.8979268074036,True
1587,3,237,TargetReappeared,1765556916.472673,1366.1479456424713,False
1588,3,237,LeftResponse,1765556916.9795318,1366.6548018455505,False
1589,3,238,FeedbackPeriodStarted,1765556916.9999275,1366.6751992702484,False
1590,3,238,startFixDisplay,1765556917.0000951,1366.6753659248352,False
1591,3,238,startFixPeriod,1765556917.1874044,1366.862675666809,False
1592,3,238,TargetPresentation,1765556917.8951902,1367.570461988449,False
1593,3,238,TargetDisplacement,1765556918.054558,1367.7298293113708,True
1594,3,238,RightResponse,1765556918.6934772,1368.368746995926,False
1595,3,239,FeedbackPeriodStarted,1765556918.7138414,1368.389110326767,False
1596,3,239,startFixDisplay,1765556918.713905,1368.3891732692719,False
1597,3,239,startFixPeriod,1765556919.4912658,1369.1665396690369,False
1598,3,239,TargetPresentation,1765556920.3168893,1369.9921610355377,False
1599,3,239,TargetDisplacement,1765556920.4486382,1370.1239094734192,True
1600,3,239,RightResponse,1765556921.2259805,1370.9012491703033,False
1601,3,240,FeedbackPeriodStarted,1765556921.2466023,1370.9218740463257,False
1602,3,240,startFixDisplay,1765556921.246751,1370.922021150589,False
1603,3,240,startFixPeriod,1765556921.4063022,1371.0815727710724,False
1604,3,240,TargetPresentation,1765556922.3292444,1372.0045289993286,False
1605,3,240,TargetRemoval,1765556922.4679298,1372.1432013511658,True
1606,3,240,TargetReappeared,1765556922.717797,1372.3930687904358,False
1607,3,240,RightResponse,1765556923.5369766,1373.212250471115,False
1608,3,240,FeedbackPeriodStarted,1765556923.543551,1373.2188227176666,False
1609,3,241,startFixDisplay,1765556925.5557497,1375.2310209274292,False
1610,3,241,startFixPeriod,1765556926.1595757,1375.8348472118378,False
1611,3,241,TargetPresentation,1765556927.0616531,1376.7369248867035,False
1612,3,241,TargetDisplacement,1765556927.0753074,1376.7505762577057,True
1613,3,241,FeedbackPeriodStarted,1765556929.0809157,1378.7561874389648,False
1614,3,242,startFixDisplay,1765556929.5943825,1379.2696542739868,False
1615,3,242,startFixPeriod,1765556929.6152554,1379.29052734375,False
1616,3,242,TargetPresentation,1765556930.5935407,1380.268809556961,False
1617,3,242,TargetDisplacement,1765556930.7531617,1380.4284336566925,True
1618,3,242,RightResponse,1765556931.8428252,1381.5180950164795,False
1619,3,243,FeedbackPeriodStarted,1765556931.8633664,1381.538637638092,False
1620,3,243,startFixDisplay,1765556931.8635075,1381.538777589798,False
1621,3,243,startFixPeriod,1765556932.0369387,1381.7122101783752,False
1622,3,243,TargetPresentation,1765556932.793301,1382.4685723781586,False
1623,3,243,TargetDisplacement,1765556932.9458358,1382.6211068630219,True
1624,3,243,RightResponse,1765556934.16058,1383.8358507156372,False
1625,3,244,FeedbackPeriodStarted,1765556934.1809695,1383.8562409877777,False
1626,3,244,startFixDisplay,1765556934.1811223,1383.856392621994,False
1627,3,244,startFixPeriod,1765556934.3336303,1384.0088994503021,False
1628,3,244,TargetPresentation,1765556935.7216177,1385.3968868255615,False
1629,3,244,TargetRemoval,1765556935.8602881,1385.5355594158173,True
1630,3,244,TargetReappeared,1765556936.1102097,1385.785481452942,False
1631,3,244,RightResponse,1765556936.9155083,1386.590777873993,False
1632,3,245,FeedbackPeriodStarted,1765556936.9357734,1386.6110444068909,False
1633,3,245,startFixDisplay,1765556936.9359071,1386.611177444458,False
1634,3,245,startFixPeriod,1765556937.1164165,1386.7916882038116,False
1635,3,245,TargetPresentation,1765556937.6367552,1387.3120255470276,False
1636,3,245,TargetRemoval,1765556937.7823648,1387.457635641098,True
1637,3,245,TargetReappeared,1765556938.0323064,1387.7075779438019,False
1638,3,245,LeftResponse,1765556939.1009674,1388.7762362957,False
1639,3,246,FeedbackPeriodStarted,1765556939.1285634,1388.8038325309753,False
1640,3,246,startFixDisplay,1765556939.1286278,1388.8038959503174,False
1641,3,246,startFixPeriod,1765556939.3160207,1388.991292476654,False
1642,3,246,TargetPresentation,1765556940.0654416,1389.7407133579254,False
1643,3,246,TargetDisplacement,1765556940.2040854,1389.8793568611145,True
1644,3,246,RightResponse,1765556941.196825,1390.8720955848694,False
1645,3,246,FeedbackPeriodStarted,1765556941.2033186,1390.8785874843597,False
1646,3,247,startFixDisplay,1765556943.2156317,1392.8909027576447,False
1647,3,247,startFixPeriod,1765556943.2225373,1392.8978066444397,False
1648,3,247,TargetPresentation,1765556944.0484853,1393.7237594127655,False
1649,3,247,TargetRemoval,1765556944.2078822,1393.8831534385681,True
1650,3,247,TargetReappeared,1765556944.4578557,1394.133127450943,False
1651,3,247,RightResponse,1765556945.0895524,1394.7648224830627,False
1652,3,248,FeedbackPeriodStarted,1765556945.1099844,1394.785255908966,False
1653,3,248,startFixDisplay,1765556945.1101518,1394.7854223251343,False
1654,3,248,startFixPeriod,1765556945.5264814,1395.20175242424,False
1655,3,248,TargetPresentation,1765556946.1995096,1395.8747789859772,False
1656,3,248,TargetRemoval,1765556946.386673,1396.0619413852692,True
1657,3,248,TargetReappeared,1765556946.6367218,1396.3119931221008,False
1658,3,248,LeftResponse,1765556947.754127,1397.4293990135193,False
1659,3,249,FeedbackPeriodStarted,1765556947.7746122,1397.4498839378357,False
1660,3,249,startFixDisplay,1765556947.7747457,1397.4500155448914,False
1661,3,249,startFixPeriod,1765556947.927391,1397.602662563324,False
1662,3,249,TargetPresentation,1765556948.8293476,1398.5046191215515,False
1663,3,249,TargetRemoval,1765556949.0236354,1398.6989068984985,True
1664,3,249,TargetReappeared,1765556949.2735043,1398.9487738609314,False
1665,3,249,LeftResponse,1765556949.9398348,1399.6151034832,False
1666,3,250,FeedbackPeriodStarted,1765556949.9603348,1399.6356036663055,False
1667,3,250,startFixDisplay,1765556949.9603987,1399.6356670856476,False
1668,3,250,startFixPeriod,1765556950.1617568,1399.8370265960693,False
1669,3,250,TargetPresentation,1765556951.3552651,1401.0305359363556,False
1670,3,250,TargetDisplacement,1765556951.3622346,1401.037504196167,True
1671,3,250,RightResponse,1765556952.4518933,1402.1271634101868,False
1672,3,251,FeedbackPeriodStarted,1765556952.4792917,1402.1545631885529,False
1673,3,251,startFixDisplay,1765556952.4794319,1402.1547021865845,False
1674,3,251,startFixPeriod,1765556952.7431362,1402.4184081554413,False
1675,3,251,TargetPresentation,1765556953.5202494,1403.1955211162567,False
1676,3,251,TargetRemoval,1765556953.6658156,1403.3410866260529,True
1677,3,251,TargetReappeared,1765556953.9156768,1403.5909461975098,False
1678,3,251,RightResponse,1765556954.4987876,1404.1740562915802,False
1679,3,252,FeedbackPeriodStarted,1765556954.5194108,1404.1946828365326,False
1680,3,252,startFixDisplay,1765556954.519528,1404.1947963237762,False
1681,3,252,startFixPeriod,1765556955.9836102,1405.6588814258575,False
1682,3,252,TargetPresentation,1765556957.1146119,1406.789880990982,False
1683,3,252,TargetDisplacement,1765556957.2741516,1406.9494228363037,True
1684,3,252,LeftResponse,1765556958.1001241,1407.7753932476044,False
1685,3,252,FeedbackPeriodStarted,1765556958.1069825,1407.7822539806366,False
1686,3,253,startFixDisplay,1765556960.119194,1409.7944655418396,False
1687,3,253,startFixPeriod,1765556960.1470187,1409.8222904205322,False
1688,3,253,TargetPresentation,1765556961.5834253,1411.258694410324,False
1689,3,253,TargetDisplacement,1765556961.7427888,1411.41805768013,True
1690,3,253,RightResponse,1765556962.4718516,1412.147121667862,False
1691,3,254,FeedbackPeriodStarted,1765556962.4923549,1412.1676261425018,False
1692,3,254,startFixDisplay,1765556962.4924934,1412.1677634716034,False
1693,3,254,startFixPeriod,1765556963.1238072,1412.799076795578,False
1694,3,254,TargetPresentation,1765556963.908031,1413.5833024978638,False
1695,3,254,TargetRemoval,1765556964.0674813,1413.7427525520325,True
1696,3,254,TargetReappeared,1765556964.3173962,1413.9926676750183,False
1697,3,254,RightResponse,1765556964.9631748,1414.638445854187,False
1698,3,255,FeedbackPeriodStarted,1765556964.9902751,1414.6655440330505,False
1699,3,255,startFixDisplay,1765556964.9903963,1414.6656646728516,False
1700,3,255,startFixPeriod,1765556965.1779137,1414.8531851768494,False
1701,3,255,TargetPresentation,1765556966.3644512,1416.039722919464,False
1702,3,255,TargetRemoval,1765556966.3713443,1416.0466158390045,True
1703,3,255,TargetReappeared,1765556966.6212204,1416.2964923381805,False
1704,3,255,LeftResponse,1765556967.807953,1417.4832229614258,False
1705,3,256,FeedbackPeriodStarted,1765556967.8354323,1417.5107038021088,False
1706,3,256,startFixDisplay,1765556967.8355722,1417.5108425617218,False
1707,3,256,startFixPeriod,1765556968.015945,1417.691216468811,False
1708,3,256,TargetPresentation,1765556968.5294409,1418.204712152481,False
1709,3,256,TargetDisplacement,1765556968.7235696,1418.3988406658173,True
1710,3,256,RightResponse,1765556969.2445707,1418.9198424816132,False
1711,3,257,FeedbackPeriodStarted,1765556969.2647407,1418.9400095939636,False
1712,3,257,startFixDisplay,1765556969.2648032,1418.9400713443756,False
1713,3,257,startFixPeriod,1765556969.7993042,1419.4745757579803,False
1714,3,257,TargetPresentation,1765556970.3405268,1420.0157988071442,False
1715,3,257,TargetDisplacement,1765556970.5416934,1420.2169647216797,True
1716,3,257,RightResponse,1765556971.277594,1420.9528648853302,False
1717,3,258,FeedbackPeriodStarted,1765556971.3048003,1420.98006939888,False
1718,3,258,startFixDisplay,1765556971.3048651,1420.9801332950592,False
1719,3,258,startFixPeriod,1765556971.4784553,1421.1537256240845,False
1720,3,258,TargetPresentation,1765556972.7415066,1422.4167759418488,False
1721,3,258,TargetDisplacement,1765556972.7483935,1422.4236652851105,True
1722,3,258,RightResponse,1765556973.9143538,1423.5896236896515,False
1723,3,258,FeedbackPeriodStarted,1765556973.9209177,1423.5961894989014,False
1724,3,259,startFixDisplay,1765556975.9332743,1425.6085455417633,False
1725,3,259,startFixPeriod,1765556976.6134012,1426.288670539856,False
1726,3,259,TargetPresentation,1765556977.910971,1427.586240530014,False
1727,3,259,TargetDisplacement,1765556977.9179213,1427.5931906700134,True
1728,3,259,RightResponse,1765556978.6398633,1428.315132856369,False
1729,3,260,FeedbackPeriodStarted,1765556978.660328,1428.335597038269,False
1730,3,260,startFixDisplay,1765556978.6604462,1428.3357150554657,False
1731,3,260,startFixPeriod,1765556978.833938,1428.5092098712921,False
1732,3,260,TargetPresentation,1765556980.2217515,1429.8970232009888,False
1733,3,260,TargetDisplacement,1765556980.3742056,1430.0494766235352,True
1734,3,260,FeedbackPeriodStarted,1765556982.379687,1432.0549564361572,False
1735,3,261,startFixDisplay,1765556982.893132,1432.5684032440186,False
1736,3,261,startFixPeriod,1765556982.9625685,1432.6378374099731,False
1737,3,261,TargetPresentation,1765556983.5246158,1433.1998875141144,False
1738,3,261,TargetDisplacement,1765556983.68418,1433.3594512939453,True
1739,3,261,RightResponse,1765556984.3646836,1434.0399537086487,False
1740,3,262,FeedbackPeriodStarted,1765556984.3851395,1434.0604121685028,False
1741,3,262,startFixDisplay,1765556984.3852918,1434.060562133789,False
1742,3,262,startFixPeriod,1765556987.5285125,1437.203782081604,False
1743,3,262,TargetPresentation,1765556988.7914724,1438.4667446613312,False
1744,3,262,TargetRemoval,1765556988.9718277,1438.6470992565155,True
1745,3,262,TargetReappeared,1765556989.221694,1438.8969655036926,False
1746,3,262,LeftResponse,1765556989.985337,1439.6606078147888,False
1747,3,263,FeedbackPeriodStarted,1765556990.0125206,1439.687789440155,False
1748,3,263,startFixDisplay,1765556990.0125844,1439.687852859497,False
1749,3,263,startFixPeriod,1765556990.60258,1440.2778508663177,False
1750,3,263,TargetPresentation,1765556991.761479,1441.4367501735687,False
1751,3,263,TargetDisplacement,1765556991.9139397,1441.5892114639282,True
1752,3,263,RightResponse,1765556992.594251,1442.2695202827454,False
1753,3,263,FeedbackPeriodStarted,1765556992.6356156,1442.3108870983124,False
1754,4,264,startFixDisplay,1765557011.6969929,1461.372261762619,False
1755,4,264,startFixPeriod,1765557011.7039783,1461.379246711731,False
1756,4,264,TargetPresentation,1765557012.9948971,1462.6701669692993,False
1757,4,264,TargetRemoval,1765557013.1543317,1462.8296027183533,True
1758,4,264,TargetReappeared,1765557013.4043574,1463.0796291828156,False
1759,4,264,LeftResponse,1765557014.1333423,1463.8086133003235,False
1760,4,265,FeedbackPeriodStarted,1765557014.1605132,1463.8357846736908,False
1761,4,265,startFixDisplay,1765557014.1607137,1463.8359851837158,False
1762,4,265,startFixPeriod,1765557014.3548992,1464.0301687717438,False
1763,4,265,TargetPresentation,1765557015.2084496,1464.8837213516235,False
1764,4,265,TargetRemoval,1765557015.3401487,1465.015419960022,True
1765,4,265,TargetReappeared,1765557015.5901399,1465.2654116153717,False
1766,4,265,RightResponse,1765557016.2842572,1465.9595272541046,False
1767,4,266,FeedbackPeriodStarted,1765557016.311657,1465.9869284629822,False
1768,4,266,startFixDisplay,1765557016.3117943,1465.9870645999908,False
1769,4,266,startFixPeriod,1765557016.485271,1466.1605427265167,False
1770,4,266,TargetPresentation,1765557017.942444,1467.6177158355713,False
1771,4,266,TargetDisplacement,1765557018.0671,1467.7423689365387,True
1772,4,266,LeftResponse,1765557018.9766116,1468.651882648468,False
1773,4,267,FeedbackPeriodStarted,1765557018.996986,1468.672255039215,False
1774,4,267,startFixDisplay,1765557018.9970496,1468.6723177433014,False
1775,4,267,startFixPeriod,1765557019.1844816,1468.8597531318665,False
1776,4,267,TargetPresentation,1765557019.8853672,1469.5606365203857,False
1777,4,267,TargetRemoval,1765557020.0171735,1469.6924448013306,True
1778,4,267,TargetReappeared,1765557020.2670095,1469.942280292511,False
1779,4,267,RightResponse,1765557020.801646,1470.4769167900085,False
1780,4,268,FeedbackPeriodStarted,1765557020.8290138,1470.5042855739594,False
1781,4,268,startFixDisplay,1765557020.8292089,1470.5044810771942,False
1782,4,268,startFixPeriod,1765557021.293989,1470.969259262085,False
1783,4,268,TargetPresentation,1765557022.0641956,1471.7394661903381,False
1784,4,268,TargetDisplacement,1765557022.1611786,1471.8364472389221,True
1785,4,268,RightResponse,1765557022.9736056,1472.6488771438599,False
1786,4,269,FeedbackPeriodStarted,1765557023.0009255,1472.6761968135834,False
1787,4,269,startFixDisplay,1765557023.001082,1472.6763525009155,False
1788,4,269,startFixPeriod,1765557023.1605642,1472.8358356952667,False
1789,4,269,TargetPresentation,1765557024.097398,1473.7726695537567,False
1790,4,269,TargetRemoval,1765557024.2360187,1473.9112901687622,True
1791,4,269,TargetReappeared,1765557024.4859111,1474.1611804962158,False
1792,4,269,LeftResponse,1765557025.2981877,1474.9734587669373,False
1793,4,270,FeedbackPeriodStarted,1765557025.3185031,1474.9937720298767,False
1794,4,270,startFixDisplay,1765557025.3185647,1474.993833065033,False
1795,4,270,startFixPeriod,1765557025.998682,1475.673953294754,False
1796,4,270,TargetPresentation,1765557026.7064695,1476.381741285324,False
1797,4,270,TargetRemoval,1765557026.8519435,1476.5272119045258,True
1798,4,270,TargetReappeared,1765557027.101956,1476.7772266864777,False
1799,4,270,RightResponse,1765557027.754591,1477.4298620224,False
1800,4,270,FeedbackPeriodStarted,1765557027.761115,1477.4363842010498,False
1801,4,271,startFixDisplay,1765557029.7732935,1479.4485621452332,False
1802,4,271,startFixPeriod,1765557029.7803595,1479.4556312561035,False
1803,4,271,TargetPresentation,1765557030.280098,1479.9553699493408,False
1804,4,271,TargetDisplacement,1765557030.2869759,1479.9622449874878,True
1805,4,271,LeftResponse,1765557031.3212287,1480.9964990615845,False
1806,4,272,FeedbackPeriodStarted,1765557031.3485909,1481.0238621234894,False
1807,4,272,startFixDisplay,1765557031.348729,1481.0239992141724,False
1808,4,272,startFixPeriod,1765557031.5291367,1481.2044079303741,False
1809,4,272,TargetPresentation,1765557032.4242666,1482.0995380878448,False
1810,4,272,TargetDisplacement,1765557032.6114445,1482.286715745926,True
1811,4,272,LeftResponse,1765557034.0273,1483.7025690078735,False
1812,4,273,FeedbackPeriodStarted,1765557034.05488,1483.7301495075226,False
1813,4,273,startFixDisplay,1765557034.0549507,1483.7302191257477,False
1814,4,273,startFixPeriod,1765557034.2423043,1483.9175758361816,False
1815,4,273,TargetPresentation,1765557034.769536,1484.4448058605194,False
1816,4,273,TargetDisplacement,1765557034.7765882,1484.4518580436707,True
1817,4,273,RightResponse,1765557035.83861,1485.5138809680939,False
1818,4,274,FeedbackPeriodStarted,1765557035.858976,1485.5342450141907,False
1819,4,274,startFixDisplay,1765557035.8590384,1485.5343067646027,False
1820,4,274,startFixPeriod,1765557036.039388,1485.7146573066711,False
1821,4,274,TargetPresentation,1765557037.2122064,1486.8874914646149,False
1822,4,274,TargetDisplacement,1765557037.3508346,1487.026106595993,True
1823,4,274,LeftResponse,1765557038.7180235,1488.393292427063,False
1824,4,275,FeedbackPeriodStarted,1765557038.738697,1488.4139683246613,False
1825,4,275,startFixDisplay,1765557038.7388413,1488.4141113758087,False
1826,4,275,startFixPeriod,1765557038.9676938,1488.6429634094238,False
1827,4,275,TargetPresentation,1765557039.6339252,1489.3091969490051,False
1828,4,275,TargetDisplacement,1765557039.7934568,1489.4687280654907,True
1829,4,275,LeftResponse,1765557040.7375681,1490.4128394126892,False
1830,4,276,FeedbackPeriodStarted,1765557040.7577944,1490.43306350708,False
1831,4,276,startFixDisplay,1765557040.7578592,1490.4331276416779,False
1832,4,276,startFixPeriod,1765557040.994077,1490.669349193573,False
1833,4,276,TargetPresentation,1765557041.5491352,1491.224407196045,False
1834,4,276,TargetRemoval,1765557041.694659,1491.369930267334,True
1835,4,276,TargetReappeared,1765557041.9446063,1491.6198780536652,False
1836,4,276,LeftResponse,1765557043.0273936,1492.7026634216309,False
1837,4,276,FeedbackPeriodStarted,1765557043.0409796,1492.7162487506866,False
1838,4,277,startFixDisplay,1765557045.0531557,1494.7284264564514,False
1839,4,277,startFixPeriod,1765557045.0600202,1494.7352890968323,False
1840,4,277,TargetPresentation,1765557046.0317328,1495.7070045471191,False
1841,4,277,TargetDisplacement,1765557046.1772876,1495.8525590896606,True
1842,4,277,RightResponse,1765557047.15597,1496.8312389850616,False
1843,4,278,FeedbackPeriodStarted,1765557047.1765983,1496.851870059967,False
1844,4,278,startFixDisplay,1765557047.1767435,1496.852013349533,False
1845,4,278,startFixPeriod,1765557047.3918195,1497.0670912265778,False
1846,4,278,TargetPresentation,1765557048.231416,1497.9066879749298,False
1847,4,278,TargetDisplacement,1765557048.4047477,1498.0800189971924,True
1848,4,278,LeftResponse,1765557049.27249,1498.947761297226,False
1849,4,279,FeedbackPeriodStarted,1765557049.299867,1498.9751386642456,False
1850,4,279,startFixDisplay,1765557049.3000147,1498.9752850532532,False
1851,4,279,startFixPeriod,1765557049.6677473,1499.343018770218,False
1852,4,279,TargetPresentation,1765557050.6808977,1500.356169462204,False
1853,4,279,TargetDisplacement,1765557050.8473198,1500.5225915908813,True
1854,4,279,RightResponse,1765557051.610854,1501.2861230373383,False
1855,4,280,FeedbackPeriodStarted,1765557051.6314266,1501.306697845459,False
1856,4,280,startFixDisplay,1765557051.6315658,1501.3068358898163,False
1857,4,280,startFixPeriod,1765557051.8951497,1501.5704188346863,False
1858,4,280,TargetPresentation,1765557052.7556999,1502.430971622467,False
1859,4,280,TargetDisplacement,1765557052.984461,1502.6597318649292,True
1860,4,280,RightResponse,1765557053.970311,1503.6455817222595,False
1861,4,281,FeedbackPeriodStarted,1765557053.9906843,1503.665955543518,False
1862,4,281,startFixDisplay,1765557053.9908218,1503.666092157364,False
1863,4,281,startFixPeriod,1765557054.1922467,1503.8675274848938,False
1864,4,281,TargetPresentation,1765557055.0802147,1504.7554845809937,False
1865,4,281,TargetDisplacement,1765557055.2605698,1504.9358382225037,True
1866,4,281,RightResponse,1765557056.079889,1505.755159854889,False
1867,4,282,FeedbackPeriodStarted,1765557056.1001015,1505.7753703594208,False
1868,4,282,startFixDisplay,1765557056.1001663,1505.7754349708557,False
1869,4,282,startFixPeriod,1765557056.6901324,1506.3654026985168,False
1870,4,282,TargetPresentation,1765557057.7587302,1507.4340019226074,False
1871,4,282,TargetDisplacement,1765557058.272091,1507.9473621845245,True
1872,4,282,RightResponse,1765557059.5562472,1509.2315175533295,False
1873,4,282,FeedbackPeriodStarted,1765557059.5628445,1509.2381138801575,False
1874,4,283,startFixDisplay,1765557061.574938,1511.250206708908,False
1875,4,283,startFixPeriod,1765557062.0887113,1511.76398229599,False
1876,4,283,TargetPresentation,1765557063.3793893,1513.054659128189,False
1877,4,283,TargetDisplacement,1765557063.5527673,1513.2280385494232,True
1878,4,283,RightResponse,1765557064.5452309,1514.2205004692078,False
1879,4,284,FeedbackPeriodStarted,1765557064.5658321,1514.2411036491394,False
1880,4,284,startFixDisplay,1765557064.5659168,1514.2411847114563,False
1881,4,284,startFixPeriod,1765557067.7854981,1517.4607677459717,False
1882,4,284,TargetPresentation,1765557068.2922401,1517.9675114154816,False
1883,4,284,TargetRemoval,1765557068.4793992,1518.1546704769135,True
1884,4,284,TargetReappeared,1765557068.729422,1518.4046959877014,False
1885,4,284,LeftResponse,1765557069.7844064,1519.4596774578094,False
1886,4,285,FeedbackPeriodStarted,1765557069.8117132,1519.4869849681854,False
1887,4,285,startFixDisplay,1765557069.8118582,1519.4871282577515,False
1888,4,285,startFixPeriod,1765557070.4084673,1520.0837388038635,False
1889,4,285,TargetPresentation,1765557071.6021478,1521.2774193286896,False
1890,4,285,TargetDisplacement,1765557071.7616267,1521.4368975162506,True
1891,4,285,LeftResponse,1765557073.0666301,1522.741901397705,False
1892,4,286,FeedbackPeriodStarted,1765557073.0870874,1522.7623591423035,False
1893,4,286,startFixDisplay,1765557073.0872602,1522.7625317573547,False
1894,4,286,startFixPeriod,1765557073.2813492,1522.9566197395325,False
1895,4,286,TargetPresentation,1765557074.7524712,1524.4277431964874,False
1896,4,286,TargetDisplacement,1765557074.8981385,1524.5734102725983,True
1897,4,286,RightResponse,1765557075.9252408,1525.600510597229,False
1898,4,287,FeedbackPeriodStarted,1765557075.9528081,1525.6280798912048,False
1899,4,287,startFixDisplay,1765557075.9529552,1525.6282250881195,False
1900,4,287,startFixPeriod,1765557076.3484592,1526.0237309932709,False
1901,4,287,TargetPresentation,1765557076.8758235,1526.5510952472687,False
1902,4,287,TargetDisplacement,1765557076.8827505,1526.5580196380615,True
1903,4,287,LeftResponse,1765557077.9378192,1527.6130900382996,False
1904,4,288,FeedbackPeriodStarted,1765557077.9652195,1527.6404917240143,False
1905,4,288,startFixDisplay,1765557077.9653654,1527.6406354904175,False
1906,4,288,startFixPeriod,1765557078.1317945,1527.8070659637451,False
1907,4,288,TargetPresentation,1765557079.1518424,1528.8271119594574,False
1908,4,288,TargetRemoval,1765557079.713731,1529.389002084732,True
1909,4,288,TargetReappeared,1765557079.9636984,1529.638970375061,False
1910,4,288,RightResponse,1765557080.9007661,1530.5760371685028,False
1911,4,288,FeedbackPeriodStarted,1765557080.9072173,1530.582486152649,False
1912,4,289,startFixDisplay,1765557082.91957,1532.5948412418365,False
1913,4,289,startFixPeriod,1765557084.293572,1533.9688410758972,False
1914,4,289,TargetPresentation,1765557085.029244,1534.7045142650604,False
1915,4,289,TargetDisplacement,1765557085.1955397,1534.8708109855652,True
1916,4,289,RightResponse,1765557086.368687,1536.0439579486847,False
1917,4,290,FeedbackPeriodStarted,1765557086.3891292,1536.0644006729126,False
1918,4,290,startFixDisplay,1765557086.389271,1536.0645413398743,False
1919,4,290,startFixPeriod,1765557086.6182065,1536.293476343155,False
1920,4,290,TargetPresentation,1765557087.4856367,1537.1609082221985,False
1921,4,290,TargetDisplacement,1765557087.624256,1537.299527168274,True
1922,4,290,RightResponse,1765557088.5962288,1538.2714989185333,False
1923,4,291,FeedbackPeriodStarted,1765557088.6234777,1538.2987492084503,False
1924,4,291,startFixDisplay,1765557088.6236155,1538.2988855838776,False
1925,4,291,startFixPeriod,1765557088.8109987,1538.4862687587738,False
1926,4,291,TargetPresentation,1765557089.8795006,1539.5547697544098,False
1927,4,291,TargetDisplacement,1765557089.9071648,1539.58243393898,True
1928,4,291,RightResponse,1765557091.2814133,1540.9566824436188,False
1929,4,292,FeedbackPeriodStarted,1765557091.3019483,1540.977219581604,False
1930,4,292,startFixDisplay,1765557091.302044,1540.9773120880127,False
1931,4,292,startFixPeriod,1765557091.4547768,1541.1300485134125,False
1932,4,292,TargetPresentation,1765557092.349894,1542.0251636505127,False
1933,4,292,TargetDisplacement,1765557092.4468584,1542.1221299171448,True
1934,4,292,RightResponse,1765557093.5715332,1543.2468042373657,False
1935,4,293,FeedbackPeriodStarted,1765557093.5918682,1543.2671401500702,False
1936,4,293,startFixDisplay,1765557093.5920224,1543.2672910690308,False
1937,4,293,startFixPeriod,1765557094.3760915,1544.0513620376587,False
1938,4,293,TargetPresentation,1765557095.8333225,1545.5085937976837,False
1939,4,293,TargetDisplacement,1765557095.9719658,1545.6472368240356,True
1940,4,293,RightResponse,1765557097.4505079,1547.125778913498,False
1941,4,294,FeedbackPeriodStarted,1765557097.4710972,1547.1463663578033,False
1942,4,294,startFixDisplay,1765557097.4711637,1547.1464319229126,False
1943,4,294,startFixPeriod,1765557097.6512804,1547.3265497684479,False
1944,4,294,TargetPresentation,1765557098.275844,1547.9511156082153,False
1945,4,294,TargetDisplacement,1765557098.282838,1547.9581079483032,True
1946,4,294,RightResponse,1765557099.4280176,1549.1032872200012,False
1947,4,294,FeedbackPeriodStarted,1765557099.4416504,1549.1169221401215,False
1948,4,295,startFixDisplay,1765557101.453775,1551.1290459632874,False
1949,4,295,startFixPeriod,1765557101.7384524,1551.413724899292,False
1950,4,295,TargetPresentation,1765557102.404602,1552.0798738002777,False
1951,4,295,TargetDisplacement,1765557102.550182,1552.2254507541656,True
1952,4,295,RightResponse,1765557103.2306712,1552.9059419631958,False
1953,4,296,FeedbackPeriodStarted,1765557103.2579484,1552.933219909668,False
1954,4,296,startFixDisplay,1765557103.2581298,1552.9333982467651,False
1955,4,296,startFixPeriod,1765557103.4246054,1553.0998787879944,False
1956,4,296,TargetPresentation,1765557103.9796455,1553.6549167633057,False
1957,4,296,TargetDisplacement,1765557104.1253657,1553.800636768341,True
1958,4,296,LeftResponse,1765557105.2219372,1554.8972072601318,False
1959,4,297,FeedbackPeriodStarted,1765557105.2494535,1554.9247250556946,False
1960,4,297,startFixDisplay,1765557105.2495947,1554.9248650074005,False
1961,4,297,startFixPeriod,1765557105.4022546,1555.0775258541107,False
1962,4,297,TargetPresentation,1765557106.2071075,1555.8823773860931,False
1963,4,297,TargetDisplacement,1765557106.3319016,1556.007172346115,True
1964,4,297,RightResponse,1765557107.1789944,1556.8542656898499,False
1965,4,298,FeedbackPeriodStarted,1765557107.1993558,1556.8746273517609,False
1966,4,298,startFixDisplay,1765557107.1995153,1556.8747861385345,False
1967,4,298,startFixPeriod,1765557107.3729384,1557.04820895195,False
1968,4,298,TargetPresentation,1765557108.6011631,1558.2764332294464,False
1969,4,298,TargetDisplacement,1765557108.7397945,1558.4150655269623,True
1970,4,298,RightResponse,1765557109.6354256,1559.3106966018677,False
1971,4,299,FeedbackPeriodStarted,1765557109.6627347,1559.3380060195923,False
1972,4,299,startFixDisplay,1765557109.6628664,1559.3381357192993,False
1973,4,299,startFixPeriod,1765557109.8779602,1559.5532314777374,False
1974,4,299,TargetPresentation,1765557111.3421323,1561.0174045562744,False
1975,4,299,TargetRemoval,1765557111.5085728,1561.1838443279266,True
1976,4,299,TargetReappeared,1765557111.758512,1561.4337844848633,False
1977,4,299,LeftResponse,1765557112.556646,1562.2319159507751,False
1978,4,300,FeedbackPeriodStarted,1765557112.5840375,1562.259309053421,False
1979,4,300,startFixDisplay,1765557112.58421,1562.2594802379608,False
1980,4,300,startFixPeriod,1765557113.1948318,1562.8701038360596,False
1981,4,300,TargetPresentation,1765557114.478442,1564.1537113189697,False
1982,4,300,TargetDisplacement,1765557114.6588497,1564.3341207504272,True
1983,4,300,RightResponse,1765557115.3253858,1565.0006549358368,False
1984,4,300,FeedbackPeriodStarted,1765557115.3319895,1565.007259130478,False
1985,4,301,startFixDisplay,1765557117.344267,1567.0195379257202,False
1986,4,301,startFixPeriod,1765557117.3651595,1567.0404303073883,False
1987,4,301,TargetPresentation,1765557118.5517876,1568.2270591259003,False
1988,4,301,TargetDisplacement,1765557118.7042751,1568.3795461654663,True
1989,4,301,RightResponse,1765557119.8356724,1569.5109424591064,False
1990,4,302,FeedbackPeriodStarted,1765557119.8562431,1569.5315144062042,False
1991,4,302,startFixDisplay,1765557119.8563826,1569.53165268898,False
1992,4,302,startFixPeriod,1765557120.0367703,1569.7120413780212,False
1993,4,302,TargetPresentation,1765557120.9041178,1570.5793874263763,False
1994,4,302,TargetRemoval,1765557121.1051686,1570.7804372310638,True
1995,4,302,TargetReappeared,1765557121.35517,1571.0304396152496,False
1996,4,302,LeftResponse,1765557122.146591,1571.8218624591827,False
1997,4,303,FeedbackPeriodStarted,1765557122.1669528,1571.8422243595123,False
1998,4,303,startFixDisplay,1765557122.1671195,1571.8423898220062,False
1999,4,303,startFixPeriod,1765557122.534797,1572.2100687026978,False
2000,4,303,TargetPresentation,1765557123.5339715,1573.2092406749725,False
2001,4,303,TargetRemoval,1765557123.7280617,1573.4033300876617,True
2002,4,303,TargetReappeared,1765557123.9781573,1573.653428554535,False
2003,4,303,RightResponse,1765557124.804223,1574.4794940948486,False
2004,4,304,FeedbackPeriodStarted,1765557124.8244286,1574.4996974468231,False
2005,4,304,startFixDisplay,1765557124.824491,1574.499759197235,False
2006,4,304,startFixPeriod,1765557125.1508274,1574.8260984420776,False
2007,4,304,TargetPresentation,1765557126.0112822,1575.6865556240082,False
2008,4,304,TargetDisplacement,1765557126.1568286,1575.8320972919464,True
2009,4,304,LeftResponse,1765557126.9622896,1576.6375603675842,False
2010,4,305,FeedbackPeriodStarted,1765557126.9895613,1576.664832830429,False
2011,4,305,startFixDisplay,1765557126.9897022,1576.6649720668793,False
2012,4,305,startFixPeriod,1765557127.170078,1576.84534907341,False
2013,4,305,TargetPresentation,1765557127.6766348,1577.3519065380096,False
2014,4,305,TargetRemoval,1765557127.6835856,1577.3588571548462,True
2015,4,305,TargetReappeared,1765557127.9333956,1577.6086673736572,False
2016,4,305,LeftResponse,1765557129.5573802,1579.2326502799988,False
2017,4,306,FeedbackPeriodStarted,1765557129.5848217,1579.2600910663605,False
2018,4,306,startFixDisplay,1765557129.584885,1579.2601532936096,False
2019,4,306,startFixPeriod,1765557130.0497954,1579.7250671386719,False
2020,4,306,TargetPresentation,1765557131.305778,1580.9810478687286,False
2021,4,306,TargetRemoval,1765557131.4235597,1581.0988306999207,True
2022,4,306,TargetReappeared,1765557131.673454,1581.3487241268158,False
2023,4,306,RightResponse,1765557132.4092007,1582.08446931839,False
2024,4,306,FeedbackPeriodStarted,1765557132.415957,1582.0912261009216,False
2025,4,307,startFixDisplay,1765557134.428228,1584.1034994125366,False
2026,4,307,startFixPeriod,1765557134.6365192,1584.3117904663086,False
2027,4,307,TargetPresentation,1765557135.469176,1585.1444458961487,False
2028,4,307,TargetDisplacement,1765557135.6355717,1585.3108427524567,True
2029,4,307,LeftResponse,1765557137.0723488,1586.7476177215576,False
2030,4,308,FeedbackPeriodStarted,1765557137.092802,1586.7680733203888,False
2031,4,308,startFixDisplay,1765557137.0929306,1586.7682008743286,False
2032,4,308,startFixPeriod,1765557137.2941587,1586.969428062439,False
2033,4,308,TargetPresentation,1765557138.2655454,1587.940815448761,False
2034,4,308,TargetRemoval,1765557138.4181767,1588.093445301056,True
2035,4,308,TargetReappeared,1765557138.6680725,1588.3433434963226,False
2036,4,308,RightResponse,1765557139.1819146,1588.857185602188,False
2037,4,309,FeedbackPeriodStarted,1765557139.2092202,1588.8844890594482,False
2038,4,309,startFixDisplay,1765557139.2092848,1588.8845529556274,False
2039,4,309,startFixPeriod,1765557142.7968361,1592.4721076488495,False
2040,4,309,TargetPresentation,1765557143.9140222,1593.589293718338,False
2041,4,309,TargetDisplacement,1765557143.9209678,1593.5962371826172,True
2042,4,309,RightResponse,1765557145.5103803,1595.185652256012,False
2043,4,310,FeedbackPeriodStarted,1765557145.5306525,1595.205923318863,False
2044,4,310,startFixDisplay,1765557145.5307908,1595.206060886383,False
2045,4,310,startFixPeriod,1765557145.72515,1595.4004218578339,False
2046,4,310,TargetPresentation,1765557147.161413,1596.8366820812225,False
2047,4,310,TargetRemoval,1765557147.30707,1596.9823393821716,True
2048,4,310,TargetReappeared,1765557147.5569098,1597.2321813106537,False
2049,4,310,RightResponse,1765557148.1888359,1597.864107131958,False
2050,4,311,FeedbackPeriodStarted,1765557148.2091248,1597.8843936920166,False
2051,4,311,startFixDisplay,1765557148.209188,1597.884456396103,False
2052,4,311,startFixPeriod,1765557148.9656658,1598.6409375667572,False
2053,4,311,TargetPresentation,1765557150.1175392,1599.792810678482,False
2054,4,311,TargetRemoval,1765557150.3256469,1600.0009179115295,True
2055,4,311,TargetReappeared,1765557150.5755155,1600.250786781311,False
2056,4,311,LeftResponse,1765557151.9565403,1601.6318106651306,False
2057,4,312,FeedbackPeriodStarted,1765557151.9840286,1601.659300327301,False
2058,4,312,startFixDisplay,1765557151.9842305,1601.6594998836517,False
2059,4,312,startFixPeriod,1765557152.178435,1601.8537058830261,False
2060,4,312,TargetPresentation,1765557152.76133,1602.436601638794,False
2061,4,312,TargetDisplacement,1765557152.9276857,1602.6029570102692,True
2062,4,312,RightResponse,1765557153.712295,1603.3875660896301,False
2063,4,312,FeedbackPeriodStarted,1765557153.7187517,1603.3940234184265,False
2064,4,313,startFixDisplay,1765557155.7309537,1605.4062225818634,False
2065,4,313,startFixPeriod,1765557155.9811003,1605.6563708782196,False
2066,4,313,TargetPresentation,1765557156.9178064,1606.593078136444,False
2067,4,313,TargetDisplacement,1765557157.070333,1606.7456040382385,True
2068,4,313,LeftResponse,1765557158.0564923,1607.7317650318146,False
2069,4,314,FeedbackPeriodStarted,1765557158.0904136,1607.7656836509705,False
2070,4,314,startFixDisplay,1765557158.0905151,1607.7657842636108,False
2071,4,314,startFixPeriod,1765557158.4513214,1608.126592874527,False
2072,4,314,TargetPresentation,1765557159.6309361,1609.3062076568604,False
2073,4,314,TargetDisplacement,1765557159.7833886,1609.4586572647095,True
2074,4,314,LeftResponse,1765557160.6788514,1610.3541207313538,False
2075,4,315,FeedbackPeriodStarted,1765557160.7063632,1610.3816344738007,False
2076,4,315,startFixDisplay,1765557160.7065027,1610.3817727565765,False
2077,4,315,startFixPeriod,1765557160.9008322,1610.576103925705,False
2078,4,315,TargetPresentation,1765557161.636414,1611.311686515808,False
2079,4,315,TargetRemoval,1765557161.7889552,1611.4642264842987,True
2080,4,315,TargetReappeared,1765557162.0388322,1611.7141036987305,False
2081,4,315,LeftResponse,1765557162.7262447,1612.4015154838562,False
2082,4,316,FeedbackPeriodStarted,1765557162.7533054,1612.4285740852356,False
2083,4,316,startFixDisplay,1765557162.7533655,1612.428633928299,False
2084,4,316,startFixPeriod,1765557163.0171463,1612.692415714264,False
2085,4,316,TargetPresentation,1765557164.2662868,1613.9415588378906,False
2086,4,316,TargetDisplacement,1765557164.4118211,1614.0870926380157,True
2087,4,316,RightResponse,1765557165.446267,1615.1215379238129,False
2088,4,317,FeedbackPeriodStarted,1765557165.4736226,1615.1488947868347,False
2089,4,317,startFixDisplay,1765557165.4737692,1615.1490397453308,False
2090,4,317,startFixPeriod,1765557165.6402445,1615.315515756607,False
2091,4,317,TargetPresentation,1765557166.1466386,1615.82190990448,False
2092,4,317,TargetDisplacement,1765557166.1535723,1615.8288435935974,True
2093,4,317,RightResponse,1765557167.0351937,1616.7104637622833,False
2094,4,318,FeedbackPeriodStarted,1765557167.0626926,1616.7379641532898,False
2095,4,318,startFixDisplay,1765557167.062822,1616.7380921840668,False
2096,4,318,startFixPeriod,1765557167.2432036,1616.9184749126434,False
2097,4,318,TargetPresentation,1765557168.1521602,1617.8274314403534,False
2098,4,318,TargetDisplacement,1765557168.3393815,1618.01465010643,True
2099,4,318,LeftResponse,1765557169.2627573,1618.9380288124084,False
2100,4,318,FeedbackPeriodStarted,1765557169.2763422,1618.9516141414642,False
2101,4,319,startFixDisplay,1765557171.2884777,1620.9637491703033,False
2102,4,319,startFixPeriod,1765557171.4898176,1621.1650891304016,False
2103,4,319,TargetPresentation,1765557172.343316,1622.018588066101,False
2104,4,319,TargetDisplacement,1765557172.4888368,1622.16410779953,True
2105,4,319,LeftResponse,1765557173.2808263,1622.9560973644257,False
2106,4,320,FeedbackPeriodStarted,1765557173.3007634,1622.9760346412659,False
2107,4,320,startFixDisplay,1765557173.3008957,1622.976166009903,False
2108,4,320,startFixPeriod,1765557173.6339924,1623.3092641830444,False
2109,4,320,TargetPresentation,1765557174.5292177,1624.2044885158539,False
2110,4,320,TargetRemoval,1765557174.6884556,1624.36372423172,True
2111,4,320,TargetReappeared,1765557174.9385371,1624.6138088703156,False
2112,4,320,RightResponse,1765557175.9172952,1625.5925664901733,False
2113,4,321,FeedbackPeriodStarted,1765557175.944542,1625.6198134422302,False
2114,4,321,startFixDisplay,1765557175.9446805,1625.6199505329132,False
2115,4,321,startFixPeriod,1765557176.277706,1625.952977180481,False
2116,4,321,TargetPresentation,1765557177.1518705,1626.8271398544312,False
2117,4,321,TargetDisplacement,1765557177.3254302,1627.0006988048553,True
2118,4,321,LeftResponse,1765557178.5263855,1628.2016565799713,False
2119,4,322,FeedbackPeriodStarted,1765557178.5537145,1628.2289865016937,False
2120,4,322,startFixDisplay,1765557178.5538697,1628.2291402816772,False
2121,4,322,startFixPeriod,1765557178.7341874,1628.4094579219818,False
2122,4,322,TargetPresentation,1765557179.5251713,1629.2004404067993,False
2123,4,322,TargetDisplacement,1765557179.6915765,1629.3668477535248,True
2124,4,322,RightResponse,1765557180.483582,1630.1588506698608,False
2125,4,323,FeedbackPeriodStarted,1765557180.5105886,1630.1858599185944,False
2126,4,323,startFixDisplay,1765557180.5107286,1630.185998916626,False
2127,4,323,startFixPeriod,1765557181.03097,1630.7062411308289,False
2128,4,323,TargetPresentation,1765557182.1759615,1631.8512334823608,False
2129,4,323,TargetDisplacement,1765557182.3216746,1631.996946811676,True
2130,4,323,LeftResponse,1765557183.0367362,1632.7120072841644,False
2131,4,324,FeedbackPeriodStarted,1765557183.0570974,1632.732366323471,False
2132,4,324,startFixDisplay,1765557183.0571585,1632.7324266433716,False
2133,4,324,startFixPeriod,1765557183.2445672,1632.919838666916,False
2134,4,324,TargetPresentation,1765557183.8482897,1633.5235614776611,False
2135,4,324,TargetRemoval,1765557183.993917,1633.669188261032,True
2136,4,324,TargetReappeared,1765557184.2436872,1633.9189586639404,False
2137,4,324,LeftResponse,1765557185.506901,1635.1821720600128,False
2138,4,324,FeedbackPeriodStarted,1765557185.520389,1635.1956582069397,False
2139,4,325,startFixDisplay,1765557187.53274,1637.2080113887787,False
2140,4,325,startFixPeriod,1765557187.5675633,1637.242832660675,False
2141,4,325,TargetPresentation,1765557188.865228,1638.5404996871948,False
2142,4,325,TargetRemoval,1765557189.0316696,1638.7069408893585,True
2143,4,325,TargetReappeared,1765557189.2814336,1638.9567050933838,False
2144,4,325,LeftResponse,1765557190.038268,1639.7135393619537,False
2145,4,326,FeedbackPeriodStarted,1765557190.0584788,1639.7337477207184,False
2146,4,326,startFixDisplay,1765557190.0585415,1639.733809709549,False
2147,4,326,startFixPeriod,1765557190.7803922,1640.4556639194489,False
2148,4,326,TargetPresentation,1765557192.209795,1641.8850667476654,False
2149,4,326,TargetRemoval,1765557192.3761125,1642.0513808727264,True
2150,4,326,TargetReappeared,1765557192.6262584,1642.3015296459198,False
2151,4,326,LeftResponse,1765557193.2579489,1642.933219909668,False
2152,4,327,FeedbackPeriodStarted,1765557193.2783122,1642.9535837173462,False
2153,4,327,startFixDisplay,1765557193.2784526,1642.9537227153778,False
2154,4,327,startFixPeriod,1765557194.3540065,1644.0292782783508,False
2155,4,327,TargetPresentation,1765557195.4989223,1645.174194097519,False
2156,4,327,TargetDisplacement,1765557195.6931744,1645.3684453964233,True
2157,4,327,LeftResponse,1765557196.5954933,1646.2707629203796,False
2158,4,328,FeedbackPeriodStarted,1765557196.6229382,1646.2982099056244,False
2159,4,328,startFixDisplay,1765557196.6230888,1646.2983593940735,False
2160,4,328,startFixPeriod,1765557196.8381915,1646.5134630203247,False
2161,4,328,TargetPresentation,1765557197.414179,1647.0894508361816,False
2162,4,328,TargetDisplacement,1765557197.580464,1647.2557349205017,True
2163,4,328,RightResponse,1765557198.4692109,1648.1444821357727,False
2164,4,329,FeedbackPeriodStarted,1765557198.48944,1648.164708852768,False
2165,4,329,startFixDisplay,1765557198.4895024,1648.1647708415985,False
2166,4,329,startFixPeriod,1765557200.5505846,1650.2258560657501,False
2167,4,329,TargetPresentation,1765557201.5012543,1651.1765246391296,False
2168,4,329,TargetRemoval,1765557201.6051826,1651.2804536819458,True
2169,4,329,TargetReappeared,1765557201.8551488,1651.5304203033447,False
2170,4,329,LeftResponse,1765557202.9446785,1652.6199486255646,False
2171,4,329,FeedbackPeriodStarted,1765557202.9860895,1652.661361694336,False
2172,5,330,startFixDisplay,1765557224.4276702,1674.102941274643,False
2173,5,330,startFixPeriod,1765557224.663727,1674.3389976024628,False
2174,5,330,TargetPresentation,1765557225.3923945,1675.0676662921906,False
2175,5,330,TargetDisplacement,1765557225.3993354,1675.074607372284,True
2176,5,330,RightResponse,1765557226.2253425,1675.9006135463715,False
2177,5,331,FeedbackPeriodStarted,1765557226.252721,1675.9279925823212,False
2178,5,331,startFixDisplay,1765557226.252866,1675.9281361103058,False
2179,5,331,startFixPeriod,1765557226.4054184,1676.0806901454926,False
2180,5,331,TargetPresentation,1765557227.3699808,1677.0452506542206,False
2181,5,331,TargetDisplacement,1765557227.5225613,1677.1978302001953,True
2182,5,331,LeftResponse,1765557228.050365,1677.7256345748901,False
2183,5,332,FeedbackPeriodStarted,1765557228.0706148,1677.7458837032318,False
2184,5,332,startFixDisplay,1765557228.0706782,1677.7459464073181,False
2185,5,332,startFixPeriod,1765557228.5427165,1678.2179880142212,False
2186,5,332,TargetPresentation,1765557229.6043966,1679.2796680927277,False
2187,5,332,TargetRemoval,1765557229.7360857,1679.411357164383,True
2188,5,332,TargetReappeared,1765557229.9860184,1679.661289691925,False
2189,5,332,LeftResponse,1765557230.5136247,1680.1888935565948,False
2190,5,333,FeedbackPeriodStarted,1765557230.5411963,1680.2164678573608,False
2191,5,333,startFixDisplay,1765557230.5413907,1680.2166612148285,False
2192,5,333,startFixPeriod,1765557230.7216494,1680.3969204425812,False
2193,5,333,TargetPresentation,1765557232.0192094,1681.6944813728333,False
2194,5,333,TargetDisplacement,1765557232.171677,1681.84694814682,True
2195,5,333,LeftResponse,1765557233.1644948,1682.8397645950317,False
2196,5,334,FeedbackPeriodStarted,1765557233.1917663,1682.8670377731323,False
2197,5,334,startFixDisplay,1765557233.1918948,1682.8671650886536,False
2198,5,334,startFixPeriod,1765557233.4555764,1683.1308462619781,False
2199,5,334,TargetPresentation,1765557234.5034006,1684.1786704063416,False
2200,5,334,TargetDisplacement,1765557234.6350734,1684.3103454113007,True
2201,5,334,RightResponse,1765557235.7318342,1685.4071049690247,False
2202,5,335,FeedbackPeriodStarted,1765557235.759251,1685.4345226287842,False
2203,5,335,startFixDisplay,1765557235.7593703,1685.4346385002136,False
2204,5,335,startFixPeriod,1765557235.946686,1685.621957540512,False
2205,5,335,TargetPresentation,1765557237.2581925,1686.9334642887115,False
2206,5,335,TargetDisplacement,1765557237.4107573,1687.0860290527344,True
2207,5,335,LeftResponse,1765557238.6323893,1688.30765914917,False
2208,5,336,FeedbackPeriodStarted,1765557238.652852,1688.3281235694885,False
2209,5,336,startFixDisplay,1765557238.6530025,1688.3282725811005,False
2210,5,336,startFixPeriod,1765557238.8197303,1688.4950003623962,False
2211,5,336,TargetPresentation,1765557240.2002857,1689.8755581378937,False
2212,5,336,TargetDisplacement,1765557240.352921,1690.0281925201416,True
2213,5,336,LeftResponse,1765557241.2622175,1690.9374885559082,False
2214,5,336,FeedbackPeriodStarted,1765557241.26882,1690.9440913200378,False
2215,5,337,startFixDisplay,1765557243.2810655,1692.9563343524933,False
2216,5,337,startFixPeriod,1765557244.4816763,1694.156946182251,False
2217,5,337,TargetPresentation,1765557245.0506165,1694.725886106491,False
2218,5,337,TargetRemoval,1765557245.05761,1694.7328815460205,True
2219,5,337,TargetReappeared,1765557245.3074667,1694.9827361106873,False
2220,5,337,LeftResponse,1765557246.4180398,1696.0933105945587,False
2221,5,338,FeedbackPeriodStarted,1765557246.4384184,1696.1136898994446,False
2222,5,338,startFixDisplay,1765557246.43858,1696.113850593567,False
2223,5,338,startFixPeriod,1765557246.6119921,1696.287263393402,False
2224,5,338,TargetPresentation,1765557247.7847078,1697.4599778652191,False
2225,5,338,TargetDisplacement,1765557247.7985342,1697.4738030433655,True
2226,5,338,LeftResponse,1765557248.9228227,1698.5980920791626,False
2227,5,339,FeedbackPeriodStarted,1765557248.950412,1698.6256837844849,False
2228,5,339,startFixDisplay,1765557248.9505591,1698.6258432865143,False
2229,5,339,startFixPeriod,1765557249.2419195,1698.9171907901764,False
2230,5,339,TargetPresentation,1765557250.0121768,1699.687448501587,False
2231,5,339,TargetDisplacement,1765557250.157676,1699.8329446315765,True
2232,5,339,RightResponse,1765557251.2128096,1700.8880789279938,False
2233,5,340,FeedbackPeriodStarted,1765557251.2333412,1700.908612728119,False
2234,5,340,startFixDisplay,1765557251.2334785,1700.9087488651276,False
2235,5,340,startFixPeriod,1765557251.4554963,1701.130767583847,False
2236,5,340,TargetPresentation,1765557252.55875,1702.2340190410614,False
2237,5,340,TargetDisplacement,1765557252.5656168,1702.2408864498138,True
2238,5,340,RightResponse,1765557253.5098078,1703.1850788593292,False
2239,5,341,FeedbackPeriodStarted,1765557253.5370204,1703.2122919559479,False
2240,5,341,startFixDisplay,1765557253.5373356,1703.2126078605652,False
2241,5,341,startFixPeriod,1765557255.5564532,1705.2317249774933,False
2242,5,341,TargetPresentation,1765557256.1879704,1705.8632431030273,False
2243,5,341,TargetDisplacement,1765557256.3334465,1706.0087177753448,True
2244,5,341,RightResponse,1765557256.9928923,1706.6681611537933,False
2245,5,342,FeedbackPeriodStarted,1765557257.0135145,1706.688785791397,False
2246,5,342,startFixDisplay,1765557257.0136502,1706.6889204978943,False
2247,5,342,startFixPeriod,1765557257.1802647,1706.8555364608765,False
2248,5,342,TargetPresentation,1765557258.4015076,1708.0767769813538,False
2249,5,342,TargetDisplacement,1765557258.5540304,1708.2293014526367,True
2250,5,342,LeftResponse,1765557259.713041,1709.3883106708527,False
2251,5,342,FeedbackPeriodStarted,1765557259.719786,1709.3950552940369,False
2252,5,343,startFixDisplay,1765557261.7321746,1711.4074475765228,False
2253,5,343,startFixPeriod,1765557262.210986,1711.8862574100494,False
2254,5,343,TargetPresentation,1765557263.5779347,1713.2532045841217,False
2255,5,343,TargetRemoval,1765557263.7304058,1713.40567445755,True
2256,5,343,TargetReappeared,1765557263.980389,1713.655659198761,False
2257,5,343,RightResponse,1765557264.653803,1714.3290729522705,False
2258,5,344,FeedbackPeriodStarted,1765557264.6742113,1714.3494822978973,False
2259,5,344,startFixDisplay,1765557264.6743512,1714.3496210575104,False
2260,5,344,startFixPeriod,1765557264.8616302,1714.536899805069,False
2261,5,344,TargetPresentation,1765557266.332806,1716.00807762146,False
2262,5,344,TargetDisplacement,1765557266.4714026,1716.146671295166,True
2263,5,344,RightResponse,1765557267.1797445,1716.8550159931183,False
2264,5,345,FeedbackPeriodStarted,1765557267.2069535,1716.8822255134583,False
2265,5,345,startFixDisplay,1765557267.207099,1716.88236951828,False
2266,5,345,startFixPeriod,1765557267.935706,1717.610976934433,False
2267,5,345,TargetPresentation,1765557269.1708882,1718.8461592197418,False
2268,5,345,TargetRemoval,1765557269.3582067,1719.0334784984589,True
2269,5,345,TargetReappeared,1765557269.6080098,1719.2832791805267,False
2270,5,345,LeftResponse,1765557270.2606137,1719.9358835220337,False
2271,5,346,FeedbackPeriodStarted,1765557270.287939,1719.9632108211517,False
2272,5,346,startFixDisplay,1765557270.2880926,1719.9633631706238,False
2273,5,346,startFixPeriod,1765557271.016771,1720.692040681839,False
2274,5,346,TargetPresentation,1765557272.0158722,1721.6911425590515,False
2275,5,346,TargetDisplacement,1765557272.1683776,1721.843646287918,True
2276,5,346,RightResponse,1765557273.0293453,1722.7046165466309,False
2277,5,347,FeedbackPeriodStarted,1765557273.0496852,1722.7249565124512,False
2278,5,347,startFixDisplay,1765557273.0498226,1722.725093126297,False
2279,5,347,startFixPeriod,1765557273.660416,1723.335687637329,False
2280,5,347,TargetPresentation,1765557275.138579,1724.8138508796692,False
2281,5,347,TargetDisplacement,1765557275.2701507,1724.9454216957092,True
2282,5,347,RightResponse,1765557276.50568,1726.1809492111206,False
2283,5,348,FeedbackPeriodStarted,1765557276.526068,1726.201337337494,False
2284,5,348,startFixDisplay,1765557276.5261388,1726.2014071941376,False
2285,5,348,startFixPeriod,1765557276.6927345,1726.3680045604706,False
2286,5,348,TargetPresentation,1765557277.2757058,1726.9509770870209,False
2287,5,348,TargetDisplacement,1765557277.4073331,1727.0826041698456,True
2288,5,348,LeftResponse,1765557278.8786502,1728.5539190769196,False
2289,5,348,FeedbackPeriodStarted,1765557278.88547,1728.5607388019562,False
2290,5,349,startFixDisplay,1765557280.8977184,1730.5729875564575,False
2291,5,349,startFixPeriod,1765557280.9047968,1730.5800688266754,False
2292,5,349,TargetPresentation,1765557282.2302039,1731.905475616455,False
2293,5,349,TargetRemoval,1765557282.2372153,1731.9124875068665,True
2294,5,349,TargetReappeared,1765557282.4869225,1732.1621940135956,False
2295,5,349,LeftResponse,1765557284.3052304,1733.9805014133453,False
2296,5,350,FeedbackPeriodStarted,1765557284.3256636,1734.0009348392487,False
2297,5,350,startFixDisplay,1765557284.3257995,1734.0010697841644,False
2298,5,350,startFixPeriod,1765557284.8808653,1734.5561354160309,False
2299,5,350,TargetPresentation,1765557286.1159227,1735.7911939620972,False
2300,5,350,TargetRemoval,1765557286.261503,1735.9367716312408,True
2301,5,350,TargetReappeared,1765557286.5114572,1736.1867263317108,False
2302,5,350,LeftResponse,1765557287.3863137,1737.061585187912,False
2303,5,351,FeedbackPeriodStarted,1765557287.413478,1737.0887470245361,False
2304,5,351,startFixDisplay,1765557287.4135447,1737.088812828064,False
2305,5,351,startFixPeriod,1765557287.587026,1737.2622957229614,False
2306,5,351,TargetPresentation,1765557288.2810466,1737.95631814003,False
2307,5,351,TargetDisplacement,1765557288.4335291,1738.1088001728058,True
2308,5,351,RightResponse,1765557289.8356445,1739.5109148025513,False
2309,5,352,FeedbackPeriodStarted,1765557289.8559291,1739.5311980247498,False
2310,5,352,startFixDisplay,1765557289.8559933,1739.5312614440918,False
2311,5,352,startFixPeriod,1765557290.0226345,1739.6979041099548,False
2312,5,352,TargetPresentation,1765557290.7652404,1740.4405117034912,False
2313,5,352,TargetDisplacement,1765557290.9245927,1740.5998611450195,True
2314,5,352,RightResponse,1765557292.035486,1741.7107548713684,False
2315,5,353,FeedbackPeriodStarted,1765557292.055647,1741.7309160232544,False
2316,5,353,startFixDisplay,1765557292.0557096,1741.730978012085,False
2317,5,353,startFixPeriod,1765557297.2740443,1746.9493160247803,False
2318,5,353,TargetPresentation,1765557298.2454498,1747.9207191467285,False
2319,5,353,TargetRemoval,1765557298.3980908,1748.0733621120453,True
2320,5,353,TargetReappeared,1765557298.6479578,1748.323227405548,False
2321,5,353,LeftResponse,1765557299.3004506,1748.975721359253,False
2322,5,354,FeedbackPeriodStarted,1765557299.3208997,1748.9961714744568,False
2323,5,354,startFixDisplay,1765557299.3210342,1748.9963047504425,False
2324,5,354,startFixPeriod,1765557299.57783,1749.2531006336212,False
2325,5,354,TargetPresentation,1765557300.7296953,1750.4049670696259,False
2326,5,354,TargetDisplacement,1765557300.8682115,1750.5434801578522,True
2327,5,354,FeedbackPeriodStarted,1765557302.8738737,1752.5491454601288,False
2328,5,355,startFixDisplay,1765557305.385586,1755.0608558654785,False
2329,5,355,startFixPeriod,1765557305.3926241,1755.0678944587708,False
2330,5,355,TargetPresentation,1765557306.6069624,1756.2822337150574,False
2331,5,355,TargetDisplacement,1765557306.7595723,1756.4348435401917,True
2332,5,355,RightResponse,1765557307.9811585,1757.6564280986786,False
2333,5,356,FeedbackPeriodStarted,1765557308.0015798,1757.67684841156,False
2334,5,356,startFixDisplay,1765557308.0016997,1757.6769683361053,False
2335,5,356,startFixPeriod,1765557308.3348947,1758.0101664066315,False
2336,5,356,TargetPresentation,1765557309.6741092,1759.349381685257,False
2337,5,356,TargetDisplacement,1765557309.8197026,1759.4949712753296,True
2338,5,356,RightResponse,1765557310.6598008,1760.3350720405579,False
2339,5,357,FeedbackPeriodStarted,1765557310.6871037,1760.3623759746552,False
2340,5,357,startFixDisplay,1765557310.6872296,1760.3624982833862,False
2341,5,357,startFixPeriod,1765557311.4366024,1761.1118738651276,False
2342,5,357,TargetPresentation,1765557312.0679967,1761.743268251419,False
2343,5,357,TargetDisplacement,1765557312.199805,1761.8750758171082,True
2344,5,357,RightResponse,1765557313.0747845,1762.7500562667847,False
2345,5,358,FeedbackPeriodStarted,1765557313.1018786,1762.7771496772766,False
2346,5,358,startFixDisplay,1765557313.102015,1762.7772853374481,False
2347,5,358,startFixPeriod,1765557313.2684934,1762.9437625408173,False
2348,5,358,TargetPresentation,1765557313.9832659,1763.658537864685,False
2349,5,358,TargetRemoval,1765557314.1358542,1763.8111250400543,True
2350,5,358,TargetReappeared,1765557314.3857534,1764.0610253810883,False
2351,5,358,LeftResponse,1765557314.9272318,1764.6025025844574,False
2352,5,359,FeedbackPeriodStarted,1765557314.9545324,1764.6298019886017,False
2353,5,359,startFixDisplay,1765557314.9546182,1764.6298866271973,False
2354,5,359,startFixPeriod,1765557315.5376143,1765.2128851413727,False
2355,5,359,TargetPresentation,1765557316.134465,1765.8097372055054,False
2356,5,359,TargetDisplacement,1765557316.2591074,1765.9343783855438,True
2357,5,359,RightResponse,1765557317.5708985,1767.2461688518524,False
2358,5,360,FeedbackPeriodStarted,1765557317.5983665,1767.2736382484436,False
2359,5,360,startFixDisplay,1765557317.5985065,1767.2737770080566,False
2360,5,360,startFixPeriod,1765557318.1049562,1767.7802255153656,False
2361,5,360,TargetPresentation,1765557319.340263,1769.0155346393585,False
2362,5,360,TargetDisplacement,1765557319.4996693,1769.1749403476715,True
2363,5,360,LeftResponse,1765557320.339756,1770.0150272846222,False
2364,5,360,FeedbackPeriodStarted,1765557320.3533254,1770.0285964012146,False
2365,5,361,startFixDisplay,1765557322.3655255,1772.0407946109772,False
2366,5,361,startFixPeriod,1765557322.6986418,1772.3739113807678,False
2367,5,361,TargetPresentation,1765557323.635557,1773.310828447342,False
2368,5,361,TargetDisplacement,1765557323.7673476,1773.4426188468933,True
2369,5,361,RightResponse,1765557325.0511765,1774.7264454364777,False
2370,5,362,FeedbackPeriodStarted,1765557325.0786805,1774.7539496421814,False
2371,5,362,startFixDisplay,1765557325.0787432,1774.754011631012,False
2372,5,362,startFixPeriod,1765557325.5645733,1775.239844083786,False
2373,5,362,TargetPresentation,1765557326.7858179,1776.461086988449,False
2374,5,362,TargetDisplacement,1765557326.9452784,1776.620549917221,True
2375,5,362,RightResponse,1765557328.292016,1777.96728682518,False
2376,5,363,FeedbackPeriodStarted,1765557328.3193104,1777.9945821762085,False
2377,5,363,startFixDisplay,1765557328.3194585,1777.9947290420532,False
2378,5,363,startFixPeriod,1765557328.9785976,1778.6538693904877,False
2379,5,363,TargetPresentation,1765557330.2831552,1779.958426952362,False
2380,5,363,TargetDisplacement,1765557330.4772925,1780.15256357193,True
2381,5,363,RightResponse,1765557331.2826414,1780.9579124450684,False
2382,5,364,FeedbackPeriodStarted,1765557331.3029132,1780.9781820774078,False
2383,5,364,startFixDisplay,1765557331.3029757,1780.9782440662384,False
2384,5,364,startFixPeriod,1765557331.8305292,1781.5058007240295,False
2385,5,364,TargetPresentation,1765557332.732685,1782.4079575538635,False
2386,5,364,TargetRemoval,1765557332.8920345,1782.5673055648804,True
2387,5,364,TargetReappeared,1765557333.1419718,1782.8172416687012,False
2388,5,364,LeftResponse,1765557333.683565,1783.3588347434998,False
2389,5,365,FeedbackPeriodStarted,1765557333.7109423,1783.386211156845,False
2390,5,365,startFixDisplay,1765557333.7110083,1783.3862764835358,False
2391,5,365,startFixPeriod,1765557333.9122722,1783.5875437259674,False
2392,5,365,TargetPresentation,1765557334.807395,1784.4826669692993,False
2393,5,365,TargetDisplacement,1765557334.9598708,1784.6351392269135,True
2394,5,365,RightResponse,1765557335.6542754,1785.3295454978943,False
2395,5,366,FeedbackPeriodStarted,1765557335.6815994,1785.3568713665009,False
2396,5,366,startFixDisplay,1765557335.6818,1785.357072353363,False
2397,5,366,startFixPeriod,1765557335.8482156,1785.5234870910645,False
2398,5,366,TargetPresentation,1765557336.5976787,1786.2729494571686,False
2399,5,366,TargetDisplacement,1765557336.7501519,1786.4254231452942,True
2400,5,366,LeftResponse,1765557337.9094872,1787.584758758545,False
2401,5,366,FeedbackPeriodStarted,1765557337.9229896,1787.5982611179352,False
2402,5,367,startFixDisplay,1765557339.9352736,1789.6105453968048,False
2403,5,367,startFixPeriod,1765557339.9422517,1789.6175229549408,False
2404,5,367,TargetPresentation,1765557340.9831703,1790.6584417819977,False
2405,5,367,TargetRemoval,1765557340.9900358,1790.6653051376343,True
2406,5,367,TargetReappeared,1765557341.239903,1790.9151751995087,False
2407,5,367,LeftResponse,1765557343.189843,1792.8651130199432,False
2408,5,368,FeedbackPeriodStarted,1765557343.2173462,1792.8926177024841,False
2409,5,368,startFixDisplay,1765557343.217483,1792.892753124237,False
2410,5,368,startFixPeriod,1765557343.5853045,1793.260576248169,False
2411,5,368,TargetPresentation,1765557344.869015,1794.5442867279053,False
2412,5,368,TargetDisplacement,1765557345.0146585,1794.6899271011353,True
2413,5,368,LeftResponse,1765557346.1321287,1795.8073983192444,False
2414,5,369,FeedbackPeriodStarted,1765557346.1525817,1795.8278505802155,False
2415,5,369,startFixDisplay,1765557346.1526442,1795.827912569046,False
2416,5,369,startFixPeriod,1765557346.6315885,1796.306859254837,False
2417,5,369,TargetPresentation,1765557347.6654525,1797.3407244682312,False
2418,5,369,TargetDisplacement,1765557347.790203,1797.4654741287231,True
2419,5,369,RightResponse,1765557348.6303296,1798.305600643158,False
2420,5,370,FeedbackPeriodStarted,1765557348.6575732,1798.332844734192,False
2421,5,370,startFixDisplay,1765557348.657709,1798.332978963852,False
2422,5,370,startFixPeriod,1765557348.845034,1798.5203032493591,False
2423,5,370,TargetPresentation,1765557350.3023112,1799.9775826931,False
2424,5,370,TargetDisplacement,1765557350.447806,1800.123076915741,True
2425,5,370,RightResponse,1765557351.225442,1800.9007108211517,False
2426,5,371,FeedbackPeriodStarted,1765557351.2457652,1800.9210348129272,False
2427,5,371,startFixDisplay,1765557351.2458427,1800.9211111068726,False
2428,5,371,startFixPeriod,1765557351.4055967,1801.0808672904968,False
2429,5,371,TargetPresentation,1765557352.2174652,1801.892736673355,False
2430,5,371,TargetRemoval,1765557352.3422513,1802.0175211429596,True
2431,5,371,TargetReappeared,1765557352.5922089,1802.2674806118011,False
2432,5,371,LeftResponse,1765557353.3207843,1802.996052980423,False
2433,5,372,FeedbackPeriodStarted,1765557353.341458,1803.016729593277,False
2434,5,372,startFixDisplay,1765557353.3415995,1803.0168697834015,False
2435,5,372,startFixPeriod,1765557353.6469538,1803.3222250938416,False
2436,5,372,TargetPresentation,1765557354.403267,1804.0785381793976,False
2437,5,372,TargetDisplacement,1765557354.4102986,1804.085571527481,True
2438,5,372,LeftResponse,1765557355.2361617,1804.9114310741425,False
2439,5,372,FeedbackPeriodStarted,1765557355.2427936,1804.9180624485016,False
2440,5,373,startFixDisplay,1765557357.2549403,1806.9302089214325,False
2441,5,373,startFixPeriod,1765557358.032408,1807.7076799869537,False
2442,5,373,TargetPresentation,1765557359.4063325,1809.0816040039062,False
2443,5,373,TargetDisplacement,1765557359.5795443,1809.2548129558563,True
2444,5,373,RightResponse,1765557360.4197538,1810.0950248241425,False
2445,5,374,FeedbackPeriodStarted,1765557360.4401577,1810.1154294013977,False
2446,5,374,startFixDisplay,1765557360.440294,1810.115564584732,False
2447,5,374,startFixPeriod,1765557360.620702,1810.2959752082825,False
2448,5,374,TargetPresentation,1765557361.7170331,1811.3923032283783,False
2449,5,374,TargetDisplacement,1765557361.8626869,1811.5379583835602,True
2450,5,374,RightResponse,1765557362.806756,1812.482027053833,False
2451,5,375,FeedbackPeriodStarted,1765557362.8341238,1812.5093958377838,False
2452,5,375,startFixDisplay,1765557362.8342714,1812.5095419883728,False
2453,5,375,startFixPeriod,1765557363.1047924,1812.7800631523132,False
2454,5,375,TargetPresentation,1765557364.1456926,1813.8209626674652,False
2455,5,375,TargetRemoval,1765557364.2911665,1813.9664351940155,True
2456,5,375,TargetReappeared,1765557364.541213,1814.2164845466614,False
2457,5,375,RightResponse,1765557365.4922867,1815.1675584316254,False
2458,5,376,FeedbackPeriodStarted,1765557365.519479,1815.1947503089905,False
2459,5,376,startFixDisplay,1765557365.5196204,1815.1948907375336,False
2460,5,376,startFixPeriod,1765557365.7971978,1815.472469329834,False
2461,5,376,TargetPresentation,1765557367.2266297,1816.9019014835358,False
2462,5,376,TargetDisplacement,1765557367.3861012,1817.061372756958,True
2463,5,376,LeftResponse,1765557368.2677484,1817.9430179595947,False
2464,5,377,FeedbackPeriodStarted,1765557368.2950094,1817.9702780246735,False
2465,5,377,startFixDisplay,1765557368.2950833,1817.9703516960144,False
2466,5,377,startFixPeriod,1765557369.0377371,1818.7130088806152,False
2467,5,377,TargetPresentation,1765557370.4187152,1820.0939874649048,False
2468,5,377,TargetDisplacement,1765557370.5711389,1820.246409893036,True
2469,5,377,RightResponse,1765557371.2098632,1820.8851318359375,False
2470,5,378,FeedbackPeriodStarted,1765557371.2303345,1820.9056034088135,False
2471,5,378,startFixDisplay,1765557371.2303984,1820.9056668281555,False
2472,5,378,startFixPeriod,1765557371.410906,1821.0861778259277,False
2473,5,378,TargetPresentation,1765557372.0839162,1821.7591853141785,False
2474,5,378,TargetDisplacement,1765557372.2504344,1821.9257056713104,True
2475,5,378,LeftResponse,1765557372.743467,1822.4187381267548,False
2476,5,378,FeedbackPeriodStarted,1765557372.7500944,1822.4253640174866,False
2477,5,379,startFixDisplay,1765557374.7623324,1824.4376039505005,False
2478,5,379,startFixPeriod,1765557375.012209,1824.6874787807465,False
2479,5,379,TargetPresentation,1765557375.824074,1825.4993438720703,False
2480,5,379,TargetDisplacement,1765557375.9835675,1825.6588387489319,True
2481,5,379,LeftResponse,1765557377.0456893,1826.720960855484,False
2482,5,380,FeedbackPeriodStarted,1765557377.0730412,1826.7483100891113,False
2483,5,380,startFixDisplay,1765557377.073115,1826.7483835220337,False
2484,5,380,startFixPeriod,1765557377.2396572,1826.9149289131165,False
2485,5,380,TargetPresentation,1765557377.8781362,1827.5534052848816,False
2486,5,380,TargetDisplacement,1765557377.8849332,1827.5602023601532,True
2487,5,380,LeftResponse,1765557378.697154,1828.3724236488342,False
2488,5,381,FeedbackPeriodStarted,1765557378.717644,1828.3929135799408,False
2489,5,381,startFixDisplay,1765557378.7177303,1828.3929991722107,False
2490,5,381,startFixPeriod,1765557379.2102876,1828.885558128357,False
2491,5,381,TargetPresentation,1765557380.2651467,1829.9404184818268,False
2492,5,381,TargetDisplacement,1765557380.3899195,1830.0651881694794,True
2493,5,381,RightResponse,1765557381.25079,1830.9260613918304,False
2494,5,382,FeedbackPeriodStarted,1765557381.2780783,1830.9533474445343,False
2495,5,382,startFixDisplay,1765557381.2782972,1830.9535677433014,False
2496,5,382,startFixPeriod,1765557381.4308891,1831.106160402298,False
2497,5,382,TargetPresentation,1765557382.5410514,1832.216320514679,False
2498,5,382,TargetDisplacement,1765557382.7144358,1832.3897078037262,True
2499,5,382,LeftResponse,1765557383.6169658,1833.2922358512878,False
2500,5,383,FeedbackPeriodStarted,1765557383.6443279,1833.319599866867,False
2501,5,383,startFixDisplay,1765557383.6444683,1833.31973862648,False
2502,5,383,startFixPeriod,1765557383.8247306,1833.50000166893,False
2503,5,383,TargetPresentation,1765557384.5881376,1834.26340675354,False
2504,5,383,TargetDisplacement,1765557384.5950043,1834.2702736854553,True
2505,5,383,RightResponse,1765557386.156519,1835.8317885398865,False
2506,5,384,FeedbackPeriodStarted,1765557386.1840413,1835.8593111038208,False
2507,5,384,startFixDisplay,1765557386.1842062,1835.8594756126404,False
2508,5,384,startFixPeriod,1765557386.3576171,1836.0328891277313,False
2509,5,384,TargetPresentation,1765557387.0515196,1836.7267916202545,False
2510,5,384,TargetDisplacement,1765557387.1901767,1836.8654477596283,True
2511,5,384,RightResponse,1765557388.1482253,1837.8234963417053,False
2512,5,384,FeedbackPeriodStarted,1765557388.1616716,1837.8369405269623,False
2513,5,385,startFixDisplay,1765557390.1739457,1839.8492147922516,False
2514,5,385,startFixPeriod,1765557390.7361214,1840.411390542984,False
2515,5,385,TargetPresentation,1765557391.7492416,1841.4245119094849,False
2516,5,385,TargetDisplacement,1765557391.8878593,1841.5631279945374,True
2517,5,385,RightResponse,1765557392.58917,1842.264438867569,False
2518,5,386,FeedbackPeriodStarted,1765557392.6094902,1842.2847609519958,False
2519,5,386,startFixDisplay,1765557392.609631,1842.2849004268646,False
2520,5,386,startFixPeriod,1765557392.7970152,1842.472286939621,False
2521,5,386,TargetPresentation,1765557393.3729196,1843.0481910705566,False
2522,5,386,TargetDisplacement,1765557393.5254507,1843.2007193565369,True
2523,5,386,LeftResponse,1765557394.5529535,1844.2282238006592,False
2524,5,387,FeedbackPeriodStarted,1765557394.5802453,1844.2555162906647,False
2525,5,387,startFixDisplay,1765557394.5803907,1844.255660533905,False
2526,5,387,startFixPeriod,1765557394.830281,1844.5055530071259,False
2527,5,387,TargetPresentation,1765557395.905747,1845.581016778946,False
2528,5,387,TargetDisplacement,1765557396.0236497,1845.6989212036133,True
2529,5,387,LeftResponse,1765557396.8356764,1846.5109453201294,False
2530,5,388,FeedbackPeriodStarted,1765557396.8562772,1846.5315487384796,False
2531,5,388,startFixDisplay,1765557396.856417,1846.531687259674,False
2532,5,388,startFixPeriod,1765557397.0992408,1846.7745113372803,False
2533,5,388,TargetPresentation,1765557397.8764055,1847.5516769886017,False
2534,5,388,TargetDisplacement,1765557398.1399643,1847.8152329921722,True
2535,5,388,RightResponse,1765557399.035528,1848.7107982635498,False
2536,5,389,FeedbackPeriodStarted,1765557399.062997,1848.7382686138153,False
2537,5,389,startFixDisplay,1765557399.0631702,1848.7384405136108,False
2538,5,389,startFixPeriod,1765557400.284441,1849.9597129821777,False
2539,5,389,TargetPresentation,1765557401.3252041,1851.000476360321,False
2540,5,389,TargetDisplacement,1765557401.3320386,1851.007307767868,True
2541,5,389,LeftResponse,1765557402.178778,1851.854046344757,False
2542,5,390,FeedbackPeriodStarted,1765557402.1992288,1851.8744976520538,False
2543,5,390,startFixDisplay,1765557402.199293,1851.874561548233,False
2544,5,390,startFixPeriod,1765557402.7823153,1852.4575867652893,False
2545,5,390,TargetPresentation,1765557403.3929572,1853.0682287216187,False
2546,5,390,TargetDisplacement,1765557403.448383,1853.1236543655396,True
2547,5,390,LeftResponse,1765557404.4825766,1854.15784740448,False
2548,5,390,FeedbackPeriodStarted,1765557404.4893007,1854.1645722389221,False
2549,5,391,startFixDisplay,1765557406.5015323,1856.1768052577972,False
2550,5,391,startFixPeriod,1765557406.7306712,1856.4059429168701,False
2551,5,391,TargetPresentation,1765557408.1184025,1857.793672323227,False
2552,5,391,TargetRemoval,1765557408.2780144,1857.953285932541,True
2553,5,391,TargetReappeared,1765557408.527884,1858.2031557559967,False
2554,5,391,LeftResponse,1765557409.3607793,1859.0360479354858,False
2555,5,392,FeedbackPeriodStarted,1765557409.381159,1859.0564279556274,False
2556,5,392,startFixDisplay,1765557409.381221,1859.0564892292023,False
2557,5,392,startFixPeriod,1765557409.9295273,1859.6047987937927,False
2558,5,392,TargetPresentation,1765557410.5679743,1860.2432460784912,False
2559,5,392,TargetDisplacement,1765557410.7205718,1860.3958432674408,True
2560,5,392,RightResponse,1765557411.4285657,1861.1038353443146,False
2561,5,393,FeedbackPeriodStarted,1765557411.4561214,1861.1313905715942,False
2562,5,393,startFixDisplay,1765557411.4561887,1861.1314570903778,False
2563,5,393,startFixPeriod,1765557411.6434293,1861.3187007904053,False
2564,5,393,TargetPresentation,1765557412.850878,1862.5261471271515,False
2565,5,393,TargetDisplacement,1765557412.989536,1862.6648070812225,True
2566,5,393,LeftResponse,1765557413.746424,1863.4216949939728,False
2567,5,394,FeedbackPeriodStarted,1765557413.7738123,1863.4490838050842,False
2568,5,394,startFixDisplay,1765557413.7739575,1863.4492275714874,False
2569,5,394,startFixPeriod,1765557414.1068923,1863.7821636199951,False
2570,5,394,TargetPresentation,1765557415.3559525,1865.0312218666077,False
2571,5,394,TargetDisplacement,1765557415.529196,1865.204464673996,True
2572,5,394,RightResponse,1765557416.1958332,1865.8711018562317,False
2573,5,395,FeedbackPeriodStarted,1765557416.216606,1865.891877412796,False
2574,5,395,startFixDisplay,1765557416.2168612,1865.8921360969543,False
2575,5,395,startFixPeriod,1765557416.8062131,1866.481484413147,False
2576,5,395,TargetPresentation,1765557417.590316,1867.2655878067017,False
2577,5,395,TargetDisplacement,1765557417.5970757,1867.272347688675,True
2578,5,395,RightResponse,1765557418.3400474,1868.0153181552887,False
2579,5,395,FeedbackPeriodStarted,1765557418.3812406,1868.0565118789673,False
2580,6,396,startFixDisplay,1765557471.3609338,1921.0362071990967,False
2581,6,396,startFixPeriod,1765557471.5552466,1921.2305159568787,False
2582,6,396,TargetPresentation,1765557472.117321,1921.7925927639008,False
2583,6,396,TargetRemoval,1765557472.2837458,1921.9590167999268,True
2584,6,396,TargetReappeared,1765557472.5338,1922.2090713977814,False
2585,6,396,RightResponse,1765557473.241606,1922.9168756008148,False
2586,6,397,FeedbackPeriodStarted,1765557473.269223,1922.9444952011108,False
2587,6,397,startFixDisplay,1765557473.269394,1922.9446642398834,False
2588,6,397,startFixPeriod,1765557473.4635231,1923.1387946605682,False
2589,6,397,TargetPresentation,1765557474.3239825,1923.9992518424988,False
2590,6,397,TargetDisplacement,1765557474.455734,1924.131005525589,True
2591,6,397,LeftResponse,1765557475.1983747,1924.873643398285,False
2592,6,398,FeedbackPeriodStarted,1765557475.2190359,1924.8943085670471,False
2593,6,398,startFixDisplay,1765557475.2193556,1924.8946278095245,False
2594,6,398,startFixPeriod,1765557475.4065478,1925.0818192958832,False
2595,6,398,TargetPresentation,1765557476.4612327,1926.136503458023,False
2596,6,398,TargetDisplacement,1765557476.641345,1926.3166136741638,True
2597,6,398,LeftResponse,1765557477.7730284,1927.4482996463776,False
2598,6,399,FeedbackPeriodStarted,1765557477.8003721,1927.4756412506104,False
2599,6,399,startFixDisplay,1765557477.8004327,1927.4757008552551,False
2600,6,399,startFixPeriod,1765557477.9878662,1927.6631383895874,False
2601,6,399,TargetPresentation,1765557478.7858083,1928.4610800743103,False
2602,6,399,TargetDisplacement,1765557478.931343,1928.6066114902496,True
2603,6,399,RightResponse,1765557479.5215693,1929.1968393325806,False
2604,6,400,FeedbackPeriodStarted,1765557479.5490048,1929.2242760658264,False
2605,6,400,startFixDisplay,1765557479.5491679,1929.2244381904602,False
2606,6,400,startFixPeriod,1765557479.819674,1929.4949452877045,False
2607,6,400,TargetPresentation,1765557480.8953042,1930.57057595253,False
2608,6,400,TargetRemoval,1765557481.061658,1930.7369287014008,True
2609,6,400,TargetReappeared,1765557481.3115482,1930.9868178367615,False
2610,6,400,RightResponse,1765557482.3249571,1932.000227689743,False
2611,6,401,FeedbackPeriodStarted,1765557482.3522913,1932.0275604724884,False
2612,6,401,startFixDisplay,1765557482.3523564,1932.0276246070862,False
2613,6,401,startFixPeriod,1765557482.5398338,1932.2151052951813,False
2614,6,401,TargetPresentation,1765557483.3585439,1933.0338129997253,False
2615,6,401,TargetDisplacement,1765557483.5250094,1933.2002804279327,True
2616,6,401,RightResponse,1765557484.5593326,1934.2346024513245,False
2617,6,402,FeedbackPeriodStarted,1765557484.5796556,1934.2549245357513,False
2618,6,402,startFixDisplay,1765557484.579719,1934.2549877166748,False
2619,6,402,startFixPeriod,1765557484.7325642,1934.4078361988068,False
2620,6,402,TargetPresentation,1765557485.7804327,1935.4557039737701,False
2621,6,402,TargetDisplacement,1765557485.9191873,1935.5944592952728,True
2622,6,402,RightResponse,1765557486.828154,1936.5034229755402,False
2623,6,402,FeedbackPeriodStarted,1765557486.8349903,1936.510261297226,False
2624,6,403,startFixDisplay,1765557488.8472567,1938.5225279331207,False
2625,6,403,startFixPeriod,1765557488.8542151,1938.5294864177704,False
2626,6,403,TargetPresentation,1765557489.6868975,1939.3621690273285,False
2627,6,403,TargetDisplacement,1765557489.8534794,1939.528748035431,True
2628,6,403,RightResponse,1765557490.4854083,1940.1606931686401,False
2629,6,404,FeedbackPeriodStarted,1765557490.5125632,1940.1878321170807,False
2630,6,404,startFixDisplay,1765557490.5126235,1940.187891960144,False
2631,6,404,startFixPeriod,1765557490.686416,1940.3616878986359,False
2632,6,404,TargetPresentation,1765557491.8796947,1941.5549635887146,False
2633,6,404,TargetDisplacement,1765557492.0670173,1941.742288351059,True
2634,6,404,RightResponse,1765557493.753476,1943.428745508194,False
2635,6,405,FeedbackPeriodStarted,1765557493.7809808,1943.4562647342682,False
2636,6,405,startFixDisplay,1765557493.7810817,1943.4563500881195,False
2637,6,405,startFixPeriod,1765557493.9545505,1943.6298208236694,False
2638,6,405,TargetPresentation,1765557494.5651872,1944.2404563426971,False
2639,6,405,TargetRemoval,1765557494.7037978,1944.3790667057037,True
2640,6,405,TargetReappeared,1765557494.9537435,1944.629014968872,False
2641,6,405,LeftResponse,1765557495.6203768,1945.295646429062,False
2642,6,406,FeedbackPeriodStarted,1765557495.6475885,1945.3228600025177,False
2643,6,406,startFixDisplay,1765557495.6477253,1945.3229954242706,False
2644,6,406,startFixPeriod,1765557495.8420014,1945.5172731876373,False
2645,6,406,TargetPresentation,1765557497.1534793,1946.8287508487701,False
2646,6,406,TargetDisplacement,1765557497.3267968,1947.002067565918,True
2647,6,406,RightResponse,1765557497.9655528,1947.6408219337463,False
2648,6,407,FeedbackPeriodStarted,1765557497.9930515,1947.668345451355,False
2649,6,407,startFixDisplay,1765557497.9932125,1947.6684827804565,False
2650,6,407,startFixPeriod,1765557498.1735146,1947.8487854003906,False
2651,6,407,TargetPresentation,1765557499.304588,1948.9798600673676,False
2652,6,407,TargetDisplacement,1765557499.4710207,1949.1462938785553,True
2653,6,407,LeftResponse,1765557500.9563284,1950.6315972805023,False
2654,6,408,FeedbackPeriodStarted,1765557500.976796,1950.6520676612854,False
2655,6,408,startFixDisplay,1765557500.9769454,1950.652215719223,False
2656,6,408,startFixPeriod,1765557501.1434145,1950.8186841011047,False
2657,6,408,TargetPresentation,1765557502.6005392,1952.275808095932,False
2658,6,408,TargetDisplacement,1765557502.7739801,1952.4492511749268,True
2659,6,408,LeftResponse,1765557503.7804623,1953.4557313919067,False
2660,6,408,FeedbackPeriodStarted,1765557503.787207,1953.4624781608582,False
2661,6,409,startFixDisplay,1765557505.8063126,1955.4815838336945,False
2662,6,409,startFixPeriod,1765557505.8133364,1955.4886095523834,False
2663,6,409,TargetPresentation,1765557506.3546681,1956.0299401283264,False
2664,6,409,TargetDisplacement,1765557506.507177,1956.1824481487274,True
2665,6,409,LeftResponse,1765557508.2144718,1957.8897409439087,False
2666,6,410,FeedbackPeriodStarted,1765557508.241963,1957.9172344207764,False
2667,6,410,startFixDisplay,1765557508.2421246,1957.91739487648,False
2668,6,410,startFixPeriod,1765557508.4016623,1958.0769333839417,False
2669,6,410,TargetPresentation,1765557509.5048857,1959.1801574230194,False
2670,6,410,TargetRemoval,1765557509.6366131,1959.3118817806244,True
2671,6,410,TargetReappeared,1765557509.88659,1959.5618612766266,False
2672,6,410,RightResponse,1765557510.4282029,1960.1034722328186,False
2673,6,411,FeedbackPeriodStarted,1765557510.4487345,1960.1240031719208,False
2674,6,411,startFixDisplay,1765557510.4488096,1960.1240785121918,False
2675,6,411,startFixPeriod,1765557510.9690254,1960.6442964076996,False
2676,6,411,TargetPresentation,1765557511.4964128,1961.1716840267181,False
2677,6,411,TargetDisplacement,1765557511.662918,1961.3381896018982,True
2678,6,411,RightResponse,1765557512.3432913,1962.018560886383,False
2679,6,412,FeedbackPeriodStarted,1765557512.370812,1962.046083688736,False
2680,6,412,startFixDisplay,1765557512.3709557,1962.0462260246277,False
2681,6,412,startFixPeriod,1765557513.0368526,1962.7121238708496,False
2682,6,412,TargetPresentation,1765557514.0154264,1963.6906995773315,False
2683,6,412,TargetDisplacement,1765557514.1886415,1963.863909959793,True
2684,6,412,RightResponse,1765557515.2161856,1964.891456604004,False
2685,6,413,FeedbackPeriodStarted,1765557515.2434716,1964.9187407493591,False
2686,6,413,startFixDisplay,1765557515.243538,1964.918806552887,False
2687,6,413,startFixPeriod,1765557515.4309444,1965.1062161922455,False
2688,6,413,TargetPresentation,1765557516.7701828,1966.4454545974731,False
2689,6,413,TargetDisplacement,1765557516.7909126,1966.4661841392517,True
2690,6,413,LeftResponse,1765557517.7557106,1967.4309813976288,False
2691,6,414,FeedbackPeriodStarted,1765557517.7831862,1967.4584577083588,False
2692,6,414,startFixDisplay,1765557517.7833433,1967.4586124420166,False
2693,6,414,startFixPeriod,1765557517.9567466,1967.632018327713,False
2694,6,414,TargetPresentation,1765557519.0946534,1968.7699251174927,False
2695,6,414,TargetDisplacement,1765557519.2334027,1968.9086737632751,True
2696,6,414,RightResponse,1765557520.4894528,1970.1647214889526,False
2697,6,414,FeedbackPeriodStarted,1765557520.49631,1970.1715791225433,False
2698,6,415,startFixDisplay,1765557522.5086951,1972.1839666366577,False
2699,6,415,startFixPeriod,1765557522.5156696,1972.1909413337708,False
2700,6,415,TargetPresentation,1765557523.0222495,1972.6975193023682,False
2701,6,415,TargetDisplacement,1765557523.1747737,1972.8500452041626,True
2702,6,415,RightResponse,1765557523.9037282,1973.5789985656738,False
2703,6,416,FeedbackPeriodStarted,1765557523.9312167,1973.6064887046814,False
2704,6,416,startFixDisplay,1765557523.9313645,1973.6066346168518,False
2705,6,416,startFixPeriod,1765557524.3198373,1973.9951086044312,False
2706,6,416,TargetPresentation,1765557525.374514,1975.0497834682465,False
2707,6,416,TargetDisplacement,1765557525.5549262,1975.2301969528198,True
2708,6,416,LeftResponse,1765557526.4504302,1976.1257011890411,False
2709,6,417,FeedbackPeriodStarted,1765557526.4778633,1976.1531329154968,False
2710,6,417,startFixDisplay,1765557526.4779556,1976.153223991394,False
2711,6,417,startFixPeriod,1765557526.700002,1976.3752739429474,False
2712,6,417,TargetPresentation,1765557527.5257065,1977.2009770870209,False
2713,6,417,TargetDisplacement,1765557527.6712887,1977.3465602397919,True
2714,6,417,RightResponse,1765557528.4348595,1978.1101288795471,False
2715,6,418,FeedbackPeriodStarted,1765557528.4623618,1978.1376333236694,False
2716,6,418,startFixDisplay,1765557528.4625008,1978.1377711296082,False
2717,6,418,startFixPeriod,1765557528.6776388,1978.3529102802277,False
2718,6,418,TargetPresentation,1765557530.0861516,1979.7614233493805,False
2719,6,418,TargetDisplacement,1765557530.2387302,1979.9140014648438,True
2720,6,418,LeftResponse,1765557531.8350286,1981.5102984905243,False
2721,6,419,FeedbackPeriodStarted,1765557531.8625257,1981.5377974510193,False
2722,6,419,startFixDisplay,1765557531.8626676,1981.5379374027252,False
2723,6,419,startFixPeriod,1765557532.0153718,1981.6906473636627,False
2724,6,419,TargetPresentation,1765557533.1116064,1982.786877632141,False
2725,6,419,TargetRemoval,1765557533.2711525,1982.94642329216,True
2726,6,419,TargetReappeared,1765557533.5210063,1983.1962776184082,False
2727,6,419,LeftResponse,1765557534.1664345,1983.8417038917542,False
2728,6,420,FeedbackPeriodStarted,1765557534.1940277,1983.8692996501923,False
2729,6,420,startFixDisplay,1765557534.1941962,1983.8694665431976,False
2730,6,420,startFixPeriod,1765557534.4301088,1984.1053807735443,False
2731,6,420,TargetPresentation,1765557535.5264034,1985.2016730308533,False
2732,6,420,TargetRemoval,1765557535.6789353,1985.3542063236237,True
2733,6,420,TargetReappeared,1765557535.928913,1985.604184627533,False
2734,6,420,LeftResponse,1765557536.9007232,1986.57599401474,False
2735,6,420,FeedbackPeriodStarted,1765557536.9071758,1986.582447052002,False
2736,6,421,startFixDisplay,1765557538.919369,1988.5946378707886,False
2737,6,421,startFixPeriod,1765557539.01675,1988.6920204162598,False
2738,6,421,TargetPresentation,1765557540.2726872,1989.9479563236237,False
2739,6,421,TargetDisplacement,1765557540.4322052,1990.107476234436,True
2740,6,421,LeftResponse,1765557541.2305918,1990.905861377716,False
2741,6,422,FeedbackPeriodStarted,1765557541.2580433,1990.933315038681,False
2742,6,422,startFixDisplay,1765557541.2582173,1990.9334874153137,False
2743,6,422,startFixPeriod,1765557541.5912075,1991.2664790153503,False
2744,6,422,TargetPresentation,1765557542.8402739,1992.515543937683,False
2745,6,422,TargetRemoval,1765557542.985748,1992.6610164642334,True
2746,6,422,TargetReappeared,1765557543.2356606,1992.910930633545,False
2747,6,422,LeftResponse,1765557543.9091802,1993.5844514369965,False
2748,6,423,FeedbackPeriodStarted,1765557543.9365613,1993.6118333339691,False
2749,6,423,startFixDisplay,1765557543.9366436,1993.6119117736816,False
2750,6,423,startFixPeriod,1765557544.4154122,1994.090683221817,False
2751,6,423,TargetPresentation,1765557544.9635453,1994.6388144493103,False
2752,6,423,TargetDisplacement,1765557544.9705126,1994.6457822322845,True
2753,6,423,RightResponse,1765557545.8381383,1995.513409614563,False
2754,6,424,FeedbackPeriodStarted,1765557545.86554,1995.5408129692078,False
2755,6,424,startFixDisplay,1765557545.8656926,1995.540962934494,False
2756,6,424,startFixPeriod,1765557546.0322552,1995.707526922226,False
2757,6,424,TargetPresentation,1765557546.823226,1996.4984955787659,False
2758,6,424,TargetDisplacement,1765557546.996599,1996.6718678474426,True
2759,6,424,RightResponse,1765557547.7673073,1997.4425780773163,False
2760,6,425,FeedbackPeriodStarted,1765557547.79468,1997.4699518680573,False
2761,6,425,startFixDisplay,1765557547.794826,1997.4700963497162,False
2762,6,425,startFixPeriod,1765557547.975123,1997.6503920555115,False
2763,6,425,TargetPresentation,1765557548.9674206,1998.6426906585693,False
2764,6,425,TargetRemoval,1765557549.1339214,1998.8091933727264,True
2765,6,425,TargetReappeared,1765557549.3839102,1999.0591807365417,False
2766,6,425,RightResponse,1765557550.0363662,1999.7116374969482,False
2767,6,426,FeedbackPeriodStarted,1765557550.0637414,1999.7390129566193,False
2768,6,426,startFixDisplay,1765557550.063884,1999.7391543388367,False
2769,6,426,startFixPeriod,1765557552.9573975,2002.6326694488525,False
2770,6,426,TargetPresentation,1765557554.0190854,2003.6943573951721,False
2771,6,426,TargetDisplacement,1765557554.1645243,2003.8397929668427,True
2772,6,426,LeftResponse,1765557554.87971,2004.5549800395966,False
2773,6,426,FeedbackPeriodStarted,1765557554.8864114,2004.5616834163666,False
2774,6,427,startFixDisplay,1765557556.8984692,2006.5737380981445,False
2775,6,427,startFixPeriod,1765557557.0930924,2006.7683637142181,False
2776,6,427,TargetPresentation,1765557558.0227625,2007.6980316638947,False
2777,6,427,TargetDisplacement,1765557558.1962626,2007.871533870697,True
2778,6,427,RightResponse,1765557559.0432339,2008.7185049057007,False
2779,6,428,FeedbackPeriodStarted,1765557559.0705583,2008.745829820633,False
2780,6,428,startFixDisplay,1765557559.070691,2008.74596118927,False
2781,6,428,startFixPeriod,1765557559.2996578,2008.9749290943146,False
2782,6,428,TargetPresentation,1765557560.035205,2009.7104766368866,False
2783,6,428,TargetDisplacement,1765557560.2016487,2009.876920223236,True
2784,6,428,RightResponse,1765557560.9028935,2010.5781648159027,False
2785,6,429,FeedbackPeriodStarted,1765557560.9302263,2010.6054992675781,False
2786,6,429,startFixDisplay,1765557560.9303734,2010.605643749237,False
2787,6,429,startFixPeriod,1765557561.1036742,2010.7789435386658,False
2788,6,429,TargetPresentation,1765557561.9226015,2011.5978710651398,False
2789,6,429,TargetDisplacement,1765557561.92962,2011.60489153862,True
2790,6,429,RightResponse,1765557562.8178015,2012.493070602417,False
2791,6,430,FeedbackPeriodStarted,1765557562.8454454,2012.5207171440125,False
2792,6,430,startFixDisplay,1765557562.8455942,2012.5208642482758,False
2793,6,430,startFixPeriod,1765557563.0258596,2012.701131105423,False
2794,6,430,TargetPresentation,1765557563.8724189,2013.5476894378662,False
2795,6,430,TargetRemoval,1765557564.0180814,2013.6933550834656,True
2796,6,430,TargetReappeared,1765557564.2680016,2013.9432713985443,False
2797,6,430,RightResponse,1765557564.9275753,2014.6028461456299,False
2798,6,431,FeedbackPeriodStarted,1765557564.9617436,2014.637012720108,False
2799,6,431,startFixDisplay,1765557564.9618073,2014.637075662613,False
2800,6,431,startFixPeriod,1765557565.2742019,2014.9494729042053,False
2801,6,431,TargetPresentation,1765557566.6412015,2016.3164730072021,False
2802,6,431,TargetDisplacement,1765557566.7658663,2016.4411373138428,True
2803,6,431,RightResponse,1765557567.4394233,2017.1146931648254,False
2804,6,432,FeedbackPeriodStarted,1765557567.4668138,2017.1420848369598,False
2805,6,432,startFixDisplay,1765557567.4670146,2017.1422855854034,False
2806,6,432,startFixPeriod,1765557567.6333504,2017.3086197376251,False
2807,6,432,TargetPresentation,1765557568.514689,2018.1899588108063,False
2808,6,432,TargetDisplacement,1765557568.660269,2018.3355376720428,True
2809,6,432,RightResponse,1765557569.3337593,2019.0090281963348,False
2810,6,432,FeedbackPeriodStarted,1765557569.340272,2019.0155408382416,False
2811,6,433,startFixDisplay,1765557571.3526206,2021.0278916358948,False
2812,6,433,startFixPeriod,1765557571.5540116,2021.2292830944061,False
2813,6,433,TargetPresentation,1765557572.2894542,2021.9647238254547,False
2814,6,433,TargetDisplacement,1765557572.4351351,2022.110407114029,True
2815,6,433,LeftResponse,1765557573.809707,2023.4849786758423,False
2816,6,434,FeedbackPeriodStarted,1765557573.8368385,2023.5121097564697,False
2817,6,434,startFixDisplay,1765557573.8369818,2023.5122520923615,False
2818,6,434,startFixPeriod,1765557574.0312836,2023.7065546512604,False
2819,6,434,TargetPresentation,1765557574.9680316,2024.6433033943176,False
2820,6,434,TargetDisplacement,1765557575.1136096,2024.7888805866241,True
2821,6,434,RightResponse,1765557576.1341264,2025.8093974590302,False
2822,6,435,FeedbackPeriodStarted,1765557576.1613877,2025.836659669876,False
2823,6,435,startFixDisplay,1765557576.1615212,2025.8367915153503,False
2824,6,435,startFixPeriod,1765557576.6195269,2026.2947986125946,False
2825,6,435,TargetPresentation,1765557577.972644,2027.647915840149,False
2826,6,435,TargetDisplacement,1765557578.1044333,2027.779702425003,True
2827,6,435,RightResponse,1765557579.9158998,2029.5911705493927,False
2828,6,436,FeedbackPeriodStarted,1765557579.9432018,2029.6184730529785,False
2829,6,436,startFixDisplay,1765557579.9432886,2029.6185567378998,False
2830,6,436,startFixPeriod,1765557580.0959952,2029.7712666988373,False
2831,6,436,TargetPresentation,1765557581.3103313,2030.985603094101,False
2832,6,436,TargetRemoval,1765557581.4351194,2031.1103911399841,True
2833,6,436,TargetReappeared,1765557581.6850274,2031.3602991104126,False
2834,6,436,LeftResponse,1765557582.5249813,2032.2002522945404,False
2835,6,437,FeedbackPeriodStarted,1765557582.5522656,2032.2275369167328,False
2836,6,437,startFixDisplay,1765557582.5524256,2032.227698802948,False
2837,6,437,startFixPeriod,1765557582.7258558,2032.4011270999908,False
2838,6,437,TargetPresentation,1765557583.7112622,2033.386534690857,False
2839,6,437,TargetDisplacement,1765557583.8567533,2033.5320219993591,True
2840,6,437,RightResponse,1765557584.7590878,2034.4343569278717,False
2841,6,438,FeedbackPeriodStarted,1765557584.7866867,2034.4619579315186,False
2842,6,438,startFixDisplay,1765557584.7868173,2034.462087392807,False
2843,6,438,startFixPeriod,1765557585.5084388,2035.1837093830109,False
2844,6,438,TargetPresentation,1765557586.049691,2035.7249624729156,False
2845,6,438,TargetDisplacement,1765557586.0981302,2035.7734017372131,True
2846,6,438,RightResponse,1765557586.7995586,2036.4748301506042,False
2847,6,438,FeedbackPeriodStarted,1765557586.8129635,2036.4882349967957,False
2848,6,439,startFixDisplay,1765557588.8392136,2038.514485359192,False
2849,6,439,startFixPeriod,1765557588.859963,2038.5352342128754,False
2850,6,439,TargetPresentation,1765557589.4567742,2039.1320457458496,False
2851,6,439,TargetDisplacement,1765557589.60927,2039.2845408916473,True
2852,6,439,RightResponse,1765557590.317433,2039.9927039146423,False
2853,6,440,FeedbackPeriodStarted,1765557590.344825,2040.0200963020325,False
2854,6,440,startFixDisplay,1765557590.3449576,2040.0202279090881,False
2855,6,440,startFixPeriod,1765557592.9818192,2042.65709066391,False
2856,6,440,TargetPresentation,1765557594.4112234,2044.0864927768707,False
2857,6,440,TargetRemoval,1765557594.4180973,2044.0933661460876,True
2858,6,440,TargetReappeared,1765557594.6678932,2044.3431622982025,False
2859,6,440,LeftResponse,1765557595.5911605,2045.2664308547974,False
2860,6,441,FeedbackPeriodStarted,1765557595.6184385,2045.293707370758,False
2861,6,441,startFixDisplay,1765557595.6184993,2045.29376745224,False
2862,6,441,startFixPeriod,1765557596.215407,2045.890676498413,False
2863,6,441,TargetPresentation,1765557596.9232187,2046.5984899997711,False
2864,6,441,TargetDisplacement,1765557597.082727,2046.7579984664917,True
2865,6,441,RightResponse,1765557598.0961246,2047.7713944911957,False
2866,6,442,FeedbackPeriodStarted,1765557598.1236334,2047.7989048957825,False
2867,6,442,startFixDisplay,1765557598.123808,2047.799080133438,False
2868,6,442,startFixPeriod,1765557598.5608103,2048.2360820770264,False
2869,6,442,TargetPresentation,1765557599.344925,2049.0201964378357,False
2870,6,442,TargetRemoval,1765557599.4905176,2049.1657860279083,True
2871,6,442,TargetReappeared,1765557599.7403889,2049.415658712387,False
2872,6,442,LeftResponse,1765557600.5804398,2050.255710840225,False
2873,6,443,FeedbackPeriodStarted,1765557600.6077127,2050.2829818725586,False
2874,6,443,startFixDisplay,1765557600.6077778,2050.2830460071564,False
2875,6,443,startFixPeriod,1765557601.6209023,2051.2961728572845,False
2876,6,443,TargetPresentation,1765557602.3356583,2052.0109300613403,False
2877,6,443,TargetRemoval,1765557602.508979,2052.1842522621155,True
2878,6,443,TargetReappeared,1765557602.7588475,2052.434117078781,False
2879,6,443,LeftResponse,1765557603.466961,2053.142231941223,False
2880,6,444,FeedbackPeriodStarted,1765557603.494381,2053.1696524620056,False
2881,6,444,startFixDisplay,1765557603.4945192,2053.169789791107,False
2882,6,444,startFixPeriod,1765557603.730406,2053.40567779541,False
2883,6,444,TargetPresentation,1765557604.646356,2054.3216276168823,False
2884,6,444,TargetDisplacement,1765557604.6533117,2054.3285834789276,True
2885,6,444,RightResponse,1765557605.5973523,2055.2726233005524,False
2886,6,444,FeedbackPeriodStarted,1765557605.6037283,2055.278998374939,False
2887,6,445,startFixDisplay,1765557607.6160586,2057.2913286685944,False
2888,6,445,startFixPeriod,1765557607.623092,2057.2983632087708,False
2889,6,445,TargetPresentation,1765557608.9764643,2058.651734352112,False
2890,6,445,TargetRemoval,1765557609.1635158,2058.838786840439,True
2891,6,445,TargetReappeared,1765557609.4134843,2059.088756084442,False
2892,6,445,LeftResponse,1765557610.2672935,2059.9425644874573,False
2893,6,446,FeedbackPeriodStarted,1765557610.2947054,2059.9699745178223,False
2894,6,446,startFixDisplay,1765557610.2947717,2059.9700400829315,False
2895,6,446,startFixPeriod,1765557610.4821272,2060.1573991775513,False
2896,6,446,TargetPresentation,1765557611.1968405,2060.87211227417,False
2897,6,446,TargetDisplacement,1765557611.3354633,2061.0107350349426,True
2898,6,446,LeftResponse,1765557612.5364437,2062.2117154598236,False
2899,6,447,FeedbackPeriodStarted,1765557612.5706139,2062.2458827495575,False
2900,6,447,startFixDisplay,1765557612.5706785,2062.2459468841553,False
2901,6,447,startFixPeriod,1765557612.7441916,2062.4194626808167,False
2902,6,447,TargetPresentation,1765557613.4797404,2063.1550118923187,False
2903,6,447,TargetRemoval,1765557613.6323109,2063.3075816631317,True
2904,6,447,TargetReappeared,1765557613.8822207,2063.557492017746,False
2905,6,447,RightResponse,1765557614.708186,2064.3834557533264,False
2906,6,448,FeedbackPeriodStarted,1765557614.7355044,2064.4107735157013,False
2907,6,448,startFixDisplay,1765557614.735564,2064.4108324050903,False
2908,6,448,startFixPeriod,1765557614.9091883,2064.584462404251,False
2909,6,448,TargetPresentation,1765557616.1374428,2065.812714576721,False
2910,6,448,TargetDisplacement,1765557616.144387,2065.8196704387665,True
2911,6,448,LeftResponse,1765557616.9357588,2066.611029148102,False
2912,6,449,FeedbackPeriodStarted,1765557616.9630153,2066.6382868289948,False
2913,6,449,startFixDisplay,1765557616.9631655,2066.6384358406067,False
2914,6,449,startFixPeriod,1765557617.5183218,2067.1935937404633,False
2915,6,449,TargetPresentation,1765557618.7673318,2068.4426035881042,False
2916,6,449,TargetDisplacement,1765557618.7949548,2068.4702258110046,True
2917,6,449,RightResponse,1765557619.5308557,2069.206126689911,False
2918,6,450,FeedbackPeriodStarted,1765557619.5582829,2069.2335546016693,False
2919,6,450,startFixDisplay,1765557619.5584216,2069.2336921691895,False
2920,6,450,startFixPeriod,1765557619.7387457,2069.414016723633,False
2921,6,450,TargetPresentation,1765557620.3216796,2069.9969515800476,False
2922,6,450,TargetDisplacement,1765557620.4949946,2070.1702659130096,True
2923,6,450,LeftResponse,1765557621.231002,2070.906272172928,False
2924,6,450,FeedbackPeriodStarted,1765557621.244575,2070.9198462963104,False
2925,6,451,startFixDisplay,1765557623.2566667,2072.931935787201,False
2926,6,451,startFixPeriod,1765557623.7565203,2073.4317910671234,False
2927,6,451,TargetPresentation,1765557624.797318,2074.472589492798,False
2928,6,451,TargetRemoval,1765557624.963892,2074.6391639709473,True
2929,6,451,TargetReappeared,1765557625.2136884,2074.8889586925507,False
2930,6,451,LeftResponse,1765557625.8801095,2075.555380344391,False
2931,6,452,FeedbackPeriodStarted,1765557625.907522,2075.5827934741974,False
2932,6,452,startFixDisplay,1765557625.907663,2075.5829331874847,False
2933,6,452,startFixPeriod,1765557626.1435244,2075.8187940120697,False
2934,6,452,TargetPresentation,1765557626.8791106,2076.554382801056,False
2935,6,452,TargetDisplacement,1765557627.0246403,2076.6999111175537,True
2936,6,452,LeftResponse,1765557628.0658567,2077.7411267757416,False
2937,6,453,FeedbackPeriodStarted,1765557628.093342,2077.768613576889,False
2938,6,453,startFixDisplay,1765557628.0934796,2077.7687487602234,False
2939,6,453,startFixPeriod,1765557628.8151116,2078.4903836250305,False
2940,6,453,TargetPresentation,1765557630.0156198,2079.6908917427063,False
2941,6,453,TargetDisplacement,1765557630.1609805,2079.836249113083,True
2942,6,453,FeedbackPeriodStarted,1765557632.1734962,2081.84876537323,False
2943,6,454,startFixDisplay,1765557632.6869075,2082.362179040909,False
2944,6,454,startFixPeriod,1765557632.6937032,2082.368971824646,False
2945,6,454,TargetPresentation,1765557633.394811,2083.0700826644897,False
2946,6,454,TargetRemoval,1765557633.4156046,2083.090875864029,True
2947,6,454,TargetReappeared,1765557633.6655433,2083.3408150672913,False
2948,6,454,LeftResponse,1765557634.755119,2084.4303901195526,False
2949,6,455,FeedbackPeriodStarted,1765557634.7824345,2084.4577045440674,False
2950,6,455,startFixDisplay,1765557634.7825067,2084.457775115967,False
2951,6,455,startFixPeriod,1765557634.9491973,2084.624466896057,False
2952,6,455,TargetPresentation,1765557636.1149442,2085.7902138233185,False
2953,6,455,TargetRemoval,1765557636.2466438,2085.9219148159027,True
2954,6,455,TargetReappeared,1765557636.4966257,2086.171897172928,False
2955,6,455,LeftResponse,1765557637.0866992,2086.7619693279266,False
2956,6,456,FeedbackPeriodStarted,1765557637.1140265,2086.789295911789,False
2957,6,456,startFixDisplay,1765557637.1141133,2086.7893817424774,False
2958,6,456,startFixPeriod,1765557638.4116738,2088.086945295334,False
2959,6,456,TargetPresentation,1765557639.6192446,2089.2945187091827,False
2960,6,456,TargetRemoval,1765557639.7855408,2089.460809469223,True
2961,6,456,TargetReappeared,1765557640.035533,2089.710804462433,False
2962,6,456,LeftResponse,1765557640.7158024,2090.3910732269287,False
2963,6,456,FeedbackPeriodStarted,1765557640.7224782,2090.3977472782135,False
2964,6,457,startFixDisplay,1765557642.7347002,2092.4099690914154,False
2965,6,457,startFixPeriod,1765557643.0054603,2092.6807317733765,False
2966,6,457,TargetPresentation,1765557644.4417918,2094.117063522339,False
2967,6,457,TargetDisplacement,1765557644.5873957,2094.262666940689,True
2968,6,457,LeftResponse,1765557645.2956533,2094.9709243774414,False
2969,6,458,FeedbackPeriodStarted,1765557645.3228853,2094.9981548786163,False
2970,6,458,startFixDisplay,1765557645.3229525,2094.9982209205627,False
2971,6,458,startFixPeriod,1765557645.7047355,2095.3800072669983,False
2972,6,458,TargetPresentation,1765557646.8774424,2096.552713871002,False
2973,6,458,TargetRemoval,1765557647.0715659,2096.746836900711,True
2974,6,458,TargetReappeared,1765557647.321529,2096.9967992305756,False
2975,6,458,RightResponse,1765557647.9603188,2097.635589838028,False
2976,6,459,FeedbackPeriodStarted,1765557647.9944336,2097.669703245163,False
2977,6,459,startFixDisplay,1765557647.9945,2097.669768333435,False
2978,6,459,startFixPeriod,1765557648.2235024,2097.898773908615,False
2979,6,459,TargetPresentation,1765557649.0424912,2098.717761516571,False
2980,6,459,TargetRemoval,1765557649.2018747,2098.8771460056305,True
2981,6,459,TargetReappeared,1765557649.4518807,2099.127152442932,False
2982,6,459,RightResponse,1765557650.1321945,2099.807465314865,False
2983,6,460,FeedbackPeriodStarted,1765557650.1595268,2099.8347959518433,False
2984,6,460,startFixDisplay,1765557650.1595964,2099.8348648548126,False
2985,6,460,startFixPeriod,1765557650.5273964,2100.2026681900024,False
2986,6,460,TargetPresentation,1765557651.838872,2101.514143228531,False
2987,6,460,TargetRemoval,1765557651.8458028,2101.521074295044,True
2988,6,460,TargetReappeared,1765557652.0955505,2101.7708196640015,False
2989,6,460,LeftResponse,1765557653.8027909,2103.4780597686768,False
2990,6,461,FeedbackPeriodStarted,1765557653.8302934,2103.505566596985,False
2991,6,461,startFixDisplay,1765557653.8304377,2103.5057077407837,False
2992,6,461,startFixPeriod,1765557654.1426518,2103.817922592163,False
2993,6,461,TargetPresentation,1765557655.2111847,2104.8864545822144,False
2994,6,461,TargetDisplacement,1765557655.218214,2104.8934857845306,True
2995,6,461,RightResponse,1765557656.2105777,2105.8858466148376,False
2996,6,461,FeedbackPeriodStarted,1765557656.2520807,2105.9273533821106,False
2997,7,462,startFixDisplay,1765557668.6242683,2118.2995398044586,False
2998,7,462,startFixPeriod,1765557668.6311586,2118.3064272403717,False
2999,7,462,TargetPresentation,1765557669.172699,2118.8479704856873,False
3000,7,462,TargetDisplacement,1765557669.3667676,2119.042039871216,True
3001,7,462,LeftResponse,1765557670.4218824,2120.097151517868,False
3002,7,463,FeedbackPeriodStarted,1765557670.4492867,2120.124558210373,False
3003,7,463,startFixDisplay,1765557670.4494176,2120.12468791008,False
3004,7,463,startFixPeriod,1765557670.6853302,2120.360601902008,False
3005,7,463,TargetPresentation,1765557671.552704,2121.2279736995697,False
3006,7,463,TargetDisplacement,1765557671.7052224,2121.3804936408997,True
3007,7,463,LeftResponse,1765557672.5661614,2122.241431951523,False
3008,7,464,FeedbackPeriodStarted,1765557672.593477,2122.268748521805,False
3009,7,464,startFixDisplay,1765557672.5935838,2122.268851995468,False
3010,7,464,startFixPeriod,1765557672.7809956,2122.4562678337097,False
3011,7,464,TargetPresentation,1765557674.272814,2123.9480831623077,False
3012,7,464,TargetRemoval,1765557674.439289,2124.1145606040955,True
3013,7,464,TargetReappeared,1765557674.689164,2124.3644349575043,False
3014,7,464,RightResponse,1765557675.2377572,2124.9130280017853,False
3015,7,465,FeedbackPeriodStarted,1765557675.2649405,2124.9402096271515,False
3016,7,465,startFixDisplay,1765557675.2650065,2124.940274953842,False
3017,7,465,startFixPeriod,1765557675.4594045,2125.134676218033,False
3018,7,465,TargetPresentation,1765557676.937433,2126.6127047538757,False
3019,7,465,TargetDisplacement,1765557677.0830364,2126.7583088874817,True
3020,7,465,RightResponse,1765557678.3324478,2128.007719516754,False
3021,7,466,FeedbackPeriodStarted,1765557678.3668647,2128.0421364307404,False
3022,7,466,startFixDisplay,1765557678.3669553,2128.0422236919403,False
3023,7,466,startFixPeriod,1765557678.5333943,2128.208666086197,False
3024,7,466,TargetPresentation,1765557679.6158447,2129.2911138534546,False
3025,7,466,TargetRemoval,1765557679.7684803,2129.443751811981,True
3026,7,466,TargetReappeared,1765557680.018354,2129.6936254501343,False
3027,7,466,LeftResponse,1765557680.8442476,2130.519516468048,False
3028,7,467,FeedbackPeriodStarted,1765557680.8717568,2130.5470259189606,False
3029,7,467,startFixDisplay,1765557680.8718169,2130.5470852851868,False
3030,7,467,startFixPeriod,1765557681.052308,2130.7275784015656,False
3031,7,467,TargetPresentation,1765557682.016868,2131.692140340805,False
3032,7,467,TargetDisplacement,1765557682.0305512,2131.7058227062225,True
3033,7,467,RightResponse,1765557682.9121146,2132.587384223938,False
3034,7,468,FeedbackPeriodStarted,1765557682.9395866,2132.6148579120636,False
3035,7,468,startFixDisplay,1765557682.9397264,2132.6149966716766,False
3036,7,468,startFixPeriod,1765557683.20336,2132.8786318302155,False
3037,7,468,TargetPresentation,1765557684.2997556,2133.9750270843506,False
3038,7,468,TargetRemoval,1765557684.4522374,2134.1275086402893,True
3039,7,468,TargetReappeared,1765557684.702212,2134.3774831295013,False
3040,7,468,RightResponse,1765557685.528209,2135.2034783363342,False
3041,7,468,FeedbackPeriodStarted,1765557685.5347486,2135.2100179195404,False
3042,7,469,startFixDisplay,1765557687.5469303,2137.222199201584,False
3043,7,469,startFixPeriod,1765557687.866466,2137.541737794876,False
3044,7,469,TargetPresentation,1765557689.27497,2138.9502396583557,False
3045,7,469,TargetRemoval,1765557689.434491,2139.1097617149353,True
3046,7,469,TargetReappeared,1765557689.6843407,2139.359612226486,False
3047,7,469,LeftResponse,1765557690.2952437,2139.970513820648,False
3048,7,470,FeedbackPeriodStarted,1765557690.3227992,2139.9980704784393,False
3049,7,470,startFixDisplay,1765557690.3229125,2139.9981808662415,False
3050,7,470,startFixPeriod,1765557690.4962828,2140.171553134918,False
3051,7,470,TargetPresentation,1765557691.537206,2141.212475538254,False
3052,7,470,TargetRemoval,1765557691.7590322,2141.434300661087,True
3053,7,470,TargetReappeared,1765557692.0091105,2141.6843826770782,False
3054,7,470,LeftResponse,1765557692.7241206,2142.399390220642,False
3055,7,471,FeedbackPeriodStarted,1765557692.7514274,2142.4266991615295,False
3056,7,471,startFixDisplay,1765557692.7515614,2142.426831483841,False
3057,7,471,startFixPeriod,1765557692.9527507,2142.6280224323273,False
3058,7,471,TargetPresentation,1765557693.7576358,2143.4329059123993,False
3059,7,471,TargetDisplacement,1765557693.910128,2143.5853967666626,True
3060,7,471,LeftResponse,1765557694.9791842,2144.654453277588,False
3061,7,472,FeedbackPeriodStarted,1765557695.0066576,2144.681929588318,False
3062,7,472,startFixDisplay,1765557695.0067937,2144.6820640563965,False
3063,7,472,startFixPeriod,1765557695.311942,2144.9872119426727,False
3064,7,472,TargetPresentation,1765557696.408302,2146.0835711956024,False
3065,7,472,TargetDisplacement,1765557696.6441243,2146.319392681122,True
3066,7,472,RightResponse,1765557697.1994953,2146.8747639656067,False
3067,7,473,FeedbackPeriodStarted,1765557697.2270691,2146.9023411273956,False
3068,7,473,startFixDisplay,1765557697.2272062,2146.90247631073,False
3069,7,473,startFixPeriod,1765557697.3797655,2147.0550348758698,False
3070,7,473,TargetPresentation,1765557698.3790138,2148.05428314209,False
3071,7,473,TargetDisplacement,1765557698.3861182,2148.0613877773285,True
3072,7,473,RightResponse,1765557699.2674658,2148.9427354335785,False
3073,7,474,FeedbackPeriodStarted,1765557699.294909,2148.9701800346375,False
3074,7,474,startFixDisplay,1765557699.2950728,2148.9703438282013,False
3075,7,474,startFixPeriod,1765557699.4823747,2149.1576459407806,False
3076,7,474,TargetPresentation,1765557700.106896,2149.7821674346924,False
3077,7,474,TargetDisplacement,1765557700.1137395,2149.7890083789825,True
3078,7,474,RightResponse,1765557700.9122815,2150.5875515937805,False
3079,7,474,FeedbackPeriodStarted,1765557700.9187853,2150.59405708313,False
3080,7,475,startFixDisplay,1765557702.9308314,2152.6061000823975,False
3081,7,475,startFixPeriod,1765557703.597287,2153.2725586891174,False
3082,7,475,TargetPresentation,1765557704.9920876,2154.6673576831818,False
3083,7,475,TargetDisplacement,1765557705.1376038,2154.812875509262,True
3084,7,475,RightResponse,1765557705.9012594,2155.57652926445,False
3085,7,476,FeedbackPeriodStarted,1765557705.9286828,2155.6039538383484,False
3086,7,476,startFixDisplay,1765557705.9288194,2155.6040897369385,False
3087,7,476,startFixPeriod,1765557706.1161735,2155.7914452552795,False
3088,7,476,TargetPresentation,1765557707.0320904,2156.707360982895,False
3089,7,476,TargetDisplacement,1765557707.5176885,2157.192957162857,True
3090,7,476,LeftResponse,1765557708.1425498,2157.81782078743,False
3091,7,477,FeedbackPeriodStarted,1765557708.1699374,2157.8452088832855,False
3092,7,477,startFixDisplay,1765557708.170146,2157.845417022705,False
3093,7,477,startFixPeriod,1765557708.690528,2158.365799665451,False
3094,7,477,TargetPresentation,1765557709.9047465,2159.580018043518,False
3095,7,477,TargetDisplacement,1765557710.1059737,2159.78124499321,True
3096,7,477,LeftResponse,1765557711.6745217,2161.349792957306,False
3097,7,478,FeedbackPeriodStarted,1765557711.7019193,2161.3771908283234,False
3098,7,478,startFixDisplay,1765557711.7020721,2161.377340555191,False
3099,7,478,startFixPeriod,1765557711.8964195,2161.5716915130615,False
3100,7,478,TargetPresentation,1765557712.5901787,2162.2654507160187,False
3101,7,478,TargetDisplacement,1765557712.7497528,2162.425024032593,True
3102,7,478,RightResponse,1765557713.6799755,2163.355248451233,False
3103,7,479,FeedbackPeriodStarted,1765557713.7073824,2163.3826537132263,False
3104,7,479,startFixDisplay,1765557713.7075257,2163.3827958106995,False
3105,7,479,startFixPeriod,1765557713.929512,2163.6047837734222,False
3106,7,479,TargetPresentation,1765557714.5678496,2164.2431197166443,False
3107,7,479,TargetRemoval,1765557715.3933935,2165.068661928177,True
3108,7,479,TargetReappeared,1765557715.643441,2165.3187108039856,False
3109,7,479,LeftResponse,1765557716.448661,2166.123932123184,False
3110,7,480,FeedbackPeriodStarted,1765557716.482856,2166.1581251621246,False
3111,7,480,startFixDisplay,1765557716.4829247,2166.1581931114197,False
3112,7,480,startFixPeriod,1765557716.691355,2166.366627216339,False
3113,7,480,TargetPresentation,1765557717.5447862,2167.2200560569763,False
3114,7,480,TargetRemoval,1765557717.7042387,2167.3795096874237,True
3115,7,480,TargetReappeared,1765557717.9542007,2167.629472732544,False
3116,7,480,LeftResponse,1765557719.3907602,2169.0660309791565,False
3117,7,480,FeedbackPeriodStarted,1765557719.3973234,2169.0725948810577,False
3118,7,481,startFixDisplay,1765557721.4165666,2171.0918378829956,False
3119,7,481,startFixPeriod,1765557722.1591127,2171.8343830108643,False
3120,7,481,TargetPresentation,1765557722.7906826,2172.46595454216,False
3121,7,481,TargetDisplacement,1765557722.9570777,2172.6323494911194,True
3122,7,481,RightResponse,1765557723.880612,2173.555883169174,False
3123,7,482,FeedbackPeriodStarted,1765557723.9148362,2173.5901091098785,False
3124,7,482,startFixDisplay,1765557723.9149764,2173.59024643898,False
3125,7,482,startFixPeriod,1765557724.088223,2173.763494491577,False
3126,7,482,TargetPresentation,1765557725.399771,2175.0750427246094,False
3127,7,482,TargetDisplacement,1765557725.5592415,2175.2345130443573,True
3128,7,482,RightResponse,1765557726.5102456,2176.1855144500732,False
3129,7,483,FeedbackPeriodStarted,1765557726.5377233,2176.2129950523376,False
3130,7,483,startFixDisplay,1765557726.5378568,2176.2131271362305,False
3131,7,483,startFixPeriod,1765557730.4583437,2180.133615255356,False
3132,7,483,TargetPresentation,1765557730.9579408,2180.633211374283,False
3133,7,483,TargetDisplacement,1765557731.0896478,2180.7649207115173,True
3134,7,483,RightResponse,1765557732.0200398,2181.695308446884,False
3135,7,484,FeedbackPeriodStarted,1765557732.0680404,2181.7433092594147,False
3136,7,484,startFixDisplay,1765557732.0681107,2181.7433788776398,False
3137,7,484,startFixPeriod,1765557732.2694383,2181.944709777832,False
3138,7,484,TargetPresentation,1765557733.102104,2182.777374267578,False
3139,7,484,TargetDisplacement,1765557733.2893102,2182.9645812511444,True
3140,7,484,RightResponse,1765557734.0461514,2183.7214217185974,False
3141,7,485,FeedbackPeriodStarted,1765557734.0804958,2183.755767583847,False
3142,7,485,startFixDisplay,1765557734.0806415,2183.7559113502502,False
3143,7,485,startFixPeriod,1765557734.2679346,2183.943205833435,False
3144,7,485,TargetPresentation,1765557735.1699133,2184.845184803009,False
3145,7,485,TargetRemoval,1765557735.3085995,2184.9838705062866,True
3146,7,485,TargetReappeared,1765557735.5583506,2185.233619451523,False
3147,7,485,RightResponse,1765557736.141592,2185.8168630599976,False
3148,7,486,FeedbackPeriodStarted,1765557736.1690335,2185.8443048000336,False
3149,7,486,startFixDisplay,1765557736.1692,2185.8444702625275,False
3150,7,486,startFixPeriod,1765557736.335712,2186.010983943939,False
3151,7,486,TargetPresentation,1765557736.925531,2186.60080242157,False
3152,7,486,TargetDisplacement,1765557737.0710754,2186.7463438510895,True
3153,7,486,RightResponse,1765557738.2233326,2187.898602247238,False
3154,7,486,FeedbackPeriodStarted,1765557738.2299612,2187.905232667923,False
3155,7,487,startFixDisplay,1765557740.2492588,2189.924530029297,False
3156,7,487,startFixPeriod,1765557740.7281651,2190.4034366607666,False
3157,7,487,TargetPresentation,1765557741.8938944,2191.5691661834717,False
3158,7,487,TargetDisplacement,1765557742.0464106,2191.72168135643,True
3159,7,487,RightResponse,1765557743.4692006,2193.144471168518,False
3160,7,488,FeedbackPeriodStarted,1765557743.4966738,2193.171945333481,False
3161,7,488,startFixDisplay,1765557743.4968154,2193.1720855236053,False
3162,7,488,startFixPeriod,1765557743.6633854,2193.3386569023132,False
3163,7,488,TargetPresentation,1765557744.5238006,2194.199072122574,False
3164,7,488,TargetRemoval,1765557744.6764462,2194.351718187332,True
3165,7,488,TargetReappeared,1765557744.9262526,2194.60152387619,False
3166,7,488,LeftResponse,1765557746.1270826,2195.8023529052734,False
3167,7,489,FeedbackPeriodStarted,1765557746.1542106,2195.8294796943665,False
3168,7,489,startFixDisplay,1765557746.1542711,2195.82953953743,False
3169,7,489,startFixPeriod,1765557746.3348975,2196.0101685523987,False
3170,7,489,TargetPresentation,1765557746.8692338,2196.544504880905,False
3171,7,489,TargetRemoval,1765557747.0148633,2196.690145254135,True
3172,7,489,TargetReappeared,1765557747.2647152,2196.93998670578,False
3173,7,489,RightResponse,1765557748.3196762,2197.99494600296,False
3174,7,490,FeedbackPeriodStarted,1765557748.3469698,2198.022238969803,False
3175,7,490,startFixDisplay,1765557748.3470335,2198.0223019123077,False
3176,7,490,startFixPeriod,1765557748.5207543,2198.1960253715515,False
3177,7,490,TargetPresentation,1765557749.3047388,2198.980008840561,False
3178,7,490,TargetDisplacement,1765557749.3878922,2199.06316113472,True
3179,7,490,RightResponse,1765557750.1307757,2199.806046962738,False
3180,7,491,FeedbackPeriodStarted,1765557750.158048,2199.8333168029785,False
3181,7,491,startFixDisplay,1765557750.158121,2199.833389520645,False
3182,7,491,startFixPeriod,1765557750.324821,2200.0000925064087,False
3183,7,491,TargetPresentation,1765557750.9701588,2200.645427942276,False
3184,7,491,TargetDisplacement,1765557751.136705,2200.811977148056,True
3185,7,491,LeftResponse,1765557752.7677135,2202.4429845809937,False
3186,7,492,FeedbackPeriodStarted,1765557752.8018382,2202.477106809616,False
3187,7,492,startFixDisplay,1765557752.8018987,2202.4771671295166,False
3188,7,492,startFixPeriod,1765557752.9754565,2202.6507279872894,False
3189,7,492,TargetPresentation,1765557754.2384794,2203.9137511253357,False
3190,7,492,TargetDisplacement,1765557754.3910115,2204.0662801265717,True
3191,7,492,RightResponse,1765557755.0995636,2204.774833917618,False
3192,7,492,FeedbackPeriodStarted,1765557755.1056879,2204.7809591293335,False
3193,7,493,startFixDisplay,1765557757.1178975,2206.7931661605835,False
3194,7,493,startFixPeriod,1765557757.124857,2206.8001255989075,False
3195,7,493,TargetPresentation,1765557758.5892482,2208.2645194530487,False
3196,7,493,TargetRemoval,1765557758.7626135,2208.437884569168,True
3197,7,493,TargetReappeared,1765557759.0124915,2208.6877624988556,False
3198,7,493,LeftResponse,1765557759.6720316,2209.347302675247,False
3199,7,494,FeedbackPeriodStarted,1765557759.6993196,2209.3745884895325,False
3200,7,494,startFixDisplay,1765557759.6993852,2209.3746535778046,False
3201,7,494,startFixPeriod,1765557760.2546349,2209.929906606674,False
3202,7,494,TargetPresentation,1765557761.0248597,2210.700129508972,False
3203,7,494,TargetDisplacement,1765557761.1843963,2210.859667778015,True
3204,7,494,LeftResponse,1765557762.2742217,2211.949491739273,False
3205,7,495,FeedbackPeriodStarted,1765557762.301559,2211.9768319129944,False
3206,7,495,startFixDisplay,1765557762.3017044,2211.9769747257233,False
3207,7,495,startFixPeriod,1765557762.5445614,2212.2198328971863,False
3208,7,495,TargetPresentation,1765557764.0016875,2213.6769573688507,False
3209,7,495,TargetDisplacement,1765557764.0086586,2213.6839306354523,True
3210,7,495,RightResponse,1765557764.8137474,2214.4890172481537,False
3211,7,496,FeedbackPeriodStarted,1765557764.8412337,2214.5165050029755,False
3212,7,496,startFixDisplay,1765557764.8413658,2214.5166358947754,False
3213,7,496,startFixPeriod,1765557765.0286672,2214.7039387226105,False
3214,7,496,TargetPresentation,1765557765.8127842,2215.4880554676056,False
3215,7,496,TargetDisplacement,1765557765.944582,2215.619854927063,True
3216,7,496,RightResponse,1765557766.7567818,2216.4320528507233,False
3217,7,497,FeedbackPeriodStarted,1765557766.7910988,2216.4663712978363,False
3218,7,497,startFixDisplay,1765557766.7912464,2216.466516494751,False
3219,7,497,startFixPeriod,1765557767.2353287,2216.910600423813,False
3220,7,497,TargetPresentation,1765557767.8598418,2217.53511095047,False
3221,7,497,TargetRemoval,1765557767.8667765,2217.542048215866,True
3222,7,497,TargetReappeared,1765557768.1165845,2217.7918560504913,False
3223,7,497,LeftResponse,1765557769.560252,2219.2355229854584,False
3224,7,498,FeedbackPeriodStarted,1765557769.5877044,2219.2629764080048,False
3225,7,498,startFixDisplay,1765557769.5878553,2219.263123989105,False
3226,7,498,startFixPeriod,1765557769.7818534,2219.4571249485016,False
3227,7,498,TargetPresentation,1765557770.7256691,2220.4009408950806,False
3228,7,498,TargetDisplacement,1765557770.8781233,2220.553394317627,True
3229,7,498,RightResponse,1765557772.6340444,2222.309313058853,False
3230,7,498,FeedbackPeriodStarted,1765557772.6408522,2222.3161237239838,False
3231,7,499,startFixDisplay,1765557774.6600354,2224.3353066444397,False
3232,7,499,startFixPeriod,1765557774.9723272,2224.6475970745087,False
3233,7,499,TargetPresentation,1765557776.2560108,2225.931280851364,False
3234,7,499,TargetRemoval,1765557776.4085832,2226.083854198456,True
3235,7,499,TargetReappeared,1765557776.6585462,2226.3338165283203,False
3236,7,499,RightResponse,1765557777.200151,2226.8754222393036,False
3237,7,500,FeedbackPeriodStarted,1765557777.227312,2226.902580976486,False
3238,7,500,startFixDisplay,1765557777.227361,2226.9026403427124,False
3239,7,500,startFixPeriod,1765557777.8034997,2227.4787714481354,False
3240,7,500,TargetPresentation,1765557778.9970114,2228.672281265259,False
3241,7,500,TargetDisplacement,1765557779.0107667,2228.6860382556915,True
3242,7,500,RightResponse,1765557779.7327662,2229.408036470413,False
3243,7,501,FeedbackPeriodStarted,1765557779.7602074,2229.4354786872864,False
3244,7,501,startFixDisplay,1765557779.760355,2229.435625076294,False
3245,7,501,startFixPeriod,1765557779.9268446,2229.602116584778,False
3246,7,501,TargetPresentation,1765557780.7942946,2230.4695687294006,False
3247,7,501,TargetRemoval,1765557780.9400446,2230.6153135299683,True
3248,7,501,TargetReappeared,1765557781.1898136,2230.8650851249695,False
3249,7,501,RightResponse,1765557781.717423,2231.392692089081,False
3250,7,502,FeedbackPeriodStarted,1765557781.7447433,2231.4200146198273,False
3251,7,502,startFixDisplay,1765557781.744882,2231.4201521873474,False
3252,7,502,startFixPeriod,1765557782.2167366,2231.892008304596,False
3253,7,502,TargetPresentation,1765557783.6531453,2233.328416824341,False
3254,7,502,TargetDisplacement,1765557783.7918348,2233.4671063423157,True
3255,7,502,RightResponse,1765557784.42351,2234.098779439926,False
3256,7,503,FeedbackPeriodStarted,1765557784.451002,2234.1262753009796,False
3257,7,503,startFixDisplay,1765557784.4511688,2234.1264390945435,False
3258,7,503,startFixPeriod,1765557784.6037476,2234.279018163681,False
3259,7,503,TargetPresentation,1765557785.7695942,2235.444863796234,False
3260,7,503,TargetRemoval,1765557785.9012585,2235.5765295028687,True
3261,7,503,TargetReappeared,1765557786.1512072,2235.82647895813,False
3262,7,503,RightResponse,1765557786.5469518,2236.2222225666046,False
3263,7,504,FeedbackPeriodStarted,1765557786.5742013,2236.249470472336,False
3264,7,504,startFixDisplay,1765557786.574262,2236.249530315399,False
3265,7,504,startFixPeriod,1765557787.1226504,2236.797921895981,False
3266,7,504,TargetPresentation,1765557788.2329652,2237.908237695694,False
3267,7,504,TargetDisplacement,1765557788.3923488,2238.0676171779633,True
3268,7,504,RightResponse,1765557789.1351867,2238.810457468033,False
3269,7,504,FeedbackPeriodStarted,1765557789.1418853,2238.8171565532684,False
3270,7,505,startFixDisplay,1765557791.161148,2240.83642911911,False
3271,7,505,startFixPeriod,1765557791.2514143,2240.9266834259033,False
3272,7,505,TargetPresentation,1765557792.5281754,2242.203446149826,False
3273,7,505,TargetRemoval,1765557792.555787,2242.231058359146,True
3274,7,505,TargetReappeared,1765557792.8056276,2242.4808971881866,False
3275,7,505,RightResponse,1765557794.01331,2243.688579082489,False
3276,7,506,FeedbackPeriodStarted,1765557794.040818,2243.716091156006,False
3277,7,506,startFixDisplay,1765557794.0409675,2243.716237783432,False
3278,7,506,startFixPeriod,1765557794.2074249,2243.882696390152,False
3279,7,506,TargetPresentation,1765557795.3246217,2244.9998931884766,False
3280,7,506,TargetDisplacement,1765557795.4701767,2245.1454451084137,True
3281,7,506,RightResponse,1765557796.1504855,2245.825754880905,False
3282,7,507,FeedbackPeriodStarted,1765557796.178028,2245.8532996177673,False
3283,7,507,startFixDisplay,1765557796.178197,2245.853467464447,False
3284,7,507,startFixPeriod,1765557796.3723576,2246.0476291179657,False
3285,7,507,TargetPresentation,1765557797.7947907,2247.470059633255,False
3286,7,507,TargetDisplacement,1765557797.9335067,2247.6087753772736,True
3287,7,507,LeftResponse,1765557798.787584,2248.4628553390503,False
3288,7,508,FeedbackPeriodStarted,1765557798.8146703,2248.4899389743805,False
3289,7,508,startFixDisplay,1765557798.8147297,2248.489998102188,False
3290,7,508,startFixPeriod,1765557799.016254,2248.6915357112885,False
3291,7,508,TargetPresentation,1765557800.2374458,2249.912717819214,False
3292,7,508,TargetDisplacement,1765557800.2442307,2249.919499874115,True
3293,7,508,LeftResponse,1765557801.125975,2250.8012459278107,False
3294,7,509,FeedbackPeriodStarted,1765557801.1531906,2250.8284595012665,False
3295,7,509,startFixDisplay,1765557801.153253,2250.828521490097,False
3296,7,509,startFixPeriod,1765557801.4031467,2251.078416109085,False
3297,7,509,TargetPresentation,1765557801.9722214,2251.6474907398224,False
3298,7,509,TargetRemoval,1765557802.1456423,2251.8209133148193,True
3299,7,509,TargetReappeared,1765557802.3953488,2252.070620059967,False
3300,7,509,RightResponse,1765557803.1381218,2252.8133902549744,False
3301,7,510,FeedbackPeriodStarted,1765557803.1655426,2252.8408114910126,False
3302,7,510,startFixDisplay,1765557803.1656022,2252.8408703804016,False
3303,7,510,startFixPeriod,1765557803.3737924,2253.0490639209747,False
3304,7,510,TargetPresentation,1765557804.2413495,2253.9166209697723,False
3305,7,510,TargetRemoval,1765557804.248217,2253.9234869480133,True
3306,7,510,TargetReappeared,1765557804.4979548,2254.1732387542725,False
3307,7,510,RightResponse,1765557806.052749,2255.72802233696,False
3308,7,510,FeedbackPeriodStarted,1765557806.0661762,2255.7414453029633,False
3309,7,511,startFixDisplay,1765557808.0854757,2257.7607448101044,False
3310,7,511,startFixPeriod,1765557808.7933192,2258.468590736389,False
3311,7,511,TargetPresentation,1765557810.2435553,2259.918825149536,False
3312,7,511,TargetRemoval,1765557810.2505343,2259.925806045532,True
3313,7,511,TargetReappeared,1765557810.500322,2260.1755940914154,False
3314,7,511,RightResponse,1765557811.4651196,2261.1403896808624,False
3315,7,512,FeedbackPeriodStarted,1765557811.4928029,2261.1680719852448,False
3316,7,512,startFixDisplay,1765557811.4928632,2261.1681315898895,False
3317,7,512,startFixPeriod,1765557812.1522098,2261.8274846076965,False
3318,7,512,TargetPresentation,1765557813.4493296,2263.12459897995,False
3319,7,512,TargetDisplacement,1765557813.5949788,2263.2702498435974,True
3320,7,512,RightResponse,1765557814.4767323,2264.1520030498505,False
3321,7,513,FeedbackPeriodStarted,1765557814.504115,2264.179387331009,False
3322,7,513,startFixDisplay,1765557814.5042663,2264.179536342621,False
3323,7,513,startFixPeriod,1765557814.76784,2264.4431114196777,False
3324,7,513,TargetPresentation,1765557815.829516,2265.504787683487,False
3325,7,513,TargetRemoval,1765557815.975075,2265.65034365654,True
3326,7,513,TargetReappeared,1765557816.2250829,2265.9003553390503,False
3327,7,513,LeftResponse,1765557817.0023403,2266.6776099205017,False
3328,7,514,FeedbackPeriodStarted,1765557817.0299115,2266.705183506012,False
3329,7,514,startFixDisplay,1765557817.0300653,2266.7053339481354,False
3330,7,514,startFixPeriod,1765557817.2173069,2266.892578125,False
3331,7,514,TargetPresentation,1765557818.4315448,2268.1068165302277,False
3332,7,514,TargetDisplacement,1765557818.5773458,2268.252617120743,True
3333,7,514,RightResponse,1765557819.4311683,2269.1064393520355,False
3334,7,515,FeedbackPeriodStarted,1765557819.4584374,2269.133706331253,False
3335,7,515,startFixDisplay,1765557819.4585023,2269.1337707042694,False
3336,7,515,startFixPeriod,1765557819.6459563,2269.321227788925,False
3337,7,515,TargetPresentation,1765557820.1802607,2269.855530023575,False
3338,7,515,TargetRemoval,1765557820.332796,2270.008067369461,True
3339,7,515,TargetReappeared,1765557820.5827646,2270.258036136627,False
3340,7,515,FeedbackPeriodStarted,1765557822.5881128,2272.2633817195892,False
3341,7,516,startFixDisplay,1765557823.108458,2272.783728122711,False
3342,7,516,startFixPeriod,1765557823.48342,2273.158691883087,False
3343,7,516,TargetPresentation,1765557824.4478242,2274.12309551239,False
3344,7,516,TargetDisplacement,1765557824.641939,2274.3172101974487,True
3345,7,516,RightResponse,1765557825.5722258,2275.247495651245,False
3346,7,516,FeedbackPeriodStarted,1765557825.5858288,2275.2611010074615,False
3347,7,517,startFixDisplay,1765557827.5978725,2277.2731413841248,False
3348,7,517,startFixPeriod,1765557827.778533,2277.453804254532,False
3349,7,517,TargetPresentation,1765557828.64589,2278.32116150856,False
3350,7,517,TargetDisplacement,1765557828.805419,2278.48069024086,True
3351,7,517,RightResponse,1765557830.11739,2279.7926597595215,False
3352,7,518,FeedbackPeriodStarted,1765557830.1446671,2279.8199388980865,False
3353,7,518,startFixDisplay,1765557830.1448162,2279.8200867176056,False
3354,7,518,startFixPeriod,1765557830.3459723,2280.0212438106537,False
3355,7,518,TargetPresentation,1765557831.3798242,2281.0550932884216,False
3356,7,518,TargetDisplacement,1765557831.3867702,2281.0620398521423,True
3357,7,518,RightResponse,1765557832.122594,2281.7978641986847,False
3358,7,519,FeedbackPeriodStarted,1765557832.1499949,2281.825266122818,False
3359,7,519,startFixDisplay,1765557832.1501143,2281.8253824710846,False
3360,7,519,startFixPeriod,1765557832.3028214,2281.9780933856964,False
3361,7,519,TargetPresentation,1765557833.732287,2283.4075586795807,False
3362,7,519,TargetDisplacement,1765557833.8847442,2283.5600152015686,True
3363,7,519,LeftResponse,1765557834.98149,2284.656758546829,False
3364,7,520,FeedbackPeriodStarted,1765557835.009044,2284.684315443039,False
3365,7,520,startFixDisplay,1765557835.009218,2284.684488296509,False
3366,7,520,startFixPeriod,1765557835.3975654,2285.0728356838226,False
3367,7,520,TargetPresentation,1765557836.507892,2286.183163881302,False
3368,7,520,TargetRemoval,1765557836.6465166,2286.3217878341675,True
3369,7,520,TargetReappeared,1765557836.8965027,2286.571774482727,False
3370,7,520,RightResponse,1765557837.3477197,2287.022990465164,False
3371,7,521,FeedbackPeriodStarted,1765557837.3821585,2287.057429790497,False
3372,7,521,startFixDisplay,1765557837.3823063,2287.057576417923,False
3373,7,521,startFixPeriod,1765557837.5765562,2287.2518258094788,False
3374,7,521,TargetPresentation,1765557838.2982557,2287.973527431488,False
3375,7,521,TargetDisplacement,1765557838.4438777,2288.119149208069,True
3376,7,521,RightResponse,1765557839.2076232,2288.88289475441,False
3377,7,522,FeedbackPeriodStarted,1765557839.2347503,2288.9100193977356,False
3378,7,522,startFixDisplay,1765557839.2348242,2288.9100925922394,False
3379,7,522,startFixPeriod,1765557839.7415109,2289.416782140732,False
3380,7,522,TargetPresentation,1765557840.8447745,2290.5200457572937,False
3381,7,522,TargetRemoval,1765557841.0181217,2290.6933929920197,True
3382,7,522,TargetReappeared,1765557841.2681036,2290.9433755874634,False
3383,7,522,LeftResponse,1765557842.135616,2291.8108859062195,False
3384,7,522,FeedbackPeriodStarted,1765557842.1422863,2291.8175575733185,False
3385,7,523,startFixDisplay,1765557844.1615171,2293.836786031723,False
3386,7,523,startFixPeriod,1765557844.1685536,2293.843824863434,False
3387,7,523,TargetPresentation,1765557844.758428,2294.433699607849,False
3388,7,523,TargetDisplacement,1765557844.9179325,2294.5932035446167,True
3389,7,523,LeftResponse,1765557845.917632,2295.5929021835327,False
3390,7,524,FeedbackPeriodStarted,1765557845.9449596,2295.620231628418,False
3391,7,524,startFixDisplay,1765557845.9451332,2295.6204040050507,False
3392,7,524,startFixPeriod,1765557846.4169056,2296.092177629471,False
3393,7,524,TargetPresentation,1765557847.263381,2296.9386501312256,False
3394,7,524,TargetDisplacement,1765557847.457557,2297.132828235626,True
3395,7,524,RightResponse,1765557848.082503,2297.7577731609344,False
3396,7,525,FeedbackPeriodStarted,1765557848.1098764,2297.7851479053497,False
3397,7,525,startFixDisplay,1765557848.1100254,2297.785295724869,False
3398,7,525,startFixPeriod,1765557848.3111746,2297.9864461421967,False
3399,7,525,TargetPresentation,1765557849.7823186,2299.457589864731,False
3400,7,525,TargetDisplacement,1765557849.9278665,2299.603137731552,True
3401,7,525,LeftResponse,1765557850.4623928,2300.137662410736,False
3402,7,526,FeedbackPeriodStarted,1765557850.4969025,2300.172173976898,False
3403,7,526,startFixDisplay,1765557850.4970365,2300.1723067760468,False
3404,7,526,startFixPeriod,1765557850.732894,2300.4081654548645,False
3405,7,526,TargetPresentation,1765557851.995916,2301.671187400818,False
3406,7,526,TargetDisplacement,1765557852.1345234,2301.8097949028015,True
3407,7,526,RightResponse,1765557852.6622324,2302.3375012874603,False
3408,7,527,FeedbackPeriodStarted,1765557852.6896453,2302.364914417267,False
3409,7,527,startFixDisplay,1765557852.6897106,2302.364978790283,False
3410,7,527,startFixPeriod,1765557852.8771262,2302.5523953437805,False
3411,7,527,TargetPresentation,1765557853.8347206,2303.50999212265,False
3412,7,527,TargetRemoval,1765557853.994199,2303.6694700717926,True
3413,7,527,TargetReappeared,1765557854.244138,2303.919409751892,False
3414,7,527,LeftResponse,1765557854.9591763,2304.634447813034,False
3415,7,527,FeedbackPeriodStarted,1765557855.0003502,2304.6756217479706,False
