,blockID,trialNumber,triggerName,timestamp_sys,timestamp_psyc,triggerSent_Serial00
0,pract,-1,StartPractice,1764346374.3895867,224.23489785194397,False
1,pract,0,startFixDisplay,1764346374.4058833,224.2511944770813,False
2,pract,0,startFixPeriod,1764346374.6626363,224.50794744491577,False
3,pract,0,TargetPresentation,1764346376.1130662,225.95837950706482,False
4,pract,0,TargetDisplacement,1764346376.2725856,226.1178994178772,True
5,pract,0,RightResponse,1764346376.668164,226.51347517967224,False
6,pract,0,FeedbackPeriodStarted,1764346376.6818554,226.52716636657715,False
7,pract,1,startFixDisplay,1764346377.1884415,227.0337529182434,False
8,pract,1,startFixPeriod,1764346377.195325,227.0406355857849,False
9,pract,1,TargetPresentation,1764346378.53467,228.379980802536,False
10,pract,1,TargetDisplacement,1764346378.791466,228.63677954673767,True
11,pract,1,LeftResponse,1764346379.8671255,229.71243691444397,False
12,pract,1,FeedbackPeriodStarted,1764346379.873915,229.7192256450653,False
13,pract,2,startFixDisplay,1764346380.3803213,230.22563242912292,False
14,pract,2,startFixPeriod,1764346380.880191,230.72550439834595,False
15,pract,2,TargetPresentation,1764346381.4560843,231.3013973236084,False
16,pract,2,TargetRemoval,1764346381.6156325,231.46094346046448,True
17,pract,2,TargetReappeared,1764346381.865522,231.71083545684814,False
18,pract,2,RightResponse,1764346382.5524855,232.3977963924408,False
19,pract,2,FeedbackPeriodStarted,1764346382.5592384,232.40454936027527,False
20,pract,3,startFixDisplay,1764346383.065786,232.91109681129456,False
21,pract,3,startFixPeriod,1764346383.3504906,233.1958041191101,False
22,pract,3,TargetPresentation,1764346384.0303793,233.8756902217865,False
23,pract,3,TargetRemoval,1764346384.1968284,234.0421392917633,True
24,pract,3,TargetReappeared,1764346384.4468117,234.29212427139282,False
25,pract,3,LeftResponse,1764346385.2170136,235.0623242855072,False
26,pract,3,FeedbackPeriodStarted,1764346385.2307487,235.07605957984924,False
27,pract,4,startFixDisplay,1764346385.7373834,235.58269667625427,False
28,pract,4,startFixPeriod,1764346385.8345823,235.67989444732666,False
29,pract,4,TargetPresentation,1764346387.0071945,236.85250568389893,False
30,pract,4,TargetDisplacement,1764346387.1667666,237.01207756996155,True
31,pract,4,FeedbackPeriodStarted,1764346389.1721199,239.01743078231812,False
32,pract,5,startFixDisplay,1764346389.678632,239.5239429473877,False
33,pract,5,startFixPeriod,1764346390.1645968,240.00990772247314,False
34,pract,5,TargetPresentation,1764346391.573111,241.41842222213745,False
35,pract,5,TargetRemoval,1764346391.7187955,241.564106464386,True
36,pract,5,TargetReappeared,1764346391.9687135,241.81402468681335,False
37,pract,5,LeftResponse,1764346392.406174,242.25148677825928,False
38,pract,5,FeedbackPeriodStarted,1764346392.4127376,242.2580485343933,False
39,pract,6,startFixDisplay,1764346392.9191842,242.76449513435364,False
40,pract,6,startFixPeriod,1764346393.0441973,242.88950943946838,False
41,pract,6,TargetPresentation,1764346394.2863553,244.13166880607605,False
42,pract,6,TargetDisplacement,1764346394.3833342,244.22864484786987,True
43,pract,6,LeftResponse,1764346395.105512,244.95082473754883,False
44,pract,6,FeedbackPeriodStarted,1764346395.1120179,244.95732927322388,False
45,pract,7,startFixDisplay,1764346395.618629,245.46394228935242,False
46,pract,7,startFixPeriod,1764346396.0556843,245.90099501609802,False
47,pract,7,TargetPresentation,1764346397.5267272,247.37203812599182,False
48,pract,7,TargetDisplacement,1764346398.0124748,247.8577857017517,True
49,pract,7,LeftResponse,1764346398.9771926,248.8225040435791,False
50,pract,7,FeedbackPeriodStarted,1764346398.991075,248.83638978004456,False
51,pract,8,startFixDisplay,1764346399.4973917,249.342702627182,False
52,pract,8,startFixPeriod,1764346399.7680619,249.61337304115295,False
53,pract,8,TargetPresentation,1764346400.961763,250.80707621574402,False
54,pract,8,TargetRemoval,1764346401.107336,250.9526469707489,True
55,pract,8,TargetReappeared,1764346401.357247,251.20256090164185,False
56,pract,8,RightResponse,1764346401.8780057,251.72331857681274,False
57,pract,8,FeedbackPeriodStarted,1764346401.8914857,251.73679876327515,False
58,pract,9,startFixDisplay,1764346402.3979535,252.24326467514038,False
59,pract,9,startFixPeriod,1764346402.8559914,252.70130276679993,False
60,pract,9,TargetPresentation,1764346403.5428894,253.38820052146912,False
61,pract,9,TargetRemoval,1764346403.723435,253.56874823570251,True
62,pract,9,TargetReappeared,1764346403.9733007,253.81861424446106,False
63,pract,9,LeftResponse,1764346404.6950998,254.5404121875763,False
64,pract,9,FeedbackPeriodStarted,1764346404.70175,254.5470609664917,False
65,pract,10,startFixDisplay,1764346405.2081902,255.0535011291504,False
66,pract,10,startFixPeriod,1764346405.472124,255.31743717193604,False
67,pract,10,TargetPresentation,1764346406.2978723,256.14318585395813,False
68,pract,10,TargetRemoval,1764346406.4503133,256.2956237792969,True
69,pract,10,TargetReappeared,1764346406.7002892,256.5456027984619,False
70,pract,10,LeftResponse,1764346407.3386838,257.18399477005005,False
71,pract,10,FeedbackPeriodStarted,1764346407.3524008,257.1977117061615,False
72,pract,11,startFixDisplay,1764346407.8588994,257.70421075820923,False
73,pract,11,startFixPeriod,1764346408.330953,258.1762661933899,False
74,pract,11,TargetPresentation,1764346409.5036561,259.3489668369293,False
75,pract,11,TargetDisplacement,1764346409.8226917,259.66800236701965,True
76,pract,11,RightResponse,1764346410.4685433,260.31385612487793,False
77,pract,11,FeedbackPeriodStarted,1764346410.4819121,260.3272228240967,False
78,pract,-1,EndPractice,1764346410.9754882,260.82079911231995,False
79,0,0,startFixDisplay,1764346494.555431,344.4007456302643,False
80,0,0,startFixPeriod,1764346494.562177,344.40748834609985,False
81,0,0,TargetPresentation,1764346495.3117664,345.15707755088806,False
82,0,0,TargetDisplacement,1764346495.4574711,345.3027846813202,True
83,0,0,RightResponse,1764346496.8799736,346.725284576416,False
84,0,1,FeedbackPeriodStarted,1764346496.8937068,346.7390179634094,False
85,0,1,startFixDisplay,1764346496.8937624,346.7390732765198,False
86,0,1,startFixPeriod,1764346497.4141908,347.2595019340515,False
87,0,1,TargetPresentation,1764346498.0872538,347.9325647354126,False
88,0,1,TargetDisplacement,1764346498.2399373,348.085248708725,True
89,0,1,LeftResponse,1764346498.9548125,348.80012345314026,False
90,0,2,FeedbackPeriodStarted,1764346498.9684749,348.8137857913971,False
91,0,2,startFixDisplay,1764346498.9685328,348.81384348869324,False
92,0,2,startFixPeriod,1764346499.162937,349.0082485675812,False
93,0,2,TargetPresentation,1764346500.3426259,350.1879405975342,False
94,0,2,TargetDisplacement,1764346500.515885,350.3611960411072,True
95,0,2,RightResponse,1764346501.327936,351.1732473373413,False
96,0,3,FeedbackPeriodStarted,1764346501.3417275,351.1870381832123,False
97,0,3,startFixDisplay,1764346501.3417754,351.1870858669281,False
98,0,3,startFixPeriod,1764346501.529095,351.3744068145752,False
99,0,3,TargetPresentation,1764346502.5560458,352.4013566970825,False
100,0,3,TargetDisplacement,1764346502.6947453,352.5400562286377,True
101,0,3,LeftResponse,1764346503.4999259,353.3452365398407,False
102,0,4,FeedbackPeriodStarted,1764346503.513782,353.35909843444824,False
103,0,4,startFixDisplay,1764346503.5139704,353.35928416252136,False
104,0,4,startFixPeriod,1764346503.7078748,353.55318570137024,False
105,0,4,TargetPresentation,1764346504.8944724,354.7397835254669,False
106,0,4,TargetRemoval,1764346505.0332894,354.8786005973816,True
107,0,4,TargetReappeared,1764346505.2832878,355.1286025047302,False
108,0,4,LeftResponse,1764346505.7898173,355.635128736496,False
109,0,5,FeedbackPeriodStarted,1764346505.8034785,355.64878964424133,False
110,0,5,startFixDisplay,1764346505.8035274,355.6488380432129,False
111,0,5,startFixPeriod,1764346505.997789,355.84310030937195,False
112,0,5,TargetPresentation,1764346507.1983228,357.0436339378357,False
113,0,5,TargetRemoval,1764346507.205325,357.05063819885254,True
114,0,5,TargetReappeared,1764346507.4549572,357.30026841163635,False
115,0,5,LeftResponse,1764346508.086542,357.9318528175354,False
116,0,6,FeedbackPeriodStarted,1764346508.100254,357.94556522369385,False
117,0,6,startFixDisplay,1764346508.1003098,357.9456205368042,False
118,0,6,startFixPeriod,1764346508.3292944,358.17460536956787,False
119,0,6,TargetPresentation,1764346509.57852,359.4238352775574,False
120,0,6,TargetRemoval,1764346510.070974,359.9162850379944,True
121,0,6,TargetReappeared,1764346510.320974,360.16628885269165,False
122,0,6,LeftResponse,1764346510.4390354,360.2843472957611,False
123,0,6,FeedbackPeriodStarted,1764346510.4528122,360.298127412796,False
124,0,7,startFixDisplay,1764346512.458011,362.3033220767975,False
125,0,7,startFixPeriod,1764346512.9784498,362.8237612247467,False
126,0,7,TargetPresentation,1764346514.2829876,364.12829852104187,False
127,0,7,TargetDisplacement,1764346514.428691,364.27400183677673,True
128,0,7,LeftResponse,1764346515.1435297,364.988840341568,False
129,0,8,FeedbackPeriodStarted,1764346515.1572728,365.0025842189789,False
130,0,8,startFixDisplay,1764346515.1573286,365.00263953208923,False
131,0,8,startFixPeriod,1764346515.3862934,365.23160457611084,False
132,0,8,TargetPresentation,1764346516.1842806,366.0295920372009,False
133,0,8,TargetRemoval,1764346516.3508313,366.19614267349243,True
134,0,8,TargetReappeared,1764346516.6006432,366.44595408439636,False
135,0,8,LeftResponse,1764346517.2115502,367.05686116218567,False
136,0,9,FeedbackPeriodStarted,1764346517.2250798,367.0703909397125,False
137,0,9,startFixDisplay,1764346517.2251377,367.0704483985901,False
138,0,9,startFixPeriod,1764346517.405612,367.25092363357544,False
139,0,9,TargetPresentation,1764346518.7100646,368.5553755760193,False
140,0,9,TargetRemoval,1764346518.8765783,368.72188901901245,True
141,0,9,TargetReappeared,1764346519.126514,368.97182607650757,False
142,0,9,LeftResponse,1764346519.536088,369.3813989162445,False
143,0,10,FeedbackPeriodStarted,1764346519.5496953,369.39500617980957,False
144,0,10,startFixDisplay,1764346519.549745,369.395055770874,False
145,0,10,startFixPeriod,1764346519.7926497,369.6379613876343,False
146,0,10,TargetPresentation,1764346520.8542805,370.6995916366577,False
147,0,10,TargetDisplacement,1764346521.006937,370.8522479534149,True
148,0,10,RightResponse,1764346521.881427,371.7267382144928,False
149,0,11,FeedbackPeriodStarted,1764346521.895024,371.7403349876404,False
150,0,11,startFixDisplay,1764346521.8950717,371.7403824329376,False
151,0,11,startFixPeriod,1764346522.0755475,371.92085909843445,False
152,0,11,TargetPresentation,1764346523.4703062,373.31561851501465,False
153,0,11,TargetRemoval,1764346523.6855998,373.5309147834778,True
154,0,11,TargetReappeared,1764346523.935299,373.78061175346375,False
155,0,11,LeftResponse,1764346524.379545,374.22485613822937,False
156,0,12,FeedbackPeriodStarted,1764346524.3930829,374.23839378356934,False
157,0,12,startFixDisplay,1764346524.3931303,374.238440990448,False
158,0,12,startFixPeriod,1764346524.5874689,374.43278074264526,False
159,0,12,TargetPresentation,1764346525.53119,375.37650084495544,False
160,0,12,TargetDisplacement,1764346525.7323654,375.57767629623413,True
161,0,12,RightResponse,1764346526.8705387,376.7158501148224,False
162,0,12,FeedbackPeriodStarted,1764346526.8773162,376.72262740135193,False
163,0,13,startFixDisplay,1764346528.882686,378.72799706459045,False
164,0,13,startFixPeriod,1764346528.9937525,378.83906412124634,False
165,0,13,TargetPresentation,1764346530.2149916,380.060302734375,False
166,0,13,TargetRemoval,1764346530.5480359,380.39334654808044,True
167,0,13,TargetReappeared,1764346530.797893,380.6432044506073,False
168,0,13,RightResponse,1764346531.4433498,381.28866052627563,False
169,0,14,FeedbackPeriodStarted,1764346531.457126,381.3024368286133,False
170,0,14,startFixDisplay,1764346531.4571738,381.3024842739105,False
171,0,14,startFixPeriod,1764346531.6860714,381.53138256073,False
172,0,14,TargetPresentation,1764346532.719992,382.5653030872345,False
173,0,14,TargetDisplacement,1764346532.837913,382.6832239627838,True
174,0,14,RightResponse,1764346534.0733035,383.9186153411865,False
175,0,15,FeedbackPeriodStarted,1764346534.0869434,383.9322543144226,False
176,0,15,startFixDisplay,1764346534.0869918,383.9323024749756,False
177,0,15,startFixPeriod,1764346534.2604482,384.1057593822479,False
178,0,15,TargetPresentation,1764346535.2874835,385.1327941417694,False
179,0,15,TargetDisplacement,1764346535.4331956,385.27850914001465,True
180,0,15,RightResponse,1764346536.4814527,386.32676577568054,False
181,0,16,FeedbackPeriodStarted,1764346536.5018854,386.34719729423523,False
182,0,16,startFixDisplay,1764346536.5019464,386.34725737571716,False
183,0,16,startFixPeriod,1764346536.682194,386.5275049209595,False
184,0,16,TargetPresentation,1764346537.1957016,387.04101300239563,False
185,0,16,TargetDisplacement,1764346537.3483415,387.1936526298523,True
186,0,16,RightResponse,1764346538.5003314,388.3456425666809,False
187,0,17,FeedbackPeriodStarted,1764346538.514063,388.35937428474426,False
188,0,17,startFixDisplay,1764346538.5141182,388.3594288825989,False
189,0,17,startFixPeriod,1764346538.7014923,388.54680347442627,False
190,0,17,TargetPresentation,1764346539.7215316,389.56684279441833,False
191,0,17,TargetRemoval,1764346539.8672538,389.71256494522095,True
192,0,17,TargetReappeared,1764346540.1170175,389.96232867240906,False
193,0,17,RightResponse,1764346540.7069905,390.55230164527893,False
194,0,18,FeedbackPeriodStarted,1764346540.720672,390.56598377227783,False
195,0,18,startFixDisplay,1764346540.7207315,390.5660421848297,False
196,0,18,startFixPeriod,1764346540.977455,390.82276606559753,False
197,0,18,TargetPresentation,1764346542.3653069,392.2106182575226,False
198,0,18,TargetDisplacement,1764346542.5179737,392.3632848262787,True
199,0,18,RightResponse,1764346543.2258267,393.07113790512085,False
200,0,18,FeedbackPeriodStarted,1764346543.2326612,393.0779724121094,False
201,0,19,startFixDisplay,1764346545.2380047,395.0833156108856,False
202,0,19,startFixPeriod,1764346545.6057985,395.4511094093323,False
203,0,19,TargetPresentation,1764346546.958911,396.8042221069336,False
204,0,19,TargetRemoval,1764346547.1462686,396.991580247879,True
205,0,19,TargetReappeared,1764346547.396104,397.2414150238037,False
206,0,19,LeftResponse,1764346547.8888721,397.7341833114624,False
207,0,20,FeedbackPeriodStarted,1764346547.9025948,397.74790596961975,False
208,0,20,startFixDisplay,1764346547.9026515,397.7479622364044,False
209,0,20,startFixPeriod,1764346548.298162,398.14347290992737,False
210,0,20,TargetPresentation,1764346549.554151,399.39946246147156,False
211,0,20,TargetDisplacement,1764346549.561081,399.40639185905457,True
212,0,20,LeftResponse,1764346550.5742276,400.4195384979248,False
213,0,21,FeedbackPeriodStarted,1764346550.5879998,400.4333107471466,False
214,0,21,startFixDisplay,1764346550.5880554,400.43336606025696,False
215,0,21,startFixPeriod,1764346550.8587303,400.70404148101807,False
216,0,21,TargetPresentation,1764346551.7399418,401.585253238678,False
217,0,21,TargetDisplacement,1764346551.8995373,401.74484848976135,True
218,0,21,LeftResponse,1764346552.7947998,402.64011096954346,False
219,0,22,FeedbackPeriodStarted,1764346552.8084435,402.65375447273254,False
220,0,22,startFixDisplay,1764346552.8084912,402.6538019180298,False
221,0,22,startFixPeriod,1764346552.982058,402.82736992836,False
222,0,22,TargetPresentation,1764346554.4392617,404.28457379341125,False
223,0,22,TargetRemoval,1764346554.5848756,404.4301862716675,True
224,0,22,TargetReappeared,1764346554.8347092,404.6800208091736,False
225,0,22,RightResponse,1764346555.3344336,405.179744720459,False
226,0,23,FeedbackPeriodStarted,1764346555.3481503,405.1934611797333,False
227,0,23,startFixDisplay,1764346555.3481977,405.19350814819336,False
228,0,23,startFixPeriod,1764346555.7437353,405.5890464782715,False
229,0,23,TargetPresentation,1764346556.4931464,406.33845806121826,False
230,0,23,TargetDisplacement,1764346556.638805,406.4841158390045,True
231,0,23,RightResponse,1764346557.4926362,407.33794832229614,False
232,0,24,FeedbackPeriodStarted,1764346557.5131302,407.35844135284424,False
233,0,24,startFixDisplay,1764346557.5131779,407.3584885597229,False
234,0,24,startFixPeriod,1764346557.8323996,407.677711725235,False
235,0,24,TargetPresentation,1764346559.241017,409.08632946014404,False
236,0,24,TargetDisplacement,1764346560.8161094,410.6614201068878,True
237,0,24,RightResponse,1764346561.0317247,410.8770377635956,False
238,0,24,FeedbackPeriodStarted,1764346561.038394,410.8837077617645,False
239,0,25,startFixDisplay,1764346563.043544,412.88885498046875,False
240,0,25,startFixPeriod,1764346563.2517464,413.0970575809479,False
241,0,25,TargetPresentation,1764346564.2440724,414.08938360214233,False
242,0,25,TargetDisplacement,1764346564.2510142,414.0963251590729,True
243,0,25,RightResponse,1764346565.5694642,415.41477489471436,False
244,0,26,FeedbackPeriodStarted,1764346565.5833623,415.42867612838745,False
245,0,26,startFixDisplay,1764346565.5835152,415.42882776260376,False
246,0,26,startFixPeriod,1764346565.9164746,415.7617881298065,False
247,0,26,TargetPresentation,1764346566.4367301,416.28204131126404,False
248,0,26,TargetDisplacement,1764346566.5964518,416.4417653083801,True
249,0,26,RightResponse,1764346567.7275577,417.5728688240051,False
250,0,27,FeedbackPeriodStarted,1764346567.7412665,417.5865774154663,False
251,0,27,startFixDisplay,1764346567.7413225,417.5866332054138,False
252,0,27,startFixPeriod,1764346568.0745203,417.9198338985443,False
253,0,27,TargetPresentation,1764346569.5595121,419.40482568740845,False
254,0,27,TargetDisplacement,1764346569.7119524,419.5572633743286,True
255,0,27,RightResponse,1764346570.4897122,420.33502554893494,False
256,0,28,FeedbackPeriodStarted,1764346570.5031323,420.3484466075897,False
257,0,28,startFixDisplay,1764346570.5032666,420.3485791683197,False
258,0,28,startFixPeriod,1764346570.6973886,420.5426998138428,False
259,0,28,TargetPresentation,1764346571.6341615,421.47947239875793,False
260,0,28,TargetDisplacement,1764346571.641082,421.4863932132721,True
261,0,28,LeftResponse,1764346572.4878976,422.33320903778076,False
262,0,29,FeedbackPeriodStarted,1764346572.5014446,422.34675550460815,False
263,0,29,startFixDisplay,1764346572.5014923,422.3468027114868,False
264,0,29,startFixPeriod,1764346572.6749587,422.52026987075806,False
265,0,29,TargetPresentation,1764346573.7436423,423.5889537334442,False
266,0,29,TargetDisplacement,1764346573.910215,423.75552892684937,True
267,0,29,RightResponse,1764346574.6873977,424.53270840644836,False
268,0,30,FeedbackPeriodStarted,1764346574.7011201,424.5464313030243,False
269,0,30,startFixDisplay,1764346574.701168,424.54647874832153,False
270,0,30,startFixPeriod,1764346574.9789078,424.8242218494415,False
271,0,30,TargetPresentation,1764346575.561753,425.4070665836334,False
272,0,30,TargetDisplacement,1764346575.7142138,425.5595245361328,True
273,0,30,LeftResponse,1764346576.4569926,426.3023045063019,False
274,0,30,FeedbackPeriodStarted,1764346576.4637718,426.3090834617615,False
275,0,31,startFixDisplay,1764346578.469148,428.31446146965027,False
276,0,31,startFixPeriod,1764346578.7050095,428.55032181739807,False
277,0,31,TargetPresentation,1764346579.3642783,429.20959186553955,False
278,0,31,TargetRemoval,1764346579.6002042,429.445517539978,True
279,0,31,TargetReappeared,1764346579.8501377,429.69545102119446,False
280,0,31,RightResponse,1764346580.384669,430.22997999191284,False
281,0,32,FeedbackPeriodStarted,1764346580.3981972,430.243510723114,False
282,0,32,startFixDisplay,1764346580.3983295,430.2436420917511,False
283,0,32,startFixPeriod,1764346580.578719,430.42403292655945,False
284,0,32,TargetPresentation,1764346581.8762572,431.7215712070465,False
285,0,32,TargetRemoval,1764346582.0426204,431.8879313468933,True
286,0,32,TargetReappeared,1764346582.2927155,432.1380295753479,False
287,0,32,RightResponse,1764346582.7367537,432.58206486701965,False
288,0,33,FeedbackPeriodStarted,1764346582.7504,432.5957109928131,False
289,0,33,startFixDisplay,1764346582.7504494,432.5957601070404,False
290,0,33,startFixPeriod,1764346582.9448087,432.79011964797974,False
291,0,33,TargetPresentation,1764346584.4367745,434.28208804130554,False
292,0,33,TargetRemoval,1764346584.4852743,434.33058762550354,True
293,0,33,TargetReappeared,1764346584.7350001,434.58031129837036,False
294,0,33,RightResponse,1764346585.2971663,435.14247727394104,False
295,0,34,FeedbackPeriodStarted,1764346585.3109066,435.15621757507324,False
296,0,34,startFixDisplay,1764346585.311001,435.156311750412,False
297,0,34,startFixPeriod,1764346585.6997235,435.5450370311737,False
298,0,34,TargetPresentation,1764346586.9832528,436.82856464385986,False
299,0,34,TargetDisplacement,1764346586.9901457,436.83545660972595,True
300,0,34,RightResponse,1764346587.6845434,437.52985668182373,False
301,0,35,FeedbackPeriodStarted,1764346587.6979144,437.5432252883911,False
302,0,35,startFixDisplay,1764346587.6979616,437.5432720184326,False
303,0,35,startFixPeriod,1764346587.7258015,437.5711147785187,False
304,0,35,TargetPresentation,1764346588.3225431,438.1678559780121,False
305,0,35,TargetRemoval,1764346588.6625032,438.50781416893005,True
306,0,35,TargetReappeared,1764346588.9124222,438.75773549079895,False
307,0,35,RightResponse,1764346589.7593997,439.6047134399414,False
308,0,36,FeedbackPeriodStarted,1764346589.7726707,439.6179814338684,False
309,0,36,startFixDisplay,1764346589.7727184,439.61802887916565,False
310,0,36,startFixPeriod,1764346590.1543849,439.9996967315674,False
311,0,36,TargetPresentation,1764346591.6463227,441.4916338920593,False
312,0,36,TargetRemoval,1764346591.6740158,441.51932668685913,True
313,0,36,TargetReappeared,1764346591.9238973,441.76920986175537,False
314,0,36,RightResponse,1764346593.1382694,442.98358035087585,False
315,0,36,FeedbackPeriodStarted,1764346593.1451395,442.99045038223267,False
316,0,37,startFixDisplay,1764346595.150461,444.9957721233368,False
317,0,37,startFixPeriod,1764346595.1574438,445.0027549266815,False
318,0,37,TargetPresentation,1764346596.6076827,446.4529941082001,False
319,0,37,TargetDisplacement,1764346596.6146312,446.45994210243225,True
320,0,37,LeftResponse,1764346597.551523,447.3968346118927,False
321,0,38,FeedbackPeriodStarted,1764346597.5652018,447.4105124473572,False
322,0,38,startFixDisplay,1764346597.5652475,447.41055822372437,False
323,0,38,startFixPeriod,1764346597.759804,447.6051173210144,False
324,0,38,TargetPresentation,1764346598.6409073,448.4862184524536,False
325,0,38,TargetRemoval,1764346598.724069,448.5693802833557,True
326,0,38,TargetReappeared,1764346598.9738784,448.81918931007385,False
327,0,38,LeftResponse,1764346599.5295,449.3748140335083,False
328,0,39,FeedbackPeriodStarted,1764346599.5428393,449.3881502151489,False
329,0,39,startFixDisplay,1764346599.5428889,449.3881993293762,False
330,0,39,startFixPeriod,1764346599.7580557,449.60336685180664,False
331,0,39,TargetPresentation,1764346600.5838087,450.4291195869446,False
332,0,39,TargetDisplacement,1764346600.5907805,450.43609142303467,True
333,0,39,LeftResponse,1764346601.3472254,451.19253635406494,False
334,0,40,FeedbackPeriodStarted,1764346601.3610542,451.20636773109436,False
335,0,40,startFixDisplay,1764346601.3611832,451.2064960002899,False
336,0,40,startFixPeriod,1764346601.5830445,451.42835569381714,False
337,0,40,TargetPresentation,1764346602.5337486,452.3790602684021,False
338,0,40,TargetDisplacement,1764346602.5405884,452.3858993053436,True
339,0,40,RightResponse,1764346603.352619,453.1979298591614,False
340,0,41,FeedbackPeriodStarted,1764346603.3664474,453.21176266670227,False
341,0,41,startFixDisplay,1764346603.3666294,453.2119436264038,False
342,0,41,startFixPeriod,1764346603.574535,453.41984605789185,False
343,0,41,TargetPresentation,1764346604.8304336,454.6757447719574,False
344,0,41,TargetDisplacement,1764346604.8373806,454.68269181251526,True
345,0,41,RightResponse,1764346605.7534783,455.5987899303436,False
346,0,42,FeedbackPeriodStarted,1764346605.7671509,455.6124618053436,False
347,0,42,startFixDisplay,1764346605.7671993,455.6125099658966,False
348,0,42,startFixPeriod,1764346606.0866284,455.93194031715393,False
349,0,42,TargetPresentation,1764346607.1619976,457.00730872154236,False
350,0,42,TargetRemoval,1764346607.224585,457.06990027427673,True
351,0,42,TargetReappeared,1764346607.474334,457.31964778900146,False
352,0,42,RightResponse,1764346608.307345,458.15265798568726,False
353,0,42,FeedbackPeriodStarted,1764346608.3138866,458.15919756889343,False
354,0,43,startFixDisplay,1764346610.319151,460.1644620895386,False
355,0,43,startFixPeriod,1764346610.3261297,460.1714406013489,False
356,0,43,TargetPresentation,1764346610.9714854,460.8167963027954,False
357,0,43,TargetDisplacement,1764346610.9992127,460.8445236682892,True
358,0,43,RightResponse,1764346611.7419071,461.58721899986267,False
359,0,44,FeedbackPeriodStarted,1764346611.7556875,461.60099840164185,False
360,0,44,startFixDisplay,1764346611.7557359,461.60104632377625,False
361,0,44,startFixPeriod,1764346611.9221544,461.76746582984924,False
362,0,44,TargetPresentation,1764346613.0740047,462.91931557655334,False
363,0,44,TargetDisplacement,1764346613.3584826,463.2037935256958,True
364,0,44,RightResponse,1764346613.8652067,463.7105178833008,False
365,0,45,FeedbackPeriodStarted,1764346613.8789165,463.72422766685486,False
366,0,45,startFixDisplay,1764346613.878964,463.72427439689636,False
367,0,45,startFixPeriod,1764346614.1218326,463.96714448928833,False
368,0,45,TargetPresentation,1764346615.4750557,465.32036781311035,False
369,0,45,TargetDisplacement,1764346615.6275597,465.4728705883026,True
370,0,45,LeftResponse,1764346616.3910046,466.2363157272339,False
371,0,46,FeedbackPeriodStarted,1764346616.4047291,466.2500398159027,False
372,0,46,startFixDisplay,1764346616.4047773,466.2500877380371,False
373,0,46,startFixPeriod,1764346616.6616707,466.5069842338562,False
374,0,46,TargetPresentation,1764346617.3555088,467.20082092285156,False
375,0,46,TargetDisplacement,1764346617.5150452,467.360356092453,True
376,0,46,RightResponse,1764346618.188239,468.0335502624512,False
377,0,47,FeedbackPeriodStarted,1764346618.2018907,468.0472013950348,False
378,0,47,startFixDisplay,1764346618.2019496,468.0472605228424,False
379,0,47,startFixPeriod,1764346618.403246,468.2485568523407,False
380,0,47,TargetPresentation,1764346619.0277162,468.8730273246765,False
381,0,47,TargetRemoval,1764346619.0346415,468.8799521923065,True
382,0,47,TargetReappeared,1764346619.2844524,469.12976336479187,False
383,0,47,RightResponse,1764346620.1450062,469.99031710624695,False
384,0,48,FeedbackPeriodStarted,1764346620.1587002,470.0040111541748,False
385,0,48,startFixDisplay,1764346620.1587474,470.0040581226349,False
386,0,48,startFixPeriod,1764346620.4364052,470.2817168235779,False
387,0,48,TargetPresentation,1764346621.4565566,471.30187010765076,False
388,0,48,TargetDisplacement,1764346621.5742986,471.4196093082428,True
389,0,48,RightResponse,1764346622.5390806,472.3843927383423,False
390,0,48,FeedbackPeriodStarted,1764346622.552743,472.39805364608765,False
391,0,49,startFixDisplay,1764346624.5580904,474.4034016132355,False
392,0,49,startFixPeriod,1764346625.0370338,474.8823473453522,False
393,0,49,TargetPresentation,1764346626.2167127,476.0620265007019,False
394,0,49,TargetDisplacement,1764346626.2442741,476.0895848274231,True
395,0,49,RightResponse,1764346627.0701807,476.91549158096313,False
396,0,50,FeedbackPeriodStarted,1764346627.0838602,476.92917108535767,False
397,0,50,startFixDisplay,1764346627.0839078,476.9292185306549,False
398,0,50,startFixPeriod,1764346627.1118019,476.9571146965027,False
399,0,50,TargetPresentation,1764346628.430153,478.27546429634094,False
400,0,50,TargetRemoval,1764346628.4370894,478.28240060806274,True
401,0,50,TargetReappeared,1764346628.6869838,478.53229665756226,False
402,0,50,LeftResponse,1764346629.3739233,479.21923446655273,False
403,0,51,FeedbackPeriodStarted,1764346629.3876503,479.2329614162445,False
404,0,51,startFixDisplay,1764346629.387698,479.23300862312317,False
405,0,51,startFixPeriod,1764346629.602975,479.4482886791229,False
406,0,51,TargetPresentation,1764346630.2134778,480.0587887763977,False
407,0,51,TargetDisplacement,1764346630.2203593,480.0656702518463,True
408,0,51,LeftResponse,1764346631.1988554,481.04416608810425,False
409,0,52,FeedbackPeriodStarted,1764346631.2126431,481.05795407295227,False
410,0,52,startFixDisplay,1764346631.2126935,481.0580041408539,False
411,0,52,startFixPeriod,1764346631.4833648,481.32867646217346,False
412,0,52,TargetPresentation,1764346632.71153,482.5568416118622,False
413,0,52,TargetDisplacement,1764346632.8573153,482.7026262283325,True
414,0,52,RightResponse,1764346633.4752731,483.3205864429474,False
415,0,53,FeedbackPeriodStarted,1764346633.4886506,483.3339614868164,False
416,0,53,startFixDisplay,1764346633.4886987,483.3340091705322,False
417,0,53,startFixPeriod,1764346636.2298005,486.0751142501831,False
418,0,53,TargetPresentation,1764346637.7215133,487.56682419776917,False
419,0,53,TargetRemoval,1764346637.7284474,487.5737588405609,True
420,0,53,TargetReappeared,1764346637.9784405,487.82375407218933,False
421,0,53,LeftResponse,1764346638.499043,488.3443546295166,False
422,0,54,FeedbackPeriodStarted,1764346638.9566166,488.80192828178406,False
423,0,54,startFixDisplay,1764346638.956673,488.801983833313,False
424,0,54,startFixPeriod,1764346639.2688954,489.1142067909241,False
425,0,54,TargetPresentation,1764346640.4000006,490.24531149864197,False
426,0,54,TargetRemoval,1764346640.4069488,490.2522602081299,True
427,0,54,TargetReappeared,1764346640.6566982,490.50200939178467,False
428,0,54,LeftResponse,1764346641.218915,491.0642259120941,False
429,0,54,FeedbackPeriodStarted,1764346641.2257347,491.07104539871216,False
430,0,55,startFixDisplay,1764346643.231058,493.0763695240021,False
431,0,55,startFixPeriod,1764346643.8139353,493.65924644470215,False
432,0,55,TargetPresentation,1764346644.431735,494.27704906463623,False
433,0,55,TargetRemoval,1764346644.577207,494.42251801490784,True
434,0,55,TargetReappeared,1764346644.8271666,494.67248010635376,False
435,0,55,LeftResponse,1764346645.6045527,495.44986486434937,False
436,0,56,FeedbackPeriodStarted,1764346645.6251543,495.4704678058624,False
437,0,56,startFixDisplay,1764346645.6252844,495.4705970287323,False
438,0,56,startFixPeriod,1764346645.8680944,495.71340680122375,False
439,0,56,TargetPresentation,1764346647.2419,497.0872118473053,False
440,0,56,TargetRemoval,1764346647.4014366,497.2467474937439,True
441,0,56,TargetReappeared,1764346647.6512775,497.4965887069702,False
442,0,56,RightResponse,1764346648.0537891,497.8991000652313,False
443,0,57,FeedbackPeriodStarted,1764346648.0675404,497.91285133361816,False
444,0,57,startFixDisplay,1764346648.067599,497.91290974617004,False
445,0,57,startFixPeriod,1764346648.7615328,498.60684394836426,False
446,0,57,TargetPresentation,1764346649.344434,499.18974685668945,False
447,0,57,TargetRemoval,1764346649.3512824,499.19659328460693,True
448,0,57,TargetReappeared,1764346649.601102,499.4464132785797,False
449,0,57,LeftResponse,1764346650.288308,500.1336193084717,False
450,0,58,FeedbackPeriodStarted,1764346650.3019204,500.1472315788269,False
451,0,58,startFixDisplay,1764346650.3019698,500.14728021621704,False
452,0,58,startFixPeriod,1764346650.6211588,500.4664707183838,False
453,0,58,TargetPresentation,1764346651.419247,501.2645604610443,False
454,0,58,TargetDisplacement,1764346651.5857716,501.4310851097107,True
455,0,58,RightResponse,1764346652.4392695,502.2845802307129,False
456,0,59,FeedbackPeriodStarted,1764346652.4530125,502.29832339286804,False
457,0,59,startFixDisplay,1764346652.45306,502.2983705997467,False
458,0,59,startFixPeriod,1764346652.7654114,502.6107246875763,False
459,0,59,TargetPresentation,1764346654.1601462,504.0054597854614,False
460,0,59,TargetRemoval,1764346654.1670055,504.0123164653778,True
461,0,59,TargetReappeared,1764346654.4167786,504.2620897293091,False
462,0,59,RightResponse,1764346655.3468294,505.19214057922363,False
463,0,60,FeedbackPeriodStarted,1764346655.360431,505.20574164390564,False
464,0,60,startFixDisplay,1764346655.3604789,505.20578956604004,False
465,0,60,startFixPeriod,1764346655.6658938,505.5112054347992,False
466,0,60,TargetPresentation,1764346656.5610049,506.4063160419464,False
467,0,60,TargetDisplacement,1764346656.7205136,506.5658242702484,True
468,0,60,LeftResponse,1764346657.9769833,507.8222966194153,False
469,0,60,FeedbackPeriodStarted,1764346657.9834464,507.8287572860718,False
470,0,61,startFixDisplay,1764346659.988857,509.83416843414307,False
471,0,61,startFixPeriod,1764346660.349823,510.19513487815857,False
472,0,61,TargetPresentation,1764346661.7444916,511.58980321884155,False
473,0,61,TargetRemoval,1764346661.827688,511.67299938201904,True
474,0,61,TargetReappeared,1764346662.0775921,511.92290592193604,False
475,0,61,RightResponse,1764346662.6466224,512.4919335842133,False
476,0,62,FeedbackPeriodStarted,1764346662.660291,512.5056018829346,False
477,0,62,startFixDisplay,1764346662.6603386,512.5056493282318,False
478,0,62,startFixPeriod,1764346662.667265,512.5125758647919,False
479,0,62,TargetPresentation,1764346663.4376726,513.2829840183258,False
480,0,62,TargetDisplacement,1764346663.4444582,513.289769411087,True
481,0,62,RightResponse,1764346664.832864,514.6781752109528,False
482,0,63,FeedbackPeriodStarted,1764346664.8461568,514.6914684772491,False
483,0,63,startFixDisplay,1764346664.8462298,514.6915409564972,False
484,0,63,startFixPeriod,1764346665.040552,514.8858649730682,False
485,0,63,TargetPresentation,1764346665.782913,515.6282243728638,False
486,0,63,TargetDisplacement,1764346665.7898636,515.6351745128632,True
487,0,63,LeftResponse,1764346666.4492533,516.2945644855499,False
488,0,64,FeedbackPeriodStarted,1764346666.4629896,516.3083028793335,False
489,0,64,startFixDisplay,1764346666.4631224,516.3084347248077,False
490,0,64,startFixPeriod,1764346666.955881,516.8011949062347,False
491,0,64,TargetPresentation,1764346667.8578384,517.7031493186951,False
492,0,64,TargetDisplacement,1764346668.7320187,518.5773296356201,True
493,0,64,RightResponse,1764346670.001943,519.8472535610199,False
494,0,65,FeedbackPeriodStarted,1764346670.0157554,519.8610663414001,False
495,0,65,startFixDisplay,1764346670.015803,519.8611137866974,False
496,0,65,startFixPeriod,1764346670.196257,520.0415687561035,False
497,0,65,TargetPresentation,1764346671.264946,521.1102590560913,False
498,0,65,TargetRemoval,1764346671.3618774,521.2071883678436,True
499,0,65,TargetReappeared,1764346671.6118243,521.4571356773376,False
500,0,65,RightResponse,1764346672.1530616,521.9983730316162,False
501,0,65,FeedbackPeriodStarted,1764346672.1878552,522.033166885376,False
502,1,66,startFixDisplay,1764346888.2830462,738.1283571720123,False
503,1,66,startFixPeriod,1764346888.2900329,738.1353437900543,False
504,1,66,TargetPresentation,1764346889.469862,739.3151752948761,False
505,1,66,TargetDisplacement,1764346891.093499,740.9388120174408,True
506,1,66,RightResponse,1764346891.5376985,741.3830106258392,False
507,1,67,FeedbackPeriodStarted,1764346891.5513375,741.3966488838196,False
508,1,67,startFixDisplay,1764346891.5514011,741.3967125415802,False
509,1,67,startFixPeriod,1764346891.7389286,741.584242105484,False
510,1,67,TargetPresentation,1764346892.5577595,742.4030730724335,False
511,1,67,TargetDisplacement,1764346892.7378964,742.5832076072693,True
512,1,67,RightResponse,1764346893.855273,743.7005836963654,False
513,1,68,FeedbackPeriodStarted,1764346893.8690007,743.71431183815,False
514,1,68,startFixDisplay,1764346893.8690484,743.7143588066101,False
515,1,68,startFixPeriod,1764346894.0565643,743.9018931388855,False
516,1,68,TargetPresentation,1764346894.9308388,744.7761523723602,False
517,1,68,TargetDisplacement,1764346895.076507,744.9218204021454,True
518,1,68,LeftResponse,1764346896.2009897,746.0463030338287,False
519,1,69,FeedbackPeriodStarted,1764346896.21441,746.059720993042,False
520,1,69,startFixDisplay,1764346896.2144582,746.0597684383392,False
521,1,69,startFixPeriod,1764346896.4087248,746.2540354728699,False
522,1,69,TargetPresentation,1764346897.0887969,746.9341082572937,False
523,1,69,TargetDisplacement,1764346897.248498,747.093813419342,True
524,1,69,RightResponse,1764346898.1299696,747.9752826690674,False
525,1,70,FeedbackPeriodStarted,1764346898.150519,747.9958326816559,False
526,1,70,startFixDisplay,1764346898.150667,747.9959797859192,False
527,1,70,startFixPeriod,1764346898.4419222,748.2872340679169,False
528,1,70,TargetPresentation,1764346899.6147473,749.4600627422333,False
529,1,70,TargetDisplacement,1764346899.7879844,749.6332952976227,True
530,1,70,RightResponse,1764346900.4476144,750.2929277420044,False
531,1,71,FeedbackPeriodStarted,1764346900.468036,750.313346862793,False
532,1,71,startFixDisplay,1764346900.468133,750.3134436607361,False
533,1,71,startFixPeriod,1764346900.7735503,750.6188640594482,False
534,1,71,TargetPresentation,1764346901.606037,751.45134806633,False
535,1,71,TargetDisplacement,1764346903.1743734,753.019688129425,True
536,1,71,LeftResponse,1764346903.4036906,753.2490036487579,False
537,1,72,FeedbackPeriodStarted,1764346903.424,753.2693109512329,False
538,1,72,startFixDisplay,1764346903.4240487,753.2693591117859,False
539,1,72,startFixPeriod,1764346903.597827,753.4431428909302,False
540,1,72,TargetPresentation,1764346904.1942904,754.0396015644073,False
541,1,72,TargetDisplacement,1764346904.437157,754.282467842102,True
542,1,72,LeftResponse,1764346905.4920576,755.3373687267303,False
543,1,72,FeedbackPeriodStarted,1764346905.4989944,755.3443088531494,False
544,1,73,startFixDisplay,1764346907.5042324,757.3495440483093,False
545,1,73,startFixPeriod,1764346909.357009,759.202320098877,False
546,1,73,TargetPresentation,1764346910.1759024,760.0212156772614,False
547,1,73,TargetRemoval,1764346910.4256613,760.2709748744965,True
548,1,73,TargetReappeared,1764346910.6753633,760.5206744670868,False
549,1,73,RightResponse,1764346912.1260855,761.9713988304138,False
550,1,74,FeedbackPeriodStarted,1764346912.1395617,761.9848914146423,False
551,1,74,startFixDisplay,1764346912.1397192,761.9850316047668,False
552,1,74,startFixPeriod,1764346912.306088,762.1513993740082,False
553,1,74,TargetPresentation,1764346913.3053143,763.1506254673004,False
554,1,74,TargetDisplacement,1764346913.444033,763.2893440723419,True
555,1,74,LeftResponse,1764346914.5474977,764.3928084373474,False
556,1,75,FeedbackPeriodStarted,1764346914.5611544,764.4064650535583,False
557,1,75,startFixDisplay,1764346914.5612016,764.4065120220184,False
558,1,75,startFixPeriod,1764346914.7348828,764.5801961421967,False
559,1,75,TargetPresentation,1764346916.1641326,766.0094435214996,False
560,1,75,TargetRemoval,1764346916.3445475,766.1898584365845,True
561,1,75,TargetReappeared,1764346916.5945003,766.4398143291473,False
562,1,75,LeftResponse,1764346917.1844237,767.0297360420227,False
563,1,76,FeedbackPeriodStarted,1764346917.2050009,767.0503127574921,False
564,1,76,startFixDisplay,1764346917.2050629,767.0503742694855,False
565,1,76,startFixPeriod,1764346917.3925164,767.2378296852112,False
566,1,76,TargetPresentation,1764346918.0307302,767.8760414123535,False
567,1,76,TargetRemoval,1764346918.1973696,768.0426828861237,True
568,1,76,TargetReappeared,1764346918.4476407,768.2929553985596,False
569,1,76,RightResponse,1764346919.0512152,768.8965282440186,False
570,1,77,FeedbackPeriodStarted,1764346919.0646014,768.9099123477936,False
571,1,77,startFixDisplay,1764346919.0646503,768.9099609851837,False
572,1,77,startFixPeriod,1764346919.2799094,769.1252233982086,False
573,1,77,TargetPresentation,1764346920.091819,769.9371342658997,False
574,1,77,TargetRemoval,1764346920.2374413,770.0827548503876,True
575,1,77,TargetReappeared,1764346920.4872532,770.3325643539429,False
576,1,77,RightResponse,1764346920.9941397,770.8394510746002,False
577,1,78,FeedbackPeriodStarted,1764346921.0077841,770.8530993461609,False
578,1,78,startFixDisplay,1764346921.0079844,770.8532984256744,False
579,1,78,startFixPeriod,1764346921.1882179,771.0335304737091,False
580,1,78,TargetPresentation,1764346921.861078,771.7063889503479,False
581,1,78,TargetDisplacement,1764346922.020776,771.8660891056061,True
582,1,78,LeftResponse,1764346922.6730747,772.518385887146,False
583,1,78,FeedbackPeriodStarted,1764346922.6798964,772.5252072811127,False
584,1,79,startFixDisplay,1764346924.685235,774.5305469036102,False
585,1,79,startFixPeriod,1764346925.1710854,775.0163967609406,False
586,1,79,TargetPresentation,1764346926.5519638,776.3972752094269,False
587,1,79,TargetDisplacement,1764346926.7045994,776.5499103069305,True
588,1,79,LeftResponse,1764346927.3502479,777.1955597400665,False
589,1,80,FeedbackPeriodStarted,1764346927.3706214,777.2159323692322,False
590,1,80,startFixDisplay,1764346927.3706686,777.2159793376923,False
591,1,80,startFixPeriod,1764346927.6690872,777.5143988132477,False
592,1,80,TargetPresentation,1764346928.7237875,778.5690984725952,False
593,1,80,TargetDisplacement,1764346928.876464,778.7217752933502,True
594,1,80,LeftResponse,1764346929.5292583,779.3745694160461,False
595,1,81,FeedbackPeriodStarted,1764346929.5425303,779.387841463089,False
596,1,81,startFixDisplay,1764346929.5425866,779.3878972530365,False
597,1,81,startFixPeriod,1764346931.353746,781.1990566253662,False
598,1,81,TargetPresentation,1764346931.8949363,781.740247964859,False
599,1,81,TargetRemoval,1764346932.0755131,781.9208281040192,True
600,1,81,TargetReappeared,1764346932.325344,782.1706595420837,False
601,1,81,RightResponse,1764346932.8739893,782.7193005084991,False
602,1,82,FeedbackPeriodStarted,1764346932.887185,782.7324960231781,False
603,1,82,startFixDisplay,1764346932.8872397,782.7325503826141,False
604,1,82,startFixPeriod,1764346933.0746355,782.9199478626251,False
605,1,82,TargetPresentation,1764346934.0114453,783.85675740242,False
606,1,82,TargetDisplacement,1764346934.170919,784.0162298679352,True
607,1,82,RightResponse,1764346935.2401412,785.0854561328888,False
608,1,83,FeedbackPeriodStarted,1764346935.253392,785.0987031459808,False
609,1,83,startFixDisplay,1764346935.2534468,785.098757982254,False
610,1,83,startFixPeriod,1764346935.5379653,785.3832764625549,False
611,1,83,TargetPresentation,1764346936.4332647,786.2785799503326,False
612,1,83,TargetDisplacement,1764346937.8485947,787.6939058303833,True
613,1,83,RightResponse,1764346938.0499215,787.8952324390411,False
614,1,84,FeedbackPeriodStarted,1764346938.0638037,787.9091148376465,False
615,1,84,startFixDisplay,1764346938.0638537,787.9091644287109,False
616,1,84,startFixPeriod,1764346938.3137798,788.1590933799744,False
617,1,84,TargetPresentation,1764346939.4863007,789.3316121101379,False
618,1,84,TargetDisplacement,1764346939.6876824,789.5329959392548,True
619,1,84,RightResponse,1764346940.3954062,790.2407176494598,False
620,1,84,FeedbackPeriodStarted,1764346940.402287,790.2476005554199,False
621,1,85,startFixDisplay,1764346942.4075084,792.2528195381165,False
622,1,85,startFixPeriod,1764346942.8726509,792.7179644107819,False
623,1,85,TargetPresentation,1764346943.8370845,793.6823968887329,False
624,1,85,TargetDisplacement,1764346943.9897974,793.8351085186005,True
625,1,85,LeftResponse,1764346944.8990817,794.7443950176239,False
626,1,86,FeedbackPeriodStarted,1764346944.912647,794.757960319519,False
627,1,86,startFixDisplay,1764346944.9127831,794.7580955028534,False
628,1,86,startFixPeriod,1764346945.1694064,795.0147199630737,False
629,1,86,TargetPresentation,1764346946.0853019,795.9306139945984,False
630,1,86,TargetRemoval,1764346947.3829148,797.2282280921936,True
631,1,86,TargetReappeared,1764346947.632862,797.4781761169434,False
632,1,86,RightResponse,1764346949.062381,798.9076933860779,False
633,1,87,FeedbackPeriodStarted,1764346949.0828545,798.9281651973724,False
634,1,87,startFixDisplay,1764346949.0829134,798.9282240867615,False
635,1,87,startFixPeriod,1764346949.2703974,799.1157109737396,False
636,1,87,TargetPresentation,1764346950.7135518,800.5588629245758,False
637,1,87,TargetDisplacement,1764346950.859408,800.7047212123871,True
638,1,87,LeftResponse,1764346951.713083,801.5583939552307,False
639,1,88,FeedbackPeriodStarted,1764346951.7267542,801.5720674991608,False
640,1,88,startFixDisplay,1764346951.7268717,801.5721845626831,False
641,1,88,startFixPeriod,1764346951.9348803,801.7801911830902,False
642,1,88,TargetPresentation,1764346952.8994877,802.7448015213013,False
643,1,88,TargetRemoval,1764346954.2456753,804.0909883975983,True
644,1,88,TargetReappeared,1764346954.495499,804.3408105373383,False
645,1,88,RightResponse,1764346954.5718937,804.4172048568726,False
646,1,89,FeedbackPeriodStarted,1764346954.585509,804.4308199882507,False
647,1,89,startFixDisplay,1764346954.585558,804.4308686256409,False
648,1,89,startFixPeriod,1764346954.9949896,804.8403007984161,False
649,1,89,TargetPresentation,1764346955.9803731,805.8256840705872,False
650,1,89,TargetDisplacement,1764346956.264919,806.1102297306061,True
651,1,89,RightResponse,1764346957.6943843,807.5396952629089,False
652,1,90,FeedbackPeriodStarted,1764346957.7080998,807.5534110069275,False
653,1,90,startFixDisplay,1764346957.7081587,807.5534694194794,False
654,1,90,startFixPeriod,1764346957.8816955,807.7270064353943,False
655,1,90,TargetPresentation,1764346959.200108,809.0454196929932,False
656,1,90,TargetRemoval,1764346959.3458169,809.1911280155182,True
657,1,90,TargetReappeared,1764346959.595629,809.4409399032593,False
658,1,90,RightResponse,1764346960.1858954,810.0312063694,False
659,1,90,FeedbackPeriodStarted,1764346960.1924882,810.0378031730652,False
660,1,91,startFixDisplay,1764346962.1976697,812.0429811477661,False
661,1,91,startFixPeriod,1764346962.6834595,812.5287714004517,False
662,1,91,TargetPresentation,1764346963.6549218,813.5002329349518,False
663,1,91,TargetDisplacement,1764346963.8283386,813.6736500263214,True
664,1,91,LeftResponse,1764346964.5432072,814.3885180950165,False
665,1,92,FeedbackPeriodStarted,1764346964.563941,814.4092535972595,False
666,1,92,startFixDisplay,1764346964.5640285,814.4093396663666,False
667,1,92,startFixPeriod,1764346964.8277316,814.6730453968048,False
668,1,92,TargetPresentation,1764346965.8268416,815.6721527576447,False
669,1,92,TargetDisplacement,1764346966.014179,815.8594899177551,True
670,1,92,LeftResponse,1764346966.7223678,816.5676801204681,False
671,1,93,FeedbackPeriodStarted,1764346966.7428403,816.5881540775299,False
672,1,93,startFixDisplay,1764346966.7429745,816.5882868766785,False
673,1,93,startFixPeriod,1764346966.9580085,816.8033199310303,False
674,1,93,TargetPresentation,1764346967.8116078,817.6569221019745,False
675,1,93,TargetRemoval,1764346968.0542476,817.8995587825775,True
676,1,93,TargetReappeared,1764346968.3039956,818.149307012558,False
677,1,93,RightResponse,1764346968.7344437,818.5797548294067,False
678,1,94,FeedbackPeriodStarted,1764346968.7480884,818.5933992862701,False
679,1,94,startFixDisplay,1764346968.748136,818.5934464931488,False
680,1,94,startFixPeriod,1764346968.942466,818.7877776622772,False
681,1,94,TargetPresentation,1764346969.6573489,819.5026624202728,False
682,1,94,TargetDisplacement,1764346971.2047856,821.0501008033752,True
683,1,94,RightResponse,1764346972.0651338,821.9104447364807,False
684,1,95,FeedbackPeriodStarted,1764346972.0788581,821.9241695404053,False
685,1,95,startFixDisplay,1764346972.0789156,821.9242262840271,False
686,1,95,startFixPeriod,1764346972.2733202,822.1186325550079,False
687,1,95,TargetPresentation,1764346972.7867818,822.6320929527283,False
688,1,95,TargetRemoval,1764346972.9462893,822.7916004657745,True
689,1,95,TargetReappeared,1764346973.196276,823.04159116745,False
690,1,95,RightResponse,1764346974.5081873,824.3534982204437,False
691,1,96,FeedbackPeriodStarted,1764346974.5283148,824.3736264705658,False
692,1,96,startFixDisplay,1764346974.5283728,824.3736834526062,False
693,1,96,startFixPeriod,1764346974.7575204,824.6028354167938,False
694,1,96,TargetPresentation,1764346975.2570295,825.1023404598236,False
695,1,96,TargetDisplacement,1764346976.3464913,826.1918046474457,True
696,1,96,LeftResponse,1764346976.9922264,826.8375403881073,False
697,1,96,FeedbackPeriodStarted,1764346977.0057921,826.851105928421,False
698,1,97,startFixDisplay,1764346979.0109427,828.856253862381,False
699,1,97,startFixPeriod,1764346979.3372426,829.1825551986694,False
700,1,97,TargetPresentation,1764346980.149177,829.9944908618927,False
701,1,97,TargetRemoval,1764346980.3087814,830.1540951728821,True
702,1,97,TargetReappeared,1764346980.558542,830.4038553237915,False
703,1,97,LeftResponse,1764346981.003105,830.848415851593,False
704,1,98,FeedbackPeriodStarted,1764346981.0232692,830.8685805797577,False
705,1,98,startFixDisplay,1764346981.0233269,830.8686380386353,False
706,1,98,startFixPeriod,1764346981.3078558,831.1531672477722,False
707,1,98,TargetPresentation,1764346982.1336262,831.978937625885,False
708,1,98,TargetRemoval,1764346982.2794762,832.1247911453247,True
709,1,98,TargetReappeared,1764346982.5290995,832.3744106292725,False
710,1,98,RightResponse,1764346983.5358207,833.3811316490173,False
711,1,99,FeedbackPeriodStarted,1764346983.5561566,833.4014720916748,False
712,1,99,startFixDisplay,1764346983.5563335,833.401647567749,False
713,1,99,startFixPeriod,1764346983.7711828,833.6164939403534,False
714,1,99,TargetPresentation,1764346984.78442,834.6297338008881,False
715,1,99,TargetDisplacement,1764346984.9439082,834.7892189025879,True
716,1,99,RightResponse,1764346985.5062742,835.3515868186951,False
717,1,100,FeedbackPeriodStarted,1764346985.5267603,835.372073173523,False
718,1,100,startFixDisplay,1764346985.5268645,835.3721766471863,False
719,1,100,startFixPeriod,1764346985.7210858,835.5663969516754,False
720,1,100,TargetPresentation,1764346986.7967572,836.6420712471008,False
721,1,100,TargetDisplacement,1764346986.9493332,836.7946469783783,True
722,1,100,LeftResponse,1764346987.8863552,837.7316679954529,False
723,1,101,FeedbackPeriodStarted,1764346987.899935,837.7452487945557,False
724,1,101,startFixDisplay,1764346987.9000607,837.7453730106354,False
725,1,101,startFixPeriod,1764346988.2400658,838.0853791236877,False
726,1,101,TargetPresentation,1764346989.239271,839.0845839977264,False
727,1,101,TargetDisplacement,1764346989.398822,839.2441363334656,True
728,1,101,LeftResponse,1764346990.4332006,840.2785115242004,False
729,1,102,FeedbackPeriodStarted,1764346990.4534116,840.2987232208252,False
730,1,102,startFixDisplay,1764346990.4534707,840.2987813949585,False
731,1,102,startFixPeriod,1764346990.7241054,840.5694165229797,False
732,1,102,TargetPresentation,1764346991.9940603,841.8393716812134,False
733,1,102,TargetDisplacement,1764346992.1535854,841.9988968372345,True
734,1,102,LeftResponse,1764346992.736658,842.5819704532623,False
735,1,102,FeedbackPeriodStarted,1764346992.7434409,842.5887544155121,False
736,1,103,startFixDisplay,1764346994.7486544,844.5939652919769,False
737,1,103,startFixPeriod,1764346995.0888517,844.9341638088226,False
738,1,103,TargetPresentation,1764346996.0118425,845.8571577072144,False
739,1,103,TargetDisplacement,1764346996.1712492,846.0165603160858,True
740,1,103,LeftResponse,1764346996.7822096,846.6275203227997,False
741,1,104,FeedbackPeriodStarted,1764346996.79568,846.6409907341003,False
742,1,104,startFixDisplay,1764346996.7957332,846.6410443782806,False
743,1,104,startFixPeriod,1764346997.0663772,846.9116885662079,False
744,1,104,TargetPresentation,1764346998.3015194,848.1468305587769,False
745,1,104,TargetRemoval,1764346998.4680648,848.313375711441,True
746,1,104,TargetReappeared,1764346998.717867,848.5631778240204,False
747,1,104,RightResponse,1764346999.308199,849.1535108089447,False
748,1,105,FeedbackPeriodStarted,1764346999.3215163,849.1668276786804,False
749,1,105,startFixDisplay,1764346999.321582,849.1668930053711,False
750,1,105,startFixPeriod,1764346999.62707,849.472384929657,False
751,1,105,TargetPresentation,1764347000.1544116,849.9997279644012,False
752,1,105,TargetDisplacement,1764347000.3762536,850.2215645313263,True
753,1,105,RightResponse,1764347001.0147974,850.8601083755493,False
754,1,106,FeedbackPeriodStarted,1764347001.035435,850.8807463645935,False
755,1,106,startFixDisplay,1764347001.0354939,850.8808045387268,False
756,1,106,startFixPeriod,1764347001.208949,851.0542600154877,False
757,1,106,TargetPresentation,1764347002.1110895,851.9564006328583,False
758,1,106,TargetRemoval,1764347002.242883,852.0881938934326,True
759,1,106,TargetReappeared,1764347002.492811,852.338125705719,False
760,1,106,LeftResponse,1764347002.9024851,852.747798204422,False
761,1,107,FeedbackPeriodStarted,1764347002.9160247,852.7613377571106,False
762,1,107,startFixDisplay,1764347002.916154,852.7614662647247,False
763,1,107,startFixPeriod,1764347003.1103919,852.9557056427002,False
764,1,107,TargetPresentation,1764347004.4495966,854.2949104309082,False
765,1,107,TargetDisplacement,1764347005.1156042,854.9609150886536,True
766,1,107,LeftResponse,1764347005.303118,855.1484289169312,False
767,1,108,FeedbackPeriodStarted,1764347005.316936,855.1622469425201,False
768,1,108,startFixDisplay,1764347005.3169851,855.1622955799103,False
769,1,108,startFixPeriod,1764347005.6291983,855.4745109081268,False
770,1,108,TargetPresentation,1764347006.2884743,856.1337878704071,False
771,1,108,TargetDisplacement,1764347006.8782513,856.723564863205,True
772,1,108,LeftResponse,1764347007.4822783,857.3275904655457,False
773,1,108,FeedbackPeriodStarted,1764347007.4888546,857.3341653347015,False
774,1,109,startFixDisplay,1764347009.494102,859.3394129276276,False
775,1,109,startFixPeriod,1764347009.5010278,859.3463387489319,False
776,1,109,TargetPresentation,1764347010.722398,860.5677089691162,False
777,1,109,TargetDisplacement,1764347010.8819642,860.7272751331329,True
778,1,109,LeftResponse,1764347012.0619106,861.9072227478027,False
779,1,110,FeedbackPeriodStarted,1764347012.075416,861.9207270145416,False
780,1,110,startFixDisplay,1764347012.0754647,861.9207754135132,False
781,1,110,startFixPeriod,1764347012.436336,862.2816481590271,False
782,1,110,TargetPresentation,1764347013.1371293,862.9824407100677,False
783,1,110,TargetDisplacement,1764347013.310563,863.1558740139008,True
784,1,110,RightResponse,1764347014.5043774,864.349689245224,False
785,1,111,FeedbackPeriodStarted,1764347014.5248973,864.3702082633972,False
786,1,111,startFixDisplay,1764347014.524946,864.3702564239502,False
787,1,111,startFixPeriod,1764347014.8303618,864.6756734848022,False
788,1,111,TargetPresentation,1764347015.593747,865.4390614032745,False
789,1,111,TargetRemoval,1764347015.7533023,865.5986161231995,True
790,1,111,TargetReappeared,1764347016.0031354,865.8484468460083,False
791,1,111,LeftResponse,1764347016.398641,866.2439520359039,False
792,1,112,FeedbackPeriodStarted,1764347016.4123096,866.2576208114624,False
793,1,112,startFixDisplay,1764347016.412357,866.2576677799225,False
794,1,112,startFixPeriod,1764347016.6899924,866.5353035926819,False
795,1,112,TargetPresentation,1764347017.8281384,867.6734519004822,False
796,1,112,TargetDisplacement,1764347018.4246707,868.2699816226959,True
797,1,112,LeftResponse,1764347019.0288374,868.8741502761841,False
798,1,113,FeedbackPeriodStarted,1764347019.049333,868.894647359848,False
799,1,113,startFixDisplay,1764347019.049471,868.8947834968567,False
800,1,113,startFixPeriod,1764347019.3684669,869.2137792110443,False
801,1,113,TargetPresentation,1764347020.0068874,869.8521997928619,False
802,1,113,TargetDisplacement,1764347020.2428224,870.0881366729736,True
803,1,113,RightResponse,1764347021.1243002,870.9696116447449,False
804,1,114,FeedbackPeriodStarted,1764347021.1447363,870.9900472164154,False
805,1,114,startFixDisplay,1764347021.1447835,870.9900941848755,False
806,1,114,startFixPeriod,1764347021.3808804,871.2261939048767,False
807,1,114,TargetPresentation,1764347021.970755,871.816068649292,False
808,1,114,TargetDisplacement,1764347022.1232288,871.9685397148132,True
809,1,114,LeftResponse,1764347022.616004,872.4613151550293,False
810,1,114,FeedbackPeriodStarted,1764347022.6228793,872.4681906700134,False
811,1,115,startFixDisplay,1764347024.628204,874.4735150337219,False
812,1,115,startFixPeriod,1764347024.8433008,874.6886117458344,False
813,1,115,TargetPresentation,1764347025.8078036,875.6531145572662,False
814,1,115,TargetDisplacement,1764347025.9744744,875.819787979126,True
815,1,115,LeftResponse,1764347026.5506334,876.3959460258484,False
816,1,116,FeedbackPeriodStarted,1764347026.571062,876.4163730144501,False
817,1,116,startFixDisplay,1764347026.5711102,876.4164209365845,False
818,1,116,startFixPeriod,1764347026.91129,876.7566032409668,False
819,1,116,TargetPresentation,1764347027.6399078,877.48521900177,False
820,1,116,TargetDisplacement,1764347027.7785006,877.6238114833832,True
821,1,116,RightResponse,1764347028.3269343,878.1722459793091,False
822,1,117,FeedbackPeriodStarted,1764347028.3405154,878.1858263015747,False
823,1,117,startFixDisplay,1764347028.3405626,878.1858732700348,False
824,1,117,startFixPeriod,1764347028.5350008,878.3803133964539,False
825,1,117,TargetPresentation,1764347029.450892,879.2962031364441,False
826,1,117,TargetDisplacement,1764347029.6034577,879.4487683773041,True
827,1,117,LeftResponse,1764347030.103263,879.9485745429993,False
828,1,118,FeedbackPeriodStarted,1764347030.1238494,879.9691603183746,False
829,1,118,startFixDisplay,1764347030.1239073,879.9692182540894,False
830,1,118,startFixPeriod,1764347030.3947694,880.2400832176208,False
831,1,118,TargetPresentation,1764347031.074719,880.9200325012207,False
832,1,118,TargetRemoval,1764347031.2619615,881.1072723865509,True
833,1,118,TargetReappeared,1764347031.5118372,881.3571481704712,False
834,1,118,LeftResponse,1764347032.0947392,881.9400506019592,False
835,1,119,FeedbackPeriodStarted,1764347032.1084104,881.9537212848663,False
836,1,119,startFixDisplay,1764347032.108458,881.953768491745,False
837,1,119,startFixPeriod,1764347032.3584316,882.2037453651428,False
838,1,119,TargetPresentation,1764347033.5379934,883.3833048343658,False
839,1,119,TargetDisplacement,1764347033.6905591,883.5358703136444,True
840,1,119,LeftResponse,1764347034.6278765,884.4731876850128,False
841,1,120,FeedbackPeriodStarted,1764347034.6411622,884.4864730834961,False
842,1,120,startFixDisplay,1764347034.64121,884.4865207672119,False
843,1,120,startFixPeriod,1764347034.8426228,884.6879363059998,False
844,1,120,TargetPresentation,1764347035.938965,885.784277677536,False
845,1,120,TargetDisplacement,1764347035.9666975,885.8120107650757,True
846,1,120,LeftResponse,1764347036.8482673,886.6935782432556,False
847,1,120,FeedbackPeriodStarted,1764347036.855017,886.7003309726715,False
848,1,121,startFixDisplay,1764347038.860095,888.7054059505463,False
849,1,121,startFixPeriod,1764347039.2627447,889.108057975769,False
850,1,121,TargetPresentation,1764347040.0953217,889.9406325817108,False
851,1,121,TargetDisplacement,1764347040.254892,890.100203037262,True
852,1,121,RightResponse,1764347040.963179,890.8084921836853,False
853,1,122,FeedbackPeriodStarted,1764347040.9836051,890.8289198875427,False
854,1,122,startFixDisplay,1764347040.9837446,890.8290569782257,False
855,1,122,startFixPeriod,1764347041.1708994,891.0162115097046,False
856,1,122,TargetPresentation,1764347041.9967816,891.8420965671539,False
857,1,122,TargetRemoval,1764347042.1701,892.0154111385345,True
858,1,122,TargetReappeared,1764347042.4199266,892.265237569809,False
859,1,122,LeftResponse,1764347042.7602015,892.6055128574371,False
860,1,123,FeedbackPeriodStarted,1764347042.7737322,892.6190431118011,False
861,1,123,startFixDisplay,1764347042.773781,892.6190917491913,False
862,1,123,startFixPeriod,1764347043.0583048,892.9036157131195,False
863,1,123,TargetPresentation,1764347044.5432532,894.3885643482208,False
864,1,123,TargetRemoval,1764347044.7099888,894.5552999973297,True
865,1,123,TargetReappeared,1764347044.9595745,894.8048858642578,False
866,1,123,RightResponse,1764347045.3622336,895.2075443267822,False
867,1,124,FeedbackPeriodStarted,1764347045.382991,895.2283053398132,False
868,1,124,startFixDisplay,1764347045.3831165,895.2284288406372,False
869,1,124,startFixPeriod,1764347045.5632918,895.4086027145386,False
870,1,124,TargetPresentation,1764347046.6666644,896.5119760036469,False
871,1,124,TargetRemoval,1764347046.8192909,896.6646022796631,True
872,1,124,TargetReappeared,1764347047.0691009,896.9144117832184,False
873,1,124,LeftResponse,1764347047.444075,897.2893862724304,False
874,1,125,FeedbackPeriodStarted,1764347047.464715,897.3100287914276,False
875,1,125,startFixDisplay,1764347047.46484,897.3101525306702,False
876,1,125,startFixPeriod,1764347047.7491267,897.5944378376007,False
877,1,125,TargetPresentation,1764347048.8662758,898.7115869522095,False
878,1,125,TargetDisplacement,1764347049.032869,898.8781807422638,True
879,1,125,RightResponse,1764347049.6990786,899.5443897247314,False
880,1,126,FeedbackPeriodStarted,1764347049.7197545,899.5650660991669,False
881,1,126,startFixDisplay,1764347049.719814,899.5651252269745,False
882,1,126,startFixPeriod,1764347049.907167,899.7524781227112,False
883,1,126,TargetPresentation,1764347050.6426756,900.4879868030548,False
884,1,126,TargetRemoval,1764347050.961887,900.8071978092194,True
885,1,126,TargetReappeared,1764347051.2118192,901.0571310520172,False
886,1,126,RightResponse,1764347051.6767607,901.5220715999603,False
887,1,126,FeedbackPeriodStarted,1764347051.683551,901.5288622379303,False
888,1,127,startFixDisplay,1764347053.695771,903.5410821437836,False
889,1,127,startFixPeriod,1764347054.0220263,903.8673377037048,False
890,1,127,TargetPresentation,1764347055.0629838,904.9082984924316,False
891,1,127,TargetDisplacement,1764347055.2154503,905.0607616901398,True
892,1,127,RightResponse,1764347055.8470275,905.6923384666443,False
893,1,128,FeedbackPeriodStarted,1764347055.8676815,905.7129926681519,False
894,1,128,startFixDisplay,1764347055.867737,905.7130479812622,False
895,1,128,startFixPeriod,1764347056.0481477,905.8934588432312,False
896,1,128,TargetPresentation,1764347056.589413,906.4347238540649,False
897,1,128,TargetDisplacement,1764347056.8183608,906.6636719703674,True
898,1,128,LeftResponse,1764347057.3944163,907.2397274971008,False
899,1,129,FeedbackPeriodStarted,1764347057.408141,907.2534518241882,False
900,1,129,startFixDisplay,1764347057.4081886,907.2534992694855,False
901,1,129,startFixPeriod,1764347057.616446,907.4617574214935,False
902,1,129,TargetPresentation,1764347058.2478878,908.0931987762451,False
903,1,129,TargetRemoval,1764347058.3796694,908.2249808311462,True
904,1,129,TargetReappeared,1764347058.6295786,908.474892616272,False
905,1,129,LeftResponse,1764347059.05991,908.9052214622498,False
906,1,130,FeedbackPeriodStarted,1764347059.0804992,908.925811290741,False
907,1,130,startFixDisplay,1764347059.0805867,908.9258980751038,False
908,1,130,startFixPeriod,1764347059.399725,909.2450361251831,False
909,1,130,TargetPresentation,1764347060.0938122,909.939127445221,False
910,1,130,TargetRemoval,1764347060.2672844,910.1125955581665,True
911,1,130,TargetReappeared,1764347060.5171092,910.362423658371,False
912,1,130,LeftResponse,1764347061.0031378,910.8484508991241,False
913,1,131,FeedbackPeriodStarted,1764347061.0164287,910.8617398738861,False
914,1,131,startFixDisplay,1764347061.0164762,910.8617868423462,False
915,1,131,startFixPeriod,1764347061.3775165,911.2228317260742,False
916,1,131,TargetPresentation,1764347062.2586305,912.1039414405823,False
917,1,131,TargetRemoval,1764347062.4113095,912.2566206455231,True
918,1,131,TargetReappeared,1764347062.6610672,912.5063788890839,False
919,1,131,RightResponse,1764347063.1263013,912.9716119766235,False
920,1,131,FeedbackPeriodStarted,1764347063.167834,913.0131485462189,False
921,2,132,startFixDisplay,1764347256.6070404,1106.4523522853851,False
922,2,132,startFixPeriod,1764347256.8291957,1106.6745069026947,False
923,2,132,TargetPresentation,1764347257.9879937,1107.833304643631,False
924,2,132,TargetDisplacement,1764347258.147676,1107.9929893016815,True
925,2,132,RightResponse,1764347259.1956255,1109.040937423706,False
926,2,133,FeedbackPeriodStarted,1764347259.2161565,1109.061467409134,False
927,2,133,startFixDisplay,1764347259.2162127,1109.0615231990814,False
928,2,133,startFixPeriod,1764347259.4799914,1109.3253049850464,False
929,2,133,TargetPresentation,1764347259.9933922,1109.8387031555176,False
930,2,133,TargetDisplacement,1764347260.1669476,1110.012258529663,True
931,2,133,LeftResponse,1764347261.4437652,1111.2890763282776,False
932,2,134,FeedbackPeriodStarted,1764347261.4574344,1111.3027453422546,False
933,2,134,startFixDisplay,1764347261.4574876,1111.3027982711792,False
934,2,134,startFixPeriod,1764347261.6588914,1111.5042052268982,False
935,2,134,TargetPresentation,1764347262.3597512,1112.205064535141,False
936,2,134,TargetDisplacement,1764347262.5122437,1112.35755443573,True
937,2,134,RightResponse,1764347263.1927273,1113.0380403995514,False
938,2,135,FeedbackPeriodStarted,1764347263.2064755,1113.051786661148,False
939,2,135,startFixDisplay,1764347263.2065217,1113.0518324375153,False
940,2,135,startFixPeriod,1764347263.5739355,1113.419246673584,False
941,2,135,TargetPresentation,1764347264.129,1113.9743113517761,False
942,2,135,TargetRemoval,1764347264.2818635,1114.12717795372,True
943,2,135,TargetReappeared,1764347264.5315998,1114.3769137859344,False
944,2,135,RightResponse,1764347265.170085,1115.015396118164,False
945,2,136,FeedbackPeriodStarted,1764347265.1836624,1115.0289731025696,False
946,2,136,startFixDisplay,1764347265.1837096,1115.0290203094482,False
947,2,136,startFixPeriod,1764347265.3643482,1115.2096619606018,False
948,2,136,TargetPresentation,1764347266.1137571,1115.9590709209442,False
949,2,136,TargetDisplacement,1764347266.2801585,1116.1254692077637,True
950,2,136,LeftResponse,1764347266.9119642,1116.7572770118713,False
951,2,137,FeedbackPeriodStarted,1764347266.925501,1116.7708144187927,False
952,2,137,startFixDisplay,1764347266.9256785,1116.770991563797,False
953,2,137,startFixPeriod,1764347267.140785,1116.9860999584198,False
954,2,137,TargetPresentation,1764347268.4451416,1118.2904522418976,False
955,2,137,TargetRemoval,1764347268.5908694,1118.4361805915833,True
956,2,137,TargetReappeared,1764347268.840767,1118.6860806941986,False
957,2,137,LeftResponse,1764347269.2709658,1119.1162769794464,False
958,2,138,FeedbackPeriodStarted,1764347269.2918074,1119.137122631073,False
959,2,138,startFixDisplay,1764347269.291983,1119.1372966766357,False
960,2,138,startFixPeriod,1764347269.5554025,1119.4007143974304,False
961,2,138,TargetPresentation,1764347270.6656346,1120.510945558548,False
962,2,138,TargetDisplacement,1764347270.8112688,1120.6565799713135,True
963,2,138,RightResponse,1764347271.4641588,1121.3094701766968,False
964,2,138,FeedbackPeriodStarted,1764347271.4705045,1121.3158159255981,False
965,2,139,startFixDisplay,1764347273.475914,1123.3212251663208,False
966,2,139,startFixPeriod,1764347274.2253532,1124.0706670284271,False
967,2,139,TargetPresentation,1764347274.7735355,1124.6188464164734,False
968,2,139,TargetDisplacement,1764347274.9747622,1124.820075750351,True
969,2,139,RightResponse,1764347276.7444448,1126.5897557735443,False
970,2,140,FeedbackPeriodStarted,1764347276.7651443,1126.6104595661163,False
971,2,140,startFixDisplay,1764347276.7652867,1126.6105976104736,False
972,2,140,startFixPeriod,1764347276.959502,1126.8048183918,False
973,2,140,TargetPresentation,1764347278.0558202,1127.9011356830597,False
974,2,140,TargetRemoval,1764347278.222202,1128.0675132274628,True
975,2,140,TargetReappeared,1764347278.4720743,1128.317385673523,False
976,2,140,RightResponse,1764347278.972186,1128.817497253418,False
977,2,141,FeedbackPeriodStarted,1764347278.9923823,1128.8376932144165,False
978,2,141,startFixDisplay,1764347278.99244,1128.8377509117126,False
979,2,141,startFixPeriod,1764347279.1869068,1129.0322217941284,False
980,2,141,TargetPresentation,1764347279.922307,1129.7676184177399,False
981,2,141,TargetDisplacement,1764347280.0750754,1129.9203906059265,True
982,2,141,LeftResponse,1764347280.6442714,1130.4895823001862,False
983,2,142,FeedbackPeriodStarted,1764347280.6648226,1130.5101337432861,False
984,2,142,startFixDisplay,1764347280.6648822,1130.5101928710938,False
985,2,142,startFixPeriod,1764347280.852208,1130.6975219249725,False
986,2,142,TargetPresentation,1764347281.9694388,1131.8147540092468,False
987,2,142,TargetDisplacement,1764347282.1290126,1131.9743275642395,True
988,2,142,RightResponse,1764347283.1074417,1132.9527525901794,False
989,2,143,FeedbackPeriodStarted,1764347283.1281376,1132.9734499454498,False
990,2,143,startFixDisplay,1764347283.1282423,1132.9735536575317,False
991,2,143,startFixPeriod,1764347283.3293598,1133.1746711730957,False
992,2,143,TargetPresentation,1764347284.23153,1134.076843738556,False
993,2,143,TargetDisplacement,1764347284.3772016,1134.222512960434,True
994,2,143,RightResponse,1764347285.1405156,1134.9858264923096,False
995,2,144,FeedbackPeriodStarted,1764347285.161378,1135.0066928863525,False
996,2,144,startFixDisplay,1764347285.1615543,1135.0068678855896,False
997,2,144,startFixPeriod,1764347285.404147,1135.2494583129883,False
998,2,144,TargetPresentation,1764347286.45898,1136.3042953014374,False
999,2,144,TargetDisplacement,1764347286.6047533,1136.4500682353973,True
1000,2,144,LeftResponse,1764347287.555399,1137.4007096290588,False
1001,2,144,FeedbackPeriodStarted,1764347287.5621557,1137.4074666500092,False
1002,2,145,startFixDisplay,1764347289.5675926,1139.4129071235657,False
1003,2,145,startFixPeriod,1764347289.8939276,1139.7392394542694,False
1004,2,145,TargetPresentation,1764347291.219061,1141.064372062683,False
1005,2,145,TargetDisplacement,1764347291.3647084,1141.2100193500519,True
1006,2,145,LeftResponse,1764347291.9551888,1141.8004999160767,False
1007,2,146,FeedbackPeriodStarted,1764347291.9753644,1141.8206753730774,False
1008,2,146,startFixDisplay,1764347291.975418,1141.8207294940948,False
1009,2,146,startFixPeriod,1764347292.2112794,1142.0565900802612,False
1010,2,146,TargetPresentation,1764347292.953734,1142.7990448474884,False
1011,2,146,TargetDisplacement,1764347293.1133125,1142.9586234092712,True
1012,2,146,RightResponse,1764347293.682486,1143.5277967453003,False
1013,2,147,FeedbackPeriodStarted,1764347293.70317,1143.5484817028046,False
1014,2,147,startFixDisplay,1764347293.703229,1143.5485396385193,False
1015,2,147,startFixPeriod,1764347293.8976324,1143.7429473400116,False
1016,2,147,TargetPresentation,1764347294.9454637,1144.790777206421,False
1017,2,147,TargetDisplacement,1764347294.952193,1144.7975039482117,True
1018,2,147,LeftResponse,1764347295.9795024,1145.8248145580292,False
1019,2,148,FeedbackPeriodStarted,1764347295.9929905,1145.8383014202118,False
1020,2,148,startFixDisplay,1764347295.9930387,1145.8383491039276,False
1021,2,148,startFixPeriod,1764347296.1664937,1146.0118045806885,False
1022,2,148,TargetPresentation,1764347297.1449413,1146.9902527332306,False
1023,2,148,TargetDisplacement,1764347297.3323023,1147.177613735199,True
1024,2,148,LeftResponse,1764347298.6717024,1148.517013311386,False
1025,2,149,FeedbackPeriodStarted,1764347298.685339,1148.5306496620178,False
1026,2,149,startFixDisplay,1764347298.685386,1148.530696630478,False
1027,2,149,startFixPeriod,1764347298.8798509,1148.7251641750336,False
1028,2,149,TargetPresentation,1764347299.7958145,1149.6411278247833,False
1029,2,149,TargetDisplacement,1764347299.9345164,1149.7798297405243,True
1030,2,149,RightResponse,1764347300.6354885,1150.4807994365692,False
1031,2,150,FeedbackPeriodStarted,1764347300.6490824,1150.4943931102753,False
1032,2,150,startFixDisplay,1764347300.6491294,1150.4944400787354,False
1033,2,150,startFixPeriod,1764347300.8573701,1150.7026813030243,False
1034,2,150,TargetPresentation,1764347301.627716,1151.4730277061462,False
1035,2,150,TargetRemoval,1764347301.7872443,1151.6325573921204,True
1036,2,150,TargetReappeared,1764347302.0370204,1151.8823328018188,False
1037,2,150,RightResponse,1764347302.495324,1152.340636730194,False
1038,2,150,FeedbackPeriodStarted,1764347302.5089922,1152.3543055057526,False
1039,2,151,startFixDisplay,1764347304.514248,1154.3595588207245,False
1040,2,151,startFixPeriod,1764347304.8613493,1154.7066628932953,False
1041,2,151,TargetPresentation,1764347306.1588867,1156.0041999816895,False
1042,2,151,TargetDisplacement,1764347306.311361,1156.156672000885,True
1043,2,151,RightResponse,1764347307.5883205,1157.433631658554,False
1044,2,152,FeedbackPeriodStarted,1764347307.6090477,1157.4543583393097,False
1045,2,152,startFixDisplay,1764347307.6090963,1157.4544067382812,False
1046,2,152,startFixPeriod,1764347307.7964668,1157.64177775383,False
1047,2,152,TargetPresentation,1764347309.1703405,1159.0156517028809,False
1048,2,152,TargetRemoval,1764347309.3229935,1159.1683042049408,True
1049,2,152,TargetReappeared,1764347309.572816,1159.418127298355,False
1050,2,152,LeftResponse,1764347310.1071153,1159.952425956726,False
1051,2,153,FeedbackPeriodStarted,1764347310.1209776,1159.9662885665894,False
1052,2,153,startFixDisplay,1764347310.1210253,1159.966335773468,False
1053,2,153,startFixPeriod,1764347310.4193094,1160.2646203041077,False
1054,2,153,TargetPresentation,1764347311.841939,1161.6872508525848,False
1055,2,153,TargetRemoval,1764347311.9250402,1161.7703506946564,True
1056,2,153,TargetReappeared,1764347312.1749513,1162.0202639102936,False
1057,2,153,RightResponse,1764347312.7439647,1162.5892753601074,False
1058,2,154,FeedbackPeriodStarted,1764347312.75769,1162.6030008792877,False
1059,2,154,startFixDisplay,1764347312.757737,1162.6030473709106,False
1060,2,154,startFixPeriod,1764347313.0214114,1162.8667223453522,False
1061,2,154,TargetPresentation,1764347313.8473878,1163.6927013397217,False
1062,2,154,TargetRemoval,1764347314.0136876,1163.858998298645,True
1063,2,154,TargetReappeared,1764347314.2635498,1164.108861207962,False
1064,2,154,LeftResponse,1764347314.832774,1164.6780850887299,False
1065,2,155,FeedbackPeriodStarted,1764347314.8533788,1164.6986894607544,False
1066,2,155,startFixDisplay,1764347314.8534346,1164.698745250702,False
1067,2,155,startFixPeriod,1764347315.0547822,1164.9000957012177,False
1068,2,155,TargetPresentation,1764347316.26913,1166.1144433021545,False
1069,2,155,TargetDisplacement,1764347316.456347,1166.3016600608826,True
1070,2,155,RightResponse,1764347317.4139638,1167.259274482727,False
1071,2,156,FeedbackPeriodStarted,1764347317.4346986,1167.2800097465515,False
1072,2,156,startFixDisplay,1764347317.4347534,1167.2800641059875,False
1073,2,156,startFixPeriod,1764347317.6638532,1167.5091679096222,False
1074,2,156,TargetPresentation,1764347318.3367832,1168.1820938587189,False
1075,2,156,TargetDisplacement,1764347318.6422114,1168.4875252246857,True
1076,2,156,RightResponse,1764347319.3433168,1169.1886296272278,False
1077,2,156,FeedbackPeriodStarted,1764347319.3570228,1169.202336549759,False
1078,2,157,startFixDisplay,1764347321.3621185,1171.2074291706085,False
1079,2,157,startFixPeriod,1764347321.625983,1171.4712941646576,False
1080,2,157,TargetPresentation,1764347322.680584,1172.5258948802948,False
1081,2,157,TargetRemoval,1764347322.8332348,1172.678545475006,True
1082,2,157,TargetReappeared,1764347323.0830622,1172.9283728599548,False
1083,2,157,LeftResponse,1764347323.5133789,1173.358689546585,False
1084,2,158,FeedbackPeriodStarted,1764347323.5340812,1173.3793919086456,False
1085,2,158,startFixDisplay,1764347323.5341876,1173.3794991970062,False
1086,2,158,startFixPeriod,1764347323.790899,1173.6362102031708,False
1087,2,158,TargetPresentation,1764347325.1927328,1175.0380477905273,False
1088,2,158,TargetDisplacement,1764347325.4006994,1175.246010541916,True
1089,2,158,RightResponse,1764347326.351441,1176.196751832962,False
1090,2,159,FeedbackPeriodStarted,1764347326.372156,1176.2174668312073,False
1091,2,159,startFixDisplay,1764347326.3722103,1176.2175209522247,False
1092,2,159,startFixPeriod,1764347326.6290948,1176.4744095802307,False
1093,2,159,TargetPresentation,1764347327.4338384,1177.2791492938995,False
1094,2,159,TargetDisplacement,1764347327.5935948,1177.4389107227325,True
1095,2,159,RightResponse,1764347328.6483133,1178.4936244487762,False
1096,2,160,FeedbackPeriodStarted,1764347328.6689706,1178.5142815113068,False
1097,2,160,startFixDisplay,1764347328.6690269,1178.5143377780914,False
1098,2,160,startFixPeriod,1764347328.9812834,1178.8265948295593,False
1099,2,160,TargetPresentation,1764347329.4810233,1179.3263380527496,False
1100,2,160,TargetDisplacement,1764347330.0081706,1179.8534812927246,True
1101,2,160,RightResponse,1764347330.8479378,1180.6932485103607,False
1102,2,161,FeedbackPeriodStarted,1764347330.8616416,1180.706952571869,False
1103,2,161,startFixDisplay,1764347330.861688,1180.706998348236,False
1104,2,161,startFixPeriod,1764347331.104623,1180.9499356746674,False
1105,2,161,TargetPresentation,1764347331.9026358,1181.7479469776154,False
1106,2,161,TargetDisplacement,1764347332.055365,1181.900678396225,True
1107,2,161,LeftResponse,1764347332.6591892,1182.5045001506805,False
1108,2,162,FeedbackPeriodStarted,1764347332.6799097,1182.5252227783203,False
1109,2,162,startFixDisplay,1764347332.680042,1182.5253541469574,False
1110,2,162,startFixPeriod,1764347332.9088757,1182.7541868686676,False
1111,2,162,TargetPresentation,1764347333.9219337,1183.7672452926636,False
1112,2,162,TargetRemoval,1764347334.0745852,1183.9198989868164,True
1113,2,162,TargetReappeared,1764347334.324477,1184.1697916984558,False
1114,2,162,LeftResponse,1764347334.754719,1184.6000304222107,False
1115,2,162,FeedbackPeriodStarted,1764347334.7614107,1184.6067216396332,False
1116,2,163,startFixDisplay,1764347336.7667775,1186.6120886802673,False
1117,2,163,startFixPeriod,1764347336.7737496,1186.6190605163574,False
1118,2,163,TargetPresentation,1764347338.2588842,1188.1041989326477,False
1119,2,163,TargetDisplacement,1764347338.3905792,1188.2358903884888,True
1120,2,163,LeftResponse,1764347338.9041648,1188.7494757175446,False
1121,2,164,FeedbackPeriodStarted,1764347338.9249818,1188.7702927589417,False
1122,2,164,startFixDisplay,1764347338.9250395,1188.7703502178192,False
1123,2,164,startFixPeriod,1764347339.1679344,1189.0132489204407,False
1124,2,164,TargetPresentation,1764347340.5486414,1190.3939535617828,False
1125,2,164,TargetDisplacement,1764347340.708283,1190.5535962581635,True
1126,2,164,RightResponse,1764347341.2913868,1191.1366982460022,False
1127,2,165,FeedbackPeriodStarted,1764347341.3120358,1191.1573503017426,False
1128,2,165,startFixDisplay,1764347341.3122063,1191.1575200557709,False
1129,2,165,startFixPeriod,1764347341.4854634,1191.3307745456696,False
1130,2,165,TargetPresentation,1764347342.0683131,1191.913624048233,False
1131,2,165,TargetDisplacement,1764347342.0890818,1191.9343929290771,True
1132,2,165,LeftResponse,1764347343.7407267,1193.5860373973846,False
1133,2,166,FeedbackPeriodStarted,1764347343.7543693,1193.5996799468994,False
1134,2,166,startFixDisplay,1764347343.7544162,1193.599726676941,False
1135,2,166,startFixPeriod,1764347343.9627812,1193.8080949783325,False
1136,2,166,TargetPresentation,1764347345.07307,1194.9183838367462,False
1137,2,166,TargetRemoval,1764347345.5588164,1195.4041311740875,True
1138,2,166,TargetReappeared,1764347345.8084083,1195.6537191867828,False
1139,2,166,RightResponse,1764347345.9542243,1195.7995352745056,False
1140,2,167,FeedbackPeriodStarted,1764347345.9751241,1195.820438861847,False
1141,2,167,startFixDisplay,1764347345.975314,1195.8206276893616,False
1142,2,167,startFixPeriod,1764347346.4676263,1196.312937259674,False
1143,2,167,TargetPresentation,1764347347.9388318,1197.784146785736,False
1144,2,167,TargetDisplacement,1764347348.0914145,1197.936725616455,True
1145,2,167,RightResponse,1764347349.209058,1199.0543689727783,False
1146,2,168,FeedbackPeriodStarted,1764347349.229337,1199.0746488571167,False
1147,2,168,startFixDisplay,1764347349.2293978,1199.07470870018,False
1148,2,168,startFixPeriod,1764347349.5140257,1199.359340429306,False
1149,2,168,TargetPresentation,1764347350.360613,1200.205928325653,False
1150,2,168,TargetDisplacement,1764347350.520007,1200.3653178215027,True
1151,2,168,LeftResponse,1764347351.498943,1201.3442540168762,False
1152,2,168,FeedbackPeriodStarted,1764347351.5053995,1201.3507103919983,False
1153,2,169,startFixDisplay,1764347353.5106475,1203.355958223343,False
1154,2,169,startFixPeriod,1764347353.7605305,1203.6058416366577,False
1155,2,169,TargetPresentation,1764347354.6764624,1204.5217730998993,False
1156,2,169,TargetRemoval,1764347354.8569188,1204.702229499817,True
1157,2,169,TargetReappeared,1764347355.106932,1204.9522461891174,False
1158,2,169,RightResponse,1764347355.5582154,1205.403527021408,False
1159,2,170,FeedbackPeriodStarted,1764347355.5785546,1205.4238657951355,False
1160,2,170,startFixDisplay,1764347355.5786183,1205.423928976059,False
1161,2,170,startFixPeriod,1764347355.8283734,1205.6736845970154,False
1162,2,170,TargetPresentation,1764347357.1121397,1206.9574508666992,False
1163,2,170,TargetRemoval,1764347357.2718787,1207.1171927452087,True
1164,2,170,TargetReappeared,1764347357.5216565,1207.3669710159302,False
1165,2,170,LeftResponse,1764347357.9729915,1207.8183045387268,False
1166,2,171,FeedbackPeriodStarted,1764347357.9934573,1207.838772535324,False
1167,2,171,startFixDisplay,1764347357.9937122,1207.8390276432037,False
1168,2,171,startFixPeriod,1764347358.1878057,1208.033120393753,False
1169,2,171,TargetPresentation,1764347359.4644566,1209.309767961502,False
1170,2,171,TargetDisplacement,1764347359.6101005,1209.455411195755,True
1171,2,171,LeftResponse,1764347360.6511645,1210.4964754581451,False
1172,2,172,FeedbackPeriodStarted,1764347360.6717875,1210.5170981884003,False
1173,2,172,startFixDisplay,1764347360.6718338,1210.517144203186,False
1174,2,172,startFixPeriod,1764347360.9287395,1210.774052619934,False
1175,2,172,TargetPresentation,1764347361.789021,1211.6343319416046,False
1176,2,172,TargetDisplacement,1764347361.9418137,1211.787129163742,True
1177,2,172,RightResponse,1764347363.1079435,1212.9532570838928,False
1178,2,173,FeedbackPeriodStarted,1764347363.128155,1212.973465681076,False
1179,2,173,startFixDisplay,1764347363.1282017,1212.973512172699,False
1180,2,173,startFixPeriod,1764347363.378213,1213.2235262393951,False
1181,2,173,TargetPresentation,1764347364.8284209,1214.6737341880798,False
1182,2,173,TargetDisplacement,1764347364.9879391,1214.8332500457764,True
1183,2,173,LeftResponse,1764347365.7165833,1215.561893939972,False
1184,2,174,FeedbackPeriodStarted,1764347365.7303033,1215.5756142139435,False
1185,2,174,startFixDisplay,1764347365.73035,1215.5756607055664,False
1186,2,174,startFixPeriod,1764347365.9524746,1215.7977862358093,False
1187,2,174,TargetPresentation,1764347366.500832,1216.3461463451385,False
1188,2,174,TargetDisplacement,1764347366.6601672,1216.505478143692,True
1189,2,174,LeftResponse,1764347367.7359467,1217.5812578201294,False
1190,2,174,FeedbackPeriodStarted,1764347367.7426686,1217.5879800319672,False
1191,2,175,startFixDisplay,1764347369.7481923,1219.5935056209564,False
1192,2,175,startFixPeriod,1764347369.9701025,1219.8154134750366,False
1193,2,175,TargetPresentation,1764347370.5043814,1220.349692106247,False
1194,2,175,TargetDisplacement,1764347370.6640532,1220.5093641281128,True
1195,2,175,LeftResponse,1764347371.6013076,1221.446620464325,False
1196,2,176,FeedbackPeriodStarted,1764347371.6216128,1221.4669239521027,False
1197,2,176,startFixDisplay,1764347371.6216621,1221.4669725894928,False
1198,2,176,startFixPeriod,1764347371.9409835,1221.7862949371338,False
1199,2,176,TargetPresentation,1764347372.6417248,1222.487036705017,False
1200,2,176,TargetDisplacement,1764347372.8081405,1222.6534514427185,True
1201,2,176,RightResponse,1764347373.5510783,1223.3963913917542,False
1202,2,177,FeedbackPeriodStarted,1764347373.5713906,1223.4167013168335,False
1203,2,177,startFixDisplay,1764347373.571436,1223.4167466163635,False
1204,2,177,startFixPeriod,1764347373.7588913,1223.604202747345,False
1205,2,177,TargetPresentation,1764347374.3418376,1224.1871511936188,False
1206,2,177,TargetDisplacement,1764347375.7294295,1225.574740409851,True
1207,2,177,LeftResponse,1764347377.0342145,1226.87952542305,False
1208,2,178,FeedbackPeriodStarted,1764347377.0548635,1226.900174856186,False
1209,2,178,startFixDisplay,1764347377.0549226,1226.9002332687378,False
1210,2,178,startFixPeriod,1764347377.2699916,1227.1153025627136,False
1211,2,178,TargetPresentation,1764347378.0820372,1227.9273521900177,False
1212,2,178,TargetDisplacement,1764347378.2485874,1228.093902349472,True
1213,2,178,RightResponse,1764347378.8522575,1228.6975684165955,False
1214,2,179,FeedbackPeriodStarted,1764347378.8729746,1228.7182862758636,False
1215,2,179,startFixDisplay,1764347378.873048,1228.7183592319489,False
1216,2,179,startFixPeriod,1764347379.0742486,1228.9195609092712,False
1217,2,179,TargetPresentation,1764347379.9000497,1229.745362997055,False
1218,2,179,TargetDisplacement,1764347380.1290004,1229.9743113517761,True
1219,2,179,RightResponse,1764347380.684195,1230.5295066833496,False
1220,2,180,FeedbackPeriodStarted,1764347380.7048233,1230.5501339435577,False
1221,2,180,startFixDisplay,1764347380.7048714,1230.5501818656921,False
1222,2,180,startFixPeriod,1764347380.8784375,1230.7237510681152,False
1223,2,180,TargetPresentation,1764347381.655491,1231.5008018016815,False
1224,2,180,TargetRemoval,1764347381.80121,1231.646520614624,True
1225,2,180,TargetReappeared,1764347382.0510488,1231.8963613510132,False
1226,2,180,RightResponse,1764347382.634051,1232.4793620109558,False
1227,2,180,FeedbackPeriodStarted,1764347382.6409793,1232.4862926006317,False
1228,2,181,startFixDisplay,1764347384.6461477,1234.4914586544037,False
1229,2,181,startFixPeriod,1764347384.9515753,1234.7968871593475,False
1230,2,181,TargetPresentation,1764347385.770281,1235.61559176445,False
1231,2,181,TargetRemoval,1764347385.9299748,1235.7752878665924,True
1232,2,181,TargetReappeared,1764347386.1797552,1236.025066614151,False
1233,2,181,LeftResponse,1764347386.5754888,1236.4208006858826,False
1234,2,182,FeedbackPeriodStarted,1764347386.5960863,1236.4413974285126,False
1235,2,182,startFixDisplay,1764347386.5961418,1236.441452741623,False
1236,2,182,startFixPeriod,1764347386.9639761,1236.8092894554138,False
1237,2,182,TargetPresentation,1764347387.942198,1237.7875089645386,False
1238,2,182,TargetDisplacement,1764347388.2268546,1238.0721688270569,True
1239,2,182,RightResponse,1764347389.0318134,1238.8771245479584,False
1240,2,183,FeedbackPeriodStarted,1764347389.0454397,1238.8907504081726,False
1241,2,183,startFixDisplay,1764347389.0454865,1238.890796661377,False
1242,2,183,startFixPeriod,1764347389.2121158,1239.0574271678925,False
1243,2,183,TargetPresentation,1764347389.808953,1239.6542665958405,False
1244,2,183,TargetDisplacement,1764347390.0516775,1239.8969881534576,True
1245,2,183,RightResponse,1764347390.7873075,1240.632618188858,False
1246,2,184,FeedbackPeriodStarted,1764347390.8081613,1240.6534745693207,False
1247,2,184,startFixDisplay,1764347390.8082836,1240.6535959243774,False
1248,2,184,startFixPeriod,1764347391.210561,1241.0558724403381,False
1249,2,184,TargetPresentation,1764347392.0640574,1241.9093687534332,False
1250,2,184,TargetRemoval,1764347393.2368333,1243.0821466445923,True
1251,2,184,TargetReappeared,1764347393.4865544,1243.3318655490875,False
1252,2,184,RightResponse,1764347394.4442859,1244.2895965576172,False
1253,2,185,FeedbackPeriodStarted,1764347394.4578884,1244.3031990528107,False
1254,2,185,startFixDisplay,1764347394.4579349,1244.3032455444336,False
1255,2,185,startFixPeriod,1764347394.6383784,1244.483689546585,False
1256,2,185,TargetPresentation,1764347395.6376839,1245.482996225357,False
1257,2,185,TargetRemoval,1764347395.7971804,1245.6424913406372,True
1258,2,185,TargetReappeared,1764347396.0471072,1245.8924193382263,False
1259,2,185,RightResponse,1764347396.609257,1246.4545683860779,False
1260,2,186,FeedbackPeriodStarted,1764347396.6299267,1246.475237607956,False
1261,2,186,startFixDisplay,1764347396.6299753,1246.475285768509,False
1262,2,186,startFixPeriod,1764347396.8590522,1246.704365491867,False
1263,2,186,TargetPresentation,1764347398.2329035,1248.078216791153,False
1264,2,186,TargetDisplacement,1764347398.3854232,1248.2307336330414,True
1265,2,186,RightResponse,1764347398.9410233,1248.7863340377808,False
1266,2,186,FeedbackPeriodStarted,1764347398.9475627,1248.792873620987,False
1267,2,187,startFixDisplay,1764347400.959886,1250.8051970005035,False
1268,2,187,startFixPeriod,1764347401.1818707,1251.027182340622,False
1269,2,187,TargetPresentation,1764347401.7996445,1251.6449584960938,False
1270,2,187,TargetDisplacement,1764347401.9521813,1251.7974922657013,True
1271,2,187,RightResponse,1764347402.931056,1252.7763667106628,False
1272,2,188,FeedbackPeriodStarted,1764347402.9443343,1252.7896451950073,False
1273,2,188,startFixDisplay,1764347402.9443805,1252.7896909713745,False
1274,2,188,startFixPeriod,1764347403.1388586,1252.9841718673706,False
1275,2,188,TargetPresentation,1764347404.0616026,1253.9069139957428,False
1276,2,188,TargetDisplacement,1764347404.3183115,1254.1636221408844,True
1277,2,188,LeftResponse,1764347405.0333133,1254.878624200821,False
1278,2,189,FeedbackPeriodStarted,1764347405.0538359,1254.8991465568542,False
1279,2,189,startFixDisplay,1764347405.0539243,1254.8992347717285,False
1280,2,189,startFixPeriod,1764347405.3107703,1255.156084060669,False
1281,2,189,TargetPresentation,1764347406.5390089,1256.3843219280243,False
1282,2,189,TargetDisplacement,1764347406.6983862,1256.5436968803406,True
1283,2,189,RightResponse,1764347407.3370047,1257.1823153495789,False
1284,2,190,FeedbackPeriodStarted,1764347407.3506546,1257.1959655284882,False
1285,2,190,startFixDisplay,1764347407.3507018,1257.1960122585297,False
1286,2,190,startFixPeriod,1764347407.545141,1257.3904523849487,False
1287,2,190,TargetPresentation,1764347408.252796,1258.0981068611145,False
1288,2,190,TargetRemoval,1764347410.00137,1259.8466806411743,True
1289,2,190,TargetReappeared,1764347410.2513309,1260.096643447876,False
1290,2,190,LeftResponse,1764347410.8067873,1260.652102470398,False
1291,2,191,FeedbackPeriodStarted,1764347410.827119,1260.6724298000336,False
1292,2,191,startFixDisplay,1764347410.8271668,1260.6724772453308,False
1293,2,191,startFixPeriod,1764347411.0632148,1260.908528327942,False
1294,2,191,TargetPresentation,1764347412.0069628,1261.8522760868073,False
1295,2,191,TargetDisplacement,1764347412.1871667,1262.0324773788452,True
1296,2,191,LeftResponse,1764347413.1033351,1262.9486463069916,False
1297,2,192,FeedbackPeriodStarted,1764347413.1240163,1262.96932721138,False
1298,2,192,startFixDisplay,1764347413.1240664,1262.9693768024445,False
1299,2,192,startFixPeriod,1764347413.3044267,1263.1497373580933,False
1300,2,192,TargetPresentation,1764347414.43563,1264.2809443473816,False
1301,2,192,TargetDisplacement,1764347414.588044,1264.4333546161652,True
1302,2,192,LeftResponse,1764347415.2477582,1265.0930709838867,False
1303,2,192,FeedbackPeriodStarted,1764347415.2611763,1265.1064870357513,False
1304,2,193,startFixDisplay,1764347417.266504,1267.1118149757385,False
1305,2,193,startFixPeriod,1764347417.273488,1267.1187989711761,False
1306,2,193,TargetPresentation,1764347417.9257638,1267.771074771881,False
1307,2,193,TargetDisplacement,1764347418.0784214,1267.9237322807312,True
1308,2,193,LeftResponse,1764347418.855948,1268.70126080513,False
1309,2,194,FeedbackPeriodStarted,1764347418.8765004,1268.7218136787415,False
1310,2,194,startFixDisplay,1764347418.8767126,1268.7220253944397,False
1311,2,194,startFixPeriod,1764347419.043054,1268.8883655071259,False
1312,2,194,TargetPresentation,1764347420.028357,1269.8736681938171,False
1313,2,194,TargetDisplacement,1764347420.1809483,1270.0262591838837,True
1314,2,194,LeftResponse,1764347421.4578457,1271.3031568527222,False
1315,2,195,FeedbackPeriodStarted,1764347421.478654,1271.3239648342133,False
1316,2,195,startFixDisplay,1764347421.4787083,1271.3240189552307,False
1317,2,195,startFixPeriod,1764347421.6798546,1271.5251655578613,False
1318,2,195,TargetPresentation,1764347422.4086134,1272.2539286613464,False
1319,2,195,TargetDisplacement,1764347423.7684178,1273.613728761673,True
1320,2,195,RightResponse,1764347424.3584213,1274.2037327289581,False
1321,2,196,FeedbackPeriodStarted,1764347424.3790286,1274.2243392467499,False
1322,2,196,startFixDisplay,1764347424.3790755,1274.22438621521,False
1323,2,196,startFixPeriod,1764347424.5596876,1274.4050011634827,False
1324,2,196,TargetPresentation,1764347425.8780007,1275.7233126163483,False
1325,2,196,TargetDisplacement,1764347425.8849633,1275.7302742004395,True
1326,2,196,LeftResponse,1764347426.8565066,1276.7018175125122,False
1327,2,197,FeedbackPeriodStarted,1764347426.8772314,1276.7225439548492,False
1328,2,197,startFixDisplay,1764347426.8773584,1276.7226705551147,False
1329,2,197,startFixPeriod,1764347427.0646467,1276.9099600315094,False
1330,2,197,TargetPresentation,1764347427.9874148,1277.8327267169952,False
1331,2,197,TargetDisplacement,1764347428.7645602,1278.6098709106445,True
1332,2,197,RightResponse,1764347429.1047611,1278.9500722885132,False
1333,2,197,FeedbackPeriodStarted,1764347429.139266,1278.9845769405365,False
1334,3,198,startFixDisplay,1764347640.5508146,1490.3961262702942,False
1335,3,198,startFixPeriod,1764347640.7800252,1490.625338792801,False
1336,3,198,TargetPresentation,1764347641.6682034,1491.513516664505,False
1337,3,198,TargetDisplacement,1764347641.8417044,1491.687017917633,True
1338,3,198,LeftResponse,1764347642.7021217,1492.5474331378937,False
1339,3,199,FeedbackPeriodStarted,1764347642.7228723,1492.5681853294373,False
1340,3,199,startFixDisplay,1764347642.723001,1492.5683133602142,False
1341,3,199,startFixPeriod,1764347642.9517994,1492.7971110343933,False
1342,3,199,TargetPresentation,1764347644.4020782,1494.247389793396,False
1343,3,199,TargetDisplacement,1764347644.5546448,1494.3999555110931,True
1344,3,199,RightResponse,1764347645.290716,1495.136028766632,False
1345,3,200,FeedbackPeriodStarted,1764347645.311118,1495.1564309597015,False
1346,3,200,startFixDisplay,1764347645.3112464,1495.1565585136414,False
1347,3,200,startFixPeriod,1764347645.6719086,1495.517219543457,False
1348,3,200,TargetPresentation,1764347646.7059517,1496.5512652397156,False
1349,3,200,TargetDisplacement,1764347646.8792427,1496.724553823471,True
1350,3,200,LeftResponse,1764347647.5871842,1497.432495355606,False
1351,3,201,FeedbackPeriodStarted,1764347647.6078556,1497.45316696167,False
1352,3,201,startFixDisplay,1764347647.6079123,1497.453222990036,False
1353,3,201,startFixPeriod,1764347647.8647728,1497.7100875377655,False
1354,3,201,TargetPresentation,1764347648.5239387,1498.3692519664764,False
1355,3,201,TargetRemoval,1764347648.6972382,1498.5425491333008,True
1356,3,201,TargetReappeared,1764347648.9471765,1498.7924880981445,False
1357,3,201,RightResponse,1764347649.38447,1499.2297806739807,False
1358,3,202,FeedbackPeriodStarted,1764347649.3980596,1499.243370294571,False
1359,3,202,startFixDisplay,1764347649.3981056,1499.2434163093567,False
1360,3,202,startFixPeriod,1764347649.6341393,1499.4794504642487,False
1361,3,202,TargetPresentation,1764347650.4112496,1500.2565610408783,False
1362,3,202,TargetDisplacement,1764347650.5571337,1500.4024481773376,True
1363,3,202,RightResponse,1764347651.4804711,1501.3257822990417,False
1364,3,203,FeedbackPeriodStarted,1764347651.5007856,1501.3460988998413,False
1365,3,203,startFixDisplay,1764347651.5009212,1501.34623336792,False
1366,3,203,startFixPeriod,1764347651.6951337,1501.5404472351074,False
1367,3,203,TargetPresentation,1764347652.749672,1502.5949835777283,False
1368,3,203,TargetRemoval,1764347652.9232047,1502.7685153484344,True
1369,3,203,TargetReappeared,1764347653.1731062,1503.0184211730957,False
1370,3,203,LeftResponse,1764347653.5963771,1503.4416880607605,False
1371,3,204,FeedbackPeriodStarted,1764347653.617008,1503.4623186588287,False
1372,3,204,startFixDisplay,1764347653.6170754,1503.4623868465424,False
1373,3,204,startFixPeriod,1764347653.929366,1503.7746767997742,False
1374,3,204,TargetPresentation,1764347654.7134378,1504.558748960495,False
1375,3,204,TargetDisplacement,1764347654.8661442,1504.7114551067352,True
1376,3,204,RightResponse,1764347655.4768803,1505.3221912384033,False
1377,3,204,FeedbackPeriodStarted,1764347655.4838521,1505.3291673660278,False
1378,3,205,startFixDisplay,1764347657.4960723,1507.3413870334625,False
1379,3,205,startFixPeriod,1764347657.9401753,1507.7854866981506,False
1380,3,205,TargetPresentation,1764347658.5854223,1508.4307334423065,False
1381,3,205,TargetRemoval,1764347658.7451725,1508.590487241745,True
1382,3,205,TargetReappeared,1764347658.9950223,1508.8403384685516,False
1383,3,205,RightResponse,1764347659.7166479,1509.5619587898254,False
1384,3,206,FeedbackPeriodStarted,1764347659.737261,1509.5825719833374,False
1385,3,206,startFixDisplay,1764347659.7373154,1509.5826261043549,False
1386,3,206,startFixPeriod,1764347660.167516,1510.0128269195557,False
1387,3,206,TargetPresentation,1764347660.7018619,1510.5471727848053,False
1388,3,206,TargetDisplacement,1764347660.8752978,1510.7206087112427,True
1389,3,206,LeftResponse,1764347661.5903862,1511.4356970787048,False
1390,3,207,FeedbackPeriodStarted,1764347661.6108077,1511.4561185836792,False
1391,3,207,startFixDisplay,1764347661.6108615,1511.456172466278,False
1392,3,207,startFixPeriod,1764347661.8537886,1511.6991000175476,False
1393,3,207,TargetPresentation,1764347662.471327,1512.3166377544403,False
1394,3,207,TargetDisplacement,1764347662.630926,1512.4762365818024,True
1395,3,207,RightResponse,1764347663.1864932,1513.0318040847778,False
1396,3,208,FeedbackPeriodStarted,1764347663.206936,1513.0522503852844,False
1397,3,208,startFixDisplay,1764347663.207106,1513.0524203777313,False
1398,3,208,startFixPeriod,1764347663.3735244,1513.2188391685486,False
1399,3,208,TargetPresentation,1764347664.3101933,1514.1555042266846,False
1400,3,208,TargetDisplacement,1764347664.4767,1514.322011232376,True
1401,3,208,RightResponse,1764347665.0665646,1514.911881685257,False
1402,3,209,FeedbackPeriodStarted,1764347665.0873146,1514.932626247406,False
1403,3,209,startFixDisplay,1764347665.0873718,1514.9326825141907,False
1404,3,209,startFixPeriod,1764347665.2609081,1515.1062226295471,False
1405,3,209,TargetPresentation,1764347666.5861843,1516.431495666504,False
1406,3,209,TargetDisplacement,1764347666.7597554,1516.6050684452057,True
1407,3,209,LeftResponse,1764347667.530427,1517.3757379055023,False
1408,3,210,FeedbackPeriodStarted,1764347667.550636,1517.3959467411041,False
1409,3,210,startFixDisplay,1764347667.550689,1517.3959996700287,False
1410,3,210,startFixPeriod,1764347667.7796624,1517.6249737739563,False
1411,3,210,TargetPresentation,1764347668.4388967,1518.2842075824738,False
1412,3,210,TargetDisplacement,1764347668.5915465,1518.436857700348,True
1413,3,210,RightResponse,1764347669.424336,1519.2696468830109,False
1414,3,210,FeedbackPeriodStarted,1764347669.4311311,1519.2764418125153,False
1415,3,211,startFixDisplay,1764347671.436553,1521.2818660736084,False
1416,3,211,startFixPeriod,1764347671.6448019,1521.4901142120361,False
1417,3,211,TargetPresentation,1764347672.3664463,1522.2117590904236,False
1418,3,211,TargetDisplacement,1764347672.5260174,1522.3713307380676,True
1419,3,211,RightResponse,1764347673.456204,1523.3015167713165,False
1420,3,212,FeedbackPeriodStarted,1764347673.4766278,1523.3219411373138,False
1421,3,212,startFixDisplay,1764347673.476757,1523.3220691680908,False
1422,3,212,startFixPeriod,1764347673.6502135,1523.4955253601074,False
1423,3,212,TargetPresentation,1764347674.7464557,1524.591766834259,False
1424,3,212,TargetDisplacement,1764347674.905974,1524.7512845993042,True
1425,3,212,LeftResponse,1764347675.7943475,1525.6396584510803,False
1426,3,213,FeedbackPeriodStarted,1764347675.8150396,1525.660350561142,False
1427,3,213,startFixDisplay,1764347675.8150854,1525.660395860672,False
1428,3,213,startFixPeriod,1764347676.092753,1525.9380662441254,False
1429,3,213,TargetPresentation,1764347677.293126,1527.1384370326996,False
1430,3,213,TargetRemoval,1764347677.4664812,1527.31179189682,True
1431,3,213,TargetReappeared,1764347677.7163756,1527.5616869926453,False
1432,3,213,RightResponse,1764347678.2163596,1528.0616726875305,False
1433,3,214,FeedbackPeriodStarted,1764347678.2370062,1528.0823197364807,False
1434,3,214,startFixDisplay,1764347678.2371457,1528.082457780838,False
1435,3,214,startFixPeriod,1764347678.4936059,1528.3389179706573,False
1436,3,214,TargetPresentation,1764347679.409654,1529.2549669742584,False
1437,3,214,TargetDisplacement,1764347679.5760784,1529.4213891029358,True
1438,3,214,LeftResponse,1764347680.1800406,1530.025352716446,False
1439,3,215,FeedbackPeriodStarted,1764347680.2005112,1530.0458221435547,False
1440,3,215,startFixDisplay,1764347680.2005594,1530.0458698272705,False
1441,3,215,startFixPeriod,1764347680.5198328,1530.3651463985443,False
1442,3,215,TargetPresentation,1764347681.6370134,1531.482326745987,False
1443,3,215,TargetDisplacement,1764347681.7895534,1531.6348640918732,True
1444,3,215,LeftResponse,1764347682.6019018,1532.4472143650055,False
1445,3,216,FeedbackPeriodStarted,1764347682.6223125,1532.467625617981,False
1446,3,216,startFixDisplay,1764347682.6224368,1532.467749595642,False
1447,3,216,startFixPeriod,1764347682.9344883,1532.7797992229462,False
1448,3,216,TargetPresentation,1764347684.0517519,1533.8970637321472,False
1449,3,216,TargetRemoval,1764347684.24603,1534.0913429260254,True
1450,3,216,TargetReappeared,1764347684.4957762,1534.3410875797272,False
1451,3,216,RightResponse,1764347684.9472713,1534.7925844192505,False
1452,3,216,FeedbackPeriodStarted,1764347684.9537184,1534.7990293502808,False
1453,3,217,startFixDisplay,1764347686.9661975,1536.811511039734,False
1454,3,217,startFixPeriod,1764347687.2577717,1537.1030864715576,False
1455,3,217,TargetPresentation,1764347688.7355528,1538.5808634757996,False
1456,3,217,TargetDisplacement,1764347688.8881598,1538.7334706783295,True
1457,3,217,RightResponse,1764347689.464368,1539.3096792697906,False
1458,3,218,FeedbackPeriodStarted,1764347689.4779217,1539.3232326507568,False
1459,3,218,startFixDisplay,1764347689.477968,1539.323278427124,False
1460,3,218,startFixPeriod,1764347689.7000082,1539.5453193187714,False
1461,3,218,TargetPresentation,1764347691.0045795,1540.8498907089233,False
1462,3,218,TargetDisplacement,1764347691.1781638,1541.0234744548798,True
1463,3,218,RightResponse,1764347692.0042765,1541.8495905399323,False
1464,3,219,FeedbackPeriodStarted,1764347692.024693,1541.8700077533722,False
1465,3,219,startFixDisplay,1764347692.0248272,1541.8701395988464,False
1466,3,219,startFixPeriod,1764347692.2953882,1542.140701532364,False
1467,3,219,TargetPresentation,1764347693.509765,1543.355078458786,False
1468,3,219,TargetDisplacement,1764347693.662267,1543.5075776576996,True
1469,3,219,RightResponse,1764347694.4187546,1544.264065504074,False
1470,3,220,FeedbackPeriodStarted,1764347694.439482,1544.2847952842712,False
1471,3,220,startFixDisplay,1764347694.4396236,1544.2849361896515,False
1472,3,220,startFixPeriod,1764347694.6683369,1544.5136477947235,False
1473,3,220,TargetPresentation,1764347695.9382186,1545.7835292816162,False
1474,3,220,TargetDisplacement,1764347696.0909948,1545.9363083839417,True
1475,3,220,LeftResponse,1764347696.6601217,1546.5054326057434,False
1476,3,221,FeedbackPeriodStarted,1764347696.6806328,1546.525943517685,False
1477,3,221,startFixDisplay,1764347696.6806784,1546.525988817215,False
1478,3,221,startFixPeriod,1764347696.9582672,1546.80357837677,False
1479,3,221,TargetPresentation,1764347698.429483,1548.2747962474823,False
1480,3,221,TargetDisplacement,1764347698.5820537,1548.4273643493652,True
1481,3,221,LeftResponse,1764347699.366247,1549.2115578651428,False
1482,3,222,FeedbackPeriodStarted,1764347699.3870163,1549.2323291301727,False
1483,3,222,startFixDisplay,1764347699.3871436,1549.2324559688568,False
1484,3,222,startFixPeriod,1764347699.60222,1549.4475314617157,False
1485,3,222,TargetPresentation,1764347700.1295004,1549.974811553955,False
1486,3,222,TargetDisplacement,1764347700.302977,1550.1482877731323,True
1487,3,222,LeftResponse,1764347700.8650744,1550.7103855609894,False
1488,3,222,FeedbackPeriodStarted,1764347700.8720226,1550.7173359394073,False
1489,3,223,startFixDisplay,1764347702.8842983,1552.7296113967896,False
1490,3,223,startFixPeriod,1764347703.1687577,1553.014070034027,False
1491,3,223,TargetPresentation,1764347704.32757,1554.1728811264038,False
1492,3,223,TargetRemoval,1764347704.8617911,1554.7071018218994,True
1493,3,223,TargetReappeared,1764347705.1117249,1554.9570372104645,False
1494,3,223,RightResponse,1764347705.3133373,1555.1586501598358,False
1495,3,224,FeedbackPeriodStarted,1764347705.333781,1555.1790952682495,False
1496,3,224,startFixDisplay,1764347705.333915,1555.1792271137238,False
1497,3,224,startFixPeriod,1764347705.972253,1555.817566394806,False
1498,3,224,TargetPresentation,1764347706.7423985,1556.5877101421356,False
1499,3,224,TargetRemoval,1764347706.9366462,1556.781956911087,True
1500,3,224,TargetReappeared,1764347707.1865747,1557.031907081604,False
1501,3,224,RightResponse,1764347707.6237376,1557.469048500061,False
1502,3,225,FeedbackPeriodStarted,1764347707.644476,1557.4897890090942,False
1503,3,225,startFixDisplay,1764347707.6446226,1557.4899351596832,False
1504,3,225,startFixPeriod,1764347707.9219975,1557.7673089504242,False
1505,3,225,TargetPresentation,1764347709.039315,1558.8846275806427,False
1506,3,225,TargetDisplacement,1764347709.1918347,1559.0371453762054,True
1507,3,225,LeftResponse,1764347709.8511224,1559.6964333057404,False
1508,3,226,FeedbackPeriodStarted,1764347709.8717847,1559.717095375061,False
1509,3,226,startFixDisplay,1764347709.8718317,1559.7171421051025,False
1510,3,226,startFixPeriod,1764347710.0661275,1559.9114389419556,False
1511,3,226,TargetPresentation,1764347711.3984287,1561.2437405586243,False
1512,3,226,TargetRemoval,1764347711.6273744,1561.472685098648,True
1513,3,226,TargetReappeared,1764347711.8772666,1561.722579240799,False
1514,3,226,RightResponse,1764347712.3422027,1562.1875133514404,False
1515,3,227,FeedbackPeriodStarted,1764347712.3630254,1562.2083399295807,False
1516,3,227,startFixDisplay,1764347712.3631573,1562.2084696292877,False
1517,3,227,startFixPeriod,1764347712.5572836,1562.402595281601,False
1518,3,227,TargetPresentation,1764347713.986807,1563.8321197032928,False
1519,3,227,TargetRemoval,1764347714.139321,1563.9846320152283,True
1520,3,227,TargetReappeared,1764347714.3892465,1564.234559059143,False
1521,3,227,LeftResponse,1764347715.1663656,1565.011676311493,False
1522,3,228,FeedbackPeriodStarted,1764347715.1801229,1565.0254337787628,False
1523,3,228,startFixDisplay,1764347715.1801698,1565.0254802703857,False
1524,3,228,startFixPeriod,1764347715.3815522,1565.2268657684326,False
1525,3,228,TargetPresentation,1764347716.2626827,1566.1079943180084,False
1526,3,228,TargetDisplacement,1764347716.4779723,1566.3232858181,True
1527,3,228,RightResponse,1764347717.1790884,1567.0244009494781,False
1528,3,228,FeedbackPeriodStarted,1764347717.1924777,1567.0377886295319,False
1529,3,229,startFixDisplay,1764347719.197801,1569.043112039566,False
1530,3,229,startFixPeriod,1764347719.3991916,1569.2445034980774,False
1531,3,229,TargetPresentation,1764347719.9543476,1569.7996599674225,False
1532,3,229,TargetDisplacement,1764347720.7870052,1570.6323182582855,True
1533,3,229,RightResponse,1764347720.988596,1570.8339068889618,False
1534,3,230,FeedbackPeriodStarted,1764347721.0089247,1570.8542354106903,False
1535,3,230,startFixDisplay,1764347721.0089815,1570.8542921543121,False
1536,3,230,startFixPeriod,1764347721.2657468,1571.1110589504242,False
1537,3,230,TargetPresentation,1764347721.952847,1571.7981600761414,False
1538,3,230,TargetDisplacement,1764347722.4871538,1572.3324670791626,True
1539,3,230,RightResponse,1764347722.8065205,1572.6518332958221,False
1540,3,231,FeedbackPeriodStarted,1764347722.8270252,1572.6723382472992,False
1541,3,231,startFixDisplay,1764347722.8271546,1572.6724650859833,False
1542,3,231,startFixPeriod,1764347723.1809285,1573.0262396335602,False
1543,3,231,TargetPresentation,1764347724.0552619,1573.9005727767944,False
1544,3,231,TargetDisplacement,1764347724.2078192,1574.0531301498413,True
1545,3,231,LeftResponse,1764347725.089282,1574.934592962265,False
1546,3,232,FeedbackPeriodStarted,1764347725.1099405,1574.9552512168884,False
1547,3,232,startFixDisplay,1764347725.1099892,1574.95529961586,False
1548,3,232,startFixPeriod,1764347725.3113036,1575.1566169261932,False
1549,3,232,TargetPresentation,1764347725.963473,1575.8087840080261,False
1550,3,232,TargetDisplacement,1764347726.130056,1575.9753668308258,True
1551,3,232,RightResponse,1764347727.2127876,1577.058099746704,False
1552,3,233,FeedbackPeriodStarted,1764347727.2332761,1577.0785870552063,False
1553,3,233,startFixDisplay,1764347727.233325,1577.0786354541779,False
1554,3,233,startFixPeriod,1764347727.5387783,1577.3840913772583,False
1555,3,233,TargetPresentation,1764347728.6627731,1578.5080840587616,False
1556,3,233,TargetDisplacement,1764347728.8085437,1578.6538581848145,True
1557,3,233,RightResponse,1764347729.4334137,1579.2787244319916,False
1558,3,234,FeedbackPeriodStarted,1764347729.4537768,1579.2990877628326,False
1559,3,234,startFixDisplay,1764347729.453826,1579.2991366386414,False
1560,3,234,startFixPeriod,1764347729.7244337,1579.5697445869446,False
1561,3,234,TargetPresentation,1764347730.4461405,1580.2914514541626,False
1562,3,234,TargetRemoval,1764347730.6056879,1580.450998544693,True
1563,3,234,TargetReappeared,1764347730.8556483,1580.7009615898132,False
1564,3,234,LeftResponse,1764347731.2442634,1581.0895745754242,False
1565,3,234,FeedbackPeriodStarted,1764347731.251154,1581.096467256546,False
1566,3,235,startFixDisplay,1764347733.2564821,1583.1017973423004,False
1567,3,235,startFixPeriod,1764347733.5479403,1583.3932538032532,False
1568,3,235,TargetPresentation,1764347734.720504,1584.565815448761,False
1569,3,235,TargetRemoval,1764347734.8731995,1584.7185099124908,True
1570,3,235,TargetReappeared,1764347735.123094,1584.9684073925018,False
1571,3,235,LeftResponse,1764347735.6435647,1585.4888889789581,False
1572,3,236,FeedbackPeriodStarted,1764347735.6641304,1585.5094413757324,False
1573,3,236,startFixDisplay,1764347735.664177,1585.5094876289368,False
1574,3,236,startFixPeriod,1764347735.8517764,1585.6970899105072,False
1575,3,236,TargetPresentation,1764347737.1630943,1587.0084052085876,False
1576,3,236,TargetRemoval,1764347737.308948,1587.154262304306,True
1577,3,236,TargetReappeared,1764347737.5586445,1587.4039568901062,False
1578,3,236,RightResponse,1764347737.9681053,1587.813416004181,False
1579,3,237,FeedbackPeriodStarted,1764347737.988881,1587.8341944217682,False
1580,3,237,startFixDisplay,1764347737.989011,1587.834323167801,False
1581,3,237,startFixPeriod,1764347738.2594297,1588.104740858078,False
1582,3,237,TargetPresentation,1764347739.064362,1588.9096744060516,False
1583,3,237,TargetRemoval,1764347739.5986116,1589.4439225196838,True
1584,3,237,TargetReappeared,1764347739.8485985,1589.6939120292664,False
1585,3,237,RightResponse,1764347740.1538923,1589.99920296669,False
1586,3,238,FeedbackPeriodStarted,1764347740.174543,1590.019853591919,False
1587,3,238,startFixDisplay,1764347740.1746047,1590.019915342331,False
1588,3,238,startFixPeriod,1764347741.0003376,1590.845648765564,False
1589,3,238,TargetPresentation,1764347741.9997537,1591.8450667858124,False
1590,3,238,TargetDisplacement,1764347742.1521666,1591.9974772930145,True
1591,3,238,LeftResponse,1764347743.0335512,1592.8788619041443,False
1592,3,239,FeedbackPeriodStarted,1764347743.0542445,1592.8995552062988,False
1593,3,239,startFixDisplay,1764347743.054291,1592.8996014595032,False
1594,3,239,startFixPeriod,1764347743.4291615,1593.2744748592377,False
1595,3,239,TargetPresentation,1764347744.4907098,1594.336020708084,False
1596,3,239,TargetDisplacement,1764347744.650215,1594.495525598526,True
1597,3,239,LeftResponse,1764347745.809382,1595.6546936035156,False
1598,3,240,FeedbackPeriodStarted,1764347745.829972,1595.6752848625183,False
1599,3,240,startFixDisplay,1764347745.830101,1595.6754131317139,False
1600,3,240,startFixPeriod,1764347746.1769118,1596.022224187851,False
1601,3,240,TargetPresentation,1764347747.2248425,1597.0701558589935,False
1602,3,240,TargetDisplacement,1764347747.3842447,1597.2295553684235,True
1603,3,240,LeftResponse,1764347748.2728732,1598.1181859970093,False
1604,3,240,FeedbackPeriodStarted,1764347748.2793355,1598.1246461868286,False
1605,3,241,startFixDisplay,1764347750.2917867,1600.137099981308,False
1606,3,241,startFixPeriod,1764347750.3334153,1600.1787269115448,False
1607,3,241,TargetPresentation,1764347751.2702498,1601.1155633926392,False
1608,3,241,TargetDisplacement,1764347751.443532,1601.2888429164886,True
1609,3,241,LeftResponse,1764347752.3807971,1602.2261099815369,False
1610,3,242,FeedbackPeriodStarted,1764347752.4081104,1602.2534210681915,False
1611,3,242,startFixDisplay,1764347752.4081569,1602.2534675598145,False
1612,3,242,startFixPeriod,1764347752.6649065,1602.5102179050446,False
1613,3,242,TargetPresentation,1764347753.4560792,1603.301391839981,False
1614,3,242,TargetDisplacement,1764347753.6293788,1603.4746897220612,True
1615,3,242,LeftResponse,1764347754.6147752,1604.4600858688354,False
1616,3,243,FeedbackPeriodStarted,1764347754.635492,1604.4808027744293,False
1617,3,243,startFixDisplay,1764347754.6355495,1604.4808602333069,False
1618,3,243,startFixPeriod,1764347754.8992312,1604.744542837143,False
1619,3,243,TargetPresentation,1764347755.56535,1605.4106612205505,False
1620,3,243,TargetRemoval,1764347756.0650086,1605.9103195667267,True
1621,3,243,TargetReappeared,1764347756.3148634,1606.1601750850677,False
1622,3,243,RightResponse,1764347756.9120235,1606.7573356628418,False
1623,3,244,FeedbackPeriodStarted,1764347756.932271,1606.7775819301605,False
1624,3,244,startFixDisplay,1764347756.9323173,1606.7776277065277,False
1625,3,244,startFixPeriod,1764347757.1336656,1606.9789774417877,False
1626,3,244,TargetPresentation,1764347758.6185174,1608.4638283252716,False
1627,3,244,TargetDisplacement,1764347758.7642148,1608.609525680542,True
1628,3,244,RightResponse,1764347759.6112518,1609.4565644264221,False
1629,3,245,FeedbackPeriodStarted,1764347759.6316016,1609.4769122600555,False
1630,3,245,startFixDisplay,1764347759.6316366,1609.476947069168,False
1631,3,245,startFixPeriod,1764347759.9299946,1609.7753052711487,False
1632,3,245,TargetPresentation,1764347760.6239061,1610.4692170619965,False
1633,3,245,TargetDisplacement,1764347761.2622705,1611.1075811386108,True
1634,3,245,LeftResponse,1764347761.963253,1611.8085639476776,False
1635,3,246,FeedbackPeriodStarted,1764347761.9841125,1611.8294258117676,False
1636,3,246,startFixDisplay,1764347761.9842322,1611.82954454422,False
1637,3,246,startFixPeriod,1764347762.3032427,1612.1485540866852,False
1638,3,246,TargetPresentation,1764347763.5521805,1613.3974914550781,False
1639,3,246,TargetDisplacement,1764347763.725757,1613.5710716247559,True
1640,3,246,LeftResponse,1764347764.4267259,1614.2720365524292,False
1641,3,246,FeedbackPeriodStarted,1764347764.4334977,1614.2788083553314,False
1642,3,247,startFixDisplay,1764347766.4458568,1616.2911701202393,False
1643,3,247,startFixPeriod,1764347766.452866,1616.2981791496277,False
1644,3,247,TargetPresentation,1764347767.6117406,1617.457055568695,False
1645,3,247,TargetDisplacement,1764347767.7503214,1617.5956320762634,True
1646,3,247,LeftResponse,1764347768.5692713,1618.4145820140839,False
1647,3,248,FeedbackPeriodStarted,1764347768.589887,1618.4351980686188,False
1648,3,248,startFixDisplay,1764347768.5899944,1618.4353058338165,False
1649,3,248,startFixPeriod,1764347768.8606095,1618.70592045784,False
1650,3,248,TargetPresentation,1764347770.0471385,1619.8924496173859,False
1651,3,248,TargetRemoval,1764347770.2068768,1620.0521914958954,True
1652,3,248,TargetReappeared,1764347770.456704,1620.3020181655884,False
1653,3,248,LeftResponse,1764347770.880205,1620.7255177497864,False
1654,3,249,FeedbackPeriodStarted,1764347770.900575,1620.745885848999,False
1655,3,249,startFixDisplay,1764347770.9006226,1620.7459330558777,False
1656,3,249,startFixPeriod,1764347771.1367347,1620.9820482730865,False
1657,3,249,TargetPresentation,1764347771.67799,1621.5233035087585,False
1658,3,249,TargetDisplacement,1764347771.8581975,1621.7035083770752,True
1659,3,249,LeftResponse,1764347772.9754624,1622.8207728862762,False
1660,3,250,FeedbackPeriodStarted,1764347772.9961832,1622.8414936065674,False
1661,3,250,startFixDisplay,1764347772.9962294,1622.8415398597717,False
1662,3,250,startFixPeriod,1764347773.294629,1623.139940738678,False
1663,3,250,TargetPresentation,1764347774.2731314,1624.1184446811676,False
1664,3,250,TargetDisplacement,1764347774.4256256,1624.2709364891052,True
1665,3,250,RightResponse,1764347775.5707958,1625.4161067008972,False
1666,3,251,FeedbackPeriodStarted,1764347775.5913448,1625.4366557598114,False
1667,3,251,startFixDisplay,1764347775.591391,1625.4367015361786,False
1668,3,251,startFixPeriod,1764347775.827507,1625.6728203296661,False
1669,3,251,TargetPresentation,1764347776.6599972,1626.5053081512451,False
1670,3,251,TargetRemoval,1764347776.8473382,1626.6926491260529,True
1671,3,251,TargetReappeared,1764347777.0972962,1626.9426085948944,False
1672,3,251,LeftResponse,1764347777.7009916,1627.5463025569916,False
1673,3,252,FeedbackPeriodStarted,1764347777.721661,1627.5669720172882,False
1674,3,252,startFixDisplay,1764347777.7217073,1627.5670175552368,False
1675,3,252,startFixPeriod,1764347777.9022238,1627.7475373744965,False
1676,3,252,TargetPresentation,1764347778.6931536,1628.5384645462036,False
1677,3,252,TargetRemoval,1764347778.852899,1628.698212146759,True
1678,3,252,TargetReappeared,1764347779.1027377,1628.9480509757996,False
1679,3,252,LeftResponse,1764347779.7412398,1629.5865511894226,False
1680,3,252,FeedbackPeriodStarted,1764347779.7480342,1629.59334897995,False
1681,3,253,startFixDisplay,1764347781.7602043,1631.6055154800415,False
1682,3,253,startFixPeriod,1764347782.141842,1631.9871530532837,False
1683,3,253,TargetPresentation,1764347783.0510662,1632.8963799476624,False
1684,3,253,TargetDisplacement,1764347783.2104352,1633.055745601654,True
1685,3,253,LeftResponse,1764347784.0919373,1633.937248468399,False
1686,3,254,FeedbackPeriodStarted,1764347784.112478,1633.9577884674072,False
1687,3,254,startFixDisplay,1764347784.1125247,1633.9578351974487,False
1688,3,254,startFixPeriod,1764347784.4457421,1634.2910549640656,False
1689,3,254,TargetPresentation,1764347785.4865928,1635.331904411316,False
1690,3,254,TargetDisplacement,1764347785.6253445,1635.4706559181213,True
1691,3,254,RightResponse,1764347786.7360823,1636.581396818161,False
1692,3,255,FeedbackPeriodStarted,1764347786.7563019,1636.6016130447388,False
1693,3,255,startFixDisplay,1764347786.7563632,1636.6016743183136,False
1694,3,255,startFixPeriod,1764347787.0061214,1636.8514325618744,False
1695,3,255,TargetPresentation,1764347787.9914732,1637.8367846012115,False
1696,3,255,TargetDisplacement,1764347788.1580458,1638.0033564567566,True
1697,3,255,LeftResponse,1764347789.060328,1638.905639410019,False
1698,3,256,FeedbackPeriodStarted,1764347789.080908,1638.9262187480927,False
1699,3,256,startFixDisplay,1764347789.0809662,1638.926276922226,False
1700,3,256,startFixPeriod,1764347789.3655193,1639.2108316421509,False
1701,3,256,TargetPresentation,1764347790.3578155,1640.2031280994415,False
1702,3,256,TargetDisplacement,1764347790.5172412,1640.362552165985,True
1703,3,256,RightResponse,1764347791.4333897,1641.2787005901337,False
1704,3,257,FeedbackPeriodStarted,1764347791.4539793,1641.2992899417877,False
1705,3,257,startFixDisplay,1764347791.4540255,1641.2993359565735,False
1706,3,257,startFixPeriod,1764347791.773254,1641.61856508255,False
1707,3,257,TargetPresentation,1764347792.7863955,1642.6317069530487,False
1708,3,257,TargetRemoval,1764347793.5287879,1643.3740985393524,True
1709,3,257,TargetReappeared,1764347793.778754,1643.6240673065186,False
1710,3,257,FeedbackPeriodStarted,1764347795.7840855,1645.6293964385986,False
1711,3,258,startFixDisplay,1764347796.2976205,1646.1429340839386,False
1712,3,258,startFixPeriod,1764347796.818011,1646.6633231639862,False
1713,3,258,TargetPresentation,1764347798.2058425,1648.0511553287506,False
1714,3,258,TargetDisplacement,1764347798.351409,1648.1967196464539,True
1715,3,258,RightResponse,1764347799.3164139,1649.161726474762,False
1716,3,258,FeedbackPeriodStarted,1764347799.3300543,1649.1753678321838,False
1717,3,259,startFixDisplay,1764347801.7793982,1651.6247117519379,False
1718,3,259,startFixPeriod,1764347802.0779126,1651.9232261180878,False
1719,3,259,TargetPresentation,1764347803.507193,1653.3525040149689,False
1720,3,259,TargetDisplacement,1764347803.6736581,1653.5189690589905,True
1721,3,259,LeftResponse,1764347804.4579597,1654.3032705783844,False
1722,3,260,FeedbackPeriodStarted,1764347804.47855,1654.3238606452942,False
1723,3,260,startFixDisplay,1764347804.4786067,1654.323917388916,False
1724,3,260,startFixPeriod,1764347804.6729481,1654.518259525299,False
1725,3,260,TargetPresentation,1764347805.6930103,1655.5383219718933,False
1726,3,260,TargetDisplacement,1764347805.852506,1655.6978166103363,True
1727,3,260,LeftResponse,1764347806.6786203,1656.5239312648773,False
1728,3,261,FeedbackPeriodStarted,1764347806.6990783,1656.5443892478943,False
1729,3,261,startFixDisplay,1764347806.6991253,1656.5444359779358,False
1730,3,261,startFixPeriod,1764347806.9212859,1656.7665994167328,False
1731,3,261,TargetPresentation,1764347808.3507419,1658.1960544586182,False
1732,3,261,TargetDisplacement,1764347808.49634,1658.341650724411,True
1733,3,261,RightResponse,1764347809.4613335,1659.306646347046,False
1734,3,262,FeedbackPeriodStarted,1764347809.4815927,1659.3269033432007,False
1735,3,262,startFixDisplay,1764347809.4816396,1659.3269503116608,False
1736,3,262,startFixPeriod,1764347809.7384672,1659.5837786197662,False
1737,3,262,TargetPresentation,1764347811.0012884,1660.8465993404388,False
1738,3,262,TargetDisplacement,1764347811.1262069,1660.9715180397034,True
1739,3,262,LeftResponse,1764347811.80636,1661.6516711711884,False
1740,3,263,FeedbackPeriodStarted,1764347811.827023,1661.6723339557648,False
1741,3,263,startFixDisplay,1764347811.8270705,1661.6723811626434,False
1742,3,263,startFixPeriod,1764347812.0284507,1661.8737623691559,False
1743,3,263,TargetPresentation,1764347812.8888164,1662.7341294288635,False
1744,3,263,TargetDisplacement,1764347813.04829,1662.8936009407043,True
1745,3,263,LeftResponse,1764347814.2835565,1664.128867149353,False
1746,3,263,FeedbackPeriodStarted,1764347814.318181,1664.1634922027588,False
1747,4,264,startFixDisplay,1764347988.5782824,1838.4235935211182,False
1748,4,264,startFixPeriod,1764347988.8280048,1838.673316001892,False
1749,4,264,TargetPresentation,1764347989.8898323,1839.7351455688477,False
1750,4,264,TargetRemoval,1764347990.0423803,1839.8876934051514,True
1751,4,264,TargetReappeared,1764347990.2922292,1840.1375405788422,False
1752,4,264,RightResponse,1764347990.8473065,1840.6926171779633,False
1753,4,265,FeedbackPeriodStarted,1764347990.868002,1840.7133131027222,False
1754,4,265,startFixDisplay,1764347990.8680487,1840.713359117508,False
1755,4,265,startFixPeriod,1764347991.1040258,1840.9493370056152,False
1756,4,265,TargetPresentation,1764347992.5890574,1842.4343709945679,False
1757,4,265,TargetRemoval,1764347992.741685,1842.5869982242584,True
1758,4,265,TargetReappeared,1764347992.9913802,1842.8366911411285,False
1759,4,265,RightResponse,1764347993.5536342,1843.398945093155,False
1760,4,266,FeedbackPeriodStarted,1764347993.574299,1843.4196124076843,False
1761,4,266,startFixDisplay,1764347993.574447,1843.4197595119476,False
1762,4,266,startFixPeriod,1764347993.7963364,1843.6416475772858,False
1763,4,266,TargetPresentation,1764347994.6291263,1844.4744398593903,False
1764,4,266,TargetDisplacement,1764347994.781771,1844.6270842552185,True
1765,4,266,LeftResponse,1764347996.1279123,1845.973222732544,False
1766,4,267,FeedbackPeriodStarted,1764347996.148607,1845.9939184188843,False
1767,4,267,startFixDisplay,1764347996.1486657,1845.9939765930176,False
1768,4,267,startFixPeriod,1764347996.405405,1846.250715970993,False
1769,4,267,TargetPresentation,1764347997.2868128,1847.132127046585,False
1770,4,267,TargetDisplacement,1764347997.4323332,1847.277643918991,True
1771,4,267,LeftResponse,1764347998.5566828,1848.401994228363,False
1772,4,268,FeedbackPeriodStarted,1764347998.584309,1848.4296200275421,False
1773,4,268,startFixDisplay,1764347998.584366,1848.4296770095825,False
1774,4,268,startFixPeriod,1764347998.778602,1848.6239128112793,False
1775,4,268,TargetPresentation,1764347999.5349455,1849.380256652832,False
1776,4,268,TargetRemoval,1764347999.680651,1849.5259618759155,True
1777,4,268,TargetReappeared,1764347999.930599,1849.7759139537811,False
1778,4,268,RightResponse,1764348000.5411782,1850.3864889144897,False
1779,4,269,FeedbackPeriodStarted,1764348000.5618737,1850.40718460083,False
1780,4,269,startFixDisplay,1764348000.5619278,1850.407238483429,False
1781,4,269,startFixPeriod,1764348000.7910373,1850.6363542079926,False
1782,4,269,TargetPresentation,1764348001.353138,1851.1984519958496,False
1783,4,269,TargetRemoval,1764348001.5125785,1851.3578898906708,True
1784,4,269,TargetReappeared,1764348001.7623792,1851.6076905727386,False
1785,4,269,LeftResponse,1764348002.2481668,1852.0934777259827,False
1786,4,270,FeedbackPeriodStarted,1764348002.2688708,1852.1141819953918,False
1787,4,270,startFixDisplay,1764348002.268935,1852.114245891571,False
1788,4,270,startFixPeriod,1764348002.5188527,1852.3641669750214,False
1789,4,270,TargetPresentation,1764348003.5180993,1853.36341381073,False
1790,4,270,TargetDisplacement,1764348003.6914048,1853.5367159843445,True
1791,4,270,RightResponse,1764348004.593581,1854.4388926029205,False
1792,4,270,FeedbackPeriodStarted,1764348004.6004572,1854.4457681179047,False
1793,4,271,startFixDisplay,1764348006.6127775,1856.458091020584,False
1794,4,271,startFixPeriod,1764348006.9250722,1856.770385503769,False
1795,4,271,TargetPresentation,1764348007.514879,1857.3601920604706,False
1796,4,271,TargetRemoval,1764348007.6743202,1857.5196311473846,True
1797,4,271,TargetReappeared,1764348007.9243188,1857.7696332931519,False
1798,4,271,RightResponse,1764348008.3544822,1858.199793100357,False
1799,4,272,FeedbackPeriodStarted,1764348008.3751974,1858.2205092906952,False
1800,4,272,startFixDisplay,1764348008.375278,1858.2205891609192,False
1801,4,272,startFixPeriod,1764348008.541872,1858.3871853351593,False
1802,4,272,TargetPresentation,1764348009.6452065,1859.4905178546906,False
1803,4,272,TargetDisplacement,1764348009.90201,1859.7473232746124,True
1804,4,272,LeftResponse,1764348010.811226,1860.6565389633179,False
1805,4,273,FeedbackPeriodStarted,1764348010.8315732,1860.676884174347,False
1806,4,273,startFixDisplay,1764348010.8316216,1860.6769320964813,False
1807,4,273,startFixPeriod,1764348011.0814893,1860.9268004894257,False
1808,4,273,TargetPresentation,1764348011.6783776,1861.5236921310425,False
1809,4,273,TargetDisplacement,1764348012.1710503,1862.0163650512695,True
1810,4,273,RightResponse,1764348012.8233643,1862.6686751842499,False
1811,4,274,FeedbackPeriodStarted,1764348012.8439252,1862.6892364025116,False
1812,4,274,startFixDisplay,1764348012.8440306,1862.6893420219421,False
1813,4,274,startFixPeriod,1764348013.0313735,1862.8766849040985,False
1814,4,274,TargetPresentation,1764348013.975178,1863.8204910755157,False
1815,4,274,TargetRemoval,1764348014.1486151,1863.9939260482788,True
1816,4,274,TargetReappeared,1764348014.398485,1864.243798494339,False
1817,4,274,LeftResponse,1764348014.7873814,1864.6326944828033,False
1818,4,275,FeedbackPeriodStarted,1764348014.807757,1864.6530673503876,False
1819,4,275,startFixDisplay,1764348014.807804,1864.6531145572662,False
1820,4,275,startFixPeriod,1764348015.0437753,1864.8890886306763,False
1821,4,275,TargetPresentation,1764348015.7584057,1865.6037166118622,False
1822,4,275,TargetDisplacement,1764348016.299729,1866.1450440883636,True
1823,4,275,LeftResponse,1764348017.0147574,1866.8600707054138,False
1824,4,276,FeedbackPeriodStarted,1764348017.04209,1866.8874011039734,False
1825,4,276,startFixDisplay,1764348017.042139,1866.887449502945,False
1826,4,276,startFixPeriod,1764348017.222479,1867.067790031433,False
1827,4,276,TargetPresentation,1764348018.1037407,1867.949051618576,False
1828,4,276,TargetDisplacement,1764348018.2494352,1868.0947461128235,True
1829,4,276,LeftResponse,1764348018.91572,1868.7610306739807,False
1830,4,276,FeedbackPeriodStarted,1764348018.9225008,1868.7678117752075,False
1831,4,277,startFixDisplay,1764348020.934956,1870.78027009964,False
1832,4,277,startFixPeriod,1764348021.4000316,1871.2453455924988,False
1833,4,277,TargetPresentation,1764348022.7460032,1872.5913140773773,False
1834,4,277,TargetDisplacement,1764348022.961254,1872.8065674304962,True
1835,4,277,RightResponse,1764348023.4680912,1873.3134038448334,False
1836,4,278,FeedbackPeriodStarted,1764348023.4953098,1873.3406205177307,False
1837,4,278,startFixDisplay,1764348023.495357,1873.3406674861908,False
1838,4,278,startFixPeriod,1764348023.675889,1873.5212013721466,False
1839,4,278,TargetPresentation,1764348024.9943871,1874.8397006988525,False
1840,4,278,TargetRemoval,1764348025.1260872,1874.971398115158,True
1841,4,278,TargetReappeared,1764348025.3759632,1875.2212772369385,False
1842,4,278,RightResponse,1764348025.9449933,1875.7903044223785,False
1843,4,279,FeedbackPeriodStarted,1764348025.9726071,1875.8179183006287,False
1844,4,279,startFixDisplay,1764348025.9726481,1875.817958831787,False
1845,4,279,startFixPeriod,1764348026.2919564,1876.1372697353363,False
1846,4,279,TargetPresentation,1764348027.034387,1876.8796989917755,False
1847,4,279,TargetDisplacement,1764348027.2563267,1877.1016376018524,True
1848,4,279,RightResponse,1764348027.9434977,1877.7888090610504,False
1849,4,280,FeedbackPeriodStarted,1764348027.9640868,1877.8093976974487,False
1850,4,280,startFixDisplay,1764348027.9641345,1877.8094449043274,False
1851,4,280,startFixPeriod,1764348028.2141078,1878.059421300888,False
1852,4,280,TargetPresentation,1764348028.9842186,1878.8295304775238,False
1853,4,280,TargetDisplacement,1764348029.14373,1878.9890410900116,True
1854,4,280,LeftResponse,1764348029.85862,1879.7039306163788,False
1855,4,281,FeedbackPeriodStarted,1764348029.8862126,1879.7315232753754,False
1856,4,281,startFixDisplay,1764348029.8862598,1879.7315700054169,False
1857,4,281,startFixPeriod,1764348030.0667298,1879.9120421409607,False
1858,4,281,TargetPresentation,1764348031.1213658,1880.9666764736176,False
1859,4,281,TargetDisplacement,1764348031.28788,1881.1331906318665,True
1860,4,281,RightResponse,1764348032.5443535,1882.3896663188934,False
1861,4,282,FeedbackPeriodStarted,1764348032.5646782,1882.4099888801575,False
1862,4,282,startFixDisplay,1764348032.564725,1882.4100353717804,False
1863,4,282,startFixPeriod,1764348032.828503,1882.673814535141,False
1864,4,282,TargetPresentation,1764348033.5432432,1883.3885567188263,False
1865,4,282,TargetDisplacement,1764348033.7026296,1883.54794049263,True
1866,4,282,LeftResponse,1764348034.459187,1884.304497718811,False
1867,4,282,FeedbackPeriodStarted,1764348034.466137,1884.3114502429962,False
1868,4,283,startFixDisplay,1764348036.4782898,1886.3236010074615,False
1869,4,283,startFixPeriod,1764348036.485321,1886.330631494522,False
1870,4,283,TargetPresentation,1764348037.4291475,1887.27446103096,False
1871,4,283,TargetRemoval,1764348037.9911134,1887.8364264965057,True
1872,4,283,TargetReappeared,1764348038.240959,1888.0862715244293,False
1873,4,283,LeftResponse,1764348038.8725338,1888.7178449630737,False
1874,4,284,FeedbackPeriodStarted,1764348038.8930767,1888.7383885383606,False
1875,4,284,startFixDisplay,1764348038.893165,1888.7384762763977,False
1876,4,284,startFixPeriod,1764348039.163907,1889.0092203617096,False
1877,4,284,TargetPresentation,1764348040.1214545,1889.9667675495148,False
1878,4,284,TargetDisplacement,1764348040.4196692,1890.264979839325,True
1879,4,284,RightResponse,1764348041.4259267,1891.271237373352,False
1880,4,285,FeedbackPeriodStarted,1764348041.446863,1891.292176246643,False
1881,4,285,startFixDisplay,1764348041.4469898,1891.2923018932343,False
1882,4,285,startFixPeriod,1764348041.6827228,1891.5280358791351,False
1883,4,285,TargetPresentation,1764348042.7304106,1892.5757219791412,False
1884,4,285,TargetDisplacement,1764348042.8899581,1892.7352693080902,True
1885,4,285,LeftResponse,1764348043.5562732,1893.4015843868256,False
1886,4,286,FeedbackPeriodStarted,1764348043.576874,1893.4221847057343,False
1887,4,286,startFixDisplay,1764348043.5769207,1893.4222311973572,False
1888,4,286,startFixPeriod,1764348043.7643507,1893.6096620559692,False
1889,4,286,TargetPresentation,1764348044.7983565,1894.6436698436737,False
1890,4,286,TargetDisplacement,1764348044.9578016,1894.8031122684479,True
1891,4,286,LeftResponse,1764348045.9155517,1895.7608623504639,False
1892,4,287,FeedbackPeriodStarted,1764348045.9362855,1895.7815985679626,False
1893,4,287,startFixDisplay,1764348045.9364133,1895.7817256450653,False
1894,4,287,startFixPeriod,1764348046.17234,1896.0176548957825,False
1895,4,287,TargetPresentation,1764348047.5809577,1897.42627120018,False
1896,4,287,TargetDisplacement,1764348047.719515,1897.5648257732391,True
1897,4,287,LeftResponse,1764348048.6633942,1898.5087051391602,False
1898,4,288,FeedbackPeriodStarted,1764348048.6841857,1898.5294995307922,False
1899,4,288,startFixDisplay,1764348048.6843128,1898.529625415802,False
1900,4,288,startFixPeriod,1764348048.8923435,1898.7376554012299,False
1901,4,288,TargetPresentation,1764348050.349492,1900.1948027610779,False
1902,4,288,TargetDisplacement,1764348050.516032,1900.3613450527191,True
1903,4,288,LeftResponse,1764348051.5430331,1901.3883440494537,False
1904,4,288,FeedbackPeriodStarted,1764348051.549933,1901.3952441215515,False
1905,4,289,startFixDisplay,1764348053.562175,1903.4074857234955,False
1906,4,289,startFixPeriod,1764348053.8537815,1903.6990942955017,False
1907,4,289,TargetPresentation,1764348054.5130138,1904.3583269119263,False
1908,4,289,TargetDisplacement,1764348054.6587427,1904.5040576457977,True
1909,4,289,RightResponse,1764348055.3873913,1905.2327017784119,False
1910,4,290,FeedbackPeriodStarted,1764348055.4079518,1905.253262758255,False
1911,4,290,startFixDisplay,1764348055.408006,1905.2533166408539,False
1912,4,290,startFixPeriod,1764348055.6231012,1905.468412399292,False
1913,4,290,TargetPresentation,1764348056.6848722,1906.5301837921143,False
1914,4,290,TargetDisplacement,1764348056.830518,1906.6758289337158,True
1915,4,290,RightResponse,1764348057.649739,1907.495052099228,False
1916,4,291,FeedbackPeriodStarted,1764348057.6701903,1907.5155048370361,False
1917,4,291,startFixDisplay,1764348057.6703215,1907.515634059906,False
1918,4,291,startFixPeriod,1764348058.072585,1907.9178965091705,False
1919,4,291,TargetPresentation,1764348058.6555493,1908.5008609294891,False
1920,4,291,TargetDisplacement,1764348058.9468708,1908.7921814918518,True
1921,4,291,RightResponse,1764348059.6478431,1909.493153810501,False
1922,4,292,FeedbackPeriodStarted,1764348059.668548,1909.5138590335846,False
1923,4,292,startFixDisplay,1764348059.6686058,1909.5139162540436,False
1924,4,292,startFixPeriod,1764348059.8975844,1909.7428965568542,False
1925,4,292,TargetPresentation,1764348060.5568132,1910.4021246433258,False
1926,4,292,TargetDisplacement,1764348060.7093718,1910.5546827316284,True
1927,4,292,LeftResponse,1764348061.2647421,1911.1100533008575,False
1928,4,293,FeedbackPeriodStarted,1764348061.2853425,1911.1306536197662,False
1929,4,293,startFixDisplay,1764348061.2853904,1911.130700826645,False
1930,4,293,startFixPeriod,1764348061.5143552,1911.3596665859222,False
1931,4,293,TargetPresentation,1764348062.4094713,1912.2547821998596,False
1932,4,293,TargetRemoval,1764348062.5551884,1912.400499343872,True
1933,4,293,TargetReappeared,1764348062.804999,1912.6503100395203,False
1934,4,293,RightResponse,1764348063.3955238,1913.2408382892609,False
1935,4,294,FeedbackPeriodStarted,1764348063.4156873,1913.260998725891,False
1936,4,294,startFixDisplay,1764348063.4157434,1913.2610540390015,False
1937,4,294,startFixPeriod,1764348063.6170185,1913.4623324871063,False
1938,4,294,TargetPresentation,1764348064.8381972,1914.68350815773,False
1939,4,294,TargetDisplacement,1764348065.060272,1914.905582666397,True
1940,4,294,LeftResponse,1764348065.7473912,1915.5927023887634,False
1941,4,294,FeedbackPeriodStarted,1764348065.7542958,1915.5996091365814,False
1942,4,295,startFixDisplay,1764348067.7665465,1917.6118597984314,False
1943,4,295,startFixPeriod,1764348068.016328,1917.8616394996643,False
1944,4,295,TargetPresentation,1764348069.1613522,1919.0066657066345,False
1945,4,295,TargetDisplacement,1764348069.299919,1919.1452295780182,True
1946,4,295,RightResponse,1764348070.2787945,1920.1241073608398,False
1947,4,296,FeedbackPeriodStarted,1764348070.2990975,1920.1444084644318,False
1948,4,296,startFixDisplay,1764348070.2991426,1920.1444532871246,False
1949,4,296,startFixPeriod,1764348070.5142999,1920.359611272812,False
1950,4,296,TargetPresentation,1764348071.73554,1921.5808510780334,False
1951,4,296,TargetDisplacement,1764348071.8812568,1921.7265677452087,True
1952,4,296,LeftResponse,1764348072.519785,1922.3650960922241,False
1953,4,297,FeedbackPeriodStarted,1764348072.5404656,1922.3857765197754,False
1954,4,297,startFixDisplay,1764348072.54052,1922.3858304023743,False
1955,4,297,startFixPeriod,1764348072.7208917,1922.566202878952,False
1956,4,297,TargetPresentation,1764348073.699288,1923.5445988178253,False
1957,4,297,TargetRemoval,1764348073.8588605,1923.7041714191437,True
1958,4,297,TargetReappeared,1764348074.108738,1923.9540503025055,False
1959,4,297,RightResponse,1764348074.5667708,1924.4120814800262,False
1960,4,298,FeedbackPeriodStarted,1764348074.587471,1924.4327819347382,False
1961,4,298,startFixDisplay,1764348074.5875182,1924.4328286647797,False
1962,4,298,startFixPeriod,1764348074.761042,1924.6063539981842,False
1963,4,298,TargetPresentation,1764348076.2320967,1926.077407836914,False
1964,4,298,TargetDisplacement,1764348076.3985484,1926.2438592910767,True
1965,4,298,RightResponse,1764348077.2521932,1927.0975041389465,False
1966,4,299,FeedbackPeriodStarted,1764348077.273052,1927.1183669567108,False
1967,4,299,startFixDisplay,1764348077.2731853,1927.1184978485107,False
1968,4,299,startFixPeriod,1764348077.5157635,1927.3610742092133,False
1969,4,299,TargetPresentation,1764348078.9661958,1928.8115091323853,False
1970,4,299,TargetRemoval,1764348079.1256676,1928.9709784984589,True
1971,4,299,TargetReappeared,1764348079.3755014,1929.2208123207092,False
1972,4,299,RightResponse,1764348080.0628326,1929.9081456661224,False
1973,4,300,FeedbackPeriodStarted,1764348080.0832512,1929.928561925888,False
1974,4,300,startFixDisplay,1764348080.0832977,1929.928608417511,False
1975,4,300,startFixPeriod,1764348080.277511,1930.12282204628,False
1976,4,300,TargetPresentation,1764348080.8120453,1930.65735912323,False
1977,4,300,TargetRemoval,1764348080.9714882,1930.8167991638184,True
1978,4,300,TargetReappeared,1764348081.2213376,1931.0666501522064,False
1979,4,300,RightResponse,1764348081.7070224,1931.5523331165314,False
1980,4,300,FeedbackPeriodStarted,1764348081.7138724,1931.5591833591461,False
1981,4,301,startFixDisplay,1764348083.7263381,1933.5716516971588,False
1982,4,301,startFixPeriod,1764348084.1079018,1933.9532129764557,False
1983,4,301,TargetPresentation,1764348085.3499835,1935.195294380188,False
1984,4,301,TargetRemoval,1764348085.4961216,1935.3414323329926,True
1985,4,301,TargetReappeared,1764348085.7455058,1935.59081697464,False
1986,4,301,LeftResponse,1764348086.1966705,1936.041981935501,False
1987,4,302,FeedbackPeriodStarted,1764348086.2172937,1936.0626046657562,False
1988,4,302,startFixDisplay,1764348086.2173405,1936.062650680542,False
1989,4,302,startFixPeriod,1764348086.4533231,1936.298635482788,False
1990,4,302,TargetPresentation,1764348087.4455566,1937.2908675670624,False
1991,4,302,TargetRemoval,1764348087.5912838,1937.4365944862366,True
1992,4,302,TargetReappeared,1764348087.8411822,1937.6864948272705,False
1993,4,302,RightResponse,1764348088.340819,1938.186129808426,False
1994,4,303,FeedbackPeriodStarted,1764348088.3614607,1938.2067716121674,False
1995,4,303,startFixDisplay,1764348088.361508,1938.2068183422089,False
1996,4,303,startFixPeriod,1764348088.562736,1938.4080474376678,False
1997,4,303,TargetPresentation,1764348089.8672943,1939.7126049995422,False
1998,4,303,TargetDisplacement,1764348090.0198734,1939.8651840686798,True
1999,4,303,RightResponse,1764348090.9293091,1940.7746222019196,False
2000,4,304,FeedbackPeriodStarted,1764348090.9497187,1940.7950296401978,False
2001,4,304,startFixDisplay,1764348090.9497654,1940.795075893402,False
2002,4,304,startFixPeriod,1764348091.2203534,1941.0656645298004,False
2003,4,304,TargetPresentation,1764348092.5318282,1942.3771393299103,False
2004,4,304,TargetDisplacement,1764348092.6983378,1942.543648481369,True
2005,4,304,RightResponse,1764348093.808755,1943.6540658473969,False
2006,4,305,FeedbackPeriodStarted,1764348093.8293836,1943.674694776535,False
2007,4,305,startFixDisplay,1764348093.8294523,1943.6747636795044,False
2008,4,305,startFixPeriod,1764348094.0306513,1943.8759624958038,False
2009,4,305,TargetPresentation,1764348095.0784376,1944.923748254776,False
2010,4,305,TargetDisplacement,1764348095.2241528,1945.0694637298584,True
2011,4,305,LeftResponse,1764348096.3207214,1946.1660325527191,False
2012,4,306,FeedbackPeriodStarted,1764348096.3413212,1946.1866323947906,False
2013,4,306,startFixDisplay,1764348096.3413782,1946.186688899994,False
2014,4,306,startFixPeriod,1764348096.584305,1946.429616689682,False
2015,4,306,TargetPresentation,1764348097.854122,1947.699432849884,False
2016,4,306,TargetRemoval,1764348098.0067258,1947.8520367145538,True
2017,4,306,TargetReappeared,1764348098.2565877,1948.1018991470337,False
2018,4,306,LeftResponse,1764348098.8048284,1948.650139093399,False
2019,4,306,FeedbackPeriodStarted,1764348098.8116617,1948.6569728851318,False
2020,4,307,startFixDisplay,1764348100.8239841,1950.6692955493927,False
2021,4,307,startFixPeriod,1764348100.8309114,1950.6762223243713,False
2022,4,307,TargetPresentation,1764348102.1910188,1952.0363297462463,False
2023,4,307,TargetDisplacement,1764348102.371361,1952.216671705246,True
2024,4,307,LeftResponse,1764348103.2596974,1953.1050081253052,False
2025,4,308,FeedbackPeriodStarted,1764348103.280474,1953.1257872581482,False
2026,4,308,startFixDisplay,1764348103.2806098,1953.1259226799011,False
2027,4,308,startFixPeriod,1764348103.5303159,1953.3756272792816,False
2028,4,308,TargetPresentation,1764348104.4253569,1954.2706677913666,False
2029,4,308,TargetDisplacement,1764348104.571152,1954.4164650440216,True
2030,4,308,RightResponse,1764348105.7026207,1955.5479311943054,False
2031,4,309,FeedbackPeriodStarted,1764348105.722881,1955.5681920051575,False
2032,4,309,startFixDisplay,1764348105.722928,1955.5682384967804,False
2033,4,309,startFixPeriod,1764348106.0351923,1955.8805031776428,False
2034,4,309,TargetPresentation,1764348106.5696263,1956.414938211441,False
2035,4,309,TargetDisplacement,1764348106.7430265,1956.5883371829987,True
2036,4,309,RightResponse,1764348107.3884628,1957.2337741851807,False
2037,4,310,FeedbackPeriodStarted,1764348107.409113,1957.2544236183167,False
2038,4,310,startFixDisplay,1764348107.409162,1957.2544724941254,False
2039,4,310,startFixPeriod,1764348107.5965638,1957.4418861865997,False
2040,4,310,TargetPresentation,1764348108.7692244,1958.614535331726,False
2041,4,310,TargetDisplacement,1764348108.9356859,1958.780996799469,True
2042,4,310,LeftResponse,1764348109.560431,1959.405742406845,False
2043,4,311,FeedbackPeriodStarted,1764348109.5809848,1959.4262957572937,False
2044,4,311,startFixDisplay,1764348109.581032,1959.4263424873352,False
2045,4,311,startFixPeriod,1764348109.8933768,1959.738688468933,False
2046,4,311,TargetPresentation,1764348110.9202704,1960.7655813694,False
2047,4,311,TargetDisplacement,1764348111.0729115,1960.9182224273682,True
2048,4,311,LeftResponse,1764348111.7669392,1961.6122498512268,False
2049,4,312,FeedbackPeriodStarted,1764348111.7876062,1961.6329171657562,False
2050,4,312,startFixDisplay,1764348111.787654,1961.6329646110535,False
2051,4,312,startFixPeriod,1764348112.023633,1961.868944644928,False
2052,4,312,TargetPresentation,1764348113.0575523,1962.9028639793396,False
2053,4,312,TargetDisplacement,1764348113.2379045,1963.0832154750824,True
2054,4,312,LeftResponse,1764348113.7932057,1963.6385169029236,False
2055,4,312,FeedbackPeriodStarted,1764348113.7999763,1963.6452877521515,False
2056,4,313,startFixDisplay,1764348115.8122528,1965.6575639247894,False
2057,4,313,startFixPeriod,1764348115.8192627,1965.664573431015,False
2058,4,313,TargetPresentation,1764348116.631075,1966.4763858318329,False
2059,4,313,TargetDisplacement,1764348117.1307058,1966.9760167598724,True
2060,4,313,LeftResponse,1764348117.672147,1967.5174582004547,False
2061,4,314,FeedbackPeriodStarted,1764348117.6927404,1967.5380511283875,False
2062,4,314,startFixDisplay,1764348117.6927874,1967.5380980968475,False
2063,4,314,startFixPeriod,1764348117.9497533,1967.7950665950775,False
2064,4,314,TargetPresentation,1764348118.6642892,1968.5096004009247,False
2065,4,314,TargetDisplacement,1764348118.8238158,1968.6691267490387,True
2066,4,314,LeftResponse,1764348119.6636834,1969.5089943408966,False
2067,4,315,FeedbackPeriodStarted,1764348119.6842208,1969.5295314788818,False
2068,4,315,startFixDisplay,1764348119.6843133,1969.5296239852905,False
2069,4,315,startFixPeriod,1764348119.8856072,1969.7309186458588,False
2070,4,315,TargetPresentation,1764348120.5724714,1970.4177823066711,False
2071,4,315,TargetDisplacement,1764348121.2177777,1971.0630884170532,True
2072,4,315,LeftResponse,1764348121.828634,1971.6739451885223,False
2073,4,316,FeedbackPeriodStarted,1764348121.8491998,1971.6945106983185,False
2074,4,316,startFixDisplay,1764348121.8492463,1971.6945567131042,False
2075,4,316,startFixPeriod,1764348122.0644348,1971.909746646881,False
2076,4,316,TargetPresentation,1764348123.4799247,1973.3252356052399,False
2077,4,316,TargetDisplacement,1764348123.6325617,1973.4778723716736,True
2078,4,316,LeftResponse,1764348124.1603928,1974.0057063102722,False
2079,4,317,FeedbackPeriodStarted,1764348124.1807156,1974.0260262489319,False
2080,4,317,startFixDisplay,1764348124.1807618,1974.0260725021362,False
2081,4,317,startFixPeriod,1764348124.416695,1974.2620058059692,False
2082,4,317,TargetPresentation,1764348125.8738897,1975.7192006111145,False
2083,4,317,TargetDisplacement,1764348126.345962,1976.1912751197815,True
2084,4,317,LeftResponse,1764348127.025867,1976.8711776733398,False
2085,4,318,FeedbackPeriodStarted,1764348127.046564,1976.8918797969818,False
2086,4,318,startFixDisplay,1764348127.04662,1976.8919303417206,False
2087,4,318,startFixPeriod,1764348127.3171942,1977.1625051498413,False
2088,4,318,TargetPresentation,1764348128.5594018,1978.4047129154205,False
2089,4,318,TargetRemoval,1764348128.642576,1978.4878869056702,True
2090,4,318,TargetReappeared,1764348128.892448,1978.737760066986,False
2091,4,318,RightResponse,1764348129.3922343,1979.237545490265,False
2092,4,318,FeedbackPeriodStarted,1764348129.3988974,1979.2442080974579,False
2093,4,319,startFixDisplay,1764348131.4111948,1981.2565059661865,False
2094,4,319,startFixPeriod,1764348131.4182143,1981.2635254859924,False
2095,4,319,TargetPresentation,1764348132.7574759,1982.6027867794037,False
2096,4,319,TargetRemoval,1764348132.7644148,1982.6097254753113,True
2097,4,319,TargetReappeared,1764348133.0142968,1982.8596093654633,False
2098,4,319,LeftResponse,1764348134.145494,1983.9908051490784,False
2099,4,320,FeedbackPeriodStarted,1764348134.1661062,1984.0114171504974,False
2100,4,320,startFixDisplay,1764348134.166158,1984.0114686489105,False
2101,4,320,startFixPeriod,1764348134.4297957,1984.2751071453094,False
2102,4,320,TargetPresentation,1764348135.227771,1985.0730829238892,False
2103,4,320,TargetDisplacement,1764348135.3733685,1985.218679189682,True
2104,4,320,LeftResponse,1764348136.7406452,1986.5859563350677,False
2105,4,321,FeedbackPeriodStarted,1764348136.761208,1986.606518983841,False
2106,4,321,startFixDisplay,1764348136.7612557,1986.6065661907196,False
2107,4,321,startFixPeriod,1764348136.941812,1986.7871234416962,False
2108,4,321,TargetPresentation,1764348137.6077747,1987.4530856609344,False
2109,4,321,TargetRemoval,1764348137.7812967,1987.6266074180603,True
2110,4,321,TargetReappeared,1764348138.0311399,1987.8764507770538,False
2111,4,321,RightResponse,1764348138.6002548,1988.4455659389496,False
2112,4,322,FeedbackPeriodStarted,1764348138.6209702,1988.4662835597992,False
2113,4,322,startFixDisplay,1764348138.6210961,1988.4664084911346,False
2114,4,322,startFixPeriod,1764348138.822128,1988.6674389839172,False
2115,4,322,TargetPresentation,1764348140.0364969,1989.8818080425262,False
2116,4,322,TargetDisplacement,1764348140.1544569,1989.9997680187225,True
2117,4,322,LeftResponse,1764348140.8208046,1990.6661155223846,False
2118,4,323,FeedbackPeriodStarted,1764348140.8413632,1990.686674118042,False
2119,4,323,startFixDisplay,1764348140.8414683,1990.686779975891,False
2120,4,323,startFixPeriod,1764348141.1536965,1990.9990074634552,False
2121,4,323,TargetPresentation,1764348141.8198254,1991.6651365756989,False
2122,4,323,TargetDisplacement,1764348142.0906613,1991.9359755516052,True
2123,4,323,LeftResponse,1764348142.7358704,1992.5811812877655,False
2124,4,324,FeedbackPeriodStarted,1764348142.7565355,1992.6018464565277,False
2125,4,324,startFixDisplay,1764348142.7565997,1992.6019105911255,False
2126,4,324,startFixPeriod,1764348142.999494,1992.8448050022125,False
2127,4,324,TargetPresentation,1764348144.3526192,1994.19793009758,False
2128,4,324,TargetRemoval,1764348144.4983962,1994.343707561493,True
2129,4,324,TargetReappeared,1764348144.7481081,1994.5934195518494,False
2130,4,324,LeftResponse,1764348145.1437232,1994.9890339374542,False
2131,4,324,FeedbackPeriodStarted,1764348145.1505635,1994.9958746433258,False
2132,4,325,startFixDisplay,1764348147.162845,1997.0081560611725,False
2133,4,325,startFixPeriod,1764348147.169773,1997.0150837898254,False
2134,4,325,TargetPresentation,1764348147.9955146,1997.8408253192902,False
2135,4,325,TargetRemoval,1764348148.141248,1997.9865591526031,True
2136,4,325,TargetReappeared,1764348148.3910558,1998.2363669872284,False
2137,4,325,LeftResponse,1764348148.8144794,1998.6597905158997,False
2138,4,326,FeedbackPeriodStarted,1764348148.8350976,1998.6804084777832,False
2139,4,326,startFixDisplay,1764348148.8351445,1998.6804549694061,False
2140,4,326,startFixPeriod,1764348149.9940274,1999.8393392562866,False
2141,4,326,TargetPresentation,1764348150.514494,2000.3598055839539,False
2142,4,326,TargetRemoval,1764348150.6739793,2000.519289970398,True
2143,4,326,TargetReappeared,1764348150.9238274,2000.7691385746002,False
2144,4,326,LeftResponse,1764348151.361083,2001.206393957138,False
2145,4,327,FeedbackPeriodStarted,1764348151.3817425,2001.2270538806915,False
2146,4,327,startFixDisplay,1764348151.3817995,2001.2271101474762,False
2147,4,327,startFixPeriod,1764348151.6246924,2001.470003604889,False
2148,4,327,TargetPresentation,1764348152.6169965,2002.462307691574,False
2149,4,327,TargetRemoval,1764348152.7765179,2002.6218285560608,True
2150,4,327,TargetReappeared,1764348153.0264478,2002.8717591762543,False
2151,4,327,LeftResponse,1764348153.4566848,2003.3019955158234,False
2152,4,328,FeedbackPeriodStarted,1764348153.4774153,2003.3227264881134,False
2153,4,328,startFixDisplay,1764348153.4774702,2003.322781085968,False
2154,4,328,startFixPeriod,1764348153.76898,2003.6142950057983,False
2155,4,328,TargetPresentation,1764348154.414287,2004.259598016739,False
2156,4,328,TargetDisplacement,1764348154.5529556,2004.3982665538788,True
2157,4,328,LeftResponse,1764348155.649409,2005.4947199821472,False
2158,4,329,FeedbackPeriodStarted,1764348155.670109,2005.5154201984406,False
2159,4,329,startFixDisplay,1764348155.670163,2005.5154738426208,False
2160,4,329,startFixPeriod,1764348155.9061544,2005.751466035843,False
2161,4,329,TargetPresentation,1764348156.8567455,2006.7020564079285,False
2162,4,329,TargetRemoval,1764348157.0232503,2006.8685612678528,True
2163,4,329,TargetReappeared,1764348157.2731092,2007.1184203624725,False
2164,4,329,LeftResponse,1764348157.8144164,2007.6597270965576,False
2165,4,329,FeedbackPeriodStarted,1764348157.8558812,2007.7011923789978,False
2166,5,330,startFixDisplay,1764348290.669066,2140.514377117157,False
2167,5,330,startFixPeriod,1764348290.6760368,2140.521347761154,False
2168,5,330,TargetPresentation,1764348291.2313023,2141.0766150951385,False
2169,5,330,TargetDisplacement,1764348291.3769147,2141.2222278118134,True
2170,5,330,LeftResponse,1764348292.098666,2141.943977832794,False
2171,5,331,FeedbackPeriodStarted,1764348292.1193705,2141.9646842479706,False
2172,5,331,startFixDisplay,1764348292.1194935,2141.964805841446,False
2173,5,331,startFixPeriod,1764348292.313788,2142.159101486206,False
2174,5,331,TargetPresentation,1764348293.4240415,2143.26935505867,False
2175,5,331,TargetRemoval,1764348293.5627716,2143.4080851078033,True
2176,5,331,TargetReappeared,1764348293.8125043,2143.6578166484833,False
2177,5,331,RightResponse,1764348294.2361426,2144.081455230713,False
2178,5,332,FeedbackPeriodStarted,1764348294.256469,2144.101779937744,False
2179,5,332,startFixDisplay,1764348294.2565243,2144.1018352508545,False
2180,5,332,startFixPeriod,1764348294.4161491,2144.2614600658417,False
2181,5,332,TargetPresentation,1764348295.7971067,2145.642418384552,False
2182,5,332,TargetDisplacement,1764348295.9982872,2145.8435978889465,True
2183,5,332,LeftResponse,1764348296.6089811,2146.4542922973633,False
2184,5,333,FeedbackPeriodStarted,1764348296.6297858,2146.47509932518,False
2185,5,333,startFixDisplay,1764348296.629927,2146.475241422653,False
2186,5,333,startFixPeriod,1764348296.8239856,2146.669296979904,False
2187,5,333,TargetPresentation,1764348297.8300624,2147.675373315811,False
2188,5,333,TargetRemoval,1764348297.989814,2147.8351271152496,True
2189,5,333,TargetReappeared,1764348298.2396586,2148.0849702358246,False
2190,5,333,LeftResponse,1764348298.7392526,2148.5845634937286,False
2191,5,334,FeedbackPeriodStarted,1764348298.7601192,2148.6054348945618,False
2192,5,334,startFixDisplay,1764348298.760268,2148.605580329895,False
2193,5,334,startFixPeriod,1764348298.9265585,2148.771869659424,False
2194,5,334,TargetPresentation,1764348299.689846,2149.5351569652557,False
2195,5,334,TargetDisplacement,1764348299.9604797,2149.805790424347,True
2196,5,334,RightResponse,1764348300.5784912,2150.423804998398,False
2197,5,335,FeedbackPeriodStarted,1764348300.5987897,2150.444100379944,False
2198,5,335,startFixDisplay,1764348300.598838,2150.444148540497,False
2199,5,335,startFixPeriod,1764348300.7723494,2150.6176607608795,False
2200,5,335,TargetPresentation,1764348301.7924619,2151.637775182724,False
2201,5,335,TargetDisplacement,1764348301.9241962,2151.769507408142,True
2202,5,335,LeftResponse,1764348302.6529005,2152.498211145401,False
2203,5,336,FeedbackPeriodStarted,1764348302.673554,2152.51886510849,False
2204,5,336,startFixDisplay,1764348302.6736205,2152.518931388855,False
2205,5,336,startFixPeriod,1764348302.8887193,2152.734030008316,False
2206,5,336,TargetPresentation,1764348303.5411546,2153.386469602585,False
2207,5,336,TargetDisplacement,1764348303.6936903,2153.539001226425,True
2208,5,336,LeftResponse,1764348304.7762206,2154.6215312480927,False
2209,5,336,FeedbackPeriodStarted,1764348304.7830675,2154.6283786296844,False
2210,5,337,startFixDisplay,1764348306.795438,2156.6407511234283,False
2211,5,337,startFixPeriod,1764348307.1078048,2156.9531166553497,False
2212,5,337,TargetPresentation,1764348308.5787253,2158.4240362644196,False
2213,5,337,TargetDisplacement,1764348308.7243783,2158.569689512253,True
2214,5,337,LeftResponse,1764348309.5363877,2159.3816981315613,False
2215,5,338,FeedbackPeriodStarted,1764348309.5570672,2159.4023780822754,False
2216,5,338,startFixDisplay,1764348309.55712,2159.402430534363,False
2217,5,338,startFixPeriod,1764348309.9526784,2159.7979896068573,False
2218,5,338,TargetPresentation,1764348310.7853742,2160.6306850910187,False
2219,5,338,TargetDisplacement,1764348310.9380019,2160.7833127975464,True
2220,5,338,LeftResponse,1764348311.736062,2161.5813732147217,False
2221,5,339,FeedbackPeriodStarted,1764348311.756781,2161.6020922660828,False
2222,5,339,startFixDisplay,1764348311.756874,2161.6021859645844,False
2223,5,339,startFixPeriod,1764348311.9997065,2161.8450174331665,False
2224,5,339,TargetPresentation,1764348313.248731,2163.094041824341,False
2225,5,339,TargetDisplacement,1764348313.4222686,2163.26757979393,True
2226,5,339,RightResponse,1764348314.1027596,2163.9480707645416,False
2227,5,340,FeedbackPeriodStarted,1764348314.1299927,2163.9753036499023,False
2228,5,340,startFixDisplay,1764348314.130055,2163.975365638733,False
2229,5,340,startFixPeriod,1764348314.3034232,2164.1487345695496,False
2230,5,340,TargetPresentation,1764348315.4693568,2165.3146710395813,False
2231,5,340,TargetDisplacement,1764348315.9687917,2165.814103126526,True
2232,5,340,LeftResponse,1764348316.4269967,2166.2723083496094,False
2233,5,341,FeedbackPeriodStarted,1764348316.4479258,2166.293236732483,False
2234,5,341,startFixDisplay,1764348316.4479795,2166.293290376663,False
2235,5,341,startFixPeriod,1764348316.864097,2166.709411382675,False
2236,5,341,TargetPresentation,1764348317.9812782,2167.8265945911407,False
2237,5,341,TargetDisplacement,1764348318.1270075,2167.972323656082,True
2238,5,341,RightResponse,1764348318.7930574,2168.6383686065674,False
2239,5,342,FeedbackPeriodStarted,1764348318.8137708,2168.659081697464,False
2240,5,342,startFixDisplay,1764348318.8138247,2168.6591353416443,False
2241,5,342,startFixPeriod,1764348318.9943733,2168.839688062668,False
2242,5,342,TargetPresentation,1764348320.2920449,2170.137362718582,False
2243,5,342,TargetRemoval,1764348320.4653807,2170.310691833496,True
2244,5,342,TargetReappeared,1764348320.7150457,2170.560356616974,False
2245,5,342,RightResponse,1764348321.1668546,2171.0121653079987,False
2246,5,342,FeedbackPeriodStarted,1764348321.1732695,2171.0185844898224,False
2247,5,343,startFixDisplay,1764348323.1856532,2173.0309665203094,False
2248,5,343,startFixPeriod,1764348323.5046034,2173.3499143123627,False
2249,5,343,TargetPresentation,1764348324.4901254,2174.335438966751,False
2250,5,343,TargetDisplacement,1764348324.6980848,2174.543395757675,True
2251,5,343,RightResponse,1764348325.2608523,2175.1061630249023,False
2252,5,344,FeedbackPeriodStarted,1764348325.2879436,2175.1332557201385,False
2253,5,344,startFixDisplay,1764348325.2880225,2175.133333683014,False
2254,5,344,startFixPeriod,1764348325.4893258,2175.3346405029297,False
2255,5,344,TargetPresentation,1764348326.4052386,2176.2505536079407,False
2256,5,344,TargetRemoval,1764348326.5786183,2176.4239292144775,True
2257,5,344,TargetReappeared,1764348326.82842,2176.6737310886383,False
2258,5,344,RightResponse,1764348327.3493667,2177.1946778297424,False
2259,5,345,FeedbackPeriodStarted,1764348327.3765013,2177.2218124866486,False
2260,5,345,startFixDisplay,1764348327.376556,2177.2218668460846,False
2261,5,345,startFixPeriod,1764348327.5640874,2177.4094018936157,False
2262,5,345,TargetPresentation,1764348328.8407042,2178.6860151290894,False
2263,5,345,TargetDisplacement,1764348329.000296,2178.8456070423126,True
2264,5,345,RightResponse,1764348329.5486255,2179.393936395645,False
2265,5,346,FeedbackPeriodStarted,1764348329.5761986,2179.4215095043182,False
2266,5,346,startFixDisplay,1764348329.5762541,2179.4215652942657,False
2267,5,346,startFixPeriod,1764348329.7774413,2179.622752428055,False
2268,5,346,TargetPresentation,1764348330.7558742,2180.6011848449707,False
2269,5,346,TargetDisplacement,1764348330.9224648,2180.7677755355835,True
2270,5,346,RightResponse,1764348331.9565072,2181.801817893982,False
2271,5,347,FeedbackPeriodStarted,1764348331.9841285,2181.829439640045,False
2272,5,347,startFixDisplay,1764348331.9841824,2181.8294932842255,False
2273,5,347,startFixPeriod,1764348332.2408772,2182.086188554764,False
2274,5,347,TargetPresentation,1764348333.6982024,2183.5435156822205,False
2275,5,347,TargetDisplacement,1764348333.8506367,2183.695947408676,True
2276,5,347,RightResponse,1764348334.7392895,2184.5846025943756,False
2277,5,348,FeedbackPeriodStarted,1764348334.759649,2184.6049597263336,False
2278,5,348,startFixDisplay,1764348334.7596986,2184.6050090789795,False
2279,5,348,startFixPeriod,1764348335.0305247,2184.8758392333984,False
2280,5,348,TargetPresentation,1764348336.432187,2186.2775008678436,False
2281,5,348,TargetDisplacement,1764348336.598496,2186.4438066482544,True
2282,5,348,LeftResponse,1764348337.5076413,2187.352952480316,False
2283,5,348,FeedbackPeriodStarted,1764348337.5147867,2187.360098838806,False
2284,5,349,startFixDisplay,1764348339.6031072,2189.4484181404114,False
2285,5,349,startFixPeriod,1764348340.054316,2189.899629354477,False
2286,5,349,TargetPresentation,1764348341.2131817,2191.0584967136383,False
2287,5,349,TargetDisplacement,1764348341.3656077,2191.2109186649323,True
2288,5,349,RightResponse,1764348341.9628043,2191.808115005493,False
2289,5,350,FeedbackPeriodStarted,1764348341.9901443,2191.8354551792145,False
2290,5,350,startFixDisplay,1764348341.990199,2191.835509777069,False
2291,5,350,startFixPeriod,1764348342.177472,2192.022782802582,False
2292,5,350,TargetPresentation,1764348343.2463043,2193.0916175842285,False
2293,5,350,TargetDisplacement,1764348343.4334564,2193.278767347336,True
2294,5,350,RightResponse,1764348343.9887776,2193.8340883255005,False
2295,5,351,FeedbackPeriodStarted,1764348344.0093825,2193.854693174362,False
2296,5,351,startFixDisplay,1764348344.009431,2193.854741334915,False
2297,5,351,startFixPeriod,1764348344.5090232,2194.3543343544006,False
2298,5,351,TargetPresentation,1764348345.5431368,2195.3884501457214,False
2299,5,351,TargetRemoval,1764348345.8135486,2195.6588594913483,True
2300,5,351,TargetReappeared,1764348346.0633993,2195.908710718155,False
2301,5,351,LeftResponse,1764348346.6327868,2196.478099822998,False
2302,5,352,FeedbackPeriodStarted,1764348346.6531718,2196.498482465744,False
2303,5,352,startFixDisplay,1764348346.6532686,2196.4985790252686,False
2304,5,352,startFixPeriod,1764348346.9170358,2196.7623496055603,False
2305,5,352,TargetPresentation,1764348348.3602903,2198.2056012153625,False
2306,5,352,TargetDisplacement,1764348348.5197523,2198.3650629520416,True
2307,5,352,RightResponse,1764348349.3319736,2199.1772859096527,False
2308,5,353,FeedbackPeriodStarted,1764348349.3593526,2199.204663991928,False
2309,5,353,startFixDisplay,1764348349.3594096,2199.204720020294,False
2310,5,353,startFixPeriod,1764348349.5745564,2199.4198672771454,False
2311,5,353,TargetPresentation,1764348350.9833753,2200.8286900520325,False
2312,5,353,TargetDisplacement,1764348351.142812,2200.988123178482,True
2313,5,353,RightResponse,1764348352.4960787,2202.341390609741,False
2314,5,354,FeedbackPeriodStarted,1764348352.5166104,2202.361921072006,False
2315,5,354,startFixDisplay,1764348352.5166593,2202.3619697093964,False
2316,5,354,startFixPeriod,1764348352.7109976,2202.556309700012,False
2317,5,354,TargetPresentation,1764348353.27325,2203.1185648441315,False
2318,5,354,TargetRemoval,1764348353.4464853,2203.291796207428,True
2319,5,354,TargetReappeared,1764348353.6962872,2203.5415983200073,False
2320,5,354,LeftResponse,1764348354.1268556,2203.9721670150757,False
2321,5,354,FeedbackPeriodStarted,1764348354.1334307,2203.978741645813,False
2322,5,355,startFixDisplay,1764348356.1457567,2205.991067647934,False
2323,5,355,startFixPeriod,1764348356.1526868,2205.997997522354,False
2324,5,355,TargetPresentation,1764348357.0550916,2206.900410413742,False
2325,5,355,TargetDisplacement,1764348357.2074502,2207.052761554718,True
2326,5,355,RightResponse,1764348358.2835915,2208.128903388977,False
2327,5,356,FeedbackPeriodStarted,1764348358.303885,2208.1491985321045,False
2328,5,356,startFixDisplay,1764348358.3040183,2208.1493306159973,False
2329,5,356,startFixPeriod,1764348358.491378,2208.336691379547,False
2330,5,356,TargetPresentation,1764348359.9485874,2209.793901205063,False
2331,5,356,TargetDisplacement,1764348360.1288848,2209.9741978645325,True
2332,5,356,LeftResponse,1764348360.8577335,2210.703045129776,False
2333,5,357,FeedbackPeriodStarted,1764348360.8851938,2210.7305047512054,False
2334,5,357,startFixDisplay,1764348360.885255,2210.7305657863617,False
2335,5,357,startFixPeriod,1764348361.1211472,2210.966458797455,False
2336,5,357,TargetPresentation,1764348362.5992737,2212.4445872306824,False
2337,5,357,TargetDisplacement,1764348362.7586656,2212.603976249695,True
2338,5,357,LeftResponse,1764348363.563755,2213.4090662002563,False
2339,5,358,FeedbackPeriodStarted,1764348363.5843768,2213.4296875,False
2340,5,358,startFixDisplay,1764348363.5844316,2213.4297420978546,False
2341,5,358,startFixPeriod,1764348363.862218,2213.7075328826904,False
2342,5,358,TargetPresentation,1764348365.159631,2215.004942417145,False
2343,5,358,TargetDisplacement,1764348365.3124454,2215.1577603816986,True
2344,5,358,LeftResponse,1764348366.2288215,2216.074132680893,False
2345,5,359,FeedbackPeriodStarted,1764348366.2489834,2216.0942940711975,False
2346,5,359,startFixDisplay,1764348366.2490366,2216.094347715378,False
2347,5,359,startFixPeriod,1764348366.4641576,2216.309468984604,False
2348,5,359,TargetPresentation,1764348367.5190485,2217.364363193512,False
2349,5,359,TargetRemoval,1764348367.6785178,2217.5238285064697,True
2350,5,359,TargetReappeared,1764348367.9283402,2217.773651123047,False
2351,5,359,RightResponse,1764348368.3377728,2218.1830835342407,False
2352,5,360,FeedbackPeriodStarted,1764348368.358451,2218.203761816025,False
2353,5,360,startFixDisplay,1764348368.3585052,2218.2038156986237,False
2354,5,360,startFixPeriod,1764348368.525043,2218.3703536987305,False
2355,5,360,TargetPresentation,1764348369.2816424,2219.1269557476044,False
2356,5,360,TargetRemoval,1764348369.9128902,2219.758201122284,True
2357,5,360,TargetReappeared,1764348370.1626964,2220.0080075263977,False
2358,5,360,RightResponse,1764348370.2044952,2220.0498061180115,False
2359,5,360,FeedbackPeriodStarted,1764348370.2113228,2220.0566341876984,False
2360,5,361,startFixDisplay,1764348372.2235181,2222.0688292980194,False
2361,5,361,startFixPeriod,1764348372.2305174,2222.0758283138275,False
2362,5,361,TargetPresentation,1764348373.4517834,2223.297094345093,False
2363,5,361,TargetDisplacement,1764348373.6183572,2223.4636681079865,True
2364,5,361,LeftResponse,1764348374.562465,2224.407777786255,False
2365,5,362,FeedbackPeriodStarted,1764348374.589876,2224.43519115448,False
2366,5,362,startFixDisplay,1764348374.590016,2224.435328722,False
2367,5,362,startFixPeriod,1764348374.8882604,2224.733573913574,False
2368,5,362,TargetPresentation,1764348376.2204478,2226.065759420395,False
2369,5,362,TargetDisplacement,1764348376.379976,2226.2252867221832,True
2370,5,362,RightResponse,1764348377.372364,2227.2176747322083,False
2371,5,363,FeedbackPeriodStarted,1764348377.3931584,2227.2384717464447,False
2372,5,363,startFixDisplay,1764348377.393281,2227.2385935783386,False
2373,5,363,startFixPeriod,1764348377.649908,2227.495219230652,False
2374,5,363,TargetPresentation,1764348379.1278594,2228.9731702804565,False
2375,5,363,TargetRemoval,1764348379.2736883,2229.1189992427826,True
2376,5,363,TargetReappeared,1764348379.5235176,2229.36883020401,False
2377,5,363,RightResponse,1764348380.002331,2229.8476419448853,False
2378,5,364,FeedbackPeriodStarted,1764348380.0230255,2229.868337869644,False
2379,5,364,startFixDisplay,1764348380.023145,2229.8684566020966,False
2380,5,364,startFixPeriod,1764348380.3769794,2230.2222912311554,False
2381,5,364,TargetPresentation,1764348381.3277047,2231.173017978668,False
2382,5,364,TargetRemoval,1764348381.4801672,2231.3254778385162,True
2383,5,364,TargetReappeared,1764348381.7300205,2231.5753316879272,False
2384,5,364,LeftResponse,1764348382.2438738,2232.0891864299774,False
2385,5,365,FeedbackPeriodStarted,1764348382.2712615,2232.116572380066,False
2386,5,365,startFixDisplay,1764348382.27131,2232.1166207790375,False
2387,5,365,startFixPeriod,1764348382.4656823,2232.3109946250916,False
2388,5,365,TargetPresentation,1764348383.8464618,2233.6917724609375,False
2389,5,365,TargetRemoval,1764348384.0338597,2233.87917304039,True
2390,5,365,TargetReappeared,1764348384.2837636,2234.1290769577026,False
2391,5,365,RightResponse,1764348384.7209651,2234.56627702713,False
2392,5,366,FeedbackPeriodStarted,1764348384.7485042,2234.5938155651093,False
2393,5,366,startFixDisplay,1764348384.7485752,2234.5938861370087,False
2394,5,366,startFixPeriod,1764348384.9221714,2234.767486333847,False
2395,5,366,TargetPresentation,1764348385.553653,2235.3989684581757,False
2396,5,366,TargetDisplacement,1764348386.0460663,2235.891377210617,True
2397,5,366,RightResponse,1764348386.9485457,2236.793858528137,False
2398,5,366,FeedbackPeriodStarted,1764348386.9552395,2236.800552845001,False
2399,5,367,startFixDisplay,1764348388.9673612,2238.8126726150513,False
2400,5,367,startFixPeriod,1764348389.363095,2239.208408355713,False
2401,5,367,TargetPresentation,1764348390.771747,2240.617061138153,False
2402,5,367,TargetRemoval,1764348390.9311316,2240.7764422893524,True
2403,5,367,TargetReappeared,1764348391.181112,2241.026425600052,False
2404,5,367,LeftResponse,1764348391.7709434,2241.6162543296814,False
2405,5,368,FeedbackPeriodStarted,1764348391.7916234,2241.6369342803955,False
2406,5,368,startFixDisplay,1764348391.7916856,2241.636996269226,False
2407,5,368,startFixPeriod,1764348392.062465,2241.907778263092,False
2408,5,368,TargetPresentation,1764348392.9159167,2242.761229991913,False
2409,5,368,TargetRemoval,1764348393.1864052,2243.0317158699036,True
2410,5,368,TargetReappeared,1764348393.43623,2243.281541109085,False
2411,5,368,RightResponse,1764348394.1302671,2243.975578546524,False
2412,5,369,FeedbackPeriodStarted,1764348394.1512332,2243.9965443611145,False
2413,5,369,startFixDisplay,1764348394.1512723,2243.996582508087,False
2414,5,369,startFixPeriod,1764348394.4354901,2244.2808010578156,False
2415,5,369,TargetPresentation,1764348395.004474,2244.8497853279114,False
2416,5,369,TargetDisplacement,1764348395.191863,2245.037177801132,True
2417,5,369,LeftResponse,1764348396.2469175,2246.092230319977,False
2418,5,370,FeedbackPeriodStarted,1764348396.274328,2246.1196415424347,False
2419,5,370,startFixDisplay,1764348396.2744622,2246.119774580002,False
2420,5,370,startFixPeriod,1764348396.5934832,2246.4387958049774,False
2421,5,370,TargetPresentation,1764348397.7661989,2247.6115114688873,False
2422,5,370,TargetRemoval,1764348397.925798,2247.771111011505,True
2423,5,370,TargetReappeared,1764348398.1757598,2248.0210740566254,False
2424,5,370,LeftResponse,1764348398.5295923,2248.374903202057,False
2425,5,371,FeedbackPeriodStarted,1764348398.5501847,2248.3954956531525,False
2426,5,371,startFixDisplay,1764348398.5502434,2248.3955540657043,False
2427,5,371,startFixPeriod,1764348398.827889,2248.6732020378113,False
2428,5,371,TargetPresentation,1764348399.8549721,2249.7002856731415,False
2429,5,371,TargetDisplacement,1764348400.0006115,2249.8459253311157,True
2430,5,371,LeftResponse,1764348400.771182,2250.6164951324463,False
2431,5,372,FeedbackPeriodStarted,1764348400.7985425,2250.6438558101654,False
2432,5,372,startFixDisplay,1764348400.798694,2250.644006252289,False
2433,5,372,startFixPeriod,1764348400.9927638,2250.8380749225616,False
2434,5,372,TargetPresentation,1764348401.5063665,2251.351679801941,False
2435,5,372,TargetRemoval,1764348401.7768476,2251.6221582889557,True
2436,5,372,TargetReappeared,1764348402.0268302,2251.872142791748,False
2437,5,372,LeftResponse,1764348402.5198543,2252.365168094635,False
2438,5,372,FeedbackPeriodStarted,1764348402.5333402,2252.378650903702,False
2439,5,373,startFixDisplay,1764348404.5454974,2254.3908083438873,False
2440,5,373,startFixPeriod,1764348404.878831,2254.7241446971893,False
2441,5,373,TargetPresentation,1764348406.2386596,2256.083970785141,False
2442,5,373,TargetDisplacement,1764348406.3913875,2256.2367005348206,True
2443,5,373,LeftResponse,1764348407.2728062,2257.11811709404,False
2444,5,374,FeedbackPeriodStarted,1764348407.293433,2257.138743877411,False
2445,5,374,startFixDisplay,1764348407.2934828,2257.1387932300568,False
2446,5,374,startFixPeriod,1764348407.494744,2257.3400554656982,False
2447,5,374,TargetPresentation,1764348408.827176,2258.672490119934,False
2448,5,374,TargetDisplacement,1764348408.97974,2258.825050830841,True
2449,5,374,RightResponse,1764348409.826346,2259.6716570854187,False
2450,5,375,FeedbackPeriodStarted,1764348409.8471825,2259.6924934387207,False
2451,5,375,startFixDisplay,1764348409.8472295,2259.692539691925,False
2452,5,375,startFixPeriod,1764348410.2702746,2260.115586042404,False
2453,5,375,TargetPresentation,1764348410.9088163,2260.7541296482086,False
2454,5,375,TargetDisplacement,1764348411.0613616,2260.906672477722,True
2455,5,375,RightResponse,1764348412.0607731,2261.9060847759247,False
2456,5,376,FeedbackPeriodStarted,1764348412.0882635,2261.9335741996765,False
2457,5,376,startFixDisplay,1764348412.0883224,2261.933632850647,False
2458,5,376,startFixPeriod,1764348412.2827826,2262.1280958652496,False
2459,5,376,TargetPresentation,1764348413.2263465,2263.0716586112976,False
2460,5,376,TargetDisplacement,1764348413.3789868,2263.2242975234985,True
2461,5,376,LeftResponse,1764348414.1704724,2264.015786886215,False
2462,5,377,FeedbackPeriodStarted,1764348414.1907527,2264.036063671112,False
2463,5,377,startFixDisplay,1764348414.1907997,2264.036110162735,False
2464,5,377,startFixPeriod,1764348414.4753444,2264.3206555843353,False
2465,5,377,TargetPresentation,1764348415.6758244,2265.5211353302,False
2466,5,377,TargetDisplacement,1764348415.828519,2265.6738300323486,True
2467,5,377,LeftResponse,1764348416.4603825,2266.3056955337524,False
2468,5,378,FeedbackPeriodStarted,1764348416.4806557,2266.3259665966034,False
2469,5,378,startFixDisplay,1764348416.4807029,2266.3260135650635,False
2470,5,378,startFixPeriod,1764348416.8347447,2266.680058002472,False
2471,5,378,TargetPresentation,1764348418.2156582,2268.060971260071,False
2472,5,378,TargetDisplacement,1764348418.3681586,2268.2134716510773,True
2473,5,378,LeftResponse,1764348419.027689,2268.8730013370514,False
2474,5,378,FeedbackPeriodStarted,1764348419.0343478,2268.8796610832214,False
2475,5,379,startFixDisplay,1764348421.046521,2270.891831636429,False
2476,5,379,startFixPeriod,1764348421.2825158,2271.127826690674,False
2477,5,379,TargetPresentation,1764348422.3442264,2272.18953704834,False
2478,5,379,TargetRemoval,1764348422.4899065,2272.335217475891,True
2479,5,379,TargetReappeared,1764348422.73975,2272.585060596466,False
2480,5,379,RightResponse,1764348423.329668,2273.1749792099,False
2481,5,380,FeedbackPeriodStarted,1764348423.3502932,2273.1956040859222,False
2482,5,380,startFixDisplay,1764348423.35034,2273.1956503391266,False
2483,5,380,startFixPeriod,1764348423.6836216,2273.528938293457,False
2484,5,380,TargetPresentation,1764348424.8283768,2274.6736884117126,False
2485,5,380,TargetRemoval,1764348424.9810908,2274.8264038562775,True
2486,5,380,TargetReappeared,1764348425.2309551,2275.076268196106,False
2487,5,380,LeftResponse,1764348425.6958187,2275.541129589081,False
2488,5,381,FeedbackPeriodStarted,1764348425.723438,2275.568749189377,False
2489,5,381,startFixDisplay,1764348425.7234879,2275.568798303604,False
2490,5,381,startFixPeriod,1764348426.0012403,2275.8465542793274,False
2491,5,381,TargetPresentation,1764348427.0559714,2276.90128493309,False
2492,5,381,TargetDisplacement,1764348427.215396,2277.060706615448,True
2493,5,381,LeftResponse,1764348427.8334255,2277.678738117218,False
2494,5,382,FeedbackPeriodStarted,1764348427.8607144,2277.7060253620148,False
2495,5,382,startFixDisplay,1764348427.8607652,2277.706075668335,False
2496,5,382,startFixPeriod,1764348428.1106694,2277.955981492996,False
2497,5,382,TargetPresentation,1764348429.415241,2279.260554075241,False
2498,5,382,TargetDisplacement,1764348429.5954852,2279.440796136856,True
2499,5,382,RightResponse,1764348430.4907956,2280.3361065387726,False
2500,5,383,FeedbackPeriodStarted,1764348430.5113773,2280.356688261032,False
2501,5,383,startFixDisplay,1764348430.5114253,2280.3567357063293,False
2502,5,383,startFixPeriod,1764348430.6919703,2280.537282705307,False
2503,5,383,TargetPresentation,1764348432.1422417,2281.987555027008,False
2504,5,383,TargetDisplacement,1764348432.308679,2282.1539900302887,True
2505,5,383,LeftResponse,1764348433.183026,2283.028337240219,False
2506,5,384,FeedbackPeriodStarted,1764348433.2037046,2283.0490152835846,False
2507,5,384,startFixDisplay,1764348433.2037513,2283.049062013626,False
2508,5,384,startFixPeriod,1764348433.432999,2283.278312921524,False
2509,5,384,TargetPresentation,1764348434.5986218,2284.4439351558685,False
2510,5,384,TargetDisplacement,1764348434.7441993,2284.5895099639893,True
2511,5,384,LeftResponse,1764348435.535409,2285.380719900131,False
2512,5,384,FeedbackPeriodStarted,1764348435.5422316,2285.387542963028,False
2513,5,385,startFixDisplay,1764348437.5544868,2287.399797677994,False
2514,5,385,startFixPeriod,1764348437.5823467,2287.4276576042175,False
2515,5,385,TargetPresentation,1764348438.8174393,2288.6627502441406,False
2516,5,385,TargetDisplacement,1764348438.977141,2288.8224539756775,True
2517,5,385,LeftResponse,1764348439.560145,2289.40545630455,False
2518,5,386,FeedbackPeriodStarted,1764348439.587626,2289.4329369068146,False
2519,5,386,startFixDisplay,1764348439.58772,2289.433030605316,False
2520,5,386,startFixPeriod,1764348439.9209063,2289.7662196159363,False
2521,5,386,TargetPresentation,1764348441.3085582,2291.1538693904877,False
2522,5,386,TargetRemoval,1764348441.4683216,2291.313635110855,True
2523,5,386,TargetReappeared,1764348441.7181046,2291.563418149948,False
2524,5,386,RightResponse,1764348442.2246559,2292.069967031479,False
2525,5,387,FeedbackPeriodStarted,1764348442.245272,2292.0905826091766,False
2526,5,387,startFixDisplay,1764348442.245319,2292.090629339218,False
2527,5,387,startFixPeriod,1764348442.418839,2292.2641501426697,False
2528,5,387,TargetPresentation,1764348443.5985045,2293.443815946579,False
2529,5,387,TargetDisplacement,1764348443.7650824,2293.6103932857513,True
2530,5,387,LeftResponse,1764348444.8685057,2294.7138164043427,False
2531,5,388,FeedbackPeriodStarted,1764348444.889176,2294.734488964081,False
2532,5,388,startFixDisplay,1764348444.889308,2294.7346198558807,False
2533,5,388,startFixPeriod,1764348445.0765007,2294.9218122959137,False
2534,5,388,TargetPresentation,1764348446.0896418,2295.934953212738,False
2535,5,388,TargetRemoval,1764348446.2493532,2296.094666481018,True
2536,5,388,TargetReappeared,1764348446.49901,2296.344321012497,False
2537,5,388,RightResponse,1764348447.2555957,2297.1009080410004,False
2538,5,389,FeedbackPeriodStarted,1764348447.276086,2297.121396780014,False
2539,5,389,startFixDisplay,1764348447.2761436,2297.1214542388916,False
2540,5,389,startFixPeriod,1764348447.4913044,2297.3366158008575,False
2541,5,389,TargetPresentation,1764348448.4696946,2298.315005540848,False
2542,5,389,TargetDisplacement,1764348448.6293314,2298.474644422531,True
2543,5,389,RightResponse,1764348449.677181,2299.522491455078,False
2544,5,390,FeedbackPeriodStarted,1764348449.6978002,2299.5431110858917,False
2545,5,390,startFixDisplay,1764348449.6978474,2299.5431578159332,False
2546,5,390,startFixPeriod,1764348449.9548264,2299.800141096115,False
2547,5,390,TargetPresentation,1764348450.7665174,2300.6118285655975,False
2548,5,390,TargetDisplacement,1764348450.9121506,2300.7574610710144,True
2549,5,390,LeftResponse,1764348451.8772416,2301.7225551605225,False
2550,5,390,FeedbackPeriodStarted,1764348451.88366,2301.7289712429047,False
2551,5,391,startFixDisplay,1764348453.902942,2303.7482538223267,False
2552,5,391,startFixPeriod,1764348454.152771,2303.9980823993683,False
2553,5,391,TargetPresentation,1764348455.1313198,2304.9766347408295,False
2554,5,391,TargetRemoval,1764348455.283838,2305.1291489601135,True
2555,5,391,TargetReappeared,1764348455.5336583,2305.378969192505,False
2556,5,391,LeftResponse,1764348455.9361608,2305.78147149086,False
2557,5,392,FeedbackPeriodStarted,1764348455.96376,2305.809070825577,False
2558,5,392,startFixDisplay,1764348455.9638147,2305.8091254234314,False
2559,5,392,startFixPeriod,1764348456.22059,2306.0659017562866,False
2560,5,392,TargetPresentation,1764348457.3240595,2307.1693727970123,False
2561,5,392,TargetDisplacement,1764348457.490439,2307.3357496261597,True
2562,5,392,LeftResponse,1764348458.1222012,2307.96751332283,False
2563,5,393,FeedbackPeriodStarted,1764348458.1496203,2307.9949312210083,False
2564,5,393,startFixDisplay,1764348458.1496692,2307.99497961998,False
2565,5,393,startFixPeriod,1764348458.4688628,2308.314173936844,False
2566,5,393,TargetPresentation,1764348459.8566515,2309.701962709427,False
2567,5,393,TargetRemoval,1764348460.016259,2309.861570119858,True
2568,5,393,TargetReappeared,1764348460.266164,2310.111478805542,False
2569,5,393,LeftResponse,1764348460.6755483,2310.5208592414856,False
2570,5,394,FeedbackPeriodStarted,1764348460.7033064,2310.5486195087433,False
2571,5,394,startFixDisplay,1764348460.7034109,2310.548722743988,False
2572,5,394,startFixPeriod,1764348461.0154805,2310.8607914447784,False
2573,5,394,TargetPresentation,1764348462.4865837,2312.3318948745728,False
2574,5,394,TargetRemoval,1764348462.6323073,2312.4776203632355,True
2575,5,394,TargetReappeared,1764348462.8821585,2312.7274718284607,False
2576,5,394,RightResponse,1764348463.4581597,2313.3034706115723,False
2577,5,395,FeedbackPeriodStarted,1764348463.47873,2313.32404088974,False
2578,5,395,startFixDisplay,1764348463.4787781,2313.324088573456,False
2579,5,395,startFixPeriod,1764348463.812043,2313.6573565006256,False
2580,5,395,TargetPresentation,1764348464.6098986,2314.455210208893,False
2581,5,395,TargetDisplacement,1764348464.7694798,2314.614790201187,True
2582,5,395,LeftResponse,1764348465.6231322,2315.468444108963,False
2583,5,395,FeedbackPeriodStarted,1764348465.6645615,2315.5098724365234,False
2584,6,396,startFixDisplay,1764348573.3862934,2423.231604576111,False
2585,6,396,startFixPeriod,1764348573.6220744,2423.4673850536346,False
2586,6,396,TargetPresentation,1764348574.593546,2424.4388575553894,False
2587,6,396,TargetDisplacement,1764348574.7393644,2424.5846774578094,True
2588,6,396,LeftResponse,1764348575.683351,2425.5286622047424,False
2589,6,397,FeedbackPeriodStarted,1764348575.7038567,2425.549169778824,False
2590,6,397,startFixDisplay,1764348575.704004,2425.5493183135986,False
2591,6,397,startFixPeriod,1764348575.9052293,2425.750542640686,False
2592,6,397,TargetPresentation,1764348577.0707772,2426.9160878658295,False
2593,6,397,TargetDisplacement,1764348577.2513833,2427.096696615219,True
2594,6,397,RightResponse,1764348577.9869106,2427.8322212696075,False
2595,6,398,FeedbackPeriodStarted,1764348578.007652,2427.852965593338,False
2596,6,398,startFixDisplay,1764348578.0077844,2427.853097677231,False
2597,6,398,startFixPeriod,1764348578.2089248,2428.0542380809784,False
2598,6,398,TargetPresentation,1764348579.1387908,2428.984103679657,False
2599,6,398,TargetDisplacement,1764348579.291375,2429.136688232422,True
2600,6,398,RightResponse,1764348579.9714894,2429.8168003559113,False
2601,6,399,FeedbackPeriodStarted,1764348579.992245,2429.837559938431,False
2602,6,399,startFixDisplay,1764348579.9924169,2429.837730407715,False
2603,6,399,startFixPeriod,1764348580.2421157,2430.0874297618866,False
2604,6,399,TargetPresentation,1764348581.5811415,2431.4264523983,False
2605,6,399,TargetDisplacement,1764348581.7408152,2431.5861263275146,True
2606,6,399,RightResponse,1764348582.5255194,2432.3708300590515,False
2607,6,400,FeedbackPeriodStarted,1764348582.5526268,2432.3979382514954,False
2608,6,400,startFixDisplay,1764348582.5526729,2432.3979835510254,False
2609,6,400,startFixPeriod,1764348582.7331307,2432.578444004059,False
2610,6,400,TargetPresentation,1764348583.8086886,2433.6539998054504,False
2611,6,400,TargetDisplacement,1764348583.9544008,2433.7997121810913,True
2612,6,400,LeftResponse,1764348584.620585,2434.465896129608,False
2613,6,401,FeedbackPeriodStarted,1764348584.6413872,2434.4866981506348,False
2614,6,401,startFixDisplay,1764348584.6414359,2434.4867463111877,False
2615,6,401,startFixPeriod,1764348584.828776,2434.674089193344,False
2616,6,401,TargetPresentation,1764348585.9668052,2435.812118768692,False
2617,6,401,TargetRemoval,1764348586.112433,2435.9577457904816,True
2618,6,401,TargetReappeared,1764348586.3622828,2436.207596063614,False
2619,6,401,RightResponse,1764348587.5562644,2437.4015789031982,False
2620,6,402,FeedbackPeriodStarted,1764348587.5835395,2437.428854227066,False
2621,6,402,startFixDisplay,1764348587.5837417,2437.429053544998,False
2622,6,402,startFixPeriod,1764348587.819427,2437.6647379398346,False
2623,6,402,TargetPresentation,1764348589.0614595,2438.906770467758,False
2624,6,402,TargetRemoval,1764348589.234983,2439.080293893814,True
2625,6,402,TargetReappeared,1764348589.4847813,2439.3300919532776,False
2626,6,402,LeftResponse,1764348589.8808265,2439.7261373996735,False
2627,6,402,FeedbackPeriodStarted,1764348589.8873298,2439.7326447963715,False
2628,6,403,startFixDisplay,1764348591.9066594,2441.7519705295563,False
2629,6,403,startFixPeriod,1764348592.4407535,2442.286064863205,False
2630,6,403,TargetPresentation,1764348593.6898282,2443.535139322281,False
2631,6,403,TargetRemoval,1764348593.856455,2443.701768875122,True
2632,6,403,TargetReappeared,1764348594.106305,2443.9516184329987,False
2633,6,403,LeftResponse,1764348595.1960022,2445.0413148403168,False
2634,6,404,FeedbackPeriodStarted,1764348595.2232304,2445.0685415267944,False
2635,6,404,startFixDisplay,1764348595.2232773,2445.068587779999,False
2636,6,404,startFixPeriod,1764348595.4107141,2445.256025314331,False
2637,6,404,TargetPresentation,1764348596.6251738,2446.470487356186,False
2638,6,404,TargetDisplacement,1764348596.819366,2446.6646790504456,True
2639,6,404,LeftResponse,1764348597.7147815,2447.560093641281,False
2640,6,405,FeedbackPeriodStarted,1764348597.742267,2447.5875804424286,False
2641,6,405,startFixDisplay,1764348597.7424114,2447.5877237319946,False
2642,6,405,startFixPeriod,1764348597.9365027,2447.781814098358,False
2643,6,405,TargetPresentation,1764348598.956546,2448.8018577098846,False
2644,6,405,TargetRemoval,1764348599.10925,2448.9545629024506,True
2645,6,405,TargetReappeared,1764348599.3591652,2449.204478740692,False
2646,6,405,LeftResponse,1764348599.7962592,2449.6415696144104,False
2647,6,406,FeedbackPeriodStarted,1764348599.8168693,2449.662180185318,False
2648,6,406,startFixDisplay,1764348599.8169155,2449.662225961685,False
2649,6,406,startFixPeriod,1764348600.0806437,2449.9259548187256,False
2650,6,406,TargetPresentation,1764348600.677521,2450.522832632065,False
2651,6,406,TargetDisplacement,1764348600.8438869,2450.689197540283,True
2652,6,406,LeftResponse,1764348601.801645,2451.6469559669495,False
2653,6,407,FeedbackPeriodStarted,1764348601.822395,2451.667708158493,False
2654,6,407,startFixDisplay,1764348601.8225243,2451.6678364276886,False
2655,6,407,startFixPeriod,1764348602.099966,2451.945277452469,False
2656,6,407,TargetPresentation,1764348602.669074,2452.5143876075745,False
2657,6,407,TargetRemoval,1764348602.8494453,2452.694756269455,True
2658,6,407,TargetReappeared,1764348603.0990953,2452.9444060325623,False
2659,6,407,RightResponse,1764348603.5575626,2453.4028747081757,False
2660,6,408,FeedbackPeriodStarted,1764348603.5778363,2453.4231469631195,False
2661,6,408,startFixDisplay,1764348603.5778837,2453.423194169998,False
2662,6,408,startFixPeriod,1764348603.7445517,2453.589863061905,False
2663,6,408,TargetPresentation,1764348604.5007994,2454.346110343933,False
2664,6,408,TargetRemoval,1764348604.7090037,2454.5543146133423,True
2665,6,408,TargetReappeared,1764348604.958866,2454.8041779994965,False
2666,6,408,RightResponse,1764348605.3894515,2455.2347645759583,False
2667,6,408,FeedbackPeriodStarted,1764348605.3960912,2455.2414045333862,False
2668,6,409,startFixDisplay,1764348607.40839,2457.2537035942078,False
2669,6,409,startFixPeriod,1764348607.4846075,2457.329918384552,False
2670,6,409,TargetPresentation,1764348608.2480133,2458.093326807022,False
2671,6,409,TargetDisplacement,1764348608.407595,2458.252905845642,True
2672,6,409,LeftResponse,1764348609.136234,2458.9815452098846,False
2673,6,410,FeedbackPeriodStarted,1764348609.1568124,2459.0021233558655,False
2674,6,410,startFixDisplay,1764348609.1568596,2459.002170085907,False
2675,6,410,startFixPeriod,1764348609.4344296,2459.2797408103943,False
2676,6,410,TargetPresentation,1764348610.4338348,2460.2791481018066,False
2677,6,410,TargetDisplacement,1764348610.9333768,2460.778690099716,True
2678,6,410,RightResponse,1764348611.7037735,2461.5490849018097,False
2679,6,411,FeedbackPeriodStarted,1764348611.7313411,2461.576656103134,False
2680,6,411,startFixDisplay,1764348611.7314744,2461.5767872333527,False
2681,6,411,startFixPeriod,1764348611.9186597,2461.7639706134796,False
2682,6,411,TargetPresentation,1764348613.0359623,2462.8812775611877,False
2683,6,411,TargetRemoval,1764348613.1815357,2463.0268466472626,True
2684,6,411,TargetReappeared,1764348613.4315152,2463.2768285274506,False
2685,6,411,RightResponse,1764348613.95913,2463.804442882538,False
2686,6,412,FeedbackPeriodStarted,1764348613.9863923,2463.831703186035,False
2687,6,412,startFixDisplay,1764348613.9864397,2463.8317501544952,False
2688,6,412,startFixPeriod,1764348614.2503185,2464.0956320762634,False
2689,6,412,TargetPresentation,1764348615.3883424,2465.2336559295654,False
2690,6,412,TargetDisplacement,1764348615.6309676,2465.4762783050537,True
2691,6,412,RightResponse,1764348616.3322406,2466.1775534152985,False
2692,6,413,FeedbackPeriodStarted,1764348616.3595414,2466.204852104187,False
2693,6,413,startFixDisplay,1764348616.3596458,2466.2049567699432,False
2694,6,413,startFixPeriod,1764348616.5749025,2466.420215845108,False
2695,6,413,TargetPresentation,1764348617.2757533,2467.121066570282,False
2696,6,413,TargetRemoval,1764348617.4284046,2467.273717880249,True
2697,6,413,TargetReappeared,1764348617.6780915,2467.5234038829803,False
2698,6,413,RightResponse,1764348618.2401507,2468.0854613780975,False
2699,6,414,FeedbackPeriodStarted,1764348618.2608495,2468.106160402298,False
2700,6,414,startFixDisplay,1764348618.2609053,2468.106215953827,False
2701,6,414,startFixPeriod,1764348618.4621463,2468.3074572086334,False
2702,6,414,TargetPresentation,1764348619.2046025,2469.0499131679535,False
2703,6,414,TargetRemoval,1764348619.3713863,2469.2167003154755,True
2704,6,414,TargetReappeared,1764348619.6210837,2469.4663968086243,False
2705,6,414,RightResponse,1764348620.3220356,2470.167346715927,False
2706,6,414,FeedbackPeriodStarted,1764348620.328736,2470.174047470093,False
2707,6,415,startFixDisplay,1764348622.3411286,2472.1864421367645,False
2708,6,415,startFixPeriod,1764348622.7019231,2472.5472350120544,False
2709,6,415,TargetPresentation,1764348624.020462,2473.8657746315002,False
2710,6,415,TargetDisplacement,1764348624.1937668,2474.0390775203705,True
2711,6,415,LeftResponse,1764348625.1726375,2475.0179505348206,False
2712,6,416,FeedbackPeriodStarted,1764348625.1929526,2475.03826379776,False
2713,6,416,startFixDisplay,1764348625.1930244,2475.038336277008,False
2714,6,416,startFixPeriod,1764348625.4636574,2475.3089685440063,False
2715,6,416,TargetPresentation,1764348626.5808256,2476.4261367321014,False
2716,6,416,TargetDisplacement,1764348626.7334917,2476.5788028240204,True
2717,6,416,RightResponse,1764348627.406907,2477.252217769623,False
2718,6,417,FeedbackPeriodStarted,1764348627.434404,2477.279717206955,False
2719,6,417,startFixDisplay,1764348627.434535,2477.279846906662,False
2720,6,417,startFixPeriod,1764348627.6287603,2477.4740738868713,False
2721,6,417,TargetPresentation,1764348629.0996385,2478.944949388504,False
2722,6,417,TargetDisplacement,1764348629.294051,2479.139364004135,True
2723,6,417,LeftResponse,1764348630.4876232,2480.3329343795776,False
2724,6,418,FeedbackPeriodStarted,1764348630.5084069,2480.3537204265594,False
2725,6,418,startFixDisplay,1764348630.5085363,2480.3538484573364,False
2726,6,418,startFixPeriod,1764348630.7235627,2480.5688741207123,False
2727,6,418,TargetPresentation,1764348632.125128,2481.970438480377,False
2728,6,418,TargetDisplacement,1764348632.2707746,2482.116085290909,True
2729,6,418,RightResponse,1764348633.0276613,2482.872974395752,False
2730,6,419,FeedbackPeriodStarted,1764348633.054898,2482.9002089500427,False
2731,6,419,startFixDisplay,1764348633.054946,2482.9002566337585,False
2732,6,419,startFixPeriod,1764348633.3186357,2483.1639473438263,False
2733,6,419,TargetPresentation,1764348634.0265496,2483.871861934662,False
2734,6,419,TargetDisplacement,1764348634.1789804,2484.024291038513,True
2735,6,419,RightResponse,1764348635.1718102,2485.0171208381653,False
2736,6,420,FeedbackPeriodStarted,1764348635.1990612,2485.044372320175,False
2737,6,420,startFixDisplay,1764348635.1991076,2485.044418334961,False
2738,6,420,startFixPeriod,1764348635.393408,2485.2387194633484,False
2739,6,420,TargetPresentation,1764348636.052781,2485.898094177246,False
2740,6,420,TargetRemoval,1764348636.2190828,2486.064393520355,True
2741,6,420,TargetReappeared,1764348636.4690106,2486.3143231868744,False
2742,6,420,LeftResponse,1764348636.9412572,2486.7865698337555,False
2743,6,420,FeedbackPeriodStarted,1764348636.9477127,2486.7930238246918,False
2744,6,421,startFixDisplay,1764348638.9600031,2488.805314064026,False
2745,6,421,startFixPeriod,1764348639.286357,2489.131670475006,False
2746,6,421,TargetPresentation,1764348640.7155926,2490.5609040260315,False
2747,6,421,TargetDisplacement,1764348640.875259,2490.7205719947815,True
2748,6,421,LeftResponse,1764348641.4998057,2491.345116376877,False
2749,6,422,FeedbackPeriodStarted,1764348641.5204763,2491.365787267685,False
2750,6,422,startFixDisplay,1764348641.5205238,2491.365834236145,False
2751,6,422,startFixPeriod,1764348641.756636,2491.601949453354,False
2752,6,422,TargetPresentation,1764348642.8044143,2492.6497275829315,False
2753,6,422,TargetDisplacement,1764348642.956894,2492.8022046089172,True
2754,6,422,RightResponse,1764348643.623411,2493.4687235355377,False
2755,6,423,FeedbackPeriodStarted,1764348643.6439288,2493.489242076874,False
2756,6,423,startFixDisplay,1764348643.6440563,2493.4893686771393,False
2757,6,423,startFixPeriod,1764348643.824321,2493.669632434845,False
2758,6,423,TargetPresentation,1764348644.8721347,2494.7174456119537,False
2759,6,423,TargetDisplacement,1764348645.0388196,2494.8841342926025,True
2760,6,423,RightResponse,1764348646.0799055,2495.925218820572,False
2761,6,424,FeedbackPeriodStarted,1764348646.1003106,2495.94562125206,False
2762,6,424,startFixDisplay,1764348646.1003573,2495.945667743683,False
2763,6,424,startFixPeriod,1764348646.301685,2496.146998643875,False
2764,6,424,TargetPresentation,1764348647.5089743,2497.354285955429,False
2765,6,424,TargetDisplacement,1764348647.6823761,2497.5276868343353,True
2766,6,424,LeftResponse,1764348648.3070023,2498.1523129940033,False
2767,6,425,FeedbackPeriodStarted,1764348648.327795,2498.1731057167053,False
2768,6,425,startFixDisplay,1764348648.3278446,2498.173155069351,False
2769,6,425,startFixPeriod,1764348648.626136,2498.471447467804,False
2770,6,425,TargetPresentation,1764348649.5768414,2499.422153234482,False
2771,6,425,TargetDisplacement,1764348649.736328,2499.581638813019,True
2772,6,425,LeftResponse,1764348650.6250432,2500.4703557491302,False
2773,6,426,FeedbackPeriodStarted,1764348650.6523151,2500.4976263046265,False
2774,6,426,startFixDisplay,1764348650.6523705,2500.4976811408997,False
2775,6,426,startFixPeriod,1764348650.9370706,2500.7823843955994,False
2776,6,426,TargetPresentation,1764348652.1790414,2502.024354696274,False
2777,6,426,TargetRemoval,1764348652.3663394,2502.2116522789,True
2778,6,426,TargetReappeared,1764348652.6161065,2502.46141910553,False
2779,6,426,RightResponse,1764348653.0741827,2502.9194934368134,False
2780,6,426,FeedbackPeriodStarted,1764348653.080946,2502.9262568950653,False
2781,6,427,startFixDisplay,1764348655.0932705,2504.938581228256,False
2782,6,427,startFixPeriod,1764348655.4334478,2505.2787611484528,False
2783,6,427,TargetPresentation,1764348656.9045007,2506.749814271927,False
2784,6,427,TargetDisplacement,1764348657.0571382,2506.902451276779,True
2785,6,427,LeftResponse,1764348657.7650108,2507.610321998596,False
2786,6,428,FeedbackPeriodStarted,1764348657.785581,2507.6308920383453,False
2787,6,428,startFixDisplay,1764348657.7856293,2507.630939722061,False
2788,6,428,startFixPeriod,1764348658.0633352,2507.908646583557,False
2789,6,428,TargetPresentation,1764348658.8196156,2508.664926290512,False
2790,6,428,TargetDisplacement,1764348659.138737,2508.984047651291,True
2791,6,428,LeftResponse,1764348659.916407,2509.7617185115814,False
2792,6,429,FeedbackPeriodStarted,1764348659.9436638,2509.788974761963,False
2793,6,429,startFixDisplay,1764348659.9437118,2509.78902220726,False
2794,6,429,startFixPeriod,1764348660.1935503,2510.0388612747192,False
2795,6,429,TargetPresentation,1764348661.4009442,2511.246255636215,False
2796,6,429,TargetDisplacement,1764348661.553481,2511.3987922668457,True
2797,6,429,RightResponse,1764348662.462667,2512.3079776763916,False
2798,6,430,FeedbackPeriodStarted,1764348662.490268,2512.335578918457,False
2799,6,430,startFixDisplay,1764348662.4903233,2512.335633993149,False
2800,6,430,startFixPeriod,1764348662.6777258,2512.52303647995,False
2801,6,430,TargetPresentation,1764348663.4895742,2513.3348853588104,False
2802,6,430,TargetRemoval,1764348663.7740457,2513.6193566322327,True
2803,6,430,TargetReappeared,1764348664.023998,2513.8693120479584,False
2804,6,430,LeftResponse,1764348664.5865388,2514.4318532943726,False
2805,6,431,FeedbackPeriodStarted,1764348664.6136801,2514.4589915275574,False
2806,6,431,startFixDisplay,1764348664.613736,2514.459046602249,False
2807,6,431,startFixPeriod,1764348664.814965,2514.6602759361267,False
2808,6,431,TargetPresentation,1764348666.3069413,2516.1522562503815,False
2809,6,431,TargetDisplacement,1764348666.473337,2516.318648338318,True
2810,6,431,LeftResponse,1764348667.0840566,2516.929368019104,False
2811,6,432,FeedbackPeriodStarted,1764348667.1117089,2516.957020044327,False
2812,6,432,startFixDisplay,1764348667.111763,2516.957073688507,False
2813,6,432,startFixPeriod,1764348667.361535,2517.206845998764,False
2814,6,432,TargetPresentation,1764348667.8749645,2517.720275402069,False
2815,6,432,TargetDisplacement,1764348668.1457157,2517.991027355194,True
2816,6,432,RightResponse,1764348669.1379957,2518.983306646347,False
2817,6,432,FeedbackPeriodStarted,1764348669.1449,2518.990211248398,False
2818,6,433,startFixDisplay,1764348671.1571202,2521.0024313926697,False
2819,6,433,startFixPeriod,1764348671.4556334,2521.300944328308,False
2820,6,433,TargetPresentation,1764348672.7949483,2522.640261888504,False
2821,6,433,TargetRemoval,1764348672.9612758,2522.806586742401,True
2822,6,433,TargetReappeared,1764348673.2113075,2523.056620836258,False
2823,6,433,LeftResponse,1764348674.0927567,2523.9380695819855,False
2824,6,434,FeedbackPeriodStarted,1764348674.12023,2523.965543270111,False
2825,6,434,startFixDisplay,1764348674.120357,2523.965669631958,False
2826,6,434,startFixPeriod,1764348674.3006094,2524.1459209918976,False
2827,6,434,TargetPresentation,1764348675.2791133,2525.12442779541,False
2828,6,434,TargetRemoval,1764348675.4732664,2525.318577528,True
2829,6,434,TargetReappeared,1764348675.723099,2525.568410873413,False
2830,6,434,LeftResponse,1764348676.354826,2526.2001383304596,False
2831,6,435,FeedbackPeriodStarted,1764348676.3752606,2526.2205715179443,False
2832,6,435,startFixDisplay,1764348676.3753076,2526.2206180095673,False
2833,6,435,startFixPeriod,1764348676.944462,2526.78977560997,False
2834,6,435,TargetPresentation,1764348678.137887,2527.983197927475,False
2835,6,435,TargetDisplacement,1764348678.283524,2528.1288347244263,True
2836,6,435,LeftResponse,1764348679.3315146,2529.1768260002136,False
2837,6,436,FeedbackPeriodStarted,1764348679.3521042,2529.1974148750305,False
2838,6,436,startFixDisplay,1764348679.3521507,2529.1974613666534,False
2839,6,436,startFixPeriod,1764348679.5465436,2529.3918545246124,False
2840,6,436,TargetPresentation,1764348680.6081507,2530.4534616470337,False
2841,6,436,TargetDisplacement,1764348680.7607565,2530.6060671806335,True
2842,6,436,LeftResponse,1764348681.8576605,2531.7029736042023,False
2843,6,437,FeedbackPeriodStarted,1764348681.8779116,2531.723222255707,False
2844,6,437,startFixDisplay,1764348681.8779578,2531.723268508911,False
2845,6,437,startFixPeriod,1764348682.072429,2531.9177424907684,False
2846,6,437,TargetPresentation,1764348682.5858104,2532.4311215877533,False
2847,6,437,TargetDisplacement,1764348682.7869577,2532.632268667221,True
2848,6,437,RightResponse,1764348683.8977554,2533.74306845665,False
2849,6,438,FeedbackPeriodStarted,1764348683.9179814,2533.7632920742035,False
2850,6,438,startFixDisplay,1764348683.918017,2533.763327360153,False
2851,6,438,startFixPeriod,1764348684.2720816,2534.117394924164,False
2852,6,438,TargetPresentation,1764348685.5211554,2535.366468667984,False
2853,6,438,TargetDisplacement,1764348685.6736207,2535.5189316272736,True
2854,6,438,LeftResponse,1764348686.3332112,2536.1785230636597,False
2855,6,438,FeedbackPeriodStarted,1764348686.3468227,2536.192133665085,False
2856,6,439,startFixDisplay,1764348688.3659759,2538.2112872600555,False
2857,6,439,startFixPeriod,1764348688.636676,2538.4819869995117,False
2858,6,439,TargetPresentation,1764348689.5734773,2539.418790578842,False
2859,6,439,TargetRemoval,1764348689.719126,2539.5644369125366,True
2860,6,439,TargetReappeared,1764348689.9690025,2539.8143134117126,False
2861,6,439,RightResponse,1764348690.5590158,2540.404326438904,False
2862,6,440,FeedbackPeriodStarted,1764348690.586464,2540.4317755699158,False
2863,6,440,startFixDisplay,1764348690.5865211,2540.4318318367004,False
2864,6,440,startFixPeriod,1764348690.753096,2540.5984082221985,False
2865,6,440,TargetPresentation,1764348691.5441117,2541.389422416687,False
2866,6,440,TargetRemoval,1764348691.9679704,2541.8132815361023,True
2867,6,440,TargetReappeared,1764348692.2172225,2542.062534570694,False
2868,6,440,LeftResponse,1764348692.7308643,2542.5761761665344,False
2869,6,441,FeedbackPeriodStarted,1764348692.7515087,2542.5968220233917,False
2870,6,441,startFixDisplay,1764348692.7516637,2542.5969762802124,False
2871,6,441,startFixPeriod,1764348693.1054285,2542.9507405757904,False
2872,6,441,TargetPresentation,1764348694.2294736,2544.0747842788696,False
2873,6,441,TargetRemoval,1764348694.3058724,2544.1511855125427,True
2874,6,441,TargetReappeared,1764348694.5558162,2544.4011294841766,False
2875,6,441,LeftResponse,1764348695.0418608,2544.887171983719,False
2876,6,442,FeedbackPeriodStarted,1764348695.069163,2544.9144761562347,False
2877,6,442,startFixDisplay,1764348695.069312,2544.9146254062653,False
2878,6,442,startFixPeriod,1764348695.4577663,2545.303079366684,False
2879,6,442,TargetPresentation,1764348696.2487848,2546.0940957069397,False
2880,6,442,TargetDisplacement,1764348696.4152994,2546.2606127262115,True
2881,6,442,LeftResponse,1764348697.5672488,2547.4125595092773,False
2882,6,443,FeedbackPeriodStarted,1764348697.5948973,2547.4402084350586,False
2883,6,443,startFixDisplay,1764348697.5949554,2547.4402663707733,False
2884,6,443,startFixPeriod,1764348697.8864622,2547.7317757606506,False
2885,6,443,TargetPresentation,1764348698.4068658,2548.252176761627,False
2886,6,443,TargetDisplacement,1764348698.573362,2548.4186754226685,True
2887,6,443,LeftResponse,1764348699.753125,2549.5984361171722,False
2888,6,444,FeedbackPeriodStarted,1764348699.7737072,2549.6190180778503,False
2889,6,444,startFixDisplay,1764348699.773761,2549.619071483612,False
2890,6,444,startFixPeriod,1764348699.9681802,2549.8134944438934,False
2891,6,444,TargetPresentation,1764348701.3003914,2551.1457028388977,False
2892,6,444,TargetDisplacement,1764348701.460116,2551.305429458618,True
2893,6,444,RightResponse,1764348702.5079432,2552.353255033493,False
2894,6,444,FeedbackPeriodStarted,1764348702.5146537,2552.359964609146,False
2895,6,445,startFixDisplay,1764348704.5270889,2554.372402191162,False
2896,6,445,startFixPeriod,1764348704.922661,2554.767974615097,False
2897,6,445,TargetPresentation,1764348705.5471008,2555.3924136161804,False
2898,6,445,TargetDisplacement,1764348705.7344692,2555.579782485962,True
2899,6,445,RightResponse,1764348706.9908016,2556.8361134529114,False
2900,6,446,FeedbackPeriodStarted,1764348707.0181942,2556.8635075092316,False
2901,6,446,startFixDisplay,1764348707.0183208,2556.8636331558228,False
2902,6,446,startFixPeriod,1764348707.212479,2557.057790517807,False
2903,6,446,TargetPresentation,1764348707.7675786,2557.6128895282745,False
2904,6,446,TargetDisplacement,1764348707.8716607,2557.7169716358185,True
2905,6,446,RightResponse,1764348709.0999289,2558.9452397823334,False
2906,6,447,FeedbackPeriodStarted,1764348709.120555,2558.9658658504486,False
2907,6,447,startFixDisplay,1764348709.1206071,2558.965917825699,False
2908,6,447,startFixPeriod,1764348709.3219285,2559.1672406196594,False
2909,6,447,TargetPresentation,1764348709.9118176,2559.757131099701,False
2910,6,447,TargetDisplacement,1764348710.1616066,2560.0069177150726,True
2911,6,447,LeftResponse,1764348710.8485565,2560.693867444992,False
2912,6,448,FeedbackPeriodStarted,1764348710.87628,2560.7215938568115,False
2913,6,448,startFixDisplay,1764348710.8764043,2560.721716403961,False
2914,6,448,startFixPeriod,1764348711.063688,2560.90900015831,False
2915,6,448,TargetPresentation,1764348711.611755,2561.4570665359497,False
2916,6,448,TargetDisplacement,1764348711.792116,2561.6374266147614,True
2917,6,448,RightResponse,1764348712.708542,2562.5538551807404,False
2918,6,449,FeedbackPeriodStarted,1764348712.7359571,2562.581268310547,False
2919,6,449,startFixDisplay,1764348712.736008,2562.581318616867,False
2920,6,449,startFixPeriod,1764348712.9303071,2562.7756204605103,False
2921,6,449,TargetPresentation,1764348713.5825112,2563.427822113037,False
2922,6,449,TargetRemoval,1764348713.5894897,2563.4348006248474,True
2923,6,449,TargetReappeared,1764348713.839229,2563.684540271759,False
2924,6,449,LeftResponse,1764348714.352739,2564.1980497837067,False
2925,6,450,FeedbackPeriodStarted,1764348714.3735552,2564.218868494034,False
2926,6,450,startFixDisplay,1764348714.3736947,2564.2190070152283,False
2927,6,450,startFixPeriod,1764348714.6926935,2564.538004875183,False
2928,6,450,TargetPresentation,1764348715.4907799,2565.336091518402,False
2929,6,450,TargetDisplacement,1764348715.643282,2565.4885926246643,True
2930,6,450,RightResponse,1764348716.3167276,2566.1620395183563,False
2931,6,450,FeedbackPeriodStarted,1764348716.323387,2566.1686975955963,False
2932,6,451,startFixDisplay,1764348718.3356607,2568.180971622467,False
2933,6,451,startFixPeriod,1764348718.7729542,2568.618265390396,False
2934,6,451,TargetPresentation,1764348719.8832073,2569.7285203933716,False
2935,6,451,TargetDisplacement,1764348719.88999,2569.7353014945984,True
2936,6,451,RightResponse,1764348721.1044245,2570.9497349262238,False
2937,6,452,FeedbackPeriodStarted,1764348721.125157,2570.970468521118,False
2938,6,452,startFixDisplay,1764348721.1252258,2570.970537185669,False
2939,6,452,startFixPeriod,1764348721.31261,2571.1579213142395,False
2940,6,452,TargetPresentation,1764348722.082817,2571.92812871933,False
2941,6,452,TargetDisplacement,1764348722.096595,2571.9419054985046,True
2942,6,452,LeftResponse,1764348722.860355,2572.7056674957275,False
2943,6,453,FeedbackPeriodStarted,1764348722.8876216,2572.732932806015,False
2944,6,453,startFixDisplay,1764348722.8876724,2572.7329828739166,False
2945,6,453,startFixPeriod,1764348723.0751944,2572.920507669449,False
2946,6,453,TargetPresentation,1764348723.644125,2573.4894371032715,False
2947,6,453,TargetRemoval,1764348723.7758565,2573.6211676597595,True
2948,6,453,TargetReappeared,1764348724.0256596,2573.8709704875946,False
2949,6,453,LeftResponse,1764348724.4837873,2574.32909822464,False
2950,6,454,FeedbackPeriodStarted,1764348724.5045195,2574.34983253479,False
2951,6,454,startFixDisplay,1764348724.5046632,2574.349975824356,False
2952,6,454,startFixPeriod,1764348724.7889595,2574.634270429611,False
2953,6,454,TargetPresentation,1764348725.3510816,2575.196394920349,False
2954,6,454,TargetDisplacement,1764348726.6139264,2576.4592373371124,True
2955,6,454,RightResponse,1764348727.4817607,2577.327073574066,False
2956,6,455,FeedbackPeriodStarted,1764348727.5021644,2577.347477912903,False
2957,6,455,startFixDisplay,1764348727.5022893,2577.3476016521454,False
2958,6,455,startFixPeriod,1764348727.6896455,2577.534958600998,False
2959,6,455,TargetPresentation,1764348728.6540737,2578.4993851184845,False
2960,6,455,TargetDisplacement,1764348728.8136065,2578.6589171886444,True
2961,6,455,LeftResponse,1764348729.3620205,2579.2073318958282,False
2962,6,456,FeedbackPeriodStarted,1764348729.3825452,2579.2278559207916,False
2963,6,456,startFixDisplay,1764348729.3825996,2579.2279102802277,False
2964,6,456,startFixPeriod,1764348729.6324186,2579.4777297973633,False
2965,6,456,TargetPresentation,1764348730.1945302,2580.039841890335,False
2966,6,456,TargetDisplacement,1764348730.2223167,2580.0676300525665,True
2967,6,456,RightResponse,1764348730.867829,2580.713140487671,False
2968,6,456,FeedbackPeriodStarted,1764348730.874622,2580.719933986664,False
2969,6,457,startFixDisplay,1764348732.893801,2582.739112138748,False
2970,6,457,startFixPeriod,1764348733.3656075,2583.2109186649323,False
2971,6,457,TargetPresentation,1764348733.9070237,2583.7523386478424,False
2972,6,457,TargetDisplacement,1764348734.059639,2583.904949903488,True
2973,6,457,RightResponse,1764348735.0037708,2584.8490817546844,False
2974,6,458,FeedbackPeriodStarted,1764348735.0309336,2584.876244544983,False
2975,6,458,startFixDisplay,1764348735.0309875,2584.876298189163,False
2976,6,458,startFixPeriod,1764348735.2115536,2585.056867837906,False
2977,6,458,TargetPresentation,1764348736.0303469,2585.875660419464,False
2978,6,458,TargetRemoval,1764348736.0580032,2585.9033138751984,True
2979,6,458,TargetReappeared,1764348736.3079045,2586.153219938278,False
2980,6,458,LeftResponse,1764348736.9535103,2586.7988233566284,False
2981,6,459,FeedbackPeriodStarted,1764348736.9809518,2586.8262650966644,False
2982,6,459,startFixDisplay,1764348736.981081,2586.8263931274414,False
2983,6,459,startFixPeriod,1764348736.9877763,2586.833087205887,False
2984,6,459,TargetPresentation,1764348737.8135257,2587.6588366031647,False
2985,6,459,TargetDisplacement,1764348737.8276281,2587.6729419231415,True
2986,6,459,LeftResponse,1764348739.042026,2588.88733792305,False
2987,6,460,FeedbackPeriodStarted,1764348739.0694842,2588.914795398712,False
2988,6,460,startFixDisplay,1764348739.0695317,2588.914841890335,False
2989,6,460,startFixPeriod,1764348739.3472018,2589.1925151348114,False
2990,6,460,TargetPresentation,1764348739.9371223,2589.782436132431,False
2991,6,460,TargetDisplacement,1764348740.089574,2589.9348850250244,True
2992,6,460,RightResponse,1764348741.1027877,2590.9480991363525,False
2993,6,461,FeedbackPeriodStarted,1764348741.130367,2590.975677728653,False
2994,6,461,startFixDisplay,1764348741.1304135,2590.9757239818573,False
2995,6,461,startFixPeriod,1764348741.3178618,2591.163175344467,False
2996,6,461,TargetPresentation,1764348741.893692,2591.739002943039,False
2997,6,461,TargetDisplacement,1764348741.900695,2591.7460062503815,True
2998,6,461,RightResponse,1764348742.7197075,2592.565019130707,False
2999,6,461,FeedbackPeriodStarted,1764348742.7611032,2592.606414079666,False
3000,7,462,startFixDisplay,1764348873.4370995,2723.282413959503,False
3001,7,462,startFixPeriod,1764348873.652197,2723.49750995636,False
3002,7,462,TargetPresentation,1764348874.7416763,2724.5869896411896,False
3003,7,462,TargetDisplacement,1764348874.8941371,2724.7394478321075,True
3004,7,462,RightResponse,1764348875.581639,2725.4269638061523,False
3005,7,463,FeedbackPeriodStarted,1764348875.608937,2725.4542479515076,False
3006,7,463,startFixDisplay,1764348875.6089761,2725.4542865753174,False
3007,7,463,startFixPeriod,1764348875.8239875,2725.6692986488342,False
3008,7,463,TargetPresentation,1764348877.156283,2727.001594543457,False
3009,7,463,TargetDisplacement,1764348877.3089435,2727.1542546749115,True
3010,7,463,RightResponse,1764348878.0934548,2727.938767671585,False
3011,7,464,FeedbackPeriodStarted,1764348878.1139228,2727.9592361450195,False
3012,7,464,startFixDisplay,1764348878.1140492,2727.9593617916107,False
3013,7,464,startFixPeriod,1764348878.2942896,2728.1396005153656,False
3014,7,464,TargetPresentation,1764348879.1478505,2728.993161678314,False
3015,7,464,TargetDisplacement,1764348879.2936044,2729.1389153003693,True
3016,7,464,LeftResponse,1764348880.0083914,2729.8537023067474,False
3017,7,465,FeedbackPeriodStarted,1764348880.036105,2729.8814182281494,False
3018,7,465,startFixDisplay,1764348880.0362353,2729.8815479278564,False
3019,7,465,startFixPeriod,1764348880.2166045,2730.0619184970856,False
3020,7,465,TargetPresentation,1764348881.5210063,2731.3663172721863,False
3021,7,465,TargetDisplacement,1764348881.6874542,2731.53276515007,True
3022,7,465,RightResponse,1764348882.4096067,2732.2549197673798,False
3023,7,466,FeedbackPeriodStarted,1764348882.42995,2732.2752606868744,False
3024,7,466,startFixDisplay,1764348882.429997,2732.275307416916,False
3025,7,466,startFixPeriod,1764348882.6936631,2732.5389750003815,False
3026,7,466,TargetPresentation,1764348883.2697275,2733.1150403022766,False
3027,7,466,TargetRemoval,1764348883.4846618,2733.3299725055695,True
3028,7,466,TargetReappeared,1764348883.7346237,2733.579936027527,False
3029,7,466,LeftResponse,1764348884.220319,2734.0656294822693,False
3030,7,467,FeedbackPeriodStarted,1764348884.240995,2734.0863053798676,False
3031,7,467,startFixDisplay,1764348884.2410529,2734.0863637924194,False
3032,7,467,startFixPeriod,1764348884.5048785,2734.3501920700073,False
3033,7,467,TargetPresentation,1764348885.7885098,2735.6338210105896,False
3034,7,467,TargetRemoval,1764348885.941081,2735.786391735077,True
3035,7,467,TargetReappeared,1764348886.190961,2736.036272764206,False
3036,7,467,RightResponse,1764348886.6004567,2736.4457676410675,False
3037,7,468,FeedbackPeriodStarted,1764348886.6211143,2736.4664249420166,False
3038,7,468,startFixDisplay,1764348886.6211607,2736.4664709568024,False
3039,7,468,startFixPeriod,1764348886.864155,2736.709468603134,False
3040,7,468,TargetPresentation,1764348888.1686122,2738.013923406601,False
3041,7,468,TargetRemoval,1764348888.321184,2738.166494846344,True
3042,7,468,TargetReappeared,1764348888.5712104,2738.4165239334106,False
3043,7,468,RightResponse,1764348889.0984912,2738.9438021183014,False
3044,7,468,FeedbackPeriodStarted,1764348889.1053624,2738.950673341751,False
3045,7,469,startFixDisplay,1764348891.117619,2740.962929725647,False
3046,7,469,startFixPeriod,1764348891.1245458,2740.969856739044,False
3047,7,469,TargetPresentation,1764348892.6096995,2742.455013036728,False
3048,7,469,TargetDisplacement,1764348892.7553384,2742.6006524562836,True
3049,7,469,LeftResponse,1764348893.5119658,2743.357278585434,False
3050,7,470,FeedbackPeriodStarted,1764348893.539477,2743.3847901821136,False
3051,7,470,startFixDisplay,1764348893.5396512,2743.384964466095,False
3052,7,470,startFixPeriod,1764348893.7614536,2743.6067650318146,False
3053,7,470,TargetPresentation,1764348894.6497908,2744.495104074478,False
3054,7,470,TargetRemoval,1764348894.8231273,2744.6684379577637,True
3055,7,470,TargetReappeared,1764348895.0729623,2744.918274641037,False
3056,7,470,RightResponse,1764348895.4758248,2745.321137905121,False
3057,7,471,FeedbackPeriodStarted,1764348895.496271,2745.3415837287903,False
3058,7,471,startFixDisplay,1764348895.496397,2745.3417093753815,False
3059,7,471,startFixPeriod,1764348895.7252448,2745.570556640625,False
3060,7,471,TargetPresentation,1764348896.3151248,2746.1604380607605,False
3061,7,471,TargetDisplacement,1764348896.488569,2746.333880186081,True
3062,7,471,LeftResponse,1764348897.2658134,2747.111124277115,False
3063,7,472,FeedbackPeriodStarted,1764348897.2933261,2747.1386370658875,False
3064,7,472,startFixDisplay,1764348897.293374,2747.1386845111847,False
3065,7,472,startFixPeriod,1764348897.543338,2747.3886511325836,False
3066,7,472,TargetPresentation,1764348898.5077732,2748.353084087372,False
3067,7,472,TargetRemoval,1764348898.6604574,2748.5057702064514,True
3068,7,472,TargetReappeared,1764348898.9102416,2748.7555525302887,False
3069,7,472,LeftResponse,1764348899.3061116,2749.1514246463776,False
3070,7,473,FeedbackPeriodStarted,1764348899.3334472,2749.17875790596,False
3071,7,473,startFixDisplay,1764348899.3335078,2749.1788187026978,False
3072,7,473,startFixPeriod,1764348899.604141,2749.4494519233704,False
3073,7,473,TargetPresentation,1764348900.700628,2750.545943260193,False
3074,7,473,TargetRemoval,1764348901.2347584,2751.0800693035126,True
3075,7,473,TargetReappeared,1764348901.4845781,2751.3298902511597,False
3076,7,473,LeftResponse,1764348901.963744,2751.8090567588806,False
3077,7,474,FeedbackPeriodStarted,1764348901.9912195,2751.8365325927734,False
3078,7,474,startFixDisplay,1764348901.9913485,2751.836660861969,False
3079,7,474,startFixPeriod,1764348902.2618752,2752.1071887016296,False
3080,7,474,TargetPresentation,1764348903.5108116,2753.356122493744,False
3081,7,474,TargetRemoval,1764348903.6704435,2753.5157566070557,True
3082,7,474,TargetReappeared,1764348903.9202893,2753.7656025886536,False
3083,7,474,LeftResponse,1764348904.309046,2754.1543576717377,False
3084,7,474,FeedbackPeriodStarted,1764348904.315653,2754.160964012146,False
3085,7,475,startFixDisplay,1764348906.3279479,2756.173258781433,False
3086,7,475,startFixPeriod,1764348906.6888974,2756.5342087745667,False
3087,7,475,TargetPresentation,1764348907.362117,2757.207431793213,False
3088,7,475,TargetRemoval,1764348907.5146668,2757.359978199005,True
3089,7,475,TargetReappeared,1764348907.764541,2757.6098551750183,False
3090,7,475,RightResponse,1764348908.2089946,2758.054305076599,False
3091,7,476,FeedbackPeriodStarted,1764348908.2361953,2758.0815064907074,False
3092,7,476,startFixDisplay,1764348908.2362647,2758.0815756320953,False
3093,7,476,startFixPeriod,1764348908.4167125,2758.2620232105255,False
3094,7,476,TargetPresentation,1764348909.8599472,2759.705258131027,False
3095,7,476,TargetDisplacement,1764348910.0266054,2759.8719160556793,True
3096,7,476,LeftResponse,1764348911.199672,2761.0449850559235,False
3097,7,477,FeedbackPeriodStarted,1764348911.2339494,2761.079262971878,False
3098,7,477,startFixDisplay,1764348911.2340798,2761.0793917179108,False
3099,7,477,startFixPeriod,1764348911.4699776,2761.315290927887,False
3100,7,477,TargetPresentation,1764348912.2680051,2762.1133184432983,False
3101,7,477,TargetDisplacement,1764348912.4136164,2762.258927345276,True
3102,7,477,LeftResponse,1764348913.66303,2763.5083441734314,False
3103,7,478,FeedbackPeriodStarted,1764348913.6903903,2763.5357036590576,False
3104,7,478,startFixDisplay,1764348913.6905293,2763.5358414649963,False
3105,7,478,startFixPeriod,1764348914.0096207,2763.854932308197,False
3106,7,478,TargetPresentation,1764348915.3142438,2765.159557580948,False
3107,7,478,TargetDisplacement,1764348915.466676,2765.311986923218,True
3108,7,478,LeftResponse,1764348916.362032,2766.207342863083,False
3109,7,479,FeedbackPeriodStarted,1764348916.3896027,2766.23491358757,False
3110,7,479,startFixDisplay,1764348916.3896506,2766.2349610328674,False
3111,7,479,startFixPeriod,1764348916.6673217,2766.5126361846924,False
3112,7,479,TargetPresentation,1764348917.9372327,2767.782548904419,False
3113,7,479,TargetRemoval,1764348918.1451468,2767.9904577732086,True
3114,7,479,TargetReappeared,1764348918.3950062,2768.240317106247,False
3115,7,479,RightResponse,1764348918.7768614,2768.6221718788147,False
3116,7,480,FeedbackPeriodStarted,1764348918.8043897,2768.6497008800507,False
3117,7,480,startFixDisplay,1764348918.8044472,2768.6497581005096,False
3118,7,480,startFixPeriod,1764348918.9639976,2768.8093082904816,False
3119,7,480,TargetPresentation,1764348919.567846,2769.413161277771,False
3120,7,480,TargetRemoval,1764348919.7412179,2769.5865290164948,True
3121,7,480,TargetReappeared,1764348919.9910219,2769.836332798004,False
3122,7,480,RightResponse,1764348920.442473,2770.2877860069275,False
3123,7,480,FeedbackPeriodStarted,1764348920.456098,2770.3014125823975,False
3124,7,481,startFixDisplay,1764348922.475147,2772.320458173752,False
3125,7,481,startFixPeriod,1764348922.5238655,2772.3691799640656,False
3126,7,481,TargetPresentation,1764348923.8976839,2773.742994785309,False
3127,7,481,TargetRemoval,1764348924.064245,2773.909555912018,True
3128,7,481,TargetReappeared,1764348924.3141532,2774.1594684123993,False
3129,7,481,LeftResponse,1764348924.6957505,2774.54106092453,False
3130,7,482,FeedbackPeriodStarted,1764348924.7234402,2774.5687515735626,False
3131,7,482,startFixDisplay,1764348924.7234988,2774.5688092708588,False
3132,7,482,startFixPeriod,1764348924.9802976,2774.8256120681763,False
3133,7,482,TargetPresentation,1764348926.2500093,2776.0953211784363,False
3134,7,482,TargetDisplacement,1764348926.4373472,2776.2826585769653,True
3135,7,482,RightResponse,1764348927.027622,2776.872932910919,False
3136,7,483,FeedbackPeriodStarted,1764348927.0549014,2776.9002125263214,False
3137,7,483,startFixDisplay,1764348927.0549595,2776.900270462036,False
3138,7,483,startFixPeriod,1764348927.2424502,2777.0877647399902,False
3139,7,483,TargetPresentation,1764348928.6649582,2778.5102713108063,False
3140,7,483,TargetRemoval,1764348928.914586,2778.7598972320557,True
3141,7,483,TargetReappeared,1764348929.1645093,2779.009819984436,False
3142,7,483,RightResponse,1764348929.7057416,2779.5510523319244,False
3143,7,484,FeedbackPeriodStarted,1764348929.733541,2779.578857421875,False
3144,7,484,startFixDisplay,1764348929.7337422,2779.579055786133,False
3145,7,484,startFixPeriod,1764348930.260759,2780.106069803238,False
3146,7,484,TargetPresentation,1764348930.7950609,2780.6403720378876,False
3147,7,484,TargetDisplacement,1764348930.95475,2780.800061225891,True
3148,7,484,LeftResponse,1764348932.0446086,2781.889919281006,False
3149,7,485,FeedbackPeriodStarted,1764348932.0717864,2781.9170978069305,False
3150,7,485,startFixDisplay,1764348932.0718434,2781.9171538352966,False
3151,7,485,startFixPeriod,1764348932.3980825,2782.243395805359,False
3152,7,485,TargetPresentation,1764348933.6541247,2783.4994399547577,False
3153,7,485,TargetDisplacement,1764348933.8068647,2783.6521797180176,True
3154,7,485,RightResponse,1764348934.9031427,2784.7484533786774,False
3155,7,486,FeedbackPeriodStarted,1764348934.9307868,2784.77610039711,False
3156,7,486,startFixDisplay,1764348934.9309225,2784.7762348651886,False
3157,7,486,startFixPeriod,1764348935.118255,2784.9635696411133,False
3158,7,486,TargetPresentation,1764348936.6032193,2786.4485337734222,False
3159,7,486,TargetDisplacement,1764348936.7836027,2786.628917694092,True
3160,7,486,LeftResponse,1764348937.5398636,2787.3851747512817,False
3161,7,486,FeedbackPeriodStarted,1764348937.546725,2787.3920361995697,False
3162,7,487,startFixDisplay,1764348939.565938,2789.4112491607666,False
3163,7,487,startFixPeriod,1764348939.7812533,2789.6265676021576,False
3164,7,487,TargetPresentation,1764348940.3293853,2790.1746969223022,False
3165,7,487,TargetDisplacement,1764348940.8080444,2790.6533551216125,True
3166,7,487,LeftResponse,1764348941.419074,2791.2643871307373,False
3167,7,488,FeedbackPeriodStarted,1764348941.4394884,2791.284799337387,False
3168,7,488,startFixDisplay,1764348941.4395351,2791.2848455905914,False
3169,7,488,startFixPeriod,1764348941.8283024,2791.673617362976,False
3170,7,488,TargetPresentation,1764348943.056456,2792.9017679691315,False
3171,7,488,TargetRemoval,1764348943.2229648,2793.0682756900787,True
3172,7,488,TargetReappeared,1764348943.472865,2793.3181784152985,False
3173,7,488,RightResponse,1764348943.9029891,2793.748300075531,False
3174,7,489,FeedbackPeriodStarted,1764348943.930772,2793.7760870456696,False
3175,7,489,startFixDisplay,1764348943.9308963,2793.776206970215,False
3176,7,489,startFixPeriod,1764348944.1111572,2793.9564690589905,False
3177,7,489,TargetPresentation,1764348944.8327065,2794.678017616272,False
3178,7,489,TargetRemoval,1764348944.9298277,2794.7751383781433,True
3179,7,489,TargetReappeared,1764348945.1796856,2795.0249967575073,False
3180,7,489,LeftResponse,1764348945.6033726,2795.4486854076385,False
3181,7,490,FeedbackPeriodStarted,1764348945.6306698,2795.4759805202484,False
3182,7,490,startFixDisplay,1764348945.6307163,2795.4760270118713,False
3183,7,490,startFixPeriod,1764348945.8042257,2795.649537086487,False
3184,7,490,TargetPresentation,1764348947.289382,2797.1346962451935,False
3185,7,490,TargetDisplacement,1764348947.4278762,2797.2731869220734,True
3186,7,490,LeftResponse,1764348948.1081245,2797.9534356594086,False
3187,7,491,FeedbackPeriodStarted,1764348948.1357603,2797.981071472168,False
3188,7,491,startFixDisplay,1764348948.13581,2797.9811203479767,False
3189,7,491,startFixPeriod,1764348948.441203,2798.2865166664124,False
3190,7,491,TargetPresentation,1764348949.2528937,2799.0982053279877,False
3191,7,491,TargetRemoval,1764348949.5165246,2799.3618352413177,True
3192,7,491,TargetReappeared,1764348949.7663717,2799.6116831302643,False
3193,7,491,RightResponse,1764348950.3149881,2800.160300731659,False
3194,7,492,FeedbackPeriodStarted,1764348950.3424702,2800.1877846717834,False
3195,7,492,startFixDisplay,1764348950.3426325,2800.18794465065,False
3196,7,492,startFixPeriod,1764348950.5853112,2800.4306247234344,False
3197,7,492,TargetPresentation,1764348951.6677248,2801.5130355358124,False
3198,7,492,TargetDisplacement,1764348951.86192,2801.7072308063507,True
3199,7,492,LeftResponse,1764348952.5352921,2802.380603790283,False
3200,7,492,FeedbackPeriodStarted,1764348952.5419374,2802.3872480392456,False
3201,7,493,startFixDisplay,1764348954.554256,2804.399567127228,False
3202,7,493,startFixPeriod,1764348954.6098614,2804.4551725387573,False
3203,7,493,TargetPresentation,1764348955.8172638,2805.6625747680664,False
3204,7,493,TargetRemoval,1764348955.9907064,2805.8360176086426,True
3205,7,493,TargetReappeared,1764348956.2405872,2806.0858991146088,False
3206,7,493,LeftResponse,1764348956.7472167,2806.592527627945,False
3207,7,494,FeedbackPeriodStarted,1764348956.7747493,2806.620060443878,False
3208,7,494,startFixDisplay,1764348956.7748048,2806.62011551857,False
3209,7,494,startFixPeriod,1764348956.9691052,2806.8144166469574,False
3210,7,494,TargetPresentation,1764348957.7185144,2807.563825368881,False
3211,7,494,TargetDisplacement,1764348957.8642392,2807.709550142288,True
3212,7,494,LeftResponse,1764348958.8567646,2808.702075481415,False
3213,7,495,FeedbackPeriodStarted,1764348958.8843532,2808.7296681404114,False
3214,7,495,startFixDisplay,1764348958.884523,2808.729836702347,False
3215,7,495,startFixPeriod,1764348959.2243757,2809.069687128067,False
3216,7,495,TargetPresentation,1764348960.6053004,2810.450614929199,False
3217,7,495,TargetRemoval,1764348960.750882,2810.5961928367615,True
3218,7,495,TargetReappeared,1764348961.000836,2810.8461599349976,False
3219,7,495,LeftResponse,1764348961.4036212,2811.2489318847656,False
3220,7,496,FeedbackPeriodStarted,1764348961.4310265,2811.2763419151306,False
3221,7,496,startFixDisplay,1764348961.4312062,2811.2765204906464,False
3222,7,496,startFixPeriod,1764348961.6529896,2811.498300552368,False
3223,7,496,TargetPresentation,1764348963.047739,2812.893049955368,False
3224,7,496,TargetRemoval,1764348963.179584,2813.024894952774,True
3225,7,496,TargetReappeared,1764348963.4295957,2813.274912595749,False
3226,7,496,LeftResponse,1764348963.9639997,2813.8093116283417,False
3227,7,497,FeedbackPeriodStarted,1764348963.9984417,2813.84375667572,False
3228,7,497,startFixDisplay,1764348963.9985268,2813.8438372612,False
3229,7,497,startFixPeriod,1764348964.484216,2814.329530239105,False
3230,7,497,TargetPresentation,1764348965.1225078,2814.96781873703,False
3231,7,497,TargetDisplacement,1764348965.2750702,2815.1203808784485,True
3232,7,497,RightResponse,1764348966.268039,2816.1133501529694,False
3233,7,498,FeedbackPeriodStarted,1764348966.2951596,2816.1404705047607,False
3234,7,498,startFixDisplay,1764348966.2952144,2816.140524864197,False
3235,7,498,startFixPeriod,1764348966.572817,2816.4181287288666,False
3236,7,498,TargetPresentation,1764348967.502584,2817.347895383835,False
3237,7,498,TargetDisplacement,1764348967.6552556,2817.5005667209625,True
3238,7,498,RightResponse,1764348968.6827776,2818.528091430664,False
3239,7,498,FeedbackPeriodStarted,1764348968.6891727,2818.5344836711884,False
3240,7,499,startFixDisplay,1764348970.7014835,2820.5467970371246,False
3241,7,499,startFixPeriod,1764348970.7223086,2820.567620038986,False
3242,7,499,TargetPresentation,1764348971.596664,2821.4419751167297,False
3243,7,499,TargetRemoval,1764348971.7631657,2821.6084768772125,True
3244,7,499,TargetReappeared,1764348972.0129337,2821.858244419098,False
3245,7,499,RightResponse,1764348972.901758,2822.747069120407,False
3246,7,500,FeedbackPeriodStarted,1764348972.929044,2822.7743606567383,False
3247,7,500,startFixDisplay,1764348972.9292262,2822.7745399475098,False
3248,7,500,startFixPeriod,1764348973.1301494,2822.975460290909,False
3249,7,500,TargetPresentation,1764348974.4069378,2824.2522492408752,False
3250,7,500,TargetDisplacement,1764348974.8787713,2824.72408246994,True
3251,7,500,RightResponse,1764348975.6496139,2825.494929075241,False
3252,7,501,FeedbackPeriodStarted,1764348975.6766808,2825.5219917297363,False
3253,7,501,startFixDisplay,1764348975.6767356,2825.522046327591,False
3254,7,501,startFixPeriod,1764348975.871075,2825.716385602951,False
3255,7,501,TargetPresentation,1764348977.3491917,2827.194506883621,False
3256,7,501,TargetDisplacement,1764348977.515678,2827.3609895706177,True
3257,7,501,LeftResponse,1764348978.2512834,2828.09659409523,False
3258,7,502,FeedbackPeriodStarted,1764348978.279006,2828.1243209838867,False
3259,7,502,startFixDisplay,1764348978.279178,2828.1244916915894,False
3260,7,502,startFixPeriod,1764348978.4594367,2828.304750442505,False
3261,7,502,TargetPresentation,1764348979.3962426,2829.2415573596954,False
3262,7,502,TargetDisplacement,1764348979.5556748,2829.400985956192,True
3263,7,502,LeftResponse,1764348980.1737173,2830.0190284252167,False
3264,7,503,FeedbackPeriodStarted,1764348980.2009792,2830.046290397644,False
3265,7,503,startFixDisplay,1764348980.2010345,2830.0463452339172,False
3266,7,503,startFixPeriod,1764348980.4577832,2830.3030953407288,False
3267,7,503,TargetPresentation,1764348981.8386178,2831.683928489685,False
3268,7,503,TargetDisplacement,1764348982.0122828,2831.8575994968414,True
3269,7,503,LeftResponse,1764348982.67142,2832.516731262207,False
3270,7,504,FeedbackPeriodStarted,1764348982.698999,2832.5443098545074,False
3271,7,504,startFixDisplay,1764348982.699048,2832.5443584918976,False
3272,7,504,startFixPeriod,1764348982.9003117,2832.745624065399,False
3273,7,504,TargetPresentation,1764348983.8788636,2833.724177122116,False
3274,7,504,TargetRemoval,1764348984.3505967,2834.195907354355,True
3275,7,504,TargetReappeared,1764348984.600457,2834.445770263672,False
3276,7,504,RightResponse,1764348985.1976607,2835.0429739952087,False
3277,7,504,FeedbackPeriodStarted,1764348985.2040136,2835.049325466156,False
3278,7,505,startFixDisplay,1764348987.2162795,2837.0615904331207,False
3279,7,505,startFixPeriod,1764348987.2232435,2837.068554162979,False
3280,7,505,TargetPresentation,1764348988.2016683,2838.0469789505005,False
3281,7,505,TargetRemoval,1764348988.3474824,2838.192795753479,True
3282,7,505,TargetReappeared,1764348988.5973194,2838.442632675171,False
3283,7,505,LeftResponse,1764348989.1038668,2838.9491777420044,False
3284,7,506,FeedbackPeriodStarted,1764348989.1314642,2838.9767751693726,False
3285,7,506,startFixDisplay,1764348989.1315198,2838.976830482483,False
3286,7,506,startFixPeriod,1764348989.31207,2839.157383441925,False
3287,7,506,TargetPresentation,1764348990.1169298,2839.9622416496277,False
3288,7,506,TargetRemoval,1764348990.4154246,2840.260738134384,True
3289,7,506,TargetReappeared,1764348990.665092,2840.510403394699,False
3290,7,506,RightResponse,1764348991.3732662,2841.218579053879,False
3291,7,507,FeedbackPeriodStarted,1764348991.4005146,2841.2458255290985,False
3292,7,507,startFixDisplay,1764348991.4005752,2841.2458860874176,False
3293,7,507,startFixPeriod,1764348991.5949287,2841.440239429474,False
3294,7,507,TargetPresentation,1764348992.1777658,2842.0230770111084,False
3295,7,507,TargetDisplacement,1764348992.4483612,2842.293672323227,True
3296,7,507,LeftResponse,1764348993.322746,2843.1680567264557,False
3297,7,508,FeedbackPeriodStarted,1764348993.3434439,2843.1887550354004,False
3298,7,508,startFixDisplay,1764348993.3434932,2843.1888036727905,False
3299,7,508,startFixPeriod,1764348993.56566,2843.4109711647034,False
3300,7,508,TargetPresentation,1764348994.4192386,2844.264552116394,False
3301,7,508,TargetDisplacement,1764348994.5787528,2844.4240658283234,True
3302,7,508,LeftResponse,1764348995.3560638,2845.201375246048,False
3303,7,509,FeedbackPeriodStarted,1764348995.383655,2845.2289683818817,False
3304,7,509,startFixDisplay,1764348995.3837838,2845.22909617424,False
3305,7,509,startFixPeriod,1764348995.6126688,2845.457981109619,False
3306,7,509,TargetPresentation,1764348996.9240618,2846.7693724632263,False
3307,7,509,TargetDisplacement,1764348997.0767536,2846.9220650196075,True
3308,7,509,LeftResponse,1764348997.8747878,2847.720098733902,False
3309,7,510,FeedbackPeriodStarted,1764348997.8954678,2847.7407789230347,False
3310,7,510,startFixDisplay,1764348997.895523,2847.740833759308,False
3311,7,510,startFixPeriod,1764348998.1246805,2847.969993829727,False
3312,7,510,TargetPresentation,1764348999.3388524,2849.1841633319855,False
3313,7,510,TargetDisplacement,1764348999.484639,2849.329950094223,True
3314,7,510,RightResponse,1764349000.6509042,2850.4962153434753,False
3315,7,510,FeedbackPeriodStarted,1764349000.6574454,2850.5027599334717,False
3316,7,511,startFixDisplay,1764349002.6766331,2852.5219490528107,False
3317,7,511,startFixPeriod,1764349002.6836133,2852.5289254188538,False
3318,7,511,TargetPresentation,1764349004.1476777,2853.992988586426,False
3319,7,511,TargetDisplacement,1764349004.2934644,2854.1387791633606,True
3320,7,511,RightResponse,1764349005.2024174,2855.047728061676,False
3321,7,512,FeedbackPeriodStarted,1764349005.2300498,2855.0753614902496,False
3322,7,512,startFixDisplay,1764349005.2301257,2855.075436592102,False
3323,7,512,startFixPeriod,1764349005.4523125,2855.2976274490356,False
3324,7,512,TargetPresentation,1764349006.58329,2856.4286031723022,False
3325,7,512,TargetDisplacement,1764349006.7288768,2856.574187517166,True
3326,7,512,LeftResponse,1764349007.311934,2857.1572449207306,False
3327,7,513,FeedbackPeriodStarted,1764349007.3395035,2857.1848146915436,False
3328,7,513,startFixDisplay,1764349007.3395586,2857.1848695278168,False
3329,7,513,startFixPeriod,1764349007.6102154,2857.4555265903473,False
3330,7,513,TargetPresentation,1764349008.137578,2857.9828894138336,False
3331,7,513,TargetDisplacement,1764349008.630371,2858.4756858348846,True
3332,7,513,LeftResponse,1764349009.213171,2859.058481693268,False
3333,7,514,FeedbackPeriodStarted,1764349009.240799,2859.0861098766327,False
3334,7,514,startFixDisplay,1764349009.2408533,2859.08616399765,False
3335,7,514,startFixPeriod,1764349009.511473,2859.3567843437195,False
3336,7,514,TargetPresentation,1764349010.2955995,2860.1409106254578,False
3337,7,514,TargetDisplacement,1764349010.455272,2860.300585269928,True
3338,7,514,LeftResponse,1764349010.975706,2860.8210170269012,False
3339,7,515,FeedbackPeriodStarted,1764349011.0033162,2860.8486268520355,False
3340,7,515,startFixDisplay,1764349011.0033627,2860.84867310524,False
3341,7,515,startFixPeriod,1764349011.2332308,2861.078548669815,False
3342,7,515,TargetPresentation,1764349011.9957006,2861.8410115242004,False
3343,7,515,TargetDisplacement,1764349012.148484,2861.993798494339,True
3344,7,515,LeftResponse,1764349013.1546416,2862.999952316284,False
3345,7,516,FeedbackPeriodStarted,1764349013.182263,2863.0275762081146,False
3346,7,516,startFixDisplay,1764349013.1823895,2863.0277020931244,False
3347,7,516,startFixPeriod,1764349013.4667413,2863.3120527267456,False
3348,7,516,TargetPresentation,1764349014.417516,2864.262830734253,False
3349,7,516,TargetDisplacement,1764349014.5769722,2864.4222831726074,True
3350,7,516,RightResponse,1764349015.4587297,2865.3040404319763,False
3351,7,516,FeedbackPeriodStarted,1764349015.4653122,2865.3106269836426,False
3352,7,517,startFixDisplay,1764349017.4843764,2867.3296875953674,False
3353,7,517,startFixPeriod,1764349017.5468864,2867.3921971321106,False
3354,7,517,TargetPresentation,1764349018.7334929,2868.5788037776947,False
3355,7,517,TargetRemoval,1764349018.9138753,2868.759186267853,True
3356,7,517,TargetReappeared,1764349019.163691,2869.009001970291,False
3357,7,517,RightResponse,1764349019.6842651,2869.5295758247375,False
3358,7,518,FeedbackPeriodStarted,1764349019.7118895,2869.557202577591,False
3359,7,518,startFixDisplay,1764349019.712011,2869.557323217392,False
3360,7,518,startFixPeriod,1764349019.892273,2869.7375841140747,False
3361,7,518,TargetPresentation,1764349020.863777,2870.7090878486633,False
3362,7,518,TargetDisplacement,1764349021.127364,2870.9726746082306,True
3363,7,518,LeftResponse,1764349022.1477852,2871.9930958747864,False
3364,7,519,FeedbackPeriodStarted,1764349022.1752484,2872.020561695099,False
3365,7,519,startFixDisplay,1764349022.1753714,2872.0206837654114,False
3366,7,519,startFixPeriod,1764349022.4460166,2872.2913312911987,False
3367,7,519,TargetPresentation,1764349023.486691,2873.3320019245148,False
3368,7,519,TargetRemoval,1764349023.6324623,2873.4777734279633,True
3369,7,519,TargetReappeared,1764349023.882358,2873.727672815323,False
3370,7,519,LeftResponse,1764349024.208409,2874.053719997406,False
3371,7,520,FeedbackPeriodStarted,1764349024.236059,2874.08137011528,False
3372,7,520,startFixDisplay,1764349024.2361119,2874.081422805786,False
3373,7,520,startFixPeriod,1764349024.506734,2874.3520448207855,False
3374,7,520,TargetPresentation,1764349025.8459466,2875.691257715225,False
3375,7,520,TargetDisplacement,1764349025.998712,2875.844022989273,True
3376,7,520,LeftResponse,1764349026.5469882,2876.3922986984253,False
3377,7,521,FeedbackPeriodStarted,1764349026.567646,2876.4129569530487,False
3378,7,521,startFixDisplay,1764349026.5677044,2876.4130148887634,False
3379,7,521,startFixPeriod,1764349026.7828007,2876.628111600876,False
3380,7,521,TargetPresentation,1764349027.4558551,2877.3011662960052,False
3381,7,521,TargetDisplacement,1764349027.636304,2877.481616973877,True
3382,7,521,LeftResponse,1764349028.2750795,2878.1203923225403,False
3383,7,522,FeedbackPeriodStarted,1764349028.3024147,2878.147728204727,False
3384,7,522,startFixDisplay,1764349028.3025439,2878.147856235504,False
3385,7,522,startFixPeriod,1764349028.4827876,2878.328099012375,False
3386,7,522,TargetPresentation,1764349029.3295271,2879.1748406887054,False
3387,7,522,TargetDisplacement,1764349029.3363023,2879.181613922119,True
3388,7,522,RightResponse,1764349030.5649953,2880.4103078842163,False
3389,7,522,FeedbackPeriodStarted,1764349030.5713499,2880.4166605472565,False
3390,7,523,startFixDisplay,1764349032.5836823,2882.4289932250977,False
3391,7,523,startFixPeriod,1764349032.8752997,2882.720613002777,False
3392,7,523,TargetPresentation,1764349033.6801598,2883.525470495224,False
3393,7,523,TargetDisplacement,1764349033.8257997,2883.671110391617,True
3394,7,523,LeftResponse,1764349034.3814447,2884.226757287979,False
3395,7,524,FeedbackPeriodStarted,1764349034.408685,2884.2539961338043,False
3396,7,524,startFixDisplay,1764349034.4087355,2884.254046201706,False
3397,7,524,startFixPeriod,1764349034.6726758,2884.517993450165,False
3398,7,524,TargetPresentation,1764349035.7064545,2885.5517678260803,False
3399,7,524,TargetDisplacement,1764349036.282217,2886.1275277137756,True
3400,7,524,LeftResponse,1764349036.629335,2886.4746458530426,False
3401,7,525,FeedbackPeriodStarted,1764349036.6570914,2886.502404689789,False
3402,7,525,startFixDisplay,1764349036.6572263,2886.5025384426117,False
3403,7,525,startFixPeriod,1764349036.9346535,2886.779964208603,False
3404,7,525,TargetPresentation,1764349038.3572152,2888.2025289535522,False
3405,7,525,TargetDisplacement,1764349038.5096502,2888.354961156845,True
3406,7,525,RightResponse,1764349039.30081,2889.1461210250854,False
3407,7,526,FeedbackPeriodStarted,1764349039.3284671,2889.17377781868,False
3408,7,526,startFixDisplay,1764349039.328515,2889.1738255023956,False
3409,7,526,startFixPeriod,1764349039.522791,2889.368102312088,False
3410,7,526,TargetPresentation,1764349040.778829,2890.6241405010223,False
3411,7,526,TargetRemoval,1764349040.9314928,2890.7768034934998,True
3412,7,526,TargetReappeared,1764349041.1813397,2891.0266528129578,False
3413,7,526,RightResponse,1764349041.729488,2891.5747985839844,False
3414,7,527,FeedbackPeriodStarted,1764349041.7571044,2891.602416038513,False
3415,7,527,startFixDisplay,1764349041.7571585,2891.602468729019,False
3416,7,527,startFixPeriod,1764349042.0069594,2891.85227060318,False
3417,7,527,TargetPresentation,1764349043.4226477,2893.2679586410522,False
3418,7,527,TargetRemoval,1764349043.5753736,2893.4206898212433,True
3419,7,527,TargetReappeared,1764349043.8249712,2893.6702818870544,False
3420,7,527,LeftResponse,1764349044.2487357,2894.0940487384796,False
3421,7,527,FeedbackPeriodStarted,1764349044.296822,2894.1421327590942,False
